application_id,customer_id,requested_amount,tenure_months,purpose,submitted_at,channel
APP200000,CUS100000,215000,24,EDUCATION,2026-10-23 17:28:00,MOBILE
APP200001,CUS100001,871000,36,MEDICAL,2026-06-11 03:22:00,MOBILE
APP200002,CUS100002,281000,36,HOME_RENOVATION,2026-01-27 11:03:00,WEB
APP200003,CUS100003,341000,60,DEBT_CONSOLIDATION,2026-08-29 20:16:00,MOBILE
APP200004,CUS100004,372000,36,TRAVEL,2026-11-12 00:49:00,MOBILE
APP200005,CUS100005,338000,36,MEDICAL,2026-05-31 19:56:00,WEB
APP200006,CUS100006,588000,18,MEDICAL,2026-12-16 16:28:00,MOBILE
APP200007,CUS100007,509000,36,TRAVEL,2026-11-28 03:04:00,MOBILE
APP200008,CUS100008,251000,24,DEBT_CONSOLIDATION,2026-04-13 13:33:00,WEB
APP200009,CUS100009,660000,48,OTHER,2026-12-11 19:56:00,WEB
APP200010,CUS100010,164000,18,TRAVEL,2026-09-20 10:46:00,MOBILE
APP200011,CUS100011,304000,48,OTHER,2026-10-16 02:51:00,MOBILE
APP200012,CUS100012,829000,36,OTHER,2026-09-07 01:49:00,WEB
APP200013,CUS100013,298000,24,TRAVEL,2026-01-25 06:43:00,WEB
APP200014,CUS100014,622000,36,EDUCATION,2026-12-23 21:31:00,MOBILE
APP200015,CUS100015,413000,36,MEDICAL,2026-04-18 20:02:00,MOBILE
APP200016,CUS100016,263000,12,DEBT_CONSOLIDATION,2026-03-02 23:02:00,MOBILE
APP200017,CUS100017,304000,12,MEDICAL,2026-11-15 00:45:00,MOBILE
APP200018,CUS100018,972000,24,MEDICAL,2026-08-29 19:18:00,MOBILE
APP200019,CUS100019,218000,36,DEBT_CONSOLIDATION,2026-05-03 08:52:00,MOBILE
APP200020,CUS100020,817000,36,MEDICAL,2026-06-20 15:22:00,WEB
APP200021,CUS100021,390000,36,HOME_RENOVATION,2026-12-08 21:12:00,MOBILE
APP200022,CUS100022,294000,36,EDUCATION,2026-08-02 12:14:00,MOBILE
APP200023,CUS100023,489000,18,EDUCATION,2026-05-18 08:42:00,MOBILE
APP200024,CUS100024,283000,24,MEDICAL,2026-12-25 01:35:00,WEB
APP200025,CUS100025,317000,60,MEDICAL,2026-01-17 20:29:00,WEB
APP200026,CUS100026,613000,36,HOME_RENOVATION,2026-06-03 14:57:00,MOBILE
APP200027,CUS100027,397000,36,DEBT_CONSOLIDATION,2026-03-22 12:03:00,MOBILE
APP200028,CUS100028,437000,48,OTHER,2026-04-27 13:38:00,MOBILE
APP200029,CUS100029,480000,60,OTHER,2026-01-17 03:49:00,WEB
APP200030,CUS100030,646000,60,OTHER,2026-07-12 21:13:00,MOBILE
APP200031,CUS100031,433000,36,DEBT_CONSOLIDATION,2026-01-15 20:03:00,MOBILE
APP200032,CUS100032,305000,48,TRAVEL,2026-05-27 05:05:00,MOBILE
APP200033,CUS100033,206000,48,DEBT_CONSOLIDATION,2026-11-11 07:38:00,WEB
APP200034,CUS100034,585000,36,EDUCATION,2026-11-18 23:17:00,MOBILE
APP200035,CUS100035,341000,48,TRAVEL,2026-10-22 09:19:00,MOBILE
APP200036,CUS100036,197000,36,TRAVEL,2026-09-20 19:41:00,MOBILE
APP200037,CUS100037,861000,36,HOME_RENOVATION,2026-11-18 10:41:00,MOBILE
APP200038,CUS100038,673000,24,DEBT_CONSOLIDATION,2026-02-01 17:49:00,MOBILE
APP200039,CUS100039,268000,18,EDUCATION,2026-08-24 18:42:00,MOBILE
APP200040,CUS100040,389000,60,DEBT_CONSOLIDATION,2026-04-25 08:42:00,MOBILE
APP200041,CUS100041,388000,48,EDUCATION,2026-01-17 06:00:00,WEB
APP200042,CUS100042,654000,24,OTHER,2026-03-02 20:09:00,MOBILE
APP200043,CUS100043,506000,12,MEDICAL,2026-01-29 21:59:00,MOBILE
APP200044,CUS100044,1026000,36,TRAVEL,2026-02-24 13:50:00,MOBILE
APP200045,CUS100045,857000,60,DEBT_CONSOLIDATION,2026-10-15 03:48:00,MOBILE
APP200046,CUS100046,149000,36,OTHER,2026-09-30 19:40:00,MOBILE
APP200047,CUS100047,266000,24,EDUCATION,2026-01-15 21:09:00,MOBILE
APP200048,CUS100048,236000,36,EDUCATION,2026-08-25 05:57:00,WEB
APP200049,CUS100049,880000,24,MEDICAL,2026-04-15 15:30:00,MOBILE
APP200050,CUS100050,173000,36,OTHER,2026-08-31 00:46:00,MOBILE
APP200051,CUS100051,144000,48,MEDICAL,2026-01-23 20:21:00,MOBILE
APP200052,CUS100052,445000,60,DEBT_CONSOLIDATION,2026-09-06 05:43:00,MOBILE
APP200053,CUS100053,350000,36,TRAVEL,2026-08-14 12:10:00,MOBILE
APP200054,CUS100054,330000,18,MEDICAL,2026-01-06 13:03:00,WEB
APP200055,CUS100055,342000,36,MEDICAL,2026-06-23 06:13:00,MOBILE
APP200056,CUS100056,363000,36,EDUCATION,2026-05-31 18:28:00,MOBILE
APP200057,CUS100057,293000,18,DEBT_CONSOLIDATION,2026-03-22 15:16:00,MOBILE
APP200058,CUS100058,163000,36,TRAVEL,2026-06-07 13:07:00,MOBILE
APP200059,CUS100059,333000,48,HOME_RENOVATION,2026-09-07 06:49:00,MOBILE
APP200060,CUS100060,691000,18,OTHER,2026-11-19 02:44:00,MOBILE
APP200061,CUS100061,384000,48,HOME_RENOVATION,2026-09-12 23:22:00,MOBILE
APP200062,CUS100062,542000,48,HOME_RENOVATION,2026-01-19 19:04:00,MOBILE
APP200063,CUS100063,340000,36,OTHER,2026-09-25 03:34:00,WEB
APP200064,CUS100064,587000,24,HOME_RENOVATION,2026-04-17 20:08:00,WEB
APP200065,CUS100065,622000,48,EDUCATION,2026-05-12 04:24:00,WEB
APP200066,CUS100066,732000,48,HOME_RENOVATION,2026-09-04 02:18:00,MOBILE
APP200067,CUS100067,877000,48,DEBT_CONSOLIDATION,2026-02-28 03:45:00,WEB
APP200068,CUS100068,240000,36,OTHER,2026-02-01 02:42:00,WEB
APP200069,CUS100069,606000,12,MEDICAL,2026-04-02 16:47:00,MOBILE
APP200070,CUS100070,166000,24,TRAVEL,2026-11-27 15:03:00,MOBILE
APP200071,CUS100071,807000,24,EDUCATION,2026-06-16 05:51:00,MOBILE
APP200072,CUS100072,513000,24,TRAVEL,2026-08-25 01:29:00,WEB
APP200073,CUS100073,649000,24,HOME_RENOVATION,2026-05-25 11:45:00,WEB
APP200074,CUS100074,450000,60,TRAVEL,2026-10-13 15:58:00,MOBILE
APP200075,CUS100075,347000,48,EDUCATION,2026-07-01 07:13:00,WEB
APP200076,CUS100076,588000,60,OTHER,2026-05-27 02:54:00,MOBILE
APP200077,CUS100077,262000,24,TRAVEL,2026-02-02 23:17:00,WEB
APP200078,CUS100078,525000,48,DEBT_CONSOLIDATION,2026-05-29 22:21:00,MOBILE
APP200079,CUS100079,377000,36,DEBT_CONSOLIDATION,2026-10-15 22:54:00,MOBILE
APP200080,CUS100080,514000,36,MEDICAL,2026-09-25 09:47:00,WEB
APP200081,CUS100081,358000,24,EDUCATION,2026-10-21 17:09:00,WEB
APP200082,CUS100082,506000,36,OTHER,2026-03-24 04:31:00,MOBILE
APP200083,CUS100083,498000,36,TRAVEL,2026-12-19 12:45:00,MOBILE
APP200084,CUS100084,808000,36,DEBT_CONSOLIDATION,2026-09-06 16:00:00,MOBILE
APP200085,CUS100085,433000,48,TRAVEL,2026-09-26 08:35:00,WEB
APP200086,CUS100086,387000,24,OTHER,2026-01-12 23:58:00,MOBILE
APP200087,CUS100087,900000,36,DEBT_CONSOLIDATION,2026-03-09 09:07:00,WEB
APP200088,CUS100088,603000,48,DEBT_CONSOLIDATION,2026-08-08 07:40:00,MOBILE
APP200089,CUS100089,270000,48,MEDICAL,2026-04-08 21:11:00,MOBILE
APP200090,CUS100090,550000,12,TRAVEL,2026-09-14 17:47:00,MOBILE
APP200091,CUS100091,299000,12,EDUCATION,2026-10-03 23:49:00,MOBILE
APP200092,CUS100092,175000,48,HOME_RENOVATION,2026-03-18 05:48:00,WEB
APP200093,CUS100093,445000,36,MEDICAL,2026-05-12 17:27:00,WEB
APP200094,CUS100094,204000,24,EDUCATION,2026-12-03 02:45:00,WEB
APP200095,CUS100095,202000,36,EDUCATION,2026-12-04 01:00:00,MOBILE
APP200096,CUS100096,408000,12,OTHER,2026-12-28 13:32:00,MOBILE
APP200097,CUS100097,677000,60,EDUCATION,2026-11-24 04:01:00,MOBILE
APP200098,CUS100098,341000,24,EDUCATION,2026-01-17 18:12:00,WEB
APP200099,CUS100099,724000,18,HOME_RENOVATION,2026-09-23 14:50:00,MOBILE
APP200100,CUS100100,233000,12,DEBT_CONSOLIDATION,2026-05-22 02:35:00,WEB
APP200101,CUS100101,321000,12,MEDICAL,2026-07-25 08:19:00,WEB
APP200102,CUS100102,554000,48,DEBT_CONSOLIDATION,2026-08-28 02:20:00,MOBILE
APP200103,CUS100103,349000,36,HOME_RENOVATION,2026-07-28 07:04:00,MOBILE
APP200104,CUS100104,828000,12,HOME_RENOVATION,2026-03-04 02:08:00,WEB
APP200105,CUS100105,786000,36,HOME_RENOVATION,2026-02-10 02:54:00,MOBILE
APP200106,CUS100106,151000,48,TRAVEL,2026-03-17 21:37:00,MOBILE
APP200107,CUS100107,1313000,12,HOME_RENOVATION,2026-04-14 07:08:00,MOBILE
APP200108,CUS100108,500000,18,TRAVEL,2026-09-26 20:03:00,WEB
APP200109,CUS100109,260000,36,DEBT_CONSOLIDATION,2026-05-18 20:10:00,MOBILE
APP200110,CUS100110,939000,24,OTHER,2026-02-04 03:14:00,MOBILE
APP200111,CUS100111,182000,12,OTHER,2026-04-10 23:41:00,MOBILE
APP200112,CUS100112,160000,48,EDUCATION,2026-01-09 02:05:00,MOBILE
APP200113,CUS100113,917000,36,OTHER,2026-11-03 19:15:00,MOBILE
APP200114,CUS100114,481000,36,DEBT_CONSOLIDATION,2026-11-05 06:47:00,MOBILE
APP200115,CUS100115,516000,36,HOME_RENOVATION,2026-08-20 20:22:00,MOBILE
APP200116,CUS100116,312000,36,OTHER,2026-09-22 16:55:00,WEB
APP200117,CUS100117,586000,36,OTHER,2026-10-13 09:39:00,MOBILE
APP200118,CUS100118,1154000,36,TRAVEL,2026-07-25 04:28:00,WEB
APP200119,CUS100119,718000,24,EDUCATION,2026-10-21 19:11:00,MOBILE
APP200120,CUS100120,535000,48,EDUCATION,2026-05-02 15:30:00,WEB
APP200121,CUS100121,161000,18,EDUCATION,2026-08-14 07:40:00,WEB
APP200122,CUS100122,329000,12,EDUCATION,2026-07-24 00:29:00,MOBILE
APP200123,CUS100123,415000,36,HOME_RENOVATION,2026-03-21 10:33:00,WEB
APP200124,CUS100124,713000,48,TRAVEL,2026-10-23 06:10:00,MOBILE
APP200125,CUS100125,142000,48,DEBT_CONSOLIDATION,2026-02-18 14:48:00,WEB
APP200126,CUS100126,274000,12,EDUCATION,2026-04-23 21:05:00,WEB
APP200127,CUS100127,467000,60,OTHER,2026-07-09 14:21:00,MOBILE
APP200128,CUS100128,270000,24,EDUCATION,2026-07-22 12:34:00,MOBILE
APP200129,CUS100129,440000,36,OTHER,2026-10-07 07:02:00,MOBILE
APP200130,CUS100130,404000,24,OTHER,2026-01-26 19:19:00,MOBILE
APP200131,CUS100131,509000,24,OTHER,2026-09-03 10:45:00,MOBILE
APP200132,CUS100132,727000,36,MEDICAL,2026-07-24 02:45:00,MOBILE
APP200133,CUS100133,401000,36,EDUCATION,2026-04-12 18:46:00,MOBILE
APP200134,CUS100134,322000,36,MEDICAL,2026-12-31 06:22:00,WEB
APP200135,CUS100135,1926000,18,DEBT_CONSOLIDATION,2026-11-08 11:29:00,MOBILE
APP200136,CUS100136,1382000,36,OTHER,2026-01-05 19:08:00,MOBILE
APP200137,CUS100137,354000,36,HOME_RENOVATION,2026-09-30 06:20:00,MOBILE
APP200138,CUS100138,1173000,36,EDUCATION,2026-08-27 04:38:00,WEB
APP200139,CUS100139,743000,60,HOME_RENOVATION,2026-07-01 03:33:00,MOBILE
APP200140,CUS100140,469000,48,MEDICAL,2026-12-18 17:32:00,WEB
APP200141,CUS100141,385000,48,HOME_RENOVATION,2026-07-01 09:19:00,MOBILE
APP200142,CUS100142,509000,36,EDUCATION,2026-04-27 07:58:00,MOBILE
APP200143,CUS100143,567000,36,TRAVEL,2026-05-18 04:33:00,WEB
APP200144,CUS100144,319000,60,TRAVEL,2026-11-12 22:50:00,WEB
APP200145,CUS100145,764000,36,HOME_RENOVATION,2026-02-11 08:58:00,MOBILE
APP200146,CUS100146,330000,36,DEBT_CONSOLIDATION,2026-03-19 09:21:00,MOBILE
APP200147,CUS100147,484000,36,EDUCATION,2026-03-14 06:42:00,WEB
APP200148,CUS100148,122000,60,HOME_RENOVATION,2026-10-14 01:40:00,MOBILE
APP200149,CUS100149,221000,12,MEDICAL,2026-03-03 02:37:00,MOBILE
APP200150,CUS100150,297000,24,MEDICAL,2026-04-28 10:20:00,WEB
APP200151,CUS100151,689000,48,HOME_RENOVATION,2026-03-15 00:15:00,MOBILE
APP200152,CUS100152,396000,18,DEBT_CONSOLIDATION,2026-04-23 18:21:00,MOBILE
APP200153,CUS100153,151000,36,TRAVEL,2026-09-03 02:59:00,MOBILE
APP200154,CUS100154,401000,36,OTHER,2026-06-27 04:09:00,WEB
APP200155,CUS100155,646000,18,HOME_RENOVATION,2026-06-15 06:04:00,MOBILE
APP200156,CUS100156,513000,24,EDUCATION,2026-12-06 03:49:00,WEB
APP200157,CUS100157,1130000,24,OTHER,2026-12-04 22:52:00,MOBILE
APP200158,CUS100158,1011000,48,EDUCATION,2026-01-24 11:51:00,WEB
APP200159,CUS100159,319000,36,TRAVEL,2026-05-15 21:41:00,MOBILE
APP200160,CUS100160,822000,36,EDUCATION,2026-07-24 14:32:00,MOBILE
APP200161,CUS100161,446000,60,OTHER,2026-07-16 15:04:00,MOBILE
APP200162,CUS100162,637000,36,OTHER,2026-08-30 15:58:00,MOBILE
APP200163,CUS100163,276000,60,DEBT_CONSOLIDATION,2026-02-05 09:13:00,MOBILE
APP200164,CUS100164,414000,36,TRAVEL,2026-04-23 08:36:00,MOBILE
APP200165,CUS100165,1043000,48,DEBT_CONSOLIDATION,2026-02-05 08:23:00,MOBILE
APP200166,CUS100166,291000,24,EDUCATION,2026-12-29 07:10:00,MOBILE
APP200167,CUS100167,320000,24,TRAVEL,2026-03-05 10:04:00,MOBILE
APP200168,CUS100168,402000,48,EDUCATION,2026-07-26 12:28:00,MOBILE
APP200169,CUS100169,445000,48,DEBT_CONSOLIDATION,2026-09-11 06:10:00,WEB
APP200170,CUS100170,163000,36,TRAVEL,2026-12-28 08:28:00,WEB
APP200171,CUS100171,505000,18,DEBT_CONSOLIDATION,2026-09-08 03:59:00,MOBILE
APP200172,CUS100172,635000,36,TRAVEL,2026-06-07 18:35:00,WEB
APP200173,CUS100173,421000,24,EDUCATION,2026-05-23 02:46:00,MOBILE
APP200174,CUS100174,321000,36,TRAVEL,2026-06-12 06:51:00,MOBILE
APP200175,CUS100175,610000,24,OTHER,2026-11-02 02:14:00,MOBILE
APP200176,CUS100176,127000,48,OTHER,2026-10-10 14:36:00,MOBILE
APP200177,CUS100177,484000,12,DEBT_CONSOLIDATION,2026-12-10 04:20:00,WEB
APP200178,CUS100178,448000,36,MEDICAL,2026-08-26 23:19:00,MOBILE
APP200179,CUS100179,197000,18,TRAVEL,2026-12-03 00:35:00,WEB
APP200180,CUS100180,459000,48,TRAVEL,2026-12-29 02:51:00,MOBILE
APP200181,CUS100181,326000,36,MEDICAL,2026-07-24 20:45:00,MOBILE
APP200182,CUS100182,950000,48,EDUCATION,2026-09-22 22:24:00,WEB
APP200183,CUS100183,677000,36,OTHER,2026-03-18 11:29:00,MOBILE
APP200184,CUS100184,588000,48,OTHER,2026-12-23 08:34:00,MOBILE
APP200185,CUS100185,369000,60,HOME_RENOVATION,2026-05-19 11:18:00,MOBILE
APP200186,CUS100186,1183000,18,MEDICAL,2026-09-20 12:53:00,MOBILE
APP200187,CUS100187,167000,18,EDUCATION,2026-07-04 07:03:00,WEB
APP200188,CUS100188,354000,36,TRAVEL,2026-01-20 16:22:00,MOBILE
APP200189,CUS100189,249000,18,EDUCATION,2026-05-18 00:33:00,WEB
APP200190,CUS100190,312000,48,EDUCATION,2026-12-06 00:17:00,MOBILE
APP200191,CUS100191,404000,48,HOME_RENOVATION,2026-02-17 19:05:00,WEB
APP200192,CUS100192,335000,48,TRAVEL,2026-04-29 09:20:00,MOBILE
APP200193,CUS100193,443000,36,EDUCATION,2026-04-02 04:34:00,MOBILE
APP200194,CUS100194,437000,60,OTHER,2026-06-27 00:36:00,MOBILE
APP200195,CUS100195,279000,36,EDUCATION,2026-09-25 08:23:00,WEB
APP200196,CUS100196,299000,48,EDUCATION,2026-01-10 08:22:00,WEB
APP200197,CUS100197,282000,48,TRAVEL,2026-04-22 12:53:00,MOBILE
APP200198,CUS100198,701000,36,MEDICAL,2026-07-08 03:35:00,WEB
APP200199,CUS100199,397000,36,OTHER,2026-05-13 23:19:00,WEB
APP200200,CUS100200,377000,48,EDUCATION,2026-10-20 11:02:00,WEB
APP200201,CUS100201,262000,48,MEDICAL,2026-11-09 18:11:00,WEB
APP200202,CUS100202,490000,36,HOME_RENOVATION,2026-02-05 06:34:00,WEB
APP200203,CUS100203,1134000,60,MEDICAL,2026-07-21 16:33:00,WEB
APP200204,CUS100204,662000,36,TRAVEL,2026-04-08 19:50:00,WEB
APP200205,CUS100205,407000,60,MEDICAL,2026-03-03 11:36:00,MOBILE
APP200206,CUS100206,277000,36,EDUCATION,2026-10-06 15:29:00,MOBILE
APP200207,CUS100207,299000,36,DEBT_CONSOLIDATION,2026-12-12 07:20:00,MOBILE
APP200208,CUS100208,390000,48,MEDICAL,2026-11-14 06:39:00,MOBILE
APP200209,CUS100209,611000,48,DEBT_CONSOLIDATION,2026-05-25 07:37:00,WEB
APP200210,CUS100210,361000,36,MEDICAL,2026-01-15 10:56:00,MOBILE
APP200211,CUS100211,352000,36,HOME_RENOVATION,2026-05-03 20:39:00,MOBILE
APP200212,CUS100212,349000,36,MEDICAL,2026-02-11 00:53:00,WEB
APP200213,CUS100213,276000,36,HOME_RENOVATION,2026-06-02 15:23:00,MOBILE
APP200214,CUS100214,469000,36,HOME_RENOVATION,2026-07-26 10:47:00,WEB
APP200215,CUS100215,560000,24,OTHER,2026-01-10 02:04:00,MOBILE
APP200216,CUS100216,578000,36,EDUCATION,2026-07-11 04:55:00,MOBILE
APP200217,CUS100217,402000,24,DEBT_CONSOLIDATION,2026-01-19 17:46:00,WEB
APP200218,CUS100218,138000,24,HOME_RENOVATION,2026-01-06 08:59:00,MOBILE
APP200219,CUS100219,168000,36,EDUCATION,2026-04-02 18:12:00,MOBILE
APP200220,CUS100220,364000,60,OTHER,2026-09-27 03:28:00,MOBILE
APP200221,CUS100221,411000,36,EDUCATION,2026-03-09 22:35:00,MOBILE
APP200222,CUS100222,545000,24,DEBT_CONSOLIDATION,2026-08-12 19:02:00,WEB
APP200223,CUS100223,523000,24,TRAVEL,2026-07-30 13:57:00,MOBILE
APP200224,CUS100224,385000,48,EDUCATION,2026-07-07 12:22:00,MOBILE
APP200225,CUS100225,561000,60,TRAVEL,2026-12-08 09:35:00,MOBILE
APP200226,CUS100226,532000,48,DEBT_CONSOLIDATION,2026-01-11 14:22:00,WEB
APP200227,CUS100227,328000,48,OTHER,2026-06-06 23:01:00,MOBILE
APP200228,CUS100228,177000,48,MEDICAL,2026-07-11 18:05:00,WEB
APP200229,CUS100229,369000,24,EDUCATION,2026-08-16 14:06:00,MOBILE
APP200230,CUS100230,586000,36,MEDICAL,2026-09-07 01:44:00,MOBILE
APP200231,CUS100231,228000,36,EDUCATION,2026-03-25 08:07:00,WEB
APP200232,CUS100232,372000,60,DEBT_CONSOLIDATION,2026-10-18 16:22:00,MOBILE
APP200233,CUS100233,595000,36,TRAVEL,2026-07-17 04:17:00,MOBILE
APP200234,CUS100234,648000,60,MEDICAL,2026-08-09 10:34:00,MOBILE
APP200235,CUS100235,488000,24,MEDICAL,2026-06-17 15:10:00,WEB
APP200236,CUS100236,839000,48,HOME_RENOVATION,2026-12-01 05:08:00,MOBILE
APP200237,CUS100237,566000,36,EDUCATION,2026-04-17 10:57:00,MOBILE
APP200238,CUS100238,350000,48,DEBT_CONSOLIDATION,2026-12-04 23:42:00,MOBILE
APP200239,CUS100239,477000,24,EDUCATION,2026-09-12 22:17:00,MOBILE
APP200240,CUS100240,414000,36,TRAVEL,2026-10-26 07:49:00,MOBILE
APP200241,CUS100241,180000,36,OTHER,2026-08-17 18:37:00,MOBILE
APP200242,CUS100242,328000,36,MEDICAL,2026-04-22 01:31:00,MOBILE
APP200243,CUS100243,824000,24,HOME_RENOVATION,2026-10-05 02:33:00,WEB
APP200244,CUS100244,407000,24,OTHER,2026-06-20 14:55:00,WEB
APP200245,CUS100245,674000,60,HOME_RENOVATION,2026-09-10 01:47:00,WEB
APP200246,CUS100246,418000,36,TRAVEL,2026-03-19 15:13:00,MOBILE
APP200247,CUS100247,274000,36,DEBT_CONSOLIDATION,2026-01-18 00:20:00,WEB
APP200248,CUS100248,366000,12,DEBT_CONSOLIDATION,2026-08-20 11:05:00,MOBILE
APP200249,CUS100249,221000,60,TRAVEL,2026-11-16 02:29:00,MOBILE
APP200250,CUS100250,157000,48,MEDICAL,2026-10-06 18:40:00,MOBILE
APP200251,CUS100251,469000,36,MEDICAL,2026-11-11 20:12:00,WEB
APP200252,CUS100252,195000,12,OTHER,2026-01-06 18:05:00,MOBILE
APP200253,CUS100253,394000,48,EDUCATION,2026-11-15 00:06:00,MOBILE
APP200254,CUS100254,685000,36,OTHER,2026-05-16 13:03:00,MOBILE
APP200255,CUS100255,190000,18,MEDICAL,2026-02-08 16:01:00,WEB
APP200256,CUS100256,297000,24,TRAVEL,2026-10-05 15:24:00,MOBILE
APP200257,CUS100257,330000,36,MEDICAL,2026-08-04 13:50:00,MOBILE
APP200258,CUS100258,447000,36,MEDICAL,2026-04-23 04:23:00,MOBILE
APP200259,CUS100259,610000,48,TRAVEL,2026-11-22 08:26:00,WEB
APP200260,CUS100260,243000,48,TRAVEL,2026-11-26 04:54:00,WEB
APP200261,CUS100261,986000,36,TRAVEL,2026-07-26 19:26:00,MOBILE
APP200262,CUS100262,780000,24,TRAVEL,2026-12-03 06:54:00,MOBILE
APP200263,CUS100263,745000,48,MEDICAL,2026-01-22 15:36:00,WEB
APP200264,CUS100264,462000,36,OTHER,2026-03-15 15:54:00,WEB
APP200265,CUS100265,516000,48,DEBT_CONSOLIDATION,2026-09-14 19:01:00,MOBILE
APP200266,CUS100266,907000,24,OTHER,2026-03-12 06:06:00,WEB
APP200267,CUS100267,119000,36,TRAVEL,2026-10-19 11:24:00,WEB
APP200268,CUS100268,1008000,24,DEBT_CONSOLIDATION,2026-04-01 07:58:00,MOBILE
APP200269,CUS100269,721000,36,DEBT_CONSOLIDATION,2026-09-26 22:29:00,WEB
APP200270,CUS100270,442000,60,MEDICAL,2026-11-11 05:44:00,MOBILE
APP200271,CUS100271,439000,36,MEDICAL,2026-10-26 12:18:00,MOBILE
APP200272,CUS100272,393000,24,DEBT_CONSOLIDATION,2026-02-21 01:18:00,MOBILE
APP200273,CUS100273,613000,24,OTHER,2026-10-06 06:16:00,MOBILE
APP200274,CUS100274,411000,12,EDUCATION,2026-11-21 00:17:00,MOBILE
APP200275,CUS100275,249000,36,DEBT_CONSOLIDATION,2026-04-29 18:51:00,WEB
APP200276,CUS100276,462000,24,DEBT_CONSOLIDATION,2026-06-17 22:57:00,WEB
APP200277,CUS100277,1153000,36,DEBT_CONSOLIDATION,2026-12-27 21:46:00,MOBILE
APP200278,CUS100278,254000,36,EDUCATION,2026-12-15 02:32:00,WEB
APP200279,CUS100279,1415000,36,DEBT_CONSOLIDATION,2026-03-07 16:46:00,WEB
APP200280,CUS100280,364000,60,DEBT_CONSOLIDATION,2026-05-31 08:10:00,MOBILE
APP200281,CUS100281,221000,36,HOME_RENOVATION,2026-11-11 00:17:00,MOBILE
APP200282,CUS100282,154000,48,OTHER,2026-11-21 01:23:00,WEB
APP200283,CUS100283,325000,48,OTHER,2026-05-20 05:55:00,WEB
APP200284,CUS100284,175000,36,MEDICAL,2026-01-02 09:45:00,MOBILE
APP200285,CUS100285,190000,36,HOME_RENOVATION,2026-11-22 19:16:00,MOBILE
APP200286,CUS100286,199000,60,OTHER,2026-05-31 05:21:00,MOBILE
APP200287,CUS100287,519000,36,HOME_RENOVATION,2026-07-31 07:36:00,MOBILE
APP200288,CUS100288,648000,60,MEDICAL,2026-10-04 08:25:00,WEB
APP200289,CUS100289,891000,24,DEBT_CONSOLIDATION,2026-08-08 19:30:00,MOBILE
APP200290,CUS100290,789000,48,HOME_RENOVATION,2026-03-31 09:39:00,MOBILE
APP200291,CUS100291,453000,36,HOME_RENOVATION,2026-01-29 09:49:00,MOBILE
APP200292,CUS100292,359000,36,HOME_RENOVATION,2026-12-18 20:15:00,WEB
APP200293,CUS100293,163000,36,DEBT_CONSOLIDATION,2026-06-27 18:56:00,MOBILE
APP200294,CUS100294,129000,48,DEBT_CONSOLIDATION,2026-01-03 19:02:00,WEB
APP200295,CUS100295,494000,24,TRAVEL,2026-09-17 14:31:00,WEB
APP200296,CUS100296,596000,18,TRAVEL,2026-05-30 22:22:00,MOBILE
APP200297,CUS100297,366000,24,TRAVEL,2026-03-03 08:41:00,WEB
APP200298,CUS100298,134000,60,EDUCATION,2026-05-16 03:16:00,MOBILE
APP200299,CUS100299,229000,48,DEBT_CONSOLIDATION,2026-05-10 14:47:00,MOBILE
APP200300,CUS100300,471000,24,EDUCATION,2026-05-30 01:09:00,MOBILE
APP200301,CUS100301,481000,60,TRAVEL,2026-09-04 04:14:00,WEB
APP200302,CUS100302,536000,36,HOME_RENOVATION,2026-01-11 10:26:00,WEB
APP200303,CUS100303,391000,36,MEDICAL,2026-05-23 20:17:00,WEB
APP200304,CUS100304,305000,36,EDUCATION,2026-08-21 13:03:00,MOBILE
APP200305,CUS100305,366000,12,DEBT_CONSOLIDATION,2026-12-31 07:29:00,MOBILE
APP200306,CUS100306,206000,24,MEDICAL,2026-08-11 12:07:00,MOBILE
APP200307,CUS100307,452000,60,MEDICAL,2026-12-04 17:53:00,MOBILE
APP200308,CUS100308,540000,48,MEDICAL,2026-05-15 22:41:00,MOBILE
APP200309,CUS100309,373000,60,MEDICAL,2026-06-24 23:00:00,MOBILE
APP200310,CUS100310,487000,48,EDUCATION,2026-12-14 21:44:00,MOBILE
APP200311,CUS100311,336000,24,DEBT_CONSOLIDATION,2026-05-18 22:24:00,WEB
APP200312,CUS100312,346000,48,OTHER,2026-09-12 10:50:00,WEB
APP200313,CUS100313,113000,18,DEBT_CONSOLIDATION,2026-01-30 17:06:00,MOBILE
APP200314,CUS100314,845000,36,DEBT_CONSOLIDATION,2026-05-21 19:46:00,MOBILE
APP200315,CUS100315,481000,60,OTHER,2026-03-30 16:09:00,MOBILE
APP200316,CUS100316,1073000,36,TRAVEL,2026-03-31 00:18:00,MOBILE
APP200317,CUS100317,443000,36,TRAVEL,2026-09-26 21:06:00,MOBILE
APP200318,CUS100318,583000,48,EDUCATION,2026-05-06 22:06:00,WEB
APP200319,CUS100319,308000,60,OTHER,2026-02-21 00:32:00,MOBILE
APP200320,CUS100320,100000,48,MEDICAL,2026-12-11 02:18:00,MOBILE
APP200321,CUS100321,593000,36,EDUCATION,2026-03-18 05:01:00,MOBILE
APP200322,CUS100322,369000,24,DEBT_CONSOLIDATION,2026-12-31 11:24:00,WEB
APP200323,CUS100323,162000,36,EDUCATION,2026-01-07 09:41:00,MOBILE
APP200324,CUS100324,844000,24,HOME_RENOVATION,2026-02-26 17:36:00,MOBILE
APP200325,CUS100325,948000,60,DEBT_CONSOLIDATION,2026-08-13 15:46:00,WEB
APP200326,CUS100326,401000,48,HOME_RENOVATION,2026-12-09 21:36:00,MOBILE
APP200327,CUS100327,252000,36,TRAVEL,2026-10-11 18:33:00,WEB
APP200328,CUS100328,385000,48,HOME_RENOVATION,2026-05-07 02:10:00,MOBILE
APP200329,CUS100329,352000,36,MEDICAL,2026-08-12 23:55:00,MOBILE
APP200330,CUS100330,748000,12,HOME_RENOVATION,2026-12-27 06:04:00,WEB
APP200331,CUS100331,161000,36,EDUCATION,2026-02-21 15:38:00,WEB
APP200332,CUS100332,233000,36,TRAVEL,2026-04-26 11:53:00,WEB
APP200333,CUS100333,433000,48,OTHER,2026-10-01 20:06:00,WEB
APP200334,CUS100334,701000,60,EDUCATION,2026-05-04 07:51:00,MOBILE
APP200335,CUS100335,379000,12,EDUCATION,2026-07-08 20:55:00,MOBILE
APP200336,CUS100336,711000,12,HOME_RENOVATION,2026-07-22 06:46:00,MOBILE
APP200337,CUS100337,719000,36,MEDICAL,2026-10-16 05:48:00,MOBILE
APP200338,CUS100338,395000,24,DEBT_CONSOLIDATION,2026-11-04 15:42:00,MOBILE
APP200339,CUS100339,349000,48,DEBT_CONSOLIDATION,2026-11-10 04:37:00,WEB
APP200340,CUS100340,505000,48,HOME_RENOVATION,2026-09-29 14:04:00,MOBILE
APP200341,CUS100341,360000,60,MEDICAL,2026-06-03 21:57:00,MOBILE
APP200342,CUS100342,755000,24,DEBT_CONSOLIDATION,2026-10-24 11:57:00,MOBILE
APP200343,CUS100343,448000,12,TRAVEL,2026-06-27 20:01:00,MOBILE
APP200344,CUS100344,283000,48,MEDICAL,2026-02-11 16:51:00,MOBILE
APP200345,CUS100345,593000,36,TRAVEL,2026-04-10 04:45:00,MOBILE
APP200346,CUS100346,278000,60,OTHER,2026-06-28 22:24:00,WEB
APP200347,CUS100347,646000,48,DEBT_CONSOLIDATION,2026-02-21 20:52:00,WEB
APP200348,CUS100348,229000,36,OTHER,2026-07-12 21:33:00,WEB
APP200349,CUS100349,413000,36,EDUCATION,2026-07-29 21:24:00,WEB
APP200350,CUS100350,635000,36,DEBT_CONSOLIDATION,2026-11-20 09:58:00,MOBILE
APP200351,CUS100351,523000,36,OTHER,2026-04-03 23:12:00,MOBILE
APP200352,CUS100352,684000,36,TRAVEL,2026-09-25 18:52:00,WEB
APP200353,CUS100353,778000,48,OTHER,2026-12-22 23:00:00,WEB
APP200354,CUS100354,267000,36,HOME_RENOVATION,2026-10-26 09:19:00,MOBILE
APP200355,CUS100355,1466000,24,TRAVEL,2026-08-24 07:08:00,WEB
APP200356,CUS100356,169000,12,DEBT_CONSOLIDATION,2026-08-21 19:40:00,WEB
APP200357,CUS100357,619000,36,MEDICAL,2026-10-19 20:57:00,MOBILE
APP200358,CUS100358,350000,12,EDUCATION,2026-06-25 08:02:00,MOBILE
APP200359,CUS100359,100000,48,EDUCATION,2026-07-31 05:40:00,WEB
APP200360,CUS100360,388000,12,OTHER,2026-08-17 03:18:00,MOBILE
APP200361,CUS100361,248000,36,DEBT_CONSOLIDATION,2026-05-22 21:38:00,MOBILE
APP200362,CUS100362,327000,48,HOME_RENOVATION,2026-02-12 04:23:00,MOBILE
APP200363,CUS100363,307000,18,HOME_RENOVATION,2026-01-01 19:51:00,WEB
APP200364,CUS100364,626000,48,EDUCATION,2026-11-08 18:50:00,MOBILE
APP200365,CUS100365,249000,48,DEBT_CONSOLIDATION,2026-01-03 09:02:00,MOBILE
APP200366,CUS100366,302000,24,EDUCATION,2026-01-03 19:43:00,WEB
APP200367,CUS100367,741000,36,HOME_RENOVATION,2026-06-05 16:35:00,MOBILE
APP200368,CUS100368,306000,60,OTHER,2026-05-22 18:16:00,MOBILE
APP200369,CUS100369,253000,24,TRAVEL,2026-03-08 18:25:00,WEB
APP200370,CUS100370,594000,36,OTHER,2026-08-06 10:22:00,MOBILE
APP200371,CUS100371,389000,36,EDUCATION,2026-04-16 12:04:00,WEB
APP200372,CUS100372,641000,48,OTHER,2026-09-22 16:51:00,WEB
APP200373,CUS100373,321000,24,DEBT_CONSOLIDATION,2026-06-25 02:34:00,MOBILE
APP200374,CUS100374,492000,36,EDUCATION,2026-06-29 13:16:00,MOBILE
APP200375,CUS100375,667000,36,OTHER,2026-09-19 10:17:00,MOBILE
APP200376,CUS100376,457000,36,HOME_RENOVATION,2026-05-21 16:49:00,WEB
APP200377,CUS100377,664000,48,DEBT_CONSOLIDATION,2026-08-27 10:28:00,WEB
APP200378,CUS100378,646000,36,MEDICAL,2026-12-25 07:30:00,MOBILE
APP200379,CUS100379,605000,36,EDUCATION,2026-10-24 11:57:00,MOBILE
APP200380,CUS100380,446000,48,EDUCATION,2026-11-14 15:58:00,MOBILE
APP200381,CUS100381,334000,36,TRAVEL,2026-02-16 01:42:00,WEB
APP200382,CUS100382,226000,48,HOME_RENOVATION,2026-02-28 02:21:00,WEB
APP200383,CUS100383,136000,24,HOME_RENOVATION,2026-12-08 04:33:00,WEB
APP200384,CUS100384,332000,36,DEBT_CONSOLIDATION,2026-11-17 22:16:00,WEB
APP200385,CUS100385,339000,36,OTHER,2026-09-09 18:59:00,MOBILE
APP200386,CUS100386,216000,60,TRAVEL,2026-06-30 14:49:00,WEB
APP200387,CUS100387,334000,24,DEBT_CONSOLIDATION,2026-03-07 18:03:00,MOBILE
APP200388,CUS100388,761000,48,EDUCATION,2026-02-18 05:28:00,MOBILE
APP200389,CUS100389,724000,48,EDUCATION,2026-09-25 03:49:00,WEB
APP200390,CUS100390,337000,36,EDUCATION,2026-09-02 18:49:00,MOBILE
APP200391,CUS100391,215000,36,TRAVEL,2026-02-05 12:22:00,WEB
APP200392,CUS100392,654000,12,TRAVEL,2026-01-15 06:31:00,MOBILE
APP200393,CUS100393,921000,36,TRAVEL,2026-03-19 05:34:00,WEB
APP200394,CUS100394,1020000,18,MEDICAL,2026-03-19 14:13:00,MOBILE
APP200395,CUS100395,334000,36,MEDICAL,2026-10-10 21:07:00,WEB
APP200396,CUS100396,263000,18,EDUCATION,2026-06-29 22:06:00,MOBILE
APP200397,CUS100397,164000,24,OTHER,2026-08-20 07:22:00,MOBILE
APP200398,CUS100398,351000,36,EDUCATION,2026-05-10 18:02:00,WEB
APP200399,CUS100399,666000,24,MEDICAL,2026-03-10 19:57:00,WEB
APP200400,CUS100400,418000,36,DEBT_CONSOLIDATION,2026-07-26 06:02:00,MOBILE
APP200401,CUS100401,424000,18,MEDICAL,2026-09-08 08:09:00,MOBILE
APP200402,CUS100402,893000,18,OTHER,2026-03-29 04:32:00,MOBILE
APP200403,CUS100403,396000,60,MEDICAL,2026-12-16 07:19:00,MOBILE
APP200404,CUS100404,273000,48,EDUCATION,2026-06-09 18:39:00,WEB
APP200405,CUS100405,517000,24,MEDICAL,2026-11-17 15:11:00,MOBILE
APP200406,CUS100406,780000,36,MEDICAL,2026-03-13 02:24:00,MOBILE
APP200407,CUS100407,579000,36,EDUCATION,2026-01-11 14:50:00,MOBILE
APP200408,CUS100408,417000,60,TRAVEL,2026-08-24 02:37:00,WEB
APP200409,CUS100409,526000,48,OTHER,2026-01-21 18:06:00,MOBILE
APP200410,CUS100410,253000,18,EDUCATION,2026-08-16 05:43:00,MOBILE
APP200411,CUS100411,325000,36,DEBT_CONSOLIDATION,2026-06-23 05:33:00,WEB
APP200412,CUS100412,190000,60,OTHER,2026-08-29 03:31:00,MOBILE
APP200413,CUS100413,198000,48,MEDICAL,2026-01-31 14:15:00,MOBILE
APP200414,CUS100414,187000,48,HOME_RENOVATION,2026-05-01 19:07:00,MOBILE
APP200415,CUS100415,1353000,48,OTHER,2026-07-26 15:20:00,MOBILE
APP200416,CUS100416,286000,48,MEDICAL,2026-11-16 16:57:00,WEB
APP200417,CUS100417,506000,24,TRAVEL,2026-08-09 23:52:00,MOBILE
APP200418,CUS100418,221000,36,DEBT_CONSOLIDATION,2026-03-02 23:16:00,WEB
APP200419,CUS100419,280000,18,DEBT_CONSOLIDATION,2026-05-11 17:50:00,MOBILE
APP200420,CUS100420,305000,60,DEBT_CONSOLIDATION,2026-01-18 04:01:00,MOBILE
APP200421,CUS100421,371000,36,OTHER,2026-07-27 19:49:00,WEB
APP200422,CUS100422,380000,12,EDUCATION,2026-03-04 02:05:00,MOBILE
APP200423,CUS100423,763000,12,EDUCATION,2026-08-31 07:25:00,MOBILE
APP200424,CUS100424,409000,12,DEBT_CONSOLIDATION,2026-10-12 06:05:00,MOBILE
APP200425,CUS100425,181000,48,OTHER,2026-01-25 04:11:00,MOBILE
APP200426,CUS100426,266000,18,HOME_RENOVATION,2026-01-18 07:03:00,MOBILE
APP200427,CUS100427,308000,24,EDUCATION,2026-08-27 13:44:00,MOBILE
APP200428,CUS100428,355000,36,DEBT_CONSOLIDATION,2026-11-24 05:44:00,MOBILE
APP200429,CUS100429,361000,60,TRAVEL,2026-12-30 12:15:00,MOBILE
APP200430,CUS100430,237000,48,DEBT_CONSOLIDATION,2026-01-15 07:22:00,WEB
APP200431,CUS100431,201000,48,EDUCATION,2026-11-06 10:32:00,MOBILE
APP200432,CUS100432,266000,48,EDUCATION,2026-10-07 14:30:00,WEB
APP200433,CUS100433,519000,12,TRAVEL,2026-01-01 14:20:00,MOBILE
APP200434,CUS100434,508000,36,DEBT_CONSOLIDATION,2026-08-24 04:59:00,WEB
APP200435,CUS100435,488000,18,EDUCATION,2026-09-06 18:28:00,MOBILE
APP200436,CUS100436,316000,18,MEDICAL,2026-01-27 13:09:00,WEB
APP200437,CUS100437,1105000,36,EDUCATION,2026-05-17 07:02:00,MOBILE
APP200438,CUS100438,177000,24,TRAVEL,2026-08-13 06:20:00,MOBILE
APP200439,CUS100439,382000,36,TRAVEL,2026-04-24 00:21:00,MOBILE
APP200440,CUS100440,464000,60,TRAVEL,2026-07-20 23:29:00,MOBILE
APP200441,CUS100441,1125000,48,OTHER,2026-03-23 19:44:00,MOBILE
APP200442,CUS100442,190000,24,HOME_RENOVATION,2026-08-24 16:50:00,WEB
APP200443,CUS100443,266000,24,OTHER,2026-03-09 18:49:00,MOBILE
APP200444,CUS100444,349000,48,TRAVEL,2026-03-27 05:49:00,WEB
APP200445,CUS100445,246000,18,OTHER,2026-09-24 02:14:00,MOBILE
APP200446,CUS100446,802000,36,EDUCATION,2026-02-15 22:00:00,MOBILE
APP200447,CUS100447,329000,18,DEBT_CONSOLIDATION,2026-07-04 15:29:00,MOBILE
APP200448,CUS100448,473000,48,EDUCATION,2026-10-10 18:46:00,MOBILE
APP200449,CUS100449,688000,24,DEBT_CONSOLIDATION,2026-10-04 08:57:00,WEB
APP200450,CUS100450,398000,36,OTHER,2026-07-07 18:54:00,MOBILE
APP200451,CUS100451,558000,60,OTHER,2026-10-17 18:39:00,MOBILE
APP200452,CUS100452,286000,24,OTHER,2026-05-26 16:19:00,WEB
APP200453,CUS100453,381000,36,OTHER,2026-12-16 11:57:00,MOBILE
APP200454,CUS100454,255000,18,TRAVEL,2026-06-19 21:49:00,WEB
APP200455,CUS100455,227000,36,EDUCATION,2026-12-23 12:14:00,MOBILE
APP200456,CUS100456,875000,36,DEBT_CONSOLIDATION,2026-10-30 08:10:00,WEB
APP200457,CUS100457,121000,36,MEDICAL,2026-01-01 06:58:00,MOBILE
APP200458,CUS100458,258000,36,HOME_RENOVATION,2026-04-22 11:28:00,MOBILE
APP200459,CUS100459,907000,36,MEDICAL,2026-04-24 06:09:00,WEB
APP200460,CUS100460,1543000,48,EDUCATION,2026-03-08 03:59:00,MOBILE
APP200461,CUS100461,607000,24,OTHER,2026-04-21 15:44:00,MOBILE
APP200462,CUS100462,264000,60,HOME_RENOVATION,2026-05-20 13:23:00,MOBILE
APP200463,CUS100463,366000,60,MEDICAL,2026-10-05 17:39:00,WEB
APP200464,CUS100464,445000,48,TRAVEL,2026-12-09 00:43:00,MOBILE
APP200465,CUS100465,488000,48,TRAVEL,2026-07-26 14:38:00,MOBILE
APP200466,CUS100466,400000,48,DEBT_CONSOLIDATION,2026-12-04 03:26:00,WEB
APP200467,CUS100467,664000,48,MEDICAL,2026-09-26 22:44:00,MOBILE
APP200468,CUS100468,471000,48,EDUCATION,2026-10-11 11:58:00,MOBILE
APP200469,CUS100469,222000,18,HOME_RENOVATION,2026-12-03 00:42:00,MOBILE
APP200470,CUS100470,183000,48,TRAVEL,2026-05-03 09:50:00,MOBILE
APP200471,CUS100471,306000,24,MEDICAL,2026-04-19 00:45:00,WEB
APP200472,CUS100472,453000,36,DEBT_CONSOLIDATION,2026-09-18 14:05:00,WEB
APP200473,CUS100473,879000,60,EDUCATION,2026-04-12 23:59:00,MOBILE
APP200474,CUS100474,783000,36,DEBT_CONSOLIDATION,2026-07-07 11:08:00,MOBILE
APP200475,CUS100475,246000,36,TRAVEL,2026-04-28 04:43:00,MOBILE
APP200476,CUS100476,563000,36,TRAVEL,2026-04-12 01:29:00,WEB
APP200477,CUS100477,450000,60,HOME_RENOVATION,2026-04-28 03:52:00,WEB
APP200478,CUS100478,301000,36,DEBT_CONSOLIDATION,2026-12-22 20:38:00,WEB
APP200479,CUS100479,151000,24,MEDICAL,2026-11-04 07:28:00,MOBILE
APP200480,CUS100480,825000,36,MEDICAL,2026-08-31 03:24:00,MOBILE
APP200481,CUS100481,136000,36,HOME_RENOVATION,2026-03-21 19:54:00,WEB
APP200482,CUS100482,316000,60,EDUCATION,2026-04-19 06:36:00,WEB
APP200483,CUS100483,1839000,60,EDUCATION,2026-12-08 05:25:00,MOBILE
APP200484,CUS100484,312000,36,TRAVEL,2026-07-09 19:52:00,MOBILE
APP200485,CUS100485,262000,18,DEBT_CONSOLIDATION,2026-01-21 19:52:00,WEB
APP200486,CUS100486,158000,36,OTHER,2026-09-29 22:39:00,WEB
APP200487,CUS100487,748000,60,DEBT_CONSOLIDATION,2026-04-12 19:27:00,MOBILE
APP200488,CUS100488,615000,36,MEDICAL,2026-02-17 10:54:00,MOBILE
APP200489,CUS100489,812000,12,HOME_RENOVATION,2026-09-25 14:14:00,MOBILE
APP200490,CUS100490,445000,36,OTHER,2026-03-21 16:14:00,MOBILE
APP200491,CUS100491,643000,36,TRAVEL,2026-11-04 04:29:00,MOBILE
APP200492,CUS100492,586000,24,EDUCATION,2026-09-26 03:09:00,WEB
APP200493,CUS100493,348000,60,HOME_RENOVATION,2026-12-17 14:37:00,MOBILE
APP200494,CUS100494,564000,24,HOME_RENOVATION,2026-09-29 20:47:00,MOBILE
APP200495,CUS100495,374000,60,TRAVEL,2026-05-13 03:15:00,MOBILE
APP200496,CUS100496,479000,48,TRAVEL,2026-11-05 19:22:00,MOBILE
APP200497,CUS100497,348000,60,DEBT_CONSOLIDATION,2026-05-07 10:34:00,WEB
APP200498,CUS100498,517000,36,DEBT_CONSOLIDATION,2026-06-03 05:36:00,WEB
APP200499,CUS100499,251000,36,OTHER,2026-06-05 08:35:00,MOBILE
APP200500,CUS100500,298000,36,DEBT_CONSOLIDATION,2026-01-22 04:17:00,MOBILE
APP200501,CUS100501,409000,36,DEBT_CONSOLIDATION,2026-11-17 17:33:00,WEB
APP200502,CUS100502,1924000,48,TRAVEL,2026-04-12 20:36:00,MOBILE
APP200503,CUS100503,432000,18,HOME_RENOVATION,2026-05-01 04:17:00,MOBILE
APP200504,CUS100504,1000000,24,OTHER,2026-05-08 17:59:00,MOBILE
APP200505,CUS100505,374000,36,TRAVEL,2026-10-18 12:32:00,WEB
APP200506,CUS100506,389000,36,HOME_RENOVATION,2026-09-16 05:23:00,MOBILE
APP200507,CUS100507,334000,48,DEBT_CONSOLIDATION,2026-11-28 01:51:00,MOBILE
APP200508,CUS100508,979000,60,TRAVEL,2026-05-28 15:03:00,MOBILE
APP200509,CUS100509,159000,36,OTHER,2026-08-17 08:07:00,WEB
APP200510,CUS100510,575000,24,MEDICAL,2026-09-19 10:33:00,MOBILE
APP200511,CUS100511,209000,36,TRAVEL,2026-04-08 05:13:00,WEB
APP200512,CUS100512,574000,36,HOME_RENOVATION,2026-09-07 00:23:00,WEB
APP200513,CUS100513,217000,24,MEDICAL,2026-10-25 09:05:00,MOBILE
APP200514,CUS100514,344000,36,OTHER,2026-08-08 13:49:00,MOBILE
APP200515,CUS100515,271000,36,MEDICAL,2026-11-05 04:42:00,MOBILE
APP200516,CUS100516,253000,48,EDUCATION,2026-05-04 13:35:00,WEB
APP200517,CUS100517,544000,36,HOME_RENOVATION,2026-08-17 04:39:00,WEB
APP200518,CUS100518,434000,12,TRAVEL,2026-02-18 01:56:00,MOBILE
APP200519,CUS100519,833000,36,DEBT_CONSOLIDATION,2026-04-03 11:40:00,MOBILE
APP200520,CUS100520,150000,60,HOME_RENOVATION,2026-11-20 06:49:00,MOBILE
APP200521,CUS100521,362000,48,HOME_RENOVATION,2026-04-13 01:19:00,MOBILE
APP200522,CUS100522,407000,36,HOME_RENOVATION,2026-11-13 12:35:00,WEB
APP200523,CUS100523,518000,24,DEBT_CONSOLIDATION,2026-05-15 15:37:00,WEB
APP200524,CUS100524,1040000,36,OTHER,2026-10-26 19:48:00,MOBILE
APP200525,CUS100525,416000,36,OTHER,2026-07-01 19:34:00,WEB
APP200526,CUS100526,179000,36,TRAVEL,2026-12-15 02:06:00,WEB
APP200527,CUS100527,758000,36,MEDICAL,2026-02-11 00:24:00,WEB
APP200528,CUS100528,436000,48,EDUCATION,2026-07-14 09:57:00,MOBILE
APP200529,CUS100529,700000,36,OTHER,2026-01-11 22:28:00,WEB
APP200530,CUS100530,768000,36,EDUCATION,2026-11-03 21:59:00,WEB
APP200531,CUS100531,520000,48,TRAVEL,2026-03-29 06:58:00,WEB
APP200532,CUS100532,739000,36,DEBT_CONSOLIDATION,2026-10-24 01:55:00,MOBILE
APP200533,CUS100533,446000,36,TRAVEL,2026-09-21 22:46:00,MOBILE
APP200534,CUS100534,733000,36,OTHER,2026-05-20 21:25:00,WEB
APP200535,CUS100535,475000,36,EDUCATION,2026-11-24 21:28:00,MOBILE
APP200536,CUS100536,528000,18,OTHER,2026-01-19 23:14:00,WEB
APP200537,CUS100537,959000,60,MEDICAL,2026-01-14 14:35:00,MOBILE
APP200538,CUS100538,658000,36,OTHER,2026-03-14 14:14:00,MOBILE
APP200539,CUS100539,879000,60,OTHER,2026-04-18 16:05:00,MOBILE
APP200540,CUS100540,656000,24,HOME_RENOVATION,2026-05-24 22:06:00,MOBILE
APP200541,CUS100541,932000,36,EDUCATION,2026-12-20 07:26:00,WEB
APP200542,CUS100542,626000,24,DEBT_CONSOLIDATION,2026-02-05 03:05:00,MOBILE
APP200543,CUS100543,287000,36,EDUCATION,2026-12-29 22:46:00,MOBILE
APP200544,CUS100544,213000,48,EDUCATION,2026-08-16 06:59:00,WEB
APP200545,CUS100545,379000,48,DEBT_CONSOLIDATION,2026-06-01 11:58:00,WEB
APP200546,CUS100546,358000,60,EDUCATION,2026-01-28 03:31:00,MOBILE
APP200547,CUS100547,786000,60,EDUCATION,2026-02-04 18:04:00,MOBILE
APP200548,CUS100548,142000,36,MEDICAL,2026-12-06 18:14:00,MOBILE
APP200549,CUS100549,392000,36,OTHER,2026-06-12 20:01:00,MOBILE
APP200550,CUS100550,226000,60,MEDICAL,2026-07-20 10:05:00,MOBILE
APP200551,CUS100551,370000,24,HOME_RENOVATION,2026-06-23 08:50:00,MOBILE
APP200552,CUS100552,177000,36,EDUCATION,2026-03-23 07:45:00,WEB
APP200553,CUS100553,322000,60,DEBT_CONSOLIDATION,2026-11-30 07:35:00,MOBILE
APP200554,CUS100554,190000,24,TRAVEL,2026-09-25 22:12:00,WEB
APP200555,CUS100555,356000,36,EDUCATION,2026-10-02 06:09:00,MOBILE
APP200556,CUS100556,879000,24,MEDICAL,2026-03-01 01:56:00,WEB
APP200557,CUS100557,416000,24,OTHER,2026-03-24 10:34:00,WEB
APP200558,CUS100558,568000,18,MEDICAL,2026-11-01 16:39:00,MOBILE
APP200559,CUS100559,369000,12,MEDICAL,2026-10-21 01:45:00,WEB
APP200560,CUS100560,597000,48,HOME_RENOVATION,2026-06-25 16:25:00,WEB
APP200561,CUS100561,362000,48,HOME_RENOVATION,2026-05-28 19:39:00,MOBILE
APP200562,CUS100562,402000,12,HOME_RENOVATION,2026-08-17 23:04:00,MOBILE
APP200563,CUS100563,254000,48,OTHER,2026-02-26 20:52:00,MOBILE
APP200564,CUS100564,293000,24,HOME_RENOVATION,2026-01-28 09:02:00,MOBILE
APP200565,CUS100565,563000,36,MEDICAL,2026-06-13 06:23:00,MOBILE
APP200566,CUS100566,478000,18,OTHER,2026-02-28 13:50:00,WEB
APP200567,CUS100567,120000,24,MEDICAL,2026-02-12 00:12:00,MOBILE
APP200568,CUS100568,258000,36,MEDICAL,2026-04-13 22:55:00,MOBILE
APP200569,CUS100569,795000,60,MEDICAL,2026-07-19 09:20:00,WEB
APP200570,CUS100570,363000,36,MEDICAL,2026-02-03 08:41:00,WEB
APP200571,CUS100571,737000,48,TRAVEL,2026-06-21 21:26:00,MOBILE
APP200572,CUS100572,294000,12,EDUCATION,2026-06-22 10:39:00,WEB
APP200573,CUS100573,345000,36,DEBT_CONSOLIDATION,2026-03-24 19:53:00,MOBILE
APP200574,CUS100574,473000,12,OTHER,2026-07-13 17:18:00,MOBILE
APP200575,CUS100575,277000,24,OTHER,2026-01-30 08:09:00,MOBILE
APP200576,CUS100576,619000,12,DEBT_CONSOLIDATION,2026-06-14 01:49:00,WEB
APP200577,CUS100577,266000,36,DEBT_CONSOLIDATION,2026-09-07 13:17:00,MOBILE
APP200578,CUS100578,338000,36,DEBT_CONSOLIDATION,2026-10-04 21:21:00,WEB
APP200579,CUS100579,451000,36,EDUCATION,2026-01-11 12:53:00,WEB
APP200580,CUS100580,758000,36,MEDICAL,2026-10-06 03:48:00,MOBILE
APP200581,CUS100581,425000,36,TRAVEL,2026-11-25 07:51:00,WEB
APP200582,CUS100582,265000,24,DEBT_CONSOLIDATION,2026-03-13 01:25:00,MOBILE
APP200583,CUS100583,383000,24,OTHER,2026-06-25 10:51:00,MOBILE
APP200584,CUS100584,868000,36,OTHER,2026-09-20 04:12:00,WEB
APP200585,CUS100585,168000,24,DEBT_CONSOLIDATION,2026-06-17 13:41:00,MOBILE
APP200586,CUS100586,992000,36,OTHER,2026-12-22 15:50:00,WEB
APP200587,CUS100587,462000,60,TRAVEL,2026-12-30 21:54:00,MOBILE
APP200588,CUS100588,290000,12,MEDICAL,2026-07-31 10:15:00,MOBILE
APP200589,CUS100589,399000,36,HOME_RENOVATION,2026-02-27 10:03:00,MOBILE
APP200590,CUS100590,270000,48,OTHER,2026-08-08 01:41:00,MOBILE
APP200591,CUS100591,207000,24,DEBT_CONSOLIDATION,2026-10-21 00:38:00,MOBILE
APP200592,CUS100592,455000,36,OTHER,2026-10-15 09:28:00,MOBILE
APP200593,CUS100593,602000,24,DEBT_CONSOLIDATION,2026-06-23 07:01:00,MOBILE
APP200594,CUS100594,645000,36,DEBT_CONSOLIDATION,2026-11-25 20:42:00,MOBILE
APP200595,CUS100595,215000,18,DEBT_CONSOLIDATION,2026-05-07 08:20:00,WEB
APP200596,CUS100596,1287000,48,TRAVEL,2026-06-11 03:58:00,MOBILE
APP200597,CUS100597,245000,36,EDUCATION,2026-02-22 20:09:00,MOBILE
APP200598,CUS100598,207000,24,EDUCATION,2026-08-27 10:38:00,WEB
APP200599,CUS100599,145000,36,TRAVEL,2026-08-04 01:40:00,MOBILE
APP200600,CUS100600,397000,60,MEDICAL,2026-06-08 18:09:00,WEB
APP200601,CUS100601,283000,48,DEBT_CONSOLIDATION,2026-12-23 14:01:00,MOBILE
APP200602,CUS100602,342000,60,OTHER,2026-06-11 07:33:00,MOBILE
APP200603,CUS100603,568000,36,DEBT_CONSOLIDATION,2026-05-15 06:16:00,MOBILE
APP200604,CUS100604,333000,60,EDUCATION,2026-05-07 12:33:00,MOBILE
APP200605,CUS100605,964000,36,DEBT_CONSOLIDATION,2026-04-05 04:17:00,MOBILE
APP200606,CUS100606,216000,36,OTHER,2026-07-15 04:11:00,MOBILE
APP200607,CUS100607,287000,36,EDUCATION,2026-01-01 17:03:00,MOBILE
APP200608,CUS100608,503000,60,MEDICAL,2026-03-17 14:48:00,WEB
APP200609,CUS100609,648000,48,EDUCATION,2026-04-06 04:35:00,MOBILE
APP200610,CUS100610,150000,48,DEBT_CONSOLIDATION,2026-07-08 11:22:00,MOBILE
APP200611,CUS100611,245000,24,DEBT_CONSOLIDATION,2026-11-01 04:35:00,MOBILE
APP200612,CUS100612,190000,36,EDUCATION,2026-02-12 04:16:00,MOBILE
APP200613,CUS100613,453000,48,EDUCATION,2026-03-09 19:27:00,WEB
APP200614,CUS100614,505000,36,EDUCATION,2026-08-15 05:41:00,MOBILE
APP200615,CUS100615,766000,24,HOME_RENOVATION,2026-04-14 18:20:00,WEB
APP200616,CUS100616,172000,36,OTHER,2026-07-09 07:00:00,MOBILE
APP200617,CUS100617,400000,36,EDUCATION,2026-12-01 00:30:00,MOBILE
APP200618,CUS100618,373000,36,TRAVEL,2026-08-23 13:55:00,WEB
APP200619,CUS100619,473000,36,TRAVEL,2026-10-03 21:08:00,MOBILE
APP200620,CUS100620,487000,36,DEBT_CONSOLIDATION,2026-09-29 06:03:00,MOBILE
APP200621,CUS100621,145000,36,EDUCATION,2026-10-05 23:14:00,MOBILE
APP200622,CUS100622,383000,36,HOME_RENOVATION,2026-12-23 23:29:00,MOBILE
APP200623,CUS100623,350000,36,MEDICAL,2026-03-14 10:07:00,WEB
APP200624,CUS100624,361000,36,OTHER,2026-06-05 12:47:00,MOBILE
APP200625,CUS100625,650000,48,DEBT_CONSOLIDATION,2026-03-17 13:22:00,WEB
APP200626,CUS100626,139000,48,MEDICAL,2026-10-31 01:51:00,MOBILE
APP200627,CUS100627,218000,36,OTHER,2026-04-11 05:34:00,MOBILE
APP200628,CUS100628,851000,48,HOME_RENOVATION,2026-02-07 06:11:00,MOBILE
APP200629,CUS100629,328000,36,TRAVEL,2026-12-14 17:39:00,MOBILE
APP200630,CUS100630,237000,36,DEBT_CONSOLIDATION,2026-09-16 19:10:00,MOBILE
APP200631,CUS100631,646000,36,MEDICAL,2026-03-10 08:17:00,MOBILE
APP200632,CUS100632,339000,48,TRAVEL,2026-09-02 08:55:00,MOBILE
APP200633,CUS100633,810000,24,OTHER,2026-06-10 10:45:00,MOBILE
APP200634,CUS100634,258000,12,OTHER,2026-01-26 11:30:00,MOBILE
APP200635,CUS100635,324000,48,OTHER,2026-03-13 18:06:00,MOBILE
APP200636,CUS100636,426000,12,DEBT_CONSOLIDATION,2026-08-08 10:18:00,MOBILE
APP200637,CUS100637,287000,36,MEDICAL,2026-11-25 20:08:00,MOBILE
APP200638,CUS100638,118000,36,MEDICAL,2026-09-26 03:40:00,MOBILE
APP200639,CUS100639,381000,60,DEBT_CONSOLIDATION,2026-08-20 17:21:00,MOBILE
APP200640,CUS100640,509000,36,OTHER,2026-06-20 20:44:00,WEB
APP200641,CUS100641,505000,48,HOME_RENOVATION,2026-07-10 18:33:00,MOBILE
APP200642,CUS100642,277000,48,EDUCATION,2026-01-16 14:53:00,MOBILE
APP200643,CUS100643,246000,48,HOME_RENOVATION,2026-07-22 19:12:00,MOBILE
APP200644,CUS100644,347000,48,DEBT_CONSOLIDATION,2026-02-14 14:37:00,MOBILE
APP200645,CUS100645,212000,36,DEBT_CONSOLIDATION,2026-12-24 05:05:00,WEB
APP200646,CUS100646,187000,60,OTHER,2026-05-12 14:32:00,WEB
APP200647,CUS100647,306000,48,HOME_RENOVATION,2026-06-14 09:09:00,WEB
APP200648,CUS100648,463000,36,HOME_RENOVATION,2026-10-25 02:24:00,MOBILE
APP200649,CUS100649,651000,36,HOME_RENOVATION,2026-06-27 20:37:00,MOBILE
APP200650,CUS100650,192000,36,TRAVEL,2026-05-02 12:14:00,WEB
APP200651,CUS100651,519000,36,DEBT_CONSOLIDATION,2026-02-23 05:13:00,MOBILE
APP200652,CUS100652,167000,36,OTHER,2026-07-27 23:16:00,WEB
APP200653,CUS100653,349000,18,OTHER,2026-12-14 02:19:00,MOBILE
APP200654,CUS100654,360000,36,OTHER,2026-09-14 13:38:00,MOBILE
APP200655,CUS100655,451000,24,HOME_RENOVATION,2026-03-21 09:59:00,MOBILE
APP200656,CUS100656,745000,36,MEDICAL,2026-08-16 13:46:00,WEB
APP200657,CUS100657,521000,24,TRAVEL,2026-04-11 16:48:00,MOBILE
APP200658,CUS100658,456000,48,TRAVEL,2026-07-24 06:56:00,WEB
APP200659,CUS100659,329000,48,EDUCATION,2026-11-15 05:18:00,MOBILE
APP200660,CUS100660,743000,48,MEDICAL,2026-04-28 23:13:00,MOBILE
APP200661,CUS100661,382000,36,DEBT_CONSOLIDATION,2026-12-25 06:24:00,MOBILE
APP200662,CUS100662,471000,24,TRAVEL,2026-06-15 11:54:00,MOBILE
APP200663,CUS100663,578000,36,OTHER,2026-03-10 17:16:00,WEB
APP200664,CUS100664,472000,48,OTHER,2026-02-25 08:02:00,MOBILE
APP200665,CUS100665,247000,48,TRAVEL,2026-03-19 08:34:00,WEB
APP200666,CUS100666,227000,24,HOME_RENOVATION,2026-06-21 12:49:00,MOBILE
APP200667,CUS100667,818000,36,DEBT_CONSOLIDATION,2026-06-19 19:27:00,WEB
APP200668,CUS100668,324000,36,MEDICAL,2026-06-10 00:06:00,WEB
APP200669,CUS100669,384000,36,OTHER,2026-11-30 22:29:00,WEB
APP200670,CUS100670,188000,12,MEDICAL,2026-06-07 00:54:00,MOBILE
APP200671,CUS100671,771000,18,MEDICAL,2026-03-07 03:54:00,MOBILE
APP200672,CUS100672,170000,36,MEDICAL,2026-01-17 22:57:00,WEB
APP200673,CUS100673,198000,60,OTHER,2026-11-08 12:32:00,MOBILE
APP200674,CUS100674,522000,24,EDUCATION,2026-10-02 19:53:00,MOBILE
APP200675,CUS100675,134000,24,EDUCATION,2026-07-28 14:27:00,WEB
APP200676,CUS100676,559000,36,HOME_RENOVATION,2026-03-09 06:11:00,WEB
APP200677,CUS100677,447000,36,MEDICAL,2026-07-27 05:27:00,MOBILE
APP200678,CUS100678,367000,36,OTHER,2026-04-28 19:18:00,WEB
APP200679,CUS100679,159000,60,HOME_RENOVATION,2026-05-19 09:48:00,MOBILE
APP200680,CUS100680,209000,60,OTHER,2026-05-21 12:47:00,MOBILE
APP200681,CUS100681,358000,60,EDUCATION,2026-11-03 12:12:00,MOBILE
APP200682,CUS100682,631000,36,MEDICAL,2026-09-29 00:11:00,WEB
APP200683,CUS100683,555000,36,MEDICAL,2026-01-04 17:11:00,MOBILE
APP200684,CUS100684,306000,48,EDUCATION,2026-07-11 02:08:00,WEB
APP200685,CUS100685,430000,60,OTHER,2026-10-20 23:43:00,WEB
APP200686,CUS100686,427000,36,TRAVEL,2026-01-11 14:27:00,MOBILE
APP200687,CUS100687,208000,36,EDUCATION,2026-01-09 11:20:00,MOBILE
APP200688,CUS100688,756000,36,OTHER,2026-09-24 14:38:00,MOBILE
APP200689,CUS100689,625000,24,HOME_RENOVATION,2026-03-29 09:59:00,MOBILE
APP200690,CUS100690,264000,60,DEBT_CONSOLIDATION,2026-01-17 14:00:00,MOBILE
APP200691,CUS100691,293000,36,OTHER,2026-09-06 06:30:00,WEB
APP200692,CUS100692,539000,24,MEDICAL,2026-08-06 01:27:00,WEB
APP200693,CUS100693,641000,36,OTHER,2026-01-26 01:06:00,MOBILE
APP200694,CUS100694,385000,24,TRAVEL,2026-07-16 16:39:00,MOBILE
APP200695,CUS100695,627000,48,DEBT_CONSOLIDATION,2026-11-14 21:11:00,MOBILE
APP200696,CUS100696,956000,48,HOME_RENOVATION,2026-02-15 00:37:00,WEB
APP200697,CUS100697,220000,48,OTHER,2026-02-04 19:05:00,MOBILE
APP200698,CUS100698,319000,48,DEBT_CONSOLIDATION,2026-03-17 06:53:00,WEB
APP200699,CUS100699,589000,36,EDUCATION,2026-12-14 10:53:00,MOBILE
APP200700,CUS100700,277000,60,MEDICAL,2026-06-13 01:50:00,MOBILE
APP200701,CUS100701,149000,36,HOME_RENOVATION,2026-12-15 23:55:00,WEB
APP200702,CUS100702,215000,60,OTHER,2026-09-20 02:44:00,WEB
APP200703,CUS100703,657000,36,TRAVEL,2026-07-14 03:51:00,MOBILE
APP200704,CUS100704,228000,48,HOME_RENOVATION,2026-08-18 13:40:00,WEB
APP200705,CUS100705,458000,60,MEDICAL,2026-12-26 16:08:00,WEB
APP200706,CUS100706,184000,18,TRAVEL,2026-01-28 13:32:00,MOBILE
APP200707,CUS100707,839000,36,OTHER,2026-04-10 19:06:00,MOBILE
APP200708,CUS100708,396000,60,TRAVEL,2026-12-23 09:34:00,MOBILE
APP200709,CUS100709,378000,36,TRAVEL,2026-08-06 21:39:00,MOBILE
APP200710,CUS100710,193000,48,DEBT_CONSOLIDATION,2026-08-07 12:46:00,MOBILE
APP200711,CUS100711,676000,60,TRAVEL,2026-08-28 16:07:00,WEB
APP200712,CUS100712,633000,48,EDUCATION,2026-12-04 11:18:00,MOBILE
APP200713,CUS100713,488000,36,MEDICAL,2026-11-02 01:47:00,MOBILE
APP200714,CUS100714,366000,36,MEDICAL,2026-05-14 11:35:00,WEB
APP200715,CUS100715,541000,18,EDUCATION,2026-01-27 09:00:00,WEB
APP200716,CUS100716,399000,24,DEBT_CONSOLIDATION,2026-11-09 16:03:00,WEB
APP200717,CUS100717,282000,18,OTHER,2026-01-21 04:41:00,WEB
APP200718,CUS100718,429000,36,TRAVEL,2026-10-03 04:14:00,MOBILE
APP200719,CUS100719,265000,24,OTHER,2026-11-13 19:47:00,WEB
APP200720,CUS100720,668000,18,MEDICAL,2026-04-30 00:40:00,WEB
APP200721,CUS100721,532000,48,OTHER,2026-01-09 13:16:00,MOBILE
APP200722,CUS100722,257000,36,MEDICAL,2026-10-03 04:43:00,MOBILE
APP200723,CUS100723,277000,48,MEDICAL,2026-01-18 08:47:00,MOBILE
APP200724,CUS100724,369000,36,TRAVEL,2026-11-21 21:28:00,MOBILE
APP200725,CUS100725,225000,36,OTHER,2026-01-23 23:24:00,MOBILE
APP200726,CUS100726,365000,36,HOME_RENOVATION,2026-10-28 16:39:00,MOBILE
APP200727,CUS100727,812000,48,DEBT_CONSOLIDATION,2026-06-21 16:12:00,MOBILE
APP200728,CUS100728,1098000,48,EDUCATION,2026-12-07 11:51:00,WEB
APP200729,CUS100729,547000,36,DEBT_CONSOLIDATION,2026-10-26 18:15:00,MOBILE
APP200730,CUS100730,279000,24,EDUCATION,2026-02-26 00:06:00,MOBILE
APP200731,CUS100731,965000,24,EDUCATION,2026-07-10 12:26:00,MOBILE
APP200732,CUS100732,197000,60,EDUCATION,2026-09-05 07:53:00,MOBILE
APP200733,CUS100733,207000,36,TRAVEL,2026-05-25 20:36:00,MOBILE
APP200734,CUS100734,679000,48,HOME_RENOVATION,2026-10-17 05:20:00,MOBILE
APP200735,CUS100735,276000,48,HOME_RENOVATION,2026-04-04 14:38:00,MOBILE
APP200736,CUS100736,275000,36,HOME_RENOVATION,2026-03-02 12:38:00,WEB
APP200737,CUS100737,1142000,36,EDUCATION,2026-05-26 08:34:00,WEB
APP200738,CUS100738,221000,36,HOME_RENOVATION,2026-08-11 02:44:00,MOBILE
APP200739,CUS100739,323000,12,EDUCATION,2026-12-13 04:25:00,MOBILE
APP200740,CUS100740,768000,12,TRAVEL,2026-02-22 21:19:00,MOBILE
APP200741,CUS100741,689000,36,DEBT_CONSOLIDATION,2026-08-16 02:20:00,MOBILE
APP200742,CUS100742,367000,36,HOME_RENOVATION,2026-03-09 00:55:00,MOBILE
APP200743,CUS100743,891000,36,DEBT_CONSOLIDATION,2026-04-06 21:18:00,MOBILE
APP200744,CUS100744,534000,24,HOME_RENOVATION,2026-07-21 17:18:00,MOBILE
APP200745,CUS100745,391000,60,EDUCATION,2026-05-25 07:46:00,MOBILE
APP200746,CUS100746,248000,36,OTHER,2026-08-04 16:19:00,WEB
APP200747,CUS100747,513000,36,OTHER,2026-11-22 10:05:00,MOBILE
APP200748,CUS100748,307000,36,EDUCATION,2026-07-24 17:00:00,MOBILE
APP200749,CUS100749,967000,18,HOME_RENOVATION,2026-02-16 23:54:00,MOBILE
APP200750,CUS100750,853000,36,MEDICAL,2026-07-05 18:36:00,MOBILE
APP200751,CUS100751,776000,48,OTHER,2026-05-05 03:21:00,MOBILE
APP200752,CUS100752,502000,24,TRAVEL,2026-11-10 13:05:00,MOBILE
APP200753,CUS100753,970000,36,EDUCATION,2026-07-10 12:52:00,MOBILE
APP200754,CUS100754,1629000,24,EDUCATION,2026-03-14 21:51:00,MOBILE
APP200755,CUS100755,355000,36,DEBT_CONSOLIDATION,2026-01-31 08:08:00,WEB
APP200756,CUS100756,832000,60,EDUCATION,2026-09-21 04:01:00,WEB
APP200757,CUS100757,743000,24,EDUCATION,2026-05-17 12:48:00,MOBILE
APP200758,CUS100758,417000,36,DEBT_CONSOLIDATION,2026-11-26 13:03:00,MOBILE
APP200759,CUS100759,457000,60,OTHER,2026-07-06 08:41:00,MOBILE
APP200760,CUS100760,486000,12,DEBT_CONSOLIDATION,2026-08-30 09:52:00,WEB
APP200761,CUS100761,218000,36,TRAVEL,2026-02-23 16:29:00,MOBILE
APP200762,CUS100762,388000,36,OTHER,2026-12-18 03:03:00,WEB
APP200763,CUS100763,383000,60,OTHER,2026-09-24 23:06:00,MOBILE
APP200764,CUS100764,688000,48,EDUCATION,2026-07-05 04:35:00,WEB
APP200765,CUS100765,942000,36,HOME_RENOVATION,2026-01-19 06:31:00,WEB
APP200766,CUS100766,112000,60,OTHER,2026-10-31 13:03:00,MOBILE
APP200767,CUS100767,613000,18,HOME_RENOVATION,2026-02-08 16:31:00,MOBILE
APP200768,CUS100768,1157000,48,EDUCATION,2026-02-01 05:42:00,MOBILE
APP200769,CUS100769,408000,36,OTHER,2026-08-15 07:39:00,WEB
APP200770,CUS100770,433000,48,TRAVEL,2026-08-09 05:49:00,MOBILE
APP200771,CUS100771,1114000,24,HOME_RENOVATION,2026-10-22 11:49:00,MOBILE
APP200772,CUS100772,281000,48,MEDICAL,2026-08-15 23:12:00,MOBILE
APP200773,CUS100773,474000,48,OTHER,2026-11-12 14:14:00,WEB
APP200774,CUS100774,591000,12,MEDICAL,2026-04-16 13:38:00,WEB
APP200775,CUS100775,293000,36,TRAVEL,2026-05-05 22:11:00,WEB
APP200776,CUS100776,615000,36,OTHER,2026-06-10 10:26:00,MOBILE
APP200777,CUS100777,375000,36,MEDICAL,2026-08-09 06:55:00,WEB
APP200778,CUS100778,573000,48,TRAVEL,2026-01-15 19:32:00,WEB
APP200779,CUS100779,632000,12,MEDICAL,2026-02-08 20:04:00,WEB
APP200780,CUS100780,414000,24,EDUCATION,2026-05-22 17:40:00,MOBILE
APP200781,CUS100781,347000,36,HOME_RENOVATION,2026-06-09 05:32:00,MOBILE
APP200782,CUS100782,309000,60,EDUCATION,2026-08-11 06:56:00,MOBILE
APP200783,CUS100783,275000,12,OTHER,2026-11-25 07:45:00,MOBILE
APP200784,CUS100784,410000,48,HOME_RENOVATION,2026-01-12 02:06:00,MOBILE
APP200785,CUS100785,180000,36,HOME_RENOVATION,2026-02-28 19:30:00,WEB
APP200786,CUS100786,1040000,48,MEDICAL,2026-09-04 20:59:00,WEB
APP200787,CUS100787,247000,36,DEBT_CONSOLIDATION,2026-11-19 22:38:00,MOBILE
APP200788,CUS100788,497000,24,OTHER,2026-01-04 22:43:00,WEB
APP200789,CUS100789,869000,36,TRAVEL,2026-02-04 11:42:00,WEB
APP200790,CUS100790,257000,36,EDUCATION,2026-07-18 09:02:00,MOBILE
APP200791,CUS100791,214000,48,MEDICAL,2026-06-28 19:05:00,MOBILE
APP200792,CUS100792,590000,48,TRAVEL,2026-10-02 09:00:00,MOBILE
APP200793,CUS100793,204000,12,OTHER,2026-08-20 20:00:00,WEB
APP200794,CUS100794,1848000,48,MEDICAL,2026-10-13 21:03:00,MOBILE
APP200795,CUS100795,148000,24,HOME_RENOVATION,2026-02-27 09:55:00,WEB
APP200796,CUS100796,385000,12,HOME_RENOVATION,2026-08-18 03:51:00,WEB
APP200797,CUS100797,623000,24,DEBT_CONSOLIDATION,2026-06-25 22:59:00,WEB
APP200798,CUS100798,294000,18,EDUCATION,2026-04-30 08:56:00,MOBILE
APP200799,CUS100799,480000,36,OTHER,2026-02-10 21:47:00,MOBILE
APP200800,CUS100800,506000,60,HOME_RENOVATION,2026-08-26 05:05:00,MOBILE
APP200801,CUS100801,289000,36,DEBT_CONSOLIDATION,2026-03-02 13:09:00,WEB
APP200802,CUS100802,338000,18,DEBT_CONSOLIDATION,2026-12-18 12:10:00,MOBILE
APP200803,CUS100803,612000,48,MEDICAL,2026-04-25 07:21:00,MOBILE
APP200804,CUS100804,457000,36,TRAVEL,2026-01-28 10:09:00,MOBILE
APP200805,CUS100805,571000,12,MEDICAL,2026-03-25 04:41:00,WEB
APP200806,CUS100806,737000,36,EDUCATION,2026-02-13 20:37:00,WEB
APP200807,CUS100807,600000,36,TRAVEL,2026-05-07 12:11:00,MOBILE
APP200808,CUS100808,404000,24,MEDICAL,2026-11-05 13:55:00,MOBILE
APP200809,CUS100809,812000,60,EDUCATION,2026-01-22 08:17:00,MOBILE
APP200810,CUS100810,309000,48,MEDICAL,2026-07-31 12:08:00,MOBILE
APP200811,CUS100811,413000,18,HOME_RENOVATION,2026-01-08 13:02:00,MOBILE
APP200812,CUS100812,489000,36,OTHER,2026-10-02 18:50:00,MOBILE
APP200813,CUS100813,705000,36,DEBT_CONSOLIDATION,2026-05-14 08:48:00,MOBILE
APP200814,CUS100814,427000,36,EDUCATION,2026-05-03 08:32:00,WEB
APP200815,CUS100815,427000,12,HOME_RENOVATION,2026-12-29 18:38:00,MOBILE
APP200816,CUS100816,299000,24,HOME_RENOVATION,2026-04-04 23:55:00,MOBILE
APP200817,CUS100817,359000,48,HOME_RENOVATION,2026-11-02 17:06:00,MOBILE
APP200818,CUS100818,921000,24,MEDICAL,2026-07-12 12:08:00,MOBILE
APP200819,CUS100819,353000,60,DEBT_CONSOLIDATION,2026-01-02 02:15:00,WEB
APP200820,CUS100820,527000,24,OTHER,2026-05-13 07:43:00,MOBILE
APP200821,CUS100821,1264000,18,OTHER,2026-08-15 11:34:00,MOBILE
APP200822,CUS100822,404000,12,OTHER,2026-02-08 02:49:00,WEB
APP200823,CUS100823,846000,36,HOME_RENOVATION,2026-02-19 05:06:00,MOBILE
APP200824,CUS100824,579000,36,HOME_RENOVATION,2026-10-20 00:53:00,MOBILE
APP200825,CUS100825,841000,12,OTHER,2026-03-20 17:13:00,MOBILE
APP200826,CUS100826,1194000,36,DEBT_CONSOLIDATION,2026-11-05 12:41:00,WEB
APP200827,CUS100827,176000,60,MEDICAL,2026-09-11 15:08:00,MOBILE
APP200828,CUS100828,885000,24,OTHER,2026-02-02 22:24:00,MOBILE
APP200829,CUS100829,406000,24,OTHER,2026-01-14 06:42:00,MOBILE
APP200830,CUS100830,335000,12,MEDICAL,2026-05-14 06:20:00,WEB
APP200831,CUS100831,489000,60,TRAVEL,2026-10-17 21:59:00,MOBILE
APP200832,CUS100832,393000,24,TRAVEL,2026-09-20 08:43:00,WEB
APP200833,CUS100833,303000,12,TRAVEL,2026-04-14 09:05:00,WEB
APP200834,CUS100834,467000,36,OTHER,2026-11-30 20:46:00,MOBILE
APP200835,CUS100835,434000,12,EDUCATION,2026-05-20 22:01:00,WEB
APP200836,CUS100836,553000,24,HOME_RENOVATION,2026-03-22 22:14:00,MOBILE
APP200837,CUS100837,864000,36,HOME_RENOVATION,2026-05-12 01:59:00,WEB
APP200838,CUS100838,577000,36,EDUCATION,2026-07-29 12:38:00,WEB
APP200839,CUS100839,1084000,36,OTHER,2026-03-18 15:49:00,MOBILE
APP200840,CUS100840,264000,36,HOME_RENOVATION,2026-01-01 15:45:00,MOBILE
APP200841,CUS100841,145000,36,EDUCATION,2026-02-23 04:53:00,MOBILE
APP200842,CUS100842,287000,48,TRAVEL,2026-08-30 04:41:00,WEB
APP200843,CUS100843,195000,60,MEDICAL,2026-07-27 23:17:00,MOBILE
APP200844,CUS100844,683000,24,DEBT_CONSOLIDATION,2026-06-29 17:54:00,MOBILE
APP200845,CUS100845,391000,36,OTHER,2026-03-10 00:19:00,MOBILE
APP200846,CUS100846,168000,48,OTHER,2026-08-26 17:00:00,MOBILE
APP200847,CUS100847,779000,36,HOME_RENOVATION,2026-07-13 09:12:00,WEB
APP200848,CUS100848,390000,36,TRAVEL,2026-01-29 00:00:00,MOBILE
APP200849,CUS100849,496000,12,DEBT_CONSOLIDATION,2026-04-01 21:09:00,WEB
APP200850,CUS100850,239000,24,MEDICAL,2026-02-06 10:04:00,WEB
APP200851,CUS100851,1100000,12,MEDICAL,2026-11-06 09:13:00,MOBILE
APP200852,CUS100852,556000,36,EDUCATION,2026-08-12 22:04:00,MOBILE
APP200853,CUS100853,1466000,48,OTHER,2026-09-03 21:50:00,WEB
APP200854,CUS100854,231000,36,EDUCATION,2026-09-18 07:54:00,MOBILE
APP200855,CUS100855,282000,36,HOME_RENOVATION,2026-10-01 02:52:00,WEB
APP200856,CUS100856,473000,36,MEDICAL,2026-03-26 01:25:00,MOBILE
APP200857,CUS100857,282000,36,MEDICAL,2026-12-24 10:37:00,MOBILE
APP200858,CUS100858,799000,24,HOME_RENOVATION,2026-12-17 01:20:00,WEB
APP200859,CUS100859,1013000,60,DEBT_CONSOLIDATION,2026-09-12 08:42:00,WEB
APP200860,CUS100860,680000,24,OTHER,2026-11-28 02:58:00,WEB
APP200861,CUS100861,549000,36,TRAVEL,2026-08-05 01:33:00,MOBILE
APP200862,CUS100862,259000,36,TRAVEL,2026-08-12 10:25:00,MOBILE
APP200863,CUS100863,134000,36,OTHER,2026-10-09 22:30:00,WEB
APP200864,CUS100864,727000,36,TRAVEL,2026-03-15 18:13:00,WEB
APP200865,CUS100865,550000,60,HOME_RENOVATION,2026-10-28 04:29:00,WEB
APP200866,CUS100866,510000,24,DEBT_CONSOLIDATION,2026-10-24 03:01:00,MOBILE
APP200867,CUS100867,155000,36,HOME_RENOVATION,2026-02-17 09:51:00,WEB
APP200868,CUS100868,566000,36,DEBT_CONSOLIDATION,2026-04-22 19:20:00,MOBILE
APP200869,CUS100869,909000,48,OTHER,2026-12-23 02:28:00,MOBILE
APP200870,CUS100870,451000,36,EDUCATION,2026-04-12 14:30:00,WEB
APP200871,CUS100871,750000,36,EDUCATION,2026-10-11 18:18:00,WEB
APP200872,CUS100872,611000,12,EDUCATION,2026-05-07 15:01:00,MOBILE
APP200873,CUS100873,629000,48,TRAVEL,2026-12-13 13:35:00,WEB
APP200874,CUS100874,208000,24,TRAVEL,2026-01-08 17:07:00,WEB
APP200875,CUS100875,427000,24,DEBT_CONSOLIDATION,2026-10-02 03:12:00,WEB
APP200876,CUS100876,646000,36,TRAVEL,2026-06-29 18:39:00,MOBILE
APP200877,CUS100877,235000,12,DEBT_CONSOLIDATION,2026-10-21 05:16:00,MOBILE
APP200878,CUS100878,662000,18,TRAVEL,2026-01-03 09:46:00,MOBILE
APP200879,CUS100879,100000,48,MEDICAL,2026-03-12 03:09:00,MOBILE
APP200880,CUS100880,311000,60,MEDICAL,2026-10-05 10:22:00,MOBILE
APP200881,CUS100881,498000,48,TRAVEL,2026-08-24 12:36:00,WEB
APP200882,CUS100882,780000,12,MEDICAL,2026-05-19 21:45:00,MOBILE
APP200883,CUS100883,314000,36,MEDICAL,2026-09-30 08:14:00,WEB
APP200884,CUS100884,302000,48,OTHER,2026-04-04 06:42:00,WEB
APP200885,CUS100885,542000,36,HOME_RENOVATION,2026-12-16 16:59:00,WEB
APP200886,CUS100886,345000,48,HOME_RENOVATION,2026-12-16 17:59:00,MOBILE
APP200887,CUS100887,289000,24,DEBT_CONSOLIDATION,2026-07-06 01:36:00,WEB
APP200888,CUS100888,229000,60,OTHER,2026-11-05 10:08:00,MOBILE
APP200889,CUS100889,228000,48,MEDICAL,2026-07-03 02:49:00,MOBILE
APP200890,CUS100890,264000,60,TRAVEL,2026-01-11 03:45:00,WEB
APP200891,CUS100891,333000,18,DEBT_CONSOLIDATION,2026-01-09 02:44:00,WEB
APP200892,CUS100892,212000,36,MEDICAL,2026-10-03 15:29:00,MOBILE
APP200893,CUS100893,399000,24,MEDICAL,2026-02-04 18:27:00,WEB
APP200894,CUS100894,343000,36,HOME_RENOVATION,2026-12-17 08:05:00,WEB
APP200895,CUS100895,316000,36,EDUCATION,2026-05-26 07:42:00,MOBILE
APP200896,CUS100896,380000,24,DEBT_CONSOLIDATION,2026-06-02 02:43:00,MOBILE
APP200897,CUS100897,114000,36,TRAVEL,2026-03-13 07:28:00,WEB
APP200898,CUS100898,269000,48,OTHER,2026-09-18 11:19:00,MOBILE
APP200899,CUS100899,506000,60,EDUCATION,2026-11-13 20:41:00,MOBILE
APP200900,CUS100900,397000,36,MEDICAL,2026-04-26 07:17:00,MOBILE
APP200901,CUS100901,188000,36,OTHER,2026-10-19 10:37:00,MOBILE
APP200902,CUS100902,1118000,36,TRAVEL,2026-11-18 07:18:00,WEB
APP200903,CUS100903,797000,36,HOME_RENOVATION,2026-05-05 15:38:00,MOBILE
APP200904,CUS100904,1625000,36,EDUCATION,2026-02-26 18:47:00,MOBILE
APP200905,CUS100905,725000,36,TRAVEL,2026-10-29 01:22:00,MOBILE
APP200906,CUS100906,488000,36,MEDICAL,2026-03-11 09:50:00,WEB
APP200907,CUS100907,430000,24,OTHER,2026-05-21 00:43:00,MOBILE
APP200908,CUS100908,399000,12,DEBT_CONSOLIDATION,2026-05-24 15:35:00,MOBILE
APP200909,CUS100909,1446000,36,DEBT_CONSOLIDATION,2026-08-13 00:44:00,WEB
APP200910,CUS100910,604000,36,EDUCATION,2026-08-19 13:18:00,MOBILE
APP200911,CUS100911,1053000,36,DEBT_CONSOLIDATION,2026-05-01 04:34:00,MOBILE
APP200912,CUS100912,453000,36,TRAVEL,2026-07-24 09:05:00,MOBILE
APP200913,CUS100913,324000,36,MEDICAL,2026-07-29 08:30:00,MOBILE
APP200914,CUS100914,326000,36,EDUCATION,2026-02-07 16:33:00,MOBILE
APP200915,CUS100915,375000,48,OTHER,2026-02-08 04:54:00,MOBILE
APP200916,CUS100916,316000,24,TRAVEL,2026-11-05 15:48:00,MOBILE
APP200917,CUS100917,480000,12,OTHER,2026-10-14 19:45:00,MOBILE
APP200918,CUS100918,233000,48,DEBT_CONSOLIDATION,2026-11-17 04:09:00,MOBILE
APP200919,CUS100919,208000,18,DEBT_CONSOLIDATION,2026-01-26 05:14:00,WEB
APP200920,CUS100920,333000,60,DEBT_CONSOLIDATION,2026-04-02 12:04:00,MOBILE
APP200921,CUS100921,303000,36,OTHER,2026-10-31 01:10:00,MOBILE
APP200922,CUS100922,167000,36,DEBT_CONSOLIDATION,2026-12-10 15:36:00,MOBILE
APP200923,CUS100923,276000,36,DEBT_CONSOLIDATION,2026-04-15 15:48:00,MOBILE
APP200924,CUS100924,367000,36,EDUCATION,2026-10-21 07:24:00,MOBILE
APP200925,CUS100925,403000,36,EDUCATION,2026-07-23 15:00:00,MOBILE
APP200926,CUS100926,299000,48,OTHER,2026-07-14 01:31:00,MOBILE
APP200927,CUS100927,572000,36,TRAVEL,2026-06-07 19:30:00,WEB
APP200928,CUS100928,287000,12,DEBT_CONSOLIDATION,2026-03-07 15:38:00,MOBILE
APP200929,CUS100929,234000,36,MEDICAL,2026-09-13 16:56:00,MOBILE
APP200930,CUS100930,742000,12,OTHER,2026-10-23 06:59:00,MOBILE
APP200931,CUS100931,1033000,48,TRAVEL,2026-11-17 07:33:00,MOBILE
APP200932,CUS100932,283000,48,EDUCATION,2026-01-18 10:54:00,WEB
APP200933,CUS100933,149000,36,EDUCATION,2026-07-01 08:56:00,MOBILE
APP200934,CUS100934,707000,60,MEDICAL,2026-07-23 10:42:00,MOBILE
APP200935,CUS100935,277000,36,EDUCATION,2026-06-04 01:44:00,MOBILE
APP200936,CUS100936,716000,24,EDUCATION,2026-10-23 23:14:00,WEB
APP200937,CUS100937,1289000,12,OTHER,2026-07-20 11:38:00,WEB
APP200938,CUS100938,229000,48,HOME_RENOVATION,2026-04-11 02:14:00,MOBILE
APP200939,CUS100939,229000,24,DEBT_CONSOLIDATION,2026-09-30 12:36:00,WEB
APP200940,CUS100940,300000,60,DEBT_CONSOLIDATION,2026-02-04 16:39:00,MOBILE
APP200941,CUS100941,875000,36,MEDICAL,2026-06-29 09:39:00,MOBILE
APP200942,CUS100942,2000000,36,MEDICAL,2026-10-19 07:23:00,MOBILE
APP200943,CUS100943,510000,18,TRAVEL,2026-08-07 23:45:00,MOBILE
APP200944,CUS100944,241000,36,MEDICAL,2026-06-04 23:57:00,WEB
APP200945,CUS100945,343000,18,HOME_RENOVATION,2026-06-29 03:51:00,WEB
APP200946,CUS100946,242000,36,DEBT_CONSOLIDATION,2026-01-25 23:09:00,MOBILE
APP200947,CUS100947,631000,60,MEDICAL,2026-10-11 13:41:00,WEB
APP200948,CUS100948,529000,48,EDUCATION,2026-08-08 14:37:00,WEB
APP200949,CUS100949,134000,36,DEBT_CONSOLIDATION,2026-12-11 20:21:00,MOBILE
APP200950,CUS100950,292000,24,MEDICAL,2026-10-07 06:25:00,MOBILE
APP200951,CUS100951,459000,36,MEDICAL,2026-10-14 23:28:00,MOBILE
APP200952,CUS100952,422000,60,TRAVEL,2026-03-17 21:01:00,MOBILE
APP200953,CUS100953,224000,36,TRAVEL,2026-05-16 19:54:00,MOBILE
APP200954,CUS100954,621000,18,MEDICAL,2026-01-16 02:19:00,MOBILE
APP200955,CUS100955,954000,36,HOME_RENOVATION,2026-11-09 15:26:00,MOBILE
APP200956,CUS100956,262000,24,DEBT_CONSOLIDATION,2026-04-23 18:15:00,WEB
APP200957,CUS100957,341000,12,DEBT_CONSOLIDATION,2026-07-24 00:51:00,MOBILE
APP200958,CUS100958,143000,60,TRAVEL,2026-05-08 07:10:00,WEB
APP200959,CUS100959,324000,36,HOME_RENOVATION,2026-10-05 09:14:00,MOBILE
APP200960,CUS100960,258000,24,HOME_RENOVATION,2026-06-04 08:20:00,MOBILE
APP200961,CUS100961,209000,24,HOME_RENOVATION,2026-05-15 12:10:00,MOBILE
APP200962,CUS100962,212000,24,DEBT_CONSOLIDATION,2026-08-01 11:37:00,MOBILE
APP200963,CUS100963,1002000,36,TRAVEL,2026-06-21 02:43:00,WEB
APP200964,CUS100964,510000,36,DEBT_CONSOLIDATION,2026-10-17 10:16:00,MOBILE
APP200965,CUS100965,685000,18,DEBT_CONSOLIDATION,2026-04-01 22:49:00,WEB
APP200966,CUS100966,556000,36,MEDICAL,2026-11-29 05:52:00,MOBILE
APP200967,CUS100967,221000,24,HOME_RENOVATION,2026-02-18 18:10:00,WEB
APP200968,CUS100968,235000,24,MEDICAL,2026-01-27 07:08:00,WEB
APP200969,CUS100969,794000,36,OTHER,2026-09-20 11:40:00,MOBILE
APP200970,CUS100970,378000,36,TRAVEL,2026-04-24 01:42:00,MOBILE
APP200971,CUS100971,207000,12,DEBT_CONSOLIDATION,2026-09-25 10:23:00,WEB
APP200972,CUS100972,260000,36,TRAVEL,2026-06-11 09:58:00,WEB
APP200973,CUS100973,209000,36,MEDICAL,2026-04-25 07:57:00,MOBILE
APP200974,CUS100974,569000,36,DEBT_CONSOLIDATION,2026-11-03 06:41:00,WEB
APP200975,CUS100975,315000,24,MEDICAL,2026-11-14 20:34:00,MOBILE
APP200976,CUS100976,247000,18,OTHER,2026-02-28 06:12:00,MOBILE
APP200977,CUS100977,924000,60,OTHER,2026-02-14 13:14:00,MOBILE
APP200978,CUS100978,481000,60,EDUCATION,2026-09-06 09:31:00,MOBILE
APP200979,CUS100979,325000,24,DEBT_CONSOLIDATION,2026-11-03 21:51:00,MOBILE
APP200980,CUS100980,558000,48,EDUCATION,2026-10-18 22:59:00,MOBILE
APP200981,CUS100981,370000,36,MEDICAL,2026-07-30 01:20:00,WEB
APP200982,CUS100982,448000,48,TRAVEL,2026-11-23 04:30:00,MOBILE
APP200983,CUS100983,820000,48,MEDICAL,2026-11-16 17:08:00,WEB
APP200984,CUS100984,247000,36,TRAVEL,2026-04-11 00:04:00,MOBILE
APP200985,CUS100985,653000,60,DEBT_CONSOLIDATION,2026-08-09 19:25:00,MOBILE
APP200986,CUS100986,617000,36,DEBT_CONSOLIDATION,2026-02-16 10:24:00,MOBILE
APP200987,CUS100987,544000,18,MEDICAL,2026-04-08 03:30:00,WEB
APP200988,CUS100988,462000,48,DEBT_CONSOLIDATION,2026-10-26 22:10:00,MOBILE
APP200989,CUS100989,468000,48,TRAVEL,2026-12-20 07:34:00,MOBILE
APP200990,CUS100990,955000,48,MEDICAL,2026-01-16 05:40:00,WEB
APP200991,CUS100991,1282000,60,EDUCATION,2026-08-18 20:45:00,MOBILE
APP200992,CUS100992,921000,36,OTHER,2026-05-16 02:41:00,MOBILE
APP200993,CUS100993,487000,18,TRAVEL,2026-09-24 17:13:00,MOBILE
APP200994,CUS100994,1924000,36,OTHER,2026-05-20 16:22:00,MOBILE
APP200995,CUS100995,257000,36,MEDICAL,2026-09-12 15:05:00,MOBILE
APP200996,CUS100996,1338000,48,EDUCATION,2026-11-07 15:38:00,MOBILE
APP200997,CUS100997,293000,24,HOME_RENOVATION,2026-06-10 21:15:00,WEB
APP200998,CUS100998,509000,18,DEBT_CONSOLIDATION,2026-06-23 05:04:00,MOBILE
APP200999,CUS100999,437000,36,DEBT_CONSOLIDATION,2026-10-06 13:10:00,MOBILE
APP201000,CUS101000,351000,18,EDUCATION,2026-09-08 14:32:00,MOBILE
APP201001,CUS101001,262000,36,HOME_RENOVATION,2026-11-03 01:20:00,WEB
APP201002,CUS101002,188000,36,DEBT_CONSOLIDATION,2026-12-21 12:21:00,WEB
APP201003,CUS101003,162000,36,DEBT_CONSOLIDATION,2026-08-14 14:51:00,MOBILE
APP201004,CUS101004,588000,24,TRAVEL,2026-04-13 13:32:00,WEB
APP201005,CUS101005,1021000,36,MEDICAL,2026-08-01 07:10:00,MOBILE
APP201006,CUS101006,379000,24,DEBT_CONSOLIDATION,2026-06-13 12:47:00,WEB
APP201007,CUS101007,375000,36,MEDICAL,2026-03-31 08:42:00,MOBILE
APP201008,CUS101008,306000,24,HOME_RENOVATION,2026-04-01 11:01:00,MOBILE
APP201009,CUS101009,161000,12,TRAVEL,2026-04-30 14:42:00,MOBILE
APP201010,CUS101010,386000,36,HOME_RENOVATION,2026-11-14 07:27:00,MOBILE
APP201011,CUS101011,1375000,36,MEDICAL,2026-07-28 07:57:00,MOBILE
APP201012,CUS101012,573000,36,MEDICAL,2026-06-25 22:53:00,MOBILE
APP201013,CUS101013,374000,36,TRAVEL,2026-05-01 08:31:00,WEB
APP201014,CUS101014,1073000,36,MEDICAL,2026-12-18 15:38:00,WEB
APP201015,CUS101015,466000,60,TRAVEL,2026-11-01 19:49:00,WEB
APP201016,CUS101016,321000,48,HOME_RENOVATION,2026-11-01 09:09:00,MOBILE
APP201017,CUS101017,483000,36,HOME_RENOVATION,2026-05-02 01:04:00,MOBILE
APP201018,CUS101018,461000,18,EDUCATION,2026-06-20 16:59:00,MOBILE
APP201019,CUS101019,254000,12,HOME_RENOVATION,2026-11-25 04:15:00,WEB
APP201020,CUS101020,435000,12,EDUCATION,2026-09-14 15:36:00,MOBILE
APP201021,CUS101021,371000,48,DEBT_CONSOLIDATION,2026-06-14 02:23:00,MOBILE
APP201022,CUS101022,413000,48,TRAVEL,2026-10-05 20:33:00,WEB
APP201023,CUS101023,250000,36,MEDICAL,2026-02-23 18:14:00,WEB
APP201024,CUS101024,252000,48,TRAVEL,2026-01-08 21:32:00,WEB
APP201025,CUS101025,179000,60,OTHER,2026-10-31 22:51:00,MOBILE
APP201026,CUS101026,227000,18,EDUCATION,2026-03-11 20:21:00,MOBILE
APP201027,CUS101027,471000,24,TRAVEL,2026-10-06 15:23:00,MOBILE
APP201028,CUS101028,359000,36,TRAVEL,2026-05-29 17:03:00,MOBILE
APP201029,CUS101029,315000,18,HOME_RENOVATION,2026-10-30 18:17:00,MOBILE
APP201030,CUS101030,388000,36,OTHER,2026-08-25 21:35:00,WEB
APP201031,CUS101031,726000,24,DEBT_CONSOLIDATION,2026-01-07 11:30:00,WEB
APP201032,CUS101032,1068000,48,EDUCATION,2026-05-08 12:56:00,WEB
APP201033,CUS101033,601000,24,OTHER,2026-12-15 09:13:00,WEB
APP201034,CUS101034,740000,12,OTHER,2026-06-02 18:43:00,WEB
APP201035,CUS101035,366000,60,DEBT_CONSOLIDATION,2026-06-14 05:26:00,MOBILE
APP201036,CUS101036,574000,18,MEDICAL,2026-08-12 22:43:00,MOBILE
APP201037,CUS101037,454000,36,DEBT_CONSOLIDATION,2026-07-10 03:37:00,MOBILE
APP201038,CUS101038,213000,48,HOME_RENOVATION,2026-05-22 22:24:00,WEB
APP201039,CUS101039,411000,48,EDUCATION,2026-05-13 22:01:00,WEB
APP201040,CUS101040,745000,36,DEBT_CONSOLIDATION,2026-10-31 02:05:00,WEB
APP201041,CUS101041,404000,36,MEDICAL,2026-01-28 20:16:00,MOBILE
APP201042,CUS101042,255000,36,DEBT_CONSOLIDATION,2026-03-08 13:56:00,WEB
APP201043,CUS101043,298000,36,HOME_RENOVATION,2026-10-27 06:16:00,MOBILE
APP201044,CUS101044,989000,60,EDUCATION,2026-10-29 09:02:00,MOBILE
APP201045,CUS101045,187000,60,HOME_RENOVATION,2026-03-05 20:03:00,WEB
APP201046,CUS101046,839000,48,EDUCATION,2026-10-20 00:16:00,MOBILE
APP201047,CUS101047,428000,48,EDUCATION,2026-12-17 17:17:00,WEB
APP201048,CUS101048,488000,48,TRAVEL,2026-11-18 12:27:00,WEB
APP201049,CUS101049,199000,48,HOME_RENOVATION,2026-05-06 08:02:00,WEB
APP201050,CUS101050,1750000,48,HOME_RENOVATION,2026-10-23 12:11:00,MOBILE
APP201051,CUS101051,291000,36,DEBT_CONSOLIDATION,2026-01-07 03:55:00,MOBILE
APP201052,CUS101052,813000,36,TRAVEL,2026-06-11 20:55:00,MOBILE
APP201053,CUS101053,360000,36,HOME_RENOVATION,2026-04-16 21:31:00,WEB
APP201054,CUS101054,260000,36,MEDICAL,2026-07-11 16:11:00,MOBILE
APP201055,CUS101055,589000,48,OTHER,2026-05-15 13:23:00,MOBILE
APP201056,CUS101056,1378000,36,OTHER,2026-03-06 10:21:00,MOBILE
APP201057,CUS101057,264000,18,OTHER,2026-01-14 22:52:00,MOBILE
APP201058,CUS101058,458000,24,EDUCATION,2026-06-05 18:27:00,MOBILE
APP201059,CUS101059,321000,18,EDUCATION,2026-06-03 08:18:00,MOBILE
APP201060,CUS101060,361000,18,MEDICAL,2026-04-18 03:44:00,WEB
APP201061,CUS101061,285000,60,HOME_RENOVATION,2026-05-27 11:17:00,MOBILE
APP201062,CUS101062,761000,12,DEBT_CONSOLIDATION,2026-02-18 08:16:00,WEB
APP201063,CUS101063,216000,36,DEBT_CONSOLIDATION,2026-05-10 06:03:00,WEB
APP201064,CUS101064,238000,12,TRAVEL,2026-03-30 22:07:00,MOBILE
APP201065,CUS101065,900000,36,TRAVEL,2026-11-06 08:01:00,WEB
APP201066,CUS101066,946000,36,EDUCATION,2026-04-20 23:28:00,MOBILE
APP201067,CUS101067,819000,48,OTHER,2026-01-09 09:10:00,MOBILE
APP201068,CUS101068,484000,36,MEDICAL,2026-12-18 02:52:00,MOBILE
APP201069,CUS101069,285000,48,OTHER,2026-04-08 09:31:00,MOBILE
APP201070,CUS101070,589000,24,HOME_RENOVATION,2026-10-15 00:38:00,WEB
APP201071,CUS101071,247000,36,TRAVEL,2026-12-21 19:46:00,MOBILE
APP201072,CUS101072,305000,36,HOME_RENOVATION,2026-06-27 19:35:00,MOBILE
APP201073,CUS101073,591000,36,OTHER,2026-05-20 00:19:00,WEB
APP201074,CUS101074,559000,12,DEBT_CONSOLIDATION,2026-03-05 18:16:00,WEB
APP201075,CUS101075,417000,24,DEBT_CONSOLIDATION,2026-03-25 10:55:00,MOBILE
APP201076,CUS101076,430000,24,HOME_RENOVATION,2026-11-11 00:52:00,MOBILE
APP201077,CUS101077,337000,24,HOME_RENOVATION,2026-01-23 01:26:00,WEB
APP201078,CUS101078,181000,36,OTHER,2026-03-07 15:53:00,MOBILE
APP201079,CUS101079,548000,24,MEDICAL,2026-03-11 06:50:00,MOBILE
APP201080,CUS101080,367000,36,MEDICAL,2026-02-01 10:08:00,MOBILE
APP201081,CUS101081,820000,24,OTHER,2026-09-27 16:00:00,MOBILE
APP201082,CUS101082,457000,36,HOME_RENOVATION,2026-01-23 23:26:00,WEB
APP201083,CUS101083,166000,24,EDUCATION,2026-10-20 12:43:00,MOBILE
APP201084,CUS101084,129000,36,HOME_RENOVATION,2026-11-17 17:03:00,WEB
APP201085,CUS101085,320000,48,TRAVEL,2026-04-26 11:23:00,WEB
APP201086,CUS101086,521000,36,HOME_RENOVATION,2026-03-25 08:32:00,MOBILE
APP201087,CUS101087,435000,48,EDUCATION,2026-05-06 11:43:00,WEB
APP201088,CUS101088,636000,36,DEBT_CONSOLIDATION,2026-04-19 21:24:00,WEB
APP201089,CUS101089,353000,36,MEDICAL,2026-07-11 03:45:00,MOBILE
APP201090,CUS101090,583000,36,MEDICAL,2026-07-07 17:34:00,WEB
APP201091,CUS101091,387000,24,HOME_RENOVATION,2026-06-27 16:35:00,MOBILE
APP201092,CUS101092,553000,24,TRAVEL,2026-05-11 11:38:00,MOBILE
APP201093,CUS101093,271000,18,TRAVEL,2026-07-22 10:13:00,MOBILE
APP201094,CUS101094,440000,24,HOME_RENOVATION,2026-02-23 16:35:00,MOBILE
APP201095,CUS101095,719000,48,DEBT_CONSOLIDATION,2026-08-19 16:54:00,MOBILE
APP201096,CUS101096,633000,18,EDUCATION,2026-09-30 05:21:00,MOBILE
APP201097,CUS101097,308000,36,TRAVEL,2026-02-06 08:15:00,WEB
APP201098,CUS101098,270000,24,DEBT_CONSOLIDATION,2026-03-02 05:13:00,WEB
APP201099,CUS101099,1093000,48,MEDICAL,2026-12-26 13:01:00,WEB
APP201100,CUS101100,451000,48,HOME_RENOVATION,2026-05-18 04:01:00,MOBILE
APP201101,CUS101101,296000,24,OTHER,2026-10-12 14:35:00,MOBILE
APP201102,CUS101102,391000,48,TRAVEL,2026-11-06 16:29:00,WEB
APP201103,CUS101103,362000,36,TRAVEL,2026-07-18 04:40:00,MOBILE
APP201104,CUS101104,477000,36,HOME_RENOVATION,2026-03-18 07:38:00,MOBILE
APP201105,CUS101105,175000,12,TRAVEL,2026-01-13 07:46:00,WEB
APP201106,CUS101106,510000,36,OTHER,2026-09-18 05:53:00,MOBILE
APP201107,CUS101107,705000,24,DEBT_CONSOLIDATION,2026-07-20 22:00:00,MOBILE
APP201108,CUS101108,405000,60,DEBT_CONSOLIDATION,2026-01-19 10:19:00,MOBILE
APP201109,CUS101109,418000,36,HOME_RENOVATION,2026-10-07 18:48:00,MOBILE
APP201110,CUS101110,198000,60,MEDICAL,2026-05-20 07:11:00,MOBILE
APP201111,CUS101111,169000,36,TRAVEL,2026-12-14 03:54:00,MOBILE
APP201112,CUS101112,221000,12,MEDICAL,2026-03-14 19:50:00,MOBILE
APP201113,CUS101113,242000,18,HOME_RENOVATION,2026-08-08 10:05:00,MOBILE
APP201114,CUS101114,483000,60,DEBT_CONSOLIDATION,2026-09-26 17:55:00,MOBILE
APP201115,CUS101115,1002000,36,OTHER,2026-02-18 05:24:00,WEB
APP201116,CUS101116,334000,36,OTHER,2026-04-08 10:17:00,MOBILE
APP201117,CUS101117,585000,24,OTHER,2026-03-12 10:56:00,MOBILE
APP201118,CUS101118,357000,12,DEBT_CONSOLIDATION,2026-08-04 18:34:00,MOBILE
APP201119,CUS101119,273000,18,MEDICAL,2026-01-05 10:18:00,MOBILE
APP201120,CUS101120,341000,12,TRAVEL,2026-05-30 00:04:00,MOBILE
APP201121,CUS101121,505000,60,TRAVEL,2026-07-25 08:49:00,MOBILE
APP201122,CUS101122,907000,36,DEBT_CONSOLIDATION,2026-10-03 15:23:00,MOBILE
APP201123,CUS101123,655000,24,MEDICAL,2026-02-04 12:12:00,WEB
APP201124,CUS101124,564000,24,DEBT_CONSOLIDATION,2026-06-16 14:57:00,MOBILE
APP201125,CUS101125,239000,36,MEDICAL,2026-09-17 03:44:00,WEB
APP201126,CUS101126,168000,36,DEBT_CONSOLIDATION,2026-06-06 10:06:00,WEB
APP201127,CUS101127,120000,48,DEBT_CONSOLIDATION,2026-03-09 06:11:00,WEB
APP201128,CUS101128,132000,12,OTHER,2026-03-15 22:33:00,WEB
APP201129,CUS101129,265000,24,TRAVEL,2026-04-23 23:12:00,WEB
APP201130,CUS101130,506000,36,DEBT_CONSOLIDATION,2026-04-21 22:05:00,MOBILE
APP201131,CUS101131,833000,36,MEDICAL,2026-06-01 18:14:00,MOBILE
APP201132,CUS101132,868000,18,EDUCATION,2026-11-17 04:35:00,MOBILE
APP201133,CUS101133,196000,48,TRAVEL,2026-05-31 20:31:00,WEB
APP201134,CUS101134,690000,24,MEDICAL,2026-10-12 14:47:00,MOBILE
APP201135,CUS101135,386000,60,HOME_RENOVATION,2026-03-13 11:02:00,MOBILE
APP201136,CUS101136,564000,24,OTHER,2026-11-19 09:32:00,MOBILE
APP201137,CUS101137,278000,24,EDUCATION,2026-09-11 05:17:00,WEB
APP201138,CUS101138,235000,36,DEBT_CONSOLIDATION,2026-09-13 15:29:00,MOBILE
APP201139,CUS101139,1037000,48,MEDICAL,2026-01-15 05:22:00,MOBILE
APP201140,CUS101140,511000,48,TRAVEL,2026-08-31 20:07:00,MOBILE
APP201141,CUS101141,410000,18,MEDICAL,2026-01-09 19:27:00,WEB
APP201142,CUS101142,696000,36,TRAVEL,2026-07-04 15:16:00,MOBILE
APP201143,CUS101143,451000,48,MEDICAL,2026-05-13 02:16:00,MOBILE
APP201144,CUS101144,359000,18,HOME_RENOVATION,2026-04-17 22:40:00,WEB
APP201145,CUS101145,443000,36,OTHER,2026-07-26 23:58:00,MOBILE
APP201146,CUS101146,513000,36,OTHER,2026-08-18 04:00:00,MOBILE
APP201147,CUS101147,135000,24,MEDICAL,2026-12-31 13:55:00,WEB
APP201148,CUS101148,339000,60,HOME_RENOVATION,2026-01-18 03:31:00,MOBILE
APP201149,CUS101149,572000,36,EDUCATION,2026-01-30 00:33:00,WEB
APP201150,CUS101150,156000,48,TRAVEL,2026-01-10 18:26:00,MOBILE
APP201151,CUS101151,709000,36,EDUCATION,2026-07-03 11:12:00,WEB
APP201152,CUS101152,704000,48,OTHER,2026-01-09 01:13:00,MOBILE
APP201153,CUS101153,736000,60,MEDICAL,2026-06-08 05:57:00,WEB
APP201154,CUS101154,174000,60,MEDICAL,2026-11-16 22:59:00,WEB
APP201155,CUS101155,310000,36,OTHER,2026-12-28 10:54:00,MOBILE
APP201156,CUS101156,598000,60,TRAVEL,2026-11-06 03:43:00,MOBILE
APP201157,CUS101157,243000,24,MEDICAL,2026-05-20 04:35:00,MOBILE
APP201158,CUS101158,216000,36,DEBT_CONSOLIDATION,2026-06-18 09:41:00,MOBILE
APP201159,CUS101159,661000,48,HOME_RENOVATION,2026-02-25 11:33:00,MOBILE
APP201160,CUS101160,564000,12,EDUCATION,2026-03-09 08:14:00,MOBILE
APP201161,CUS101161,535000,48,HOME_RENOVATION,2026-11-10 03:30:00,MOBILE
APP201162,CUS101162,270000,60,OTHER,2026-01-07 12:30:00,MOBILE
APP201163,CUS101163,262000,24,MEDICAL,2026-12-29 20:46:00,MOBILE
APP201164,CUS101164,184000,48,HOME_RENOVATION,2026-04-27 03:07:00,MOBILE
APP201165,CUS101165,334000,36,HOME_RENOVATION,2026-06-10 08:26:00,WEB
APP201166,CUS101166,469000,60,DEBT_CONSOLIDATION,2026-03-16 21:21:00,WEB
APP201167,CUS101167,776000,36,MEDICAL,2026-02-11 07:43:00,WEB
APP201168,CUS101168,810000,48,EDUCATION,2026-08-04 23:40:00,WEB
APP201169,CUS101169,211000,36,OTHER,2026-10-11 06:42:00,MOBILE
APP201170,CUS101170,247000,36,DEBT_CONSOLIDATION,2026-04-23 04:53:00,MOBILE
APP201171,CUS101171,461000,48,MEDICAL,2026-11-18 06:39:00,WEB
APP201172,CUS101172,509000,48,MEDICAL,2026-10-07 12:34:00,WEB
APP201173,CUS101173,127000,60,HOME_RENOVATION,2026-01-18 09:21:00,WEB
APP201174,CUS101174,177000,24,TRAVEL,2026-08-04 05:13:00,MOBILE
APP201175,CUS101175,273000,36,TRAVEL,2026-05-16 01:09:00,MOBILE
APP201176,CUS101176,734000,24,HOME_RENOVATION,2026-10-18 07:12:00,WEB
APP201177,CUS101177,557000,48,MEDICAL,2026-03-04 03:13:00,WEB
APP201178,CUS101178,376000,36,DEBT_CONSOLIDATION,2026-07-07 14:40:00,MOBILE
APP201179,CUS101179,172000,48,OTHER,2026-08-07 23:02:00,WEB
APP201180,CUS101180,209000,48,OTHER,2026-12-18 21:34:00,WEB
APP201181,CUS101181,462000,36,HOME_RENOVATION,2026-10-26 05:30:00,MOBILE
APP201182,CUS101182,1214000,60,DEBT_CONSOLIDATION,2026-05-23 05:17:00,WEB
APP201183,CUS101183,454000,36,DEBT_CONSOLIDATION,2026-01-22 01:18:00,MOBILE
APP201184,CUS101184,424000,36,OTHER,2026-10-18 08:28:00,WEB
APP201185,CUS101185,550000,12,DEBT_CONSOLIDATION,2026-06-01 15:11:00,WEB
APP201186,CUS101186,920000,18,TRAVEL,2026-01-27 11:19:00,MOBILE
APP201187,CUS101187,367000,36,HOME_RENOVATION,2026-08-02 15:12:00,WEB
APP201188,CUS101188,306000,36,HOME_RENOVATION,2026-06-14 14:36:00,MOBILE
APP201189,CUS101189,250000,60,OTHER,2026-05-16 12:30:00,WEB
APP201190,CUS101190,546000,36,OTHER,2026-03-12 17:05:00,WEB
APP201191,CUS101191,255000,48,MEDICAL,2026-06-10 09:46:00,MOBILE
APP201192,CUS101192,462000,48,OTHER,2026-12-19 20:11:00,WEB
APP201193,CUS101193,234000,24,HOME_RENOVATION,2026-12-08 00:24:00,MOBILE
APP201194,CUS101194,179000,24,OTHER,2026-07-05 17:10:00,MOBILE
APP201195,CUS101195,300000,24,DEBT_CONSOLIDATION,2026-12-20 21:16:00,MOBILE
APP201196,CUS101196,165000,36,TRAVEL,2026-10-05 18:53:00,MOBILE
APP201197,CUS101197,705000,18,TRAVEL,2026-10-27 22:35:00,WEB
APP201198,CUS101198,714000,48,HOME_RENOVATION,2026-04-18 14:48:00,MOBILE
APP201199,CUS101199,288000,36,HOME_RENOVATION,2026-08-24 02:02:00,WEB
APP201200,CUS101200,293000,48,MEDICAL,2026-02-20 08:06:00,MOBILE
APP201201,CUS101201,494000,12,HOME_RENOVATION,2026-06-06 21:46:00,WEB
APP201202,CUS101202,487000,48,MEDICAL,2026-10-15 12:58:00,WEB
APP201203,CUS101203,355000,36,TRAVEL,2026-11-01 06:06:00,MOBILE
APP201204,CUS101204,575000,48,EDUCATION,2026-04-17 05:44:00,MOBILE
APP201205,CUS101205,231000,36,TRAVEL,2026-06-07 05:18:00,WEB
APP201206,CUS101206,365000,36,DEBT_CONSOLIDATION,2026-10-07 18:10:00,MOBILE
APP201207,CUS101207,1025000,60,HOME_RENOVATION,2026-06-23 19:42:00,MOBILE
APP201208,CUS101208,734000,36,OTHER,2026-11-22 23:35:00,MOBILE
APP201209,CUS101209,460000,36,OTHER,2026-08-25 06:19:00,MOBILE
APP201210,CUS101210,374000,36,MEDICAL,2026-06-02 08:23:00,MOBILE
APP201211,CUS101211,245000,36,EDUCATION,2026-04-11 09:29:00,MOBILE
APP201212,CUS101212,373000,12,DEBT_CONSOLIDATION,2026-09-25 13:37:00,MOBILE
APP201213,CUS101213,576000,36,TRAVEL,2026-08-04 23:15:00,MOBILE
APP201214,CUS101214,216000,36,HOME_RENOVATION,2026-04-29 10:13:00,MOBILE
APP201215,CUS101215,716000,36,OTHER,2026-07-14 05:19:00,MOBILE
APP201216,CUS101216,236000,36,TRAVEL,2026-09-07 14:14:00,WEB
APP201217,CUS101217,504000,24,EDUCATION,2026-01-02 06:40:00,MOBILE
APP201218,CUS101218,481000,36,OTHER,2026-01-31 01:51:00,MOBILE
APP201219,CUS101219,466000,48,DEBT_CONSOLIDATION,2026-10-07 08:32:00,MOBILE
APP201220,CUS101220,193000,18,EDUCATION,2026-06-16 06:06:00,MOBILE
APP201221,CUS101221,190000,36,HOME_RENOVATION,2026-02-18 04:47:00,MOBILE
APP201222,CUS101222,452000,48,TRAVEL,2026-04-05 09:35:00,WEB
APP201223,CUS101223,235000,48,TRAVEL,2026-11-02 11:28:00,MOBILE
APP201224,CUS101224,455000,12,MEDICAL,2026-03-27 20:01:00,MOBILE
APP201225,CUS101225,269000,36,OTHER,2026-11-14 01:26:00,WEB
APP201226,CUS101226,330000,36,MEDICAL,2026-06-26 02:46:00,WEB
APP201227,CUS101227,1319000,36,MEDICAL,2026-09-22 08:19:00,WEB
APP201228,CUS101228,722000,36,HOME_RENOVATION,2026-12-28 16:54:00,MOBILE
APP201229,CUS101229,231000,12,TRAVEL,2026-12-09 00:42:00,MOBILE
APP201230,CUS101230,211000,36,TRAVEL,2026-05-14 01:40:00,WEB
APP201231,CUS101231,641000,36,OTHER,2026-04-11 23:15:00,MOBILE
APP201232,CUS101232,368000,24,TRAVEL,2026-07-23 21:04:00,MOBILE
APP201233,CUS101233,807000,24,DEBT_CONSOLIDATION,2026-10-09 04:38:00,WEB
APP201234,CUS101234,235000,48,OTHER,2026-08-24 18:16:00,WEB
APP201235,CUS101235,771000,36,EDUCATION,2026-12-29 11:14:00,MOBILE
APP201236,CUS101236,202000,48,MEDICAL,2026-02-27 09:54:00,MOBILE
APP201237,CUS101237,304000,48,HOME_RENOVATION,2026-02-03 07:23:00,MOBILE
APP201238,CUS101238,301000,12,TRAVEL,2026-04-07 13:27:00,MOBILE
APP201239,CUS101239,190000,36,OTHER,2026-04-25 09:46:00,MOBILE
APP201240,CUS101240,278000,24,DEBT_CONSOLIDATION,2026-06-04 13:25:00,MOBILE
APP201241,CUS101241,685000,60,DEBT_CONSOLIDATION,2026-08-21 03:59:00,MOBILE
APP201242,CUS101242,201000,36,EDUCATION,2026-12-09 10:49:00,MOBILE
APP201243,CUS101243,135000,36,DEBT_CONSOLIDATION,2026-12-05 13:51:00,MOBILE
APP201244,CUS101244,214000,12,TRAVEL,2026-03-15 19:43:00,MOBILE
APP201245,CUS101245,433000,36,MEDICAL,2026-10-07 07:16:00,WEB
APP201246,CUS101246,106000,12,EDUCATION,2026-06-28 23:22:00,WEB
APP201247,CUS101247,277000,36,TRAVEL,2026-12-13 10:00:00,WEB
APP201248,CUS101248,361000,18,DEBT_CONSOLIDATION,2026-07-04 21:31:00,MOBILE
APP201249,CUS101249,458000,36,HOME_RENOVATION,2026-06-11 15:57:00,MOBILE
APP201250,CUS101250,471000,48,HOME_RENOVATION,2026-10-21 05:41:00,WEB
APP201251,CUS101251,100000,36,DEBT_CONSOLIDATION,2026-05-08 21:07:00,WEB
APP201252,CUS101252,240000,24,DEBT_CONSOLIDATION,2026-12-11 01:54:00,MOBILE
APP201253,CUS101253,399000,36,EDUCATION,2026-01-20 21:16:00,MOBILE
APP201254,CUS101254,221000,36,MEDICAL,2026-08-06 06:50:00,WEB
APP201255,CUS101255,912000,36,OTHER,2026-07-01 18:43:00,MOBILE
APP201256,CUS101256,319000,24,HOME_RENOVATION,2026-04-07 14:55:00,MOBILE
APP201257,CUS101257,721000,36,TRAVEL,2026-01-11 14:21:00,MOBILE
APP201258,CUS101258,889000,36,MEDICAL,2026-07-08 17:04:00,MOBILE
APP201259,CUS101259,549000,24,MEDICAL,2026-11-25 21:06:00,WEB
APP201260,CUS101260,285000,36,MEDICAL,2026-07-12 03:24:00,MOBILE
APP201261,CUS101261,756000,48,MEDICAL,2026-08-06 22:31:00,WEB
APP201262,CUS101262,164000,24,OTHER,2026-01-27 15:45:00,MOBILE
APP201263,CUS101263,559000,60,OTHER,2026-09-24 11:25:00,MOBILE
APP201264,CUS101264,262000,48,EDUCATION,2026-10-20 21:09:00,MOBILE
APP201265,CUS101265,341000,48,TRAVEL,2026-03-22 19:53:00,MOBILE
APP201266,CUS101266,412000,48,DEBT_CONSOLIDATION,2026-07-10 21:39:00,MOBILE
APP201267,CUS101267,280000,60,MEDICAL,2026-06-09 23:14:00,MOBILE
APP201268,CUS101268,399000,18,HOME_RENOVATION,2026-09-09 11:06:00,MOBILE
APP201269,CUS101269,2000000,18,DEBT_CONSOLIDATION,2026-11-01 22:43:00,MOBILE
APP201270,CUS101270,214000,48,HOME_RENOVATION,2026-02-14 02:13:00,MOBILE
APP201271,CUS101271,516000,36,MEDICAL,2026-07-09 12:13:00,MOBILE
APP201272,CUS101272,649000,36,MEDICAL,2026-08-14 09:52:00,WEB
APP201273,CUS101273,381000,60,HOME_RENOVATION,2026-01-03 06:08:00,MOBILE
APP201274,CUS101274,469000,36,DEBT_CONSOLIDATION,2026-10-22 18:36:00,MOBILE
APP201275,CUS101275,565000,18,MEDICAL,2026-06-08 22:15:00,MOBILE
APP201276,CUS101276,179000,18,EDUCATION,2026-07-13 22:49:00,WEB
APP201277,CUS101277,241000,36,OTHER,2026-01-20 05:49:00,MOBILE
APP201278,CUS101278,402000,12,TRAVEL,2026-03-20 02:28:00,MOBILE
APP201279,CUS101279,465000,60,TRAVEL,2026-04-18 13:27:00,MOBILE
APP201280,CUS101280,365000,18,OTHER,2026-07-15 12:50:00,MOBILE
APP201281,CUS101281,450000,36,DEBT_CONSOLIDATION,2026-04-22 20:11:00,MOBILE
APP201282,CUS101282,459000,36,HOME_RENOVATION,2026-07-13 23:09:00,MOBILE
APP201283,CUS101283,226000,36,DEBT_CONSOLIDATION,2026-05-11 14:02:00,WEB
APP201284,CUS101284,100000,48,MEDICAL,2026-02-13 15:10:00,WEB
APP201285,CUS101285,507000,36,MEDICAL,2026-11-20 00:38:00,MOBILE
APP201286,CUS101286,387000,18,MEDICAL,2026-10-09 06:50:00,MOBILE
APP201287,CUS101287,1740000,18,TRAVEL,2026-08-17 20:56:00,MOBILE
APP201288,CUS101288,701000,36,TRAVEL,2026-07-16 12:47:00,MOBILE
APP201289,CUS101289,688000,24,HOME_RENOVATION,2026-03-16 10:53:00,MOBILE
APP201290,CUS101290,243000,36,MEDICAL,2026-10-11 14:56:00,WEB
APP201291,CUS101291,109000,60,OTHER,2026-10-01 15:21:00,WEB
APP201292,CUS101292,273000,36,DEBT_CONSOLIDATION,2026-03-08 21:09:00,MOBILE
APP201293,CUS101293,347000,60,HOME_RENOVATION,2026-08-02 00:26:00,MOBILE
APP201294,CUS101294,270000,36,HOME_RENOVATION,2026-01-15 20:21:00,MOBILE
APP201295,CUS101295,1019000,36,TRAVEL,2026-04-27 00:59:00,MOBILE
APP201296,CUS101296,601000,24,HOME_RENOVATION,2026-10-24 08:35:00,MOBILE
APP201297,CUS101297,182000,18,MEDICAL,2026-04-30 00:05:00,WEB
APP201298,CUS101298,136000,18,HOME_RENOVATION,2026-05-04 17:04:00,MOBILE
APP201299,CUS101299,360000,36,EDUCATION,2026-11-21 20:59:00,MOBILE
APP201300,CUS101300,381000,24,OTHER,2026-04-21 09:12:00,MOBILE
APP201301,CUS101301,412000,18,EDUCATION,2026-02-22 15:49:00,MOBILE
APP201302,CUS101302,131000,60,EDUCATION,2026-12-07 03:28:00,WEB
APP201303,CUS101303,993000,18,HOME_RENOVATION,2026-07-07 22:12:00,WEB
APP201304,CUS101304,427000,12,EDUCATION,2026-08-14 05:27:00,MOBILE
APP201305,CUS101305,776000,18,EDUCATION,2026-03-16 13:06:00,MOBILE
APP201306,CUS101306,430000,12,DEBT_CONSOLIDATION,2026-08-04 10:56:00,WEB
APP201307,CUS101307,476000,24,EDUCATION,2026-04-03 17:18:00,MOBILE
APP201308,CUS101308,342000,24,MEDICAL,2026-03-09 23:13:00,MOBILE
APP201309,CUS101309,248000,36,MEDICAL,2026-01-15 23:18:00,MOBILE
APP201310,CUS101310,402000,18,HOME_RENOVATION,2026-05-13 14:56:00,WEB
APP201311,CUS101311,385000,24,EDUCATION,2026-10-01 07:15:00,MOBILE
APP201312,CUS101312,1446000,60,TRAVEL,2026-11-22 06:19:00,MOBILE
APP201313,CUS101313,411000,12,MEDICAL,2026-10-04 07:25:00,WEB
APP201314,CUS101314,603000,12,HOME_RENOVATION,2026-08-01 06:43:00,MOBILE
APP201315,CUS101315,788000,36,HOME_RENOVATION,2026-10-29 10:21:00,MOBILE
APP201316,CUS101316,563000,48,HOME_RENOVATION,2026-07-21 06:50:00,WEB
APP201317,CUS101317,520000,60,OTHER,2026-09-27 06:38:00,MOBILE
APP201318,CUS101318,525000,24,TRAVEL,2026-03-03 17:00:00,MOBILE
APP201319,CUS101319,434000,36,DEBT_CONSOLIDATION,2026-10-19 14:37:00,WEB
APP201320,CUS101320,220000,12,EDUCATION,2026-07-13 10:58:00,WEB
APP201321,CUS101321,860000,60,DEBT_CONSOLIDATION,2026-07-10 19:06:00,MOBILE
APP201322,CUS101322,456000,36,OTHER,2026-10-23 21:29:00,MOBILE
APP201323,CUS101323,150000,24,TRAVEL,2026-09-03 03:42:00,WEB
APP201324,CUS101324,597000,36,DEBT_CONSOLIDATION,2026-01-27 13:02:00,WEB
APP201325,CUS101325,305000,36,OTHER,2026-03-05 11:45:00,WEB
APP201326,CUS101326,450000,12,DEBT_CONSOLIDATION,2026-07-20 22:38:00,MOBILE
APP201327,CUS101327,394000,12,MEDICAL,2026-06-10 18:30:00,WEB
APP201328,CUS101328,1152000,60,TRAVEL,2026-03-11 00:43:00,MOBILE
APP201329,CUS101329,512000,48,EDUCATION,2026-08-07 11:17:00,MOBILE
APP201330,CUS101330,292000,36,EDUCATION,2026-08-07 20:38:00,WEB
APP201331,CUS101331,312000,24,TRAVEL,2026-06-16 13:33:00,MOBILE
APP201332,CUS101332,376000,18,TRAVEL,2026-08-10 01:48:00,WEB
APP201333,CUS101333,109000,48,MEDICAL,2026-11-30 04:59:00,MOBILE
APP201334,CUS101334,135000,48,MEDICAL,2026-02-26 20:28:00,WEB
APP201335,CUS101335,462000,24,MEDICAL,2026-06-23 04:34:00,MOBILE
APP201336,CUS101336,287000,24,MEDICAL,2026-09-21 10:23:00,WEB
APP201337,CUS101337,204000,60,HOME_RENOVATION,2026-09-14 22:51:00,MOBILE
APP201338,CUS101338,512000,36,TRAVEL,2026-07-13 19:43:00,WEB
APP201339,CUS101339,916000,48,OTHER,2026-10-11 21:11:00,MOBILE
APP201340,CUS101340,558000,36,MEDICAL,2026-12-01 04:26:00,WEB
APP201341,CUS101341,691000,24,OTHER,2026-12-30 11:44:00,MOBILE
APP201342,CUS101342,429000,36,HOME_RENOVATION,2026-01-04 04:40:00,WEB
APP201343,CUS101343,1163000,36,EDUCATION,2026-04-30 09:03:00,WEB
APP201344,CUS101344,203000,36,DEBT_CONSOLIDATION,2026-03-07 00:21:00,MOBILE
APP201345,CUS101345,476000,48,TRAVEL,2026-03-29 08:18:00,MOBILE
APP201346,CUS101346,351000,18,MEDICAL,2026-06-18 00:24:00,MOBILE
APP201347,CUS101347,943000,36,EDUCATION,2026-11-04 02:47:00,WEB
APP201348,CUS101348,732000,12,OTHER,2026-03-08 22:59:00,MOBILE
APP201349,CUS101349,129000,36,TRAVEL,2026-06-30 10:47:00,MOBILE
APP201350,CUS101350,762000,36,TRAVEL,2026-10-25 17:24:00,MOBILE
APP201351,CUS101351,978000,60,OTHER,2026-07-19 13:11:00,MOBILE
APP201352,CUS101352,537000,48,EDUCATION,2026-03-02 21:47:00,MOBILE
APP201353,CUS101353,361000,24,OTHER,2026-02-07 19:54:00,WEB
APP201354,CUS101354,315000,36,MEDICAL,2026-12-29 07:59:00,WEB
APP201355,CUS101355,674000,24,EDUCATION,2026-10-12 07:09:00,MOBILE
APP201356,CUS101356,727000,36,TRAVEL,2026-10-25 02:15:00,MOBILE
APP201357,CUS101357,906000,36,DEBT_CONSOLIDATION,2026-09-05 01:01:00,MOBILE
APP201358,CUS101358,723000,48,OTHER,2026-10-09 15:11:00,MOBILE
APP201359,CUS101359,284000,36,HOME_RENOVATION,2026-08-06 17:26:00,MOBILE
APP201360,CUS101360,348000,18,HOME_RENOVATION,2026-10-19 08:17:00,MOBILE
APP201361,CUS101361,228000,12,MEDICAL,2026-12-18 19:07:00,WEB
APP201362,CUS101362,434000,12,MEDICAL,2026-07-15 14:33:00,MOBILE
APP201363,CUS101363,244000,24,EDUCATION,2026-07-07 09:30:00,MOBILE
APP201364,CUS101364,636000,60,HOME_RENOVATION,2026-08-31 05:44:00,WEB
APP201365,CUS101365,420000,24,MEDICAL,2026-12-14 19:47:00,WEB
APP201366,CUS101366,734000,36,HOME_RENOVATION,2026-05-11 02:12:00,MOBILE
APP201367,CUS101367,869000,36,OTHER,2026-05-23 15:31:00,MOBILE
APP201368,CUS101368,380000,36,OTHER,2026-09-13 05:03:00,MOBILE
APP201369,CUS101369,633000,18,MEDICAL,2026-06-07 14:39:00,MOBILE
APP201370,CUS101370,221000,36,HOME_RENOVATION,2026-07-12 15:56:00,MOBILE
APP201371,CUS101371,510000,48,MEDICAL,2026-11-15 11:50:00,WEB
APP201372,CUS101372,1062000,36,TRAVEL,2026-08-15 04:01:00,MOBILE
APP201373,CUS101373,250000,36,TRAVEL,2026-11-14 14:47:00,MOBILE
APP201374,CUS101374,343000,24,MEDICAL,2026-08-23 13:33:00,MOBILE
APP201375,CUS101375,477000,36,DEBT_CONSOLIDATION,2026-07-28 10:38:00,MOBILE
APP201376,CUS101376,683000,24,TRAVEL,2026-05-27 16:01:00,MOBILE
APP201377,CUS101377,756000,48,HOME_RENOVATION,2026-06-24 06:47:00,MOBILE
APP201378,CUS101378,236000,60,DEBT_CONSOLIDATION,2026-05-13 08:10:00,MOBILE
APP201379,CUS101379,430000,36,EDUCATION,2026-05-01 15:43:00,WEB
APP201380,CUS101380,436000,48,OTHER,2026-04-07 16:18:00,MOBILE
APP201381,CUS101381,397000,36,OTHER,2026-07-31 00:06:00,MOBILE
APP201382,CUS101382,487000,36,DEBT_CONSOLIDATION,2026-04-19 09:05:00,MOBILE
APP201383,CUS101383,257000,36,OTHER,2026-08-24 00:13:00,MOBILE
APP201384,CUS101384,930000,60,TRAVEL,2026-12-02 17:51:00,MOBILE
APP201385,CUS101385,1091000,36,OTHER,2026-05-21 16:42:00,WEB
APP201386,CUS101386,372000,36,TRAVEL,2026-08-23 16:23:00,WEB
APP201387,CUS101387,345000,60,MEDICAL,2026-11-12 05:56:00,MOBILE
APP201388,CUS101388,197000,36,HOME_RENOVATION,2026-05-12 01:43:00,MOBILE
APP201389,CUS101389,550000,36,EDUCATION,2026-05-30 04:53:00,WEB
APP201390,CUS101390,820000,48,OTHER,2026-12-24 17:18:00,MOBILE
APP201391,CUS101391,439000,36,OTHER,2026-02-22 00:09:00,MOBILE
APP201392,CUS101392,257000,36,OTHER,2026-02-05 17:28:00,WEB
APP201393,CUS101393,365000,24,DEBT_CONSOLIDATION,2026-03-14 22:28:00,MOBILE
APP201394,CUS101394,761000,36,TRAVEL,2026-03-12 02:04:00,MOBILE
APP201395,CUS101395,215000,36,OTHER,2026-12-06 05:43:00,MOBILE
APP201396,CUS101396,216000,36,TRAVEL,2026-03-25 13:06:00,MOBILE
APP201397,CUS101397,576000,36,TRAVEL,2026-01-23 09:35:00,MOBILE
APP201398,CUS101398,277000,36,TRAVEL,2026-08-24 18:19:00,MOBILE
APP201399,CUS101399,207000,18,TRAVEL,2026-06-10 07:30:00,WEB
APP201400,CUS101400,364000,18,TRAVEL,2026-05-10 16:17:00,MOBILE
APP201401,CUS101401,232000,60,DEBT_CONSOLIDATION,2026-05-30 18:50:00,MOBILE
APP201402,CUS101402,564000,48,DEBT_CONSOLIDATION,2026-09-13 09:49:00,WEB
APP201403,CUS101403,442000,60,DEBT_CONSOLIDATION,2026-07-11 03:35:00,MOBILE
APP201404,CUS101404,758000,48,OTHER,2026-04-14 15:15:00,MOBILE
APP201405,CUS101405,329000,36,DEBT_CONSOLIDATION,2026-10-09 22:39:00,MOBILE
APP201406,CUS101406,477000,36,TRAVEL,2026-12-17 08:37:00,MOBILE
APP201407,CUS101407,185000,36,OTHER,2026-08-11 09:13:00,MOBILE
APP201408,CUS101408,150000,48,DEBT_CONSOLIDATION,2026-01-31 05:53:00,MOBILE
APP201409,CUS101409,389000,18,TRAVEL,2026-05-18 10:03:00,WEB
APP201410,CUS101410,1007000,36,TRAVEL,2026-06-04 07:55:00,WEB
APP201411,CUS101411,619000,36,MEDICAL,2026-02-03 10:12:00,MOBILE
APP201412,CUS101412,381000,36,DEBT_CONSOLIDATION,2026-07-09 20:50:00,MOBILE
APP201413,CUS101413,930000,36,TRAVEL,2026-01-27 20:29:00,WEB
APP201414,CUS101414,614000,48,EDUCATION,2026-01-25 10:52:00,MOBILE
APP201415,CUS101415,864000,24,DEBT_CONSOLIDATION,2026-05-13 07:21:00,MOBILE
APP201416,CUS101416,236000,60,TRAVEL,2026-02-24 17:31:00,MOBILE
APP201417,CUS101417,128000,36,MEDICAL,2026-02-22 03:44:00,MOBILE
APP201418,CUS101418,503000,36,MEDICAL,2026-05-06 06:40:00,MOBILE
APP201419,CUS101419,890000,36,TRAVEL,2026-04-12 15:43:00,WEB
APP201420,CUS101420,408000,48,HOME_RENOVATION,2026-08-20 22:40:00,MOBILE
APP201421,CUS101421,313000,12,HOME_RENOVATION,2026-04-24 12:07:00,MOBILE
APP201422,CUS101422,176000,12,HOME_RENOVATION,2026-07-30 09:09:00,MOBILE
APP201423,CUS101423,195000,48,DEBT_CONSOLIDATION,2026-08-08 08:42:00,MOBILE
APP201424,CUS101424,782000,36,EDUCATION,2026-05-10 12:23:00,MOBILE
APP201425,CUS101425,447000,60,HOME_RENOVATION,2026-10-09 00:30:00,MOBILE
APP201426,CUS101426,708000,36,MEDICAL,2026-03-01 04:04:00,MOBILE
APP201427,CUS101427,483000,24,DEBT_CONSOLIDATION,2026-08-18 23:14:00,WEB
APP201428,CUS101428,1333000,48,DEBT_CONSOLIDATION,2026-03-12 06:09:00,MOBILE
APP201429,CUS101429,335000,36,EDUCATION,2026-06-18 13:50:00,MOBILE
APP201430,CUS101430,423000,12,OTHER,2026-09-03 04:39:00,MOBILE
APP201431,CUS101431,531000,48,OTHER,2026-12-16 02:11:00,MOBILE
APP201432,CUS101432,404000,36,MEDICAL,2026-03-12 03:26:00,MOBILE
APP201433,CUS101433,179000,48,OTHER,2026-06-22 04:08:00,WEB
APP201434,CUS101434,275000,18,OTHER,2026-09-04 12:38:00,MOBILE
APP201435,CUS101435,255000,12,TRAVEL,2026-03-19 14:06:00,MOBILE
APP201436,CUS101436,1449000,36,DEBT_CONSOLIDATION,2026-03-02 03:25:00,WEB
APP201437,CUS101437,743000,36,DEBT_CONSOLIDATION,2026-09-30 23:03:00,WEB
APP201438,CUS101438,267000,48,HOME_RENOVATION,2026-11-23 11:55:00,MOBILE
APP201439,CUS101439,910000,48,OTHER,2026-11-24 13:29:00,MOBILE
APP201440,CUS101440,412000,36,OTHER,2026-04-28 00:58:00,WEB
APP201441,CUS101441,454000,36,HOME_RENOVATION,2026-11-12 00:35:00,WEB
APP201442,CUS101442,684000,48,EDUCATION,2026-10-13 06:55:00,MOBILE
APP201443,CUS101443,568000,36,DEBT_CONSOLIDATION,2026-09-12 06:49:00,WEB
APP201444,CUS101444,437000,36,HOME_RENOVATION,2026-03-27 08:35:00,WEB
APP201445,CUS101445,440000,12,OTHER,2026-01-26 01:49:00,WEB
APP201446,CUS101446,167000,24,TRAVEL,2026-08-04 10:16:00,MOBILE
APP201447,CUS101447,553000,36,MEDICAL,2026-10-08 11:28:00,MOBILE
APP201448,CUS101448,879000,36,MEDICAL,2026-03-08 07:50:00,MOBILE
APP201449,CUS101449,414000,36,TRAVEL,2026-01-13 17:23:00,WEB
APP201450,CUS101450,567000,48,TRAVEL,2026-08-18 20:51:00,WEB
APP201451,CUS101451,477000,36,TRAVEL,2026-06-05 07:52:00,WEB
APP201452,CUS101452,704000,48,OTHER,2026-09-01 11:54:00,MOBILE
APP201453,CUS101453,579000,48,MEDICAL,2026-11-23 15:31:00,WEB
APP201454,CUS101454,756000,18,DEBT_CONSOLIDATION,2026-03-15 13:38:00,MOBILE
APP201455,CUS101455,400000,36,TRAVEL,2026-09-07 01:23:00,WEB
APP201456,CUS101456,317000,48,EDUCATION,2026-04-16 22:07:00,MOBILE
APP201457,CUS101457,282000,36,EDUCATION,2026-06-06 04:54:00,WEB
APP201458,CUS101458,636000,60,OTHER,2026-09-25 19:07:00,WEB
APP201459,CUS101459,196000,48,EDUCATION,2026-01-27 00:12:00,MOBILE
APP201460,CUS101460,424000,36,MEDICAL,2026-03-22 05:18:00,MOBILE
APP201461,CUS101461,464000,36,DEBT_CONSOLIDATION,2026-01-28 00:35:00,MOBILE
APP201462,CUS101462,613000,60,MEDICAL,2026-11-25 05:46:00,MOBILE
APP201463,CUS101463,328000,60,OTHER,2026-07-16 23:13:00,MOBILE
APP201464,CUS101464,431000,24,EDUCATION,2026-11-13 16:40:00,MOBILE
APP201465,CUS101465,398000,60,TRAVEL,2026-07-21 07:55:00,MOBILE
APP201466,CUS101466,556000,36,DEBT_CONSOLIDATION,2026-12-01 01:25:00,MOBILE
APP201467,CUS101467,388000,18,MEDICAL,2026-03-24 11:30:00,MOBILE
APP201468,CUS101468,309000,36,DEBT_CONSOLIDATION,2026-07-01 14:13:00,MOBILE
APP201469,CUS101469,1014000,60,OTHER,2026-10-25 00:37:00,WEB
APP201470,CUS101470,148000,36,HOME_RENOVATION,2026-03-27 03:49:00,WEB
APP201471,CUS101471,385000,12,MEDICAL,2026-03-20 02:20:00,MOBILE
APP201472,CUS101472,240000,36,MEDICAL,2026-12-01 14:28:00,WEB
APP201473,CUS101473,692000,24,HOME_RENOVATION,2026-09-06 06:22:00,MOBILE
APP201474,CUS101474,760000,18,MEDICAL,2026-04-12 00:59:00,WEB
APP201475,CUS101475,572000,36,OTHER,2026-08-14 13:05:00,MOBILE
APP201476,CUS101476,305000,12,HOME_RENOVATION,2026-12-02 20:08:00,MOBILE
APP201477,CUS101477,279000,24,EDUCATION,2026-04-14 03:53:00,WEB
APP201478,CUS101478,679000,60,TRAVEL,2026-07-26 09:04:00,WEB
APP201479,CUS101479,418000,36,EDUCATION,2026-04-27 15:28:00,WEB
APP201480,CUS101480,209000,18,DEBT_CONSOLIDATION,2026-04-21 17:29:00,WEB
APP201481,CUS101481,567000,60,DEBT_CONSOLIDATION,2026-10-07 03:59:00,MOBILE
APP201482,CUS101482,767000,36,EDUCATION,2026-04-27 04:18:00,MOBILE
APP201483,CUS101483,219000,18,HOME_RENOVATION,2026-06-19 01:13:00,WEB
APP201484,CUS101484,751000,36,TRAVEL,2026-05-22 08:10:00,WEB
APP201485,CUS101485,264000,60,DEBT_CONSOLIDATION,2026-10-31 06:58:00,MOBILE
APP201486,CUS101486,446000,60,HOME_RENOVATION,2026-01-10 02:59:00,MOBILE
APP201487,CUS101487,416000,36,EDUCATION,2026-06-19 23:45:00,MOBILE
APP201488,CUS101488,246000,36,EDUCATION,2026-04-26 18:01:00,MOBILE
APP201489,CUS101489,532000,48,DEBT_CONSOLIDATION,2026-09-11 17:16:00,WEB
APP201490,CUS101490,675000,36,DEBT_CONSOLIDATION,2026-11-04 11:52:00,MOBILE
APP201491,CUS101491,824000,48,MEDICAL,2026-06-24 00:32:00,MOBILE
APP201492,CUS101492,421000,36,DEBT_CONSOLIDATION,2026-01-13 12:56:00,MOBILE
APP201493,CUS101493,710000,36,EDUCATION,2026-05-28 18:19:00,MOBILE
APP201494,CUS101494,667000,36,HOME_RENOVATION,2026-09-20 22:43:00,MOBILE
APP201495,CUS101495,281000,18,MEDICAL,2026-04-10 04:23:00,MOBILE
APP201496,CUS101496,292000,36,HOME_RENOVATION,2026-05-07 06:04:00,WEB
APP201497,CUS101497,591000,36,EDUCATION,2026-12-15 10:09:00,MOBILE
APP201498,CUS101498,372000,36,TRAVEL,2026-03-21 09:31:00,WEB
APP201499,CUS101499,877000,24,OTHER,2026-06-26 02:54:00,WEB
APP201500,CUS101500,271000,48,EDUCATION,2026-05-10 13:38:00,WEB
APP201501,CUS101501,470000,36,MEDICAL,2026-01-15 09:32:00,WEB
APP201502,CUS101502,302000,48,DEBT_CONSOLIDATION,2026-04-13 01:03:00,MOBILE
APP201503,CUS101503,413000,36,DEBT_CONSOLIDATION,2026-06-17 23:27:00,MOBILE
APP201504,CUS101504,517000,36,OTHER,2026-10-05 15:12:00,WEB
APP201505,CUS101505,334000,48,HOME_RENOVATION,2026-10-16 00:14:00,MOBILE
APP201506,CUS101506,795000,36,EDUCATION,2026-10-28 18:31:00,MOBILE
APP201507,CUS101507,650000,60,DEBT_CONSOLIDATION,2026-10-09 22:14:00,MOBILE
APP201508,CUS101508,107000,12,EDUCATION,2026-01-08 19:35:00,WEB
APP201509,CUS101509,376000,60,OTHER,2026-04-18 22:08:00,MOBILE
APP201510,CUS101510,379000,60,MEDICAL,2026-01-08 13:19:00,WEB
APP201511,CUS101511,958000,48,HOME_RENOVATION,2026-10-08 23:03:00,MOBILE
APP201512,CUS101512,687000,36,TRAVEL,2026-12-22 15:49:00,MOBILE
APP201513,CUS101513,268000,12,DEBT_CONSOLIDATION,2026-08-18 01:45:00,WEB
APP201514,CUS101514,828000,18,TRAVEL,2026-06-03 04:34:00,MOBILE
APP201515,CUS101515,476000,48,TRAVEL,2026-10-06 19:36:00,MOBILE
APP201516,CUS101516,592000,60,EDUCATION,2026-10-21 23:24:00,WEB
APP201517,CUS101517,672000,36,TRAVEL,2026-10-07 22:38:00,MOBILE
APP201518,CUS101518,387000,18,DEBT_CONSOLIDATION,2026-08-15 19:37:00,MOBILE
APP201519,CUS101519,1216000,60,TRAVEL,2026-04-28 08:21:00,MOBILE
APP201520,CUS101520,228000,12,DEBT_CONSOLIDATION,2026-01-27 11:57:00,WEB
APP201521,CUS101521,289000,48,DEBT_CONSOLIDATION,2026-11-17 11:05:00,MOBILE
APP201522,CUS101522,646000,12,MEDICAL,2026-11-09 21:21:00,MOBILE
APP201523,CUS101523,202000,12,HOME_RENOVATION,2026-07-31 06:28:00,MOBILE
APP201524,CUS101524,356000,36,OTHER,2026-07-25 19:00:00,MOBILE
APP201525,CUS101525,313000,36,EDUCATION,2026-12-04 22:38:00,MOBILE
APP201526,CUS101526,108000,36,HOME_RENOVATION,2026-07-04 05:41:00,WEB
APP201527,CUS101527,371000,36,HOME_RENOVATION,2026-12-28 22:36:00,MOBILE
APP201528,CUS101528,460000,36,DEBT_CONSOLIDATION,2026-04-27 05:54:00,WEB
APP201529,CUS101529,254000,60,MEDICAL,2026-08-15 17:14:00,WEB
APP201530,CUS101530,354000,12,EDUCATION,2026-12-06 13:33:00,MOBILE
APP201531,CUS101531,164000,36,DEBT_CONSOLIDATION,2026-06-01 04:43:00,MOBILE
APP201532,CUS101532,271000,24,DEBT_CONSOLIDATION,2026-08-07 15:12:00,MOBILE
APP201533,CUS101533,971000,24,TRAVEL,2026-03-21 03:42:00,WEB
APP201534,CUS101534,341000,24,TRAVEL,2026-04-29 22:38:00,MOBILE
APP201535,CUS101535,703000,48,HOME_RENOVATION,2026-10-04 22:45:00,WEB
APP201536,CUS101536,387000,36,TRAVEL,2026-04-16 21:58:00,MOBILE
APP201537,CUS101537,182000,48,EDUCATION,2026-10-31 11:57:00,MOBILE
APP201538,CUS101538,360000,36,EDUCATION,2026-09-07 12:19:00,MOBILE
APP201539,CUS101539,535000,36,DEBT_CONSOLIDATION,2026-01-07 10:09:00,MOBILE
APP201540,CUS101540,338000,36,TRAVEL,2026-08-07 06:07:00,MOBILE
APP201541,CUS101541,436000,36,DEBT_CONSOLIDATION,2026-03-11 19:26:00,MOBILE
APP201542,CUS101542,520000,24,OTHER,2026-07-22 05:15:00,MOBILE
APP201543,CUS101543,336000,36,EDUCATION,2026-03-12 16:29:00,WEB
APP201544,CUS101544,564000,36,TRAVEL,2026-11-22 15:20:00,WEB
APP201545,CUS101545,308000,24,MEDICAL,2026-06-26 17:58:00,WEB
APP201546,CUS101546,161000,60,MEDICAL,2026-05-28 13:26:00,WEB
APP201547,CUS101547,504000,24,HOME_RENOVATION,2026-09-15 06:10:00,WEB
APP201548,CUS101548,790000,18,TRAVEL,2026-06-24 21:48:00,MOBILE
APP201549,CUS101549,699000,36,TRAVEL,2026-05-12 09:26:00,MOBILE
APP201550,CUS101550,759000,18,DEBT_CONSOLIDATION,2026-05-14 13:46:00,WEB
APP201551,CUS101551,500000,60,MEDICAL,2026-07-26 01:44:00,WEB
APP201552,CUS101552,320000,48,MEDICAL,2026-01-05 02:28:00,MOBILE
APP201553,CUS101553,408000,24,DEBT_CONSOLIDATION,2026-09-05 11:00:00,WEB
APP201554,CUS101554,567000,24,TRAVEL,2026-11-01 05:08:00,MOBILE
APP201555,CUS101555,955000,36,HOME_RENOVATION,2026-12-31 14:26:00,MOBILE
APP201556,CUS101556,553000,36,TRAVEL,2026-12-08 00:23:00,MOBILE
APP201557,CUS101557,1847000,36,OTHER,2026-03-07 14:59:00,MOBILE
APP201558,CUS101558,222000,36,MEDICAL,2026-04-27 23:50:00,MOBILE
APP201559,CUS101559,509000,48,MEDICAL,2026-10-09 21:33:00,MOBILE
APP201560,CUS101560,510000,24,TRAVEL,2026-08-27 07:32:00,MOBILE
APP201561,CUS101561,173000,36,MEDICAL,2026-01-17 13:27:00,MOBILE
APP201562,CUS101562,302000,36,EDUCATION,2026-09-21 06:14:00,MOBILE
APP201563,CUS101563,362000,24,MEDICAL,2026-12-10 14:23:00,WEB
APP201564,CUS101564,433000,24,HOME_RENOVATION,2026-08-21 20:13:00,WEB
APP201565,CUS101565,728000,36,HOME_RENOVATION,2026-07-12 19:51:00,MOBILE
APP201566,CUS101566,503000,24,MEDICAL,2026-05-15 15:02:00,MOBILE
APP201567,CUS101567,323000,36,DEBT_CONSOLIDATION,2026-03-29 02:17:00,MOBILE
APP201568,CUS101568,240000,24,OTHER,2026-09-19 09:37:00,MOBILE
APP201569,CUS101569,875000,36,OTHER,2026-10-02 00:32:00,MOBILE
APP201570,CUS101570,255000,48,HOME_RENOVATION,2026-03-31 16:24:00,MOBILE
APP201571,CUS101571,540000,24,TRAVEL,2026-08-12 06:11:00,MOBILE
APP201572,CUS101572,415000,24,EDUCATION,2026-06-23 21:48:00,MOBILE
APP201573,CUS101573,187000,36,HOME_RENOVATION,2026-04-30 18:07:00,MOBILE
APP201574,CUS101574,612000,48,EDUCATION,2026-05-25 17:48:00,MOBILE
APP201575,CUS101575,530000,24,EDUCATION,2026-07-22 07:33:00,MOBILE
APP201576,CUS101576,445000,12,TRAVEL,2026-09-17 10:10:00,WEB
APP201577,CUS101577,348000,12,TRAVEL,2026-10-29 20:18:00,MOBILE
APP201578,CUS101578,676000,48,DEBT_CONSOLIDATION,2026-02-19 18:22:00,MOBILE
APP201579,CUS101579,655000,24,OTHER,2026-04-14 21:05:00,MOBILE
APP201580,CUS101580,644000,48,HOME_RENOVATION,2026-12-20 08:06:00,MOBILE
APP201581,CUS101581,256000,36,EDUCATION,2026-03-22 01:25:00,WEB
APP201582,CUS101582,235000,12,EDUCATION,2026-01-23 08:49:00,WEB
APP201583,CUS101583,1053000,36,TRAVEL,2026-02-04 17:21:00,MOBILE
APP201584,CUS101584,350000,12,OTHER,2026-12-04 15:06:00,MOBILE
APP201585,CUS101585,160000,36,HOME_RENOVATION,2026-02-05 05:33:00,MOBILE
APP201586,CUS101586,385000,36,MEDICAL,2026-09-29 02:12:00,WEB
APP201587,CUS101587,406000,24,EDUCATION,2026-08-22 07:04:00,MOBILE
APP201588,CUS101588,515000,24,HOME_RENOVATION,2026-09-15 17:54:00,WEB
APP201589,CUS101589,820000,36,MEDICAL,2026-09-21 23:19:00,WEB
APP201590,CUS101590,321000,12,HOME_RENOVATION,2026-01-02 21:10:00,MOBILE
APP201591,CUS101591,600000,24,DEBT_CONSOLIDATION,2026-10-22 06:34:00,MOBILE
APP201592,CUS101592,207000,36,OTHER,2026-05-08 10:15:00,MOBILE
APP201593,CUS101593,345000,48,HOME_RENOVATION,2026-06-18 03:09:00,MOBILE
APP201594,CUS101594,1081000,36,DEBT_CONSOLIDATION,2026-11-12 20:04:00,MOBILE
APP201595,CUS101595,508000,48,OTHER,2026-03-29 11:36:00,MOBILE
APP201596,CUS101596,372000,36,TRAVEL,2026-12-20 12:16:00,MOBILE
APP201597,CUS101597,264000,60,TRAVEL,2026-11-02 12:56:00,MOBILE
APP201598,CUS101598,181000,36,EDUCATION,2026-02-26 10:42:00,WEB
APP201599,CUS101599,1345000,24,EDUCATION,2026-12-02 09:16:00,MOBILE
APP201600,CUS101600,527000,36,OTHER,2026-02-12 23:31:00,MOBILE
APP201601,CUS101601,378000,48,MEDICAL,2026-08-20 11:13:00,MOBILE
APP201602,CUS101602,752000,48,HOME_RENOVATION,2026-12-31 07:08:00,MOBILE
APP201603,CUS101603,625000,24,EDUCATION,2026-03-02 23:51:00,MOBILE
APP201604,CUS101604,274000,36,OTHER,2026-08-31 21:16:00,WEB
APP201605,CUS101605,247000,36,OTHER,2026-06-09 14:08:00,MOBILE
APP201606,CUS101606,1274000,60,OTHER,2026-08-19 11:34:00,MOBILE
APP201607,CUS101607,637000,24,OTHER,2026-09-21 22:36:00,MOBILE
APP201608,CUS101608,201000,48,MEDICAL,2026-03-03 17:41:00,MOBILE
APP201609,CUS101609,454000,12,MEDICAL,2026-11-12 17:24:00,WEB
APP201610,CUS101610,990000,36,EDUCATION,2026-10-02 02:01:00,WEB
APP201611,CUS101611,145000,36,OTHER,2026-07-11 06:40:00,MOBILE
APP201612,CUS101612,199000,48,EDUCATION,2026-02-16 10:55:00,MOBILE
APP201613,CUS101613,957000,12,DEBT_CONSOLIDATION,2026-03-10 07:56:00,WEB
APP201614,CUS101614,255000,60,MEDICAL,2026-08-04 13:52:00,WEB
APP201615,CUS101615,455000,36,HOME_RENOVATION,2026-08-29 11:58:00,MOBILE
APP201616,CUS101616,149000,12,TRAVEL,2026-04-22 12:23:00,MOBILE
APP201617,CUS101617,869000,18,HOME_RENOVATION,2026-11-19 23:28:00,WEB
APP201618,CUS101618,317000,36,MEDICAL,2026-02-17 09:56:00,WEB
APP201619,CUS101619,135000,36,DEBT_CONSOLIDATION,2026-09-20 13:19:00,MOBILE
APP201620,CUS101620,122000,36,EDUCATION,2026-10-02 22:37:00,MOBILE
APP201621,CUS101621,182000,24,DEBT_CONSOLIDATION,2026-06-20 02:57:00,MOBILE
APP201622,CUS101622,282000,36,HOME_RENOVATION,2026-07-22 07:32:00,MOBILE
APP201623,CUS101623,208000,48,HOME_RENOVATION,2026-11-18 16:13:00,MOBILE
APP201624,CUS101624,672000,60,OTHER,2026-05-20 01:56:00,MOBILE
APP201625,CUS101625,465000,48,MEDICAL,2026-10-19 11:44:00,MOBILE
APP201626,CUS101626,221000,18,MEDICAL,2026-08-01 22:01:00,MOBILE
APP201627,CUS101627,191000,36,EDUCATION,2026-10-01 22:58:00,MOBILE
APP201628,CUS101628,555000,36,TRAVEL,2026-03-07 05:58:00,WEB
APP201629,CUS101629,304000,60,OTHER,2026-09-18 04:36:00,MOBILE
APP201630,CUS101630,444000,12,EDUCATION,2026-05-14 10:25:00,MOBILE
APP201631,CUS101631,180000,60,MEDICAL,2026-05-13 12:24:00,MOBILE
APP201632,CUS101632,447000,36,OTHER,2026-06-26 12:30:00,MOBILE
APP201633,CUS101633,928000,36,DEBT_CONSOLIDATION,2026-06-29 03:39:00,MOBILE
APP201634,CUS101634,1785000,24,OTHER,2026-07-15 20:34:00,MOBILE
APP201635,CUS101635,177000,36,MEDICAL,2026-02-18 22:04:00,MOBILE
APP201636,CUS101636,236000,36,TRAVEL,2026-01-20 13:29:00,MOBILE
APP201637,CUS101637,468000,36,EDUCATION,2026-03-18 05:02:00,MOBILE
APP201638,CUS101638,689000,24,MEDICAL,2026-07-20 17:01:00,MOBILE
APP201639,CUS101639,574000,48,HOME_RENOVATION,2026-09-13 18:53:00,MOBILE
APP201640,CUS101640,843000,48,OTHER,2026-08-13 14:45:00,MOBILE
APP201641,CUS101641,1030000,36,TRAVEL,2026-10-28 14:04:00,WEB
APP201642,CUS101642,632000,36,DEBT_CONSOLIDATION,2026-01-08 03:33:00,MOBILE
APP201643,CUS101643,283000,60,TRAVEL,2026-08-09 15:50:00,MOBILE
APP201644,CUS101644,172000,60,DEBT_CONSOLIDATION,2026-08-27 15:35:00,MOBILE
APP201645,CUS101645,552000,60,DEBT_CONSOLIDATION,2026-10-05 23:25:00,WEB
APP201646,CUS101646,541000,60,HOME_RENOVATION,2026-11-10 05:09:00,WEB
APP201647,CUS101647,276000,36,DEBT_CONSOLIDATION,2026-05-24 07:43:00,MOBILE
APP201648,CUS101648,621000,48,HOME_RENOVATION,2026-06-30 16:25:00,WEB
APP201649,CUS101649,169000,36,EDUCATION,2026-01-08 22:46:00,WEB
APP201650,CUS101650,1043000,48,HOME_RENOVATION,2026-03-13 20:47:00,MOBILE
APP201651,CUS101651,388000,48,OTHER,2026-02-13 17:57:00,MOBILE
APP201652,CUS101652,494000,36,MEDICAL,2026-03-14 20:13:00,MOBILE
APP201653,CUS101653,446000,12,MEDICAL,2026-12-29 01:24:00,MOBILE
APP201654,CUS101654,250000,48,MEDICAL,2026-11-23 21:08:00,MOBILE
APP201655,CUS101655,165000,60,MEDICAL,2026-05-25 14:56:00,MOBILE
APP201656,CUS101656,447000,48,TRAVEL,2026-10-14 12:34:00,MOBILE
APP201657,CUS101657,525000,12,TRAVEL,2026-06-13 18:50:00,MOBILE
APP201658,CUS101658,486000,48,EDUCATION,2026-09-07 20:29:00,WEB
APP201659,CUS101659,352000,36,EDUCATION,2026-05-07 09:09:00,MOBILE
APP201660,CUS101660,253000,48,TRAVEL,2026-06-19 18:32:00,MOBILE
APP201661,CUS101661,439000,24,MEDICAL,2026-11-24 23:37:00,MOBILE
APP201662,CUS101662,273000,48,MEDICAL,2026-09-16 20:05:00,MOBILE
APP201663,CUS101663,100000,60,OTHER,2026-12-19 02:29:00,MOBILE
APP201664,CUS101664,910000,36,DEBT_CONSOLIDATION,2026-09-05 06:58:00,MOBILE
APP201665,CUS101665,239000,36,TRAVEL,2026-10-05 04:28:00,MOBILE
APP201666,CUS101666,354000,48,DEBT_CONSOLIDATION,2026-09-30 04:21:00,WEB
APP201667,CUS101667,303000,36,OTHER,2026-03-07 19:35:00,WEB
APP201668,CUS101668,299000,48,DEBT_CONSOLIDATION,2026-01-13 16:24:00,MOBILE
APP201669,CUS101669,408000,48,DEBT_CONSOLIDATION,2026-12-09 23:23:00,MOBILE
APP201670,CUS101670,1051000,36,MEDICAL,2026-01-14 03:17:00,WEB
APP201671,CUS101671,375000,36,HOME_RENOVATION,2026-04-01 21:47:00,MOBILE
APP201672,CUS101672,345000,48,DEBT_CONSOLIDATION,2026-12-15 01:29:00,MOBILE
APP201673,CUS101673,855000,24,OTHER,2026-10-07 05:55:00,MOBILE
APP201674,CUS101674,293000,18,MEDICAL,2026-03-22 21:55:00,MOBILE
APP201675,CUS101675,375000,12,DEBT_CONSOLIDATION,2026-08-06 00:30:00,WEB
APP201676,CUS101676,400000,12,EDUCATION,2026-06-16 18:50:00,MOBILE
APP201677,CUS101677,503000,36,HOME_RENOVATION,2026-04-22 15:05:00,WEB
APP201678,CUS101678,752000,24,TRAVEL,2026-01-14 19:46:00,MOBILE
APP201679,CUS101679,437000,48,HOME_RENOVATION,2026-03-17 13:52:00,WEB
APP201680,CUS101680,448000,36,EDUCATION,2026-06-13 13:26:00,MOBILE
APP201681,CUS101681,468000,36,DEBT_CONSOLIDATION,2026-10-02 19:48:00,MOBILE
APP201682,CUS101682,309000,36,HOME_RENOVATION,2026-05-24 20:23:00,MOBILE
APP201683,CUS101683,199000,36,EDUCATION,2026-01-29 07:37:00,WEB
APP201684,CUS101684,632000,18,EDUCATION,2026-03-11 21:23:00,MOBILE
APP201685,CUS101685,502000,36,EDUCATION,2026-10-04 04:56:00,WEB
APP201686,CUS101686,706000,12,MEDICAL,2026-12-20 20:04:00,MOBILE
APP201687,CUS101687,444000,24,DEBT_CONSOLIDATION,2026-04-17 13:39:00,MOBILE
APP201688,CUS101688,113000,36,EDUCATION,2026-08-10 00:32:00,MOBILE
APP201689,CUS101689,244000,48,DEBT_CONSOLIDATION,2026-09-06 11:49:00,MOBILE
APP201690,CUS101690,104000,36,OTHER,2026-02-01 20:58:00,MOBILE
APP201691,CUS101691,202000,36,TRAVEL,2026-12-16 09:52:00,WEB
APP201692,CUS101692,281000,36,EDUCATION,2026-08-04 15:37:00,MOBILE
APP201693,CUS101693,629000,12,HOME_RENOVATION,2026-07-16 19:26:00,WEB
APP201694,CUS101694,527000,36,TRAVEL,2026-07-17 13:03:00,MOBILE
APP201695,CUS101695,493000,18,DEBT_CONSOLIDATION,2026-01-16 21:11:00,WEB
APP201696,CUS101696,594000,48,EDUCATION,2026-08-01 06:59:00,MOBILE
APP201697,CUS101697,361000,36,HOME_RENOVATION,2026-02-08 05:02:00,WEB
APP201698,CUS101698,1180000,36,TRAVEL,2026-06-06 21:11:00,MOBILE
APP201699,CUS101699,424000,36,HOME_RENOVATION,2026-02-02 13:01:00,MOBILE
APP201700,CUS101700,262000,36,EDUCATION,2026-03-22 22:00:00,WEB
APP201701,CUS101701,234000,24,HOME_RENOVATION,2026-05-26 11:40:00,WEB
APP201702,CUS101702,355000,24,MEDICAL,2026-04-17 23:13:00,WEB
APP201703,CUS101703,531000,36,OTHER,2026-07-29 13:09:00,WEB
APP201704,CUS101704,482000,36,MEDICAL,2026-07-01 11:58:00,MOBILE
APP201705,CUS101705,1280000,36,DEBT_CONSOLIDATION,2026-02-02 17:47:00,MOBILE
APP201706,CUS101706,453000,36,DEBT_CONSOLIDATION,2026-09-28 16:27:00,MOBILE
APP201707,CUS101707,440000,36,HOME_RENOVATION,2026-06-09 21:37:00,WEB
APP201708,CUS101708,753000,36,DEBT_CONSOLIDATION,2026-07-02 07:03:00,WEB
APP201709,CUS101709,460000,18,DEBT_CONSOLIDATION,2026-11-21 01:31:00,MOBILE
APP201710,CUS101710,394000,24,OTHER,2026-02-26 23:41:00,MOBILE
APP201711,CUS101711,1130000,24,TRAVEL,2026-04-21 20:25:00,MOBILE
APP201712,CUS101712,200000,36,OTHER,2026-07-28 19:54:00,WEB
APP201713,CUS101713,850000,60,DEBT_CONSOLIDATION,2026-06-02 03:42:00,MOBILE
APP201714,CUS101714,987000,18,MEDICAL,2026-07-02 10:07:00,WEB
APP201715,CUS101715,252000,36,OTHER,2026-01-24 00:43:00,MOBILE
APP201716,CUS101716,737000,12,OTHER,2026-10-09 08:53:00,MOBILE
APP201717,CUS101717,443000,24,EDUCATION,2026-04-09 03:48:00,MOBILE
APP201718,CUS101718,499000,36,MEDICAL,2026-12-12 05:56:00,MOBILE
APP201719,CUS101719,1476000,24,MEDICAL,2026-09-17 13:24:00,WEB
APP201720,CUS101720,775000,36,TRAVEL,2026-01-18 10:01:00,WEB
APP201721,CUS101721,168000,12,DEBT_CONSOLIDATION,2026-02-22 06:24:00,MOBILE
APP201722,CUS101722,347000,48,DEBT_CONSOLIDATION,2026-05-28 19:24:00,MOBILE
APP201723,CUS101723,310000,36,DEBT_CONSOLIDATION,2026-06-27 10:37:00,MOBILE
APP201724,CUS101724,561000,36,OTHER,2026-01-09 04:00:00,MOBILE
APP201725,CUS101725,333000,36,MEDICAL,2026-06-23 03:38:00,WEB
APP201726,CUS101726,547000,36,OTHER,2026-07-23 13:43:00,MOBILE
APP201727,CUS101727,628000,48,DEBT_CONSOLIDATION,2026-12-19 18:41:00,MOBILE
APP201728,CUS101728,1380000,36,MEDICAL,2026-01-25 05:43:00,MOBILE
APP201729,CUS101729,439000,36,MEDICAL,2026-04-27 17:40:00,WEB
APP201730,CUS101730,301000,12,OTHER,2026-02-03 19:52:00,MOBILE
APP201731,CUS101731,680000,36,TRAVEL,2026-12-11 07:45:00,WEB
APP201732,CUS101732,265000,36,MEDICAL,2026-06-27 00:45:00,MOBILE
APP201733,CUS101733,204000,60,OTHER,2026-12-31 19:08:00,MOBILE
APP201734,CUS101734,1341000,24,DEBT_CONSOLIDATION,2026-10-21 12:45:00,MOBILE
APP201735,CUS101735,548000,12,TRAVEL,2026-02-14 03:10:00,MOBILE
APP201736,CUS101736,351000,60,EDUCATION,2026-01-01 18:45:00,MOBILE
APP201737,CUS101737,595000,36,EDUCATION,2026-06-30 04:41:00,MOBILE
APP201738,CUS101738,535000,18,MEDICAL,2026-02-27 15:14:00,MOBILE
APP201739,CUS101739,165000,18,DEBT_CONSOLIDATION,2026-02-25 14:51:00,WEB
APP201740,CUS101740,546000,60,OTHER,2026-09-06 19:12:00,MOBILE
APP201741,CUS101741,451000,36,TRAVEL,2026-07-22 01:27:00,WEB
APP201742,CUS101742,336000,36,DEBT_CONSOLIDATION,2026-11-10 22:50:00,WEB
APP201743,CUS101743,284000,36,EDUCATION,2026-04-10 08:06:00,MOBILE
APP201744,CUS101744,232000,12,MEDICAL,2026-12-01 04:24:00,MOBILE
APP201745,CUS101745,593000,48,TRAVEL,2026-02-02 19:04:00,MOBILE
APP201746,CUS101746,262000,36,DEBT_CONSOLIDATION,2026-04-04 06:42:00,MOBILE
APP201747,CUS101747,692000,36,OTHER,2026-11-04 15:53:00,MOBILE
APP201748,CUS101748,338000,36,EDUCATION,2026-05-18 16:58:00,WEB
APP201749,CUS101749,309000,24,MEDICAL,2026-06-15 07:25:00,MOBILE
APP201750,CUS101750,358000,36,DEBT_CONSOLIDATION,2026-12-14 11:14:00,MOBILE
APP201751,CUS101751,492000,36,DEBT_CONSOLIDATION,2026-09-29 00:41:00,MOBILE
APP201752,CUS101752,588000,48,MEDICAL,2026-09-25 05:50:00,WEB
APP201753,CUS101753,646000,36,EDUCATION,2026-06-30 02:13:00,MOBILE
APP201754,CUS101754,543000,36,HOME_RENOVATION,2026-12-28 02:56:00,WEB
APP201755,CUS101755,352000,36,HOME_RENOVATION,2026-03-10 07:23:00,MOBILE
APP201756,CUS101756,237000,48,DEBT_CONSOLIDATION,2026-09-01 01:59:00,MOBILE
APP201757,CUS101757,264000,36,TRAVEL,2026-10-15 04:19:00,MOBILE
APP201758,CUS101758,196000,60,MEDICAL,2026-01-15 05:24:00,MOBILE
APP201759,CUS101759,351000,12,OTHER,2026-05-21 00:15:00,MOBILE
APP201760,CUS101760,611000,48,DEBT_CONSOLIDATION,2026-12-28 15:07:00,WEB
APP201761,CUS101761,310000,18,TRAVEL,2026-02-20 10:04:00,WEB
APP201762,CUS101762,391000,48,MEDICAL,2026-08-09 00:08:00,WEB
APP201763,CUS101763,446000,24,EDUCATION,2026-02-22 19:02:00,WEB
APP201764,CUS101764,724000,24,DEBT_CONSOLIDATION,2026-06-25 22:55:00,MOBILE
APP201765,CUS101765,774000,36,EDUCATION,2026-12-13 01:01:00,WEB
APP201766,CUS101766,456000,36,EDUCATION,2026-10-26 01:10:00,MOBILE
APP201767,CUS101767,941000,36,MEDICAL,2026-12-19 22:05:00,WEB
APP201768,CUS101768,359000,36,TRAVEL,2026-02-17 09:14:00,WEB
APP201769,CUS101769,269000,24,EDUCATION,2026-06-01 04:33:00,MOBILE
APP201770,CUS101770,388000,36,MEDICAL,2026-07-20 15:08:00,WEB
APP201771,CUS101771,328000,36,OTHER,2026-04-18 23:42:00,MOBILE
APP201772,CUS101772,681000,36,HOME_RENOVATION,2026-08-18 18:24:00,WEB
APP201773,CUS101773,367000,36,TRAVEL,2026-07-02 01:02:00,MOBILE
APP201774,CUS101774,464000,60,TRAVEL,2026-02-20 19:09:00,MOBILE
APP201775,CUS101775,501000,60,EDUCATION,2026-03-10 14:04:00,MOBILE
APP201776,CUS101776,153000,36,OTHER,2026-08-07 06:38:00,MOBILE
APP201777,CUS101777,614000,24,MEDICAL,2026-03-18 23:54:00,WEB
APP201778,CUS101778,327000,24,DEBT_CONSOLIDATION,2026-09-20 09:23:00,WEB
APP201779,CUS101779,505000,48,TRAVEL,2026-02-05 17:48:00,WEB
APP201780,CUS101780,643000,36,HOME_RENOVATION,2026-03-29 03:23:00,MOBILE
APP201781,CUS101781,448000,48,HOME_RENOVATION,2026-10-08 06:03:00,MOBILE
APP201782,CUS101782,304000,36,HOME_RENOVATION,2026-04-19 10:05:00,MOBILE
APP201783,CUS101783,435000,24,EDUCATION,2026-10-13 23:44:00,WEB
APP201784,CUS101784,835000,24,MEDICAL,2026-08-17 05:35:00,MOBILE
APP201785,CUS101785,373000,60,TRAVEL,2026-11-04 02:59:00,WEB
APP201786,CUS101786,275000,36,HOME_RENOVATION,2026-06-17 18:09:00,MOBILE
APP201787,CUS101787,868000,36,EDUCATION,2026-11-05 02:49:00,WEB
APP201788,CUS101788,273000,36,OTHER,2026-10-24 21:33:00,WEB
APP201789,CUS101789,199000,36,OTHER,2026-10-18 23:56:00,WEB
APP201790,CUS101790,849000,48,DEBT_CONSOLIDATION,2026-12-02 23:02:00,MOBILE
APP201791,CUS101791,719000,48,EDUCATION,2026-06-15 15:00:00,MOBILE
APP201792,CUS101792,215000,36,TRAVEL,2026-01-16 04:17:00,MOBILE
APP201793,CUS101793,281000,36,EDUCATION,2026-10-02 13:18:00,WEB
APP201794,CUS101794,409000,12,HOME_RENOVATION,2026-01-18 07:29:00,MOBILE
APP201795,CUS101795,331000,36,HOME_RENOVATION,2026-10-03 20:01:00,MOBILE
APP201796,CUS101796,250000,12,DEBT_CONSOLIDATION,2026-02-17 12:59:00,MOBILE
APP201797,CUS101797,178000,24,MEDICAL,2026-07-25 09:40:00,WEB
APP201798,CUS101798,459000,36,DEBT_CONSOLIDATION,2026-03-15 10:38:00,MOBILE
APP201799,CUS101799,505000,36,OTHER,2026-09-29 01:42:00,WEB
APP201800,CUS101800,950000,48,DEBT_CONSOLIDATION,2026-08-25 01:08:00,WEB
APP201801,CUS101801,131000,12,OTHER,2026-06-29 01:31:00,MOBILE
APP201802,CUS101802,637000,12,OTHER,2026-03-02 20:30:00,WEB
APP201803,CUS101803,505000,48,MEDICAL,2026-07-13 09:09:00,WEB
APP201804,CUS101804,480000,48,DEBT_CONSOLIDATION,2026-05-03 05:17:00,MOBILE
APP201805,CUS101805,129000,12,EDUCATION,2026-09-24 02:27:00,MOBILE
APP201806,CUS101806,309000,48,MEDICAL,2026-10-12 07:33:00,MOBILE
APP201807,CUS101807,237000,36,MEDICAL,2026-02-07 15:22:00,MOBILE
APP201808,CUS101808,736000,24,EDUCATION,2026-04-19 08:26:00,MOBILE
APP201809,CUS101809,262000,36,MEDICAL,2026-10-28 17:07:00,WEB
APP201810,CUS101810,226000,36,DEBT_CONSOLIDATION,2026-10-19 21:40:00,WEB
APP201811,CUS101811,168000,48,HOME_RENOVATION,2026-10-21 07:51:00,MOBILE
APP201812,CUS101812,155000,36,EDUCATION,2026-05-14 01:21:00,MOBILE
APP201813,CUS101813,451000,36,DEBT_CONSOLIDATION,2026-01-15 09:21:00,WEB
APP201814,CUS101814,1096000,48,OTHER,2026-12-14 08:10:00,WEB
APP201815,CUS101815,178000,36,EDUCATION,2026-03-17 08:48:00,WEB
APP201816,CUS101816,327000,36,EDUCATION,2026-04-17 16:49:00,MOBILE
APP201817,CUS101817,603000,36,TRAVEL,2026-04-10 05:23:00,MOBILE
APP201818,CUS101818,198000,36,MEDICAL,2026-10-21 11:26:00,MOBILE
APP201819,CUS101819,774000,18,DEBT_CONSOLIDATION,2026-02-02 11:28:00,WEB
APP201820,CUS101820,495000,36,MEDICAL,2026-04-27 13:45:00,MOBILE
APP201821,CUS101821,366000,36,DEBT_CONSOLIDATION,2026-10-18 12:46:00,WEB
APP201822,CUS101822,189000,36,OTHER,2026-12-03 07:54:00,MOBILE
APP201823,CUS101823,640000,36,EDUCATION,2026-04-03 22:34:00,WEB
APP201824,CUS101824,821000,36,DEBT_CONSOLIDATION,2026-01-31 07:01:00,MOBILE
APP201825,CUS101825,401000,12,MEDICAL,2026-07-04 17:44:00,MOBILE
APP201826,CUS101826,124000,36,MEDICAL,2026-06-26 13:29:00,WEB
APP201827,CUS101827,542000,12,EDUCATION,2026-05-26 22:07:00,MOBILE
APP201828,CUS101828,428000,60,MEDICAL,2026-12-22 12:01:00,WEB
APP201829,CUS101829,859000,12,DEBT_CONSOLIDATION,2026-03-06 04:19:00,MOBILE
APP201830,CUS101830,335000,36,TRAVEL,2026-12-19 22:18:00,MOBILE
APP201831,CUS101831,597000,48,HOME_RENOVATION,2026-02-27 15:07:00,MOBILE
APP201832,CUS101832,749000,48,EDUCATION,2026-03-05 01:14:00,MOBILE
APP201833,CUS101833,575000,36,TRAVEL,2026-05-22 06:18:00,WEB
APP201834,CUS101834,221000,12,EDUCATION,2026-11-30 18:03:00,MOBILE
APP201835,CUS101835,392000,36,TRAVEL,2026-04-03 04:56:00,MOBILE
APP201836,CUS101836,249000,48,HOME_RENOVATION,2026-11-03 14:29:00,MOBILE
APP201837,CUS101837,173000,36,EDUCATION,2026-05-03 19:01:00,WEB
APP201838,CUS101838,874000,36,OTHER,2026-12-02 05:03:00,WEB
APP201839,CUS101839,456000,36,MEDICAL,2026-01-05 19:38:00,MOBILE
APP201840,CUS101840,277000,48,TRAVEL,2026-10-02 05:30:00,MOBILE
APP201841,CUS101841,301000,36,TRAVEL,2026-04-16 05:30:00,MOBILE
APP201842,CUS101842,362000,24,DEBT_CONSOLIDATION,2026-07-01 07:55:00,MOBILE
APP201843,CUS101843,184000,24,MEDICAL,2026-07-12 11:12:00,MOBILE
APP201844,CUS101844,346000,24,OTHER,2026-11-11 02:18:00,MOBILE
APP201845,CUS101845,375000,36,OTHER,2026-07-22 05:40:00,MOBILE
APP201846,CUS101846,433000,36,EDUCATION,2026-07-30 11:03:00,MOBILE
APP201847,CUS101847,320000,36,MEDICAL,2026-08-09 23:27:00,MOBILE
APP201848,CUS101848,289000,24,OTHER,2026-01-11 02:26:00,MOBILE
APP201849,CUS101849,795000,36,TRAVEL,2026-02-18 02:58:00,WEB
APP201850,CUS101850,257000,24,TRAVEL,2026-06-28 04:22:00,MOBILE
APP201851,CUS101851,378000,36,TRAVEL,2026-08-30 09:17:00,WEB
APP201852,CUS101852,507000,36,HOME_RENOVATION,2026-03-15 05:17:00,WEB
APP201853,CUS101853,127000,48,MEDICAL,2026-01-12 04:04:00,WEB
APP201854,CUS101854,448000,24,MEDICAL,2026-08-11 17:20:00,MOBILE
APP201855,CUS101855,223000,60,DEBT_CONSOLIDATION,2026-02-25 18:38:00,WEB
APP201856,CUS101856,307000,36,MEDICAL,2026-01-03 15:31:00,MOBILE
APP201857,CUS101857,593000,18,EDUCATION,2026-02-04 00:45:00,MOBILE
APP201858,CUS101858,264000,36,HOME_RENOVATION,2026-01-23 16:36:00,MOBILE
APP201859,CUS101859,184000,36,DEBT_CONSOLIDATION,2026-11-14 16:39:00,WEB
APP201860,CUS101860,640000,18,DEBT_CONSOLIDATION,2026-04-25 21:06:00,MOBILE
APP201861,CUS101861,357000,24,MEDICAL,2026-08-25 12:35:00,MOBILE
APP201862,CUS101862,180000,24,DEBT_CONSOLIDATION,2026-06-18 19:29:00,WEB
APP201863,CUS101863,987000,24,EDUCATION,2026-06-28 23:04:00,WEB
APP201864,CUS101864,169000,12,TRAVEL,2026-04-27 22:40:00,WEB
APP201865,CUS101865,783000,24,HOME_RENOVATION,2026-06-15 10:54:00,MOBILE
APP201866,CUS101866,324000,24,TRAVEL,2026-03-26 11:54:00,WEB
APP201867,CUS101867,1022000,36,HOME_RENOVATION,2026-10-28 00:38:00,MOBILE
APP201868,CUS101868,501000,60,OTHER,2026-05-21 04:25:00,WEB
APP201869,CUS101869,663000,24,OTHER,2026-07-13 08:04:00,WEB
APP201870,CUS101870,174000,36,MEDICAL,2026-06-25 08:07:00,MOBILE
APP201871,CUS101871,201000,36,HOME_RENOVATION,2026-12-09 14:07:00,MOBILE
APP201872,CUS101872,206000,36,EDUCATION,2026-04-30 18:23:00,MOBILE
APP201873,CUS101873,623000,36,TRAVEL,2026-06-13 18:45:00,MOBILE
APP201874,CUS101874,395000,48,EDUCATION,2026-04-27 15:29:00,WEB
APP201875,CUS101875,147000,60,TRAVEL,2026-11-01 12:45:00,MOBILE
APP201876,CUS101876,217000,36,MEDICAL,2026-02-21 05:58:00,MOBILE
APP201877,CUS101877,557000,12,DEBT_CONSOLIDATION,2026-05-19 03:17:00,WEB
APP201878,CUS101878,669000,36,DEBT_CONSOLIDATION,2026-10-15 17:47:00,MOBILE
APP201879,CUS101879,339000,12,MEDICAL,2026-10-18 03:50:00,MOBILE
APP201880,CUS101880,202000,24,EDUCATION,2026-12-19 02:57:00,MOBILE
APP201881,CUS101881,143000,48,TRAVEL,2026-12-26 05:06:00,WEB
APP201882,CUS101882,700000,24,DEBT_CONSOLIDATION,2026-05-20 11:50:00,MOBILE
APP201883,CUS101883,434000,36,TRAVEL,2026-06-05 03:39:00,WEB
APP201884,CUS101884,432000,18,OTHER,2026-06-28 18:45:00,MOBILE
APP201885,CUS101885,907000,24,MEDICAL,2026-07-10 18:02:00,WEB
APP201886,CUS101886,801000,48,OTHER,2026-09-09 04:34:00,MOBILE
APP201887,CUS101887,195000,18,DEBT_CONSOLIDATION,2026-01-23 12:49:00,MOBILE
APP201888,CUS101888,164000,36,TRAVEL,2026-10-19 10:21:00,MOBILE
APP201889,CUS101889,519000,36,DEBT_CONSOLIDATION,2026-07-02 13:19:00,MOBILE
APP201890,CUS101890,273000,12,EDUCATION,2026-08-19 20:04:00,WEB
APP201891,CUS101891,198000,36,TRAVEL,2026-03-02 16:06:00,WEB
APP201892,CUS101892,124000,36,DEBT_CONSOLIDATION,2026-07-21 12:47:00,MOBILE
APP201893,CUS101893,662000,18,OTHER,2026-11-30 06:49:00,MOBILE
APP201894,CUS101894,343000,24,TRAVEL,2026-10-15 16:52:00,MOBILE
APP201895,CUS101895,200000,24,DEBT_CONSOLIDATION,2026-11-13 05:22:00,MOBILE
APP201896,CUS101896,794000,48,EDUCATION,2026-11-04 10:31:00,MOBILE
APP201897,CUS101897,272000,60,TRAVEL,2026-05-26 02:51:00,MOBILE
APP201898,CUS101898,428000,36,TRAVEL,2026-07-30 16:22:00,MOBILE
APP201899,CUS101899,363000,36,OTHER,2026-12-05 07:49:00,WEB
APP201900,CUS101900,140000,18,OTHER,2026-03-29 20:44:00,WEB
APP201901,CUS101901,265000,60,TRAVEL,2026-08-11 05:08:00,WEB
APP201902,CUS101902,263000,18,MEDICAL,2026-03-25 18:16:00,MOBILE
APP201903,CUS101903,497000,18,DEBT_CONSOLIDATION,2026-08-12 03:28:00,WEB
APP201904,CUS101904,313000,36,OTHER,2026-12-14 02:49:00,MOBILE
APP201905,CUS101905,423000,18,HOME_RENOVATION,2026-12-27 12:00:00,MOBILE
APP201906,CUS101906,164000,36,EDUCATION,2026-11-24 06:07:00,MOBILE
APP201907,CUS101907,221000,24,TRAVEL,2026-12-11 23:39:00,MOBILE
APP201908,CUS101908,1347000,36,MEDICAL,2026-09-16 00:35:00,MOBILE
APP201909,CUS101909,389000,24,TRAVEL,2026-02-18 12:13:00,MOBILE
APP201910,CUS101910,971000,48,DEBT_CONSOLIDATION,2026-12-16 21:42:00,MOBILE
APP201911,CUS101911,284000,36,MEDICAL,2026-04-10 02:17:00,MOBILE
APP201912,CUS101912,430000,36,MEDICAL,2026-01-29 08:24:00,WEB
APP201913,CUS101913,452000,60,DEBT_CONSOLIDATION,2026-01-08 18:20:00,MOBILE
APP201914,CUS101914,450000,48,HOME_RENOVATION,2026-12-09 01:29:00,MOBILE
APP201915,CUS101915,319000,48,OTHER,2026-03-14 14:18:00,MOBILE
APP201916,CUS101916,260000,36,OTHER,2026-02-02 21:34:00,MOBILE
APP201917,CUS101917,473000,24,DEBT_CONSOLIDATION,2026-07-14 07:20:00,WEB
APP201918,CUS101918,306000,48,DEBT_CONSOLIDATION,2026-01-02 18:46:00,MOBILE
APP201919,CUS101919,497000,48,HOME_RENOVATION,2026-02-08 14:02:00,WEB
APP201920,CUS101920,827000,36,EDUCATION,2026-01-24 15:55:00,MOBILE
APP201921,CUS101921,506000,36,EDUCATION,2026-09-07 08:07:00,WEB
APP201922,CUS101922,211000,36,TRAVEL,2026-01-28 12:05:00,MOBILE
APP201923,CUS101923,247000,36,DEBT_CONSOLIDATION,2026-06-25 11:51:00,MOBILE
APP201924,CUS101924,450000,36,HOME_RENOVATION,2026-01-31 16:43:00,MOBILE
APP201925,CUS101925,310000,36,TRAVEL,2026-10-22 21:52:00,WEB
APP201926,CUS101926,390000,60,OTHER,2026-05-24 09:51:00,MOBILE
APP201927,CUS101927,1125000,36,DEBT_CONSOLIDATION,2026-01-03 14:03:00,MOBILE
APP201928,CUS101928,482000,36,OTHER,2026-12-07 14:53:00,MOBILE
APP201929,CUS101929,756000,18,DEBT_CONSOLIDATION,2026-10-01 13:57:00,WEB
APP201930,CUS101930,197000,36,TRAVEL,2026-11-05 17:52:00,MOBILE
APP201931,CUS101931,556000,18,MEDICAL,2026-07-11 02:04:00,WEB
APP201932,CUS101932,1242000,12,MEDICAL,2026-12-26 12:04:00,WEB
APP201933,CUS101933,254000,36,EDUCATION,2026-09-24 08:31:00,WEB
APP201934,CUS101934,886000,36,MEDICAL,2026-03-15 04:02:00,WEB
APP201935,CUS101935,281000,36,DEBT_CONSOLIDATION,2026-01-09 07:38:00,MOBILE
APP201936,CUS101936,210000,48,HOME_RENOVATION,2026-09-01 14:45:00,MOBILE
APP201937,CUS101937,772000,36,HOME_RENOVATION,2026-04-30 13:09:00,WEB
APP201938,CUS101938,522000,36,OTHER,2026-10-01 19:34:00,MOBILE
APP201939,CUS101939,388000,24,EDUCATION,2026-08-01 18:23:00,MOBILE
APP201940,CUS101940,673000,12,MEDICAL,2026-10-16 04:37:00,MOBILE
APP201941,CUS101941,581000,36,MEDICAL,2026-03-14 07:00:00,WEB
APP201942,CUS101942,302000,60,MEDICAL,2026-07-17 23:10:00,MOBILE
APP201943,CUS101943,428000,24,TRAVEL,2026-10-22 11:44:00,MOBILE
APP201944,CUS101944,666000,36,TRAVEL,2026-04-29 15:40:00,WEB
APP201945,CUS101945,219000,36,EDUCATION,2026-10-22 16:55:00,MOBILE
APP201946,CUS101946,353000,12,MEDICAL,2026-02-19 12:11:00,WEB
APP201947,CUS101947,150000,24,TRAVEL,2026-10-15 23:24:00,MOBILE
APP201948,CUS101948,245000,36,OTHER,2026-01-25 12:09:00,WEB
APP201949,CUS101949,392000,36,MEDICAL,2026-01-03 09:14:00,WEB
APP201950,CUS101950,801000,36,MEDICAL,2026-07-21 10:59:00,WEB
APP201951,CUS101951,115000,24,HOME_RENOVATION,2026-02-02 21:08:00,MOBILE
APP201952,CUS101952,284000,48,OTHER,2026-09-01 01:00:00,MOBILE
APP201953,CUS101953,389000,36,TRAVEL,2026-07-01 23:46:00,WEB
APP201954,CUS101954,468000,36,TRAVEL,2026-10-02 11:04:00,MOBILE
APP201955,CUS101955,362000,36,TRAVEL,2026-05-22 03:51:00,WEB
APP201956,CUS101956,584000,60,DEBT_CONSOLIDATION,2026-05-19 15:08:00,WEB
APP201957,CUS101957,252000,36,MEDICAL,2026-01-31 12:46:00,MOBILE
APP201958,CUS101958,556000,60,HOME_RENOVATION,2026-06-06 19:57:00,MOBILE
APP201959,CUS101959,904000,48,MEDICAL,2026-07-25 13:52:00,MOBILE
APP201960,CUS101960,670000,36,OTHER,2026-08-14 15:26:00,MOBILE
APP201961,CUS101961,467000,36,HOME_RENOVATION,2026-09-24 18:36:00,MOBILE
APP201962,CUS101962,317000,36,HOME_RENOVATION,2026-06-09 02:07:00,WEB
APP201963,CUS101963,224000,48,TRAVEL,2026-12-07 14:45:00,MOBILE
APP201964,CUS101964,405000,36,DEBT_CONSOLIDATION,2026-11-17 11:11:00,MOBILE
APP201965,CUS101965,884000,48,DEBT_CONSOLIDATION,2026-01-21 00:52:00,MOBILE
APP201966,CUS101966,426000,60,TRAVEL,2026-08-02 03:48:00,MOBILE
APP201967,CUS101967,327000,36,MEDICAL,2026-07-15 14:51:00,WEB
APP201968,CUS101968,523000,24,OTHER,2026-05-10 02:39:00,MOBILE
APP201969,CUS101969,478000,36,DEBT_CONSOLIDATION,2026-06-09 05:14:00,MOBILE
APP201970,CUS101970,732000,60,DEBT_CONSOLIDATION,2026-10-26 13:06:00,WEB
APP201971,CUS101971,449000,18,TRAVEL,2026-10-02 06:51:00,WEB
APP201972,CUS101972,241000,48,OTHER,2026-04-23 20:35:00,MOBILE
APP201973,CUS101973,214000,48,OTHER,2026-06-28 09:30:00,MOBILE
APP201974,CUS101974,1002000,18,DEBT_CONSOLIDATION,2026-11-28 02:33:00,MOBILE
APP201975,CUS101975,579000,36,DEBT_CONSOLIDATION,2026-05-05 15:31:00,MOBILE
APP201976,CUS101976,176000,48,TRAVEL,2026-04-27 13:12:00,MOBILE
APP201977,CUS101977,538000,36,HOME_RENOVATION,2026-02-08 19:27:00,MOBILE
APP201978,CUS101978,545000,36,MEDICAL,2026-01-23 20:58:00,MOBILE
APP201979,CUS101979,142000,48,EDUCATION,2026-02-16 11:06:00,WEB
APP201980,CUS101980,359000,12,DEBT_CONSOLIDATION,2026-08-05 13:43:00,MOBILE
APP201981,CUS101981,359000,24,TRAVEL,2026-04-13 20:49:00,WEB
APP201982,CUS101982,413000,36,EDUCATION,2026-08-26 17:45:00,MOBILE
APP201983,CUS101983,578000,36,OTHER,2026-03-19 10:04:00,WEB
APP201984,CUS101984,1010000,60,MEDICAL,2026-07-24 16:37:00,MOBILE
APP201985,CUS101985,412000,24,DEBT_CONSOLIDATION,2026-05-18 05:54:00,WEB
APP201986,CUS101986,620000,12,TRAVEL,2026-12-05 03:45:00,MOBILE
APP201987,CUS101987,333000,36,OTHER,2026-06-24 18:04:00,WEB
APP201988,CUS101988,441000,24,HOME_RENOVATION,2026-01-04 05:47:00,WEB
APP201989,CUS101989,539000,48,TRAVEL,2026-09-15 16:19:00,MOBILE
APP201990,CUS101990,895000,36,TRAVEL,2026-07-02 14:19:00,MOBILE
APP201991,CUS101991,620000,48,TRAVEL,2026-10-12 15:48:00,WEB
APP201992,CUS101992,307000,36,TRAVEL,2026-03-17 01:51:00,MOBILE
APP201993,CUS101993,228000,36,DEBT_CONSOLIDATION,2026-08-20 22:49:00,MOBILE
APP201994,CUS101994,310000,12,TRAVEL,2026-05-09 03:17:00,WEB
APP201995,CUS101995,166000,24,TRAVEL,2026-12-27 00:43:00,MOBILE
APP201996,CUS101996,244000,12,HOME_RENOVATION,2026-11-14 20:09:00,MOBILE
APP201997,CUS101997,523000,24,MEDICAL,2026-09-14 02:16:00,WEB
APP201998,CUS101998,443000,24,EDUCATION,2026-04-12 23:47:00,MOBILE
APP201999,CUS101999,262000,24,DEBT_CONSOLIDATION,2026-12-14 14:57:00,MOBILE
APP202000,CUS102000,1467000,60,DEBT_CONSOLIDATION,2026-04-06 23:15:00,WEB
APP202001,CUS102001,301000,12,EDUCATION,2026-03-16 05:24:00,WEB
APP202002,CUS102002,462000,18,OTHER,2026-01-14 13:23:00,MOBILE
APP202003,CUS102003,425000,60,MEDICAL,2026-11-15 06:23:00,WEB
APP202004,CUS102004,345000,18,EDUCATION,2026-01-06 09:10:00,MOBILE
APP202005,CUS102005,335000,24,MEDICAL,2026-03-03 12:49:00,WEB
APP202006,CUS102006,395000,48,TRAVEL,2026-07-09 01:29:00,WEB
APP202007,CUS102007,1121000,36,DEBT_CONSOLIDATION,2026-06-19 07:22:00,MOBILE
APP202008,CUS102008,390000,48,TRAVEL,2026-08-08 14:05:00,MOBILE
APP202009,CUS102009,155000,36,HOME_RENOVATION,2026-11-10 10:23:00,MOBILE
APP202010,CUS102010,270000,36,MEDICAL,2026-09-29 00:52:00,MOBILE
APP202011,CUS102011,241000,36,DEBT_CONSOLIDATION,2026-05-17 09:52:00,MOBILE
APP202012,CUS102012,1313000,36,EDUCATION,2026-01-22 01:47:00,WEB
APP202013,CUS102013,363000,36,EDUCATION,2026-01-21 00:12:00,WEB
APP202014,CUS102014,574000,18,OTHER,2026-06-06 04:51:00,MOBILE
APP202015,CUS102015,809000,48,DEBT_CONSOLIDATION,2026-09-14 06:46:00,MOBILE
APP202016,CUS102016,269000,24,EDUCATION,2026-03-03 13:47:00,WEB
APP202017,CUS102017,313000,48,EDUCATION,2026-10-19 12:26:00,MOBILE
APP202018,CUS102018,290000,24,HOME_RENOVATION,2026-12-07 20:06:00,MOBILE
APP202019,CUS102019,446000,18,MEDICAL,2026-07-03 14:29:00,WEB
APP202020,CUS102020,439000,36,OTHER,2026-09-01 12:47:00,MOBILE
APP202021,CUS102021,446000,36,TRAVEL,2026-02-22 00:59:00,MOBILE
APP202022,CUS102022,298000,48,TRAVEL,2026-10-14 04:54:00,WEB
APP202023,CUS102023,349000,36,OTHER,2026-08-10 14:16:00,MOBILE
APP202024,CUS102024,301000,18,HOME_RENOVATION,2026-09-04 18:15:00,MOBILE
APP202025,CUS102025,401000,12,OTHER,2026-10-07 04:56:00,MOBILE
APP202026,CUS102026,546000,36,DEBT_CONSOLIDATION,2026-07-11 16:16:00,MOBILE
APP202027,CUS102027,456000,36,TRAVEL,2026-05-04 04:29:00,MOBILE
APP202028,CUS102028,754000,36,MEDICAL,2026-12-22 15:53:00,MOBILE
APP202029,CUS102029,464000,18,OTHER,2026-04-04 09:24:00,WEB
APP202030,CUS102030,486000,24,OTHER,2026-01-08 11:40:00,MOBILE
APP202031,CUS102031,338000,12,EDUCATION,2026-04-01 06:10:00,WEB
APP202032,CUS102032,600000,48,HOME_RENOVATION,2026-11-15 01:47:00,WEB
APP202033,CUS102033,436000,18,EDUCATION,2026-05-06 16:17:00,MOBILE
APP202034,CUS102034,666000,36,MEDICAL,2026-11-03 06:55:00,WEB
APP202035,CUS102035,509000,36,DEBT_CONSOLIDATION,2026-08-03 02:56:00,MOBILE
APP202036,CUS102036,204000,24,TRAVEL,2026-07-13 18:48:00,MOBILE
APP202037,CUS102037,452000,48,MEDICAL,2026-09-05 21:41:00,MOBILE
APP202038,CUS102038,446000,36,DEBT_CONSOLIDATION,2026-02-08 18:36:00,WEB
APP202039,CUS102039,279000,36,MEDICAL,2026-06-28 02:18:00,MOBILE
APP202040,CUS102040,601000,36,OTHER,2026-09-18 20:17:00,WEB
APP202041,CUS102041,283000,36,MEDICAL,2026-07-25 15:04:00,MOBILE
APP202042,CUS102042,436000,36,MEDICAL,2026-12-21 17:19:00,MOBILE
APP202043,CUS102043,232000,48,HOME_RENOVATION,2026-03-22 06:54:00,MOBILE
APP202044,CUS102044,684000,36,HOME_RENOVATION,2026-11-19 17:46:00,WEB
APP202045,CUS102045,250000,60,MEDICAL,2026-02-04 09:28:00,WEB
APP202046,CUS102046,488000,36,OTHER,2026-05-24 21:00:00,WEB
APP202047,CUS102047,341000,48,EDUCATION,2026-12-04 08:44:00,MOBILE
APP202048,CUS102048,607000,24,EDUCATION,2026-03-09 14:37:00,MOBILE
APP202049,CUS102049,857000,60,OTHER,2026-05-23 18:40:00,MOBILE
APP202050,CUS102050,181000,12,TRAVEL,2026-08-12 16:16:00,WEB
APP202051,CUS102051,339000,24,DEBT_CONSOLIDATION,2026-09-18 17:59:00,WEB
APP202052,CUS102052,481000,60,DEBT_CONSOLIDATION,2026-02-21 08:46:00,MOBILE
APP202053,CUS102053,351000,60,EDUCATION,2026-08-31 01:01:00,WEB
APP202054,CUS102054,757000,12,EDUCATION,2026-06-21 09:33:00,MOBILE
APP202055,CUS102055,411000,48,OTHER,2026-12-04 05:21:00,MOBILE
APP202056,CUS102056,450000,36,OTHER,2026-05-11 19:07:00,MOBILE
APP202057,CUS102057,622000,24,TRAVEL,2026-07-19 07:39:00,MOBILE
APP202058,CUS102058,392000,36,HOME_RENOVATION,2026-12-28 05:53:00,MOBILE
APP202059,CUS102059,208000,48,MEDICAL,2026-07-19 23:13:00,MOBILE
APP202060,CUS102060,149000,48,TRAVEL,2026-03-13 13:14:00,MOBILE
APP202061,CUS102061,332000,24,OTHER,2026-12-24 21:49:00,WEB
APP202062,CUS102062,244000,36,EDUCATION,2026-03-28 02:09:00,MOBILE
APP202063,CUS102063,499000,24,OTHER,2026-09-14 19:45:00,MOBILE
APP202064,CUS102064,315000,36,TRAVEL,2026-07-02 09:38:00,MOBILE
APP202065,CUS102065,1415000,60,EDUCATION,2026-05-31 00:07:00,WEB
APP202066,CUS102066,398000,36,OTHER,2026-07-12 07:04:00,WEB
APP202067,CUS102067,492000,24,EDUCATION,2026-12-22 17:18:00,MOBILE
APP202068,CUS102068,246000,60,TRAVEL,2026-08-20 12:07:00,WEB
APP202069,CUS102069,244000,36,DEBT_CONSOLIDATION,2026-05-30 04:33:00,WEB
APP202070,CUS102070,815000,36,EDUCATION,2026-08-28 21:38:00,WEB
APP202071,CUS102071,403000,36,OTHER,2026-08-01 10:38:00,MOBILE
APP202072,CUS102072,1948000,36,OTHER,2026-02-14 21:35:00,WEB
APP202073,CUS102073,210000,60,HOME_RENOVATION,2026-12-25 17:40:00,MOBILE
APP202074,CUS102074,481000,12,HOME_RENOVATION,2026-04-04 17:18:00,MOBILE
APP202075,CUS102075,265000,48,DEBT_CONSOLIDATION,2026-06-12 22:47:00,MOBILE
APP202076,CUS102076,372000,12,OTHER,2026-01-06 02:41:00,MOBILE
APP202077,CUS102077,211000,36,MEDICAL,2026-07-14 16:22:00,WEB
APP202078,CUS102078,604000,36,TRAVEL,2026-10-07 20:13:00,MOBILE
APP202079,CUS102079,902000,60,EDUCATION,2026-04-30 04:00:00,WEB
APP202080,CUS102080,640000,48,OTHER,2026-03-01 07:01:00,MOBILE
APP202081,CUS102081,918000,24,MEDICAL,2026-05-26 21:27:00,WEB
APP202082,CUS102082,219000,12,TRAVEL,2026-05-29 02:19:00,MOBILE
APP202083,CUS102083,519000,36,OTHER,2026-04-30 03:21:00,MOBILE
APP202084,CUS102084,236000,36,EDUCATION,2026-03-29 18:34:00,MOBILE
APP202085,CUS102085,635000,36,OTHER,2026-06-13 15:07:00,MOBILE
APP202086,CUS102086,475000,36,TRAVEL,2026-08-30 09:56:00,MOBILE
APP202087,CUS102087,290000,18,OTHER,2026-10-27 21:17:00,MOBILE
APP202088,CUS102088,166000,48,MEDICAL,2026-10-24 04:05:00,MOBILE
APP202089,CUS102089,517000,36,EDUCATION,2026-01-10 04:56:00,MOBILE
APP202090,CUS102090,331000,24,TRAVEL,2026-07-12 13:38:00,MOBILE
APP202091,CUS102091,295000,48,OTHER,2026-01-20 23:17:00,MOBILE
APP202092,CUS102092,532000,48,HOME_RENOVATION,2026-08-31 03:35:00,WEB
APP202093,CUS102093,413000,60,TRAVEL,2026-03-31 18:25:00,WEB
APP202094,CUS102094,826000,12,DEBT_CONSOLIDATION,2026-09-05 23:38:00,MOBILE
APP202095,CUS102095,411000,18,EDUCATION,2026-11-12 04:49:00,MOBILE
APP202096,CUS102096,784000,60,TRAVEL,2026-08-15 07:28:00,MOBILE
APP202097,CUS102097,250000,36,TRAVEL,2026-01-26 16:23:00,MOBILE
APP202098,CUS102098,360000,18,DEBT_CONSOLIDATION,2026-02-25 08:00:00,WEB
APP202099,CUS102099,357000,60,TRAVEL,2026-09-06 19:57:00,WEB
APP202100,CUS102100,267000,36,EDUCATION,2026-10-28 15:24:00,WEB
APP202101,CUS102101,201000,36,TRAVEL,2026-08-06 00:51:00,MOBILE
APP202102,CUS102102,142000,36,MEDICAL,2026-06-30 23:30:00,MOBILE
APP202103,CUS102103,327000,48,HOME_RENOVATION,2026-01-24 10:36:00,WEB
APP202104,CUS102104,491000,48,EDUCATION,2026-04-02 20:28:00,WEB
APP202105,CUS102105,370000,36,HOME_RENOVATION,2026-06-11 12:55:00,WEB
APP202106,CUS102106,218000,60,TRAVEL,2026-01-11 13:44:00,WEB
APP202107,CUS102107,256000,60,EDUCATION,2026-06-25 20:35:00,WEB
APP202108,CUS102108,294000,36,EDUCATION,2026-09-22 23:08:00,MOBILE
APP202109,CUS102109,410000,48,HOME_RENOVATION,2026-06-05 02:23:00,MOBILE
APP202110,CUS102110,329000,36,EDUCATION,2026-05-30 00:26:00,WEB
APP202111,CUS102111,654000,36,MEDICAL,2026-04-20 03:38:00,WEB
APP202112,CUS102112,275000,48,TRAVEL,2026-09-27 12:28:00,MOBILE
APP202113,CUS102113,167000,24,MEDICAL,2026-10-24 18:38:00,WEB
APP202114,CUS102114,410000,18,EDUCATION,2026-06-01 05:21:00,WEB
APP202115,CUS102115,631000,12,TRAVEL,2026-09-30 00:55:00,WEB
APP202116,CUS102116,300000,24,EDUCATION,2026-11-26 20:12:00,MOBILE
APP202117,CUS102117,635000,24,MEDICAL,2026-10-17 06:36:00,MOBILE
APP202118,CUS102118,176000,48,MEDICAL,2026-04-13 17:13:00,MOBILE
APP202119,CUS102119,621000,36,EDUCATION,2026-09-28 12:47:00,WEB
APP202120,CUS102120,310000,36,OTHER,2026-08-28 06:04:00,WEB
APP202121,CUS102121,409000,36,TRAVEL,2026-02-03 22:26:00,MOBILE
APP202122,CUS102122,286000,36,EDUCATION,2026-06-30 12:50:00,WEB
APP202123,CUS102123,584000,36,DEBT_CONSOLIDATION,2026-11-25 20:08:00,WEB
APP202124,CUS102124,587000,36,HOME_RENOVATION,2026-04-21 01:19:00,WEB
APP202125,CUS102125,484000,36,EDUCATION,2026-04-26 04:04:00,WEB
APP202126,CUS102126,176000,24,OTHER,2026-01-24 18:14:00,MOBILE
APP202127,CUS102127,950000,36,EDUCATION,2026-10-26 10:58:00,WEB
APP202128,CUS102128,352000,36,OTHER,2026-09-09 08:55:00,MOBILE
APP202129,CUS102129,295000,48,DEBT_CONSOLIDATION,2026-07-28 06:01:00,MOBILE
APP202130,CUS102130,756000,48,DEBT_CONSOLIDATION,2026-09-19 21:35:00,WEB
APP202131,CUS102131,203000,24,TRAVEL,2026-08-28 06:53:00,MOBILE
APP202132,CUS102132,778000,12,HOME_RENOVATION,2026-05-03 16:29:00,WEB
APP202133,CUS102133,312000,24,MEDICAL,2026-10-19 07:32:00,MOBILE
APP202134,CUS102134,541000,36,DEBT_CONSOLIDATION,2026-08-14 11:42:00,MOBILE
APP202135,CUS102135,371000,60,HOME_RENOVATION,2026-02-03 14:08:00,WEB
APP202136,CUS102136,495000,48,EDUCATION,2026-12-20 14:01:00,MOBILE
APP202137,CUS102137,287000,24,OTHER,2026-08-05 06:58:00,MOBILE
APP202138,CUS102138,241000,48,MEDICAL,2026-07-19 00:56:00,MOBILE
APP202139,CUS102139,369000,24,OTHER,2026-04-28 15:19:00,MOBILE
APP202140,CUS102140,457000,24,HOME_RENOVATION,2026-11-21 11:56:00,WEB
APP202141,CUS102141,387000,24,MEDICAL,2026-03-17 11:51:00,MOBILE
APP202142,CUS102142,708000,36,HOME_RENOVATION,2026-05-27 17:17:00,MOBILE
APP202143,CUS102143,224000,36,TRAVEL,2026-09-20 13:28:00,MOBILE
APP202144,CUS102144,401000,12,OTHER,2026-06-29 10:49:00,WEB
APP202145,CUS102145,210000,36,EDUCATION,2026-07-17 08:24:00,MOBILE
APP202146,CUS102146,1121000,60,EDUCATION,2026-06-27 22:59:00,WEB
APP202147,CUS102147,218000,48,EDUCATION,2026-08-26 20:18:00,WEB
APP202148,CUS102148,512000,36,EDUCATION,2026-11-30 09:22:00,WEB
APP202149,CUS102149,415000,48,TRAVEL,2026-05-10 12:50:00,WEB
APP202150,CUS102150,559000,48,OTHER,2026-09-21 10:16:00,WEB
APP202151,CUS102151,276000,24,TRAVEL,2026-09-10 01:04:00,WEB
APP202152,CUS102152,868000,24,EDUCATION,2026-04-20 01:15:00,MOBILE
APP202153,CUS102153,229000,48,TRAVEL,2026-09-26 22:17:00,MOBILE
APP202154,CUS102154,870000,12,OTHER,2026-07-22 14:23:00,WEB
APP202155,CUS102155,190000,60,OTHER,2026-11-10 13:51:00,WEB
APP202156,CUS102156,739000,48,DEBT_CONSOLIDATION,2026-02-03 16:56:00,MOBILE
APP202157,CUS102157,430000,36,HOME_RENOVATION,2026-01-05 10:19:00,MOBILE
APP202158,CUS102158,273000,36,DEBT_CONSOLIDATION,2026-04-20 08:55:00,MOBILE
APP202159,CUS102159,265000,18,MEDICAL,2026-06-12 15:16:00,WEB
APP202160,CUS102160,267000,36,HOME_RENOVATION,2026-11-02 00:17:00,WEB
APP202161,CUS102161,266000,60,DEBT_CONSOLIDATION,2026-07-31 17:31:00,WEB
APP202162,CUS102162,323000,60,HOME_RENOVATION,2026-11-11 14:11:00,WEB
APP202163,CUS102163,347000,24,HOME_RENOVATION,2026-11-20 19:57:00,WEB
APP202164,CUS102164,608000,36,TRAVEL,2026-08-18 00:46:00,WEB
APP202165,CUS102165,425000,36,EDUCATION,2026-06-21 09:28:00,MOBILE
APP202166,CUS102166,465000,36,HOME_RENOVATION,2026-08-20 21:13:00,MOBILE
APP202167,CUS102167,340000,48,MEDICAL,2026-10-28 04:17:00,WEB
APP202168,CUS102168,564000,60,HOME_RENOVATION,2026-03-19 21:16:00,WEB
APP202169,CUS102169,405000,24,EDUCATION,2026-07-25 14:16:00,MOBILE
APP202170,CUS102170,345000,48,HOME_RENOVATION,2026-12-19 04:08:00,MOBILE
APP202171,CUS102171,130000,60,EDUCATION,2026-09-16 07:44:00,MOBILE
APP202172,CUS102172,116000,36,TRAVEL,2026-08-02 21:59:00,MOBILE
APP202173,CUS102173,396000,36,TRAVEL,2026-09-24 20:07:00,MOBILE
APP202174,CUS102174,112000,36,EDUCATION,2026-09-05 07:31:00,MOBILE
APP202175,CUS102175,532000,36,MEDICAL,2026-03-19 02:20:00,MOBILE
APP202176,CUS102176,724000,36,EDUCATION,2026-05-21 09:15:00,WEB
APP202177,CUS102177,326000,60,OTHER,2026-06-23 23:26:00,MOBILE
APP202178,CUS102178,228000,36,EDUCATION,2026-10-24 06:46:00,MOBILE
APP202179,CUS102179,305000,18,HOME_RENOVATION,2026-11-15 17:43:00,MOBILE
APP202180,CUS102180,127000,24,MEDICAL,2026-01-29 14:04:00,MOBILE
APP202181,CUS102181,493000,48,DEBT_CONSOLIDATION,2026-04-26 11:08:00,MOBILE
APP202182,CUS102182,691000,36,TRAVEL,2026-01-22 16:26:00,MOBILE
APP202183,CUS102183,314000,18,EDUCATION,2026-01-12 05:51:00,MOBILE
APP202184,CUS102184,279000,12,HOME_RENOVATION,2026-01-17 12:08:00,MOBILE
APP202185,CUS102185,801000,36,TRAVEL,2026-04-17 23:59:00,WEB
APP202186,CUS102186,218000,48,EDUCATION,2026-02-16 11:37:00,WEB
APP202187,CUS102187,471000,24,DEBT_CONSOLIDATION,2026-06-24 13:53:00,MOBILE
APP202188,CUS102188,295000,12,MEDICAL,2026-01-09 23:30:00,WEB
APP202189,CUS102189,873000,60,OTHER,2026-02-05 11:10:00,WEB
APP202190,CUS102190,293000,18,TRAVEL,2026-02-11 15:36:00,MOBILE
APP202191,CUS102191,497000,24,EDUCATION,2026-10-10 13:56:00,WEB
APP202192,CUS102192,1022000,36,EDUCATION,2026-01-29 10:44:00,MOBILE
APP202193,CUS102193,440000,36,MEDICAL,2026-11-01 18:10:00,WEB
APP202194,CUS102194,422000,60,OTHER,2026-12-15 06:16:00,WEB
APP202195,CUS102195,248000,60,EDUCATION,2026-07-31 09:14:00,MOBILE
APP202196,CUS102196,327000,36,OTHER,2026-06-24 16:16:00,WEB
APP202197,CUS102197,842000,36,EDUCATION,2026-10-28 23:28:00,MOBILE
APP202198,CUS102198,297000,24,HOME_RENOVATION,2026-07-06 05:52:00,MOBILE
APP202199,CUS102199,369000,18,TRAVEL,2026-04-29 04:03:00,MOBILE
APP202200,CUS102200,294000,36,MEDICAL,2026-02-18 15:47:00,MOBILE
APP202201,CUS102201,607000,12,TRAVEL,2026-10-01 14:58:00,MOBILE
APP202202,CUS102202,917000,36,HOME_RENOVATION,2026-01-23 05:56:00,MOBILE
APP202203,CUS102203,595000,36,TRAVEL,2026-01-20 18:34:00,MOBILE
APP202204,CUS102204,339000,36,HOME_RENOVATION,2026-04-27 20:23:00,MOBILE
APP202205,CUS102205,721000,12,DEBT_CONSOLIDATION,2026-08-08 00:51:00,MOBILE
APP202206,CUS102206,222000,60,EDUCATION,2026-01-01 12:24:00,MOBILE
APP202207,CUS102207,317000,48,OTHER,2026-10-04 22:42:00,MOBILE
APP202208,CUS102208,341000,36,TRAVEL,2026-11-01 00:34:00,WEB
APP202209,CUS102209,650000,48,OTHER,2026-09-24 08:53:00,MOBILE
APP202210,CUS102210,100000,48,EDUCATION,2026-04-26 23:49:00,WEB
APP202211,CUS102211,478000,12,DEBT_CONSOLIDATION,2026-12-17 02:53:00,WEB
APP202212,CUS102212,1021000,18,OTHER,2026-11-13 05:08:00,MOBILE
APP202213,CUS102213,488000,36,TRAVEL,2026-09-04 16:10:00,WEB
APP202214,CUS102214,391000,24,MEDICAL,2026-01-11 12:46:00,WEB
APP202215,CUS102215,378000,48,TRAVEL,2026-12-05 00:00:00,MOBILE
APP202216,CUS102216,516000,60,HOME_RENOVATION,2026-05-04 13:22:00,WEB
APP202217,CUS102217,432000,48,EDUCATION,2026-08-08 01:33:00,WEB
APP202218,CUS102218,282000,12,TRAVEL,2026-07-25 18:54:00,WEB
APP202219,CUS102219,226000,36,EDUCATION,2026-11-09 06:07:00,MOBILE
APP202220,CUS102220,228000,36,OTHER,2026-02-20 16:37:00,WEB
APP202221,CUS102221,801000,36,HOME_RENOVATION,2026-02-09 06:00:00,MOBILE
APP202222,CUS102222,151000,36,MEDICAL,2026-01-28 19:36:00,WEB
APP202223,CUS102223,631000,18,TRAVEL,2026-03-17 03:55:00,MOBILE
APP202224,CUS102224,695000,36,TRAVEL,2026-09-11 03:49:00,MOBILE
APP202225,CUS102225,272000,48,TRAVEL,2026-01-30 09:23:00,MOBILE
APP202226,CUS102226,221000,24,MEDICAL,2026-05-07 12:30:00,MOBILE
APP202227,CUS102227,1317000,36,HOME_RENOVATION,2026-09-21 05:50:00,WEB
APP202228,CUS102228,115000,12,TRAVEL,2026-12-09 19:49:00,MOBILE
APP202229,CUS102229,469000,12,MEDICAL,2026-06-12 13:54:00,WEB
APP202230,CUS102230,571000,36,OTHER,2026-07-13 19:41:00,MOBILE
APP202231,CUS102231,515000,48,EDUCATION,2026-01-27 03:13:00,WEB
APP202232,CUS102232,1430000,24,HOME_RENOVATION,2026-09-23 06:25:00,MOBILE
APP202233,CUS102233,723000,36,MEDICAL,2026-03-26 17:26:00,MOBILE
APP202234,CUS102234,355000,18,HOME_RENOVATION,2026-02-04 03:35:00,WEB
APP202235,CUS102235,108000,48,OTHER,2026-02-13 05:56:00,MOBILE
APP202236,CUS102236,420000,60,HOME_RENOVATION,2026-01-10 00:33:00,WEB
APP202237,CUS102237,351000,36,DEBT_CONSOLIDATION,2026-08-10 16:14:00,MOBILE
APP202238,CUS102238,531000,48,DEBT_CONSOLIDATION,2026-08-26 06:35:00,MOBILE
APP202239,CUS102239,497000,12,DEBT_CONSOLIDATION,2026-01-14 05:06:00,WEB
APP202240,CUS102240,317000,24,TRAVEL,2026-07-03 19:21:00,WEB
APP202241,CUS102241,451000,36,MEDICAL,2026-04-27 05:45:00,MOBILE
APP202242,CUS102242,728000,36,HOME_RENOVATION,2026-08-23 13:21:00,WEB
APP202243,CUS102243,495000,24,MEDICAL,2026-12-29 21:56:00,WEB
APP202244,CUS102244,1267000,48,MEDICAL,2026-01-15 15:47:00,MOBILE
APP202245,CUS102245,218000,24,MEDICAL,2026-10-16 18:05:00,MOBILE
APP202246,CUS102246,343000,24,HOME_RENOVATION,2026-11-12 03:24:00,MOBILE
APP202247,CUS102247,521000,24,DEBT_CONSOLIDATION,2026-10-30 03:28:00,WEB
APP202248,CUS102248,487000,18,OTHER,2026-12-27 03:21:00,MOBILE
APP202249,CUS102249,307000,24,OTHER,2026-10-23 19:43:00,WEB
APP202250,CUS102250,426000,24,EDUCATION,2026-10-07 00:59:00,MOBILE
APP202251,CUS102251,539000,24,HOME_RENOVATION,2026-01-04 16:50:00,MOBILE
APP202252,CUS102252,590000,12,DEBT_CONSOLIDATION,2026-07-20 15:15:00,WEB
APP202253,CUS102253,355000,36,MEDICAL,2026-05-03 11:16:00,MOBILE
APP202254,CUS102254,201000,36,MEDICAL,2026-09-24 06:11:00,MOBILE
APP202255,CUS102255,979000,36,DEBT_CONSOLIDATION,2026-03-23 23:41:00,WEB
APP202256,CUS102256,439000,36,OTHER,2026-08-23 07:55:00,MOBILE
APP202257,CUS102257,233000,36,EDUCATION,2026-07-26 05:28:00,MOBILE
APP202258,CUS102258,880000,36,OTHER,2026-07-15 23:00:00,MOBILE
APP202259,CUS102259,783000,36,DEBT_CONSOLIDATION,2026-04-03 08:39:00,WEB
APP202260,CUS102260,735000,48,DEBT_CONSOLIDATION,2026-12-31 06:03:00,WEB
APP202261,CUS102261,418000,24,TRAVEL,2026-09-16 17:40:00,MOBILE
APP202262,CUS102262,156000,48,HOME_RENOVATION,2026-02-17 20:34:00,WEB
APP202263,CUS102263,419000,60,OTHER,2026-04-16 07:10:00,MOBILE
APP202264,CUS102264,807000,24,MEDICAL,2026-12-30 00:48:00,MOBILE
APP202265,CUS102265,558000,36,DEBT_CONSOLIDATION,2026-07-13 00:24:00,MOBILE
APP202266,CUS102266,1843000,24,TRAVEL,2026-08-27 06:21:00,MOBILE
APP202267,CUS102267,275000,60,TRAVEL,2026-09-30 15:22:00,MOBILE
APP202268,CUS102268,251000,24,OTHER,2026-08-13 19:06:00,MOBILE
APP202269,CUS102269,100000,36,OTHER,2026-04-01 08:37:00,WEB
APP202270,CUS102270,456000,48,EDUCATION,2026-07-26 10:51:00,MOBILE
APP202271,CUS102271,822000,24,EDUCATION,2026-08-16 17:21:00,WEB
APP202272,CUS102272,589000,48,TRAVEL,2026-07-29 01:45:00,MOBILE
APP202273,CUS102273,648000,24,HOME_RENOVATION,2026-03-12 08:33:00,MOBILE
APP202274,CUS102274,140000,36,TRAVEL,2026-07-23 15:53:00,WEB
APP202275,CUS102275,506000,12,TRAVEL,2026-10-04 20:25:00,MOBILE
APP202276,CUS102276,616000,36,TRAVEL,2026-05-29 01:28:00,WEB
APP202277,CUS102277,289000,36,OTHER,2026-11-02 16:50:00,MOBILE
APP202278,CUS102278,473000,36,EDUCATION,2026-12-20 09:36:00,WEB
APP202279,CUS102279,353000,48,HOME_RENOVATION,2026-04-27 15:07:00,MOBILE
APP202280,CUS102280,162000,60,OTHER,2026-05-27 17:40:00,WEB
APP202281,CUS102281,868000,36,DEBT_CONSOLIDATION,2026-07-05 20:31:00,MOBILE
APP202282,CUS102282,360000,36,OTHER,2026-07-27 18:51:00,MOBILE
APP202283,CUS102283,232000,48,EDUCATION,2026-09-06 02:35:00,MOBILE
APP202284,CUS102284,404000,48,DEBT_CONSOLIDATION,2026-09-05 06:51:00,MOBILE
APP202285,CUS102285,392000,48,TRAVEL,2026-06-10 03:55:00,MOBILE
APP202286,CUS102286,509000,48,OTHER,2026-10-08 21:49:00,MOBILE
APP202287,CUS102287,226000,36,MEDICAL,2026-02-16 20:52:00,MOBILE
APP202288,CUS102288,318000,36,MEDICAL,2026-03-18 00:56:00,WEB
APP202289,CUS102289,336000,24,DEBT_CONSOLIDATION,2026-07-02 18:03:00,MOBILE
APP202290,CUS102290,169000,12,MEDICAL,2026-01-15 04:02:00,MOBILE
APP202291,CUS102291,352000,36,EDUCATION,2026-09-06 11:13:00,MOBILE
APP202292,CUS102292,359000,36,OTHER,2026-12-16 19:30:00,WEB
APP202293,CUS102293,508000,36,TRAVEL,2026-06-08 15:15:00,WEB
APP202294,CUS102294,795000,36,TRAVEL,2026-01-16 13:45:00,WEB
APP202295,CUS102295,214000,48,HOME_RENOVATION,2026-09-17 13:47:00,WEB
APP202296,CUS102296,428000,36,EDUCATION,2026-06-15 03:15:00,WEB
APP202297,CUS102297,309000,24,TRAVEL,2026-06-06 22:21:00,MOBILE
APP202298,CUS102298,448000,24,EDUCATION,2026-09-28 20:11:00,WEB
APP202299,CUS102299,474000,60,MEDICAL,2026-04-16 21:19:00,MOBILE
APP202300,CUS102300,573000,36,TRAVEL,2026-02-20 11:20:00,MOBILE
APP202301,CUS102301,918000,36,MEDICAL,2026-07-20 04:44:00,MOBILE
APP202302,CUS102302,522000,48,HOME_RENOVATION,2026-03-22 14:59:00,MOBILE
APP202303,CUS102303,303000,36,MEDICAL,2026-02-03 16:49:00,MOBILE
APP202304,CUS102304,386000,36,MEDICAL,2026-07-09 19:16:00,MOBILE
APP202305,CUS102305,587000,36,HOME_RENOVATION,2026-06-07 05:33:00,WEB
APP202306,CUS102306,275000,36,DEBT_CONSOLIDATION,2026-06-15 04:58:00,WEB
APP202307,CUS102307,318000,36,OTHER,2026-01-08 18:22:00,MOBILE
APP202308,CUS102308,334000,36,HOME_RENOVATION,2026-09-11 04:38:00,MOBILE
APP202309,CUS102309,335000,60,OTHER,2026-09-13 13:43:00,MOBILE
APP202310,CUS102310,595000,36,HOME_RENOVATION,2026-08-19 16:28:00,MOBILE
APP202311,CUS102311,515000,36,DEBT_CONSOLIDATION,2026-12-12 04:11:00,WEB
APP202312,CUS102312,393000,36,TRAVEL,2026-03-17 15:53:00,MOBILE
APP202313,CUS102313,608000,36,OTHER,2026-02-15 01:18:00,MOBILE
APP202314,CUS102314,423000,12,TRAVEL,2026-02-10 22:55:00,MOBILE
APP202315,CUS102315,337000,60,MEDICAL,2026-09-04 15:14:00,MOBILE
APP202316,CUS102316,452000,36,TRAVEL,2026-12-13 05:24:00,MOBILE
APP202317,CUS102317,613000,36,TRAVEL,2026-08-09 06:13:00,MOBILE
APP202318,CUS102318,541000,48,OTHER,2026-06-25 19:21:00,MOBILE
APP202319,CUS102319,438000,48,MEDICAL,2026-12-28 21:16:00,MOBILE
APP202320,CUS102320,247000,36,HOME_RENOVATION,2026-06-06 10:21:00,MOBILE
APP202321,CUS102321,177000,36,HOME_RENOVATION,2026-08-03 01:23:00,MOBILE
APP202322,CUS102322,350000,24,MEDICAL,2026-07-10 13:11:00,MOBILE
APP202323,CUS102323,547000,36,EDUCATION,2026-06-29 12:52:00,MOBILE
APP202324,CUS102324,687000,60,OTHER,2026-07-27 04:43:00,WEB
APP202325,CUS102325,140000,48,TRAVEL,2026-12-17 19:31:00,MOBILE
APP202326,CUS102326,753000,24,TRAVEL,2026-04-01 13:34:00,WEB
APP202327,CUS102327,232000,60,EDUCATION,2026-07-02 07:29:00,WEB
APP202328,CUS102328,108000,36,HOME_RENOVATION,2026-11-10 14:01:00,MOBILE
APP202329,CUS102329,486000,48,EDUCATION,2026-03-26 05:30:00,WEB
APP202330,CUS102330,775000,36,MEDICAL,2026-10-20 10:26:00,MOBILE
APP202331,CUS102331,309000,36,OTHER,2026-03-28 04:05:00,MOBILE
APP202332,CUS102332,161000,12,EDUCATION,2026-01-09 13:02:00,MOBILE
APP202333,CUS102333,696000,48,HOME_RENOVATION,2026-01-31 18:06:00,MOBILE
APP202334,CUS102334,197000,36,MEDICAL,2026-07-22 04:55:00,MOBILE
APP202335,CUS102335,550000,12,TRAVEL,2026-01-14 21:27:00,WEB
APP202336,CUS102336,504000,36,MEDICAL,2026-04-26 07:35:00,WEB
APP202337,CUS102337,522000,60,OTHER,2026-09-26 16:30:00,MOBILE
APP202338,CUS102338,770000,36,HOME_RENOVATION,2026-09-04 17:46:00,MOBILE
APP202339,CUS102339,690000,48,TRAVEL,2026-06-21 12:23:00,WEB
APP202340,CUS102340,663000,12,TRAVEL,2026-11-21 01:59:00,MOBILE
APP202341,CUS102341,344000,48,MEDICAL,2026-06-24 12:08:00,MOBILE
APP202342,CUS102342,855000,18,DEBT_CONSOLIDATION,2026-02-09 17:42:00,WEB
APP202343,CUS102343,538000,60,TRAVEL,2026-04-14 00:48:00,MOBILE
APP202344,CUS102344,559000,36,OTHER,2026-12-28 18:52:00,MOBILE
APP202345,CUS102345,934000,36,OTHER,2026-11-26 09:21:00,MOBILE
APP202346,CUS102346,581000,48,MEDICAL,2026-12-30 11:33:00,MOBILE
APP202347,CUS102347,298000,36,DEBT_CONSOLIDATION,2026-07-24 17:50:00,WEB
APP202348,CUS102348,250000,36,OTHER,2026-03-27 18:51:00,MOBILE
APP202349,CUS102349,269000,18,EDUCATION,2026-01-16 03:08:00,MOBILE
APP202350,CUS102350,226000,12,OTHER,2026-04-10 21:47:00,MOBILE
APP202351,CUS102351,731000,12,MEDICAL,2026-12-24 20:34:00,MOBILE
APP202352,CUS102352,497000,12,OTHER,2026-04-12 10:30:00,WEB
APP202353,CUS102353,565000,36,OTHER,2026-12-12 11:17:00,MOBILE
APP202354,CUS102354,148000,12,EDUCATION,2026-06-01 07:15:00,MOBILE
APP202355,CUS102355,647000,48,HOME_RENOVATION,2026-12-17 04:50:00,MOBILE
APP202356,CUS102356,179000,48,DEBT_CONSOLIDATION,2026-01-12 00:01:00,MOBILE
APP202357,CUS102357,289000,60,HOME_RENOVATION,2026-10-08 15:35:00,MOBILE
APP202358,CUS102358,584000,36,DEBT_CONSOLIDATION,2026-10-29 11:16:00,MOBILE
APP202359,CUS102359,791000,36,MEDICAL,2026-03-24 23:59:00,WEB
APP202360,CUS102360,717000,36,EDUCATION,2026-05-02 03:09:00,MOBILE
APP202361,CUS102361,295000,48,EDUCATION,2026-11-13 20:53:00,MOBILE
APP202362,CUS102362,300000,36,DEBT_CONSOLIDATION,2026-11-02 18:49:00,WEB
APP202363,CUS102363,598000,36,MEDICAL,2026-02-05 18:56:00,WEB
APP202364,CUS102364,545000,36,MEDICAL,2026-09-25 22:11:00,MOBILE
APP202365,CUS102365,305000,36,TRAVEL,2026-04-10 20:45:00,MOBILE
APP202366,CUS102366,450000,18,HOME_RENOVATION,2026-07-08 09:34:00,WEB
APP202367,CUS102367,187000,18,EDUCATION,2026-11-16 10:16:00,MOBILE
APP202368,CUS102368,408000,18,OTHER,2026-07-11 00:28:00,WEB
APP202369,CUS102369,308000,18,EDUCATION,2026-07-10 21:33:00,MOBILE
APP202370,CUS102370,210000,12,HOME_RENOVATION,2026-09-07 22:39:00,MOBILE
APP202371,CUS102371,374000,36,DEBT_CONSOLIDATION,2026-12-09 16:11:00,MOBILE
APP202372,CUS102372,279000,36,HOME_RENOVATION,2026-05-22 00:53:00,MOBILE
APP202373,CUS102373,436000,48,TRAVEL,2026-04-15 23:36:00,MOBILE
APP202374,CUS102374,330000,48,MEDICAL,2026-11-22 07:47:00,MOBILE
APP202375,CUS102375,100000,36,OTHER,2026-03-22 09:16:00,WEB
APP202376,CUS102376,403000,36,DEBT_CONSOLIDATION,2026-08-16 20:18:00,MOBILE
APP202377,CUS102377,621000,36,DEBT_CONSOLIDATION,2026-06-27 02:28:00,WEB
APP202378,CUS102378,640000,48,OTHER,2026-03-19 21:08:00,MOBILE
APP202379,CUS102379,879000,36,MEDICAL,2026-05-25 11:37:00,WEB
APP202380,CUS102380,949000,36,TRAVEL,2026-04-28 15:16:00,MOBILE
APP202381,CUS102381,652000,36,EDUCATION,2026-12-04 15:27:00,MOBILE
APP202382,CUS102382,620000,18,DEBT_CONSOLIDATION,2026-06-26 01:27:00,MOBILE
APP202383,CUS102383,266000,48,HOME_RENOVATION,2026-09-25 21:48:00,WEB
APP202384,CUS102384,149000,24,DEBT_CONSOLIDATION,2026-07-15 10:12:00,MOBILE
APP202385,CUS102385,325000,36,HOME_RENOVATION,2026-05-11 13:38:00,WEB
APP202386,CUS102386,365000,36,OTHER,2026-06-19 21:38:00,MOBILE
APP202387,CUS102387,172000,24,HOME_RENOVATION,2026-08-04 10:47:00,MOBILE
APP202388,CUS102388,471000,48,DEBT_CONSOLIDATION,2026-11-13 13:24:00,MOBILE
APP202389,CUS102389,513000,18,MEDICAL,2026-08-19 23:19:00,WEB
APP202390,CUS102390,566000,18,MEDICAL,2026-07-04 01:43:00,WEB
APP202391,CUS102391,395000,18,HOME_RENOVATION,2026-01-03 19:08:00,MOBILE
APP202392,CUS102392,344000,60,TRAVEL,2026-05-03 06:06:00,MOBILE
APP202393,CUS102393,342000,36,HOME_RENOVATION,2026-08-30 05:40:00,MOBILE
APP202394,CUS102394,385000,24,TRAVEL,2026-03-16 21:36:00,MOBILE
APP202395,CUS102395,204000,24,MEDICAL,2026-11-19 09:05:00,WEB
APP202396,CUS102396,100000,48,HOME_RENOVATION,2026-11-12 02:12:00,MOBILE
APP202397,CUS102397,794000,36,HOME_RENOVATION,2026-09-09 11:07:00,MOBILE
APP202398,CUS102398,1100000,24,EDUCATION,2026-10-02 09:47:00,WEB
APP202399,CUS102399,192000,18,HOME_RENOVATION,2026-10-08 09:11:00,MOBILE
APP202400,CUS102400,519000,36,EDUCATION,2026-05-21 06:28:00,WEB
APP202401,CUS102401,323000,36,EDUCATION,2026-10-07 06:31:00,MOBILE
APP202402,CUS102402,251000,48,HOME_RENOVATION,2026-01-04 12:20:00,WEB
APP202403,CUS102403,525000,36,OTHER,2026-12-19 08:30:00,MOBILE
APP202404,CUS102404,344000,36,HOME_RENOVATION,2026-08-28 13:44:00,MOBILE
APP202405,CUS102405,150000,60,HOME_RENOVATION,2026-03-21 19:12:00,WEB
APP202406,CUS102406,294000,36,MEDICAL,2026-03-13 05:10:00,MOBILE
APP202407,CUS102407,121000,36,EDUCATION,2026-12-25 01:25:00,WEB
APP202408,CUS102408,1128000,18,MEDICAL,2026-08-04 06:34:00,WEB
APP202409,CUS102409,476000,36,HOME_RENOVATION,2026-02-01 11:55:00,WEB
APP202410,CUS102410,674000,60,EDUCATION,2026-06-19 09:11:00,WEB
APP202411,CUS102411,264000,24,EDUCATION,2026-05-03 16:17:00,WEB
APP202412,CUS102412,631000,36,TRAVEL,2026-01-29 02:26:00,MOBILE
APP202413,CUS102413,414000,36,HOME_RENOVATION,2026-05-23 19:48:00,WEB
APP202414,CUS102414,209000,36,HOME_RENOVATION,2026-06-22 00:55:00,MOBILE
APP202415,CUS102415,785000,12,DEBT_CONSOLIDATION,2026-10-26 00:21:00,MOBILE
APP202416,CUS102416,277000,48,HOME_RENOVATION,2026-03-10 00:23:00,MOBILE
APP202417,CUS102417,258000,36,EDUCATION,2026-07-31 14:43:00,MOBILE
APP202418,CUS102418,406000,60,HOME_RENOVATION,2026-09-05 04:45:00,MOBILE
APP202419,CUS102419,726000,48,DEBT_CONSOLIDATION,2026-12-21 00:59:00,WEB
APP202420,CUS102420,377000,18,DEBT_CONSOLIDATION,2026-09-25 08:26:00,WEB
APP202421,CUS102421,524000,60,EDUCATION,2026-07-23 04:12:00,WEB
APP202422,CUS102422,1079000,36,DEBT_CONSOLIDATION,2026-01-03 18:18:00,WEB
APP202423,CUS102423,301000,48,HOME_RENOVATION,2026-03-25 04:48:00,MOBILE
APP202424,CUS102424,207000,36,MEDICAL,2026-03-10 04:59:00,WEB
APP202425,CUS102425,503000,36,MEDICAL,2026-02-16 02:19:00,MOBILE
APP202426,CUS102426,259000,48,EDUCATION,2026-08-15 12:04:00,WEB
APP202427,CUS102427,503000,60,OTHER,2026-05-11 23:38:00,MOBILE
APP202428,CUS102428,523000,48,DEBT_CONSOLIDATION,2026-09-08 12:31:00,WEB
APP202429,CUS102429,854000,36,EDUCATION,2026-11-09 17:52:00,MOBILE
APP202430,CUS102430,942000,60,EDUCATION,2026-10-13 15:29:00,WEB
APP202431,CUS102431,298000,24,OTHER,2026-01-08 09:47:00,MOBILE
APP202432,CUS102432,606000,18,HOME_RENOVATION,2026-11-30 08:57:00,WEB
APP202433,CUS102433,810000,36,HOME_RENOVATION,2026-10-16 23:32:00,MOBILE
APP202434,CUS102434,240000,48,DEBT_CONSOLIDATION,2026-11-19 20:37:00,MOBILE
APP202435,CUS102435,498000,36,TRAVEL,2026-08-05 02:40:00,MOBILE
APP202436,CUS102436,553000,24,OTHER,2026-04-22 12:21:00,MOBILE
APP202437,CUS102437,419000,12,HOME_RENOVATION,2026-05-08 04:03:00,MOBILE
APP202438,CUS102438,593000,36,OTHER,2026-12-26 07:05:00,WEB
APP202439,CUS102439,298000,24,EDUCATION,2026-06-02 15:00:00,MOBILE
APP202440,CUS102440,279000,36,MEDICAL,2026-09-13 09:08:00,WEB
APP202441,CUS102441,499000,48,DEBT_CONSOLIDATION,2026-09-27 19:26:00,WEB
APP202442,CUS102442,286000,12,EDUCATION,2026-07-08 01:48:00,WEB
APP202443,CUS102443,434000,48,DEBT_CONSOLIDATION,2026-10-30 12:04:00,MOBILE
APP202444,CUS102444,516000,36,OTHER,2026-07-22 19:47:00,MOBILE
APP202445,CUS102445,714000,48,EDUCATION,2026-10-26 08:19:00,MOBILE
APP202446,CUS102446,308000,36,TRAVEL,2026-05-22 20:19:00,MOBILE
APP202447,CUS102447,228000,60,HOME_RENOVATION,2026-01-09 22:57:00,WEB
APP202448,CUS102448,668000,48,TRAVEL,2026-03-03 07:49:00,WEB
APP202449,CUS102449,163000,36,DEBT_CONSOLIDATION,2026-02-04 15:26:00,MOBILE
APP202450,CUS102450,479000,36,DEBT_CONSOLIDATION,2026-11-02 04:05:00,WEB
APP202451,CUS102451,577000,36,MEDICAL,2026-11-08 10:25:00,MOBILE
APP202452,CUS102452,326000,60,DEBT_CONSOLIDATION,2026-07-05 13:19:00,WEB
APP202453,CUS102453,439000,48,EDUCATION,2026-08-14 07:13:00,MOBILE
APP202454,CUS102454,266000,36,EDUCATION,2026-08-26 01:53:00,MOBILE
APP202455,CUS102455,839000,36,EDUCATION,2026-01-26 04:14:00,MOBILE
APP202456,CUS102456,447000,36,MEDICAL,2026-08-28 17:30:00,MOBILE
APP202457,CUS102457,338000,24,HOME_RENOVATION,2026-02-23 08:27:00,MOBILE
APP202458,CUS102458,428000,36,TRAVEL,2026-11-23 11:32:00,MOBILE
APP202459,CUS102459,461000,12,TRAVEL,2026-01-04 21:00:00,MOBILE
APP202460,CUS102460,276000,24,EDUCATION,2026-03-29 09:10:00,WEB
APP202461,CUS102461,155000,36,TRAVEL,2026-12-05 00:16:00,MOBILE
APP202462,CUS102462,104000,36,MEDICAL,2026-09-09 20:31:00,WEB
APP202463,CUS102463,258000,36,EDUCATION,2026-03-11 11:12:00,WEB
APP202464,CUS102464,134000,12,DEBT_CONSOLIDATION,2026-05-29 18:43:00,WEB
APP202465,CUS102465,352000,36,EDUCATION,2026-04-03 19:55:00,WEB
APP202466,CUS102466,269000,36,DEBT_CONSOLIDATION,2026-02-24 20:40:00,WEB
APP202467,CUS102467,447000,48,DEBT_CONSOLIDATION,2026-07-18 10:51:00,MOBILE
APP202468,CUS102468,798000,48,OTHER,2026-11-26 13:42:00,MOBILE
APP202469,CUS102469,341000,24,HOME_RENOVATION,2026-08-22 08:15:00,MOBILE
APP202470,CUS102470,325000,48,OTHER,2026-06-25 19:33:00,MOBILE
APP202471,CUS102471,218000,36,TRAVEL,2026-11-02 05:55:00,WEB
APP202472,CUS102472,1471000,48,OTHER,2026-11-28 18:45:00,MOBILE
APP202473,CUS102473,749000,36,HOME_RENOVATION,2026-07-12 20:51:00,MOBILE
APP202474,CUS102474,260000,36,EDUCATION,2026-12-31 03:41:00,MOBILE
APP202475,CUS102475,242000,24,MEDICAL,2026-02-14 19:00:00,WEB
APP202476,CUS102476,157000,18,OTHER,2026-12-27 11:58:00,WEB
APP202477,CUS102477,353000,36,HOME_RENOVATION,2026-08-21 12:15:00,MOBILE
APP202478,CUS102478,212000,24,DEBT_CONSOLIDATION,2026-06-13 03:32:00,WEB
APP202479,CUS102479,329000,24,EDUCATION,2026-02-07 08:20:00,MOBILE
APP202480,CUS102480,366000,60,OTHER,2026-04-23 05:04:00,WEB
APP202481,CUS102481,690000,36,OTHER,2026-12-19 00:36:00,WEB
APP202482,CUS102482,269000,24,HOME_RENOVATION,2026-03-09 19:08:00,WEB
APP202483,CUS102483,333000,12,DEBT_CONSOLIDATION,2026-02-14 15:24:00,WEB
APP202484,CUS102484,243000,48,EDUCATION,2026-04-15 03:47:00,WEB
APP202485,CUS102485,185000,36,MEDICAL,2026-01-26 19:59:00,MOBILE
APP202486,CUS102486,710000,36,HOME_RENOVATION,2026-01-23 08:00:00,MOBILE
APP202487,CUS102487,453000,36,HOME_RENOVATION,2026-09-13 18:45:00,MOBILE
APP202488,CUS102488,307000,24,TRAVEL,2026-12-30 04:01:00,MOBILE
APP202489,CUS102489,455000,36,EDUCATION,2026-11-20 13:22:00,MOBILE
APP202490,CUS102490,265000,36,HOME_RENOVATION,2026-08-06 17:15:00,MOBILE
APP202491,CUS102491,463000,18,OTHER,2026-03-13 01:44:00,MOBILE
APP202492,CUS102492,147000,24,EDUCATION,2026-05-16 05:44:00,MOBILE
APP202493,CUS102493,757000,12,DEBT_CONSOLIDATION,2026-01-06 22:47:00,WEB
APP202494,CUS102494,583000,36,HOME_RENOVATION,2026-01-13 03:09:00,MOBILE
APP202495,CUS102495,328000,36,DEBT_CONSOLIDATION,2026-06-01 04:46:00,WEB
APP202496,CUS102496,284000,36,EDUCATION,2026-01-31 11:33:00,MOBILE
APP202497,CUS102497,676000,36,DEBT_CONSOLIDATION,2026-08-30 10:28:00,MOBILE
APP202498,CUS102498,1391000,36,HOME_RENOVATION,2026-01-20 21:26:00,MOBILE
APP202499,CUS102499,240000,48,TRAVEL,2026-04-24 18:32:00,WEB
APP202500,CUS102500,625000,12,MEDICAL,2026-08-12 11:10:00,WEB
APP202501,CUS102501,634000,36,HOME_RENOVATION,2026-10-30 20:48:00,WEB
APP202502,CUS102502,165000,36,DEBT_CONSOLIDATION,2026-05-18 07:25:00,WEB
APP202503,CUS102503,270000,36,TRAVEL,2026-01-06 06:00:00,WEB
APP202504,CUS102504,186000,36,EDUCATION,2026-08-14 08:38:00,MOBILE
APP202505,CUS102505,538000,24,MEDICAL,2026-06-20 02:13:00,WEB
APP202506,CUS102506,666000,24,HOME_RENOVATION,2026-08-22 02:01:00,WEB
APP202507,CUS102507,538000,48,DEBT_CONSOLIDATION,2026-09-23 19:37:00,MOBILE
APP202508,CUS102508,180000,36,HOME_RENOVATION,2026-12-10 01:09:00,MOBILE
APP202509,CUS102509,149000,36,TRAVEL,2026-01-20 08:39:00,WEB
APP202510,CUS102510,220000,18,MEDICAL,2026-06-01 12:43:00,MOBILE
APP202511,CUS102511,207000,24,HOME_RENOVATION,2026-11-23 16:33:00,MOBILE
APP202512,CUS102512,155000,24,MEDICAL,2026-09-28 14:24:00,MOBILE
APP202513,CUS102513,473000,36,DEBT_CONSOLIDATION,2026-07-03 09:19:00,MOBILE
APP202514,CUS102514,840000,36,EDUCATION,2026-08-11 13:32:00,MOBILE
APP202515,CUS102515,299000,36,HOME_RENOVATION,2026-08-24 05:17:00,MOBILE
APP202516,CUS102516,293000,36,MEDICAL,2026-06-13 14:09:00,MOBILE
APP202517,CUS102517,397000,24,DEBT_CONSOLIDATION,2026-12-28 02:38:00,WEB
APP202518,CUS102518,565000,48,HOME_RENOVATION,2026-10-05 19:31:00,MOBILE
APP202519,CUS102519,604000,24,DEBT_CONSOLIDATION,2026-10-17 06:40:00,MOBILE
APP202520,CUS102520,323000,48,DEBT_CONSOLIDATION,2026-04-10 03:45:00,MOBILE
APP202521,CUS102521,575000,36,HOME_RENOVATION,2026-11-09 10:37:00,WEB
APP202522,CUS102522,100000,36,EDUCATION,2026-06-14 19:26:00,WEB
APP202523,CUS102523,162000,36,HOME_RENOVATION,2026-11-07 00:58:00,WEB
APP202524,CUS102524,811000,36,DEBT_CONSOLIDATION,2026-04-04 02:13:00,WEB
APP202525,CUS102525,768000,36,EDUCATION,2026-10-30 14:03:00,MOBILE
APP202526,CUS102526,515000,18,MEDICAL,2026-01-02 09:57:00,WEB
APP202527,CUS102527,426000,36,MEDICAL,2026-06-03 12:21:00,MOBILE
APP202528,CUS102528,266000,60,TRAVEL,2026-06-23 04:11:00,WEB
APP202529,CUS102529,712000,24,OTHER,2026-01-22 07:23:00,MOBILE
APP202530,CUS102530,223000,24,DEBT_CONSOLIDATION,2026-08-03 04:51:00,MOBILE
APP202531,CUS102531,606000,48,EDUCATION,2026-05-15 09:02:00,MOBILE
APP202532,CUS102532,362000,48,HOME_RENOVATION,2026-03-08 06:25:00,MOBILE
APP202533,CUS102533,246000,12,HOME_RENOVATION,2026-01-01 14:03:00,MOBILE
APP202534,CUS102534,340000,36,OTHER,2026-12-18 17:51:00,MOBILE
APP202535,CUS102535,155000,60,HOME_RENOVATION,2026-07-22 23:58:00,MOBILE
APP202536,CUS102536,543000,36,EDUCATION,2026-10-31 03:46:00,MOBILE
APP202537,CUS102537,286000,24,MEDICAL,2026-05-17 10:16:00,MOBILE
APP202538,CUS102538,368000,36,DEBT_CONSOLIDATION,2026-09-07 02:41:00,MOBILE
APP202539,CUS102539,565000,60,OTHER,2026-04-07 08:08:00,MOBILE
APP202540,CUS102540,132000,36,HOME_RENOVATION,2026-11-20 04:02:00,WEB
APP202541,CUS102541,580000,18,OTHER,2026-06-25 12:02:00,WEB
APP202542,CUS102542,296000,36,HOME_RENOVATION,2026-06-26 21:55:00,MOBILE
APP202543,CUS102543,1061000,12,HOME_RENOVATION,2026-10-18 03:40:00,MOBILE
APP202544,CUS102544,185000,36,OTHER,2026-10-04 22:58:00,MOBILE
APP202545,CUS102545,635000,48,MEDICAL,2026-06-04 17:14:00,MOBILE
APP202546,CUS102546,488000,36,EDUCATION,2026-06-28 02:55:00,MOBILE
APP202547,CUS102547,133000,36,MEDICAL,2026-12-08 23:16:00,WEB
APP202548,CUS102548,216000,24,MEDICAL,2026-03-20 20:33:00,WEB
APP202549,CUS102549,228000,18,OTHER,2026-08-06 01:57:00,WEB
APP202550,CUS102550,684000,36,OTHER,2026-11-21 06:54:00,WEB
APP202551,CUS102551,260000,36,OTHER,2026-10-25 23:44:00,WEB
APP202552,CUS102552,604000,36,TRAVEL,2026-09-23 13:50:00,WEB
APP202553,CUS102553,590000,24,OTHER,2026-10-14 02:46:00,WEB
APP202554,CUS102554,670000,36,HOME_RENOVATION,2026-08-06 22:20:00,WEB
APP202555,CUS102555,698000,36,HOME_RENOVATION,2026-03-11 12:00:00,MOBILE
APP202556,CUS102556,449000,48,EDUCATION,2026-01-19 22:21:00,WEB
APP202557,CUS102557,260000,24,EDUCATION,2026-10-22 20:33:00,MOBILE
APP202558,CUS102558,459000,36,HOME_RENOVATION,2026-08-08 22:40:00,MOBILE
APP202559,CUS102559,215000,36,HOME_RENOVATION,2026-11-30 02:05:00,MOBILE
APP202560,CUS102560,426000,36,MEDICAL,2026-02-14 06:13:00,MOBILE
APP202561,CUS102561,216000,36,EDUCATION,2026-02-12 21:08:00,WEB
APP202562,CUS102562,454000,18,OTHER,2026-02-21 08:39:00,MOBILE
APP202563,CUS102563,585000,36,TRAVEL,2026-11-09 21:57:00,MOBILE
APP202564,CUS102564,353000,48,OTHER,2026-03-13 23:42:00,MOBILE
APP202565,CUS102565,640000,24,HOME_RENOVATION,2026-07-11 13:05:00,MOBILE
APP202566,CUS102566,644000,12,DEBT_CONSOLIDATION,2026-11-11 10:38:00,MOBILE
APP202567,CUS102567,388000,48,HOME_RENOVATION,2026-07-26 19:37:00,MOBILE
APP202568,CUS102568,494000,24,MEDICAL,2026-09-20 13:26:00,MOBILE
APP202569,CUS102569,322000,48,HOME_RENOVATION,2026-01-24 03:41:00,WEB
APP202570,CUS102570,569000,36,EDUCATION,2026-08-15 18:33:00,MOBILE
APP202571,CUS102571,413000,24,TRAVEL,2026-07-12 16:32:00,WEB
APP202572,CUS102572,194000,36,TRAVEL,2026-11-06 00:18:00,MOBILE
APP202573,CUS102573,509000,36,TRAVEL,2026-06-15 17:15:00,WEB
APP202574,CUS102574,233000,60,DEBT_CONSOLIDATION,2026-12-09 22:15:00,WEB
APP202575,CUS102575,520000,36,HOME_RENOVATION,2026-06-07 08:26:00,WEB
APP202576,CUS102576,747000,36,OTHER,2026-02-14 01:51:00,MOBILE
APP202577,CUS102577,444000,24,DEBT_CONSOLIDATION,2026-11-12 15:13:00,WEB
APP202578,CUS102578,381000,60,HOME_RENOVATION,2026-06-07 05:08:00,MOBILE
APP202579,CUS102579,245000,18,TRAVEL,2026-04-10 22:39:00,MOBILE
APP202580,CUS102580,311000,48,HOME_RENOVATION,2026-04-22 07:36:00,WEB
APP202581,CUS102581,346000,60,DEBT_CONSOLIDATION,2026-12-23 12:48:00,WEB
APP202582,CUS102582,328000,36,EDUCATION,2026-06-09 05:27:00,MOBILE
APP202583,CUS102583,642000,24,EDUCATION,2026-05-21 09:48:00,WEB
APP202584,CUS102584,654000,36,OTHER,2026-10-07 21:29:00,MOBILE
APP202585,CUS102585,288000,36,EDUCATION,2026-06-29 22:34:00,WEB
APP202586,CUS102586,332000,36,DEBT_CONSOLIDATION,2026-09-23 05:06:00,WEB
APP202587,CUS102587,538000,36,EDUCATION,2026-08-18 23:48:00,WEB
APP202588,CUS102588,643000,12,OTHER,2026-12-12 10:35:00,WEB
APP202589,CUS102589,593000,18,DEBT_CONSOLIDATION,2026-11-09 20:23:00,WEB
APP202590,CUS102590,426000,36,EDUCATION,2026-01-30 10:59:00,MOBILE
APP202591,CUS102591,202000,36,TRAVEL,2026-12-16 01:12:00,MOBILE
APP202592,CUS102592,351000,36,MEDICAL,2026-08-13 13:44:00,WEB
APP202593,CUS102593,412000,48,HOME_RENOVATION,2026-04-28 19:45:00,MOBILE
APP202594,CUS102594,680000,18,DEBT_CONSOLIDATION,2026-11-13 23:37:00,MOBILE
APP202595,CUS102595,565000,36,OTHER,2026-10-06 16:02:00,WEB
APP202596,CUS102596,740000,24,EDUCATION,2026-03-04 13:35:00,MOBILE
APP202597,CUS102597,160000,36,HOME_RENOVATION,2026-02-19 10:10:00,WEB
APP202598,CUS102598,527000,36,OTHER,2026-11-07 20:26:00,MOBILE
APP202599,CUS102599,459000,12,MEDICAL,2026-09-16 07:14:00,MOBILE
APP202600,CUS102600,327000,36,TRAVEL,2026-04-20 15:42:00,MOBILE
APP202601,CUS102601,403000,24,MEDICAL,2026-05-11 18:12:00,MOBILE
APP202602,CUS102602,266000,36,TRAVEL,2026-08-03 05:54:00,WEB
APP202603,CUS102603,414000,18,TRAVEL,2026-07-24 12:01:00,WEB
APP202604,CUS102604,504000,60,HOME_RENOVATION,2026-08-27 06:50:00,MOBILE
APP202605,CUS102605,621000,48,TRAVEL,2026-08-26 15:37:00,MOBILE
APP202606,CUS102606,512000,48,TRAVEL,2026-03-17 06:56:00,MOBILE
APP202607,CUS102607,158000,36,OTHER,2026-08-27 03:12:00,MOBILE
APP202608,CUS102608,356000,36,EDUCATION,2026-03-20 03:49:00,WEB
APP202609,CUS102609,557000,36,OTHER,2026-01-25 00:02:00,MOBILE
APP202610,CUS102610,896000,60,MEDICAL,2026-08-30 05:24:00,WEB
APP202611,CUS102611,716000,60,HOME_RENOVATION,2026-12-21 11:12:00,MOBILE
APP202612,CUS102612,570000,36,DEBT_CONSOLIDATION,2026-02-11 01:25:00,MOBILE
APP202613,CUS102613,625000,60,OTHER,2026-11-13 19:17:00,MOBILE
APP202614,CUS102614,588000,36,OTHER,2026-04-22 05:51:00,MOBILE
APP202615,CUS102615,745000,36,DEBT_CONSOLIDATION,2026-10-23 14:43:00,WEB
APP202616,CUS102616,576000,60,EDUCATION,2026-07-26 09:51:00,WEB
APP202617,CUS102617,178000,36,TRAVEL,2026-11-08 05:26:00,WEB
APP202618,CUS102618,376000,60,TRAVEL,2026-02-19 13:07:00,WEB
APP202619,CUS102619,870000,24,MEDICAL,2026-04-26 22:47:00,MOBILE
APP202620,CUS102620,408000,36,EDUCATION,2026-07-22 19:39:00,MOBILE
APP202621,CUS102621,392000,36,DEBT_CONSOLIDATION,2026-06-22 03:12:00,WEB
APP202622,CUS102622,588000,36,HOME_RENOVATION,2026-05-25 17:43:00,MOBILE
APP202623,CUS102623,641000,24,OTHER,2026-04-01 23:38:00,MOBILE
APP202624,CUS102624,703000,24,TRAVEL,2026-05-10 20:51:00,WEB
APP202625,CUS102625,311000,18,MEDICAL,2026-09-15 20:40:00,MOBILE
APP202626,CUS102626,527000,12,DEBT_CONSOLIDATION,2026-09-10 10:27:00,MOBILE
APP202627,CUS102627,352000,48,EDUCATION,2026-05-22 21:00:00,MOBILE
APP202628,CUS102628,648000,36,TRAVEL,2026-07-28 14:29:00,MOBILE
APP202629,CUS102629,190000,36,OTHER,2026-03-01 13:33:00,MOBILE
APP202630,CUS102630,469000,36,DEBT_CONSOLIDATION,2026-10-04 01:23:00,WEB
APP202631,CUS102631,321000,48,HOME_RENOVATION,2026-08-30 04:26:00,MOBILE
APP202632,CUS102632,743000,36,TRAVEL,2026-10-14 20:13:00,WEB
APP202633,CUS102633,119000,36,EDUCATION,2026-09-08 22:06:00,WEB
APP202634,CUS102634,536000,12,EDUCATION,2026-04-12 20:38:00,WEB
APP202635,CUS102635,351000,48,OTHER,2026-03-28 10:56:00,MOBILE
APP202636,CUS102636,495000,12,HOME_RENOVATION,2026-03-17 03:52:00,MOBILE
APP202637,CUS102637,198000,36,HOME_RENOVATION,2026-11-06 15:02:00,MOBILE
APP202638,CUS102638,565000,36,DEBT_CONSOLIDATION,2026-03-17 13:07:00,MOBILE
APP202639,CUS102639,570000,36,DEBT_CONSOLIDATION,2026-02-13 02:31:00,WEB
APP202640,CUS102640,831000,36,HOME_RENOVATION,2026-01-31 04:00:00,MOBILE
APP202641,CUS102641,355000,48,EDUCATION,2026-11-20 16:29:00,MOBILE
APP202642,CUS102642,215000,36,MEDICAL,2026-10-02 15:53:00,MOBILE
APP202643,CUS102643,385000,60,HOME_RENOVATION,2026-05-12 01:19:00,WEB
APP202644,CUS102644,522000,36,OTHER,2026-08-10 18:15:00,WEB
APP202645,CUS102645,486000,48,DEBT_CONSOLIDATION,2026-12-21 13:33:00,MOBILE
APP202646,CUS102646,266000,24,HOME_RENOVATION,2026-04-28 21:21:00,MOBILE
APP202647,CUS102647,897000,36,OTHER,2026-12-15 20:41:00,WEB
APP202648,CUS102648,528000,24,OTHER,2026-04-11 10:23:00,WEB
APP202649,CUS102649,241000,24,HOME_RENOVATION,2026-05-13 23:51:00,MOBILE
APP202650,CUS102650,617000,60,TRAVEL,2026-08-23 10:37:00,MOBILE
APP202651,CUS102651,212000,24,EDUCATION,2026-07-20 12:10:00,WEB
APP202652,CUS102652,905000,36,OTHER,2026-05-27 20:04:00,WEB
APP202653,CUS102653,149000,24,EDUCATION,2026-09-26 13:05:00,MOBILE
APP202654,CUS102654,938000,60,OTHER,2026-07-30 00:52:00,WEB
APP202655,CUS102655,272000,12,EDUCATION,2026-05-20 13:45:00,WEB
APP202656,CUS102656,749000,24,DEBT_CONSOLIDATION,2026-09-18 23:43:00,MOBILE
APP202657,CUS102657,163000,48,DEBT_CONSOLIDATION,2026-07-27 07:07:00,MOBILE
APP202658,CUS102658,458000,36,EDUCATION,2026-10-19 06:43:00,MOBILE
APP202659,CUS102659,271000,48,EDUCATION,2026-04-28 19:24:00,MOBILE
APP202660,CUS102660,541000,36,HOME_RENOVATION,2026-04-29 08:36:00,MOBILE
APP202661,CUS102661,283000,36,DEBT_CONSOLIDATION,2026-06-19 10:26:00,MOBILE
APP202662,CUS102662,524000,36,EDUCATION,2026-11-26 14:50:00,MOBILE
APP202663,CUS102663,1376000,36,TRAVEL,2026-08-02 10:28:00,MOBILE
APP202664,CUS102664,912000,36,TRAVEL,2026-09-29 13:48:00,MOBILE
APP202665,CUS102665,318000,36,TRAVEL,2026-07-20 17:05:00,WEB
APP202666,CUS102666,236000,24,DEBT_CONSOLIDATION,2026-03-16 08:39:00,MOBILE
APP202667,CUS102667,658000,36,TRAVEL,2026-08-19 02:37:00,MOBILE
APP202668,CUS102668,559000,36,DEBT_CONSOLIDATION,2026-11-08 23:37:00,MOBILE
APP202669,CUS102669,733000,24,OTHER,2026-08-24 00:49:00,MOBILE
APP202670,CUS102670,148000,36,OTHER,2026-03-12 08:30:00,WEB
APP202671,CUS102671,800000,36,OTHER,2026-08-26 09:47:00,WEB
APP202672,CUS102672,728000,12,MEDICAL,2026-04-17 11:13:00,MOBILE
APP202673,CUS102673,364000,24,HOME_RENOVATION,2026-07-28 11:46:00,WEB
APP202674,CUS102674,393000,36,OTHER,2026-07-14 14:55:00,WEB
APP202675,CUS102675,301000,36,TRAVEL,2026-05-13 14:04:00,MOBILE
APP202676,CUS102676,187000,36,EDUCATION,2026-07-09 12:53:00,MOBILE
APP202677,CUS102677,514000,18,HOME_RENOVATION,2026-01-08 05:14:00,WEB
APP202678,CUS102678,1209000,24,EDUCATION,2026-12-14 17:58:00,WEB
APP202679,CUS102679,544000,36,MEDICAL,2026-10-19 09:14:00,MOBILE
APP202680,CUS102680,325000,48,TRAVEL,2026-02-11 04:33:00,WEB
APP202681,CUS102681,578000,48,OTHER,2026-04-18 03:58:00,MOBILE
APP202682,CUS102682,258000,36,TRAVEL,2026-09-04 22:38:00,MOBILE
APP202683,CUS102683,354000,60,DEBT_CONSOLIDATION,2026-08-07 14:21:00,MOBILE
APP202684,CUS102684,342000,48,EDUCATION,2026-04-24 01:55:00,WEB
APP202685,CUS102685,280000,36,OTHER,2026-02-26 12:11:00,WEB
APP202686,CUS102686,615000,18,MEDICAL,2026-12-01 03:21:00,MOBILE
APP202687,CUS102687,414000,36,DEBT_CONSOLIDATION,2026-02-10 18:43:00,WEB
APP202688,CUS102688,428000,48,TRAVEL,2026-03-19 19:38:00,WEB
APP202689,CUS102689,771000,18,DEBT_CONSOLIDATION,2026-08-09 13:20:00,WEB
APP202690,CUS102690,642000,18,HOME_RENOVATION,2026-06-12 05:40:00,MOBILE
APP202691,CUS102691,255000,48,TRAVEL,2026-04-27 16:30:00,MOBILE
APP202692,CUS102692,370000,36,HOME_RENOVATION,2026-11-19 15:22:00,MOBILE
APP202693,CUS102693,885000,48,DEBT_CONSOLIDATION,2026-04-16 19:18:00,MOBILE
APP202694,CUS102694,194000,24,MEDICAL,2026-09-30 18:29:00,MOBILE
APP202695,CUS102695,1068000,36,DEBT_CONSOLIDATION,2026-02-17 15:35:00,MOBILE
APP202696,CUS102696,359000,48,HOME_RENOVATION,2026-06-21 23:47:00,MOBILE
APP202697,CUS102697,1198000,18,MEDICAL,2026-06-20 00:03:00,WEB
APP202698,CUS102698,236000,36,HOME_RENOVATION,2026-07-23 15:45:00,MOBILE
APP202699,CUS102699,729000,36,HOME_RENOVATION,2026-10-12 16:00:00,MOBILE
APP202700,CUS102700,468000,36,HOME_RENOVATION,2026-01-04 23:20:00,MOBILE
APP202701,CUS102701,149000,36,DEBT_CONSOLIDATION,2026-11-22 17:13:00,MOBILE
APP202702,CUS102702,985000,36,HOME_RENOVATION,2026-11-21 07:34:00,MOBILE
APP202703,CUS102703,396000,36,MEDICAL,2026-03-15 17:30:00,MOBILE
APP202704,CUS102704,214000,36,EDUCATION,2026-03-28 18:22:00,WEB
APP202705,CUS102705,280000,18,OTHER,2026-11-09 06:26:00,WEB
APP202706,CUS102706,1765000,36,MEDICAL,2026-09-19 16:29:00,MOBILE
APP202707,CUS102707,208000,36,HOME_RENOVATION,2026-08-03 04:48:00,MOBILE
APP202708,CUS102708,379000,60,DEBT_CONSOLIDATION,2026-09-19 00:23:00,MOBILE
APP202709,CUS102709,190000,36,EDUCATION,2026-06-06 19:52:00,WEB
APP202710,CUS102710,329000,36,OTHER,2026-02-04 19:51:00,WEB
APP202711,CUS102711,285000,36,DEBT_CONSOLIDATION,2026-07-17 17:10:00,WEB
APP202712,CUS102712,622000,48,TRAVEL,2026-03-25 23:29:00,WEB
APP202713,CUS102713,450000,36,HOME_RENOVATION,2026-08-18 07:26:00,MOBILE
APP202714,CUS102714,209000,48,MEDICAL,2026-03-11 09:31:00,WEB
APP202715,CUS102715,472000,36,MEDICAL,2026-03-10 14:07:00,MOBILE
APP202716,CUS102716,667000,48,MEDICAL,2026-02-03 19:00:00,MOBILE
APP202717,CUS102717,306000,12,EDUCATION,2026-06-01 16:13:00,MOBILE
APP202718,CUS102718,671000,24,DEBT_CONSOLIDATION,2026-11-20 10:11:00,MOBILE
APP202719,CUS102719,404000,36,HOME_RENOVATION,2026-11-15 02:31:00,MOBILE
APP202720,CUS102720,660000,60,DEBT_CONSOLIDATION,2026-02-28 09:27:00,MOBILE
APP202721,CUS102721,317000,48,MEDICAL,2026-10-08 00:44:00,MOBILE
APP202722,CUS102722,154000,12,TRAVEL,2026-11-21 18:45:00,MOBILE
APP202723,CUS102723,484000,48,EDUCATION,2026-02-05 10:37:00,WEB
APP202724,CUS102724,444000,24,OTHER,2026-07-20 02:25:00,MOBILE
APP202725,CUS102725,354000,48,OTHER,2026-08-01 14:04:00,MOBILE
APP202726,CUS102726,328000,48,TRAVEL,2026-04-10 21:42:00,WEB
APP202727,CUS102727,1004000,48,OTHER,2026-04-25 10:42:00,WEB
APP202728,CUS102728,301000,24,OTHER,2026-05-10 01:12:00,WEB
APP202729,CUS102729,283000,36,HOME_RENOVATION,2026-04-24 23:35:00,MOBILE
APP202730,CUS102730,260000,60,HOME_RENOVATION,2026-06-10 16:55:00,WEB
APP202731,CUS102731,586000,60,HOME_RENOVATION,2026-10-03 14:26:00,MOBILE
APP202732,CUS102732,867000,60,MEDICAL,2026-09-09 02:19:00,MOBILE
APP202733,CUS102733,553000,36,DEBT_CONSOLIDATION,2026-02-06 20:57:00,MOBILE
APP202734,CUS102734,239000,36,EDUCATION,2026-01-04 07:40:00,MOBILE
APP202735,CUS102735,854000,36,HOME_RENOVATION,2026-08-10 11:06:00,WEB
APP202736,CUS102736,291000,18,EDUCATION,2026-10-01 07:48:00,MOBILE
APP202737,CUS102737,494000,36,EDUCATION,2026-11-15 13:48:00,MOBILE
APP202738,CUS102738,578000,24,HOME_RENOVATION,2026-07-31 07:00:00,MOBILE
APP202739,CUS102739,377000,48,HOME_RENOVATION,2026-11-14 00:40:00,MOBILE
APP202740,CUS102740,263000,60,EDUCATION,2026-07-29 09:21:00,MOBILE
APP202741,CUS102741,185000,36,EDUCATION,2026-06-15 23:00:00,MOBILE
APP202742,CUS102742,401000,36,MEDICAL,2026-10-24 22:57:00,MOBILE
APP202743,CUS102743,723000,48,HOME_RENOVATION,2026-02-09 20:20:00,WEB
APP202744,CUS102744,306000,24,TRAVEL,2026-02-03 02:02:00,MOBILE
APP202745,CUS102745,310000,24,MEDICAL,2026-10-18 16:11:00,MOBILE
APP202746,CUS102746,330000,18,DEBT_CONSOLIDATION,2026-03-11 01:11:00,MOBILE
APP202747,CUS102747,121000,24,TRAVEL,2026-12-28 09:14:00,MOBILE
APP202748,CUS102748,241000,48,DEBT_CONSOLIDATION,2026-08-07 21:11:00,MOBILE
APP202749,CUS102749,620000,18,EDUCATION,2026-08-06 19:00:00,MOBILE
APP202750,CUS102750,570000,24,TRAVEL,2026-02-16 08:07:00,MOBILE
APP202751,CUS102751,100000,48,DEBT_CONSOLIDATION,2026-10-24 16:13:00,WEB
APP202752,CUS102752,336000,48,DEBT_CONSOLIDATION,2026-11-09 23:31:00,WEB
APP202753,CUS102753,364000,18,DEBT_CONSOLIDATION,2026-08-18 21:50:00,MOBILE
APP202754,CUS102754,222000,48,HOME_RENOVATION,2026-08-20 20:53:00,MOBILE
APP202755,CUS102755,420000,36,DEBT_CONSOLIDATION,2026-06-27 10:34:00,MOBILE
APP202756,CUS102756,1025000,12,TRAVEL,2026-08-17 04:00:00,MOBILE
APP202757,CUS102757,284000,12,MEDICAL,2026-11-22 16:57:00,WEB
APP202758,CUS102758,647000,36,TRAVEL,2026-12-18 20:59:00,MOBILE
APP202759,CUS102759,259000,48,MEDICAL,2026-07-22 12:28:00,WEB
APP202760,CUS102760,713000,48,OTHER,2026-04-19 07:25:00,MOBILE
APP202761,CUS102761,418000,48,EDUCATION,2026-10-20 04:05:00,WEB
APP202762,CUS102762,254000,24,EDUCATION,2026-10-25 10:50:00,MOBILE
APP202763,CUS102763,1143000,36,MEDICAL,2026-11-09 12:02:00,MOBILE
APP202764,CUS102764,214000,18,TRAVEL,2026-01-23 09:21:00,MOBILE
APP202765,CUS102765,162000,48,HOME_RENOVATION,2026-01-29 11:33:00,WEB
APP202766,CUS102766,673000,60,TRAVEL,2026-12-07 00:28:00,MOBILE
APP202767,CUS102767,402000,48,EDUCATION,2026-12-23 10:54:00,WEB
APP202768,CUS102768,555000,18,DEBT_CONSOLIDATION,2026-01-27 22:42:00,WEB
APP202769,CUS102769,397000,24,TRAVEL,2026-12-14 19:23:00,WEB
APP202770,CUS102770,333000,48,TRAVEL,2026-01-27 18:43:00,MOBILE
APP202771,CUS102771,393000,36,OTHER,2026-02-12 13:53:00,MOBILE
APP202772,CUS102772,549000,18,EDUCATION,2026-11-28 08:48:00,MOBILE
APP202773,CUS102773,308000,60,DEBT_CONSOLIDATION,2026-06-12 01:14:00,MOBILE
APP202774,CUS102774,882000,36,OTHER,2026-10-25 15:00:00,WEB
APP202775,CUS102775,405000,18,HOME_RENOVATION,2026-03-07 03:26:00,MOBILE
APP202776,CUS102776,297000,36,DEBT_CONSOLIDATION,2026-04-04 02:49:00,MOBILE
APP202777,CUS102777,251000,60,HOME_RENOVATION,2026-04-23 11:26:00,MOBILE
APP202778,CUS102778,102000,36,EDUCATION,2026-05-19 20:08:00,MOBILE
APP202779,CUS102779,519000,36,DEBT_CONSOLIDATION,2026-09-01 21:09:00,MOBILE
APP202780,CUS102780,495000,36,EDUCATION,2026-05-26 03:57:00,WEB
APP202781,CUS102781,289000,36,MEDICAL,2026-11-23 09:16:00,MOBILE
APP202782,CUS102782,823000,24,EDUCATION,2026-08-10 20:17:00,WEB
APP202783,CUS102783,699000,36,DEBT_CONSOLIDATION,2026-11-04 23:25:00,WEB
APP202784,CUS102784,584000,18,DEBT_CONSOLIDATION,2026-01-16 12:37:00,WEB
APP202785,CUS102785,540000,24,HOME_RENOVATION,2026-01-01 03:03:00,MOBILE
APP202786,CUS102786,253000,48,OTHER,2026-05-25 21:26:00,MOBILE
APP202787,CUS102787,1014000,24,TRAVEL,2026-01-23 09:27:00,MOBILE
APP202788,CUS102788,180000,36,MEDICAL,2026-07-03 07:46:00,MOBILE
APP202789,CUS102789,179000,36,MEDICAL,2026-08-23 03:27:00,MOBILE
APP202790,CUS102790,161000,36,HOME_RENOVATION,2026-03-08 22:50:00,MOBILE
APP202791,CUS102791,430000,36,MEDICAL,2026-12-21 05:45:00,MOBILE
APP202792,CUS102792,236000,12,TRAVEL,2026-01-19 01:11:00,MOBILE
APP202793,CUS102793,323000,36,TRAVEL,2026-08-06 21:17:00,MOBILE
APP202794,CUS102794,600000,36,TRAVEL,2026-12-10 17:30:00,MOBILE
APP202795,CUS102795,199000,24,TRAVEL,2026-07-13 22:24:00,WEB
APP202796,CUS102796,446000,36,EDUCATION,2026-12-02 03:39:00,MOBILE
APP202797,CUS102797,288000,48,DEBT_CONSOLIDATION,2026-01-18 04:46:00,MOBILE
APP202798,CUS102798,387000,18,OTHER,2026-08-02 16:12:00,MOBILE
APP202799,CUS102799,1127000,24,OTHER,2026-12-08 08:42:00,WEB
APP202800,CUS102800,285000,36,MEDICAL,2026-11-09 17:04:00,WEB
APP202801,CUS102801,488000,18,OTHER,2026-02-20 15:27:00,MOBILE
APP202802,CUS102802,211000,60,DEBT_CONSOLIDATION,2026-12-30 16:11:00,MOBILE
APP202803,CUS102803,551000,60,HOME_RENOVATION,2026-02-20 22:05:00,MOBILE
APP202804,CUS102804,890000,36,EDUCATION,2026-03-27 13:55:00,WEB
APP202805,CUS102805,217000,24,EDUCATION,2026-02-05 21:07:00,WEB
APP202806,CUS102806,442000,36,TRAVEL,2026-08-28 18:54:00,WEB
APP202807,CUS102807,523000,36,HOME_RENOVATION,2026-06-02 17:06:00,MOBILE
APP202808,CUS102808,449000,48,TRAVEL,2026-11-05 13:24:00,MOBILE
APP202809,CUS102809,927000,48,HOME_RENOVATION,2026-11-14 08:43:00,MOBILE
APP202810,CUS102810,389000,48,EDUCATION,2026-03-11 00:20:00,WEB
APP202811,CUS102811,213000,60,TRAVEL,2026-06-13 11:56:00,WEB
APP202812,CUS102812,437000,36,TRAVEL,2026-08-17 08:11:00,MOBILE
APP202813,CUS102813,843000,36,OTHER,2026-10-31 19:24:00,MOBILE
APP202814,CUS102814,781000,24,HOME_RENOVATION,2026-02-04 00:59:00,MOBILE
APP202815,CUS102815,481000,36,OTHER,2026-09-18 05:55:00,MOBILE
APP202816,CUS102816,409000,36,DEBT_CONSOLIDATION,2026-06-24 12:12:00,WEB
APP202817,CUS102817,123000,36,HOME_RENOVATION,2026-06-26 11:08:00,MOBILE
APP202818,CUS102818,435000,18,DEBT_CONSOLIDATION,2026-08-11 01:40:00,MOBILE
APP202819,CUS102819,472000,36,TRAVEL,2026-02-27 08:58:00,MOBILE
APP202820,CUS102820,381000,36,TRAVEL,2026-06-01 15:12:00,MOBILE
APP202821,CUS102821,419000,48,MEDICAL,2026-11-21 18:29:00,WEB
APP202822,CUS102822,199000,60,TRAVEL,2026-11-09 06:40:00,WEB
APP202823,CUS102823,333000,60,EDUCATION,2026-02-25 01:51:00,MOBILE
APP202824,CUS102824,211000,24,EDUCATION,2026-07-24 06:59:00,MOBILE
APP202825,CUS102825,461000,48,DEBT_CONSOLIDATION,2026-12-21 04:17:00,MOBILE
APP202826,CUS102826,644000,48,HOME_RENOVATION,2026-08-18 22:59:00,MOBILE
APP202827,CUS102827,669000,60,HOME_RENOVATION,2026-04-05 01:18:00,MOBILE
APP202828,CUS102828,294000,36,OTHER,2026-01-25 19:22:00,MOBILE
APP202829,CUS102829,259000,12,HOME_RENOVATION,2026-07-12 09:23:00,WEB
APP202830,CUS102830,624000,36,DEBT_CONSOLIDATION,2026-03-09 21:48:00,MOBILE
APP202831,CUS102831,584000,36,HOME_RENOVATION,2026-12-18 21:26:00,WEB
APP202832,CUS102832,764000,36,DEBT_CONSOLIDATION,2026-09-05 13:29:00,MOBILE
APP202833,CUS102833,452000,12,MEDICAL,2026-12-03 15:29:00,MOBILE
APP202834,CUS102834,328000,60,MEDICAL,2026-10-05 18:37:00,MOBILE
APP202835,CUS102835,269000,18,OTHER,2026-09-12 23:30:00,WEB
APP202836,CUS102836,492000,12,DEBT_CONSOLIDATION,2026-07-09 11:29:00,MOBILE
APP202837,CUS102837,605000,36,EDUCATION,2026-03-28 08:34:00,MOBILE
APP202838,CUS102838,967000,36,MEDICAL,2026-07-29 04:20:00,MOBILE
APP202839,CUS102839,235000,48,MEDICAL,2026-10-13 04:40:00,MOBILE
APP202840,CUS102840,455000,36,MEDICAL,2026-04-20 17:47:00,WEB
APP202841,CUS102841,367000,36,EDUCATION,2026-03-23 12:36:00,WEB
APP202842,CUS102842,637000,60,TRAVEL,2026-02-07 00:32:00,MOBILE
APP202843,CUS102843,1293000,24,MEDICAL,2026-06-16 00:36:00,WEB
APP202844,CUS102844,271000,48,EDUCATION,2026-09-06 04:05:00,MOBILE
APP202845,CUS102845,340000,24,EDUCATION,2026-01-09 13:19:00,WEB
APP202846,CUS102846,165000,36,OTHER,2026-11-10 20:14:00,WEB
APP202847,CUS102847,144000,36,HOME_RENOVATION,2026-07-10 04:20:00,MOBILE
APP202848,CUS102848,231000,36,DEBT_CONSOLIDATION,2026-02-15 16:38:00,MOBILE
APP202849,CUS102849,467000,48,DEBT_CONSOLIDATION,2026-10-08 09:35:00,MOBILE
APP202850,CUS102850,517000,18,OTHER,2026-12-26 16:06:00,MOBILE
APP202851,CUS102851,789000,36,HOME_RENOVATION,2026-10-09 07:51:00,MOBILE
APP202852,CUS102852,568000,36,HOME_RENOVATION,2026-12-14 14:15:00,MOBILE
APP202853,CUS102853,421000,24,HOME_RENOVATION,2026-12-31 13:58:00,MOBILE
APP202854,CUS102854,514000,48,EDUCATION,2026-04-25 00:13:00,MOBILE
APP202855,CUS102855,480000,60,HOME_RENOVATION,2026-08-01 12:56:00,MOBILE
APP202856,CUS102856,874000,36,MEDICAL,2026-06-08 08:37:00,WEB
APP202857,CUS102857,501000,36,OTHER,2026-07-29 14:02:00,WEB
APP202858,CUS102858,801000,36,DEBT_CONSOLIDATION,2026-07-31 11:23:00,WEB
APP202859,CUS102859,100000,48,HOME_RENOVATION,2026-06-30 04:49:00,MOBILE
APP202860,CUS102860,287000,36,EDUCATION,2026-03-06 02:24:00,WEB
APP202861,CUS102861,390000,36,EDUCATION,2026-02-15 13:32:00,MOBILE
APP202862,CUS102862,434000,36,OTHER,2026-07-13 22:02:00,WEB
APP202863,CUS102863,128000,36,MEDICAL,2026-10-21 23:01:00,MOBILE
APP202864,CUS102864,850000,48,DEBT_CONSOLIDATION,2026-01-09 07:49:00,MOBILE
APP202865,CUS102865,550000,60,MEDICAL,2026-11-30 22:02:00,MOBILE
APP202866,CUS102866,528000,60,DEBT_CONSOLIDATION,2026-03-28 15:05:00,WEB
APP202867,CUS102867,1129000,12,OTHER,2026-10-15 10:41:00,MOBILE
APP202868,CUS102868,573000,36,TRAVEL,2026-09-11 15:17:00,MOBILE
APP202869,CUS102869,267000,36,OTHER,2026-11-26 04:28:00,WEB
APP202870,CUS102870,432000,60,MEDICAL,2026-06-07 10:44:00,MOBILE
APP202871,CUS102871,114000,12,OTHER,2026-04-25 20:27:00,MOBILE
APP202872,CUS102872,707000,36,MEDICAL,2026-01-31 01:45:00,WEB
APP202873,CUS102873,270000,48,EDUCATION,2026-03-25 20:42:00,MOBILE
APP202874,CUS102874,298000,48,EDUCATION,2026-11-29 21:27:00,WEB
APP202875,CUS102875,150000,60,DEBT_CONSOLIDATION,2026-06-11 06:10:00,WEB
APP202876,CUS102876,136000,24,HOME_RENOVATION,2026-01-03 16:05:00,WEB
APP202877,CUS102877,565000,24,TRAVEL,2026-04-08 18:28:00,MOBILE
APP202878,CUS102878,312000,36,OTHER,2026-05-24 15:37:00,WEB
APP202879,CUS102879,172000,36,MEDICAL,2026-01-06 10:04:00,MOBILE
APP202880,CUS102880,504000,36,MEDICAL,2026-12-28 13:24:00,WEB
APP202881,CUS102881,405000,24,DEBT_CONSOLIDATION,2026-10-09 00:49:00,MOBILE
APP202882,CUS102882,527000,60,OTHER,2026-05-31 00:30:00,WEB
APP202883,CUS102883,247000,24,EDUCATION,2026-06-04 05:11:00,MOBILE
APP202884,CUS102884,510000,36,EDUCATION,2026-06-13 22:34:00,MOBILE
APP202885,CUS102885,258000,48,MEDICAL,2026-03-20 02:51:00,MOBILE
APP202886,CUS102886,405000,60,HOME_RENOVATION,2026-04-05 08:04:00,MOBILE
APP202887,CUS102887,760000,36,EDUCATION,2026-08-20 03:29:00,MOBILE
APP202888,CUS102888,761000,24,TRAVEL,2026-08-06 06:22:00,MOBILE
APP202889,CUS102889,521000,36,HOME_RENOVATION,2026-07-01 07:59:00,MOBILE
APP202890,CUS102890,186000,18,DEBT_CONSOLIDATION,2026-02-05 18:08:00,MOBILE
APP202891,CUS102891,652000,36,MEDICAL,2026-02-09 03:24:00,MOBILE
APP202892,CUS102892,236000,24,TRAVEL,2026-11-18 04:01:00,WEB
APP202893,CUS102893,695000,24,TRAVEL,2026-02-10 14:45:00,WEB
APP202894,CUS102894,286000,48,DEBT_CONSOLIDATION,2026-02-14 04:23:00,MOBILE
APP202895,CUS102895,487000,36,OTHER,2026-06-08 01:01:00,WEB
APP202896,CUS102896,930000,48,TRAVEL,2026-04-11 13:18:00,MOBILE
APP202897,CUS102897,281000,24,HOME_RENOVATION,2026-07-17 19:58:00,MOBILE
APP202898,CUS102898,450000,60,MEDICAL,2026-11-11 13:01:00,MOBILE
APP202899,CUS102899,498000,12,EDUCATION,2026-12-14 17:52:00,WEB
APP202900,CUS102900,1742000,60,TRAVEL,2026-02-01 15:43:00,MOBILE
APP202901,CUS102901,891000,24,MEDICAL,2026-09-22 07:09:00,MOBILE
APP202902,CUS102902,313000,12,HOME_RENOVATION,2026-10-18 06:08:00,MOBILE
APP202903,CUS102903,407000,36,OTHER,2026-06-21 06:39:00,MOBILE
APP202904,CUS102904,200000,36,MEDICAL,2026-06-28 14:58:00,MOBILE
APP202905,CUS102905,377000,48,OTHER,2026-04-10 15:21:00,MOBILE
APP202906,CUS102906,1237000,36,DEBT_CONSOLIDATION,2026-01-04 12:16:00,WEB
APP202907,CUS102907,502000,36,MEDICAL,2026-06-06 23:42:00,WEB
APP202908,CUS102908,388000,36,HOME_RENOVATION,2026-11-01 22:57:00,MOBILE
APP202909,CUS102909,183000,36,TRAVEL,2026-02-13 10:55:00,WEB
APP202910,CUS102910,780000,60,EDUCATION,2026-12-04 01:19:00,MOBILE
APP202911,CUS102911,307000,12,DEBT_CONSOLIDATION,2026-04-01 11:40:00,MOBILE
APP202912,CUS102912,217000,36,DEBT_CONSOLIDATION,2026-01-24 00:39:00,MOBILE
APP202913,CUS102913,711000,48,DEBT_CONSOLIDATION,2026-11-25 21:00:00,WEB
APP202914,CUS102914,260000,36,TRAVEL,2026-09-16 00:56:00,MOBILE
APP202915,CUS102915,241000,48,MEDICAL,2026-08-29 21:14:00,WEB
APP202916,CUS102916,575000,60,EDUCATION,2026-08-30 04:46:00,MOBILE
APP202917,CUS102917,443000,24,TRAVEL,2026-11-13 12:02:00,MOBILE
APP202918,CUS102918,834000,48,HOME_RENOVATION,2026-09-01 06:13:00,WEB
APP202919,CUS102919,215000,36,OTHER,2026-02-06 08:58:00,WEB
APP202920,CUS102920,901000,36,MEDICAL,2026-08-16 22:48:00,WEB
APP202921,CUS102921,410000,24,TRAVEL,2026-06-27 01:04:00,WEB
APP202922,CUS102922,159000,48,HOME_RENOVATION,2026-08-12 01:17:00,MOBILE
APP202923,CUS102923,418000,36,HOME_RENOVATION,2026-09-11 14:50:00,MOBILE
APP202924,CUS102924,1134000,36,HOME_RENOVATION,2026-11-02 02:20:00,MOBILE
APP202925,CUS102925,460000,48,HOME_RENOVATION,2026-11-12 02:54:00,WEB
APP202926,CUS102926,702000,36,EDUCATION,2026-07-31 09:35:00,MOBILE
APP202927,CUS102927,636000,36,EDUCATION,2026-05-16 09:11:00,MOBILE
APP202928,CUS102928,408000,12,TRAVEL,2026-12-03 02:17:00,MOBILE
APP202929,CUS102929,702000,36,OTHER,2026-04-19 15:51:00,WEB
APP202930,CUS102930,231000,36,OTHER,2026-01-29 15:00:00,MOBILE
APP202931,CUS102931,472000,48,HOME_RENOVATION,2026-10-19 05:33:00,WEB
APP202932,CUS102932,252000,36,MEDICAL,2026-04-04 06:41:00,MOBILE
APP202933,CUS102933,488000,48,OTHER,2026-12-29 05:41:00,MOBILE
APP202934,CUS102934,275000,48,HOME_RENOVATION,2026-04-06 05:02:00,MOBILE
APP202935,CUS102935,758000,36,OTHER,2026-10-17 08:41:00,MOBILE
APP202936,CUS102936,546000,12,OTHER,2026-02-22 05:46:00,WEB
APP202937,CUS102937,728000,24,TRAVEL,2026-02-07 23:08:00,MOBILE
APP202938,CUS102938,996000,24,TRAVEL,2026-03-24 07:05:00,MOBILE
APP202939,CUS102939,527000,48,DEBT_CONSOLIDATION,2026-12-14 09:47:00,MOBILE
APP202940,CUS102940,315000,48,EDUCATION,2026-09-17 01:51:00,MOBILE
APP202941,CUS102941,184000,36,EDUCATION,2026-02-24 16:20:00,MOBILE
APP202942,CUS102942,432000,24,TRAVEL,2026-02-12 04:04:00,WEB
APP202943,CUS102943,396000,36,DEBT_CONSOLIDATION,2026-04-13 18:18:00,MOBILE
APP202944,CUS102944,401000,36,DEBT_CONSOLIDATION,2026-04-11 15:06:00,MOBILE
APP202945,CUS102945,615000,18,MEDICAL,2026-11-08 05:17:00,WEB
APP202946,CUS102946,801000,48,HOME_RENOVATION,2026-05-17 13:40:00,MOBILE
APP202947,CUS102947,616000,36,TRAVEL,2026-09-28 16:09:00,WEB
APP202948,CUS102948,246000,24,MEDICAL,2026-06-13 08:50:00,WEB
APP202949,CUS102949,792000,60,DEBT_CONSOLIDATION,2026-07-04 17:51:00,MOBILE
APP202950,CUS102950,569000,36,DEBT_CONSOLIDATION,2026-03-09 22:37:00,WEB
APP202951,CUS102951,456000,12,DEBT_CONSOLIDATION,2026-01-08 03:32:00,MOBILE
APP202952,CUS102952,663000,36,DEBT_CONSOLIDATION,2026-06-19 20:47:00,MOBILE
APP202953,CUS102953,432000,36,TRAVEL,2026-04-30 09:19:00,MOBILE
APP202954,CUS102954,288000,36,MEDICAL,2026-12-26 13:31:00,MOBILE
APP202955,CUS102955,1254000,36,EDUCATION,2026-03-02 11:52:00,MOBILE
APP202956,CUS102956,386000,24,OTHER,2026-02-03 16:52:00,WEB
APP202957,CUS102957,919000,60,MEDICAL,2026-05-07 06:24:00,MOBILE
APP202958,CUS102958,650000,48,MEDICAL,2026-04-24 16:30:00,MOBILE
APP202959,CUS102959,340000,60,TRAVEL,2026-07-13 20:31:00,MOBILE
APP202960,CUS102960,599000,60,MEDICAL,2026-04-11 23:42:00,MOBILE
APP202961,CUS102961,760000,36,MEDICAL,2026-07-06 02:51:00,MOBILE
APP202962,CUS102962,330000,36,MEDICAL,2026-04-02 22:31:00,MOBILE
APP202963,CUS102963,624000,36,OTHER,2026-12-28 02:11:00,WEB
APP202964,CUS102964,549000,18,OTHER,2026-06-17 07:40:00,MOBILE
APP202965,CUS102965,793000,36,OTHER,2026-09-14 00:45:00,WEB
APP202966,CUS102966,238000,36,HOME_RENOVATION,2026-10-06 23:53:00,MOBILE
APP202967,CUS102967,988000,18,TRAVEL,2026-12-16 21:40:00,WEB
APP202968,CUS102968,954000,48,DEBT_CONSOLIDATION,2026-06-20 13:20:00,WEB
APP202969,CUS102969,453000,60,MEDICAL,2026-09-16 14:19:00,MOBILE
APP202970,CUS102970,232000,24,EDUCATION,2026-01-08 09:09:00,WEB
APP202971,CUS102971,209000,12,TRAVEL,2026-07-30 08:19:00,MOBILE
APP202972,CUS102972,360000,48,EDUCATION,2026-09-28 06:42:00,MOBILE
APP202973,CUS102973,580000,36,EDUCATION,2026-10-14 21:10:00,WEB
APP202974,CUS102974,265000,12,HOME_RENOVATION,2026-01-02 13:28:00,WEB
APP202975,CUS102975,404000,18,DEBT_CONSOLIDATION,2026-08-15 18:29:00,WEB
APP202976,CUS102976,847000,36,EDUCATION,2026-09-20 05:38:00,MOBILE
APP202977,CUS102977,652000,36,MEDICAL,2026-11-05 00:30:00,MOBILE
APP202978,CUS102978,415000,24,MEDICAL,2026-08-03 14:41:00,WEB
APP202979,CUS102979,269000,36,TRAVEL,2026-06-30 17:16:00,MOBILE
APP202980,CUS102980,325000,36,DEBT_CONSOLIDATION,2026-02-15 13:16:00,MOBILE
APP202981,CUS102981,341000,24,EDUCATION,2026-05-27 00:46:00,WEB
APP202982,CUS102982,288000,48,EDUCATION,2026-09-01 19:28:00,WEB
APP202983,CUS102983,355000,48,OTHER,2026-11-18 14:22:00,MOBILE
APP202984,CUS102984,322000,36,DEBT_CONSOLIDATION,2026-01-23 06:53:00,MOBILE
APP202985,CUS102985,431000,24,OTHER,2026-01-05 20:31:00,MOBILE
APP202986,CUS102986,767000,36,DEBT_CONSOLIDATION,2026-10-02 23:19:00,MOBILE
APP202987,CUS102987,370000,48,MEDICAL,2026-04-26 02:34:00,WEB
APP202988,CUS102988,736000,48,OTHER,2026-04-07 09:55:00,MOBILE
APP202989,CUS102989,614000,60,MEDICAL,2026-08-17 18:33:00,MOBILE
APP202990,CUS102990,354000,24,TRAVEL,2026-07-31 09:42:00,MOBILE
APP202991,CUS102991,604000,36,TRAVEL,2026-07-25 12:48:00,MOBILE
APP202992,CUS102992,635000,24,EDUCATION,2026-08-29 11:31:00,WEB
APP202993,CUS102993,182000,60,MEDICAL,2026-10-06 13:20:00,MOBILE
APP202994,CUS102994,217000,48,TRAVEL,2026-06-19 17:08:00,WEB
APP202995,CUS102995,232000,36,TRAVEL,2026-02-10 17:10:00,MOBILE
APP202996,CUS102996,231000,36,OTHER,2026-10-29 12:52:00,MOBILE
APP202997,CUS102997,618000,48,MEDICAL,2026-08-22 18:09:00,MOBILE
APP202998,CUS102998,545000,36,TRAVEL,2026-11-14 10:12:00,WEB
APP202999,CUS102999,448000,18,EDUCATION,2026-08-24 04:37:00,MOBILE
APP203000,CUS103000,236000,12,TRAVEL,2026-02-05 21:33:00,MOBILE
APP203001,CUS103001,823000,48,TRAVEL,2026-02-12 17:09:00,MOBILE
APP203002,CUS103002,581000,36,DEBT_CONSOLIDATION,2026-03-08 20:36:00,WEB
APP203003,CUS103003,503000,48,MEDICAL,2026-05-20 22:50:00,MOBILE
APP203004,CUS103004,393000,18,EDUCATION,2026-04-29 00:26:00,MOBILE
APP203005,CUS103005,308000,36,HOME_RENOVATION,2026-07-24 15:36:00,MOBILE
APP203006,CUS103006,1164000,24,MEDICAL,2026-01-25 11:27:00,WEB
APP203007,CUS103007,197000,48,EDUCATION,2026-11-10 07:46:00,WEB
APP203008,CUS103008,280000,36,DEBT_CONSOLIDATION,2026-06-04 10:20:00,WEB
APP203009,CUS103009,704000,60,MEDICAL,2026-11-17 09:59:00,MOBILE
APP203010,CUS103010,638000,60,DEBT_CONSOLIDATION,2026-09-26 06:55:00,WEB
APP203011,CUS103011,750000,48,DEBT_CONSOLIDATION,2026-10-15 12:13:00,MOBILE
APP203012,CUS103012,311000,36,EDUCATION,2026-03-14 05:08:00,WEB
APP203013,CUS103013,1338000,48,EDUCATION,2026-10-06 07:29:00,MOBILE
APP203014,CUS103014,409000,18,HOME_RENOVATION,2026-09-08 17:03:00,WEB
APP203015,CUS103015,293000,24,DEBT_CONSOLIDATION,2026-12-03 11:43:00,WEB
APP203016,CUS103016,1062000,36,OTHER,2026-08-14 22:53:00,MOBILE
APP203017,CUS103017,662000,36,DEBT_CONSOLIDATION,2026-11-19 04:12:00,MOBILE
APP203018,CUS103018,477000,60,DEBT_CONSOLIDATION,2026-10-14 19:02:00,MOBILE
APP203019,CUS103019,345000,12,TRAVEL,2026-12-04 13:29:00,MOBILE
APP203020,CUS103020,409000,12,OTHER,2026-05-03 01:31:00,MOBILE
APP203021,CUS103021,531000,36,HOME_RENOVATION,2026-07-18 01:30:00,MOBILE
APP203022,CUS103022,100000,24,OTHER,2026-04-06 06:28:00,MOBILE
APP203023,CUS103023,140000,48,TRAVEL,2026-11-07 02:52:00,MOBILE
APP203024,CUS103024,437000,24,TRAVEL,2026-03-12 14:39:00,MOBILE
APP203025,CUS103025,376000,48,HOME_RENOVATION,2026-07-22 16:28:00,MOBILE
APP203026,CUS103026,498000,24,EDUCATION,2026-09-10 02:17:00,MOBILE
APP203027,CUS103027,160000,24,TRAVEL,2026-12-26 04:03:00,WEB
APP203028,CUS103028,365000,36,EDUCATION,2026-03-07 02:17:00,MOBILE
APP203029,CUS103029,541000,36,EDUCATION,2026-01-11 15:57:00,WEB
APP203030,CUS103030,997000,24,MEDICAL,2026-10-12 08:25:00,MOBILE
APP203031,CUS103031,320000,24,DEBT_CONSOLIDATION,2026-12-19 16:09:00,MOBILE
APP203032,CUS103032,112000,36,OTHER,2026-09-06 11:38:00,WEB
APP203033,CUS103033,756000,60,HOME_RENOVATION,2026-07-30 17:34:00,MOBILE
APP203034,CUS103034,155000,18,TRAVEL,2026-03-21 13:35:00,WEB
APP203035,CUS103035,293000,60,HOME_RENOVATION,2026-09-17 20:02:00,MOBILE
APP203036,CUS103036,330000,24,TRAVEL,2026-02-16 02:13:00,WEB
APP203037,CUS103037,485000,36,OTHER,2026-12-05 19:34:00,MOBILE
APP203038,CUS103038,284000,24,MEDICAL,2026-11-23 21:09:00,WEB
APP203039,CUS103039,123000,18,MEDICAL,2026-02-04 10:04:00,MOBILE
APP203040,CUS103040,607000,24,EDUCATION,2026-06-04 13:05:00,MOBILE
APP203041,CUS103041,240000,36,DEBT_CONSOLIDATION,2026-02-12 15:02:00,WEB
APP203042,CUS103042,801000,48,DEBT_CONSOLIDATION,2026-10-20 04:25:00,WEB
APP203043,CUS103043,824000,18,EDUCATION,2026-04-26 08:43:00,WEB
APP203044,CUS103044,240000,48,MEDICAL,2026-12-08 04:31:00,MOBILE
APP203045,CUS103045,615000,24,OTHER,2026-04-19 13:46:00,WEB
APP203046,CUS103046,654000,48,MEDICAL,2026-01-23 16:55:00,MOBILE
APP203047,CUS103047,217000,36,MEDICAL,2026-04-05 06:23:00,WEB
APP203048,CUS103048,394000,12,TRAVEL,2026-06-09 18:38:00,MOBILE
APP203049,CUS103049,258000,24,HOME_RENOVATION,2026-05-22 06:10:00,WEB
APP203050,CUS103050,498000,48,MEDICAL,2026-11-09 17:56:00,MOBILE
APP203051,CUS103051,536000,12,HOME_RENOVATION,2026-03-09 00:01:00,MOBILE
APP203052,CUS103052,771000,18,HOME_RENOVATION,2026-06-05 23:34:00,WEB
APP203053,CUS103053,600000,24,HOME_RENOVATION,2026-08-23 06:03:00,MOBILE
APP203054,CUS103054,145000,36,HOME_RENOVATION,2026-09-15 16:33:00,WEB
APP203055,CUS103055,496000,36,DEBT_CONSOLIDATION,2026-08-31 15:17:00,MOBILE
APP203056,CUS103056,113000,36,DEBT_CONSOLIDATION,2026-11-26 14:06:00,WEB
APP203057,CUS103057,339000,24,EDUCATION,2026-09-26 12:02:00,WEB
APP203058,CUS103058,848000,12,OTHER,2026-01-13 14:56:00,MOBILE
APP203059,CUS103059,987000,36,TRAVEL,2026-09-24 08:02:00,MOBILE
APP203060,CUS103060,372000,36,DEBT_CONSOLIDATION,2026-06-29 06:54:00,MOBILE
APP203061,CUS103061,263000,12,DEBT_CONSOLIDATION,2026-08-24 07:53:00,MOBILE
APP203062,CUS103062,397000,36,DEBT_CONSOLIDATION,2026-03-29 19:36:00,WEB
APP203063,CUS103063,466000,12,MEDICAL,2026-09-05 10:46:00,MOBILE
APP203064,CUS103064,172000,36,TRAVEL,2026-06-18 13:15:00,MOBILE
APP203065,CUS103065,230000,36,TRAVEL,2026-08-03 13:45:00,MOBILE
APP203066,CUS103066,595000,60,OTHER,2026-04-12 04:33:00,WEB
APP203067,CUS103067,854000,36,HOME_RENOVATION,2026-01-30 20:02:00,MOBILE
APP203068,CUS103068,848000,24,DEBT_CONSOLIDATION,2026-11-21 15:39:00,MOBILE
APP203069,CUS103069,439000,36,MEDICAL,2026-03-02 11:04:00,MOBILE
APP203070,CUS103070,514000,18,HOME_RENOVATION,2026-09-29 23:15:00,WEB
APP203071,CUS103071,342000,24,MEDICAL,2026-05-05 11:31:00,WEB
APP203072,CUS103072,161000,36,OTHER,2026-02-04 21:40:00,MOBILE
APP203073,CUS103073,267000,36,DEBT_CONSOLIDATION,2026-06-17 18:55:00,MOBILE
APP203074,CUS103074,436000,24,TRAVEL,2026-02-08 23:40:00,MOBILE
APP203075,CUS103075,761000,24,HOME_RENOVATION,2026-05-15 16:53:00,WEB
APP203076,CUS103076,553000,24,HOME_RENOVATION,2026-11-12 18:51:00,WEB
APP203077,CUS103077,406000,36,EDUCATION,2026-01-22 20:44:00,MOBILE
APP203078,CUS103078,450000,60,TRAVEL,2026-01-09 08:01:00,MOBILE
APP203079,CUS103079,419000,24,MEDICAL,2026-03-27 02:17:00,MOBILE
APP203080,CUS103080,458000,36,TRAVEL,2026-06-23 01:42:00,MOBILE
APP203081,CUS103081,235000,36,HOME_RENOVATION,2026-07-11 20:45:00,MOBILE
APP203082,CUS103082,158000,48,HOME_RENOVATION,2026-10-14 16:01:00,MOBILE
APP203083,CUS103083,874000,36,HOME_RENOVATION,2026-02-02 12:54:00,MOBILE
APP203084,CUS103084,146000,36,MEDICAL,2026-12-24 02:50:00,MOBILE
APP203085,CUS103085,461000,12,HOME_RENOVATION,2026-05-01 13:13:00,MOBILE
APP203086,CUS103086,417000,12,HOME_RENOVATION,2026-09-10 15:07:00,MOBILE
APP203087,CUS103087,383000,36,TRAVEL,2026-05-04 15:50:00,MOBILE
APP203088,CUS103088,574000,24,EDUCATION,2026-03-15 01:53:00,MOBILE
APP203089,CUS103089,280000,36,DEBT_CONSOLIDATION,2026-12-12 01:29:00,MOBILE
APP203090,CUS103090,207000,36,EDUCATION,2026-02-27 23:59:00,MOBILE
APP203091,CUS103091,404000,36,MEDICAL,2026-11-12 02:05:00,MOBILE
APP203092,CUS103092,374000,36,DEBT_CONSOLIDATION,2026-09-14 22:06:00,MOBILE
APP203093,CUS103093,814000,18,EDUCATION,2026-03-21 08:08:00,MOBILE
APP203094,CUS103094,357000,60,DEBT_CONSOLIDATION,2026-05-13 14:03:00,WEB
APP203095,CUS103095,278000,36,OTHER,2026-10-01 10:23:00,MOBILE
APP203096,CUS103096,392000,48,DEBT_CONSOLIDATION,2026-08-23 00:12:00,MOBILE
APP203097,CUS103097,645000,36,TRAVEL,2026-09-11 07:56:00,MOBILE
APP203098,CUS103098,104000,24,DEBT_CONSOLIDATION,2026-12-02 00:03:00,MOBILE
APP203099,CUS103099,650000,24,EDUCATION,2026-04-06 00:40:00,WEB
APP203100,CUS103100,150000,24,HOME_RENOVATION,2026-02-15 11:45:00,MOBILE
APP203101,CUS103101,1090000,36,TRAVEL,2026-04-28 09:55:00,MOBILE
APP203102,CUS103102,382000,36,MEDICAL,2026-03-05 20:08:00,MOBILE
APP203103,CUS103103,158000,48,HOME_RENOVATION,2026-08-29 02:03:00,MOBILE
APP203104,CUS103104,309000,48,HOME_RENOVATION,2026-05-08 13:23:00,MOBILE
APP203105,CUS103105,957000,36,HOME_RENOVATION,2026-11-23 15:28:00,MOBILE
APP203106,CUS103106,347000,60,TRAVEL,2026-12-09 14:39:00,MOBILE
APP203107,CUS103107,705000,36,EDUCATION,2026-12-24 14:47:00,WEB
APP203108,CUS103108,216000,24,MEDICAL,2026-04-27 11:22:00,MOBILE
APP203109,CUS103109,598000,36,DEBT_CONSOLIDATION,2026-10-14 13:15:00,WEB
APP203110,CUS103110,785000,36,TRAVEL,2026-02-23 15:39:00,MOBILE
APP203111,CUS103111,299000,36,TRAVEL,2026-02-25 07:32:00,MOBILE
APP203112,CUS103112,352000,36,TRAVEL,2026-11-03 15:25:00,MOBILE
APP203113,CUS103113,701000,48,MEDICAL,2026-06-20 23:55:00,MOBILE
APP203114,CUS103114,309000,24,EDUCATION,2026-06-09 02:23:00,WEB
APP203115,CUS103115,413000,36,DEBT_CONSOLIDATION,2026-09-11 09:33:00,MOBILE
APP203116,CUS103116,292000,24,TRAVEL,2026-03-13 22:15:00,MOBILE
APP203117,CUS103117,243000,36,HOME_RENOVATION,2026-07-07 11:55:00,WEB
APP203118,CUS103118,381000,48,TRAVEL,2026-11-09 02:13:00,MOBILE
APP203119,CUS103119,499000,36,HOME_RENOVATION,2026-06-23 20:41:00,WEB
APP203120,CUS103120,606000,36,EDUCATION,2026-01-17 14:26:00,WEB
APP203121,CUS103121,879000,36,HOME_RENOVATION,2026-03-07 16:31:00,WEB
APP203122,CUS103122,409000,36,DEBT_CONSOLIDATION,2026-10-04 19:17:00,MOBILE
APP203123,CUS103123,264000,48,MEDICAL,2026-03-27 03:13:00,MOBILE
APP203124,CUS103124,156000,60,OTHER,2026-01-03 22:36:00,MOBILE
APP203125,CUS103125,347000,12,OTHER,2026-03-12 09:08:00,MOBILE
APP203126,CUS103126,451000,36,MEDICAL,2026-08-20 03:56:00,MOBILE
APP203127,CUS103127,342000,24,OTHER,2026-02-09 14:19:00,MOBILE
APP203128,CUS103128,568000,36,EDUCATION,2026-09-23 05:32:00,WEB
APP203129,CUS103129,798000,36,EDUCATION,2026-01-29 07:13:00,MOBILE
APP203130,CUS103130,1146000,24,MEDICAL,2026-08-19 02:56:00,MOBILE
APP203131,CUS103131,442000,60,HOME_RENOVATION,2026-02-04 21:56:00,WEB
APP203132,CUS103132,444000,36,DEBT_CONSOLIDATION,2026-01-19 03:41:00,MOBILE
APP203133,CUS103133,361000,18,DEBT_CONSOLIDATION,2026-02-07 18:21:00,WEB
APP203134,CUS103134,188000,36,HOME_RENOVATION,2026-12-06 05:14:00,WEB
APP203135,CUS103135,473000,24,MEDICAL,2026-05-30 22:23:00,WEB
APP203136,CUS103136,188000,48,EDUCATION,2026-06-20 02:18:00,MOBILE
APP203137,CUS103137,415000,36,OTHER,2026-09-04 16:26:00,WEB
APP203138,CUS103138,620000,48,OTHER,2026-11-28 17:52:00,MOBILE
APP203139,CUS103139,174000,36,TRAVEL,2026-08-08 14:58:00,MOBILE
APP203140,CUS103140,348000,48,TRAVEL,2026-01-04 08:55:00,MOBILE
APP203141,CUS103141,627000,36,MEDICAL,2026-12-04 19:41:00,MOBILE
APP203142,CUS103142,392000,36,HOME_RENOVATION,2026-04-23 05:46:00,MOBILE
APP203143,CUS103143,175000,48,DEBT_CONSOLIDATION,2026-01-25 12:13:00,MOBILE
APP203144,CUS103144,480000,48,HOME_RENOVATION,2026-12-16 09:02:00,MOBILE
APP203145,CUS103145,243000,36,MEDICAL,2026-03-18 02:13:00,WEB
APP203146,CUS103146,794000,24,MEDICAL,2026-09-02 01:19:00,MOBILE
APP203147,CUS103147,289000,36,OTHER,2026-09-22 07:56:00,MOBILE
APP203148,CUS103148,251000,36,HOME_RENOVATION,2026-11-13 04:40:00,WEB
APP203149,CUS103149,688000,36,HOME_RENOVATION,2026-08-16 22:34:00,WEB
APP203150,CUS103150,363000,48,EDUCATION,2026-12-31 21:51:00,MOBILE
APP203151,CUS103151,318000,48,TRAVEL,2026-11-27 07:42:00,MOBILE
APP203152,CUS103152,750000,36,MEDICAL,2026-02-15 11:16:00,MOBILE
APP203153,CUS103153,278000,48,EDUCATION,2026-07-15 01:42:00,MOBILE
APP203154,CUS103154,527000,36,HOME_RENOVATION,2026-11-10 06:04:00,MOBILE
APP203155,CUS103155,306000,60,HOME_RENOVATION,2026-05-12 05:24:00,MOBILE
APP203156,CUS103156,298000,48,MEDICAL,2026-11-24 14:32:00,MOBILE
APP203157,CUS103157,309000,36,EDUCATION,2026-04-10 11:37:00,MOBILE
APP203158,CUS103158,690000,36,MEDICAL,2026-07-13 22:39:00,WEB
APP203159,CUS103159,188000,36,HOME_RENOVATION,2026-10-21 03:49:00,MOBILE
APP203160,CUS103160,848000,48,DEBT_CONSOLIDATION,2026-10-05 23:51:00,WEB
APP203161,CUS103161,349000,48,EDUCATION,2026-02-19 03:25:00,WEB
APP203162,CUS103162,385000,18,TRAVEL,2026-07-06 19:31:00,MOBILE
APP203163,CUS103163,855000,36,TRAVEL,2026-03-22 02:31:00,WEB
APP203164,CUS103164,197000,48,DEBT_CONSOLIDATION,2026-05-24 03:29:00,WEB
APP203165,CUS103165,205000,36,EDUCATION,2026-10-31 11:36:00,MOBILE
APP203166,CUS103166,297000,36,HOME_RENOVATION,2026-06-16 07:07:00,WEB
APP203167,CUS103167,470000,36,DEBT_CONSOLIDATION,2026-09-01 11:11:00,WEB
APP203168,CUS103168,347000,24,OTHER,2026-03-07 13:19:00,MOBILE
APP203169,CUS103169,207000,12,HOME_RENOVATION,2026-12-09 02:15:00,WEB
APP203170,CUS103170,184000,12,TRAVEL,2026-10-29 08:56:00,WEB
APP203171,CUS103171,808000,24,EDUCATION,2026-01-12 07:22:00,MOBILE
APP203172,CUS103172,1384000,60,MEDICAL,2026-01-15 03:03:00,MOBILE
APP203173,CUS103173,451000,18,MEDICAL,2026-08-31 21:21:00,WEB
APP203174,CUS103174,318000,36,OTHER,2026-06-13 03:44:00,MOBILE
APP203175,CUS103175,404000,60,HOME_RENOVATION,2026-08-15 15:49:00,MOBILE
APP203176,CUS103176,659000,36,OTHER,2026-08-16 06:02:00,WEB
APP203177,CUS103177,507000,36,DEBT_CONSOLIDATION,2026-03-14 11:54:00,MOBILE
APP203178,CUS103178,769000,24,EDUCATION,2026-10-16 04:38:00,WEB
APP203179,CUS103179,1082000,36,OTHER,2026-10-03 01:00:00,WEB
APP203180,CUS103180,619000,36,EDUCATION,2026-09-21 11:05:00,MOBILE
APP203181,CUS103181,391000,48,DEBT_CONSOLIDATION,2026-04-03 02:03:00,WEB
APP203182,CUS103182,635000,36,MEDICAL,2026-05-02 00:40:00,WEB
APP203183,CUS103183,392000,48,DEBT_CONSOLIDATION,2026-07-16 16:22:00,MOBILE
APP203184,CUS103184,102000,12,OTHER,2026-03-25 15:37:00,MOBILE
APP203185,CUS103185,333000,12,DEBT_CONSOLIDATION,2026-08-21 22:25:00,MOBILE
APP203186,CUS103186,520000,24,EDUCATION,2026-12-28 19:53:00,WEB
APP203187,CUS103187,309000,24,HOME_RENOVATION,2026-09-22 05:36:00,MOBILE
APP203188,CUS103188,134000,36,EDUCATION,2026-09-10 04:43:00,MOBILE
APP203189,CUS103189,463000,36,EDUCATION,2026-03-28 03:11:00,WEB
APP203190,CUS103190,846000,60,DEBT_CONSOLIDATION,2026-12-15 21:27:00,MOBILE
APP203191,CUS103191,1100000,24,HOME_RENOVATION,2026-03-14 09:41:00,MOBILE
APP203192,CUS103192,315000,48,TRAVEL,2026-03-20 09:17:00,WEB
APP203193,CUS103193,612000,36,TRAVEL,2026-04-03 16:24:00,MOBILE
APP203194,CUS103194,710000,36,DEBT_CONSOLIDATION,2026-08-12 01:58:00,MOBILE
APP203195,CUS103195,304000,48,HOME_RENOVATION,2026-01-31 05:56:00,MOBILE
APP203196,CUS103196,243000,36,HOME_RENOVATION,2026-07-19 12:39:00,MOBILE
APP203197,CUS103197,190000,48,HOME_RENOVATION,2026-10-14 06:35:00,MOBILE
APP203198,CUS103198,342000,24,HOME_RENOVATION,2026-09-18 21:30:00,WEB
APP203199,CUS103199,335000,12,HOME_RENOVATION,2026-05-05 01:30:00,WEB
APP203200,CUS103200,890000,48,EDUCATION,2026-05-13 01:11:00,MOBILE
APP203201,CUS103201,221000,36,EDUCATION,2026-07-01 01:46:00,MOBILE
APP203202,CUS103202,628000,36,HOME_RENOVATION,2026-10-10 19:02:00,MOBILE
APP203203,CUS103203,241000,36,OTHER,2026-04-15 00:58:00,MOBILE
APP203204,CUS103204,622000,48,DEBT_CONSOLIDATION,2026-10-09 11:08:00,MOBILE
APP203205,CUS103205,581000,36,EDUCATION,2026-11-02 19:34:00,WEB
APP203206,CUS103206,647000,36,OTHER,2026-04-01 07:40:00,MOBILE
APP203207,CUS103207,519000,36,OTHER,2026-07-25 11:47:00,MOBILE
APP203208,CUS103208,328000,36,EDUCATION,2026-10-06 03:58:00,WEB
APP203209,CUS103209,373000,36,EDUCATION,2026-07-23 02:30:00,MOBILE
APP203210,CUS103210,564000,36,OTHER,2026-01-07 18:14:00,MOBILE
APP203211,CUS103211,402000,48,OTHER,2026-12-08 19:28:00,MOBILE
APP203212,CUS103212,912000,36,TRAVEL,2026-07-31 01:47:00,MOBILE
APP203213,CUS103213,550000,36,HOME_RENOVATION,2026-01-15 12:06:00,MOBILE
APP203214,CUS103214,325000,24,HOME_RENOVATION,2026-08-07 07:37:00,WEB
APP203215,CUS103215,502000,36,HOME_RENOVATION,2026-06-16 08:59:00,WEB
APP203216,CUS103216,231000,48,MEDICAL,2026-08-11 20:33:00,MOBILE
APP203217,CUS103217,518000,36,HOME_RENOVATION,2026-04-28 07:27:00,WEB
APP203218,CUS103218,324000,36,EDUCATION,2026-09-13 22:58:00,WEB
APP203219,CUS103219,156000,36,EDUCATION,2026-11-27 15:52:00,WEB
APP203220,CUS103220,751000,36,EDUCATION,2026-04-17 03:24:00,MOBILE
APP203221,CUS103221,319000,36,EDUCATION,2026-01-03 13:20:00,MOBILE
APP203222,CUS103222,148000,36,MEDICAL,2026-11-21 00:32:00,WEB
APP203223,CUS103223,438000,48,DEBT_CONSOLIDATION,2026-10-14 23:13:00,MOBILE
APP203224,CUS103224,749000,36,TRAVEL,2026-05-02 20:17:00,MOBILE
APP203225,CUS103225,473000,36,HOME_RENOVATION,2026-10-05 19:30:00,MOBILE
APP203226,CUS103226,211000,48,MEDICAL,2026-05-05 03:35:00,MOBILE
APP203227,CUS103227,180000,18,OTHER,2026-08-19 12:40:00,WEB
APP203228,CUS103228,753000,36,DEBT_CONSOLIDATION,2026-01-15 11:54:00,MOBILE
APP203229,CUS103229,669000,48,OTHER,2026-12-17 18:48:00,WEB
APP203230,CUS103230,362000,48,EDUCATION,2026-04-28 17:32:00,MOBILE
APP203231,CUS103231,209000,36,EDUCATION,2026-10-23 17:15:00,WEB
APP203232,CUS103232,880000,24,DEBT_CONSOLIDATION,2026-03-15 22:27:00,WEB
APP203233,CUS103233,303000,36,HOME_RENOVATION,2026-05-06 09:57:00,MOBILE
APP203234,CUS103234,284000,36,MEDICAL,2026-12-19 05:07:00,MOBILE
APP203235,CUS103235,214000,60,TRAVEL,2026-04-02 06:01:00,MOBILE
APP203236,CUS103236,733000,24,TRAVEL,2026-09-26 19:25:00,WEB
APP203237,CUS103237,647000,18,TRAVEL,2026-02-15 21:47:00,MOBILE
APP203238,CUS103238,434000,36,OTHER,2026-12-17 12:14:00,WEB
APP203239,CUS103239,473000,24,DEBT_CONSOLIDATION,2026-04-13 08:06:00,MOBILE
APP203240,CUS103240,363000,48,DEBT_CONSOLIDATION,2026-09-13 12:03:00,WEB
APP203241,CUS103241,694000,12,OTHER,2026-03-14 10:53:00,MOBILE
APP203242,CUS103242,303000,18,MEDICAL,2026-09-28 18:06:00,MOBILE
APP203243,CUS103243,126000,36,DEBT_CONSOLIDATION,2026-08-04 12:56:00,WEB
APP203244,CUS103244,683000,36,OTHER,2026-02-02 23:25:00,MOBILE
APP203245,CUS103245,707000,36,HOME_RENOVATION,2026-04-05 03:21:00,WEB
APP203246,CUS103246,110000,18,MEDICAL,2026-03-21 00:20:00,MOBILE
APP203247,CUS103247,776000,24,EDUCATION,2026-01-28 09:12:00,MOBILE
APP203248,CUS103248,371000,36,MEDICAL,2026-03-18 21:26:00,MOBILE
APP203249,CUS103249,1062000,48,TRAVEL,2026-01-26 13:47:00,MOBILE
APP203250,CUS103250,162000,24,HOME_RENOVATION,2026-06-29 02:35:00,WEB
APP203251,CUS103251,423000,36,TRAVEL,2026-04-15 17:42:00,MOBILE
APP203252,CUS103252,739000,36,DEBT_CONSOLIDATION,2026-05-11 17:51:00,MOBILE
APP203253,CUS103253,220000,36,HOME_RENOVATION,2026-10-22 12:58:00,MOBILE
APP203254,CUS103254,368000,36,OTHER,2026-04-30 02:34:00,MOBILE
APP203255,CUS103255,404000,36,DEBT_CONSOLIDATION,2026-03-03 00:17:00,MOBILE
APP203256,CUS103256,214000,24,DEBT_CONSOLIDATION,2026-11-29 17:47:00,WEB
APP203257,CUS103257,346000,24,OTHER,2026-09-27 05:03:00,WEB
APP203258,CUS103258,439000,12,MEDICAL,2026-12-05 22:58:00,WEB
APP203259,CUS103259,455000,48,HOME_RENOVATION,2026-10-06 01:25:00,MOBILE
APP203260,CUS103260,719000,48,OTHER,2026-02-15 01:43:00,WEB
APP203261,CUS103261,358000,36,HOME_RENOVATION,2026-08-18 21:21:00,MOBILE
APP203262,CUS103262,1673000,36,OTHER,2026-07-25 04:34:00,WEB
APP203263,CUS103263,739000,36,HOME_RENOVATION,2026-10-08 06:30:00,MOBILE
APP203264,CUS103264,1120000,12,OTHER,2026-06-29 18:45:00,WEB
APP203265,CUS103265,218000,60,TRAVEL,2026-07-05 00:08:00,MOBILE
APP203266,CUS103266,590000,60,TRAVEL,2026-07-30 14:20:00,MOBILE
APP203267,CUS103267,518000,18,TRAVEL,2026-08-04 10:37:00,MOBILE
APP203268,CUS103268,644000,60,OTHER,2026-02-22 10:23:00,MOBILE
APP203269,CUS103269,597000,36,OTHER,2026-07-06 09:30:00,MOBILE
APP203270,CUS103270,411000,36,DEBT_CONSOLIDATION,2026-05-06 16:35:00,WEB
APP203271,CUS103271,273000,36,HOME_RENOVATION,2026-09-16 21:23:00,MOBILE
APP203272,CUS103272,546000,48,DEBT_CONSOLIDATION,2026-03-16 07:27:00,MOBILE
APP203273,CUS103273,386000,36,HOME_RENOVATION,2026-10-26 18:46:00,MOBILE
APP203274,CUS103274,525000,36,OTHER,2026-02-25 20:57:00,WEB
APP203275,CUS103275,576000,18,DEBT_CONSOLIDATION,2026-01-20 14:22:00,WEB
APP203276,CUS103276,403000,36,HOME_RENOVATION,2026-06-30 08:18:00,WEB
APP203277,CUS103277,786000,18,DEBT_CONSOLIDATION,2026-04-17 17:05:00,WEB
APP203278,CUS103278,626000,48,TRAVEL,2026-12-16 02:48:00,WEB
APP203279,CUS103279,1492000,36,EDUCATION,2026-01-26 12:23:00,WEB
APP203280,CUS103280,414000,36,MEDICAL,2026-12-31 22:57:00,WEB
APP203281,CUS103281,604000,36,EDUCATION,2026-05-23 09:19:00,MOBILE
APP203282,CUS103282,722000,36,TRAVEL,2026-10-15 04:15:00,WEB
APP203283,CUS103283,648000,60,HOME_RENOVATION,2026-12-02 00:40:00,WEB
APP203284,CUS103284,329000,24,HOME_RENOVATION,2026-05-02 08:12:00,WEB
APP203285,CUS103285,392000,48,DEBT_CONSOLIDATION,2026-04-08 02:16:00,WEB
APP203286,CUS103286,287000,48,OTHER,2026-09-27 04:00:00,MOBILE
APP203287,CUS103287,355000,36,OTHER,2026-10-20 07:24:00,WEB
APP203288,CUS103288,248000,12,TRAVEL,2026-07-28 01:34:00,WEB
APP203289,CUS103289,250000,36,EDUCATION,2026-03-23 08:33:00,MOBILE
APP203290,CUS103290,203000,36,DEBT_CONSOLIDATION,2026-05-12 20:24:00,WEB
APP203291,CUS103291,100000,24,EDUCATION,2026-12-07 10:59:00,WEB
APP203292,CUS103292,514000,24,MEDICAL,2026-04-08 04:21:00,WEB
APP203293,CUS103293,219000,48,HOME_RENOVATION,2026-05-17 10:19:00,MOBILE
APP203294,CUS103294,281000,24,HOME_RENOVATION,2026-12-05 06:39:00,MOBILE
APP203295,CUS103295,395000,36,HOME_RENOVATION,2026-09-28 09:46:00,MOBILE
APP203296,CUS103296,399000,36,HOME_RENOVATION,2026-10-09 17:52:00,MOBILE
APP203297,CUS103297,162000,60,HOME_RENOVATION,2026-01-24 16:18:00,WEB
APP203298,CUS103298,818000,24,MEDICAL,2026-08-01 23:27:00,MOBILE
APP203299,CUS103299,766000,18,EDUCATION,2026-06-02 21:30:00,WEB
APP203300,CUS103300,984000,48,DEBT_CONSOLIDATION,2026-06-24 05:30:00,MOBILE
APP203301,CUS103301,579000,18,HOME_RENOVATION,2026-08-22 05:34:00,MOBILE
APP203302,CUS103302,448000,36,HOME_RENOVATION,2026-01-18 09:54:00,MOBILE
APP203303,CUS103303,449000,36,EDUCATION,2026-11-17 06:30:00,MOBILE
APP203304,CUS103304,196000,24,OTHER,2026-04-07 11:56:00,WEB
APP203305,CUS103305,393000,36,DEBT_CONSOLIDATION,2026-10-22 00:14:00,MOBILE
APP203306,CUS103306,773000,24,EDUCATION,2026-10-03 20:16:00,MOBILE
APP203307,CUS103307,966000,36,OTHER,2026-09-19 18:37:00,WEB
APP203308,CUS103308,488000,48,EDUCATION,2026-11-03 14:24:00,MOBILE
APP203309,CUS103309,143000,24,HOME_RENOVATION,2026-12-27 20:42:00,MOBILE
APP203310,CUS103310,758000,36,MEDICAL,2026-02-10 20:14:00,MOBILE
APP203311,CUS103311,236000,12,OTHER,2026-01-25 09:37:00,MOBILE
APP203312,CUS103312,624000,60,EDUCATION,2026-09-14 16:57:00,WEB
APP203313,CUS103313,442000,48,TRAVEL,2026-12-24 08:08:00,MOBILE
APP203314,CUS103314,467000,48,OTHER,2026-03-26 12:54:00,WEB
APP203315,CUS103315,317000,36,DEBT_CONSOLIDATION,2026-06-01 20:48:00,MOBILE
APP203316,CUS103316,188000,24,HOME_RENOVATION,2026-05-13 09:26:00,WEB
APP203317,CUS103317,1097000,48,EDUCATION,2026-12-26 22:27:00,MOBILE
APP203318,CUS103318,345000,48,HOME_RENOVATION,2026-04-25 21:19:00,MOBILE
APP203319,CUS103319,873000,36,OTHER,2026-09-05 11:44:00,MOBILE
APP203320,CUS103320,217000,36,TRAVEL,2026-10-11 00:06:00,MOBILE
APP203321,CUS103321,273000,48,DEBT_CONSOLIDATION,2026-06-01 10:47:00,WEB
APP203322,CUS103322,566000,48,TRAVEL,2026-02-19 15:30:00,MOBILE
APP203323,CUS103323,341000,12,EDUCATION,2026-09-12 14:10:00,MOBILE
APP203324,CUS103324,307000,36,EDUCATION,2026-04-07 16:45:00,WEB
APP203325,CUS103325,601000,36,HOME_RENOVATION,2026-02-08 21:12:00,MOBILE
APP203326,CUS103326,282000,18,MEDICAL,2026-05-04 16:07:00,MOBILE
APP203327,CUS103327,777000,48,HOME_RENOVATION,2026-03-27 15:21:00,MOBILE
APP203328,CUS103328,641000,48,MEDICAL,2026-05-22 16:19:00,MOBILE
APP203329,CUS103329,804000,36,DEBT_CONSOLIDATION,2026-03-20 12:01:00,WEB
APP203330,CUS103330,865000,60,OTHER,2026-06-07 05:05:00,WEB
APP203331,CUS103331,457000,36,EDUCATION,2026-03-17 13:22:00,MOBILE
APP203332,CUS103332,360000,36,OTHER,2026-10-16 07:33:00,MOBILE
APP203333,CUS103333,182000,12,HOME_RENOVATION,2026-12-22 20:15:00,MOBILE
APP203334,CUS103334,450000,36,MEDICAL,2026-04-11 00:59:00,MOBILE
APP203335,CUS103335,381000,36,DEBT_CONSOLIDATION,2026-07-02 06:13:00,MOBILE
APP203336,CUS103336,509000,24,DEBT_CONSOLIDATION,2026-02-10 02:56:00,WEB
APP203337,CUS103337,347000,60,MEDICAL,2026-03-12 21:35:00,MOBILE
APP203338,CUS103338,536000,12,DEBT_CONSOLIDATION,2026-01-28 23:24:00,MOBILE
APP203339,CUS103339,1040000,18,TRAVEL,2026-09-29 14:44:00,MOBILE
APP203340,CUS103340,479000,36,DEBT_CONSOLIDATION,2026-07-30 22:49:00,MOBILE
APP203341,CUS103341,298000,36,OTHER,2026-04-23 07:02:00,MOBILE
APP203342,CUS103342,220000,36,MEDICAL,2026-12-11 01:31:00,MOBILE
APP203343,CUS103343,293000,36,EDUCATION,2026-02-24 14:02:00,MOBILE
APP203344,CUS103344,253000,60,MEDICAL,2026-02-26 16:27:00,WEB
APP203345,CUS103345,330000,36,OTHER,2026-01-07 15:09:00,WEB
APP203346,CUS103346,710000,36,HOME_RENOVATION,2026-03-11 00:57:00,WEB
APP203347,CUS103347,306000,36,TRAVEL,2026-04-24 13:57:00,MOBILE
APP203348,CUS103348,348000,48,EDUCATION,2026-12-17 14:39:00,MOBILE
APP203349,CUS103349,620000,36,TRAVEL,2026-12-14 22:20:00,WEB
APP203350,CUS103350,1029000,48,MEDICAL,2026-02-10 13:20:00,MOBILE
APP203351,CUS103351,171000,24,OTHER,2026-08-17 19:48:00,MOBILE
APP203352,CUS103352,252000,60,DEBT_CONSOLIDATION,2026-03-08 13:03:00,MOBILE
APP203353,CUS103353,148000,60,MEDICAL,2026-09-26 09:59:00,MOBILE
APP203354,CUS103354,293000,36,OTHER,2026-05-15 18:56:00,MOBILE
APP203355,CUS103355,565000,18,HOME_RENOVATION,2026-04-08 17:04:00,WEB
APP203356,CUS103356,374000,36,OTHER,2026-02-21 20:19:00,MOBILE
APP203357,CUS103357,265000,36,TRAVEL,2026-09-03 22:29:00,MOBILE
APP203358,CUS103358,262000,48,OTHER,2026-06-06 05:57:00,WEB
APP203359,CUS103359,357000,12,HOME_RENOVATION,2026-06-05 02:22:00,MOBILE
APP203360,CUS103360,349000,12,HOME_RENOVATION,2026-07-05 18:46:00,WEB
APP203361,CUS103361,270000,36,TRAVEL,2026-06-24 21:35:00,MOBILE
APP203362,CUS103362,907000,12,TRAVEL,2026-05-23 22:07:00,MOBILE
APP203363,CUS103363,826000,36,OTHER,2026-06-10 06:46:00,MOBILE
APP203364,CUS103364,673000,36,EDUCATION,2026-10-04 01:36:00,WEB
APP203365,CUS103365,329000,60,EDUCATION,2026-12-04 17:57:00,MOBILE
APP203366,CUS103366,544000,36,TRAVEL,2026-10-16 04:45:00,MOBILE
APP203367,CUS103367,831000,48,EDUCATION,2026-05-24 10:38:00,MOBILE
APP203368,CUS103368,210000,36,MEDICAL,2026-03-09 02:11:00,MOBILE
APP203369,CUS103369,801000,36,HOME_RENOVATION,2026-02-12 16:24:00,WEB
APP203370,CUS103370,374000,36,HOME_RENOVATION,2026-12-11 04:10:00,WEB
APP203371,CUS103371,308000,60,DEBT_CONSOLIDATION,2026-04-04 01:27:00,MOBILE
APP203372,CUS103372,413000,60,TRAVEL,2026-09-28 21:57:00,WEB
APP203373,CUS103373,365000,60,TRAVEL,2026-04-14 02:43:00,MOBILE
APP203374,CUS103374,631000,36,DEBT_CONSOLIDATION,2026-05-10 22:52:00,WEB
APP203375,CUS103375,221000,18,OTHER,2026-05-24 10:14:00,MOBILE
APP203376,CUS103376,363000,24,HOME_RENOVATION,2026-09-08 11:44:00,MOBILE
APP203377,CUS103377,680000,36,OTHER,2026-08-11 21:13:00,MOBILE
APP203378,CUS103378,511000,36,OTHER,2026-10-24 10:32:00,WEB
APP203379,CUS103379,151000,36,HOME_RENOVATION,2026-11-12 00:52:00,WEB
APP203380,CUS103380,397000,48,DEBT_CONSOLIDATION,2026-09-28 17:55:00,MOBILE
APP203381,CUS103381,523000,36,MEDICAL,2026-12-28 11:32:00,WEB
APP203382,CUS103382,182000,48,OTHER,2026-04-01 00:50:00,MOBILE
APP203383,CUS103383,844000,36,DEBT_CONSOLIDATION,2026-07-16 00:49:00,MOBILE
APP203384,CUS103384,319000,36,MEDICAL,2026-10-18 10:37:00,MOBILE
APP203385,CUS103385,303000,36,DEBT_CONSOLIDATION,2026-05-09 00:59:00,MOBILE
APP203386,CUS103386,498000,18,DEBT_CONSOLIDATION,2026-05-09 07:13:00,WEB
APP203387,CUS103387,230000,36,TRAVEL,2026-08-12 07:44:00,WEB
APP203388,CUS103388,283000,36,EDUCATION,2026-10-27 13:17:00,WEB
APP203389,CUS103389,305000,36,HOME_RENOVATION,2026-03-08 13:33:00,WEB
APP203390,CUS103390,1007000,24,OTHER,2026-07-27 04:14:00,WEB
APP203391,CUS103391,430000,36,TRAVEL,2026-12-09 05:26:00,WEB
APP203392,CUS103392,478000,36,TRAVEL,2026-09-12 08:11:00,MOBILE
APP203393,CUS103393,363000,36,HOME_RENOVATION,2026-11-20 17:25:00,WEB
APP203394,CUS103394,526000,36,OTHER,2026-01-02 08:10:00,MOBILE
APP203395,CUS103395,898000,36,HOME_RENOVATION,2026-06-23 14:47:00,MOBILE
APP203396,CUS103396,272000,36,EDUCATION,2026-09-22 11:21:00,WEB
APP203397,CUS103397,388000,48,DEBT_CONSOLIDATION,2026-03-21 18:34:00,MOBILE
APP203398,CUS103398,100000,24,HOME_RENOVATION,2026-08-30 08:06:00,MOBILE
APP203399,CUS103399,889000,60,DEBT_CONSOLIDATION,2026-03-13 13:32:00,MOBILE
APP203400,CUS103400,444000,24,TRAVEL,2026-03-31 09:31:00,MOBILE
APP203401,CUS103401,494000,48,DEBT_CONSOLIDATION,2026-09-16 04:17:00,WEB
APP203402,CUS103402,364000,48,MEDICAL,2026-02-03 11:17:00,MOBILE
APP203403,CUS103403,269000,36,EDUCATION,2026-06-29 14:27:00,MOBILE
APP203404,CUS103404,588000,24,MEDICAL,2026-07-12 00:37:00,MOBILE
APP203405,CUS103405,207000,24,DEBT_CONSOLIDATION,2026-04-10 04:39:00,MOBILE
APP203406,CUS103406,193000,24,OTHER,2026-12-06 16:08:00,MOBILE
APP203407,CUS103407,363000,24,EDUCATION,2026-12-10 05:19:00,MOBILE
APP203408,CUS103408,1211000,36,HOME_RENOVATION,2026-10-29 19:51:00,WEB
APP203409,CUS103409,555000,18,EDUCATION,2026-05-24 04:55:00,WEB
APP203410,CUS103410,634000,18,EDUCATION,2026-07-08 01:50:00,MOBILE
APP203411,CUS103411,1329000,48,OTHER,2026-12-16 10:21:00,MOBILE
APP203412,CUS103412,193000,24,DEBT_CONSOLIDATION,2026-06-20 05:45:00,WEB
APP203413,CUS103413,488000,36,MEDICAL,2026-05-08 13:52:00,MOBILE
APP203414,CUS103414,316000,18,EDUCATION,2026-01-18 13:11:00,MOBILE
APP203415,CUS103415,495000,24,OTHER,2026-06-21 09:22:00,WEB
APP203416,CUS103416,536000,36,TRAVEL,2026-10-30 22:09:00,MOBILE
APP203417,CUS103417,298000,48,EDUCATION,2026-12-13 17:33:00,WEB
APP203418,CUS103418,178000,36,TRAVEL,2026-06-13 06:46:00,WEB
APP203419,CUS103419,504000,12,EDUCATION,2026-06-01 01:41:00,MOBILE
APP203420,CUS103420,341000,36,HOME_RENOVATION,2026-07-14 09:03:00,MOBILE
APP203421,CUS103421,195000,36,TRAVEL,2026-09-27 18:58:00,MOBILE
APP203422,CUS103422,255000,36,DEBT_CONSOLIDATION,2026-12-01 19:55:00,WEB
APP203423,CUS103423,192000,12,OTHER,2026-07-14 18:57:00,MOBILE
APP203424,CUS103424,141000,36,OTHER,2026-03-30 09:13:00,WEB
APP203425,CUS103425,455000,48,HOME_RENOVATION,2026-02-08 06:09:00,WEB
APP203426,CUS103426,969000,60,EDUCATION,2026-08-16 20:05:00,MOBILE
APP203427,CUS103427,922000,36,TRAVEL,2026-11-24 00:47:00,MOBILE
APP203428,CUS103428,1139000,36,HOME_RENOVATION,2026-06-08 17:03:00,MOBILE
APP203429,CUS103429,743000,12,DEBT_CONSOLIDATION,2026-11-19 02:58:00,MOBILE
APP203430,CUS103430,433000,48,EDUCATION,2026-07-28 12:05:00,MOBILE
APP203431,CUS103431,746000,24,DEBT_CONSOLIDATION,2026-07-12 21:53:00,MOBILE
APP203432,CUS103432,703000,18,OTHER,2026-04-20 14:55:00,WEB
APP203433,CUS103433,231000,12,TRAVEL,2026-04-24 05:33:00,WEB
APP203434,CUS103434,1354000,36,OTHER,2026-05-14 22:22:00,WEB
APP203435,CUS103435,118000,36,TRAVEL,2026-06-09 22:23:00,MOBILE
APP203436,CUS103436,517000,48,DEBT_CONSOLIDATION,2026-12-24 05:58:00,MOBILE
APP203437,CUS103437,349000,12,MEDICAL,2026-02-27 09:57:00,MOBILE
APP203438,CUS103438,213000,24,DEBT_CONSOLIDATION,2026-06-29 17:38:00,MOBILE
APP203439,CUS103439,271000,12,MEDICAL,2026-12-27 00:38:00,MOBILE
APP203440,CUS103440,332000,60,DEBT_CONSOLIDATION,2026-08-05 19:44:00,MOBILE
APP203441,CUS103441,456000,36,DEBT_CONSOLIDATION,2026-07-14 05:55:00,MOBILE
APP203442,CUS103442,166000,18,MEDICAL,2026-04-30 20:11:00,MOBILE
APP203443,CUS103443,131000,36,DEBT_CONSOLIDATION,2026-09-04 18:22:00,MOBILE
APP203444,CUS103444,247000,36,DEBT_CONSOLIDATION,2026-06-13 18:42:00,WEB
APP203445,CUS103445,300000,12,MEDICAL,2026-04-01 15:12:00,WEB
APP203446,CUS103446,162000,24,DEBT_CONSOLIDATION,2026-09-20 10:11:00,MOBILE
APP203447,CUS103447,582000,48,DEBT_CONSOLIDATION,2026-06-17 05:24:00,WEB
APP203448,CUS103448,138000,36,OTHER,2026-06-14 01:27:00,WEB
APP203449,CUS103449,338000,36,MEDICAL,2026-01-08 20:02:00,WEB
APP203450,CUS103450,996000,24,TRAVEL,2026-11-25 09:14:00,MOBILE
APP203451,CUS103451,308000,36,HOME_RENOVATION,2026-09-08 01:23:00,WEB
APP203452,CUS103452,575000,24,TRAVEL,2026-08-10 00:00:00,WEB
APP203453,CUS103453,345000,36,DEBT_CONSOLIDATION,2026-03-31 22:12:00,MOBILE
APP203454,CUS103454,655000,24,HOME_RENOVATION,2026-03-03 17:03:00,MOBILE
APP203455,CUS103455,239000,36,TRAVEL,2026-05-20 19:18:00,MOBILE
APP203456,CUS103456,1689000,36,HOME_RENOVATION,2026-06-15 17:37:00,MOBILE
APP203457,CUS103457,175000,18,MEDICAL,2026-06-10 05:04:00,MOBILE
APP203458,CUS103458,565000,18,TRAVEL,2026-08-25 01:14:00,MOBILE
APP203459,CUS103459,667000,48,MEDICAL,2026-07-07 15:20:00,WEB
APP203460,CUS103460,295000,36,TRAVEL,2026-09-21 05:09:00,MOBILE
APP203461,CUS103461,483000,12,EDUCATION,2026-09-14 02:46:00,WEB
APP203462,CUS103462,450000,36,EDUCATION,2026-08-11 03:50:00,WEB
APP203463,CUS103463,361000,36,HOME_RENOVATION,2026-07-12 23:14:00,WEB
APP203464,CUS103464,307000,24,MEDICAL,2026-04-29 13:49:00,WEB
APP203465,CUS103465,1016000,18,TRAVEL,2026-04-23 08:05:00,WEB
APP203466,CUS103466,488000,18,DEBT_CONSOLIDATION,2026-05-25 16:47:00,MOBILE
APP203467,CUS103467,891000,36,OTHER,2026-10-28 00:11:00,WEB
APP203468,CUS103468,110000,12,HOME_RENOVATION,2026-06-21 08:01:00,MOBILE
APP203469,CUS103469,613000,36,HOME_RENOVATION,2026-10-12 01:41:00,MOBILE
APP203470,CUS103470,626000,36,EDUCATION,2026-11-05 14:53:00,MOBILE
APP203471,CUS103471,302000,18,TRAVEL,2026-03-18 15:10:00,MOBILE
APP203472,CUS103472,185000,36,HOME_RENOVATION,2026-02-15 00:24:00,MOBILE
APP203473,CUS103473,226000,48,DEBT_CONSOLIDATION,2026-07-11 16:55:00,WEB
APP203474,CUS103474,490000,18,HOME_RENOVATION,2026-12-24 16:38:00,MOBILE
APP203475,CUS103475,205000,36,HOME_RENOVATION,2026-01-07 21:43:00,MOBILE
APP203476,CUS103476,456000,24,TRAVEL,2026-02-24 12:20:00,WEB
APP203477,CUS103477,1339000,48,EDUCATION,2026-03-07 18:02:00,WEB
APP203478,CUS103478,326000,36,HOME_RENOVATION,2026-06-01 10:07:00,MOBILE
APP203479,CUS103479,158000,48,TRAVEL,2026-11-11 13:55:00,MOBILE
APP203480,CUS103480,330000,36,DEBT_CONSOLIDATION,2026-06-10 05:28:00,MOBILE
APP203481,CUS103481,314000,24,EDUCATION,2026-04-30 20:05:00,MOBILE
APP203482,CUS103482,269000,36,HOME_RENOVATION,2026-02-18 21:43:00,WEB
APP203483,CUS103483,469000,60,HOME_RENOVATION,2026-10-31 14:43:00,MOBILE
APP203484,CUS103484,598000,48,OTHER,2026-12-06 07:19:00,WEB
APP203485,CUS103485,315000,48,TRAVEL,2026-01-14 16:22:00,WEB
APP203486,CUS103486,304000,36,DEBT_CONSOLIDATION,2026-10-08 05:48:00,WEB
APP203487,CUS103487,346000,36,DEBT_CONSOLIDATION,2026-05-26 07:04:00,WEB
APP203488,CUS103488,245000,36,DEBT_CONSOLIDATION,2026-05-12 12:40:00,MOBILE
APP203489,CUS103489,1660000,12,OTHER,2026-02-11 10:57:00,WEB
APP203490,CUS103490,482000,36,DEBT_CONSOLIDATION,2026-10-21 13:32:00,MOBILE
APP203491,CUS103491,1023000,24,EDUCATION,2026-12-18 13:37:00,MOBILE
APP203492,CUS103492,535000,36,DEBT_CONSOLIDATION,2026-10-02 21:52:00,WEB
APP203493,CUS103493,150000,36,OTHER,2026-05-29 23:36:00,MOBILE
APP203494,CUS103494,278000,36,OTHER,2026-11-22 22:29:00,WEB
APP203495,CUS103495,286000,12,OTHER,2026-01-02 19:02:00,MOBILE
APP203496,CUS103496,536000,18,EDUCATION,2026-07-19 13:18:00,MOBILE
APP203497,CUS103497,671000,48,MEDICAL,2026-03-20 11:40:00,WEB
APP203498,CUS103498,618000,48,TRAVEL,2026-08-31 20:26:00,MOBILE
APP203499,CUS103499,267000,12,OTHER,2026-03-15 13:07:00,WEB
APP203500,CUS103500,428000,12,MEDICAL,2026-08-01 16:56:00,MOBILE
APP203501,CUS103501,739000,36,HOME_RENOVATION,2026-05-08 13:47:00,MOBILE
APP203502,CUS103502,191000,36,TRAVEL,2026-06-11 11:24:00,MOBILE
APP203503,CUS103503,360000,48,EDUCATION,2026-10-30 00:12:00,MOBILE
APP203504,CUS103504,530000,48,MEDICAL,2026-07-11 20:06:00,MOBILE
APP203505,CUS103505,313000,18,MEDICAL,2026-03-07 12:35:00,MOBILE
APP203506,CUS103506,300000,36,EDUCATION,2026-01-04 20:18:00,MOBILE
APP203507,CUS103507,682000,24,DEBT_CONSOLIDATION,2026-08-11 02:12:00,MOBILE
APP203508,CUS103508,476000,12,EDUCATION,2026-11-23 08:31:00,WEB
APP203509,CUS103509,133000,24,TRAVEL,2026-03-09 23:14:00,MOBILE
APP203510,CUS103510,391000,36,HOME_RENOVATION,2026-03-03 17:59:00,WEB
APP203511,CUS103511,572000,48,HOME_RENOVATION,2026-02-27 18:32:00,WEB
APP203512,CUS103512,122000,24,HOME_RENOVATION,2026-10-15 09:45:00,WEB
APP203513,CUS103513,119000,18,EDUCATION,2026-01-02 01:07:00,WEB
APP203514,CUS103514,180000,36,EDUCATION,2026-06-01 08:32:00,WEB
APP203515,CUS103515,225000,18,OTHER,2026-04-17 01:28:00,MOBILE
APP203516,CUS103516,382000,36,OTHER,2026-08-12 13:10:00,MOBILE
APP203517,CUS103517,452000,24,OTHER,2026-01-06 05:35:00,WEB
APP203518,CUS103518,553000,36,TRAVEL,2026-04-28 19:26:00,WEB
APP203519,CUS103519,687000,36,MEDICAL,2026-02-17 11:54:00,MOBILE
APP203520,CUS103520,444000,24,EDUCATION,2026-06-16 20:08:00,WEB
APP203521,CUS103521,235000,48,DEBT_CONSOLIDATION,2026-10-18 13:34:00,MOBILE
APP203522,CUS103522,439000,48,HOME_RENOVATION,2026-04-11 17:26:00,WEB
APP203523,CUS103523,371000,12,TRAVEL,2026-09-24 03:24:00,WEB
APP203524,CUS103524,306000,36,EDUCATION,2026-12-04 13:02:00,WEB
APP203525,CUS103525,345000,36,EDUCATION,2026-08-09 00:49:00,MOBILE
APP203526,CUS103526,437000,48,TRAVEL,2026-02-08 22:35:00,MOBILE
APP203527,CUS103527,471000,18,MEDICAL,2026-11-13 08:52:00,MOBILE
APP203528,CUS103528,536000,24,EDUCATION,2026-03-20 09:41:00,MOBILE
APP203529,CUS103529,175000,36,MEDICAL,2026-07-12 08:15:00,MOBILE
APP203530,CUS103530,131000,36,DEBT_CONSOLIDATION,2026-05-13 14:56:00,MOBILE
APP203531,CUS103531,128000,24,MEDICAL,2026-01-25 18:57:00,MOBILE
APP203532,CUS103532,438000,36,OTHER,2026-01-23 21:22:00,MOBILE
APP203533,CUS103533,311000,60,TRAVEL,2026-02-16 04:01:00,MOBILE
APP203534,CUS103534,587000,36,HOME_RENOVATION,2026-04-09 14:27:00,MOBILE
APP203535,CUS103535,796000,48,OTHER,2026-08-16 14:03:00,MOBILE
APP203536,CUS103536,673000,24,OTHER,2026-09-11 21:25:00,MOBILE
APP203537,CUS103537,993000,60,MEDICAL,2026-12-02 08:47:00,MOBILE
APP203538,CUS103538,270000,36,HOME_RENOVATION,2026-09-07 02:52:00,WEB
APP203539,CUS103539,177000,60,OTHER,2026-04-11 01:46:00,MOBILE
APP203540,CUS103540,286000,48,EDUCATION,2026-03-09 09:35:00,MOBILE
APP203541,CUS103541,344000,48,DEBT_CONSOLIDATION,2026-07-22 01:34:00,WEB
APP203542,CUS103542,366000,24,OTHER,2026-12-31 03:58:00,WEB
APP203543,CUS103543,343000,12,DEBT_CONSOLIDATION,2026-09-02 11:25:00,WEB
APP203544,CUS103544,264000,48,DEBT_CONSOLIDATION,2026-09-03 16:06:00,MOBILE
APP203545,CUS103545,814000,24,HOME_RENOVATION,2026-01-29 14:56:00,MOBILE
APP203546,CUS103546,157000,24,TRAVEL,2026-01-09 12:35:00,WEB
APP203547,CUS103547,304000,60,MEDICAL,2026-08-30 22:28:00,WEB
APP203548,CUS103548,371000,36,MEDICAL,2026-11-16 13:57:00,MOBILE
APP203549,CUS103549,873000,12,EDUCATION,2026-11-21 21:01:00,WEB
APP203550,CUS103550,171000,12,EDUCATION,2026-01-22 21:04:00,WEB
APP203551,CUS103551,753000,36,DEBT_CONSOLIDATION,2026-06-10 09:42:00,MOBILE
APP203552,CUS103552,201000,48,TRAVEL,2026-11-03 06:42:00,MOBILE
APP203553,CUS103553,860000,24,EDUCATION,2026-10-03 15:49:00,MOBILE
APP203554,CUS103554,1362000,36,EDUCATION,2026-09-22 22:31:00,WEB
APP203555,CUS103555,328000,12,HOME_RENOVATION,2026-05-18 04:40:00,MOBILE
APP203556,CUS103556,397000,36,EDUCATION,2026-06-10 08:35:00,MOBILE
APP203557,CUS103557,635000,18,DEBT_CONSOLIDATION,2026-05-27 07:19:00,WEB
APP203558,CUS103558,200000,36,OTHER,2026-12-06 14:14:00,WEB
APP203559,CUS103559,681000,36,HOME_RENOVATION,2026-11-10 16:12:00,MOBILE
APP203560,CUS103560,539000,36,DEBT_CONSOLIDATION,2026-02-22 19:58:00,MOBILE
APP203561,CUS103561,974000,60,TRAVEL,2026-06-05 10:15:00,MOBILE
APP203562,CUS103562,113000,36,TRAVEL,2026-10-20 07:33:00,MOBILE
APP203563,CUS103563,267000,60,MEDICAL,2026-11-05 06:18:00,MOBILE
APP203564,CUS103564,362000,24,EDUCATION,2026-12-24 15:39:00,WEB
APP203565,CUS103565,251000,36,HOME_RENOVATION,2026-07-19 20:30:00,MOBILE
APP203566,CUS103566,444000,24,OTHER,2026-01-28 09:28:00,MOBILE
APP203567,CUS103567,558000,24,EDUCATION,2026-11-28 17:10:00,MOBILE
APP203568,CUS103568,280000,36,MEDICAL,2026-10-04 05:50:00,WEB
APP203569,CUS103569,231000,12,TRAVEL,2026-01-06 19:43:00,MOBILE
APP203570,CUS103570,803000,12,MEDICAL,2026-11-14 19:58:00,WEB
APP203571,CUS103571,350000,12,DEBT_CONSOLIDATION,2026-05-31 20:20:00,MOBILE
APP203572,CUS103572,813000,48,EDUCATION,2026-04-14 19:36:00,WEB
APP203573,CUS103573,853000,60,HOME_RENOVATION,2026-11-11 14:01:00,MOBILE
APP203574,CUS103574,586000,12,OTHER,2026-07-24 02:45:00,WEB
APP203575,CUS103575,733000,12,EDUCATION,2026-02-11 14:39:00,MOBILE
APP203576,CUS103576,524000,48,DEBT_CONSOLIDATION,2026-09-26 17:25:00,MOBILE
APP203577,CUS103577,132000,12,TRAVEL,2026-01-12 18:27:00,MOBILE
APP203578,CUS103578,169000,36,TRAVEL,2026-11-01 11:41:00,MOBILE
APP203579,CUS103579,487000,36,EDUCATION,2026-05-12 01:03:00,MOBILE
APP203580,CUS103580,442000,48,MEDICAL,2026-03-28 21:03:00,MOBILE
APP203581,CUS103581,992000,48,OTHER,2026-02-16 12:14:00,MOBILE
APP203582,CUS103582,278000,18,TRAVEL,2026-08-23 22:11:00,WEB
APP203583,CUS103583,142000,48,EDUCATION,2026-11-01 09:09:00,MOBILE
APP203584,CUS103584,582000,48,TRAVEL,2026-07-21 03:53:00,MOBILE
APP203585,CUS103585,645000,60,TRAVEL,2026-05-31 22:04:00,MOBILE
APP203586,CUS103586,216000,12,HOME_RENOVATION,2026-08-07 18:30:00,WEB
APP203587,CUS103587,1223000,60,DEBT_CONSOLIDATION,2026-02-23 09:17:00,WEB
APP203588,CUS103588,179000,24,HOME_RENOVATION,2026-08-08 07:57:00,WEB
APP203589,CUS103589,1116000,48,OTHER,2026-10-19 02:26:00,MOBILE
APP203590,CUS103590,527000,48,TRAVEL,2026-10-19 23:49:00,MOBILE
APP203591,CUS103591,254000,48,DEBT_CONSOLIDATION,2026-06-14 14:40:00,MOBILE
APP203592,CUS103592,993000,60,DEBT_CONSOLIDATION,2026-12-01 03:46:00,MOBILE
APP203593,CUS103593,663000,36,HOME_RENOVATION,2026-09-02 18:37:00,WEB
APP203594,CUS103594,432000,36,TRAVEL,2026-10-01 10:46:00,MOBILE
APP203595,CUS103595,320000,36,DEBT_CONSOLIDATION,2026-07-20 11:24:00,MOBILE
APP203596,CUS103596,489000,60,EDUCATION,2026-04-06 19:46:00,MOBILE
APP203597,CUS103597,380000,24,DEBT_CONSOLIDATION,2026-01-15 06:01:00,MOBILE
APP203598,CUS103598,788000,18,HOME_RENOVATION,2026-08-22 08:49:00,WEB
APP203599,CUS103599,416000,36,OTHER,2026-01-27 23:27:00,WEB
APP203600,CUS103600,884000,48,EDUCATION,2026-07-09 21:07:00,MOBILE
APP203601,CUS103601,316000,36,TRAVEL,2026-10-28 02:46:00,MOBILE
APP203602,CUS103602,760000,36,MEDICAL,2026-02-07 21:53:00,MOBILE
APP203603,CUS103603,1059000,60,TRAVEL,2026-11-05 08:44:00,MOBILE
APP203604,CUS103604,1153000,36,HOME_RENOVATION,2026-06-14 02:01:00,MOBILE
APP203605,CUS103605,625000,18,TRAVEL,2026-05-17 22:51:00,WEB
APP203606,CUS103606,225000,36,EDUCATION,2026-03-04 23:20:00,MOBILE
APP203607,CUS103607,233000,18,TRAVEL,2026-02-11 01:38:00,MOBILE
APP203608,CUS103608,481000,36,DEBT_CONSOLIDATION,2026-03-15 14:00:00,WEB
APP203609,CUS103609,326000,36,EDUCATION,2026-06-22 01:29:00,MOBILE
APP203610,CUS103610,218000,48,OTHER,2026-09-30 16:09:00,MOBILE
APP203611,CUS103611,326000,60,MEDICAL,2026-08-04 08:15:00,MOBILE
APP203612,CUS103612,220000,24,EDUCATION,2026-07-15 18:48:00,MOBILE
APP203613,CUS103613,302000,36,EDUCATION,2026-07-22 23:45:00,MOBILE
APP203614,CUS103614,269000,48,TRAVEL,2026-03-12 12:22:00,WEB
APP203615,CUS103615,530000,36,TRAVEL,2026-09-06 18:23:00,MOBILE
APP203616,CUS103616,605000,48,MEDICAL,2026-10-31 19:56:00,MOBILE
APP203617,CUS103617,275000,36,HOME_RENOVATION,2026-03-09 00:25:00,MOBILE
APP203618,CUS103618,601000,48,HOME_RENOVATION,2026-06-23 09:35:00,MOBILE
APP203619,CUS103619,342000,24,DEBT_CONSOLIDATION,2026-04-19 02:29:00,MOBILE
APP203620,CUS103620,518000,60,TRAVEL,2026-04-16 08:51:00,WEB
APP203621,CUS103621,390000,60,HOME_RENOVATION,2026-05-23 11:58:00,WEB
APP203622,CUS103622,367000,36,MEDICAL,2026-03-26 00:53:00,MOBILE
APP203623,CUS103623,371000,48,TRAVEL,2026-02-17 09:55:00,MOBILE
APP203624,CUS103624,419000,48,MEDICAL,2026-05-01 02:12:00,WEB
APP203625,CUS103625,594000,48,DEBT_CONSOLIDATION,2026-02-16 16:55:00,WEB
APP203626,CUS103626,487000,60,OTHER,2026-04-18 05:22:00,MOBILE
APP203627,CUS103627,176000,36,DEBT_CONSOLIDATION,2026-11-19 18:38:00,MOBILE
APP203628,CUS103628,444000,60,EDUCATION,2026-09-19 19:00:00,MOBILE
APP203629,CUS103629,467000,48,EDUCATION,2026-11-09 07:20:00,MOBILE
APP203630,CUS103630,301000,18,OTHER,2026-11-28 23:28:00,MOBILE
APP203631,CUS103631,251000,36,EDUCATION,2026-12-05 20:41:00,MOBILE
APP203632,CUS103632,1078000,18,EDUCATION,2026-07-31 09:19:00,MOBILE
APP203633,CUS103633,321000,48,OTHER,2026-05-22 02:27:00,MOBILE
APP203634,CUS103634,213000,48,MEDICAL,2026-11-23 15:01:00,MOBILE
APP203635,CUS103635,593000,18,DEBT_CONSOLIDATION,2026-02-23 07:15:00,WEB
APP203636,CUS103636,892000,48,MEDICAL,2026-05-27 14:47:00,MOBILE
APP203637,CUS103637,596000,48,MEDICAL,2026-04-21 21:03:00,WEB
APP203638,CUS103638,608000,60,DEBT_CONSOLIDATION,2026-05-09 14:51:00,MOBILE
APP203639,CUS103639,165000,48,MEDICAL,2026-06-02 12:33:00,MOBILE
APP203640,CUS103640,724000,36,TRAVEL,2026-10-25 17:33:00,WEB
APP203641,CUS103641,284000,48,HOME_RENOVATION,2026-03-13 00:51:00,MOBILE
APP203642,CUS103642,165000,18,OTHER,2026-11-02 15:36:00,MOBILE
APP203643,CUS103643,783000,36,HOME_RENOVATION,2026-08-15 18:17:00,WEB
APP203644,CUS103644,595000,36,HOME_RENOVATION,2026-06-09 03:35:00,MOBILE
APP203645,CUS103645,379000,18,MEDICAL,2026-12-30 17:20:00,MOBILE
APP203646,CUS103646,413000,36,MEDICAL,2026-07-02 01:26:00,MOBILE
APP203647,CUS103647,767000,36,DEBT_CONSOLIDATION,2026-07-26 17:19:00,MOBILE
APP203648,CUS103648,484000,36,OTHER,2026-12-14 09:45:00,MOBILE
APP203649,CUS103649,537000,48,DEBT_CONSOLIDATION,2026-04-16 13:26:00,MOBILE
APP203650,CUS103650,802000,36,OTHER,2026-01-13 00:06:00,MOBILE
APP203651,CUS103651,204000,48,HOME_RENOVATION,2026-11-18 07:02:00,MOBILE
APP203652,CUS103652,174000,18,HOME_RENOVATION,2026-12-13 02:59:00,MOBILE
APP203653,CUS103653,324000,36,DEBT_CONSOLIDATION,2026-08-04 09:28:00,MOBILE
APP203654,CUS103654,441000,36,TRAVEL,2026-03-02 04:15:00,MOBILE
APP203655,CUS103655,650000,18,OTHER,2026-06-01 20:48:00,WEB
APP203656,CUS103656,405000,24,HOME_RENOVATION,2026-06-15 15:13:00,MOBILE
APP203657,CUS103657,707000,36,HOME_RENOVATION,2026-02-12 08:57:00,MOBILE
APP203658,CUS103658,321000,12,EDUCATION,2026-04-02 17:47:00,MOBILE
APP203659,CUS103659,523000,18,MEDICAL,2026-12-17 05:06:00,MOBILE
APP203660,CUS103660,628000,36,EDUCATION,2026-12-19 00:48:00,WEB
APP203661,CUS103661,654000,18,OTHER,2026-07-15 03:26:00,WEB
APP203662,CUS103662,308000,12,MEDICAL,2026-06-19 03:52:00,MOBILE
APP203663,CUS103663,547000,36,MEDICAL,2026-07-15 08:49:00,WEB
APP203664,CUS103664,345000,36,EDUCATION,2026-02-15 21:59:00,MOBILE
APP203665,CUS103665,342000,24,DEBT_CONSOLIDATION,2026-08-23 04:22:00,MOBILE
APP203666,CUS103666,132000,36,TRAVEL,2026-11-12 15:41:00,MOBILE
APP203667,CUS103667,443000,36,OTHER,2026-05-24 05:48:00,MOBILE
APP203668,CUS103668,394000,36,TRAVEL,2026-03-02 00:01:00,MOBILE
APP203669,CUS103669,619000,12,MEDICAL,2026-09-25 10:58:00,MOBILE
APP203670,CUS103670,366000,36,HOME_RENOVATION,2026-01-21 23:21:00,MOBILE
APP203671,CUS103671,173000,24,HOME_RENOVATION,2026-06-14 22:30:00,MOBILE
APP203672,CUS103672,479000,24,EDUCATION,2026-12-03 08:23:00,MOBILE
APP203673,CUS103673,1360000,36,EDUCATION,2026-01-30 12:00:00,MOBILE
APP203674,CUS103674,549000,36,EDUCATION,2026-11-01 08:30:00,MOBILE
APP203675,CUS103675,371000,48,HOME_RENOVATION,2026-05-30 16:10:00,MOBILE
APP203676,CUS103676,116000,60,EDUCATION,2026-03-05 06:24:00,MOBILE
APP203677,CUS103677,235000,18,MEDICAL,2026-06-10 19:35:00,WEB
APP203678,CUS103678,147000,48,HOME_RENOVATION,2026-04-28 02:15:00,MOBILE
APP203679,CUS103679,934000,36,TRAVEL,2026-03-17 22:59:00,MOBILE
APP203680,CUS103680,248000,36,OTHER,2026-11-26 19:20:00,MOBILE
APP203681,CUS103681,368000,36,EDUCATION,2026-05-24 10:04:00,MOBILE
APP203682,CUS103682,278000,48,TRAVEL,2026-04-12 00:49:00,MOBILE
APP203683,CUS103683,810000,18,EDUCATION,2026-06-28 08:45:00,MOBILE
APP203684,CUS103684,604000,36,HOME_RENOVATION,2026-01-09 15:15:00,WEB
APP203685,CUS103685,266000,18,MEDICAL,2026-02-09 23:10:00,WEB
APP203686,CUS103686,194000,36,OTHER,2026-03-16 03:47:00,MOBILE
APP203687,CUS103687,687000,36,TRAVEL,2026-12-06 13:48:00,MOBILE
APP203688,CUS103688,437000,48,OTHER,2026-11-23 13:01:00,MOBILE
APP203689,CUS103689,287000,24,TRAVEL,2026-08-12 15:38:00,WEB
APP203690,CUS103690,291000,60,OTHER,2026-09-02 17:46:00,WEB
APP203691,CUS103691,240000,48,MEDICAL,2026-02-04 19:25:00,WEB
APP203692,CUS103692,1230000,48,HOME_RENOVATION,2026-03-22 02:46:00,WEB
APP203693,CUS103693,420000,18,OTHER,2026-11-01 02:05:00,WEB
APP203694,CUS103694,1114000,36,DEBT_CONSOLIDATION,2026-12-21 06:31:00,MOBILE
APP203695,CUS103695,424000,36,EDUCATION,2026-09-15 23:56:00,MOBILE
APP203696,CUS103696,762000,24,HOME_RENOVATION,2026-07-09 11:02:00,MOBILE
APP203697,CUS103697,383000,48,MEDICAL,2026-01-23 18:54:00,MOBILE
APP203698,CUS103698,431000,60,TRAVEL,2026-01-06 23:58:00,MOBILE
APP203699,CUS103699,225000,36,EDUCATION,2026-10-19 20:15:00,MOBILE
APP203700,CUS103700,245000,24,OTHER,2026-03-25 02:37:00,WEB
APP203701,CUS103701,317000,24,MEDICAL,2026-04-20 06:52:00,WEB
APP203702,CUS103702,287000,36,OTHER,2026-03-29 19:34:00,MOBILE
APP203703,CUS103703,572000,60,MEDICAL,2026-02-09 21:55:00,WEB
APP203704,CUS103704,704000,48,MEDICAL,2026-11-02 04:19:00,WEB
APP203705,CUS103705,684000,48,OTHER,2026-07-14 04:28:00,WEB
APP203706,CUS103706,448000,24,HOME_RENOVATION,2026-03-15 18:25:00,MOBILE
APP203707,CUS103707,684000,48,MEDICAL,2026-05-31 03:16:00,MOBILE
APP203708,CUS103708,699000,48,OTHER,2026-10-26 08:42:00,WEB
APP203709,CUS103709,625000,36,TRAVEL,2026-03-25 20:10:00,WEB
APP203710,CUS103710,640000,36,HOME_RENOVATION,2026-02-01 04:08:00,MOBILE
APP203711,CUS103711,1391000,36,DEBT_CONSOLIDATION,2026-12-04 18:28:00,WEB
APP203712,CUS103712,959000,36,MEDICAL,2026-07-05 02:50:00,WEB
APP203713,CUS103713,162000,36,DEBT_CONSOLIDATION,2026-09-26 01:26:00,WEB
APP203714,CUS103714,480000,48,MEDICAL,2026-10-31 03:47:00,MOBILE
APP203715,CUS103715,104000,48,OTHER,2026-05-13 06:11:00,MOBILE
APP203716,CUS103716,257000,36,OTHER,2026-04-18 08:36:00,MOBILE
APP203717,CUS103717,209000,48,OTHER,2026-10-07 08:52:00,WEB
APP203718,CUS103718,165000,48,TRAVEL,2026-03-26 00:58:00,WEB
APP203719,CUS103719,425000,36,EDUCATION,2026-10-09 01:31:00,WEB
APP203720,CUS103720,685000,36,TRAVEL,2026-06-07 19:07:00,WEB
APP203721,CUS103721,387000,36,OTHER,2026-08-15 11:34:00,MOBILE
APP203722,CUS103722,663000,12,MEDICAL,2026-03-24 11:21:00,MOBILE
APP203723,CUS103723,564000,48,MEDICAL,2026-09-26 00:44:00,MOBILE
APP203724,CUS103724,246000,60,MEDICAL,2026-09-29 21:58:00,MOBILE
APP203725,CUS103725,417000,36,DEBT_CONSOLIDATION,2026-03-20 22:01:00,MOBILE
APP203726,CUS103726,286000,48,MEDICAL,2026-04-06 18:14:00,MOBILE
APP203727,CUS103727,331000,12,MEDICAL,2026-04-25 00:24:00,MOBILE
APP203728,CUS103728,235000,36,TRAVEL,2026-06-07 01:58:00,MOBILE
APP203729,CUS103729,725000,36,DEBT_CONSOLIDATION,2026-02-17 13:35:00,MOBILE
APP203730,CUS103730,241000,12,EDUCATION,2026-05-10 04:51:00,WEB
APP203731,CUS103731,255000,36,DEBT_CONSOLIDATION,2026-07-14 13:37:00,WEB
APP203732,CUS103732,432000,36,MEDICAL,2026-02-26 03:22:00,MOBILE
APP203733,CUS103733,554000,48,EDUCATION,2026-09-14 20:58:00,MOBILE
APP203734,CUS103734,1102000,60,DEBT_CONSOLIDATION,2026-02-06 11:11:00,MOBILE
APP203735,CUS103735,204000,36,DEBT_CONSOLIDATION,2026-02-14 15:34:00,WEB
APP203736,CUS103736,441000,60,HOME_RENOVATION,2026-01-07 15:09:00,WEB
APP203737,CUS103737,451000,12,DEBT_CONSOLIDATION,2026-03-16 20:36:00,WEB
APP203738,CUS103738,337000,48,DEBT_CONSOLIDATION,2026-11-23 21:58:00,MOBILE
APP203739,CUS103739,345000,24,HOME_RENOVATION,2026-01-09 16:09:00,MOBILE
APP203740,CUS103740,134000,36,HOME_RENOVATION,2026-08-11 02:12:00,MOBILE
APP203741,CUS103741,293000,36,MEDICAL,2026-11-21 06:56:00,MOBILE
APP203742,CUS103742,409000,60,DEBT_CONSOLIDATION,2026-09-21 21:45:00,WEB
APP203743,CUS103743,755000,60,MEDICAL,2026-02-20 17:10:00,WEB
APP203744,CUS103744,251000,36,TRAVEL,2026-12-24 04:03:00,WEB
APP203745,CUS103745,297000,36,EDUCATION,2026-06-30 12:00:00,WEB
APP203746,CUS103746,375000,48,OTHER,2026-07-23 17:24:00,MOBILE
APP203747,CUS103747,285000,36,EDUCATION,2026-08-03 03:01:00,WEB
APP203748,CUS103748,1268000,48,HOME_RENOVATION,2026-06-03 13:03:00,MOBILE
APP203749,CUS103749,581000,48,EDUCATION,2026-07-23 18:46:00,MOBILE
APP203750,CUS103750,468000,24,TRAVEL,2026-10-14 10:38:00,MOBILE
APP203751,CUS103751,635000,60,HOME_RENOVATION,2026-02-21 03:00:00,MOBILE
APP203752,CUS103752,409000,36,HOME_RENOVATION,2026-10-28 13:22:00,WEB
APP203753,CUS103753,546000,36,MEDICAL,2026-04-05 16:07:00,MOBILE
APP203754,CUS103754,265000,36,TRAVEL,2026-03-29 22:25:00,MOBILE
APP203755,CUS103755,212000,12,OTHER,2026-12-31 04:39:00,WEB
APP203756,CUS103756,311000,60,DEBT_CONSOLIDATION,2026-06-01 14:15:00,MOBILE
APP203757,CUS103757,735000,36,HOME_RENOVATION,2026-07-05 09:31:00,MOBILE
APP203758,CUS103758,482000,24,DEBT_CONSOLIDATION,2026-09-16 01:27:00,MOBILE
APP203759,CUS103759,197000,48,TRAVEL,2026-03-16 20:22:00,MOBILE
APP203760,CUS103760,320000,12,DEBT_CONSOLIDATION,2026-06-01 12:03:00,MOBILE
APP203761,CUS103761,489000,24,DEBT_CONSOLIDATION,2026-01-03 19:48:00,WEB
APP203762,CUS103762,190000,24,HOME_RENOVATION,2026-04-16 15:28:00,MOBILE
APP203763,CUS103763,315000,12,EDUCATION,2026-06-20 03:52:00,MOBILE
APP203764,CUS103764,748000,60,OTHER,2026-05-15 15:26:00,MOBILE
APP203765,CUS103765,213000,36,OTHER,2026-03-24 23:29:00,MOBILE
APP203766,CUS103766,257000,36,OTHER,2026-03-01 13:21:00,MOBILE
APP203767,CUS103767,398000,36,TRAVEL,2026-06-18 02:42:00,MOBILE
APP203768,CUS103768,268000,36,DEBT_CONSOLIDATION,2026-06-07 18:49:00,WEB
APP203769,CUS103769,504000,48,EDUCATION,2026-10-30 20:56:00,WEB
APP203770,CUS103770,488000,48,MEDICAL,2026-07-02 16:14:00,WEB
APP203771,CUS103771,529000,12,EDUCATION,2026-06-23 14:49:00,MOBILE
APP203772,CUS103772,672000,36,EDUCATION,2026-05-17 09:54:00,MOBILE
APP203773,CUS103773,255000,48,EDUCATION,2026-01-09 23:53:00,MOBILE
APP203774,CUS103774,797000,36,HOME_RENOVATION,2026-05-27 12:39:00,MOBILE
APP203775,CUS103775,123000,48,HOME_RENOVATION,2026-03-18 00:14:00,WEB
APP203776,CUS103776,700000,12,OTHER,2026-09-05 19:10:00,MOBILE
APP203777,CUS103777,367000,36,DEBT_CONSOLIDATION,2026-06-08 17:45:00,WEB
APP203778,CUS103778,247000,18,DEBT_CONSOLIDATION,2026-11-03 00:43:00,MOBILE
APP203779,CUS103779,417000,48,TRAVEL,2026-10-11 22:11:00,MOBILE
APP203780,CUS103780,297000,60,DEBT_CONSOLIDATION,2026-10-29 21:18:00,WEB
APP203781,CUS103781,455000,48,MEDICAL,2026-03-31 14:23:00,WEB
APP203782,CUS103782,667000,36,EDUCATION,2026-06-19 19:39:00,MOBILE
APP203783,CUS103783,942000,18,MEDICAL,2026-11-28 16:43:00,MOBILE
APP203784,CUS103784,1971000,60,EDUCATION,2026-03-19 17:17:00,MOBILE
APP203785,CUS103785,251000,36,DEBT_CONSOLIDATION,2026-05-14 13:14:00,MOBILE
APP203786,CUS103786,473000,36,MEDICAL,2026-07-26 06:23:00,MOBILE
APP203787,CUS103787,512000,36,EDUCATION,2026-08-03 08:27:00,WEB
APP203788,CUS103788,264000,48,MEDICAL,2026-06-06 12:18:00,MOBILE
APP203789,CUS103789,293000,36,OTHER,2026-06-19 16:07:00,MOBILE
APP203790,CUS103790,314000,48,MEDICAL,2026-05-23 21:39:00,MOBILE
APP203791,CUS103791,355000,48,MEDICAL,2026-05-18 12:50:00,MOBILE
APP203792,CUS103792,238000,60,EDUCATION,2026-11-14 07:51:00,MOBILE
APP203793,CUS103793,322000,24,OTHER,2026-03-15 17:33:00,WEB
APP203794,CUS103794,412000,36,EDUCATION,2026-07-09 18:44:00,MOBILE
APP203795,CUS103795,255000,48,HOME_RENOVATION,2026-08-02 07:09:00,MOBILE
APP203796,CUS103796,1162000,18,HOME_RENOVATION,2026-04-16 06:14:00,MOBILE
APP203797,CUS103797,346000,48,EDUCATION,2026-01-15 04:17:00,WEB
APP203798,CUS103798,526000,36,OTHER,2026-03-25 11:13:00,WEB
APP203799,CUS103799,248000,36,OTHER,2026-07-29 19:09:00,MOBILE
APP203800,CUS103800,301000,60,DEBT_CONSOLIDATION,2026-03-28 18:44:00,MOBILE
APP203801,CUS103801,429000,36,EDUCATION,2026-11-23 19:53:00,WEB
APP203802,CUS103802,302000,36,OTHER,2026-03-19 03:37:00,MOBILE
APP203803,CUS103803,593000,18,EDUCATION,2026-06-10 04:24:00,WEB
APP203804,CUS103804,265000,24,DEBT_CONSOLIDATION,2026-01-17 22:37:00,MOBILE
APP203805,CUS103805,728000,36,HOME_RENOVATION,2026-11-15 19:07:00,WEB
APP203806,CUS103806,440000,36,TRAVEL,2026-08-15 01:28:00,WEB
APP203807,CUS103807,457000,48,EDUCATION,2026-07-02 16:45:00,WEB
APP203808,CUS103808,117000,48,HOME_RENOVATION,2026-04-02 23:20:00,WEB
APP203809,CUS103809,383000,48,TRAVEL,2026-03-08 07:15:00,WEB
APP203810,CUS103810,481000,18,OTHER,2026-08-05 19:28:00,MOBILE
APP203811,CUS103811,205000,48,MEDICAL,2026-10-07 01:39:00,WEB
APP203812,CUS103812,484000,24,OTHER,2026-06-12 08:01:00,MOBILE
APP203813,CUS103813,562000,48,DEBT_CONSOLIDATION,2026-07-06 08:29:00,MOBILE
APP203814,CUS103814,449000,36,EDUCATION,2026-02-15 05:20:00,WEB
APP203815,CUS103815,477000,48,EDUCATION,2026-03-18 05:12:00,WEB
APP203816,CUS103816,399000,48,HOME_RENOVATION,2026-05-15 06:19:00,MOBILE
APP203817,CUS103817,384000,36,OTHER,2026-10-09 12:38:00,MOBILE
APP203818,CUS103818,553000,60,TRAVEL,2026-01-24 07:21:00,WEB
APP203819,CUS103819,355000,60,MEDICAL,2026-11-10 20:24:00,MOBILE
APP203820,CUS103820,855000,36,EDUCATION,2026-05-26 21:39:00,MOBILE
APP203821,CUS103821,299000,36,DEBT_CONSOLIDATION,2026-10-12 12:38:00,WEB
APP203822,CUS103822,100000,48,DEBT_CONSOLIDATION,2026-04-20 13:17:00,MOBILE
APP203823,CUS103823,475000,24,EDUCATION,2026-11-13 13:33:00,WEB
APP203824,CUS103824,706000,36,HOME_RENOVATION,2026-05-09 13:39:00,MOBILE
APP203825,CUS103825,402000,36,HOME_RENOVATION,2026-10-17 08:17:00,WEB
APP203826,CUS103826,261000,12,HOME_RENOVATION,2026-01-28 11:36:00,WEB
APP203827,CUS103827,271000,48,DEBT_CONSOLIDATION,2026-04-10 16:09:00,MOBILE
APP203828,CUS103828,245000,60,HOME_RENOVATION,2026-12-28 23:32:00,MOBILE
APP203829,CUS103829,174000,24,MEDICAL,2026-02-06 22:41:00,MOBILE
APP203830,CUS103830,442000,12,TRAVEL,2026-10-20 11:13:00,WEB
APP203831,CUS103831,501000,18,OTHER,2026-06-17 11:00:00,WEB
APP203832,CUS103832,649000,36,EDUCATION,2026-08-26 02:18:00,WEB
APP203833,CUS103833,619000,24,MEDICAL,2026-12-13 04:53:00,MOBILE
APP203834,CUS103834,544000,36,HOME_RENOVATION,2026-02-25 23:34:00,WEB
APP203835,CUS103835,765000,36,MEDICAL,2026-05-18 12:15:00,WEB
APP203836,CUS103836,690000,60,EDUCATION,2026-05-25 11:18:00,MOBILE
APP203837,CUS103837,250000,36,DEBT_CONSOLIDATION,2026-12-28 17:06:00,WEB
APP203838,CUS103838,448000,36,OTHER,2026-03-14 15:34:00,MOBILE
APP203839,CUS103839,202000,36,EDUCATION,2026-11-20 16:35:00,MOBILE
APP203840,CUS103840,377000,60,TRAVEL,2026-05-30 23:59:00,MOBILE
APP203841,CUS103841,814000,48,MEDICAL,2026-12-22 11:41:00,WEB
APP203842,CUS103842,400000,18,OTHER,2026-01-08 06:41:00,MOBILE
APP203843,CUS103843,456000,60,TRAVEL,2026-12-12 00:06:00,MOBILE
APP203844,CUS103844,366000,36,DEBT_CONSOLIDATION,2026-04-17 22:38:00,MOBILE
APP203845,CUS103845,529000,24,EDUCATION,2026-01-29 16:23:00,MOBILE
APP203846,CUS103846,1028000,24,DEBT_CONSOLIDATION,2026-05-31 00:13:00,WEB
APP203847,CUS103847,618000,36,MEDICAL,2026-09-10 07:33:00,WEB
APP203848,CUS103848,724000,36,HOME_RENOVATION,2026-05-15 00:40:00,MOBILE
APP203849,CUS103849,706000,48,DEBT_CONSOLIDATION,2026-12-26 02:01:00,MOBILE
APP203850,CUS103850,448000,18,OTHER,2026-08-04 19:06:00,MOBILE
APP203851,CUS103851,146000,36,TRAVEL,2026-09-03 20:08:00,MOBILE
APP203852,CUS103852,337000,48,TRAVEL,2026-04-22 23:38:00,MOBILE
APP203853,CUS103853,427000,48,EDUCATION,2026-12-06 23:45:00,WEB
APP203854,CUS103854,278000,36,MEDICAL,2026-05-16 00:31:00,MOBILE
APP203855,CUS103855,436000,36,DEBT_CONSOLIDATION,2026-06-29 06:06:00,MOBILE
APP203856,CUS103856,426000,36,TRAVEL,2026-10-23 03:22:00,WEB
APP203857,CUS103857,364000,48,HOME_RENOVATION,2026-04-30 16:34:00,WEB
APP203858,CUS103858,380000,18,EDUCATION,2026-03-01 14:16:00,WEB
APP203859,CUS103859,844000,24,MEDICAL,2026-12-26 20:10:00,MOBILE
APP203860,CUS103860,445000,48,MEDICAL,2026-04-04 19:06:00,WEB
APP203861,CUS103861,193000,24,MEDICAL,2026-01-19 03:41:00,WEB
APP203862,CUS103862,1133000,24,MEDICAL,2026-07-05 01:53:00,MOBILE
APP203863,CUS103863,304000,36,DEBT_CONSOLIDATION,2026-01-15 17:10:00,MOBILE
APP203864,CUS103864,650000,36,OTHER,2026-02-10 19:16:00,WEB
APP203865,CUS103865,280000,18,TRAVEL,2026-03-13 01:02:00,WEB
APP203866,CUS103866,243000,36,OTHER,2026-08-01 03:43:00,MOBILE
APP203867,CUS103867,643000,48,DEBT_CONSOLIDATION,2026-03-06 17:46:00,MOBILE
APP203868,CUS103868,355000,60,MEDICAL,2026-03-08 22:04:00,MOBILE
APP203869,CUS103869,681000,24,TRAVEL,2026-05-29 10:30:00,WEB
APP203870,CUS103870,225000,36,EDUCATION,2026-08-24 10:13:00,MOBILE
APP203871,CUS103871,428000,36,DEBT_CONSOLIDATION,2026-04-24 21:47:00,MOBILE
APP203872,CUS103872,781000,18,MEDICAL,2026-05-19 12:15:00,MOBILE
APP203873,CUS103873,620000,36,EDUCATION,2026-10-23 12:21:00,WEB
APP203874,CUS103874,136000,36,TRAVEL,2026-09-06 15:43:00,MOBILE
APP203875,CUS103875,254000,12,OTHER,2026-04-16 23:01:00,MOBILE
APP203876,CUS103876,193000,48,HOME_RENOVATION,2026-12-27 15:08:00,MOBILE
APP203877,CUS103877,268000,36,TRAVEL,2026-03-09 22:09:00,MOBILE
APP203878,CUS103878,378000,18,TRAVEL,2026-08-27 11:55:00,MOBILE
APP203879,CUS103879,190000,36,MEDICAL,2026-11-05 17:43:00,MOBILE
APP203880,CUS103880,203000,48,OTHER,2026-02-20 19:53:00,MOBILE
APP203881,CUS103881,319000,18,TRAVEL,2026-07-27 14:24:00,MOBILE
APP203882,CUS103882,270000,36,OTHER,2026-10-28 18:13:00,WEB
APP203883,CUS103883,270000,24,DEBT_CONSOLIDATION,2026-12-05 14:45:00,MOBILE
APP203884,CUS103884,498000,60,HOME_RENOVATION,2026-05-29 05:59:00,MOBILE
APP203885,CUS103885,774000,36,MEDICAL,2026-07-05 07:38:00,WEB
APP203886,CUS103886,735000,48,MEDICAL,2026-11-06 13:14:00,MOBILE
APP203887,CUS103887,494000,36,TRAVEL,2026-06-20 02:57:00,MOBILE
APP203888,CUS103888,212000,48,TRAVEL,2026-08-01 06:41:00,WEB
APP203889,CUS103889,407000,36,TRAVEL,2026-09-11 03:30:00,WEB
APP203890,CUS103890,821000,24,HOME_RENOVATION,2026-10-26 07:30:00,WEB
APP203891,CUS103891,1458000,24,DEBT_CONSOLIDATION,2026-02-21 13:07:00,MOBILE
APP203892,CUS103892,493000,24,OTHER,2026-11-14 07:13:00,MOBILE
APP203893,CUS103893,726000,36,TRAVEL,2026-06-06 08:56:00,WEB
APP203894,CUS103894,725000,18,OTHER,2026-04-11 00:10:00,MOBILE
APP203895,CUS103895,290000,12,EDUCATION,2026-12-17 16:20:00,MOBILE
APP203896,CUS103896,547000,36,OTHER,2026-03-21 08:59:00,MOBILE
APP203897,CUS103897,445000,24,OTHER,2026-08-31 14:37:00,WEB
APP203898,CUS103898,244000,48,TRAVEL,2026-10-06 23:56:00,MOBILE
APP203899,CUS103899,313000,12,TRAVEL,2026-04-10 19:19:00,WEB
APP203900,CUS103900,321000,36,EDUCATION,2026-05-21 23:03:00,WEB
APP203901,CUS103901,381000,60,OTHER,2026-06-16 17:02:00,MOBILE
APP203902,CUS103902,376000,36,HOME_RENOVATION,2026-11-09 09:52:00,WEB
APP203903,CUS103903,379000,36,HOME_RENOVATION,2026-05-16 15:06:00,WEB
APP203904,CUS103904,254000,36,HOME_RENOVATION,2026-12-13 09:44:00,MOBILE
APP203905,CUS103905,721000,36,TRAVEL,2026-03-30 03:50:00,MOBILE
APP203906,CUS103906,525000,36,HOME_RENOVATION,2026-10-16 21:45:00,MOBILE
APP203907,CUS103907,451000,48,TRAVEL,2026-04-14 01:32:00,WEB
APP203908,CUS103908,1383000,24,TRAVEL,2026-06-18 04:40:00,MOBILE
APP203909,CUS103909,854000,36,DEBT_CONSOLIDATION,2026-05-13 03:39:00,WEB
APP203910,CUS103910,635000,36,EDUCATION,2026-12-17 18:41:00,MOBILE
APP203911,CUS103911,468000,36,TRAVEL,2026-03-20 19:37:00,WEB
APP203912,CUS103912,231000,36,DEBT_CONSOLIDATION,2026-10-12 15:20:00,WEB
APP203913,CUS103913,374000,60,HOME_RENOVATION,2026-03-30 08:20:00,MOBILE
APP203914,CUS103914,337000,60,DEBT_CONSOLIDATION,2026-09-08 20:45:00,MOBILE
APP203915,CUS103915,632000,36,DEBT_CONSOLIDATION,2026-05-05 06:07:00,MOBILE
APP203916,CUS103916,414000,24,MEDICAL,2026-07-29 22:47:00,WEB
APP203917,CUS103917,682000,24,EDUCATION,2026-07-18 00:06:00,MOBILE
APP203918,CUS103918,191000,36,OTHER,2026-12-24 19:00:00,MOBILE
APP203919,CUS103919,981000,12,MEDICAL,2026-03-18 11:53:00,WEB
APP203920,CUS103920,270000,36,EDUCATION,2026-04-25 18:54:00,MOBILE
APP203921,CUS103921,401000,36,MEDICAL,2026-03-28 00:46:00,MOBILE
APP203922,CUS103922,162000,24,HOME_RENOVATION,2026-07-17 11:06:00,MOBILE
APP203923,CUS103923,346000,12,OTHER,2026-07-18 17:57:00,WEB
APP203924,CUS103924,742000,12,MEDICAL,2026-10-06 15:51:00,MOBILE
APP203925,CUS103925,703000,12,MEDICAL,2026-10-29 11:18:00,MOBILE
APP203926,CUS103926,430000,24,DEBT_CONSOLIDATION,2026-09-21 18:35:00,MOBILE
APP203927,CUS103927,463000,24,OTHER,2026-07-08 04:25:00,MOBILE
APP203928,CUS103928,352000,24,OTHER,2026-10-07 09:49:00,WEB
APP203929,CUS103929,346000,36,OTHER,2026-03-13 21:49:00,MOBILE
APP203930,CUS103930,236000,48,TRAVEL,2026-01-08 14:11:00,MOBILE
APP203931,CUS103931,345000,48,MEDICAL,2026-07-18 19:38:00,MOBILE
APP203932,CUS103932,149000,24,DEBT_CONSOLIDATION,2026-04-21 12:42:00,WEB
APP203933,CUS103933,743000,48,MEDICAL,2026-04-08 07:10:00,MOBILE
APP203934,CUS103934,100000,48,TRAVEL,2026-07-30 06:23:00,MOBILE
APP203935,CUS103935,478000,18,TRAVEL,2026-03-01 00:54:00,MOBILE
APP203936,CUS103936,237000,36,OTHER,2026-04-23 09:00:00,MOBILE
APP203937,CUS103937,335000,36,EDUCATION,2026-02-19 10:27:00,WEB
APP203938,CUS103938,352000,36,DEBT_CONSOLIDATION,2026-03-15 08:07:00,MOBILE
APP203939,CUS103939,1003000,18,HOME_RENOVATION,2026-12-05 15:27:00,WEB
APP203940,CUS103940,345000,36,OTHER,2026-12-09 22:10:00,MOBILE
APP203941,CUS103941,811000,36,OTHER,2026-03-05 13:13:00,MOBILE
APP203942,CUS103942,1141000,24,TRAVEL,2026-05-18 07:27:00,WEB
APP203943,CUS103943,1512000,36,OTHER,2026-11-23 06:37:00,MOBILE
APP203944,CUS103944,333000,36,DEBT_CONSOLIDATION,2026-01-17 04:02:00,WEB
APP203945,CUS103945,633000,48,TRAVEL,2026-04-30 12:57:00,MOBILE
APP203946,CUS103946,713000,48,MEDICAL,2026-08-14 07:13:00,MOBILE
APP203947,CUS103947,197000,36,OTHER,2026-07-17 16:03:00,MOBILE
APP203948,CUS103948,414000,12,EDUCATION,2026-03-23 14:45:00,MOBILE
APP203949,CUS103949,253000,24,TRAVEL,2026-06-26 01:20:00,WEB
APP203950,CUS103950,115000,48,HOME_RENOVATION,2026-08-06 23:26:00,MOBILE
APP203951,CUS103951,875000,48,OTHER,2026-04-29 23:56:00,MOBILE
APP203952,CUS103952,302000,36,HOME_RENOVATION,2026-11-08 20:15:00,WEB
APP203953,CUS103953,297000,36,OTHER,2026-11-13 04:51:00,MOBILE
APP203954,CUS103954,388000,36,OTHER,2026-08-09 21:09:00,MOBILE
APP203955,CUS103955,936000,36,MEDICAL,2026-10-12 00:31:00,WEB
APP203956,CUS103956,538000,36,EDUCATION,2026-10-10 04:17:00,WEB
APP203957,CUS103957,300000,36,HOME_RENOVATION,2026-06-17 13:51:00,MOBILE
APP203958,CUS103958,277000,48,MEDICAL,2026-11-25 10:18:00,WEB
APP203959,CUS103959,485000,24,EDUCATION,2026-11-24 10:37:00,WEB
APP203960,CUS103960,612000,60,HOME_RENOVATION,2026-10-14 19:26:00,MOBILE
APP203961,CUS103961,202000,36,MEDICAL,2026-04-09 00:59:00,MOBILE
APP203962,CUS103962,469000,36,DEBT_CONSOLIDATION,2026-07-08 16:36:00,WEB
APP203963,CUS103963,575000,36,DEBT_CONSOLIDATION,2026-06-14 12:23:00,WEB
APP203964,CUS103964,605000,36,HOME_RENOVATION,2026-06-28 07:29:00,MOBILE
APP203965,CUS103965,100000,24,OTHER,2026-06-30 00:42:00,WEB
APP203966,CUS103966,418000,48,DEBT_CONSOLIDATION,2026-12-05 14:33:00,MOBILE
APP203967,CUS103967,182000,18,OTHER,2026-07-22 14:04:00,WEB
APP203968,CUS103968,226000,24,EDUCATION,2026-12-18 10:47:00,MOBILE
APP203969,CUS103969,260000,24,TRAVEL,2026-12-15 18:45:00,MOBILE
APP203970,CUS103970,380000,12,MEDICAL,2026-06-12 11:31:00,MOBILE
APP203971,CUS103971,385000,36,EDUCATION,2026-05-21 11:23:00,MOBILE
APP203972,CUS103972,204000,36,DEBT_CONSOLIDATION,2026-10-23 11:50:00,WEB
APP203973,CUS103973,469000,48,OTHER,2026-11-15 08:21:00,MOBILE
APP203974,CUS103974,929000,36,TRAVEL,2026-11-17 13:10:00,MOBILE
APP203975,CUS103975,393000,12,DEBT_CONSOLIDATION,2026-04-16 16:45:00,MOBILE
APP203976,CUS103976,254000,18,MEDICAL,2026-03-02 21:56:00,MOBILE
APP203977,CUS103977,517000,48,EDUCATION,2026-12-05 12:45:00,MOBILE
APP203978,CUS103978,698000,36,TRAVEL,2026-10-18 12:49:00,WEB
APP203979,CUS103979,1094000,36,OTHER,2026-04-01 22:38:00,MOBILE
APP203980,CUS103980,297000,48,DEBT_CONSOLIDATION,2026-03-24 04:40:00,MOBILE
APP203981,CUS103981,153000,36,MEDICAL,2026-04-22 07:48:00,MOBILE
APP203982,CUS103982,306000,36,TRAVEL,2026-11-30 04:34:00,MOBILE
APP203983,CUS103983,674000,60,MEDICAL,2026-06-19 12:24:00,MOBILE
APP203984,CUS103984,258000,48,MEDICAL,2026-03-07 19:56:00,MOBILE
APP203985,CUS103985,570000,36,HOME_RENOVATION,2026-12-20 18:12:00,MOBILE
APP203986,CUS103986,316000,36,OTHER,2026-12-16 18:11:00,MOBILE
APP203987,CUS103987,225000,12,DEBT_CONSOLIDATION,2026-02-13 05:11:00,MOBILE
APP203988,CUS103988,743000,36,DEBT_CONSOLIDATION,2026-07-24 05:38:00,MOBILE
APP203989,CUS103989,418000,36,OTHER,2026-05-20 01:21:00,WEB
APP203990,CUS103990,750000,36,OTHER,2026-04-10 21:10:00,MOBILE
APP203991,CUS103991,130000,48,TRAVEL,2026-06-18 02:27:00,WEB
APP203992,CUS103992,441000,36,HOME_RENOVATION,2026-04-13 03:16:00,MOBILE
APP203993,CUS103993,426000,36,MEDICAL,2026-02-01 13:51:00,MOBILE
APP203994,CUS103994,880000,36,EDUCATION,2026-12-14 22:40:00,WEB
APP203995,CUS103995,453000,36,DEBT_CONSOLIDATION,2026-11-02 17:31:00,MOBILE
APP203996,CUS103996,274000,60,DEBT_CONSOLIDATION,2026-08-18 18:51:00,WEB
APP203997,CUS103997,293000,60,DEBT_CONSOLIDATION,2026-06-02 17:57:00,WEB
APP203998,CUS103998,654000,36,TRAVEL,2026-02-13 14:44:00,MOBILE
APP203999,CUS103999,373000,36,MEDICAL,2026-07-04 03:16:00,MOBILE
APP204000,CUS104000,701000,36,TRAVEL,2026-07-25 06:58:00,MOBILE
APP204001,CUS104001,358000,36,OTHER,2026-05-29 00:15:00,WEB
APP204002,CUS104002,100000,48,MEDICAL,2026-01-15 05:04:00,WEB
APP204003,CUS104003,560000,18,OTHER,2026-07-12 15:59:00,WEB
APP204004,CUS104004,619000,12,TRAVEL,2026-09-24 02:14:00,MOBILE
APP204005,CUS104005,203000,36,OTHER,2026-01-13 11:40:00,WEB
APP204006,CUS104006,467000,36,EDUCATION,2026-02-06 11:04:00,MOBILE
APP204007,CUS104007,491000,60,EDUCATION,2026-07-24 11:28:00,WEB
APP204008,CUS104008,490000,60,HOME_RENOVATION,2026-08-01 07:51:00,MOBILE
APP204009,CUS104009,649000,36,MEDICAL,2026-09-17 14:09:00,WEB
APP204010,CUS104010,503000,36,TRAVEL,2026-05-06 09:12:00,WEB
APP204011,CUS104011,454000,36,EDUCATION,2026-10-14 12:47:00,MOBILE
APP204012,CUS104012,692000,60,MEDICAL,2026-09-29 08:20:00,MOBILE
APP204013,CUS104013,187000,60,OTHER,2026-03-08 01:48:00,MOBILE
APP204014,CUS104014,301000,24,EDUCATION,2026-11-22 20:03:00,MOBILE
APP204015,CUS104015,597000,48,DEBT_CONSOLIDATION,2026-09-28 16:00:00,MOBILE
APP204016,CUS104016,336000,36,DEBT_CONSOLIDATION,2026-02-05 16:56:00,WEB
APP204017,CUS104017,664000,36,TRAVEL,2026-08-21 04:17:00,MOBILE
APP204018,CUS104018,163000,36,OTHER,2026-12-29 02:01:00,MOBILE
APP204019,CUS104019,195000,36,MEDICAL,2026-11-11 18:02:00,MOBILE
APP204020,CUS104020,582000,36,HOME_RENOVATION,2026-04-30 06:33:00,MOBILE
APP204021,CUS104021,205000,36,MEDICAL,2026-04-26 21:28:00,MOBILE
APP204022,CUS104022,538000,36,OTHER,2026-04-22 20:45:00,WEB
APP204023,CUS104023,557000,36,HOME_RENOVATION,2026-01-19 22:18:00,MOBILE
APP204024,CUS104024,195000,48,OTHER,2026-07-28 20:10:00,MOBILE
APP204025,CUS104025,507000,48,HOME_RENOVATION,2026-10-26 19:09:00,MOBILE
APP204026,CUS104026,612000,18,TRAVEL,2026-03-18 09:58:00,WEB
APP204027,CUS104027,157000,36,HOME_RENOVATION,2026-01-12 13:53:00,MOBILE
APP204028,CUS104028,284000,12,EDUCATION,2026-04-03 19:45:00,WEB
APP204029,CUS104029,165000,24,MEDICAL,2026-11-07 05:18:00,MOBILE
APP204030,CUS104030,715000,36,DEBT_CONSOLIDATION,2026-04-06 14:14:00,MOBILE
APP204031,CUS104031,193000,24,MEDICAL,2026-09-05 18:32:00,MOBILE
APP204032,CUS104032,377000,24,DEBT_CONSOLIDATION,2026-01-02 13:34:00,MOBILE
APP204033,CUS104033,285000,48,HOME_RENOVATION,2026-03-16 06:05:00,MOBILE
APP204034,CUS104034,293000,36,TRAVEL,2026-10-29 13:06:00,WEB
APP204035,CUS104035,840000,48,HOME_RENOVATION,2026-08-30 05:16:00,WEB
APP204036,CUS104036,267000,60,DEBT_CONSOLIDATION,2026-01-06 02:10:00,MOBILE
APP204037,CUS104037,684000,24,TRAVEL,2026-03-29 10:07:00,MOBILE
APP204038,CUS104038,702000,12,DEBT_CONSOLIDATION,2026-05-12 12:22:00,MOBILE
APP204039,CUS104039,572000,36,TRAVEL,2026-02-19 16:37:00,MOBILE
APP204040,CUS104040,774000,36,MEDICAL,2026-03-16 04:32:00,MOBILE
APP204041,CUS104041,238000,18,HOME_RENOVATION,2026-03-02 07:37:00,MOBILE
APP204042,CUS104042,318000,24,HOME_RENOVATION,2026-03-08 23:20:00,MOBILE
APP204043,CUS104043,215000,18,EDUCATION,2026-11-01 08:56:00,WEB
APP204044,CUS104044,655000,12,OTHER,2026-10-29 00:56:00,WEB
APP204045,CUS104045,792000,48,EDUCATION,2026-09-06 05:54:00,MOBILE
APP204046,CUS104046,566000,36,DEBT_CONSOLIDATION,2026-06-27 16:12:00,MOBILE
APP204047,CUS104047,529000,36,HOME_RENOVATION,2026-04-22 13:03:00,MOBILE
APP204048,CUS104048,223000,48,EDUCATION,2026-03-01 07:34:00,MOBILE
APP204049,CUS104049,624000,48,MEDICAL,2026-06-17 14:18:00,MOBILE
APP204050,CUS104050,1102000,36,MEDICAL,2026-03-09 08:13:00,WEB
APP204051,CUS104051,263000,36,DEBT_CONSOLIDATION,2026-07-29 10:48:00,MOBILE
APP204052,CUS104052,558000,36,OTHER,2026-01-22 14:14:00,WEB
APP204053,CUS104053,633000,60,DEBT_CONSOLIDATION,2026-09-16 23:25:00,MOBILE
APP204054,CUS104054,387000,36,MEDICAL,2026-01-26 03:39:00,MOBILE
APP204055,CUS104055,163000,36,OTHER,2026-01-31 11:13:00,WEB
APP204056,CUS104056,769000,36,TRAVEL,2026-12-16 10:18:00,MOBILE
APP204057,CUS104057,516000,24,TRAVEL,2026-05-26 04:26:00,WEB
APP204058,CUS104058,548000,18,EDUCATION,2026-09-29 14:07:00,WEB
APP204059,CUS104059,588000,48,TRAVEL,2026-01-14 01:50:00,WEB
APP204060,CUS104060,503000,12,HOME_RENOVATION,2026-01-18 00:33:00,MOBILE
APP204061,CUS104061,422000,60,DEBT_CONSOLIDATION,2026-03-13 01:09:00,MOBILE
APP204062,CUS104062,585000,60,TRAVEL,2026-03-20 06:58:00,MOBILE
APP204063,CUS104063,402000,60,HOME_RENOVATION,2026-01-16 00:28:00,WEB
APP204064,CUS104064,117000,36,HOME_RENOVATION,2026-05-18 09:50:00,MOBILE
APP204065,CUS104065,245000,48,OTHER,2026-04-19 01:42:00,MOBILE
APP204066,CUS104066,158000,36,TRAVEL,2026-09-27 07:04:00,WEB
APP204067,CUS104067,196000,36,EDUCATION,2026-07-04 10:45:00,MOBILE
APP204068,CUS104068,638000,24,TRAVEL,2026-08-12 16:37:00,MOBILE
APP204069,CUS104069,161000,36,HOME_RENOVATION,2026-03-06 03:39:00,MOBILE
APP204070,CUS104070,719000,36,EDUCATION,2026-02-09 16:19:00,WEB
APP204071,CUS104071,118000,36,HOME_RENOVATION,2026-07-25 01:13:00,MOBILE
APP204072,CUS104072,368000,60,MEDICAL,2026-06-24 03:05:00,WEB
APP204073,CUS104073,400000,36,HOME_RENOVATION,2026-08-13 10:46:00,WEB
APP204074,CUS104074,215000,24,TRAVEL,2026-07-08 09:55:00,MOBILE
APP204075,CUS104075,228000,48,EDUCATION,2026-07-19 19:36:00,MOBILE
APP204076,CUS104076,306000,36,DEBT_CONSOLIDATION,2026-05-28 07:40:00,MOBILE
APP204077,CUS104077,459000,60,DEBT_CONSOLIDATION,2026-11-09 00:21:00,WEB
APP204078,CUS104078,802000,36,EDUCATION,2026-05-04 01:07:00,MOBILE
APP204079,CUS104079,687000,36,OTHER,2026-01-03 20:34:00,MOBILE
APP204080,CUS104080,613000,36,MEDICAL,2026-12-15 01:06:00,MOBILE
APP204081,CUS104081,393000,24,MEDICAL,2026-03-25 07:25:00,WEB
APP204082,CUS104082,599000,36,DEBT_CONSOLIDATION,2026-11-09 17:56:00,MOBILE
APP204083,CUS104083,390000,48,MEDICAL,2026-01-21 23:45:00,MOBILE
APP204084,CUS104084,411000,24,OTHER,2026-07-17 23:38:00,MOBILE
APP204085,CUS104085,212000,24,EDUCATION,2026-09-03 11:08:00,MOBILE
APP204086,CUS104086,235000,48,TRAVEL,2026-02-27 22:59:00,MOBILE
APP204087,CUS104087,324000,24,HOME_RENOVATION,2026-12-04 21:40:00,MOBILE
APP204088,CUS104088,620000,12,EDUCATION,2026-03-12 18:15:00,MOBILE
APP204089,CUS104089,277000,18,DEBT_CONSOLIDATION,2026-08-20 16:01:00,MOBILE
APP204090,CUS104090,335000,36,OTHER,2026-03-26 05:25:00,WEB
APP204091,CUS104091,260000,60,TRAVEL,2026-04-03 18:59:00,MOBILE
APP204092,CUS104092,655000,24,OTHER,2026-03-21 10:58:00,MOBILE
APP204093,CUS104093,538000,60,HOME_RENOVATION,2026-02-27 16:45:00,MOBILE
APP204094,CUS104094,395000,60,EDUCATION,2026-06-19 00:19:00,MOBILE
APP204095,CUS104095,339000,36,EDUCATION,2026-04-07 18:31:00,WEB
APP204096,CUS104096,541000,36,MEDICAL,2026-07-01 01:06:00,MOBILE
APP204097,CUS104097,224000,24,HOME_RENOVATION,2026-12-11 08:32:00,WEB
APP204098,CUS104098,212000,36,EDUCATION,2026-05-29 02:11:00,WEB
APP204099,CUS104099,592000,36,OTHER,2026-04-28 23:09:00,MOBILE
APP204100,CUS104100,426000,36,EDUCATION,2026-03-19 04:22:00,MOBILE
APP204101,CUS104101,280000,36,EDUCATION,2026-10-15 13:45:00,WEB
APP204102,CUS104102,453000,12,MEDICAL,2026-05-31 00:25:00,MOBILE
APP204103,CUS104103,530000,12,MEDICAL,2026-07-02 17:04:00,MOBILE
APP204104,CUS104104,132000,36,TRAVEL,2026-09-23 05:44:00,MOBILE
APP204105,CUS104105,323000,36,DEBT_CONSOLIDATION,2026-04-20 20:20:00,WEB
APP204106,CUS104106,609000,36,OTHER,2026-06-12 07:13:00,MOBILE
APP204107,CUS104107,354000,12,HOME_RENOVATION,2026-10-28 07:19:00,MOBILE
APP204108,CUS104108,210000,48,EDUCATION,2026-05-27 09:56:00,MOBILE
APP204109,CUS104109,243000,18,EDUCATION,2026-01-21 20:35:00,WEB
APP204110,CUS104110,256000,36,DEBT_CONSOLIDATION,2026-04-26 07:18:00,MOBILE
APP204111,CUS104111,362000,48,TRAVEL,2026-01-18 21:29:00,MOBILE
APP204112,CUS104112,497000,24,TRAVEL,2026-09-24 07:44:00,MOBILE
APP204113,CUS104113,619000,36,EDUCATION,2026-09-18 19:39:00,WEB
APP204114,CUS104114,421000,36,OTHER,2026-07-08 19:33:00,MOBILE
APP204115,CUS104115,336000,36,DEBT_CONSOLIDATION,2026-07-05 01:46:00,MOBILE
APP204116,CUS104116,218000,36,EDUCATION,2026-06-28 14:53:00,MOBILE
APP204117,CUS104117,268000,12,EDUCATION,2026-07-11 06:08:00,MOBILE
APP204118,CUS104118,342000,48,OTHER,2026-05-23 14:54:00,MOBILE
APP204119,CUS104119,256000,18,MEDICAL,2026-05-10 19:32:00,MOBILE
APP204120,CUS104120,158000,18,EDUCATION,2026-03-12 15:34:00,WEB
APP204121,CUS104121,655000,18,MEDICAL,2026-03-29 13:16:00,WEB
APP204122,CUS104122,552000,48,OTHER,2026-07-22 22:18:00,WEB
APP204123,CUS104123,529000,24,MEDICAL,2026-03-29 05:57:00,MOBILE
APP204124,CUS104124,884000,36,OTHER,2026-05-22 10:40:00,MOBILE
APP204125,CUS104125,367000,48,EDUCATION,2026-01-09 08:19:00,WEB
APP204126,CUS104126,713000,36,MEDICAL,2026-04-07 10:11:00,MOBILE
APP204127,CUS104127,319000,36,OTHER,2026-04-03 10:47:00,WEB
APP204128,CUS104128,519000,36,HOME_RENOVATION,2026-03-03 17:06:00,WEB
APP204129,CUS104129,326000,36,DEBT_CONSOLIDATION,2026-07-03 14:06:00,WEB
APP204130,CUS104130,490000,24,OTHER,2026-01-12 00:17:00,WEB
APP204131,CUS104131,351000,24,OTHER,2026-04-05 02:48:00,MOBILE
APP204132,CUS104132,143000,24,EDUCATION,2026-03-17 16:36:00,MOBILE
APP204133,CUS104133,194000,36,HOME_RENOVATION,2026-08-11 17:26:00,MOBILE
APP204134,CUS104134,547000,48,EDUCATION,2026-08-02 22:29:00,MOBILE
APP204135,CUS104135,363000,36,TRAVEL,2026-08-08 09:53:00,MOBILE
APP204136,CUS104136,472000,36,HOME_RENOVATION,2026-02-06 12:50:00,MOBILE
APP204137,CUS104137,590000,18,MEDICAL,2026-09-05 19:15:00,MOBILE
APP204138,CUS104138,288000,48,HOME_RENOVATION,2026-11-05 10:43:00,WEB
APP204139,CUS104139,308000,36,HOME_RENOVATION,2026-07-29 15:11:00,MOBILE
APP204140,CUS104140,640000,12,HOME_RENOVATION,2026-12-19 00:39:00,MOBILE
APP204141,CUS104141,617000,60,DEBT_CONSOLIDATION,2026-04-23 22:58:00,MOBILE
APP204142,CUS104142,398000,24,OTHER,2026-02-26 02:27:00,MOBILE
APP204143,CUS104143,434000,36,MEDICAL,2026-05-16 23:46:00,WEB
APP204144,CUS104144,514000,36,TRAVEL,2026-07-20 02:16:00,MOBILE
APP204145,CUS104145,637000,48,MEDICAL,2026-02-25 06:19:00,WEB
APP204146,CUS104146,244000,36,HOME_RENOVATION,2026-07-13 08:22:00,WEB
APP204147,CUS104147,731000,60,OTHER,2026-11-01 20:29:00,MOBILE
APP204148,CUS104148,709000,36,OTHER,2026-01-17 12:31:00,MOBILE
APP204149,CUS104149,524000,60,MEDICAL,2026-06-11 16:55:00,MOBILE
APP204150,CUS104150,397000,24,OTHER,2026-08-19 04:40:00,MOBILE
APP204151,CUS104151,616000,48,TRAVEL,2026-08-05 14:44:00,MOBILE
APP204152,CUS104152,151000,36,TRAVEL,2026-05-26 04:49:00,MOBILE
APP204153,CUS104153,171000,12,OTHER,2026-03-11 23:52:00,MOBILE
APP204154,CUS104154,182000,36,TRAVEL,2026-06-22 22:27:00,MOBILE
APP204155,CUS104155,592000,36,HOME_RENOVATION,2026-07-15 05:47:00,MOBILE
APP204156,CUS104156,494000,36,DEBT_CONSOLIDATION,2026-08-13 01:12:00,WEB
APP204157,CUS104157,412000,12,MEDICAL,2026-05-21 01:24:00,MOBILE
APP204158,CUS104158,653000,36,TRAVEL,2026-05-14 03:03:00,MOBILE
APP204159,CUS104159,393000,36,HOME_RENOVATION,2026-12-02 17:52:00,MOBILE
APP204160,CUS104160,341000,36,EDUCATION,2026-03-22 16:16:00,MOBILE
APP204161,CUS104161,441000,60,DEBT_CONSOLIDATION,2026-04-17 04:35:00,MOBILE
APP204162,CUS104162,542000,48,MEDICAL,2026-08-29 16:22:00,MOBILE
APP204163,CUS104163,511000,48,TRAVEL,2026-04-29 11:51:00,MOBILE
APP204164,CUS104164,345000,12,TRAVEL,2026-08-02 08:48:00,MOBILE
APP204165,CUS104165,453000,24,OTHER,2026-09-28 23:34:00,MOBILE
APP204166,CUS104166,485000,60,EDUCATION,2026-01-25 11:52:00,WEB
APP204167,CUS104167,409000,48,DEBT_CONSOLIDATION,2026-12-06 00:28:00,WEB
APP204168,CUS104168,333000,36,OTHER,2026-11-01 03:16:00,MOBILE
APP204169,CUS104169,928000,60,DEBT_CONSOLIDATION,2026-09-29 00:57:00,MOBILE
APP204170,CUS104170,701000,48,TRAVEL,2026-04-12 23:53:00,MOBILE
APP204171,CUS104171,640000,36,MEDICAL,2026-11-30 12:52:00,WEB
APP204172,CUS104172,218000,36,EDUCATION,2026-08-26 09:48:00,MOBILE
APP204173,CUS104173,213000,48,MEDICAL,2026-02-27 05:31:00,MOBILE
APP204174,CUS104174,110000,24,TRAVEL,2026-06-06 09:57:00,WEB
APP204175,CUS104175,741000,60,HOME_RENOVATION,2026-04-05 07:00:00,MOBILE
APP204176,CUS104176,762000,60,MEDICAL,2026-07-06 07:30:00,MOBILE
APP204177,CUS104177,737000,24,DEBT_CONSOLIDATION,2026-03-05 13:46:00,WEB
APP204178,CUS104178,1487000,48,EDUCATION,2026-11-01 15:00:00,WEB
APP204179,CUS104179,489000,24,OTHER,2026-09-30 03:35:00,MOBILE
APP204180,CUS104180,245000,36,HOME_RENOVATION,2026-03-08 19:14:00,WEB
APP204181,CUS104181,297000,36,MEDICAL,2026-01-09 23:10:00,MOBILE
APP204182,CUS104182,522000,18,DEBT_CONSOLIDATION,2026-06-17 15:30:00,MOBILE
APP204183,CUS104183,604000,12,DEBT_CONSOLIDATION,2026-07-11 01:14:00,MOBILE
APP204184,CUS104184,263000,48,HOME_RENOVATION,2026-11-29 01:07:00,WEB
APP204185,CUS104185,152000,48,EDUCATION,2026-04-22 22:20:00,WEB
APP204186,CUS104186,159000,18,DEBT_CONSOLIDATION,2026-12-19 22:45:00,MOBILE
APP204187,CUS104187,705000,48,DEBT_CONSOLIDATION,2026-08-16 03:41:00,WEB
APP204188,CUS104188,254000,36,MEDICAL,2026-07-06 14:32:00,MOBILE
APP204189,CUS104189,256000,18,HOME_RENOVATION,2026-05-08 03:31:00,MOBILE
APP204190,CUS104190,201000,12,EDUCATION,2026-11-04 04:36:00,WEB
APP204191,CUS104191,1332000,48,MEDICAL,2026-08-26 10:43:00,WEB
APP204192,CUS104192,337000,24,MEDICAL,2026-10-30 21:29:00,MOBILE
APP204193,CUS104193,502000,24,HOME_RENOVATION,2026-02-19 02:09:00,MOBILE
APP204194,CUS104194,359000,48,TRAVEL,2026-01-13 21:34:00,MOBILE
APP204195,CUS104195,730000,12,DEBT_CONSOLIDATION,2026-06-14 02:13:00,MOBILE
APP204196,CUS104196,556000,48,HOME_RENOVATION,2026-04-04 20:38:00,MOBILE
APP204197,CUS104197,193000,36,OTHER,2026-06-07 01:43:00,WEB
APP204198,CUS104198,930000,48,TRAVEL,2026-06-03 21:41:00,MOBILE
APP204199,CUS104199,536000,12,DEBT_CONSOLIDATION,2026-02-10 15:10:00,MOBILE
APP204200,CUS104200,960000,36,DEBT_CONSOLIDATION,2026-11-04 09:10:00,MOBILE
APP204201,CUS104201,621000,24,DEBT_CONSOLIDATION,2026-07-29 03:55:00,MOBILE
APP204202,CUS104202,778000,36,HOME_RENOVATION,2026-02-23 02:38:00,MOBILE
APP204203,CUS104203,836000,36,OTHER,2026-03-27 23:21:00,WEB
APP204204,CUS104204,405000,36,HOME_RENOVATION,2026-11-06 21:07:00,MOBILE
APP204205,CUS104205,779000,36,EDUCATION,2026-03-08 06:44:00,WEB
APP204206,CUS104206,235000,36,EDUCATION,2026-08-24 00:54:00,MOBILE
APP204207,CUS104207,790000,12,EDUCATION,2026-02-23 09:55:00,WEB
APP204208,CUS104208,277000,24,MEDICAL,2026-09-29 12:22:00,MOBILE
APP204209,CUS104209,466000,36,HOME_RENOVATION,2026-02-16 00:02:00,WEB
APP204210,CUS104210,311000,36,TRAVEL,2026-04-29 15:32:00,MOBILE
APP204211,CUS104211,129000,18,TRAVEL,2026-12-24 00:23:00,MOBILE
APP204212,CUS104212,211000,36,EDUCATION,2026-03-11 18:34:00,MOBILE
APP204213,CUS104213,513000,36,TRAVEL,2026-08-14 14:10:00,MOBILE
APP204214,CUS104214,165000,36,TRAVEL,2026-05-06 08:17:00,MOBILE
APP204215,CUS104215,241000,36,TRAVEL,2026-11-11 05:25:00,MOBILE
APP204216,CUS104216,913000,36,TRAVEL,2026-05-31 23:04:00,MOBILE
APP204217,CUS104217,984000,12,DEBT_CONSOLIDATION,2026-01-27 11:31:00,MOBILE
APP204218,CUS104218,317000,48,MEDICAL,2026-01-12 22:31:00,MOBILE
APP204219,CUS104219,701000,48,TRAVEL,2026-07-04 16:31:00,MOBILE
APP204220,CUS104220,805000,12,TRAVEL,2026-06-13 15:23:00,WEB
APP204221,CUS104221,100000,48,TRAVEL,2026-12-28 12:13:00,WEB
APP204222,CUS104222,252000,48,HOME_RENOVATION,2026-12-28 13:00:00,WEB
APP204223,CUS104223,562000,48,MEDICAL,2026-09-02 02:47:00,WEB
APP204224,CUS104224,439000,36,HOME_RENOVATION,2026-03-12 03:33:00,WEB
APP204225,CUS104225,514000,48,OTHER,2026-10-30 20:28:00,MOBILE
APP204226,CUS104226,984000,36,OTHER,2026-07-28 22:03:00,WEB
APP204227,CUS104227,282000,48,TRAVEL,2026-02-25 04:22:00,MOBILE
APP204228,CUS104228,276000,60,TRAVEL,2026-04-24 06:09:00,MOBILE
APP204229,CUS104229,309000,12,TRAVEL,2026-06-28 19:34:00,MOBILE
APP204230,CUS104230,1148000,36,OTHER,2026-01-28 08:25:00,WEB
APP204231,CUS104231,684000,36,EDUCATION,2026-04-01 08:20:00,MOBILE
APP204232,CUS104232,738000,60,HOME_RENOVATION,2026-01-27 06:34:00,WEB
APP204233,CUS104233,277000,48,TRAVEL,2026-02-22 12:57:00,MOBILE
APP204234,CUS104234,964000,36,TRAVEL,2026-02-05 20:21:00,MOBILE
APP204235,CUS104235,438000,36,TRAVEL,2026-02-27 16:03:00,WEB
APP204236,CUS104236,257000,48,TRAVEL,2026-02-24 11:36:00,WEB
APP204237,CUS104237,726000,24,MEDICAL,2026-06-14 16:49:00,MOBILE
APP204238,CUS104238,666000,36,HOME_RENOVATION,2026-11-20 09:35:00,WEB
APP204239,CUS104239,533000,48,DEBT_CONSOLIDATION,2026-08-12 06:23:00,WEB
APP204240,CUS104240,332000,48,TRAVEL,2026-02-09 13:57:00,WEB
APP204241,CUS104241,464000,48,OTHER,2026-11-24 04:35:00,WEB
APP204242,CUS104242,537000,48,MEDICAL,2026-02-19 00:56:00,WEB
APP204243,CUS104243,700000,48,HOME_RENOVATION,2026-12-19 07:08:00,MOBILE
APP204244,CUS104244,432000,48,EDUCATION,2026-02-12 12:49:00,MOBILE
APP204245,CUS104245,976000,18,OTHER,2026-12-24 10:04:00,WEB
APP204246,CUS104246,320000,24,OTHER,2026-10-27 02:46:00,WEB
APP204247,CUS104247,228000,48,EDUCATION,2026-12-14 23:13:00,MOBILE
APP204248,CUS104248,150000,12,TRAVEL,2026-07-03 20:36:00,MOBILE
APP204249,CUS104249,371000,36,HOME_RENOVATION,2026-10-15 09:59:00,MOBILE
APP204250,CUS104250,324000,24,EDUCATION,2026-01-13 02:42:00,MOBILE
APP204251,CUS104251,493000,36,OTHER,2026-04-09 23:15:00,WEB
APP204252,CUS104252,300000,48,OTHER,2026-08-19 17:47:00,MOBILE
APP204253,CUS104253,563000,36,TRAVEL,2026-08-22 12:49:00,MOBILE
APP204254,CUS104254,479000,36,OTHER,2026-03-13 02:15:00,MOBILE
APP204255,CUS104255,246000,36,DEBT_CONSOLIDATION,2026-08-14 08:14:00,MOBILE
APP204256,CUS104256,311000,60,TRAVEL,2026-03-17 22:07:00,MOBILE
APP204257,CUS104257,616000,24,TRAVEL,2026-03-02 19:37:00,MOBILE
APP204258,CUS104258,539000,48,OTHER,2026-01-07 02:01:00,WEB
APP204259,CUS104259,760000,36,EDUCATION,2026-12-27 07:48:00,WEB
APP204260,CUS104260,287000,12,EDUCATION,2026-08-01 17:04:00,WEB
APP204261,CUS104261,333000,24,OTHER,2026-12-31 08:39:00,WEB
APP204262,CUS104262,354000,48,DEBT_CONSOLIDATION,2026-10-06 01:33:00,MOBILE
APP204263,CUS104263,152000,36,DEBT_CONSOLIDATION,2026-10-20 03:34:00,MOBILE
APP204264,CUS104264,691000,48,DEBT_CONSOLIDATION,2026-07-09 01:21:00,MOBILE
APP204265,CUS104265,263000,60,HOME_RENOVATION,2026-05-28 05:24:00,MOBILE
APP204266,CUS104266,705000,48,OTHER,2026-12-06 10:08:00,WEB
APP204267,CUS104267,163000,18,EDUCATION,2026-08-22 00:55:00,MOBILE
APP204268,CUS104268,299000,18,MEDICAL,2026-09-17 13:42:00,WEB
APP204269,CUS104269,267000,36,EDUCATION,2026-11-03 23:44:00,MOBILE
APP204270,CUS104270,736000,36,MEDICAL,2026-03-19 19:27:00,WEB
APP204271,CUS104271,432000,18,TRAVEL,2026-12-02 23:36:00,MOBILE
APP204272,CUS104272,931000,36,OTHER,2026-09-02 02:47:00,WEB
APP204273,CUS104273,253000,24,DEBT_CONSOLIDATION,2026-03-04 08:23:00,MOBILE
APP204274,CUS104274,506000,36,TRAVEL,2026-06-02 19:14:00,WEB
APP204275,CUS104275,186000,36,TRAVEL,2026-02-03 15:17:00,MOBILE
APP204276,CUS104276,476000,24,TRAVEL,2026-06-30 03:26:00,MOBILE
APP204277,CUS104277,506000,48,TRAVEL,2026-06-03 23:57:00,MOBILE
APP204278,CUS104278,736000,36,TRAVEL,2026-02-04 18:20:00,MOBILE
APP204279,CUS104279,1143000,36,DEBT_CONSOLIDATION,2026-05-08 08:58:00,WEB
APP204280,CUS104280,113000,24,OTHER,2026-09-27 06:41:00,MOBILE
APP204281,CUS104281,705000,36,EDUCATION,2026-08-30 14:12:00,MOBILE
APP204282,CUS104282,450000,36,MEDICAL,2026-07-29 20:01:00,MOBILE
APP204283,CUS104283,501000,36,TRAVEL,2026-12-26 06:15:00,MOBILE
APP204284,CUS104284,551000,36,EDUCATION,2026-11-13 04:10:00,MOBILE
APP204285,CUS104285,486000,48,DEBT_CONSOLIDATION,2026-12-17 12:07:00,MOBILE
APP204286,CUS104286,196000,48,TRAVEL,2026-08-27 09:45:00,MOBILE
APP204287,CUS104287,127000,36,EDUCATION,2026-09-11 01:14:00,MOBILE
APP204288,CUS104288,206000,36,EDUCATION,2026-08-17 04:57:00,WEB
APP204289,CUS104289,217000,36,HOME_RENOVATION,2026-03-23 08:39:00,MOBILE
APP204290,CUS104290,291000,48,HOME_RENOVATION,2026-10-08 17:22:00,MOBILE
APP204291,CUS104291,379000,36,OTHER,2026-02-27 10:56:00,MOBILE
APP204292,CUS104292,225000,12,MEDICAL,2026-12-21 10:31:00,WEB
APP204293,CUS104293,958000,48,MEDICAL,2026-05-26 04:36:00,MOBILE
APP204294,CUS104294,424000,36,DEBT_CONSOLIDATION,2026-03-29 12:05:00,MOBILE
APP204295,CUS104295,100000,48,TRAVEL,2026-03-28 18:35:00,MOBILE
APP204296,CUS104296,619000,48,DEBT_CONSOLIDATION,2026-09-19 17:09:00,WEB
APP204297,CUS104297,558000,12,TRAVEL,2026-01-15 13:08:00,WEB
APP204298,CUS104298,315000,24,DEBT_CONSOLIDATION,2026-04-30 12:57:00,MOBILE
APP204299,CUS104299,338000,36,EDUCATION,2026-06-03 01:21:00,MOBILE
APP204300,CUS104300,327000,48,HOME_RENOVATION,2026-02-26 04:00:00,MOBILE
APP204301,CUS104301,402000,12,EDUCATION,2026-06-28 12:47:00,MOBILE
APP204302,CUS104302,204000,36,OTHER,2026-11-27 10:50:00,WEB
APP204303,CUS104303,354000,48,DEBT_CONSOLIDATION,2026-01-20 04:27:00,MOBILE
APP204304,CUS104304,283000,36,EDUCATION,2026-06-22 01:44:00,MOBILE
APP204305,CUS104305,105000,36,EDUCATION,2026-06-30 07:03:00,MOBILE
APP204306,CUS104306,302000,36,OTHER,2026-05-14 16:20:00,WEB
APP204307,CUS104307,312000,36,EDUCATION,2026-10-11 20:07:00,MOBILE
APP204308,CUS104308,945000,48,OTHER,2026-01-25 01:13:00,WEB
APP204309,CUS104309,382000,60,HOME_RENOVATION,2026-01-03 02:36:00,MOBILE
APP204310,CUS104310,467000,12,MEDICAL,2026-08-24 22:11:00,WEB
APP204311,CUS104311,230000,36,MEDICAL,2026-09-23 05:57:00,WEB
APP204312,CUS104312,161000,48,OTHER,2026-05-27 14:49:00,WEB
APP204313,CUS104313,593000,60,MEDICAL,2026-10-15 19:02:00,MOBILE
APP204314,CUS104314,384000,12,OTHER,2026-12-13 02:58:00,WEB
APP204315,CUS104315,357000,36,HOME_RENOVATION,2026-05-17 13:26:00,MOBILE
APP204316,CUS104316,491000,48,TRAVEL,2026-03-08 16:04:00,MOBILE
APP204317,CUS104317,931000,60,TRAVEL,2026-01-13 07:51:00,MOBILE
APP204318,CUS104318,648000,18,DEBT_CONSOLIDATION,2026-06-02 11:56:00,WEB
APP204319,CUS104319,254000,24,OTHER,2026-11-16 04:47:00,WEB
APP204320,CUS104320,383000,36,TRAVEL,2026-09-19 08:41:00,WEB
APP204321,CUS104321,1056000,36,EDUCATION,2026-11-10 14:17:00,MOBILE
APP204322,CUS104322,506000,24,TRAVEL,2026-01-17 02:34:00,MOBILE
APP204323,CUS104323,218000,36,MEDICAL,2026-10-14 19:11:00,WEB
APP204324,CUS104324,365000,60,OTHER,2026-10-29 09:37:00,MOBILE
APP204325,CUS104325,455000,36,MEDICAL,2026-03-29 14:47:00,WEB
APP204326,CUS104326,487000,36,HOME_RENOVATION,2026-10-08 20:03:00,WEB
APP204327,CUS104327,285000,36,MEDICAL,2026-12-04 21:05:00,MOBILE
APP204328,CUS104328,568000,48,HOME_RENOVATION,2026-04-08 17:52:00,MOBILE
APP204329,CUS104329,449000,48,MEDICAL,2026-03-16 06:23:00,WEB
APP204330,CUS104330,380000,36,MEDICAL,2026-08-31 15:21:00,WEB
APP204331,CUS104331,222000,18,EDUCATION,2026-11-16 12:18:00,MOBILE
APP204332,CUS104332,556000,36,OTHER,2026-07-14 01:45:00,WEB
APP204333,CUS104333,379000,48,MEDICAL,2026-05-30 13:06:00,WEB
APP204334,CUS104334,454000,24,MEDICAL,2026-05-08 21:04:00,MOBILE
APP204335,CUS104335,939000,12,DEBT_CONSOLIDATION,2026-07-07 02:39:00,MOBILE
APP204336,CUS104336,156000,48,OTHER,2026-12-09 17:25:00,MOBILE
APP204337,CUS104337,230000,36,HOME_RENOVATION,2026-04-10 17:13:00,MOBILE
APP204338,CUS104338,367000,36,MEDICAL,2026-05-01 22:35:00,WEB
APP204339,CUS104339,253000,12,HOME_RENOVATION,2026-04-30 00:04:00,MOBILE
APP204340,CUS104340,174000,60,OTHER,2026-12-05 22:52:00,WEB
APP204341,CUS104341,352000,24,HOME_RENOVATION,2026-09-10 03:04:00,WEB
APP204342,CUS104342,429000,60,MEDICAL,2026-01-27 17:44:00,MOBILE
APP204343,CUS104343,394000,48,MEDICAL,2026-06-15 18:26:00,MOBILE
APP204344,CUS104344,891000,36,TRAVEL,2026-06-09 10:52:00,MOBILE
APP204345,CUS104345,919000,36,EDUCATION,2026-07-08 21:40:00,WEB
APP204346,CUS104346,266000,36,MEDICAL,2026-04-16 07:04:00,WEB
APP204347,CUS104347,251000,48,DEBT_CONSOLIDATION,2026-12-30 19:04:00,WEB
APP204348,CUS104348,306000,36,MEDICAL,2026-05-06 22:13:00,MOBILE
APP204349,CUS104349,420000,36,EDUCATION,2026-04-21 09:51:00,WEB
APP204350,CUS104350,507000,36,OTHER,2026-06-29 02:28:00,WEB
APP204351,CUS104351,283000,36,DEBT_CONSOLIDATION,2026-09-08 21:20:00,WEB
APP204352,CUS104352,316000,24,OTHER,2026-03-29 06:17:00,MOBILE
APP204353,CUS104353,1027000,18,HOME_RENOVATION,2026-09-05 16:09:00,MOBILE
APP204354,CUS104354,767000,36,DEBT_CONSOLIDATION,2026-04-10 23:05:00,WEB
APP204355,CUS104355,329000,36,HOME_RENOVATION,2026-08-30 02:59:00,WEB
APP204356,CUS104356,1025000,36,DEBT_CONSOLIDATION,2026-05-17 03:53:00,MOBILE
APP204357,CUS104357,217000,18,HOME_RENOVATION,2026-08-04 14:05:00,WEB
APP204358,CUS104358,285000,48,HOME_RENOVATION,2026-04-25 23:38:00,WEB
APP204359,CUS104359,885000,48,HOME_RENOVATION,2026-03-19 12:20:00,WEB
APP204360,CUS104360,669000,36,HOME_RENOVATION,2026-05-14 20:25:00,WEB
APP204361,CUS104361,713000,18,MEDICAL,2026-09-29 12:07:00,MOBILE
APP204362,CUS104362,183000,12,OTHER,2026-10-11 12:49:00,MOBILE
APP204363,CUS104363,625000,36,TRAVEL,2026-08-31 11:52:00,MOBILE
APP204364,CUS104364,565000,36,TRAVEL,2026-07-05 23:13:00,MOBILE
APP204365,CUS104365,433000,36,OTHER,2026-11-21 20:19:00,WEB
APP204366,CUS104366,589000,24,TRAVEL,2026-05-16 23:37:00,MOBILE
APP204367,CUS104367,524000,60,TRAVEL,2026-02-10 12:08:00,MOBILE
APP204368,CUS104368,436000,48,DEBT_CONSOLIDATION,2026-03-14 07:21:00,WEB
APP204369,CUS104369,627000,60,MEDICAL,2026-11-24 12:32:00,WEB
APP204370,CUS104370,564000,36,EDUCATION,2026-11-26 11:42:00,MOBILE
APP204371,CUS104371,408000,48,OTHER,2026-04-16 09:28:00,WEB
APP204372,CUS104372,380000,48,HOME_RENOVATION,2026-09-05 16:19:00,MOBILE
APP204373,CUS104373,865000,18,EDUCATION,2026-08-04 10:47:00,MOBILE
APP204374,CUS104374,278000,36,TRAVEL,2026-03-17 10:36:00,MOBILE
APP204375,CUS104375,340000,12,MEDICAL,2026-01-03 05:01:00,MOBILE
APP204376,CUS104376,416000,36,MEDICAL,2026-09-27 10:52:00,MOBILE
APP204377,CUS104377,1172000,48,OTHER,2026-10-09 20:07:00,MOBILE
APP204378,CUS104378,347000,36,HOME_RENOVATION,2026-02-27 15:07:00,WEB
APP204379,CUS104379,432000,48,MEDICAL,2026-03-13 20:42:00,MOBILE
APP204380,CUS104380,406000,60,HOME_RENOVATION,2026-01-08 10:07:00,MOBILE
APP204381,CUS104381,719000,12,OTHER,2026-04-11 04:21:00,MOBILE
APP204382,CUS104382,310000,18,EDUCATION,2026-12-16 16:58:00,MOBILE
APP204383,CUS104383,368000,48,OTHER,2026-07-31 06:44:00,MOBILE
APP204384,CUS104384,204000,12,HOME_RENOVATION,2026-03-11 23:01:00,MOBILE
APP204385,CUS104385,557000,36,OTHER,2026-11-13 20:52:00,WEB
APP204386,CUS104386,229000,36,TRAVEL,2026-08-13 18:32:00,MOBILE
APP204387,CUS104387,425000,36,OTHER,2026-07-28 13:13:00,MOBILE
APP204388,CUS104388,585000,24,EDUCATION,2026-09-11 17:22:00,MOBILE
APP204389,CUS104389,930000,48,OTHER,2026-01-04 22:24:00,MOBILE
APP204390,CUS104390,674000,36,TRAVEL,2026-08-13 04:45:00,MOBILE
APP204391,CUS104391,286000,12,EDUCATION,2026-04-12 04:32:00,MOBILE
APP204392,CUS104392,936000,36,EDUCATION,2026-05-27 07:18:00,WEB
APP204393,CUS104393,662000,36,OTHER,2026-05-22 00:40:00,WEB
APP204394,CUS104394,766000,48,HOME_RENOVATION,2026-08-12 19:19:00,WEB
APP204395,CUS104395,232000,36,OTHER,2026-06-30 20:26:00,MOBILE
APP204396,CUS104396,247000,48,EDUCATION,2026-06-03 06:04:00,MOBILE
APP204397,CUS104397,409000,36,DEBT_CONSOLIDATION,2026-06-27 16:37:00,MOBILE
APP204398,CUS104398,734000,12,OTHER,2026-07-04 13:06:00,MOBILE
APP204399,CUS104399,738000,12,EDUCATION,2026-08-08 18:37:00,WEB
APP204400,CUS104400,266000,36,MEDICAL,2026-12-09 18:28:00,MOBILE
APP204401,CUS104401,249000,24,OTHER,2026-06-14 21:09:00,WEB
APP204402,CUS104402,377000,12,HOME_RENOVATION,2026-08-07 20:34:00,WEB
APP204403,CUS104403,640000,60,OTHER,2026-05-20 10:36:00,WEB
APP204404,CUS104404,333000,36,TRAVEL,2026-05-06 17:11:00,MOBILE
APP204405,CUS104405,100000,18,TRAVEL,2026-01-22 14:07:00,MOBILE
APP204406,CUS104406,328000,48,EDUCATION,2026-11-22 07:54:00,MOBILE
APP204407,CUS104407,398000,24,HOME_RENOVATION,2026-11-01 08:51:00,MOBILE
APP204408,CUS104408,234000,36,MEDICAL,2026-01-15 10:12:00,MOBILE
APP204409,CUS104409,246000,36,DEBT_CONSOLIDATION,2026-10-03 11:45:00,WEB
APP204410,CUS104410,813000,60,TRAVEL,2026-12-11 23:54:00,MOBILE
APP204411,CUS104411,432000,36,OTHER,2026-04-04 15:36:00,WEB
APP204412,CUS104412,436000,60,MEDICAL,2026-01-23 09:01:00,MOBILE
APP204413,CUS104413,328000,12,MEDICAL,2026-12-30 15:30:00,WEB
APP204414,CUS104414,469000,24,DEBT_CONSOLIDATION,2026-03-30 03:07:00,MOBILE
APP204415,CUS104415,1285000,36,HOME_RENOVATION,2026-08-18 00:26:00,MOBILE
APP204416,CUS104416,564000,18,DEBT_CONSOLIDATION,2026-03-19 05:08:00,MOBILE
APP204417,CUS104417,620000,36,DEBT_CONSOLIDATION,2026-06-07 09:17:00,MOBILE
APP204418,CUS104418,245000,12,DEBT_CONSOLIDATION,2026-12-26 02:29:00,WEB
APP204419,CUS104419,244000,24,OTHER,2026-03-03 07:53:00,WEB
APP204420,CUS104420,454000,48,OTHER,2026-07-16 04:40:00,WEB
APP204421,CUS104421,429000,36,DEBT_CONSOLIDATION,2026-04-04 05:04:00,MOBILE
APP204422,CUS104422,645000,36,TRAVEL,2026-10-18 04:27:00,WEB
APP204423,CUS104423,113000,24,TRAVEL,2026-09-07 03:16:00,MOBILE
APP204424,CUS104424,123000,12,HOME_RENOVATION,2026-04-29 05:28:00,MOBILE
APP204425,CUS104425,520000,24,HOME_RENOVATION,2026-07-12 02:46:00,MOBILE
APP204426,CUS104426,520000,24,TRAVEL,2026-09-05 17:55:00,WEB
APP204427,CUS104427,577000,36,TRAVEL,2026-06-19 07:26:00,MOBILE
APP204428,CUS104428,391000,36,TRAVEL,2026-01-31 22:58:00,WEB
APP204429,CUS104429,951000,36,OTHER,2026-05-06 01:19:00,WEB
APP204430,CUS104430,355000,60,HOME_RENOVATION,2026-03-10 18:32:00,MOBILE
APP204431,CUS104431,404000,24,EDUCATION,2026-05-11 13:18:00,MOBILE
APP204432,CUS104432,943000,48,MEDICAL,2026-05-01 06:06:00,WEB
APP204433,CUS104433,217000,48,TRAVEL,2026-12-14 10:49:00,WEB
APP204434,CUS104434,316000,48,MEDICAL,2026-08-05 22:24:00,MOBILE
APP204435,CUS104435,279000,36,EDUCATION,2026-09-03 13:27:00,WEB
APP204436,CUS104436,218000,18,HOME_RENOVATION,2026-05-24 04:37:00,MOBILE
APP204437,CUS104437,250000,18,DEBT_CONSOLIDATION,2026-05-12 00:55:00,WEB
APP204438,CUS104438,277000,12,HOME_RENOVATION,2026-10-11 22:22:00,MOBILE
APP204439,CUS104439,120000,12,MEDICAL,2026-08-12 19:49:00,MOBILE
APP204440,CUS104440,218000,36,HOME_RENOVATION,2026-11-05 01:48:00,WEB
APP204441,CUS104441,668000,12,TRAVEL,2026-09-09 04:39:00,MOBILE
APP204442,CUS104442,256000,36,EDUCATION,2026-08-29 23:56:00,WEB
APP204443,CUS104443,1355000,12,HOME_RENOVATION,2026-07-01 17:10:00,WEB
APP204444,CUS104444,661000,48,TRAVEL,2026-09-07 01:03:00,MOBILE
APP204445,CUS104445,214000,18,EDUCATION,2026-07-30 08:27:00,MOBILE
APP204446,CUS104446,225000,36,TRAVEL,2026-06-13 23:45:00,MOBILE
APP204447,CUS104447,160000,48,OTHER,2026-06-29 23:09:00,WEB
APP204448,CUS104448,402000,36,TRAVEL,2026-10-21 00:22:00,MOBILE
APP204449,CUS104449,256000,48,EDUCATION,2026-11-16 15:13:00,WEB
APP204450,CUS104450,472000,36,MEDICAL,2026-08-11 21:45:00,MOBILE
APP204451,CUS104451,868000,36,EDUCATION,2026-12-07 21:37:00,MOBILE
APP204452,CUS104452,988000,36,DEBT_CONSOLIDATION,2026-05-31 13:17:00,MOBILE
APP204453,CUS104453,672000,12,DEBT_CONSOLIDATION,2026-12-18 11:32:00,WEB
APP204454,CUS104454,425000,48,MEDICAL,2026-12-14 04:54:00,WEB
APP204455,CUS104455,229000,48,EDUCATION,2026-10-07 12:15:00,MOBILE
APP204456,CUS104456,296000,36,HOME_RENOVATION,2026-04-13 12:59:00,MOBILE
APP204457,CUS104457,682000,24,EDUCATION,2026-08-10 21:28:00,MOBILE
APP204458,CUS104458,506000,24,TRAVEL,2026-11-16 11:18:00,WEB
APP204459,CUS104459,305000,48,MEDICAL,2026-11-14 19:00:00,WEB
APP204460,CUS104460,387000,60,TRAVEL,2026-01-11 08:28:00,MOBILE
APP204461,CUS104461,364000,36,OTHER,2026-03-24 06:42:00,MOBILE
APP204462,CUS104462,395000,12,EDUCATION,2026-08-05 22:16:00,MOBILE
APP204463,CUS104463,215000,36,OTHER,2026-07-04 00:11:00,MOBILE
APP204464,CUS104464,493000,24,TRAVEL,2026-02-19 17:09:00,MOBILE
APP204465,CUS104465,843000,36,EDUCATION,2026-10-29 21:43:00,MOBILE
APP204466,CUS104466,641000,36,DEBT_CONSOLIDATION,2026-08-19 21:45:00,MOBILE
APP204467,CUS104467,147000,12,HOME_RENOVATION,2026-08-03 17:27:00,WEB
APP204468,CUS104468,296000,36,EDUCATION,2026-07-13 02:31:00,WEB
APP204469,CUS104469,368000,24,TRAVEL,2026-12-05 16:32:00,MOBILE
APP204470,CUS104470,618000,36,MEDICAL,2026-10-22 13:13:00,WEB
APP204471,CUS104471,479000,36,HOME_RENOVATION,2026-12-31 19:13:00,WEB
APP204472,CUS104472,193000,36,DEBT_CONSOLIDATION,2026-05-12 11:59:00,MOBILE
APP204473,CUS104473,512000,18,EDUCATION,2026-10-22 14:19:00,MOBILE
APP204474,CUS104474,312000,36,EDUCATION,2026-07-09 04:49:00,MOBILE
APP204475,CUS104475,327000,36,MEDICAL,2026-08-13 10:31:00,WEB
APP204476,CUS104476,203000,36,EDUCATION,2026-09-06 08:21:00,MOBILE
APP204477,CUS104477,544000,48,EDUCATION,2026-06-29 19:47:00,MOBILE
APP204478,CUS104478,208000,36,TRAVEL,2026-02-04 14:05:00,MOBILE
APP204479,CUS104479,274000,60,TRAVEL,2026-04-28 08:38:00,WEB
APP204480,CUS104480,1045000,36,OTHER,2026-04-16 02:53:00,WEB
APP204481,CUS104481,287000,12,DEBT_CONSOLIDATION,2026-08-28 08:31:00,MOBILE
APP204482,CUS104482,1291000,24,HOME_RENOVATION,2026-03-15 16:11:00,WEB
APP204483,CUS104483,390000,36,EDUCATION,2026-11-24 16:15:00,MOBILE
APP204484,CUS104484,336000,36,MEDICAL,2026-02-28 15:48:00,WEB
APP204485,CUS104485,693000,36,DEBT_CONSOLIDATION,2026-02-22 05:55:00,WEB
APP204486,CUS104486,252000,48,OTHER,2026-01-31 20:53:00,WEB
APP204487,CUS104487,215000,36,OTHER,2026-03-06 21:23:00,MOBILE
APP204488,CUS104488,638000,48,MEDICAL,2026-04-23 09:13:00,WEB
APP204489,CUS104489,242000,36,TRAVEL,2026-07-02 11:06:00,MOBILE
APP204490,CUS104490,403000,36,EDUCATION,2026-10-26 17:48:00,WEB
APP204491,CUS104491,731000,48,OTHER,2026-02-09 04:52:00,MOBILE
APP204492,CUS104492,317000,24,EDUCATION,2026-07-19 20:23:00,WEB
APP204493,CUS104493,467000,36,DEBT_CONSOLIDATION,2026-04-22 04:19:00,MOBILE
APP204494,CUS104494,290000,36,MEDICAL,2026-01-27 21:16:00,MOBILE
APP204495,CUS104495,295000,12,EDUCATION,2026-06-02 17:48:00,WEB
APP204496,CUS104496,614000,12,MEDICAL,2026-04-01 23:12:00,MOBILE
APP204497,CUS104497,301000,18,EDUCATION,2026-08-18 21:48:00,MOBILE
APP204498,CUS104498,264000,48,HOME_RENOVATION,2026-01-05 22:17:00,MOBILE
APP204499,CUS104499,321000,36,EDUCATION,2026-11-14 14:29:00,MOBILE
APP204500,CUS104500,411000,36,OTHER,2026-04-04 08:43:00,MOBILE
APP204501,CUS104501,419000,60,HOME_RENOVATION,2026-10-31 13:15:00,WEB
APP204502,CUS104502,714000,36,OTHER,2026-11-20 22:40:00,MOBILE
APP204503,CUS104503,182000,48,HOME_RENOVATION,2026-09-15 08:03:00,MOBILE
APP204504,CUS104504,379000,60,EDUCATION,2026-08-18 07:31:00,MOBILE
APP204505,CUS104505,368000,24,HOME_RENOVATION,2026-03-14 12:02:00,WEB
APP204506,CUS104506,268000,48,HOME_RENOVATION,2026-12-31 07:46:00,MOBILE
APP204507,CUS104507,299000,48,HOME_RENOVATION,2026-11-09 11:31:00,MOBILE
APP204508,CUS104508,297000,60,MEDICAL,2026-09-17 17:20:00,MOBILE
APP204509,CUS104509,307000,36,TRAVEL,2026-07-07 21:55:00,MOBILE
APP204510,CUS104510,210000,48,DEBT_CONSOLIDATION,2026-11-11 14:45:00,MOBILE
APP204511,CUS104511,421000,36,OTHER,2026-09-14 14:49:00,MOBILE
APP204512,CUS104512,238000,24,DEBT_CONSOLIDATION,2026-01-10 04:04:00,WEB
APP204513,CUS104513,243000,36,MEDICAL,2026-02-09 10:57:00,MOBILE
APP204514,CUS104514,414000,48,EDUCATION,2026-04-25 02:04:00,MOBILE
APP204515,CUS104515,426000,36,HOME_RENOVATION,2026-12-05 09:12:00,WEB
APP204516,CUS104516,697000,24,EDUCATION,2026-09-20 16:52:00,MOBILE
APP204517,CUS104517,330000,36,MEDICAL,2026-06-10 07:04:00,MOBILE
APP204518,CUS104518,323000,48,OTHER,2026-08-27 19:47:00,WEB
APP204519,CUS104519,305000,48,MEDICAL,2026-11-02 17:47:00,MOBILE
APP204520,CUS104520,172000,36,TRAVEL,2026-01-05 12:13:00,WEB
APP204521,CUS104521,396000,36,EDUCATION,2026-01-05 02:32:00,WEB
APP204522,CUS104522,889000,36,DEBT_CONSOLIDATION,2026-11-03 10:52:00,WEB
APP204523,CUS104523,595000,36,DEBT_CONSOLIDATION,2026-01-23 07:40:00,MOBILE
APP204524,CUS104524,130000,36,DEBT_CONSOLIDATION,2026-12-01 18:26:00,WEB
APP204525,CUS104525,635000,24,OTHER,2026-10-04 08:53:00,WEB
APP204526,CUS104526,466000,36,MEDICAL,2026-05-08 17:23:00,WEB
APP204527,CUS104527,530000,60,DEBT_CONSOLIDATION,2026-06-28 01:10:00,MOBILE
APP204528,CUS104528,667000,36,MEDICAL,2026-11-18 02:58:00,WEB
APP204529,CUS104529,100000,12,DEBT_CONSOLIDATION,2026-04-29 17:26:00,MOBILE
APP204530,CUS104530,747000,36,OTHER,2026-05-07 07:54:00,WEB
APP204531,CUS104531,565000,36,TRAVEL,2026-01-14 16:21:00,MOBILE
APP204532,CUS104532,185000,48,HOME_RENOVATION,2026-07-10 04:59:00,MOBILE
APP204533,CUS104533,314000,36,EDUCATION,2026-05-22 21:25:00,WEB
APP204534,CUS104534,237000,60,MEDICAL,2026-10-03 18:53:00,WEB
APP204535,CUS104535,547000,36,TRAVEL,2026-02-04 06:14:00,MOBILE
APP204536,CUS104536,318000,60,EDUCATION,2026-07-23 14:59:00,WEB
APP204537,CUS104537,294000,36,HOME_RENOVATION,2026-04-28 08:05:00,MOBILE
APP204538,CUS104538,285000,12,MEDICAL,2026-09-23 06:32:00,WEB
APP204539,CUS104539,965000,48,OTHER,2026-02-23 10:11:00,MOBILE
APP204540,CUS104540,446000,36,TRAVEL,2026-11-10 14:26:00,MOBILE
APP204541,CUS104541,351000,12,HOME_RENOVATION,2026-04-12 12:55:00,MOBILE
APP204542,CUS104542,296000,60,TRAVEL,2026-09-09 07:06:00,MOBILE
APP204543,CUS104543,334000,36,EDUCATION,2026-05-06 10:50:00,MOBILE
APP204544,CUS104544,2000000,18,HOME_RENOVATION,2026-12-25 13:47:00,MOBILE
APP204545,CUS104545,421000,12,OTHER,2026-09-07 20:40:00,MOBILE
APP204546,CUS104546,439000,48,HOME_RENOVATION,2026-05-25 08:07:00,MOBILE
APP204547,CUS104547,1223000,36,HOME_RENOVATION,2026-03-06 10:38:00,WEB
APP204548,CUS104548,331000,48,MEDICAL,2026-09-24 18:43:00,MOBILE
APP204549,CUS104549,527000,36,DEBT_CONSOLIDATION,2026-10-20 06:46:00,MOBILE
APP204550,CUS104550,327000,48,HOME_RENOVATION,2026-05-10 17:58:00,MOBILE
APP204551,CUS104551,530000,60,EDUCATION,2026-03-24 16:03:00,WEB
APP204552,CUS104552,355000,12,DEBT_CONSOLIDATION,2026-09-15 21:02:00,MOBILE
APP204553,CUS104553,474000,60,MEDICAL,2026-01-15 06:13:00,MOBILE
APP204554,CUS104554,523000,12,OTHER,2026-11-08 17:03:00,MOBILE
APP204555,CUS104555,183000,36,DEBT_CONSOLIDATION,2026-09-20 11:21:00,WEB
APP204556,CUS104556,250000,24,OTHER,2026-05-22 06:15:00,MOBILE
APP204557,CUS104557,457000,18,HOME_RENOVATION,2026-11-06 09:56:00,WEB
APP204558,CUS104558,302000,24,OTHER,2026-01-30 01:23:00,WEB
APP204559,CUS104559,260000,60,OTHER,2026-11-08 07:10:00,WEB
APP204560,CUS104560,1471000,36,DEBT_CONSOLIDATION,2026-02-14 06:55:00,MOBILE
APP204561,CUS104561,854000,36,EDUCATION,2026-06-06 07:16:00,MOBILE
APP204562,CUS104562,423000,24,DEBT_CONSOLIDATION,2026-01-05 12:23:00,MOBILE
APP204563,CUS104563,783000,36,MEDICAL,2026-07-11 00:46:00,WEB
APP204564,CUS104564,197000,36,HOME_RENOVATION,2026-06-09 17:41:00,MOBILE
APP204565,CUS104565,222000,18,EDUCATION,2026-05-03 10:50:00,MOBILE
APP204566,CUS104566,227000,36,EDUCATION,2026-09-26 07:40:00,MOBILE
APP204567,CUS104567,219000,60,TRAVEL,2026-05-26 02:58:00,MOBILE
APP204568,CUS104568,706000,36,MEDICAL,2026-08-13 22:07:00,MOBILE
APP204569,CUS104569,170000,48,OTHER,2026-09-28 20:08:00,MOBILE
APP204570,CUS104570,1593000,36,TRAVEL,2026-12-26 22:14:00,MOBILE
APP204571,CUS104571,598000,36,HOME_RENOVATION,2026-09-10 02:54:00,MOBILE
APP204572,CUS104572,288000,36,TRAVEL,2026-02-12 13:45:00,WEB
APP204573,CUS104573,381000,36,MEDICAL,2026-12-07 16:45:00,MOBILE
APP204574,CUS104574,324000,60,HOME_RENOVATION,2026-06-13 21:20:00,MOBILE
APP204575,CUS104575,144000,36,TRAVEL,2026-05-23 10:23:00,MOBILE
APP204576,CUS104576,314000,24,HOME_RENOVATION,2026-03-20 19:39:00,MOBILE
APP204577,CUS104577,341000,36,OTHER,2026-03-18 11:52:00,MOBILE
APP204578,CUS104578,887000,12,DEBT_CONSOLIDATION,2026-05-14 14:33:00,MOBILE
APP204579,CUS104579,619000,36,DEBT_CONSOLIDATION,2026-09-01 17:31:00,WEB
APP204580,CUS104580,868000,36,DEBT_CONSOLIDATION,2026-12-03 16:35:00,MOBILE
APP204581,CUS104581,750000,36,MEDICAL,2026-05-31 13:43:00,MOBILE
APP204582,CUS104582,317000,48,MEDICAL,2026-04-17 01:08:00,MOBILE
APP204583,CUS104583,350000,36,MEDICAL,2026-03-01 17:35:00,WEB
APP204584,CUS104584,275000,18,OTHER,2026-08-13 05:46:00,WEB
APP204585,CUS104585,507000,48,TRAVEL,2026-03-08 05:44:00,MOBILE
APP204586,CUS104586,593000,60,EDUCATION,2026-12-05 14:00:00,WEB
APP204587,CUS104587,470000,12,OTHER,2026-09-15 21:58:00,MOBILE
APP204588,CUS104588,484000,60,DEBT_CONSOLIDATION,2026-12-28 14:13:00,MOBILE
APP204589,CUS104589,742000,24,HOME_RENOVATION,2026-05-31 13:26:00,MOBILE
APP204590,CUS104590,259000,36,MEDICAL,2026-02-16 21:53:00,WEB
APP204591,CUS104591,376000,12,OTHER,2026-02-25 00:18:00,MOBILE
APP204592,CUS104592,182000,48,OTHER,2026-02-10 22:11:00,MOBILE
APP204593,CUS104593,177000,36,HOME_RENOVATION,2026-03-26 06:21:00,WEB
APP204594,CUS104594,616000,36,EDUCATION,2026-12-14 14:35:00,WEB
APP204595,CUS104595,276000,60,EDUCATION,2026-03-23 07:34:00,MOBILE
APP204596,CUS104596,518000,36,HOME_RENOVATION,2026-01-20 11:47:00,WEB
APP204597,CUS104597,615000,36,MEDICAL,2026-06-12 18:19:00,WEB
APP204598,CUS104598,768000,60,MEDICAL,2026-02-11 10:02:00,MOBILE
APP204599,CUS104599,1013000,60,MEDICAL,2026-10-25 01:21:00,MOBILE
APP204600,CUS104600,526000,48,OTHER,2026-01-09 02:02:00,WEB
APP204601,CUS104601,394000,60,EDUCATION,2026-05-07 08:30:00,MOBILE
APP204602,CUS104602,323000,36,DEBT_CONSOLIDATION,2026-07-08 08:26:00,MOBILE
APP204603,CUS104603,921000,36,DEBT_CONSOLIDATION,2026-02-27 19:16:00,MOBILE
APP204604,CUS104604,291000,36,EDUCATION,2026-07-05 09:59:00,MOBILE
APP204605,CUS104605,322000,36,DEBT_CONSOLIDATION,2026-04-20 12:37:00,WEB
APP204606,CUS104606,282000,36,TRAVEL,2026-03-15 13:27:00,MOBILE
APP204607,CUS104607,784000,12,HOME_RENOVATION,2026-10-03 13:16:00,MOBILE
APP204608,CUS104608,815000,48,TRAVEL,2026-10-11 15:39:00,MOBILE
APP204609,CUS104609,443000,60,HOME_RENOVATION,2026-11-02 17:56:00,WEB
APP204610,CUS104610,217000,36,OTHER,2026-05-25 23:32:00,WEB
APP204611,CUS104611,506000,36,TRAVEL,2026-11-17 00:40:00,MOBILE
APP204612,CUS104612,970000,60,MEDICAL,2026-03-01 04:14:00,MOBILE
APP204613,CUS104613,415000,24,TRAVEL,2026-10-09 00:27:00,MOBILE
APP204614,CUS104614,217000,60,HOME_RENOVATION,2026-09-27 11:43:00,MOBILE
APP204615,CUS104615,696000,48,OTHER,2026-08-23 21:09:00,WEB
APP204616,CUS104616,453000,60,OTHER,2026-08-28 20:25:00,WEB
APP204617,CUS104617,461000,24,OTHER,2026-03-18 22:40:00,MOBILE
APP204618,CUS104618,592000,48,HOME_RENOVATION,2026-10-21 14:42:00,MOBILE
APP204619,CUS104619,340000,24,EDUCATION,2026-06-12 18:45:00,MOBILE
APP204620,CUS104620,599000,48,OTHER,2026-02-12 03:17:00,MOBILE
APP204621,CUS104621,524000,48,OTHER,2026-12-29 10:42:00,MOBILE
APP204622,CUS104622,620000,18,HOME_RENOVATION,2026-06-20 06:49:00,MOBILE
APP204623,CUS104623,131000,12,MEDICAL,2026-12-17 02:45:00,WEB
APP204624,CUS104624,498000,36,HOME_RENOVATION,2026-02-03 04:31:00,MOBILE
APP204625,CUS104625,306000,48,HOME_RENOVATION,2026-01-25 06:39:00,WEB
APP204626,CUS104626,202000,24,DEBT_CONSOLIDATION,2026-01-21 08:46:00,WEB
APP204627,CUS104627,632000,36,MEDICAL,2026-12-01 21:12:00,WEB
APP204628,CUS104628,347000,18,TRAVEL,2026-01-07 02:07:00,MOBILE
APP204629,CUS104629,364000,18,OTHER,2026-11-10 19:02:00,WEB
APP204630,CUS104630,813000,36,DEBT_CONSOLIDATION,2026-11-26 01:53:00,MOBILE
APP204631,CUS104631,734000,36,HOME_RENOVATION,2026-07-05 11:16:00,WEB
APP204632,CUS104632,181000,24,DEBT_CONSOLIDATION,2026-05-08 17:59:00,WEB
APP204633,CUS104633,468000,36,DEBT_CONSOLIDATION,2026-12-13 12:27:00,MOBILE
APP204634,CUS104634,556000,18,HOME_RENOVATION,2026-01-19 17:47:00,MOBILE
APP204635,CUS104635,360000,36,MEDICAL,2026-07-19 03:42:00,MOBILE
APP204636,CUS104636,349000,36,HOME_RENOVATION,2026-07-15 10:06:00,WEB
APP204637,CUS104637,551000,36,DEBT_CONSOLIDATION,2026-07-15 23:22:00,WEB
APP204638,CUS104638,239000,12,MEDICAL,2026-08-21 04:42:00,WEB
APP204639,CUS104639,289000,18,MEDICAL,2026-01-16 06:22:00,MOBILE
APP204640,CUS104640,310000,48,MEDICAL,2026-02-02 07:59:00,MOBILE
APP204641,CUS104641,173000,60,OTHER,2026-01-29 04:53:00,WEB
APP204642,CUS104642,132000,24,MEDICAL,2026-06-20 22:36:00,WEB
APP204643,CUS104643,364000,48,HOME_RENOVATION,2026-11-04 02:45:00,MOBILE
APP204644,CUS104644,194000,60,OTHER,2026-03-10 06:44:00,WEB
APP204645,CUS104645,1143000,36,MEDICAL,2026-05-27 12:09:00,WEB
APP204646,CUS104646,342000,48,MEDICAL,2026-01-16 13:37:00,MOBILE
APP204647,CUS104647,331000,36,DEBT_CONSOLIDATION,2026-05-23 03:09:00,WEB
APP204648,CUS104648,575000,24,TRAVEL,2026-03-20 01:42:00,MOBILE
APP204649,CUS104649,882000,36,HOME_RENOVATION,2026-07-12 08:16:00,WEB
APP204650,CUS104650,842000,36,OTHER,2026-04-03 01:09:00,WEB
APP204651,CUS104651,362000,60,TRAVEL,2026-08-15 10:44:00,MOBILE
APP204652,CUS104652,636000,18,DEBT_CONSOLIDATION,2026-01-26 14:07:00,MOBILE
APP204653,CUS104653,681000,48,MEDICAL,2026-09-20 17:59:00,MOBILE
APP204654,CUS104654,480000,36,HOME_RENOVATION,2026-03-21 17:35:00,WEB
APP204655,CUS104655,200000,48,MEDICAL,2026-11-04 13:21:00,MOBILE
APP204656,CUS104656,197000,24,TRAVEL,2026-04-26 16:15:00,MOBILE
APP204657,CUS104657,145000,36,DEBT_CONSOLIDATION,2026-04-02 10:08:00,MOBILE
APP204658,CUS104658,736000,48,MEDICAL,2026-04-10 23:06:00,MOBILE
APP204659,CUS104659,682000,36,DEBT_CONSOLIDATION,2026-03-20 21:07:00,WEB
APP204660,CUS104660,468000,36,DEBT_CONSOLIDATION,2026-02-22 19:28:00,WEB
APP204661,CUS104661,643000,60,TRAVEL,2026-01-12 09:27:00,MOBILE
APP204662,CUS104662,529000,18,OTHER,2026-07-10 03:05:00,MOBILE
APP204663,CUS104663,352000,36,HOME_RENOVATION,2026-01-13 16:15:00,WEB
APP204664,CUS104664,219000,36,HOME_RENOVATION,2026-07-17 06:34:00,MOBILE
APP204665,CUS104665,324000,36,DEBT_CONSOLIDATION,2026-09-05 14:38:00,MOBILE
APP204666,CUS104666,374000,36,EDUCATION,2026-07-31 23:50:00,MOBILE
APP204667,CUS104667,377000,48,OTHER,2026-12-15 01:53:00,MOBILE
APP204668,CUS104668,417000,60,EDUCATION,2026-12-13 19:00:00,MOBILE
APP204669,CUS104669,169000,18,OTHER,2026-06-26 01:00:00,MOBILE
APP204670,CUS104670,633000,36,TRAVEL,2026-09-22 00:56:00,MOBILE
APP204671,CUS104671,437000,36,EDUCATION,2026-03-08 14:36:00,WEB
APP204672,CUS104672,465000,36,EDUCATION,2026-08-15 00:31:00,MOBILE
APP204673,CUS104673,269000,48,HOME_RENOVATION,2026-03-01 14:43:00,WEB
APP204674,CUS104674,217000,36,DEBT_CONSOLIDATION,2026-07-24 00:41:00,MOBILE
APP204675,CUS104675,471000,60,EDUCATION,2026-12-30 14:24:00,WEB
APP204676,CUS104676,331000,36,MEDICAL,2026-01-03 09:47:00,MOBILE
APP204677,CUS104677,303000,36,HOME_RENOVATION,2026-02-01 09:21:00,WEB
APP204678,CUS104678,707000,36,TRAVEL,2026-08-21 07:00:00,MOBILE
APP204679,CUS104679,586000,18,TRAVEL,2026-02-18 15:01:00,WEB
APP204680,CUS104680,515000,36,OTHER,2026-08-21 03:16:00,WEB
APP204681,CUS104681,507000,36,MEDICAL,2026-12-19 12:19:00,WEB
APP204682,CUS104682,385000,36,HOME_RENOVATION,2026-02-25 11:45:00,WEB
APP204683,CUS104683,282000,48,TRAVEL,2026-02-17 22:58:00,WEB
APP204684,CUS104684,1075000,36,DEBT_CONSOLIDATION,2026-06-29 01:20:00,MOBILE
APP204685,CUS104685,849000,60,TRAVEL,2026-05-12 14:54:00,WEB
APP204686,CUS104686,455000,24,EDUCATION,2026-02-16 02:50:00,WEB
APP204687,CUS104687,551000,36,MEDICAL,2026-09-17 23:57:00,WEB
APP204688,CUS104688,408000,36,EDUCATION,2026-09-23 20:05:00,WEB
APP204689,CUS104689,713000,36,MEDICAL,2026-04-27 01:26:00,MOBILE
APP204690,CUS104690,696000,36,MEDICAL,2026-03-18 03:06:00,MOBILE
APP204691,CUS104691,125000,24,EDUCATION,2026-05-01 18:06:00,WEB
APP204692,CUS104692,214000,24,TRAVEL,2026-10-09 05:40:00,MOBILE
APP204693,CUS104693,1209000,18,DEBT_CONSOLIDATION,2026-12-16 23:20:00,MOBILE
APP204694,CUS104694,128000,24,MEDICAL,2026-04-02 08:34:00,MOBILE
APP204695,CUS104695,417000,12,EDUCATION,2026-12-02 13:48:00,WEB
APP204696,CUS104696,1183000,12,MEDICAL,2026-01-25 03:53:00,MOBILE
APP204697,CUS104697,231000,36,HOME_RENOVATION,2026-10-01 03:31:00,MOBILE
APP204698,CUS104698,144000,12,HOME_RENOVATION,2026-10-21 19:44:00,MOBILE
APP204699,CUS104699,168000,48,EDUCATION,2026-12-21 03:47:00,MOBILE
APP204700,CUS104700,176000,48,DEBT_CONSOLIDATION,2026-04-06 18:02:00,MOBILE
APP204701,CUS104701,182000,48,EDUCATION,2026-05-24 14:28:00,MOBILE
APP204702,CUS104702,506000,48,EDUCATION,2026-11-15 16:27:00,WEB
APP204703,CUS104703,541000,60,OTHER,2026-02-19 22:23:00,MOBILE
APP204704,CUS104704,224000,36,DEBT_CONSOLIDATION,2026-09-14 22:56:00,WEB
APP204705,CUS104705,272000,36,EDUCATION,2026-08-16 22:43:00,MOBILE
APP204706,CUS104706,728000,60,EDUCATION,2026-07-18 06:31:00,WEB
APP204707,CUS104707,261000,36,TRAVEL,2026-03-05 10:35:00,MOBILE
APP204708,CUS104708,933000,36,EDUCATION,2026-12-14 11:05:00,MOBILE
APP204709,CUS104709,1052000,48,MEDICAL,2026-09-20 22:22:00,MOBILE
APP204710,CUS104710,287000,60,OTHER,2026-04-04 19:19:00,MOBILE
APP204711,CUS104711,334000,36,MEDICAL,2026-10-29 06:24:00,MOBILE
APP204712,CUS104712,343000,48,TRAVEL,2026-10-17 07:35:00,WEB
APP204713,CUS104713,150000,60,MEDICAL,2026-12-09 06:56:00,MOBILE
APP204714,CUS104714,290000,60,TRAVEL,2026-10-30 17:50:00,MOBILE
APP204715,CUS104715,871000,24,MEDICAL,2026-09-18 03:16:00,MOBILE
APP204716,CUS104716,154000,36,TRAVEL,2026-11-05 17:02:00,MOBILE
APP204717,CUS104717,528000,36,EDUCATION,2026-10-16 06:24:00,WEB
APP204718,CUS104718,343000,12,DEBT_CONSOLIDATION,2026-07-09 20:33:00,WEB
APP204719,CUS104719,349000,18,OTHER,2026-11-01 23:11:00,WEB
APP204720,CUS104720,325000,12,TRAVEL,2026-10-24 21:28:00,WEB
APP204721,CUS104721,927000,36,MEDICAL,2026-03-11 09:55:00,WEB
APP204722,CUS104722,748000,60,DEBT_CONSOLIDATION,2026-11-11 22:31:00,WEB
APP204723,CUS104723,638000,24,OTHER,2026-10-29 10:22:00,MOBILE
APP204724,CUS104724,169000,48,MEDICAL,2026-11-24 20:09:00,MOBILE
APP204725,CUS104725,269000,60,EDUCATION,2026-04-19 07:41:00,MOBILE
APP204726,CUS104726,213000,36,EDUCATION,2026-09-22 21:25:00,MOBILE
APP204727,CUS104727,425000,24,TRAVEL,2026-09-18 10:58:00,MOBILE
APP204728,CUS104728,178000,60,TRAVEL,2026-08-08 12:53:00,MOBILE
APP204729,CUS104729,281000,60,DEBT_CONSOLIDATION,2026-02-22 05:54:00,MOBILE
APP204730,CUS104730,565000,60,HOME_RENOVATION,2026-04-04 11:34:00,MOBILE
APP204731,CUS104731,964000,18,MEDICAL,2026-04-16 20:34:00,MOBILE
APP204732,CUS104732,347000,12,MEDICAL,2026-03-26 17:22:00,MOBILE
APP204733,CUS104733,198000,36,HOME_RENOVATION,2026-05-01 23:18:00,WEB
APP204734,CUS104734,1135000,48,HOME_RENOVATION,2026-03-31 16:13:00,MOBILE
APP204735,CUS104735,281000,36,HOME_RENOVATION,2026-04-19 12:55:00,MOBILE
APP204736,CUS104736,1211000,36,OTHER,2026-09-20 06:38:00,MOBILE
APP204737,CUS104737,399000,36,MEDICAL,2026-05-02 06:54:00,MOBILE
APP204738,CUS104738,146000,48,DEBT_CONSOLIDATION,2026-08-05 11:24:00,MOBILE
APP204739,CUS104739,910000,36,DEBT_CONSOLIDATION,2026-06-20 20:50:00,MOBILE
APP204740,CUS104740,781000,18,EDUCATION,2026-07-04 13:59:00,WEB
APP204741,CUS104741,1262000,60,MEDICAL,2026-06-08 02:59:00,WEB
APP204742,CUS104742,188000,36,TRAVEL,2026-12-12 22:57:00,WEB
APP204743,CUS104743,324000,24,MEDICAL,2026-08-15 20:18:00,WEB
APP204744,CUS104744,414000,24,TRAVEL,2026-03-25 22:58:00,MOBILE
APP204745,CUS104745,342000,36,MEDICAL,2026-05-10 21:16:00,MOBILE
APP204746,CUS104746,911000,12,EDUCATION,2026-06-11 03:43:00,MOBILE
APP204747,CUS104747,348000,48,OTHER,2026-04-30 11:59:00,WEB
APP204748,CUS104748,578000,60,OTHER,2026-06-17 09:03:00,WEB
APP204749,CUS104749,386000,36,MEDICAL,2026-03-08 22:58:00,MOBILE
APP204750,CUS104750,283000,48,MEDICAL,2026-04-04 20:03:00,WEB
APP204751,CUS104751,177000,48,OTHER,2026-04-09 18:03:00,MOBILE
APP204752,CUS104752,270000,36,HOME_RENOVATION,2026-02-11 13:29:00,MOBILE
APP204753,CUS104753,654000,36,TRAVEL,2026-03-04 08:53:00,MOBILE
APP204754,CUS104754,538000,48,DEBT_CONSOLIDATION,2026-08-25 01:46:00,MOBILE
APP204755,CUS104755,242000,24,HOME_RENOVATION,2026-12-01 10:39:00,MOBILE
APP204756,CUS104756,272000,36,EDUCATION,2026-07-29 03:11:00,MOBILE
APP204757,CUS104757,636000,24,DEBT_CONSOLIDATION,2026-06-22 03:46:00,WEB
APP204758,CUS104758,259000,48,MEDICAL,2026-02-23 11:33:00,MOBILE
APP204759,CUS104759,227000,48,DEBT_CONSOLIDATION,2026-01-22 21:50:00,MOBILE
APP204760,CUS104760,267000,36,DEBT_CONSOLIDATION,2026-12-30 06:26:00,MOBILE
APP204761,CUS104761,546000,36,OTHER,2026-04-18 01:57:00,WEB
APP204762,CUS104762,458000,36,MEDICAL,2026-01-23 00:05:00,WEB
APP204763,CUS104763,323000,60,EDUCATION,2026-07-29 09:33:00,WEB
APP204764,CUS104764,202000,12,HOME_RENOVATION,2026-04-30 05:49:00,WEB
APP204765,CUS104765,519000,36,TRAVEL,2026-03-15 11:43:00,MOBILE
APP204766,CUS104766,541000,24,EDUCATION,2026-05-30 21:20:00,WEB
APP204767,CUS104767,100000,36,MEDICAL,2026-01-11 09:52:00,MOBILE
APP204768,CUS104768,553000,36,TRAVEL,2026-05-22 01:14:00,WEB
APP204769,CUS104769,289000,36,OTHER,2026-03-23 09:54:00,MOBILE
APP204770,CUS104770,330000,36,EDUCATION,2026-10-11 12:40:00,MOBILE
APP204771,CUS104771,187000,48,OTHER,2026-03-12 03:07:00,WEB
APP204772,CUS104772,619000,48,EDUCATION,2026-05-20 19:51:00,MOBILE
APP204773,CUS104773,445000,24,MEDICAL,2026-11-21 10:35:00,MOBILE
APP204774,CUS104774,242000,24,HOME_RENOVATION,2026-03-08 10:37:00,MOBILE
APP204775,CUS104775,162000,24,MEDICAL,2026-08-02 15:35:00,MOBILE
APP204776,CUS104776,470000,36,HOME_RENOVATION,2026-03-22 14:34:00,MOBILE
APP204777,CUS104777,478000,36,OTHER,2026-05-03 11:35:00,WEB
APP204778,CUS104778,400000,60,DEBT_CONSOLIDATION,2026-12-13 11:56:00,MOBILE
APP204779,CUS104779,249000,48,OTHER,2026-08-07 09:32:00,MOBILE
APP204780,CUS104780,261000,36,TRAVEL,2026-02-02 12:24:00,MOBILE
APP204781,CUS104781,232000,36,TRAVEL,2026-01-10 02:54:00,WEB
APP204782,CUS104782,258000,12,EDUCATION,2026-06-28 01:14:00,MOBILE
APP204783,CUS104783,784000,36,OTHER,2026-05-17 06:56:00,MOBILE
APP204784,CUS104784,276000,12,EDUCATION,2026-09-12 23:45:00,MOBILE
APP204785,CUS104785,654000,18,MEDICAL,2026-03-31 11:57:00,WEB
APP204786,CUS104786,1555000,60,HOME_RENOVATION,2026-05-28 05:42:00,MOBILE
APP204787,CUS104787,1208000,24,MEDICAL,2026-09-25 07:00:00,MOBILE
APP204788,CUS104788,188000,48,DEBT_CONSOLIDATION,2026-06-10 06:08:00,MOBILE
APP204789,CUS104789,284000,36,DEBT_CONSOLIDATION,2026-03-28 01:02:00,WEB
APP204790,CUS104790,395000,36,HOME_RENOVATION,2026-03-01 11:09:00,MOBILE
APP204791,CUS104791,336000,18,MEDICAL,2026-04-14 15:56:00,MOBILE
APP204792,CUS104792,217000,36,EDUCATION,2026-08-02 10:36:00,MOBILE
APP204793,CUS104793,387000,48,TRAVEL,2026-08-27 12:34:00,MOBILE
APP204794,CUS104794,214000,36,MEDICAL,2026-04-12 07:41:00,WEB
APP204795,CUS104795,912000,36,HOME_RENOVATION,2026-04-27 15:13:00,WEB
APP204796,CUS104796,683000,36,OTHER,2026-07-23 14:39:00,MOBILE
APP204797,CUS104797,587000,18,OTHER,2026-07-23 06:09:00,MOBILE
APP204798,CUS104798,541000,18,MEDICAL,2026-08-20 07:24:00,MOBILE
APP204799,CUS104799,947000,36,MEDICAL,2026-05-17 21:45:00,MOBILE
APP204800,CUS104800,374000,36,DEBT_CONSOLIDATION,2026-01-08 18:28:00,MOBILE
APP204801,CUS104801,830000,36,OTHER,2026-12-08 17:25:00,MOBILE
APP204802,CUS104802,1225000,36,MEDICAL,2026-08-06 16:01:00,MOBILE
APP204803,CUS104803,302000,36,EDUCATION,2026-08-08 11:25:00,MOBILE
APP204804,CUS104804,527000,60,MEDICAL,2026-09-23 15:30:00,WEB
APP204805,CUS104805,669000,36,DEBT_CONSOLIDATION,2026-12-16 10:18:00,MOBILE
APP204806,CUS104806,368000,24,MEDICAL,2026-05-04 00:09:00,MOBILE
APP204807,CUS104807,344000,36,DEBT_CONSOLIDATION,2026-04-07 11:34:00,MOBILE
APP204808,CUS104808,523000,36,EDUCATION,2026-12-08 14:54:00,MOBILE
APP204809,CUS104809,211000,18,TRAVEL,2026-05-20 09:56:00,WEB
APP204810,CUS104810,232000,24,MEDICAL,2026-06-06 08:36:00,MOBILE
APP204811,CUS104811,161000,24,OTHER,2026-12-15 05:39:00,MOBILE
APP204812,CUS104812,428000,36,HOME_RENOVATION,2026-10-05 20:26:00,WEB
APP204813,CUS104813,590000,36,DEBT_CONSOLIDATION,2026-06-02 03:03:00,WEB
APP204814,CUS104814,1172000,48,DEBT_CONSOLIDATION,2026-04-22 11:12:00,MOBILE
APP204815,CUS104815,544000,24,EDUCATION,2026-02-18 17:35:00,MOBILE
APP204816,CUS104816,249000,36,MEDICAL,2026-06-13 21:34:00,WEB
APP204817,CUS104817,831000,36,DEBT_CONSOLIDATION,2026-11-18 09:18:00,MOBILE
APP204818,CUS104818,198000,12,DEBT_CONSOLIDATION,2026-12-01 23:25:00,WEB
APP204819,CUS104819,332000,36,TRAVEL,2026-08-18 06:07:00,WEB
APP204820,CUS104820,303000,24,TRAVEL,2026-03-16 23:32:00,MOBILE
APP204821,CUS104821,614000,36,HOME_RENOVATION,2026-08-31 22:32:00,WEB
APP204822,CUS104822,817000,24,TRAVEL,2026-11-15 09:15:00,MOBILE
APP204823,CUS104823,945000,48,OTHER,2026-12-04 05:29:00,MOBILE
APP204824,CUS104824,375000,60,MEDICAL,2026-08-28 20:25:00,WEB
APP204825,CUS104825,274000,24,DEBT_CONSOLIDATION,2026-04-11 09:49:00,MOBILE
APP204826,CUS104826,394000,48,TRAVEL,2026-09-21 00:52:00,MOBILE
APP204827,CUS104827,228000,12,OTHER,2026-06-28 17:06:00,MOBILE
APP204828,CUS104828,477000,18,DEBT_CONSOLIDATION,2026-12-08 12:40:00,WEB
APP204829,CUS104829,386000,36,EDUCATION,2026-08-18 23:12:00,MOBILE
APP204830,CUS104830,449000,24,MEDICAL,2026-01-21 10:05:00,MOBILE
APP204831,CUS104831,248000,24,HOME_RENOVATION,2026-09-03 20:28:00,MOBILE
APP204832,CUS104832,186000,36,EDUCATION,2026-06-26 12:22:00,MOBILE
APP204833,CUS104833,392000,48,MEDICAL,2026-08-31 01:48:00,WEB
APP204834,CUS104834,595000,24,HOME_RENOVATION,2026-02-20 00:53:00,MOBILE
APP204835,CUS104835,334000,24,HOME_RENOVATION,2026-12-13 16:24:00,MOBILE
APP204836,CUS104836,395000,48,TRAVEL,2026-09-09 00:46:00,MOBILE
APP204837,CUS104837,422000,48,TRAVEL,2026-05-19 16:03:00,MOBILE
APP204838,CUS104838,402000,12,MEDICAL,2026-09-05 05:50:00,MOBILE
APP204839,CUS104839,156000,36,EDUCATION,2026-07-11 06:38:00,WEB
APP204840,CUS104840,685000,36,HOME_RENOVATION,2026-12-10 17:30:00,MOBILE
APP204841,CUS104841,647000,60,OTHER,2026-01-20 06:43:00,MOBILE
APP204842,CUS104842,175000,36,MEDICAL,2026-04-27 08:49:00,MOBILE
APP204843,CUS104843,838000,24,DEBT_CONSOLIDATION,2026-03-26 08:13:00,MOBILE
APP204844,CUS104844,624000,36,OTHER,2026-02-17 19:47:00,MOBILE
APP204845,CUS104845,320000,36,TRAVEL,2026-08-06 22:47:00,WEB
APP204846,CUS104846,1131000,36,DEBT_CONSOLIDATION,2026-07-10 02:28:00,MOBILE
APP204847,CUS104847,934000,12,DEBT_CONSOLIDATION,2026-08-18 17:59:00,MOBILE
APP204848,CUS104848,527000,48,TRAVEL,2026-07-05 13:25:00,MOBILE
APP204849,CUS104849,960000,48,TRAVEL,2026-10-12 03:22:00,MOBILE
APP204850,CUS104850,343000,24,TRAVEL,2026-10-18 03:34:00,MOBILE
APP204851,CUS104851,160000,24,EDUCATION,2026-04-09 19:12:00,WEB
APP204852,CUS104852,246000,24,DEBT_CONSOLIDATION,2026-12-26 21:17:00,MOBILE
APP204853,CUS104853,789000,36,EDUCATION,2026-12-09 20:46:00,MOBILE
APP204854,CUS104854,1014000,36,OTHER,2026-04-15 10:07:00,WEB
APP204855,CUS104855,395000,12,TRAVEL,2026-08-19 20:31:00,MOBILE
APP204856,CUS104856,244000,48,DEBT_CONSOLIDATION,2026-07-14 19:41:00,WEB
APP204857,CUS104857,451000,36,DEBT_CONSOLIDATION,2026-12-20 10:10:00,MOBILE
APP204858,CUS104858,113000,24,HOME_RENOVATION,2026-10-19 00:12:00,WEB
APP204859,CUS104859,584000,36,OTHER,2026-07-12 14:47:00,MOBILE
APP204860,CUS104860,380000,48,TRAVEL,2026-09-20 08:28:00,MOBILE
APP204861,CUS104861,472000,48,HOME_RENOVATION,2026-10-03 09:30:00,WEB
APP204862,CUS104862,713000,36,MEDICAL,2026-04-05 14:42:00,MOBILE
APP204863,CUS104863,355000,36,MEDICAL,2026-07-13 10:47:00,WEB
APP204864,CUS104864,597000,36,TRAVEL,2026-08-17 22:59:00,MOBILE
APP204865,CUS104865,153000,18,MEDICAL,2026-03-30 17:24:00,WEB
APP204866,CUS104866,709000,24,EDUCATION,2026-06-11 05:01:00,MOBILE
APP204867,CUS104867,295000,36,HOME_RENOVATION,2026-07-06 15:29:00,MOBILE
APP204868,CUS104868,811000,24,TRAVEL,2026-08-24 06:05:00,MOBILE
APP204869,CUS104869,125000,60,HOME_RENOVATION,2026-04-05 20:36:00,MOBILE
APP204870,CUS104870,559000,48,HOME_RENOVATION,2026-10-09 09:49:00,WEB
APP204871,CUS104871,535000,48,MEDICAL,2026-02-16 14:42:00,WEB
APP204872,CUS104872,478000,48,DEBT_CONSOLIDATION,2026-05-03 07:06:00,WEB
APP204873,CUS104873,183000,60,OTHER,2026-06-10 03:58:00,MOBILE
APP204874,CUS104874,561000,36,EDUCATION,2026-07-15 22:56:00,MOBILE
APP204875,CUS104875,442000,12,MEDICAL,2026-05-03 05:17:00,MOBILE
APP204876,CUS104876,417000,60,OTHER,2026-03-03 00:45:00,MOBILE
APP204877,CUS104877,708000,24,DEBT_CONSOLIDATION,2026-11-14 10:49:00,MOBILE
APP204878,CUS104878,217000,36,TRAVEL,2026-09-13 05:16:00,WEB
APP204879,CUS104879,599000,18,HOME_RENOVATION,2026-09-06 22:56:00,MOBILE
APP204880,CUS104880,686000,36,HOME_RENOVATION,2026-05-19 03:23:00,MOBILE
APP204881,CUS104881,368000,60,OTHER,2026-07-15 23:12:00,WEB
APP204882,CUS104882,442000,24,MEDICAL,2026-09-14 17:17:00,MOBILE
APP204883,CUS104883,201000,36,MEDICAL,2026-04-02 07:49:00,WEB
APP204884,CUS104884,481000,48,TRAVEL,2026-06-05 03:47:00,MOBILE
APP204885,CUS104885,508000,36,DEBT_CONSOLIDATION,2026-10-14 10:04:00,WEB
APP204886,CUS104886,402000,36,DEBT_CONSOLIDATION,2026-06-05 18:35:00,WEB
APP204887,CUS104887,732000,36,TRAVEL,2026-10-26 22:18:00,WEB
APP204888,CUS104888,495000,24,MEDICAL,2026-07-05 17:43:00,MOBILE
APP204889,CUS104889,917000,36,EDUCATION,2026-02-17 10:19:00,MOBILE
APP204890,CUS104890,1397000,36,TRAVEL,2026-02-07 16:55:00,MOBILE
APP204891,CUS104891,740000,36,EDUCATION,2026-04-15 16:42:00,MOBILE
APP204892,CUS104892,288000,18,MEDICAL,2026-05-04 23:01:00,WEB
APP204893,CUS104893,900000,36,OTHER,2026-08-25 20:35:00,MOBILE
APP204894,CUS104894,507000,60,EDUCATION,2026-02-08 13:39:00,MOBILE
APP204895,CUS104895,273000,36,HOME_RENOVATION,2026-04-24 23:41:00,MOBILE
APP204896,CUS104896,241000,12,OTHER,2026-03-08 03:32:00,MOBILE
APP204897,CUS104897,325000,36,OTHER,2026-04-19 13:03:00,MOBILE
APP204898,CUS104898,388000,36,DEBT_CONSOLIDATION,2026-05-20 05:11:00,MOBILE
APP204899,CUS104899,228000,36,TRAVEL,2026-03-19 22:02:00,MOBILE
APP204900,CUS104900,589000,36,MEDICAL,2026-09-07 02:24:00,MOBILE
APP204901,CUS104901,140000,24,DEBT_CONSOLIDATION,2026-07-21 03:46:00,WEB
APP204902,CUS104902,803000,36,DEBT_CONSOLIDATION,2026-07-29 20:59:00,WEB
APP204903,CUS104903,330000,36,HOME_RENOVATION,2026-10-12 11:32:00,WEB
APP204904,CUS104904,567000,60,HOME_RENOVATION,2026-10-14 01:25:00,MOBILE
APP204905,CUS104905,402000,24,DEBT_CONSOLIDATION,2026-02-26 08:03:00,WEB
APP204906,CUS104906,339000,36,OTHER,2026-11-02 08:05:00,MOBILE
APP204907,CUS104907,167000,36,OTHER,2026-04-14 15:01:00,MOBILE
APP204908,CUS104908,381000,12,MEDICAL,2026-11-09 17:19:00,MOBILE
APP204909,CUS104909,170000,48,OTHER,2026-02-13 07:42:00,WEB
APP204910,CUS104910,528000,36,MEDICAL,2026-09-12 14:35:00,MOBILE
APP204911,CUS104911,458000,36,OTHER,2026-04-15 02:46:00,MOBILE
APP204912,CUS104912,521000,24,HOME_RENOVATION,2026-01-22 14:08:00,MOBILE
APP204913,CUS104913,335000,60,EDUCATION,2026-09-16 09:21:00,MOBILE
APP204914,CUS104914,486000,60,MEDICAL,2026-11-14 08:01:00,MOBILE
APP204915,CUS104915,719000,18,HOME_RENOVATION,2026-09-11 22:15:00,MOBILE
APP204916,CUS104916,878000,60,DEBT_CONSOLIDATION,2026-12-22 02:12:00,MOBILE
APP204917,CUS104917,1392000,60,HOME_RENOVATION,2026-09-10 11:24:00,WEB
APP204918,CUS104918,676000,36,DEBT_CONSOLIDATION,2026-04-09 13:52:00,WEB
APP204919,CUS104919,687000,24,HOME_RENOVATION,2026-09-21 07:24:00,WEB
APP204920,CUS104920,469000,48,MEDICAL,2026-04-24 17:54:00,WEB
APP204921,CUS104921,273000,48,HOME_RENOVATION,2026-02-16 16:02:00,MOBILE
APP204922,CUS104922,505000,36,EDUCATION,2026-07-25 22:58:00,MOBILE
APP204923,CUS104923,644000,48,TRAVEL,2026-01-16 22:56:00,WEB
APP204924,CUS104924,378000,36,DEBT_CONSOLIDATION,2026-08-09 11:20:00,MOBILE
APP204925,CUS104925,338000,36,OTHER,2026-10-05 01:41:00,MOBILE
APP204926,CUS104926,379000,48,EDUCATION,2026-04-04 13:06:00,MOBILE
APP204927,CUS104927,134000,12,MEDICAL,2026-12-07 19:49:00,WEB
APP204928,CUS104928,1463000,36,MEDICAL,2026-12-22 12:58:00,MOBILE
APP204929,CUS104929,605000,36,DEBT_CONSOLIDATION,2026-03-01 09:22:00,WEB
APP204930,CUS104930,432000,36,MEDICAL,2026-11-21 01:10:00,WEB
APP204931,CUS104931,535000,60,DEBT_CONSOLIDATION,2026-06-29 12:21:00,WEB
APP204932,CUS104932,495000,36,MEDICAL,2026-01-11 12:14:00,MOBILE
APP204933,CUS104933,609000,18,HOME_RENOVATION,2026-08-06 04:00:00,WEB
APP204934,CUS104934,202000,36,OTHER,2026-02-26 14:06:00,WEB
APP204935,CUS104935,532000,24,EDUCATION,2026-01-21 18:58:00,MOBILE
APP204936,CUS104936,217000,60,DEBT_CONSOLIDATION,2026-01-17 19:53:00,MOBILE
APP204937,CUS104937,431000,36,TRAVEL,2026-11-07 00:07:00,WEB
APP204938,CUS104938,433000,36,EDUCATION,2026-10-12 20:23:00,WEB
APP204939,CUS104939,445000,18,TRAVEL,2026-03-27 21:17:00,WEB
APP204940,CUS104940,557000,12,EDUCATION,2026-05-09 20:52:00,MOBILE
APP204941,CUS104941,523000,24,DEBT_CONSOLIDATION,2026-11-13 07:27:00,MOBILE
APP204942,CUS104942,996000,36,MEDICAL,2026-07-07 01:46:00,MOBILE
APP204943,CUS104943,276000,60,HOME_RENOVATION,2026-11-10 11:32:00,WEB
APP204944,CUS104944,579000,24,MEDICAL,2026-07-21 14:21:00,MOBILE
APP204945,CUS104945,436000,12,MEDICAL,2026-02-26 17:53:00,MOBILE
APP204946,CUS104946,533000,24,OTHER,2026-05-14 20:08:00,MOBILE
APP204947,CUS104947,215000,36,EDUCATION,2026-12-31 16:33:00,MOBILE
APP204948,CUS104948,219000,18,DEBT_CONSOLIDATION,2026-11-11 09:52:00,MOBILE
APP204949,CUS104949,622000,18,TRAVEL,2026-08-22 18:20:00,MOBILE
APP204950,CUS104950,786000,36,TRAVEL,2026-04-27 07:09:00,MOBILE
APP204951,CUS104951,1103000,36,DEBT_CONSOLIDATION,2026-07-07 12:06:00,WEB
APP204952,CUS104952,767000,48,EDUCATION,2026-11-14 02:15:00,WEB
APP204953,CUS104953,378000,24,HOME_RENOVATION,2026-12-05 09:15:00,MOBILE
APP204954,CUS104954,470000,48,OTHER,2026-05-04 18:47:00,MOBILE
APP204955,CUS104955,677000,60,HOME_RENOVATION,2026-01-16 15:09:00,WEB
APP204956,CUS104956,481000,36,OTHER,2026-11-19 12:04:00,WEB
APP204957,CUS104957,479000,12,TRAVEL,2026-09-14 04:45:00,WEB
APP204958,CUS104958,660000,24,DEBT_CONSOLIDATION,2026-10-25 15:56:00,WEB
APP204959,CUS104959,333000,60,DEBT_CONSOLIDATION,2026-11-16 22:42:00,MOBILE
APP204960,CUS104960,203000,12,MEDICAL,2026-05-09 03:59:00,WEB
APP204961,CUS104961,100000,36,DEBT_CONSOLIDATION,2026-04-18 04:02:00,WEB
APP204962,CUS104962,668000,36,TRAVEL,2026-12-22 13:49:00,WEB
APP204963,CUS104963,208000,36,DEBT_CONSOLIDATION,2026-05-22 08:16:00,WEB
APP204964,CUS104964,132000,48,EDUCATION,2026-08-14 18:10:00,WEB
APP204965,CUS104965,292000,24,MEDICAL,2026-08-19 01:27:00,MOBILE
APP204966,CUS104966,957000,12,TRAVEL,2026-10-20 09:34:00,WEB
APP204967,CUS104967,134000,48,TRAVEL,2026-01-27 18:02:00,WEB
APP204968,CUS104968,674000,36,MEDICAL,2026-06-30 21:52:00,MOBILE
APP204969,CUS104969,411000,48,EDUCATION,2026-12-28 17:38:00,WEB
APP204970,CUS104970,638000,36,DEBT_CONSOLIDATION,2026-03-27 00:20:00,MOBILE
APP204971,CUS104971,821000,48,OTHER,2026-11-03 02:23:00,MOBILE
APP204972,CUS104972,329000,36,TRAVEL,2026-03-04 20:59:00,WEB
APP204973,CUS104973,575000,36,HOME_RENOVATION,2026-11-22 09:31:00,MOBILE
APP204974,CUS104974,273000,36,EDUCATION,2026-06-28 08:08:00,MOBILE
APP204975,CUS104975,434000,24,TRAVEL,2026-04-22 01:22:00,MOBILE
APP204976,CUS104976,373000,18,DEBT_CONSOLIDATION,2026-02-06 18:44:00,WEB
APP204977,CUS104977,201000,36,MEDICAL,2026-08-18 16:53:00,WEB
APP204978,CUS104978,203000,48,TRAVEL,2026-03-23 12:29:00,WEB
APP204979,CUS104979,475000,36,OTHER,2026-10-01 21:33:00,WEB
APP204980,CUS104980,653000,12,MEDICAL,2026-04-08 09:25:00,MOBILE
APP204981,CUS104981,573000,36,TRAVEL,2026-04-26 01:35:00,MOBILE
APP204982,CUS104982,312000,36,OTHER,2026-12-01 14:35:00,WEB
APP204983,CUS104983,361000,36,HOME_RENOVATION,2026-10-10 08:30:00,MOBILE
APP204984,CUS104984,363000,60,EDUCATION,2026-04-24 08:27:00,MOBILE
APP204985,CUS104985,500000,36,MEDICAL,2026-11-25 21:50:00,MOBILE
APP204986,CUS104986,528000,60,HOME_RENOVATION,2026-05-05 12:39:00,MOBILE
APP204987,CUS104987,173000,60,MEDICAL,2026-09-04 08:20:00,MOBILE
APP204988,CUS104988,458000,12,HOME_RENOVATION,2026-08-21 09:26:00,MOBILE
APP204989,CUS104989,221000,24,HOME_RENOVATION,2026-12-17 20:14:00,MOBILE
APP204990,CUS104990,686000,36,TRAVEL,2026-11-30 16:20:00,MOBILE
APP204991,CUS104991,260000,48,DEBT_CONSOLIDATION,2026-04-29 11:19:00,WEB
APP204992,CUS104992,284000,36,HOME_RENOVATION,2026-10-16 02:01:00,MOBILE
APP204993,CUS104993,428000,60,DEBT_CONSOLIDATION,2026-02-04 20:23:00,MOBILE
APP204994,CUS104994,295000,36,MEDICAL,2026-02-08 02:38:00,MOBILE
APP204995,CUS104995,479000,48,MEDICAL,2026-10-02 01:29:00,MOBILE
APP204996,CUS104996,517000,36,EDUCATION,2026-07-02 03:12:00,MOBILE
APP204997,CUS104997,553000,48,MEDICAL,2026-06-12 19:17:00,WEB
APP204998,CUS104998,150000,24,DEBT_CONSOLIDATION,2026-11-29 20:25:00,MOBILE
APP204999,CUS104999,518000,36,DEBT_CONSOLIDATION,2026-04-15 01:05:00,MOBILE
APP205000,CUS105000,290000,48,TRAVEL,2026-12-18 03:14:00,MOBILE
APP205001,CUS105001,204000,60,DEBT_CONSOLIDATION,2026-03-08 09:12:00,MOBILE
APP205002,CUS105002,301000,48,HOME_RENOVATION,2026-03-26 19:15:00,MOBILE
APP205003,CUS105003,457000,36,OTHER,2026-04-05 00:41:00,MOBILE
APP205004,CUS105004,252000,36,HOME_RENOVATION,2026-07-02 17:16:00,MOBILE
APP205005,CUS105005,281000,24,OTHER,2026-03-09 05:17:00,MOBILE
APP205006,CUS105006,107000,36,OTHER,2026-07-05 08:08:00,WEB
APP205007,CUS105007,257000,36,EDUCATION,2026-07-24 07:45:00,MOBILE
APP205008,CUS105008,100000,48,OTHER,2026-04-13 22:33:00,MOBILE
APP205009,CUS105009,356000,60,TRAVEL,2026-11-17 14:43:00,MOBILE
APP205010,CUS105010,251000,18,DEBT_CONSOLIDATION,2026-01-02 20:44:00,MOBILE
APP205011,CUS105011,255000,36,DEBT_CONSOLIDATION,2026-05-31 22:33:00,MOBILE
APP205012,CUS105012,455000,24,HOME_RENOVATION,2026-11-26 10:52:00,WEB
APP205013,CUS105013,157000,36,DEBT_CONSOLIDATION,2026-06-08 21:39:00,WEB
APP205014,CUS105014,271000,18,MEDICAL,2026-05-16 05:23:00,MOBILE
APP205015,CUS105015,217000,18,MEDICAL,2026-01-13 21:21:00,WEB
APP205016,CUS105016,584000,60,EDUCATION,2026-06-08 15:52:00,WEB
APP205017,CUS105017,587000,12,EDUCATION,2026-02-27 21:54:00,MOBILE
APP205018,CUS105018,535000,24,DEBT_CONSOLIDATION,2026-12-07 02:45:00,WEB
APP205019,CUS105019,351000,60,HOME_RENOVATION,2026-11-19 23:33:00,MOBILE
APP205020,CUS105020,160000,12,DEBT_CONSOLIDATION,2026-11-19 13:46:00,MOBILE
APP205021,CUS105021,198000,36,MEDICAL,2026-05-20 16:13:00,MOBILE
APP205022,CUS105022,218000,24,OTHER,2026-07-16 11:46:00,MOBILE
APP205023,CUS105023,327000,36,DEBT_CONSOLIDATION,2026-04-06 23:00:00,WEB
APP205024,CUS105024,166000,18,DEBT_CONSOLIDATION,2026-06-13 10:52:00,WEB
APP205025,CUS105025,587000,48,OTHER,2026-05-20 16:00:00,WEB
APP205026,CUS105026,363000,36,HOME_RENOVATION,2026-05-01 10:12:00,MOBILE
APP205027,CUS105027,763000,24,OTHER,2026-11-02 02:47:00,MOBILE
APP205028,CUS105028,579000,12,MEDICAL,2026-08-02 10:22:00,MOBILE
APP205029,CUS105029,228000,48,EDUCATION,2026-11-18 18:08:00,WEB
APP205030,CUS105030,186000,36,HOME_RENOVATION,2026-12-18 21:50:00,WEB
APP205031,CUS105031,484000,48,EDUCATION,2026-01-29 09:00:00,WEB
APP205032,CUS105032,417000,60,EDUCATION,2026-03-05 15:44:00,WEB
APP205033,CUS105033,509000,24,OTHER,2026-11-25 22:41:00,MOBILE
APP205034,CUS105034,660000,36,MEDICAL,2026-12-23 18:33:00,WEB
APP205035,CUS105035,889000,36,MEDICAL,2026-09-17 11:56:00,WEB
APP205036,CUS105036,518000,36,MEDICAL,2026-07-31 13:02:00,MOBILE
APP205037,CUS105037,449000,24,OTHER,2026-11-05 10:35:00,MOBILE
APP205038,CUS105038,572000,48,DEBT_CONSOLIDATION,2026-09-09 20:59:00,MOBILE
APP205039,CUS105039,389000,36,TRAVEL,2026-12-15 17:59:00,MOBILE
APP205040,CUS105040,550000,60,HOME_RENOVATION,2026-03-20 18:27:00,MOBILE
APP205041,CUS105041,272000,24,EDUCATION,2026-08-23 13:21:00,MOBILE
APP205042,CUS105042,683000,36,OTHER,2026-07-05 07:46:00,MOBILE
APP205043,CUS105043,876000,48,EDUCATION,2026-03-03 03:19:00,WEB
APP205044,CUS105044,278000,36,EDUCATION,2026-03-28 00:33:00,MOBILE
APP205045,CUS105045,448000,36,EDUCATION,2026-07-16 08:59:00,MOBILE
APP205046,CUS105046,270000,48,HOME_RENOVATION,2026-01-05 06:02:00,MOBILE
APP205047,CUS105047,424000,36,TRAVEL,2026-05-26 21:15:00,MOBILE
APP205048,CUS105048,526000,48,OTHER,2026-07-01 19:14:00,WEB
APP205049,CUS105049,470000,36,TRAVEL,2026-02-04 07:47:00,MOBILE
APP205050,CUS105050,490000,18,HOME_RENOVATION,2026-12-07 08:43:00,MOBILE
APP205051,CUS105051,313000,36,TRAVEL,2026-04-20 09:47:00,MOBILE
APP205052,CUS105052,419000,36,EDUCATION,2026-04-23 23:27:00,MOBILE
APP205053,CUS105053,252000,48,DEBT_CONSOLIDATION,2026-07-02 23:58:00,WEB
APP205054,CUS105054,136000,18,OTHER,2026-12-15 02:25:00,MOBILE
APP205055,CUS105055,789000,12,OTHER,2026-09-17 01:28:00,MOBILE
APP205056,CUS105056,503000,48,MEDICAL,2026-08-26 09:20:00,WEB
APP205057,CUS105057,605000,12,HOME_RENOVATION,2026-12-18 15:40:00,WEB
APP205058,CUS105058,681000,24,OTHER,2026-05-11 14:32:00,MOBILE
APP205059,CUS105059,723000,60,TRAVEL,2026-03-05 08:44:00,WEB
APP205060,CUS105060,444000,36,OTHER,2026-08-17 13:48:00,WEB
APP205061,CUS105061,386000,24,EDUCATION,2026-06-26 06:48:00,MOBILE
APP205062,CUS105062,877000,18,DEBT_CONSOLIDATION,2026-01-03 12:44:00,MOBILE
APP205063,CUS105063,331000,48,EDUCATION,2026-06-27 08:58:00,MOBILE
APP205064,CUS105064,439000,24,DEBT_CONSOLIDATION,2026-11-08 05:18:00,WEB
APP205065,CUS105065,257000,60,DEBT_CONSOLIDATION,2026-04-06 13:26:00,MOBILE
APP205066,CUS105066,997000,12,EDUCATION,2026-06-27 13:07:00,MOBILE
APP205067,CUS105067,405000,36,TRAVEL,2026-02-06 12:12:00,MOBILE
APP205068,CUS105068,188000,36,HOME_RENOVATION,2026-07-05 07:04:00,MOBILE
APP205069,CUS105069,177000,12,EDUCATION,2026-10-02 08:58:00,WEB
APP205070,CUS105070,385000,60,EDUCATION,2026-02-23 11:13:00,MOBILE
APP205071,CUS105071,173000,48,OTHER,2026-03-07 00:15:00,MOBILE
APP205072,CUS105072,148000,60,TRAVEL,2026-05-05 22:08:00,MOBILE
APP205073,CUS105073,213000,36,HOME_RENOVATION,2026-09-04 00:42:00,MOBILE
APP205074,CUS105074,1341000,18,HOME_RENOVATION,2026-02-25 17:16:00,MOBILE
APP205075,CUS105075,552000,12,DEBT_CONSOLIDATION,2026-06-03 07:00:00,MOBILE
APP205076,CUS105076,1242000,36,OTHER,2026-08-08 15:33:00,MOBILE
APP205077,CUS105077,322000,48,MEDICAL,2026-04-06 04:17:00,WEB
APP205078,CUS105078,402000,36,MEDICAL,2026-05-25 00:32:00,MOBILE
APP205079,CUS105079,641000,48,OTHER,2026-12-14 11:54:00,WEB
APP205080,CUS105080,365000,36,HOME_RENOVATION,2026-11-14 16:00:00,MOBILE
APP205081,CUS105081,345000,36,MEDICAL,2026-06-25 05:24:00,WEB
APP205082,CUS105082,846000,48,EDUCATION,2026-10-03 09:42:00,MOBILE
APP205083,CUS105083,602000,36,EDUCATION,2026-04-12 09:34:00,MOBILE
APP205084,CUS105084,167000,48,MEDICAL,2026-01-13 11:24:00,WEB
APP205085,CUS105085,589000,48,TRAVEL,2026-10-19 00:15:00,WEB
APP205086,CUS105086,260000,24,DEBT_CONSOLIDATION,2026-08-09 21:30:00,MOBILE
APP205087,CUS105087,1008000,36,DEBT_CONSOLIDATION,2026-09-09 17:13:00,MOBILE
APP205088,CUS105088,349000,36,OTHER,2026-03-31 18:26:00,MOBILE
APP205089,CUS105089,692000,36,OTHER,2026-06-15 19:50:00,MOBILE
APP205090,CUS105090,331000,24,OTHER,2026-06-02 11:21:00,WEB
APP205091,CUS105091,199000,36,OTHER,2026-04-04 12:13:00,WEB
APP205092,CUS105092,299000,36,OTHER,2026-02-16 10:47:00,WEB
APP205093,CUS105093,785000,36,HOME_RENOVATION,2026-03-15 00:34:00,WEB
APP205094,CUS105094,1244000,48,TRAVEL,2026-11-13 01:26:00,MOBILE
APP205095,CUS105095,584000,36,MEDICAL,2026-04-26 07:01:00,MOBILE
APP205096,CUS105096,218000,36,DEBT_CONSOLIDATION,2026-11-17 20:34:00,WEB
APP205097,CUS105097,450000,18,HOME_RENOVATION,2026-06-29 12:35:00,MOBILE
APP205098,CUS105098,840000,48,OTHER,2026-09-26 23:36:00,WEB
APP205099,CUS105099,348000,24,DEBT_CONSOLIDATION,2026-09-30 00:05:00,MOBILE
APP205100,CUS105100,513000,12,EDUCATION,2026-08-26 18:56:00,MOBILE
APP205101,CUS105101,515000,36,OTHER,2026-01-18 22:35:00,MOBILE
APP205102,CUS105102,496000,60,MEDICAL,2026-06-30 17:13:00,MOBILE
APP205103,CUS105103,722000,24,OTHER,2026-11-02 14:25:00,MOBILE
APP205104,CUS105104,1058000,48,OTHER,2026-08-17 20:37:00,MOBILE
APP205105,CUS105105,228000,60,EDUCATION,2026-08-07 09:42:00,WEB
APP205106,CUS105106,446000,24,OTHER,2026-03-05 03:56:00,WEB
APP205107,CUS105107,221000,48,HOME_RENOVATION,2026-10-02 13:28:00,MOBILE
APP205108,CUS105108,447000,12,TRAVEL,2026-02-06 06:08:00,WEB
APP205109,CUS105109,338000,12,OTHER,2026-03-25 04:31:00,MOBILE
APP205110,CUS105110,276000,24,TRAVEL,2026-02-23 23:57:00,MOBILE
APP205111,CUS105111,991000,24,HOME_RENOVATION,2026-07-26 05:11:00,WEB
APP205112,CUS105112,153000,48,TRAVEL,2026-08-19 10:57:00,WEB
APP205113,CUS105113,416000,36,MEDICAL,2026-03-05 06:40:00,MOBILE
APP205114,CUS105114,929000,24,DEBT_CONSOLIDATION,2026-04-01 07:18:00,MOBILE
APP205115,CUS105115,236000,18,EDUCATION,2026-02-05 10:47:00,MOBILE
APP205116,CUS105116,510000,36,DEBT_CONSOLIDATION,2026-05-19 04:06:00,WEB
APP205117,CUS105117,158000,36,EDUCATION,2026-05-24 04:42:00,MOBILE
APP205118,CUS105118,1136000,36,DEBT_CONSOLIDATION,2026-01-07 06:57:00,MOBILE
APP205119,CUS105119,330000,36,MEDICAL,2026-01-25 11:09:00,MOBILE
APP205120,CUS105120,643000,36,MEDICAL,2026-07-27 03:06:00,MOBILE
APP205121,CUS105121,514000,18,MEDICAL,2026-11-12 20:06:00,WEB
APP205122,CUS105122,157000,24,EDUCATION,2026-02-10 00:47:00,MOBILE
APP205123,CUS105123,266000,24,MEDICAL,2026-02-12 19:23:00,WEB
APP205124,CUS105124,274000,24,HOME_RENOVATION,2026-03-17 12:38:00,MOBILE
APP205125,CUS105125,363000,36,DEBT_CONSOLIDATION,2026-03-09 09:48:00,MOBILE
APP205126,CUS105126,599000,60,HOME_RENOVATION,2026-10-18 09:12:00,WEB
APP205127,CUS105127,417000,36,OTHER,2026-08-04 18:00:00,MOBILE
APP205128,CUS105128,465000,48,HOME_RENOVATION,2026-03-12 00:23:00,MOBILE
APP205129,CUS105129,277000,36,MEDICAL,2026-02-27 12:24:00,MOBILE
APP205130,CUS105130,647000,60,HOME_RENOVATION,2026-09-04 19:27:00,MOBILE
APP205131,CUS105131,425000,24,HOME_RENOVATION,2026-04-03 17:43:00,WEB
APP205132,CUS105132,421000,36,DEBT_CONSOLIDATION,2026-10-18 19:51:00,WEB
APP205133,CUS105133,459000,24,OTHER,2026-04-14 02:30:00,MOBILE
APP205134,CUS105134,416000,36,EDUCATION,2026-10-13 20:41:00,MOBILE
APP205135,CUS105135,955000,12,OTHER,2026-08-04 12:35:00,MOBILE
APP205136,CUS105136,549000,36,OTHER,2026-06-12 02:41:00,WEB
APP205137,CUS105137,629000,36,DEBT_CONSOLIDATION,2026-02-27 09:38:00,MOBILE
APP205138,CUS105138,270000,48,DEBT_CONSOLIDATION,2026-03-28 18:30:00,WEB
APP205139,CUS105139,424000,24,EDUCATION,2026-02-24 05:37:00,WEB
APP205140,CUS105140,292000,48,OTHER,2026-11-21 06:30:00,WEB
APP205141,CUS105141,388000,18,EDUCATION,2026-05-15 01:55:00,MOBILE
APP205142,CUS105142,198000,36,HOME_RENOVATION,2026-06-03 21:20:00,MOBILE
APP205143,CUS105143,455000,24,DEBT_CONSOLIDATION,2026-11-28 13:19:00,MOBILE
APP205144,CUS105144,448000,60,TRAVEL,2026-10-09 16:23:00,MOBILE
APP205145,CUS105145,182000,36,MEDICAL,2026-04-27 01:33:00,WEB
APP205146,CUS105146,238000,24,DEBT_CONSOLIDATION,2026-04-17 23:18:00,MOBILE
APP205147,CUS105147,322000,18,OTHER,2026-01-14 19:42:00,MOBILE
APP205148,CUS105148,426000,36,HOME_RENOVATION,2026-09-14 10:03:00,MOBILE
APP205149,CUS105149,628000,36,HOME_RENOVATION,2026-11-27 01:20:00,MOBILE
APP205150,CUS105150,413000,60,MEDICAL,2026-04-03 06:17:00,WEB
APP205151,CUS105151,602000,36,MEDICAL,2026-02-01 22:16:00,WEB
APP205152,CUS105152,379000,60,EDUCATION,2026-09-17 19:27:00,MOBILE
APP205153,CUS105153,613000,24,DEBT_CONSOLIDATION,2026-07-26 02:53:00,MOBILE
APP205154,CUS105154,347000,36,MEDICAL,2026-07-04 10:08:00,MOBILE
APP205155,CUS105155,213000,36,OTHER,2026-05-29 23:29:00,MOBILE
APP205156,CUS105156,348000,48,HOME_RENOVATION,2026-12-23 09:51:00,WEB
APP205157,CUS105157,290000,18,TRAVEL,2026-03-15 20:33:00,WEB
APP205158,CUS105158,394000,36,MEDICAL,2026-01-15 02:52:00,MOBILE
APP205159,CUS105159,521000,18,OTHER,2026-03-05 19:46:00,MOBILE
APP205160,CUS105160,225000,18,HOME_RENOVATION,2026-06-20 11:00:00,MOBILE
APP205161,CUS105161,454000,60,OTHER,2026-01-04 02:07:00,MOBILE
APP205162,CUS105162,473000,24,DEBT_CONSOLIDATION,2026-03-24 14:00:00,MOBILE
APP205163,CUS105163,336000,24,MEDICAL,2026-03-29 18:04:00,WEB
APP205164,CUS105164,155000,48,HOME_RENOVATION,2026-02-02 05:36:00,MOBILE
APP205165,CUS105165,405000,24,TRAVEL,2026-07-31 12:25:00,MOBILE
APP205166,CUS105166,709000,48,MEDICAL,2026-12-14 14:12:00,MOBILE
APP205167,CUS105167,1155000,18,TRAVEL,2026-08-30 14:09:00,MOBILE
APP205168,CUS105168,496000,36,EDUCATION,2026-11-15 11:51:00,WEB
APP205169,CUS105169,153000,24,DEBT_CONSOLIDATION,2026-06-23 13:24:00,WEB
APP205170,CUS105170,742000,12,MEDICAL,2026-06-14 18:45:00,MOBILE
APP205171,CUS105171,426000,36,HOME_RENOVATION,2026-12-14 08:37:00,WEB
APP205172,CUS105172,230000,36,OTHER,2026-01-01 14:36:00,MOBILE
APP205173,CUS105173,383000,48,TRAVEL,2026-04-13 07:12:00,WEB
APP205174,CUS105174,448000,36,HOME_RENOVATION,2026-03-05 13:22:00,WEB
APP205175,CUS105175,205000,24,OTHER,2026-08-16 13:51:00,MOBILE
APP205176,CUS105176,617000,36,OTHER,2026-05-27 19:02:00,MOBILE
APP205177,CUS105177,1148000,48,OTHER,2026-01-06 12:28:00,MOBILE
APP205178,CUS105178,229000,60,OTHER,2026-08-14 10:55:00,MOBILE
APP205179,CUS105179,1131000,36,DEBT_CONSOLIDATION,2026-05-12 11:25:00,MOBILE
APP205180,CUS105180,394000,60,OTHER,2026-11-10 11:06:00,MOBILE
APP205181,CUS105181,406000,36,MEDICAL,2026-06-09 00:15:00,WEB
APP205182,CUS105182,528000,12,OTHER,2026-01-29 00:46:00,MOBILE
APP205183,CUS105183,262000,36,TRAVEL,2026-12-28 07:34:00,MOBILE
APP205184,CUS105184,657000,48,TRAVEL,2026-01-26 09:20:00,MOBILE
APP205185,CUS105185,299000,12,DEBT_CONSOLIDATION,2026-10-05 05:21:00,WEB
APP205186,CUS105186,115000,60,TRAVEL,2026-09-27 02:35:00,WEB
APP205187,CUS105187,1184000,60,TRAVEL,2026-08-13 12:26:00,WEB
APP205188,CUS105188,231000,36,EDUCATION,2026-08-25 23:06:00,MOBILE
APP205189,CUS105189,471000,24,MEDICAL,2026-03-16 05:23:00,MOBILE
APP205190,CUS105190,150000,60,HOME_RENOVATION,2026-05-03 00:51:00,MOBILE
APP205191,CUS105191,508000,36,MEDICAL,2026-12-12 01:29:00,MOBILE
APP205192,CUS105192,377000,60,MEDICAL,2026-11-30 13:19:00,MOBILE
APP205193,CUS105193,368000,36,DEBT_CONSOLIDATION,2026-04-20 08:03:00,WEB
APP205194,CUS105194,702000,48,EDUCATION,2026-09-04 04:25:00,MOBILE
APP205195,CUS105195,293000,24,DEBT_CONSOLIDATION,2026-01-07 12:33:00,WEB
APP205196,CUS105196,690000,36,EDUCATION,2026-02-22 20:20:00,MOBILE
APP205197,CUS105197,160000,48,EDUCATION,2026-06-30 12:45:00,WEB
APP205198,CUS105198,618000,18,TRAVEL,2026-11-19 19:38:00,WEB
APP205199,CUS105199,339000,18,EDUCATION,2026-11-21 08:12:00,MOBILE
APP205200,CUS105200,303000,60,HOME_RENOVATION,2026-11-27 15:44:00,MOBILE
APP205201,CUS105201,258000,24,HOME_RENOVATION,2026-11-07 23:06:00,WEB
APP205202,CUS105202,338000,18,TRAVEL,2026-06-11 07:13:00,MOBILE
APP205203,CUS105203,606000,48,MEDICAL,2026-10-21 07:54:00,WEB
APP205204,CUS105204,127000,48,MEDICAL,2026-07-03 10:17:00,WEB
APP205205,CUS105205,767000,60,TRAVEL,2026-06-14 02:39:00,MOBILE
APP205206,CUS105206,310000,36,EDUCATION,2026-01-27 23:43:00,MOBILE
APP205207,CUS105207,557000,18,EDUCATION,2026-08-18 14:45:00,MOBILE
APP205208,CUS105208,278000,24,TRAVEL,2026-08-09 00:48:00,MOBILE
APP205209,CUS105209,254000,36,TRAVEL,2026-05-26 16:00:00,WEB
APP205210,CUS105210,417000,36,HOME_RENOVATION,2026-05-27 16:00:00,WEB
APP205211,CUS105211,718000,12,OTHER,2026-05-14 13:59:00,MOBILE
APP205212,CUS105212,358000,12,MEDICAL,2026-06-02 06:33:00,MOBILE
APP205213,CUS105213,335000,48,OTHER,2026-04-09 01:24:00,WEB
APP205214,CUS105214,467000,36,TRAVEL,2026-06-22 16:11:00,MOBILE
APP205215,CUS105215,769000,36,HOME_RENOVATION,2026-07-17 00:25:00,MOBILE
APP205216,CUS105216,415000,48,DEBT_CONSOLIDATION,2026-07-24 14:17:00,MOBILE
APP205217,CUS105217,216000,36,OTHER,2026-11-20 12:48:00,MOBILE
APP205218,CUS105218,643000,12,HOME_RENOVATION,2026-06-02 08:44:00,MOBILE
APP205219,CUS105219,354000,36,TRAVEL,2026-03-04 22:50:00,MOBILE
APP205220,CUS105220,122000,48,HOME_RENOVATION,2026-11-14 09:58:00,MOBILE
APP205221,CUS105221,764000,18,MEDICAL,2026-04-06 13:41:00,MOBILE
APP205222,CUS105222,576000,48,MEDICAL,2026-07-25 00:38:00,MOBILE
APP205223,CUS105223,337000,36,HOME_RENOVATION,2026-09-13 05:38:00,MOBILE
APP205224,CUS105224,270000,12,OTHER,2026-04-20 08:24:00,MOBILE
APP205225,CUS105225,395000,24,TRAVEL,2026-09-03 17:15:00,MOBILE
APP205226,CUS105226,905000,12,MEDICAL,2026-01-22 01:24:00,WEB
APP205227,CUS105227,504000,36,MEDICAL,2026-12-28 22:38:00,WEB
APP205228,CUS105228,512000,36,EDUCATION,2026-08-23 07:38:00,MOBILE
APP205229,CUS105229,680000,36,EDUCATION,2026-01-25 09:47:00,WEB
APP205230,CUS105230,511000,36,OTHER,2026-05-14 18:01:00,MOBILE
APP205231,CUS105231,660000,48,DEBT_CONSOLIDATION,2026-04-29 01:19:00,MOBILE
APP205232,CUS105232,215000,48,HOME_RENOVATION,2026-12-21 00:52:00,MOBILE
APP205233,CUS105233,336000,36,OTHER,2026-12-16 03:51:00,MOBILE
APP205234,CUS105234,540000,60,HOME_RENOVATION,2026-06-13 12:07:00,MOBILE
APP205235,CUS105235,286000,36,HOME_RENOVATION,2026-03-20 16:30:00,WEB
APP205236,CUS105236,359000,18,TRAVEL,2026-01-25 03:50:00,MOBILE
APP205237,CUS105237,304000,36,HOME_RENOVATION,2026-02-11 22:51:00,MOBILE
APP205238,CUS105238,259000,48,OTHER,2026-04-01 23:29:00,MOBILE
APP205239,CUS105239,872000,24,TRAVEL,2026-02-28 09:29:00,MOBILE
APP205240,CUS105240,193000,36,MEDICAL,2026-12-07 06:04:00,WEB
APP205241,CUS105241,575000,24,TRAVEL,2026-11-19 20:23:00,MOBILE
APP205242,CUS105242,401000,48,EDUCATION,2026-05-31 13:35:00,MOBILE
APP205243,CUS105243,318000,60,TRAVEL,2026-02-05 04:27:00,MOBILE
APP205244,CUS105244,385000,36,HOME_RENOVATION,2026-05-25 15:34:00,MOBILE
APP205245,CUS105245,445000,36,MEDICAL,2026-05-04 00:26:00,WEB
APP205246,CUS105246,277000,24,DEBT_CONSOLIDATION,2026-02-26 20:01:00,MOBILE
APP205247,CUS105247,352000,36,HOME_RENOVATION,2026-10-10 05:24:00,MOBILE
APP205248,CUS105248,384000,36,EDUCATION,2026-10-29 07:13:00,WEB
APP205249,CUS105249,196000,36,EDUCATION,2026-04-16 03:22:00,WEB
APP205250,CUS105250,334000,48,EDUCATION,2026-09-11 00:56:00,WEB
APP205251,CUS105251,906000,48,EDUCATION,2026-12-03 07:09:00,WEB
APP205252,CUS105252,100000,36,TRAVEL,2026-10-29 12:15:00,WEB
APP205253,CUS105253,397000,36,TRAVEL,2026-07-17 15:16:00,MOBILE
APP205254,CUS105254,793000,48,MEDICAL,2026-01-05 17:44:00,WEB
APP205255,CUS105255,517000,36,HOME_RENOVATION,2026-07-10 07:05:00,WEB
APP205256,CUS105256,689000,36,HOME_RENOVATION,2026-09-07 17:07:00,MOBILE
APP205257,CUS105257,293000,36,TRAVEL,2026-06-22 08:22:00,MOBILE
APP205258,CUS105258,247000,36,EDUCATION,2026-01-22 11:49:00,WEB
APP205259,CUS105259,705000,36,MEDICAL,2026-11-30 21:22:00,WEB
APP205260,CUS105260,485000,24,EDUCATION,2026-12-04 23:27:00,WEB
APP205261,CUS105261,608000,12,TRAVEL,2026-07-22 03:44:00,WEB
APP205262,CUS105262,398000,36,HOME_RENOVATION,2026-05-24 08:53:00,WEB
APP205263,CUS105263,391000,60,HOME_RENOVATION,2026-08-27 02:17:00,MOBILE
APP205264,CUS105264,351000,18,EDUCATION,2026-10-29 19:01:00,MOBILE
APP205265,CUS105265,476000,36,DEBT_CONSOLIDATION,2026-01-07 00:26:00,WEB
APP205266,CUS105266,601000,36,HOME_RENOVATION,2026-07-18 23:02:00,MOBILE
APP205267,CUS105267,929000,36,MEDICAL,2026-07-23 11:17:00,WEB
APP205268,CUS105268,920000,48,EDUCATION,2026-09-18 16:07:00,MOBILE
APP205269,CUS105269,284000,60,MEDICAL,2026-11-10 22:27:00,MOBILE
APP205270,CUS105270,627000,48,TRAVEL,2026-04-13 03:50:00,WEB
APP205271,CUS105271,319000,36,TRAVEL,2026-02-04 06:36:00,WEB
APP205272,CUS105272,508000,12,EDUCATION,2026-12-12 05:59:00,WEB
APP205273,CUS105273,614000,36,TRAVEL,2026-07-13 06:54:00,WEB
APP205274,CUS105274,1813000,24,MEDICAL,2026-07-30 02:56:00,MOBILE
APP205275,CUS105275,515000,36,HOME_RENOVATION,2026-12-18 09:35:00,WEB
APP205276,CUS105276,213000,60,EDUCATION,2026-07-18 09:31:00,WEB
APP205277,CUS105277,902000,48,MEDICAL,2026-10-01 15:17:00,MOBILE
APP205278,CUS105278,246000,36,OTHER,2026-06-05 17:15:00,MOBILE
APP205279,CUS105279,131000,60,MEDICAL,2026-06-28 22:15:00,MOBILE
APP205280,CUS105280,321000,24,HOME_RENOVATION,2026-06-27 05:37:00,WEB
APP205281,CUS105281,379000,36,MEDICAL,2026-09-14 11:40:00,MOBILE
APP205282,CUS105282,481000,36,TRAVEL,2026-09-25 01:59:00,WEB
APP205283,CUS105283,768000,12,OTHER,2026-09-08 13:44:00,MOBILE
APP205284,CUS105284,364000,36,HOME_RENOVATION,2026-12-04 17:25:00,MOBILE
APP205285,CUS105285,437000,48,DEBT_CONSOLIDATION,2026-08-18 05:03:00,MOBILE
APP205286,CUS105286,307000,36,MEDICAL,2026-08-20 13:22:00,MOBILE
APP205287,CUS105287,1166000,36,TRAVEL,2026-01-31 23:38:00,MOBILE
APP205288,CUS105288,438000,48,TRAVEL,2026-12-16 00:59:00,MOBILE
APP205289,CUS105289,322000,24,HOME_RENOVATION,2026-03-16 21:29:00,MOBILE
APP205290,CUS105290,1421000,36,TRAVEL,2026-07-13 05:40:00,WEB
APP205291,CUS105291,1169000,60,HOME_RENOVATION,2026-12-24 16:10:00,WEB
APP205292,CUS105292,271000,24,DEBT_CONSOLIDATION,2026-02-02 13:32:00,WEB
APP205293,CUS105293,268000,60,HOME_RENOVATION,2026-12-26 14:31:00,WEB
APP205294,CUS105294,229000,60,HOME_RENOVATION,2026-10-14 19:44:00,MOBILE
APP205295,CUS105295,1112000,24,HOME_RENOVATION,2026-07-13 12:09:00,MOBILE
APP205296,CUS105296,594000,36,TRAVEL,2026-05-17 10:09:00,MOBILE
APP205297,CUS105297,302000,24,DEBT_CONSOLIDATION,2026-09-21 16:45:00,MOBILE
APP205298,CUS105298,661000,36,DEBT_CONSOLIDATION,2026-09-27 17:35:00,WEB
APP205299,CUS105299,205000,36,HOME_RENOVATION,2026-07-29 21:59:00,MOBILE
APP205300,CUS105300,373000,36,OTHER,2026-12-13 21:55:00,MOBILE
APP205301,CUS105301,265000,48,MEDICAL,2026-07-10 08:31:00,MOBILE
APP205302,CUS105302,1143000,36,MEDICAL,2026-10-02 16:11:00,MOBILE
APP205303,CUS105303,426000,36,HOME_RENOVATION,2026-12-24 02:03:00,MOBILE
APP205304,CUS105304,179000,36,MEDICAL,2026-02-20 06:00:00,WEB
APP205305,CUS105305,388000,24,MEDICAL,2026-07-04 04:58:00,MOBILE
APP205306,CUS105306,516000,36,HOME_RENOVATION,2026-10-22 18:42:00,MOBILE
APP205307,CUS105307,294000,48,TRAVEL,2026-03-18 12:41:00,MOBILE
APP205308,CUS105308,439000,36,HOME_RENOVATION,2026-02-03 07:27:00,WEB
APP205309,CUS105309,243000,48,EDUCATION,2026-12-09 01:09:00,MOBILE
APP205310,CUS105310,452000,36,MEDICAL,2026-03-13 08:13:00,WEB
APP205311,CUS105311,368000,36,HOME_RENOVATION,2026-02-19 23:24:00,MOBILE
APP205312,CUS105312,297000,12,TRAVEL,2026-09-27 13:49:00,MOBILE
APP205313,CUS105313,505000,24,DEBT_CONSOLIDATION,2026-09-23 21:36:00,WEB
APP205314,CUS105314,435000,18,TRAVEL,2026-11-20 03:53:00,WEB
APP205315,CUS105315,365000,12,MEDICAL,2026-10-01 07:55:00,WEB
APP205316,CUS105316,762000,60,EDUCATION,2026-04-09 16:42:00,WEB
APP205317,CUS105317,415000,36,OTHER,2026-05-11 22:48:00,MOBILE
APP205318,CUS105318,665000,48,EDUCATION,2026-10-01 09:10:00,MOBILE
APP205319,CUS105319,455000,36,MEDICAL,2026-07-14 08:11:00,WEB
APP205320,CUS105320,281000,36,EDUCATION,2026-01-13 06:03:00,MOBILE
APP205321,CUS105321,531000,12,DEBT_CONSOLIDATION,2026-11-21 15:29:00,MOBILE
APP205322,CUS105322,154000,12,OTHER,2026-12-14 22:09:00,MOBILE
APP205323,CUS105323,108000,18,HOME_RENOVATION,2026-03-22 16:25:00,MOBILE
APP205324,CUS105324,402000,60,MEDICAL,2026-03-17 14:54:00,MOBILE
APP205325,CUS105325,331000,24,TRAVEL,2026-07-16 06:29:00,MOBILE
APP205326,CUS105326,401000,12,MEDICAL,2026-11-18 12:48:00,MOBILE
APP205327,CUS105327,510000,60,MEDICAL,2026-07-17 16:49:00,MOBILE
APP205328,CUS105328,329000,48,OTHER,2026-02-23 03:24:00,MOBILE
APP205329,CUS105329,470000,36,MEDICAL,2026-02-01 15:53:00,MOBILE
APP205330,CUS105330,1117000,24,TRAVEL,2026-03-19 13:09:00,WEB
APP205331,CUS105331,303000,36,TRAVEL,2026-08-22 23:49:00,MOBILE
APP205332,CUS105332,842000,24,MEDICAL,2026-09-01 01:54:00,MOBILE
APP205333,CUS105333,409000,36,MEDICAL,2026-01-13 09:11:00,WEB
APP205334,CUS105334,644000,36,EDUCATION,2026-12-10 01:21:00,MOBILE
APP205335,CUS105335,484000,24,EDUCATION,2026-03-03 04:11:00,MOBILE
APP205336,CUS105336,605000,24,TRAVEL,2026-01-06 19:09:00,MOBILE
APP205337,CUS105337,744000,36,TRAVEL,2026-08-05 12:14:00,WEB
APP205338,CUS105338,164000,48,EDUCATION,2026-11-13 22:35:00,MOBILE
APP205339,CUS105339,490000,24,OTHER,2026-12-05 22:13:00,MOBILE
APP205340,CUS105340,874000,60,HOME_RENOVATION,2026-02-12 03:23:00,WEB
APP205341,CUS105341,385000,12,TRAVEL,2026-12-20 02:14:00,WEB
APP205342,CUS105342,285000,18,HOME_RENOVATION,2026-04-10 03:28:00,WEB
APP205343,CUS105343,615000,36,DEBT_CONSOLIDATION,2026-01-27 02:34:00,MOBILE
APP205344,CUS105344,427000,24,EDUCATION,2026-04-23 20:19:00,MOBILE
APP205345,CUS105345,179000,12,MEDICAL,2026-07-31 01:03:00,MOBILE
APP205346,CUS105346,559000,60,DEBT_CONSOLIDATION,2026-12-18 02:22:00,MOBILE
APP205347,CUS105347,352000,24,TRAVEL,2026-07-13 07:23:00,WEB
APP205348,CUS105348,267000,24,DEBT_CONSOLIDATION,2026-09-03 07:07:00,WEB
APP205349,CUS105349,815000,36,DEBT_CONSOLIDATION,2026-01-14 23:35:00,WEB
APP205350,CUS105350,533000,12,OTHER,2026-05-12 19:15:00,MOBILE
APP205351,CUS105351,672000,18,TRAVEL,2026-08-31 06:07:00,MOBILE
APP205352,CUS105352,177000,36,HOME_RENOVATION,2026-09-03 21:28:00,MOBILE
APP205353,CUS105353,680000,24,OTHER,2026-07-13 23:08:00,WEB
APP205354,CUS105354,993000,36,OTHER,2026-06-10 22:15:00,WEB
APP205355,CUS105355,426000,36,DEBT_CONSOLIDATION,2026-12-17 23:05:00,MOBILE
APP205356,CUS105356,493000,36,TRAVEL,2026-11-07 06:03:00,MOBILE
APP205357,CUS105357,236000,48,MEDICAL,2026-02-02 08:55:00,WEB
APP205358,CUS105358,237000,60,MEDICAL,2026-06-23 17:05:00,WEB
APP205359,CUS105359,190000,36,MEDICAL,2026-02-21 18:55:00,WEB
APP205360,CUS105360,370000,48,EDUCATION,2026-06-16 08:30:00,MOBILE
APP205361,CUS105361,208000,24,EDUCATION,2026-09-03 00:33:00,MOBILE
APP205362,CUS105362,397000,12,OTHER,2026-04-09 00:18:00,MOBILE
APP205363,CUS105363,598000,60,OTHER,2026-08-15 00:58:00,WEB
APP205364,CUS105364,741000,36,EDUCATION,2026-05-24 07:48:00,WEB
APP205365,CUS105365,320000,36,DEBT_CONSOLIDATION,2026-01-10 12:57:00,MOBILE
APP205366,CUS105366,296000,12,EDUCATION,2026-05-01 12:21:00,MOBILE
APP205367,CUS105367,495000,36,MEDICAL,2026-01-16 08:30:00,WEB
APP205368,CUS105368,195000,18,EDUCATION,2026-08-21 21:03:00,MOBILE
APP205369,CUS105369,279000,60,EDUCATION,2026-11-16 00:24:00,MOBILE
APP205370,CUS105370,244000,36,TRAVEL,2026-04-22 05:38:00,MOBILE
APP205371,CUS105371,239000,36,EDUCATION,2026-12-31 00:57:00,MOBILE
APP205372,CUS105372,246000,60,OTHER,2026-01-31 06:26:00,WEB
APP205373,CUS105373,625000,48,DEBT_CONSOLIDATION,2026-03-16 15:15:00,MOBILE
APP205374,CUS105374,125000,48,MEDICAL,2026-03-31 22:02:00,MOBILE
APP205375,CUS105375,568000,48,OTHER,2026-05-29 12:07:00,MOBILE
APP205376,CUS105376,464000,36,DEBT_CONSOLIDATION,2026-11-25 03:07:00,MOBILE
APP205377,CUS105377,272000,36,HOME_RENOVATION,2026-06-22 02:17:00,MOBILE
APP205378,CUS105378,225000,60,MEDICAL,2026-07-07 02:28:00,WEB
APP205379,CUS105379,799000,24,EDUCATION,2026-05-24 14:20:00,MOBILE
APP205380,CUS105380,223000,36,HOME_RENOVATION,2026-12-10 12:25:00,MOBILE
APP205381,CUS105381,192000,36,HOME_RENOVATION,2026-03-13 21:16:00,MOBILE
APP205382,CUS105382,494000,36,OTHER,2026-02-19 00:41:00,MOBILE
APP205383,CUS105383,154000,36,EDUCATION,2026-12-01 05:36:00,MOBILE
APP205384,CUS105384,442000,36,HOME_RENOVATION,2026-10-13 07:47:00,MOBILE
APP205385,CUS105385,426000,12,OTHER,2026-07-20 01:06:00,MOBILE
APP205386,CUS105386,182000,24,DEBT_CONSOLIDATION,2026-02-21 20:34:00,MOBILE
APP205387,CUS105387,292000,60,TRAVEL,2026-06-29 10:14:00,WEB
APP205388,CUS105388,782000,48,DEBT_CONSOLIDATION,2026-08-30 01:05:00,WEB
APP205389,CUS105389,520000,36,MEDICAL,2026-01-26 07:29:00,MOBILE
APP205390,CUS105390,319000,24,OTHER,2026-08-18 02:45:00,WEB
APP205391,CUS105391,415000,36,DEBT_CONSOLIDATION,2026-03-04 03:24:00,MOBILE
APP205392,CUS105392,208000,36,TRAVEL,2026-09-01 19:17:00,MOBILE
APP205393,CUS105393,357000,24,EDUCATION,2026-08-23 05:06:00,MOBILE
APP205394,CUS105394,384000,36,EDUCATION,2026-03-05 19:20:00,MOBILE
APP205395,CUS105395,416000,12,HOME_RENOVATION,2026-07-15 15:21:00,MOBILE
APP205396,CUS105396,286000,36,HOME_RENOVATION,2026-08-28 21:32:00,MOBILE
APP205397,CUS105397,211000,12,OTHER,2026-09-17 13:48:00,WEB
APP205398,CUS105398,333000,36,DEBT_CONSOLIDATION,2026-11-24 18:16:00,WEB
APP205399,CUS105399,189000,36,HOME_RENOVATION,2026-10-14 11:48:00,MOBILE
APP205400,CUS105400,407000,36,TRAVEL,2026-07-15 15:34:00,WEB
APP205401,CUS105401,540000,36,OTHER,2026-07-27 01:14:00,MOBILE
APP205402,CUS105402,812000,12,HOME_RENOVATION,2026-06-24 23:21:00,WEB
APP205403,CUS105403,243000,48,HOME_RENOVATION,2026-05-30 05:02:00,MOBILE
APP205404,CUS105404,860000,24,DEBT_CONSOLIDATION,2026-06-08 11:18:00,MOBILE
APP205405,CUS105405,267000,36,EDUCATION,2026-05-15 03:57:00,WEB
APP205406,CUS105406,412000,18,DEBT_CONSOLIDATION,2026-07-05 05:58:00,WEB
APP205407,CUS105407,116000,36,TRAVEL,2026-04-03 01:41:00,MOBILE
APP205408,CUS105408,523000,36,OTHER,2026-04-25 11:25:00,WEB
APP205409,CUS105409,501000,36,HOME_RENOVATION,2026-03-02 01:42:00,MOBILE
APP205410,CUS105410,291000,12,MEDICAL,2026-02-07 00:17:00,MOBILE
APP205411,CUS105411,315000,60,HOME_RENOVATION,2026-10-07 13:19:00,MOBILE
APP205412,CUS105412,419000,36,EDUCATION,2026-08-22 06:57:00,WEB
APP205413,CUS105413,289000,36,HOME_RENOVATION,2026-11-28 09:36:00,WEB
APP205414,CUS105414,254000,36,MEDICAL,2026-03-02 20:59:00,MOBILE
APP205415,CUS105415,387000,36,DEBT_CONSOLIDATION,2026-02-20 13:10:00,MOBILE
APP205416,CUS105416,1720000,24,HOME_RENOVATION,2026-12-20 04:08:00,MOBILE
APP205417,CUS105417,628000,36,OTHER,2026-08-28 07:47:00,WEB
APP205418,CUS105418,567000,36,EDUCATION,2026-04-16 16:03:00,WEB
APP205419,CUS105419,549000,36,DEBT_CONSOLIDATION,2026-06-10 20:01:00,WEB
APP205420,CUS105420,614000,24,EDUCATION,2026-04-10 18:32:00,WEB
APP205421,CUS105421,806000,12,EDUCATION,2026-01-03 20:40:00,MOBILE
APP205422,CUS105422,135000,36,OTHER,2026-09-19 07:07:00,MOBILE
APP205423,CUS105423,675000,36,MEDICAL,2026-10-07 05:07:00,MOBILE
APP205424,CUS105424,382000,48,HOME_RENOVATION,2026-08-18 12:56:00,MOBILE
APP205425,CUS105425,410000,18,MEDICAL,2026-12-12 22:45:00,WEB
APP205426,CUS105426,750000,36,TRAVEL,2026-01-02 04:38:00,WEB
APP205427,CUS105427,626000,18,DEBT_CONSOLIDATION,2026-11-06 23:15:00,WEB
APP205428,CUS105428,355000,18,TRAVEL,2026-04-28 13:13:00,MOBILE
APP205429,CUS105429,808000,12,EDUCATION,2026-08-02 09:50:00,MOBILE
APP205430,CUS105430,269000,12,DEBT_CONSOLIDATION,2026-08-25 13:47:00,WEB
APP205431,CUS105431,679000,12,MEDICAL,2026-01-01 20:35:00,MOBILE
APP205432,CUS105432,238000,48,MEDICAL,2026-12-21 15:32:00,WEB
APP205433,CUS105433,295000,36,DEBT_CONSOLIDATION,2026-06-29 04:18:00,MOBILE
APP205434,CUS105434,654000,24,TRAVEL,2026-10-25 06:06:00,MOBILE
APP205435,CUS105435,247000,36,OTHER,2026-11-22 16:50:00,MOBILE
APP205436,CUS105436,833000,36,DEBT_CONSOLIDATION,2026-10-30 14:24:00,MOBILE
APP205437,CUS105437,551000,48,TRAVEL,2026-02-25 12:27:00,WEB
APP205438,CUS105438,217000,24,HOME_RENOVATION,2026-10-18 22:11:00,WEB
APP205439,CUS105439,388000,60,HOME_RENOVATION,2026-09-09 02:50:00,MOBILE
APP205440,CUS105440,320000,24,DEBT_CONSOLIDATION,2026-03-08 03:54:00,WEB
APP205441,CUS105441,706000,12,MEDICAL,2026-08-21 05:04:00,MOBILE
APP205442,CUS105442,613000,24,EDUCATION,2026-04-21 23:10:00,MOBILE
APP205443,CUS105443,236000,60,TRAVEL,2026-07-15 04:55:00,MOBILE
APP205444,CUS105444,598000,36,EDUCATION,2026-08-30 03:15:00,MOBILE
APP205445,CUS105445,472000,36,MEDICAL,2026-02-13 22:46:00,MOBILE
APP205446,CUS105446,220000,24,EDUCATION,2026-08-19 02:27:00,WEB
APP205447,CUS105447,552000,36,EDUCATION,2026-03-14 22:16:00,MOBILE
APP205448,CUS105448,396000,24,TRAVEL,2026-10-25 11:43:00,WEB
APP205449,CUS105449,334000,24,HOME_RENOVATION,2026-05-15 07:32:00,WEB
APP205450,CUS105450,427000,48,HOME_RENOVATION,2026-01-28 17:28:00,MOBILE
APP205451,CUS105451,671000,36,TRAVEL,2026-10-27 08:55:00,WEB
APP205452,CUS105452,324000,24,TRAVEL,2026-08-12 07:33:00,MOBILE
APP205453,CUS105453,447000,36,EDUCATION,2026-09-12 16:01:00,MOBILE
APP205454,CUS105454,538000,18,TRAVEL,2026-09-23 22:43:00,MOBILE
APP205455,CUS105455,602000,24,EDUCATION,2026-07-31 14:42:00,MOBILE
APP205456,CUS105456,717000,36,DEBT_CONSOLIDATION,2026-05-21 19:32:00,WEB
APP205457,CUS105457,488000,24,EDUCATION,2026-09-17 17:04:00,MOBILE
APP205458,CUS105458,580000,12,TRAVEL,2026-12-25 14:47:00,WEB
APP205459,CUS105459,326000,48,OTHER,2026-06-29 18:23:00,MOBILE
APP205460,CUS105460,305000,36,HOME_RENOVATION,2026-05-29 21:26:00,WEB
APP205461,CUS105461,517000,36,MEDICAL,2026-09-29 11:19:00,MOBILE
APP205462,CUS105462,232000,36,MEDICAL,2026-06-12 06:33:00,MOBILE
APP205463,CUS105463,170000,36,OTHER,2026-11-15 07:14:00,MOBILE
APP205464,CUS105464,369000,12,HOME_RENOVATION,2026-10-21 08:42:00,MOBILE
APP205465,CUS105465,1251000,48,MEDICAL,2026-11-10 16:26:00,MOBILE
APP205466,CUS105466,789000,24,OTHER,2026-12-08 21:04:00,MOBILE
APP205467,CUS105467,528000,36,DEBT_CONSOLIDATION,2026-07-26 19:17:00,MOBILE
APP205468,CUS105468,239000,36,TRAVEL,2026-10-18 10:07:00,WEB
APP205469,CUS105469,390000,36,DEBT_CONSOLIDATION,2026-06-22 06:48:00,WEB
APP205470,CUS105470,565000,60,MEDICAL,2026-08-11 21:34:00,MOBILE
APP205471,CUS105471,749000,36,DEBT_CONSOLIDATION,2026-10-15 04:32:00,MOBILE
APP205472,CUS105472,206000,36,TRAVEL,2026-01-10 02:43:00,MOBILE
APP205473,CUS105473,1259000,18,HOME_RENOVATION,2026-07-21 23:32:00,WEB
APP205474,CUS105474,301000,36,HOME_RENOVATION,2026-08-18 21:11:00,MOBILE
APP205475,CUS105475,542000,12,HOME_RENOVATION,2026-06-25 17:17:00,MOBILE
APP205476,CUS105476,221000,36,TRAVEL,2026-04-27 08:15:00,WEB
APP205477,CUS105477,316000,36,MEDICAL,2026-10-02 09:11:00,WEB
APP205478,CUS105478,407000,12,TRAVEL,2026-12-21 08:43:00,MOBILE
APP205479,CUS105479,393000,36,MEDICAL,2026-06-07 13:31:00,WEB
APP205480,CUS105480,328000,36,TRAVEL,2026-08-10 05:40:00,MOBILE
APP205481,CUS105481,705000,12,MEDICAL,2026-06-03 16:22:00,WEB
APP205482,CUS105482,1087000,36,DEBT_CONSOLIDATION,2026-03-02 07:29:00,WEB
APP205483,CUS105483,311000,18,TRAVEL,2026-02-11 07:45:00,MOBILE
APP205484,CUS105484,249000,48,OTHER,2026-07-16 19:27:00,MOBILE
APP205485,CUS105485,692000,36,TRAVEL,2026-08-21 01:48:00,MOBILE
APP205486,CUS105486,309000,36,MEDICAL,2026-12-08 13:20:00,WEB
APP205487,CUS105487,658000,36,MEDICAL,2026-07-17 06:04:00,WEB
APP205488,CUS105488,452000,36,DEBT_CONSOLIDATION,2026-06-15 13:52:00,MOBILE
APP205489,CUS105489,1145000,24,EDUCATION,2026-03-20 18:34:00,MOBILE
APP205490,CUS105490,607000,48,MEDICAL,2026-01-21 05:09:00,MOBILE
APP205491,CUS105491,610000,12,HOME_RENOVATION,2026-06-18 05:06:00,MOBILE
APP205492,CUS105492,769000,36,HOME_RENOVATION,2026-05-19 06:36:00,MOBILE
APP205493,CUS105493,336000,24,OTHER,2026-01-15 07:56:00,MOBILE
APP205494,CUS105494,236000,48,DEBT_CONSOLIDATION,2026-07-16 10:40:00,MOBILE
APP205495,CUS105495,671000,36,DEBT_CONSOLIDATION,2026-08-16 06:51:00,WEB
APP205496,CUS105496,593000,18,EDUCATION,2026-10-01 07:53:00,MOBILE
APP205497,CUS105497,147000,36,OTHER,2026-06-15 07:05:00,MOBILE
APP205498,CUS105498,202000,36,OTHER,2026-12-01 05:40:00,MOBILE
APP205499,CUS105499,259000,60,HOME_RENOVATION,2026-09-06 12:36:00,MOBILE
APP205500,CUS105500,126000,36,MEDICAL,2026-12-31 02:51:00,MOBILE
APP205501,CUS105501,484000,48,MEDICAL,2026-11-02 16:59:00,MOBILE
APP205502,CUS105502,346000,48,OTHER,2026-08-17 12:20:00,WEB
APP205503,CUS105503,381000,36,MEDICAL,2026-05-29 21:52:00,MOBILE
APP205504,CUS105504,1014000,36,HOME_RENOVATION,2026-12-29 00:36:00,MOBILE
APP205505,CUS105505,867000,24,MEDICAL,2026-03-24 21:03:00,WEB
APP205506,CUS105506,589000,48,HOME_RENOVATION,2026-07-05 08:55:00,MOBILE
APP205507,CUS105507,718000,36,TRAVEL,2026-06-08 22:17:00,MOBILE
APP205508,CUS105508,521000,36,EDUCATION,2026-12-04 20:07:00,MOBILE
APP205509,CUS105509,223000,48,TRAVEL,2026-06-19 11:33:00,WEB
APP205510,CUS105510,358000,24,DEBT_CONSOLIDATION,2026-09-29 22:14:00,MOBILE
APP205511,CUS105511,197000,12,OTHER,2026-08-18 09:26:00,WEB
APP205512,CUS105512,271000,48,EDUCATION,2026-08-09 08:12:00,WEB
APP205513,CUS105513,337000,12,DEBT_CONSOLIDATION,2026-01-12 22:02:00,WEB
APP205514,CUS105514,866000,24,TRAVEL,2026-10-07 14:46:00,MOBILE
APP205515,CUS105515,823000,18,TRAVEL,2026-08-04 07:42:00,MOBILE
APP205516,CUS105516,1455000,12,HOME_RENOVATION,2026-09-16 22:02:00,MOBILE
APP205517,CUS105517,199000,48,EDUCATION,2026-04-02 20:00:00,MOBILE
APP205518,CUS105518,169000,36,DEBT_CONSOLIDATION,2026-04-15 22:57:00,MOBILE
APP205519,CUS105519,413000,36,OTHER,2026-11-16 22:18:00,WEB
APP205520,CUS105520,452000,48,DEBT_CONSOLIDATION,2026-07-17 23:10:00,WEB
APP205521,CUS105521,519000,36,DEBT_CONSOLIDATION,2026-12-28 18:17:00,WEB
APP205522,CUS105522,408000,36,TRAVEL,2026-01-31 08:00:00,WEB
APP205523,CUS105523,400000,18,TRAVEL,2026-08-15 14:57:00,MOBILE
APP205524,CUS105524,364000,60,HOME_RENOVATION,2026-12-10 06:21:00,MOBILE
APP205525,CUS105525,239000,18,TRAVEL,2026-03-12 09:03:00,MOBILE
APP205526,CUS105526,709000,36,TRAVEL,2026-07-16 18:14:00,WEB
APP205527,CUS105527,282000,60,HOME_RENOVATION,2026-02-04 23:44:00,MOBILE
APP205528,CUS105528,541000,36,MEDICAL,2026-10-23 16:14:00,WEB
APP205529,CUS105529,449000,36,HOME_RENOVATION,2026-03-09 16:00:00,WEB
APP205530,CUS105530,100000,36,MEDICAL,2026-03-21 23:59:00,WEB
APP205531,CUS105531,563000,60,HOME_RENOVATION,2026-07-04 06:04:00,WEB
APP205532,CUS105532,277000,36,OTHER,2026-08-13 14:14:00,WEB
APP205533,CUS105533,216000,36,HOME_RENOVATION,2026-11-23 15:30:00,WEB
APP205534,CUS105534,533000,18,MEDICAL,2026-04-09 06:44:00,MOBILE
APP205535,CUS105535,498000,36,DEBT_CONSOLIDATION,2026-01-08 15:02:00,WEB
APP205536,CUS105536,235000,24,EDUCATION,2026-04-24 21:09:00,MOBILE
APP205537,CUS105537,417000,36,DEBT_CONSOLIDATION,2026-12-14 14:28:00,MOBILE
APP205538,CUS105538,221000,36,TRAVEL,2026-08-28 12:15:00,WEB
APP205539,CUS105539,187000,36,HOME_RENOVATION,2026-06-16 05:47:00,MOBILE
APP205540,CUS105540,550000,18,DEBT_CONSOLIDATION,2026-03-31 07:46:00,MOBILE
APP205541,CUS105541,921000,24,HOME_RENOVATION,2026-08-18 15:16:00,MOBILE
APP205542,CUS105542,232000,60,DEBT_CONSOLIDATION,2026-06-15 07:37:00,MOBILE
APP205543,CUS105543,711000,24,OTHER,2026-02-24 15:55:00,MOBILE
APP205544,CUS105544,311000,24,OTHER,2026-04-14 05:07:00,MOBILE
APP205545,CUS105545,549000,36,HOME_RENOVATION,2026-06-12 13:39:00,MOBILE
APP205546,CUS105546,602000,60,MEDICAL,2026-11-11 01:25:00,MOBILE
APP205547,CUS105547,283000,24,EDUCATION,2026-04-03 08:43:00,WEB
APP205548,CUS105548,168000,36,HOME_RENOVATION,2026-07-07 07:15:00,MOBILE
APP205549,CUS105549,601000,36,DEBT_CONSOLIDATION,2026-10-08 18:52:00,WEB
APP205550,CUS105550,266000,18,TRAVEL,2026-03-10 02:51:00,MOBILE
APP205551,CUS105551,353000,36,OTHER,2026-02-23 23:36:00,MOBILE
APP205552,CUS105552,233000,18,MEDICAL,2026-10-11 14:29:00,WEB
APP205553,CUS105553,605000,36,OTHER,2026-07-26 03:19:00,WEB
APP205554,CUS105554,277000,60,TRAVEL,2026-04-24 23:29:00,MOBILE
APP205555,CUS105555,346000,24,OTHER,2026-02-13 14:04:00,MOBILE
APP205556,CUS105556,193000,48,HOME_RENOVATION,2026-08-21 09:19:00,WEB
APP205557,CUS105557,527000,36,DEBT_CONSOLIDATION,2026-03-14 19:26:00,WEB
APP205558,CUS105558,214000,36,MEDICAL,2026-08-30 00:56:00,MOBILE
APP205559,CUS105559,846000,60,DEBT_CONSOLIDATION,2026-01-19 16:13:00,MOBILE
APP205560,CUS105560,368000,36,OTHER,2026-11-20 10:34:00,WEB
APP205561,CUS105561,596000,24,DEBT_CONSOLIDATION,2026-04-12 09:00:00,MOBILE
APP205562,CUS105562,1522000,36,TRAVEL,2026-07-11 01:53:00,MOBILE
APP205563,CUS105563,376000,36,MEDICAL,2026-08-29 03:28:00,MOBILE
APP205564,CUS105564,240000,24,OTHER,2026-11-07 20:37:00,MOBILE
APP205565,CUS105565,343000,36,MEDICAL,2026-02-12 14:17:00,MOBILE
APP205566,CUS105566,182000,36,OTHER,2026-11-13 03:59:00,MOBILE
APP205567,CUS105567,264000,60,TRAVEL,2026-08-01 00:17:00,WEB
APP205568,CUS105568,653000,48,OTHER,2026-12-12 12:04:00,MOBILE
APP205569,CUS105569,489000,24,DEBT_CONSOLIDATION,2026-11-19 23:38:00,WEB
APP205570,CUS105570,799000,36,HOME_RENOVATION,2026-10-09 03:37:00,WEB
APP205571,CUS105571,499000,24,EDUCATION,2026-01-28 22:15:00,WEB
APP205572,CUS105572,546000,36,TRAVEL,2026-10-29 12:03:00,MOBILE
APP205573,CUS105573,345000,24,TRAVEL,2026-08-29 09:52:00,MOBILE
APP205574,CUS105574,371000,36,DEBT_CONSOLIDATION,2026-03-13 06:19:00,MOBILE
APP205575,CUS105575,161000,36,MEDICAL,2026-01-08 07:04:00,MOBILE
APP205576,CUS105576,356000,36,HOME_RENOVATION,2026-04-30 15:01:00,WEB
APP205577,CUS105577,289000,24,HOME_RENOVATION,2026-08-13 07:14:00,MOBILE
APP205578,CUS105578,135000,36,TRAVEL,2026-06-10 16:05:00,WEB
APP205579,CUS105579,467000,36,OTHER,2026-10-27 09:41:00,MOBILE
APP205580,CUS105580,304000,12,TRAVEL,2026-07-31 00:40:00,MOBILE
APP205581,CUS105581,678000,36,MEDICAL,2026-02-07 23:56:00,MOBILE
APP205582,CUS105582,428000,36,TRAVEL,2026-12-21 08:03:00,MOBILE
APP205583,CUS105583,343000,36,TRAVEL,2026-08-28 16:21:00,MOBILE
APP205584,CUS105584,415000,36,HOME_RENOVATION,2026-02-17 18:06:00,MOBILE
APP205585,CUS105585,508000,12,MEDICAL,2026-10-01 05:10:00,WEB
APP205586,CUS105586,574000,24,MEDICAL,2026-02-06 06:44:00,WEB
APP205587,CUS105587,350000,48,OTHER,2026-11-07 13:52:00,WEB
APP205588,CUS105588,276000,48,TRAVEL,2026-11-06 09:39:00,WEB
APP205589,CUS105589,1206000,36,MEDICAL,2026-07-23 04:12:00,WEB
APP205590,CUS105590,731000,24,DEBT_CONSOLIDATION,2026-04-10 21:55:00,MOBILE
APP205591,CUS105591,203000,36,HOME_RENOVATION,2026-05-13 07:40:00,WEB
APP205592,CUS105592,453000,36,EDUCATION,2026-01-19 06:28:00,MOBILE
APP205593,CUS105593,434000,36,OTHER,2026-05-05 20:34:00,WEB
APP205594,CUS105594,288000,48,OTHER,2026-09-25 09:49:00,MOBILE
APP205595,CUS105595,320000,36,OTHER,2026-11-04 06:28:00,MOBILE
APP205596,CUS105596,571000,36,TRAVEL,2026-06-18 13:36:00,MOBILE
APP205597,CUS105597,320000,48,EDUCATION,2026-07-18 21:15:00,MOBILE
APP205598,CUS105598,336000,36,MEDICAL,2026-04-01 21:22:00,MOBILE
APP205599,CUS105599,298000,36,OTHER,2026-09-04 17:41:00,MOBILE
APP205600,CUS105600,231000,24,OTHER,2026-08-09 01:13:00,MOBILE
APP205601,CUS105601,659000,48,TRAVEL,2026-06-22 01:30:00,MOBILE
APP205602,CUS105602,414000,36,MEDICAL,2026-01-20 12:18:00,MOBILE
APP205603,CUS105603,958000,12,EDUCATION,2026-06-08 05:46:00,MOBILE
APP205604,CUS105604,136000,48,MEDICAL,2026-08-17 02:31:00,MOBILE
APP205605,CUS105605,331000,48,DEBT_CONSOLIDATION,2026-09-02 23:39:00,WEB
APP205606,CUS105606,455000,48,TRAVEL,2026-07-01 03:49:00,MOBILE
APP205607,CUS105607,499000,24,HOME_RENOVATION,2026-02-06 20:11:00,MOBILE
APP205608,CUS105608,359000,60,MEDICAL,2026-06-14 01:32:00,WEB
APP205609,CUS105609,468000,60,MEDICAL,2026-11-30 17:47:00,WEB
APP205610,CUS105610,188000,36,HOME_RENOVATION,2026-06-29 19:22:00,MOBILE
APP205611,CUS105611,654000,60,MEDICAL,2026-05-21 17:16:00,MOBILE
APP205612,CUS105612,543000,48,DEBT_CONSOLIDATION,2026-03-19 05:06:00,MOBILE
APP205613,CUS105613,299000,48,TRAVEL,2026-08-30 19:51:00,MOBILE
APP205614,CUS105614,300000,36,EDUCATION,2026-08-27 20:30:00,WEB
APP205615,CUS105615,737000,48,EDUCATION,2026-06-01 03:41:00,MOBILE
APP205616,CUS105616,405000,18,EDUCATION,2026-07-17 02:20:00,MOBILE
APP205617,CUS105617,500000,24,TRAVEL,2026-07-10 07:03:00,WEB
APP205618,CUS105618,1059000,36,EDUCATION,2026-03-31 05:00:00,WEB
APP205619,CUS105619,335000,12,MEDICAL,2026-08-03 09:18:00,MOBILE
APP205620,CUS105620,418000,60,EDUCATION,2026-07-30 10:46:00,WEB
APP205621,CUS105621,192000,36,DEBT_CONSOLIDATION,2026-05-08 00:19:00,MOBILE
APP205622,CUS105622,437000,48,DEBT_CONSOLIDATION,2026-06-17 22:50:00,MOBILE
APP205623,CUS105623,992000,48,DEBT_CONSOLIDATION,2026-11-18 00:19:00,MOBILE
APP205624,CUS105624,147000,48,OTHER,2026-07-31 16:18:00,WEB
APP205625,CUS105625,597000,24,EDUCATION,2026-10-01 01:58:00,MOBILE
APP205626,CUS105626,345000,36,MEDICAL,2026-12-31 11:24:00,MOBILE
APP205627,CUS105627,264000,36,TRAVEL,2026-05-31 21:46:00,WEB
APP205628,CUS105628,254000,24,HOME_RENOVATION,2026-12-01 03:56:00,WEB
APP205629,CUS105629,397000,36,DEBT_CONSOLIDATION,2026-09-09 08:38:00,WEB
APP205630,CUS105630,658000,48,OTHER,2026-08-25 23:03:00,WEB
APP205631,CUS105631,595000,48,OTHER,2026-11-16 04:52:00,MOBILE
APP205632,CUS105632,170000,36,EDUCATION,2026-07-13 16:10:00,MOBILE
APP205633,CUS105633,303000,12,TRAVEL,2026-05-25 10:34:00,MOBILE
APP205634,CUS105634,640000,36,EDUCATION,2026-07-06 03:18:00,MOBILE
APP205635,CUS105635,737000,18,DEBT_CONSOLIDATION,2026-04-24 09:29:00,MOBILE
APP205636,CUS105636,324000,12,EDUCATION,2026-03-28 09:47:00,MOBILE
APP205637,CUS105637,860000,48,DEBT_CONSOLIDATION,2026-11-30 22:52:00,MOBILE
APP205638,CUS105638,898000,18,DEBT_CONSOLIDATION,2026-01-13 11:32:00,MOBILE
APP205639,CUS105639,281000,18,DEBT_CONSOLIDATION,2026-08-29 17:39:00,MOBILE
APP205640,CUS105640,587000,24,MEDICAL,2026-01-17 11:39:00,MOBILE
APP205641,CUS105641,286000,36,EDUCATION,2026-02-27 22:11:00,MOBILE
APP205642,CUS105642,212000,12,HOME_RENOVATION,2026-09-03 22:02:00,MOBILE
APP205643,CUS105643,479000,36,OTHER,2026-01-13 14:52:00,MOBILE
APP205644,CUS105644,597000,12,TRAVEL,2026-02-13 05:54:00,WEB
APP205645,CUS105645,125000,12,EDUCATION,2026-09-13 14:19:00,MOBILE
APP205646,CUS105646,711000,36,HOME_RENOVATION,2026-01-21 09:52:00,MOBILE
APP205647,CUS105647,301000,36,HOME_RENOVATION,2026-01-13 09:30:00,MOBILE
APP205648,CUS105648,585000,36,MEDICAL,2026-02-22 03:48:00,MOBILE
APP205649,CUS105649,355000,60,OTHER,2026-12-06 02:13:00,MOBILE
APP205650,CUS105650,457000,48,DEBT_CONSOLIDATION,2026-12-06 17:53:00,MOBILE
APP205651,CUS105651,168000,36,TRAVEL,2026-02-25 17:01:00,MOBILE
APP205652,CUS105652,165000,12,OTHER,2026-03-26 08:54:00,MOBILE
APP205653,CUS105653,342000,48,DEBT_CONSOLIDATION,2026-09-02 16:21:00,MOBILE
APP205654,CUS105654,261000,60,TRAVEL,2026-08-07 08:01:00,MOBILE
APP205655,CUS105655,1017000,36,EDUCATION,2026-04-03 00:00:00,MOBILE
APP205656,CUS105656,288000,48,HOME_RENOVATION,2026-08-14 21:00:00,MOBILE
APP205657,CUS105657,400000,36,OTHER,2026-05-16 02:59:00,WEB
APP205658,CUS105658,518000,24,TRAVEL,2026-06-17 09:35:00,WEB
APP205659,CUS105659,317000,18,MEDICAL,2026-10-09 15:14:00,MOBILE
APP205660,CUS105660,241000,60,EDUCATION,2026-03-29 09:17:00,MOBILE
APP205661,CUS105661,462000,24,OTHER,2026-07-02 01:58:00,MOBILE
APP205662,CUS105662,853000,60,HOME_RENOVATION,2026-11-29 06:23:00,WEB
APP205663,CUS105663,123000,60,TRAVEL,2026-07-30 11:39:00,MOBILE
APP205664,CUS105664,219000,48,MEDICAL,2026-04-27 10:57:00,MOBILE
APP205665,CUS105665,952000,36,EDUCATION,2026-01-16 21:39:00,MOBILE
APP205666,CUS105666,575000,36,EDUCATION,2026-01-21 12:33:00,WEB
APP205667,CUS105667,770000,36,OTHER,2026-12-30 08:40:00,WEB
APP205668,CUS105668,302000,36,OTHER,2026-04-10 23:16:00,MOBILE
APP205669,CUS105669,1215000,36,TRAVEL,2026-03-24 11:45:00,MOBILE
APP205670,CUS105670,382000,48,DEBT_CONSOLIDATION,2026-08-14 01:00:00,MOBILE
APP205671,CUS105671,667000,24,MEDICAL,2026-05-25 13:48:00,WEB
APP205672,CUS105672,491000,36,OTHER,2026-12-04 20:04:00,WEB
APP205673,CUS105673,324000,48,EDUCATION,2026-05-19 22:29:00,MOBILE
APP205674,CUS105674,237000,18,MEDICAL,2026-03-18 00:11:00,MOBILE
APP205675,CUS105675,757000,48,MEDICAL,2026-10-18 11:58:00,WEB
APP205676,CUS105676,669000,48,DEBT_CONSOLIDATION,2026-02-08 07:15:00,WEB
APP205677,CUS105677,374000,36,HOME_RENOVATION,2026-05-30 07:09:00,MOBILE
APP205678,CUS105678,358000,48,HOME_RENOVATION,2026-02-24 18:04:00,MOBILE
APP205679,CUS105679,1119000,36,EDUCATION,2026-09-26 08:17:00,MOBILE
APP205680,CUS105680,562000,48,DEBT_CONSOLIDATION,2026-02-11 02:49:00,MOBILE
APP205681,CUS105681,298000,60,MEDICAL,2026-07-09 14:50:00,WEB
APP205682,CUS105682,469000,24,EDUCATION,2026-11-12 19:58:00,WEB
APP205683,CUS105683,351000,36,EDUCATION,2026-08-24 13:09:00,MOBILE
APP205684,CUS105684,889000,60,HOME_RENOVATION,2026-05-27 05:51:00,WEB
APP205685,CUS105685,707000,36,EDUCATION,2026-10-29 16:54:00,MOBILE
APP205686,CUS105686,550000,24,HOME_RENOVATION,2026-09-14 06:08:00,WEB
APP205687,CUS105687,726000,48,EDUCATION,2026-04-22 01:11:00,WEB
APP205688,CUS105688,841000,36,HOME_RENOVATION,2026-08-07 12:53:00,WEB
APP205689,CUS105689,352000,60,OTHER,2026-02-08 01:18:00,WEB
APP205690,CUS105690,159000,36,MEDICAL,2026-06-18 02:18:00,MOBILE
APP205691,CUS105691,115000,24,TRAVEL,2026-09-29 02:11:00,MOBILE
APP205692,CUS105692,517000,60,HOME_RENOVATION,2026-02-08 18:10:00,MOBILE
APP205693,CUS105693,397000,36,OTHER,2026-06-01 06:42:00,MOBILE
APP205694,CUS105694,196000,36,MEDICAL,2026-10-20 08:14:00,MOBILE
APP205695,CUS105695,370000,12,TRAVEL,2026-02-01 02:16:00,MOBILE
APP205696,CUS105696,143000,36,DEBT_CONSOLIDATION,2026-08-01 02:00:00,WEB
APP205697,CUS105697,373000,24,TRAVEL,2026-08-29 18:54:00,MOBILE
APP205698,CUS105698,749000,36,DEBT_CONSOLIDATION,2026-11-09 04:43:00,MOBILE
APP205699,CUS105699,118000,48,OTHER,2026-08-19 12:04:00,WEB
APP205700,CUS105700,205000,36,OTHER,2026-04-29 06:16:00,MOBILE
APP205701,CUS105701,229000,48,MEDICAL,2026-03-14 13:49:00,MOBILE
APP205702,CUS105702,405000,36,EDUCATION,2026-01-21 18:09:00,MOBILE
APP205703,CUS105703,286000,36,MEDICAL,2026-09-07 17:12:00,MOBILE
APP205704,CUS105704,388000,36,DEBT_CONSOLIDATION,2026-08-11 03:55:00,MOBILE
APP205705,CUS105705,635000,36,HOME_RENOVATION,2026-01-29 19:10:00,WEB
APP205706,CUS105706,555000,24,MEDICAL,2026-10-31 02:43:00,WEB
APP205707,CUS105707,494000,36,DEBT_CONSOLIDATION,2026-10-22 16:08:00,MOBILE
APP205708,CUS105708,382000,12,EDUCATION,2026-08-17 22:46:00,WEB
APP205709,CUS105709,154000,36,DEBT_CONSOLIDATION,2026-06-20 20:20:00,MOBILE
APP205710,CUS105710,753000,24,MEDICAL,2026-09-26 01:08:00,WEB
APP205711,CUS105711,266000,60,MEDICAL,2026-04-08 03:17:00,MOBILE
APP205712,CUS105712,455000,48,MEDICAL,2026-09-20 06:09:00,MOBILE
APP205713,CUS105713,680000,18,OTHER,2026-12-25 08:57:00,WEB
APP205714,CUS105714,475000,48,HOME_RENOVATION,2026-08-31 21:41:00,MOBILE
APP205715,CUS105715,561000,36,TRAVEL,2026-03-14 07:39:00,MOBILE
APP205716,CUS105716,482000,36,DEBT_CONSOLIDATION,2026-05-01 21:34:00,MOBILE
APP205717,CUS105717,653000,24,DEBT_CONSOLIDATION,2026-06-30 14:57:00,MOBILE
APP205718,CUS105718,311000,48,DEBT_CONSOLIDATION,2026-07-28 15:06:00,WEB
APP205719,CUS105719,898000,36,OTHER,2026-03-30 04:52:00,MOBILE
APP205720,CUS105720,252000,36,DEBT_CONSOLIDATION,2026-09-26 09:38:00,MOBILE
APP205721,CUS105721,714000,24,HOME_RENOVATION,2026-09-06 14:20:00,WEB
APP205722,CUS105722,135000,48,MEDICAL,2026-06-21 10:00:00,MOBILE
APP205723,CUS105723,281000,12,EDUCATION,2026-04-20 23:29:00,MOBILE
APP205724,CUS105724,491000,36,DEBT_CONSOLIDATION,2026-08-10 10:48:00,MOBILE
APP205725,CUS105725,176000,60,DEBT_CONSOLIDATION,2026-03-19 00:45:00,MOBILE
APP205726,CUS105726,542000,60,OTHER,2026-10-19 02:49:00,MOBILE
APP205727,CUS105727,117000,60,TRAVEL,2026-07-08 14:07:00,MOBILE
APP205728,CUS105728,196000,48,OTHER,2026-04-08 08:58:00,WEB
APP205729,CUS105729,306000,24,TRAVEL,2026-07-10 03:17:00,MOBILE
APP205730,CUS105730,196000,60,MEDICAL,2026-08-12 19:14:00,WEB
APP205731,CUS105731,142000,48,OTHER,2026-05-01 22:15:00,MOBILE
APP205732,CUS105732,1308000,24,EDUCATION,2026-11-05 23:20:00,WEB
APP205733,CUS105733,521000,48,EDUCATION,2026-11-15 17:28:00,MOBILE
APP205734,CUS105734,344000,36,TRAVEL,2026-05-22 20:48:00,MOBILE
APP205735,CUS105735,459000,36,EDUCATION,2026-03-18 23:06:00,MOBILE
APP205736,CUS105736,522000,36,HOME_RENOVATION,2026-02-15 19:19:00,MOBILE
APP205737,CUS105737,519000,18,DEBT_CONSOLIDATION,2026-02-27 23:51:00,WEB
APP205738,CUS105738,341000,36,TRAVEL,2026-01-17 16:58:00,MOBILE
APP205739,CUS105739,199000,18,DEBT_CONSOLIDATION,2026-04-25 23:51:00,WEB
APP205740,CUS105740,515000,18,OTHER,2026-04-08 18:24:00,MOBILE
APP205741,CUS105741,216000,24,TRAVEL,2026-03-19 02:09:00,WEB
APP205742,CUS105742,144000,48,MEDICAL,2026-03-03 10:27:00,MOBILE
APP205743,CUS105743,524000,36,HOME_RENOVATION,2026-12-04 18:16:00,MOBILE
APP205744,CUS105744,219000,36,OTHER,2026-07-06 06:11:00,WEB
APP205745,CUS105745,249000,36,OTHER,2026-01-11 13:18:00,MOBILE
APP205746,CUS105746,174000,60,HOME_RENOVATION,2026-05-22 00:18:00,WEB
APP205747,CUS105747,310000,36,OTHER,2026-12-05 12:00:00,MOBILE
APP205748,CUS105748,511000,60,MEDICAL,2026-09-19 23:05:00,MOBILE
APP205749,CUS105749,543000,12,OTHER,2026-02-01 22:33:00,MOBILE
APP205750,CUS105750,409000,48,TRAVEL,2026-06-25 07:51:00,MOBILE
APP205751,CUS105751,309000,36,DEBT_CONSOLIDATION,2026-02-06 18:33:00,MOBILE
APP205752,CUS105752,187000,36,OTHER,2026-07-21 17:36:00,MOBILE
APP205753,CUS105753,699000,24,TRAVEL,2026-01-13 22:25:00,MOBILE
APP205754,CUS105754,116000,36,OTHER,2026-10-10 05:26:00,WEB
APP205755,CUS105755,682000,18,MEDICAL,2026-05-24 10:04:00,MOBILE
APP205756,CUS105756,356000,36,DEBT_CONSOLIDATION,2026-12-29 10:07:00,WEB
APP205757,CUS105757,1252000,36,HOME_RENOVATION,2026-01-17 21:07:00,WEB
APP205758,CUS105758,271000,36,DEBT_CONSOLIDATION,2026-05-26 14:32:00,MOBILE
APP205759,CUS105759,1256000,18,EDUCATION,2026-07-23 06:46:00,MOBILE
APP205760,CUS105760,468000,36,MEDICAL,2026-03-31 10:09:00,MOBILE
APP205761,CUS105761,505000,24,DEBT_CONSOLIDATION,2026-04-07 17:22:00,WEB
APP205762,CUS105762,893000,48,OTHER,2026-05-02 10:58:00,WEB
APP205763,CUS105763,295000,48,OTHER,2026-01-10 17:09:00,MOBILE
APP205764,CUS105764,360000,48,MEDICAL,2026-12-30 21:43:00,MOBILE
APP205765,CUS105765,410000,60,OTHER,2026-03-04 08:05:00,MOBILE
APP205766,CUS105766,331000,36,HOME_RENOVATION,2026-02-17 02:42:00,MOBILE
APP205767,CUS105767,127000,36,DEBT_CONSOLIDATION,2026-10-06 16:38:00,MOBILE
APP205768,CUS105768,289000,24,DEBT_CONSOLIDATION,2026-04-29 09:54:00,MOBILE
APP205769,CUS105769,812000,60,MEDICAL,2026-10-04 13:31:00,MOBILE
APP205770,CUS105770,676000,36,OTHER,2026-08-12 03:50:00,MOBILE
APP205771,CUS105771,659000,24,DEBT_CONSOLIDATION,2026-07-29 19:55:00,MOBILE
APP205772,CUS105772,325000,36,MEDICAL,2026-10-04 04:48:00,WEB
APP205773,CUS105773,274000,36,DEBT_CONSOLIDATION,2026-12-02 02:00:00,MOBILE
APP205774,CUS105774,412000,36,HOME_RENOVATION,2026-06-23 22:23:00,MOBILE
APP205775,CUS105775,365000,36,EDUCATION,2026-11-19 02:30:00,MOBILE
APP205776,CUS105776,483000,36,MEDICAL,2026-08-18 23:36:00,MOBILE
APP205777,CUS105777,560000,24,DEBT_CONSOLIDATION,2026-11-18 15:47:00,WEB
APP205778,CUS105778,339000,60,MEDICAL,2026-07-19 22:10:00,MOBILE
APP205779,CUS105779,401000,36,EDUCATION,2026-07-19 03:19:00,MOBILE
APP205780,CUS105780,643000,36,EDUCATION,2026-09-13 19:58:00,WEB
APP205781,CUS105781,523000,12,DEBT_CONSOLIDATION,2026-09-12 08:06:00,MOBILE
APP205782,CUS105782,347000,36,OTHER,2026-05-02 08:00:00,WEB
APP205783,CUS105783,479000,60,HOME_RENOVATION,2026-05-16 18:01:00,WEB
APP205784,CUS105784,271000,36,EDUCATION,2026-11-23 03:29:00,MOBILE
APP205785,CUS105785,1599000,36,TRAVEL,2026-12-23 01:34:00,MOBILE
APP205786,CUS105786,157000,12,HOME_RENOVATION,2026-08-28 12:08:00,MOBILE
APP205787,CUS105787,179000,48,HOME_RENOVATION,2026-04-01 13:43:00,MOBILE
APP205788,CUS105788,176000,60,MEDICAL,2026-01-10 10:24:00,WEB
APP205789,CUS105789,261000,48,HOME_RENOVATION,2026-04-18 15:44:00,MOBILE
APP205790,CUS105790,218000,48,TRAVEL,2026-05-30 21:01:00,MOBILE
APP205791,CUS105791,192000,24,OTHER,2026-12-04 14:47:00,WEB
APP205792,CUS105792,350000,24,OTHER,2026-09-17 21:26:00,MOBILE
APP205793,CUS105793,521000,48,MEDICAL,2026-09-22 09:03:00,WEB
APP205794,CUS105794,454000,24,HOME_RENOVATION,2026-08-03 19:38:00,MOBILE
APP205795,CUS105795,382000,24,MEDICAL,2026-04-09 12:37:00,WEB
APP205796,CUS105796,1003000,48,OTHER,2026-07-03 05:07:00,WEB
APP205797,CUS105797,388000,36,DEBT_CONSOLIDATION,2026-11-11 04:49:00,WEB
APP205798,CUS105798,136000,24,TRAVEL,2026-12-21 16:09:00,WEB
APP205799,CUS105799,822000,18,MEDICAL,2026-08-31 00:21:00,MOBILE
APP205800,CUS105800,448000,24,TRAVEL,2026-02-26 08:08:00,MOBILE
APP205801,CUS105801,250000,36,OTHER,2026-06-01 03:19:00,MOBILE
APP205802,CUS105802,357000,36,DEBT_CONSOLIDATION,2026-01-05 10:34:00,WEB
APP205803,CUS105803,243000,18,EDUCATION,2026-12-29 19:53:00,MOBILE
APP205804,CUS105804,233000,36,EDUCATION,2026-11-18 18:53:00,WEB
APP205805,CUS105805,416000,18,MEDICAL,2026-10-31 19:25:00,MOBILE
APP205806,CUS105806,461000,36,EDUCATION,2026-06-03 18:21:00,MOBILE
APP205807,CUS105807,371000,18,EDUCATION,2026-07-10 00:28:00,MOBILE
APP205808,CUS105808,213000,36,HOME_RENOVATION,2026-10-07 18:30:00,MOBILE
APP205809,CUS105809,577000,60,TRAVEL,2026-01-03 03:35:00,WEB
APP205810,CUS105810,238000,36,DEBT_CONSOLIDATION,2026-09-06 18:52:00,MOBILE
APP205811,CUS105811,458000,36,MEDICAL,2026-07-07 17:54:00,MOBILE
APP205812,CUS105812,388000,12,HOME_RENOVATION,2026-11-25 03:55:00,MOBILE
APP205813,CUS105813,432000,18,DEBT_CONSOLIDATION,2026-09-21 12:03:00,MOBILE
APP205814,CUS105814,308000,48,EDUCATION,2026-01-03 19:43:00,WEB
APP205815,CUS105815,579000,18,HOME_RENOVATION,2026-01-09 14:09:00,MOBILE
APP205816,CUS105816,256000,36,MEDICAL,2026-08-25 07:17:00,MOBILE
APP205817,CUS105817,248000,18,DEBT_CONSOLIDATION,2026-06-06 13:58:00,MOBILE
APP205818,CUS105818,420000,24,EDUCATION,2026-05-30 01:30:00,MOBILE
APP205819,CUS105819,704000,36,TRAVEL,2026-12-10 21:20:00,WEB
APP205820,CUS105820,349000,12,DEBT_CONSOLIDATION,2026-06-16 16:16:00,MOBILE
APP205821,CUS105821,347000,48,TRAVEL,2026-01-17 04:29:00,MOBILE
APP205822,CUS105822,469000,36,DEBT_CONSOLIDATION,2026-09-23 00:32:00,WEB
APP205823,CUS105823,701000,36,MEDICAL,2026-01-29 21:17:00,MOBILE
APP205824,CUS105824,522000,36,DEBT_CONSOLIDATION,2026-08-12 07:26:00,MOBILE
APP205825,CUS105825,100000,12,TRAVEL,2026-05-04 23:59:00,MOBILE
APP205826,CUS105826,574000,24,TRAVEL,2026-11-24 11:54:00,MOBILE
APP205827,CUS105827,226000,36,MEDICAL,2026-10-01 23:16:00,MOBILE
APP205828,CUS105828,733000,48,EDUCATION,2026-12-06 10:17:00,MOBILE
APP205829,CUS105829,843000,36,TRAVEL,2026-04-14 17:36:00,WEB
APP205830,CUS105830,392000,60,DEBT_CONSOLIDATION,2026-12-21 00:18:00,WEB
APP205831,CUS105831,236000,48,OTHER,2026-06-28 04:54:00,MOBILE
APP205832,CUS105832,1807000,24,OTHER,2026-07-15 21:33:00,WEB
APP205833,CUS105833,488000,36,EDUCATION,2026-03-07 03:22:00,MOBILE
APP205834,CUS105834,252000,36,DEBT_CONSOLIDATION,2026-02-09 16:59:00,MOBILE
APP205835,CUS105835,412000,36,TRAVEL,2026-05-16 04:45:00,MOBILE
APP205836,CUS105836,261000,18,EDUCATION,2026-08-11 17:30:00,MOBILE
APP205837,CUS105837,488000,48,MEDICAL,2026-09-21 11:48:00,MOBILE
APP205838,CUS105838,765000,24,EDUCATION,2026-08-30 13:29:00,WEB
APP205839,CUS105839,650000,60,OTHER,2026-02-21 09:11:00,MOBILE
APP205840,CUS105840,390000,60,DEBT_CONSOLIDATION,2026-01-11 15:12:00,MOBILE
APP205841,CUS105841,388000,24,OTHER,2026-09-11 17:29:00,MOBILE
APP205842,CUS105842,438000,60,TRAVEL,2026-03-27 11:27:00,MOBILE
APP205843,CUS105843,524000,36,DEBT_CONSOLIDATION,2026-02-27 12:31:00,MOBILE
APP205844,CUS105844,560000,24,MEDICAL,2026-12-28 19:14:00,MOBILE
APP205845,CUS105845,358000,36,DEBT_CONSOLIDATION,2026-10-18 02:09:00,WEB
APP205846,CUS105846,451000,18,EDUCATION,2026-02-04 08:19:00,MOBILE
APP205847,CUS105847,438000,36,DEBT_CONSOLIDATION,2026-03-26 13:34:00,WEB
APP205848,CUS105848,365000,24,TRAVEL,2026-10-18 21:35:00,MOBILE
APP205849,CUS105849,903000,60,EDUCATION,2026-02-16 18:02:00,WEB
APP205850,CUS105850,465000,60,EDUCATION,2026-10-24 17:22:00,MOBILE
APP205851,CUS105851,413000,18,OTHER,2026-02-05 14:38:00,MOBILE
APP205852,CUS105852,309000,24,TRAVEL,2026-02-04 05:20:00,MOBILE
APP205853,CUS105853,464000,36,OTHER,2026-06-13 05:15:00,WEB
APP205854,CUS105854,334000,48,DEBT_CONSOLIDATION,2026-06-17 18:33:00,WEB
APP205855,CUS105855,676000,36,OTHER,2026-11-10 12:43:00,MOBILE
APP205856,CUS105856,879000,24,TRAVEL,2026-04-01 12:58:00,MOBILE
APP205857,CUS105857,233000,24,OTHER,2026-07-19 21:48:00,MOBILE
APP205858,CUS105858,266000,48,EDUCATION,2026-01-08 17:28:00,WEB
APP205859,CUS105859,565000,24,MEDICAL,2026-01-05 18:08:00,MOBILE
APP205860,CUS105860,339000,12,EDUCATION,2026-10-02 00:23:00,MOBILE
APP205861,CUS105861,438000,18,MEDICAL,2026-08-15 13:24:00,MOBILE
APP205862,CUS105862,406000,36,OTHER,2026-06-07 12:58:00,MOBILE
APP205863,CUS105863,404000,60,HOME_RENOVATION,2026-07-07 11:22:00,MOBILE
APP205864,CUS105864,627000,48,HOME_RENOVATION,2026-06-25 23:23:00,WEB
APP205865,CUS105865,488000,36,OTHER,2026-09-28 11:28:00,MOBILE
APP205866,CUS105866,942000,36,EDUCATION,2026-04-06 00:35:00,WEB
APP205867,CUS105867,422000,36,TRAVEL,2026-09-18 12:43:00,MOBILE
APP205868,CUS105868,900000,60,EDUCATION,2026-09-08 14:21:00,WEB
APP205869,CUS105869,365000,24,OTHER,2026-05-13 02:37:00,WEB
APP205870,CUS105870,329000,36,MEDICAL,2026-11-10 07:06:00,MOBILE
APP205871,CUS105871,666000,36,EDUCATION,2026-10-17 17:00:00,MOBILE
APP205872,CUS105872,166000,48,DEBT_CONSOLIDATION,2026-03-29 12:01:00,MOBILE
APP205873,CUS105873,363000,60,MEDICAL,2026-06-07 18:32:00,WEB
APP205874,CUS105874,153000,24,TRAVEL,2026-07-12 13:53:00,MOBILE
APP205875,CUS105875,890000,36,DEBT_CONSOLIDATION,2026-07-28 07:06:00,WEB
APP205876,CUS105876,273000,60,MEDICAL,2026-08-31 20:13:00,MOBILE
APP205877,CUS105877,667000,36,MEDICAL,2026-09-07 18:27:00,MOBILE
APP205878,CUS105878,297000,36,DEBT_CONSOLIDATION,2026-09-21 02:11:00,MOBILE
APP205879,CUS105879,283000,36,EDUCATION,2026-02-19 22:33:00,MOBILE
APP205880,CUS105880,531000,36,EDUCATION,2026-04-06 15:06:00,MOBILE
APP205881,CUS105881,897000,36,OTHER,2026-01-09 15:44:00,WEB
APP205882,CUS105882,261000,36,DEBT_CONSOLIDATION,2026-02-25 14:17:00,MOBILE
APP205883,CUS105883,699000,60,MEDICAL,2026-11-25 00:09:00,MOBILE
APP205884,CUS105884,445000,24,OTHER,2026-02-20 16:55:00,MOBILE
APP205885,CUS105885,311000,24,OTHER,2026-10-18 16:21:00,MOBILE
APP205886,CUS105886,497000,24,TRAVEL,2026-10-03 04:11:00,MOBILE
APP205887,CUS105887,304000,48,OTHER,2026-12-02 16:01:00,MOBILE
APP205888,CUS105888,244000,36,OTHER,2026-03-04 09:04:00,MOBILE
APP205889,CUS105889,442000,36,TRAVEL,2026-12-07 01:19:00,WEB
APP205890,CUS105890,345000,48,DEBT_CONSOLIDATION,2026-04-20 12:48:00,WEB
APP205891,CUS105891,554000,48,HOME_RENOVATION,2026-07-18 14:59:00,MOBILE
APP205892,CUS105892,375000,36,DEBT_CONSOLIDATION,2026-01-14 01:51:00,MOBILE
APP205893,CUS105893,240000,12,EDUCATION,2026-04-08 02:53:00,MOBILE
APP205894,CUS105894,474000,36,DEBT_CONSOLIDATION,2026-03-04 21:33:00,WEB
APP205895,CUS105895,473000,24,MEDICAL,2026-12-29 23:26:00,WEB
APP205896,CUS105896,291000,36,HOME_RENOVATION,2026-01-04 19:44:00,WEB
APP205897,CUS105897,300000,18,TRAVEL,2026-05-09 18:23:00,WEB
APP205898,CUS105898,428000,12,HOME_RENOVATION,2026-04-25 09:21:00,MOBILE
APP205899,CUS105899,788000,36,OTHER,2026-10-23 18:34:00,WEB
APP205900,CUS105900,279000,48,OTHER,2026-10-12 23:41:00,MOBILE
APP205901,CUS105901,251000,48,HOME_RENOVATION,2026-10-29 12:44:00,MOBILE
APP205902,CUS105902,593000,48,OTHER,2026-12-23 16:39:00,WEB
APP205903,CUS105903,271000,48,DEBT_CONSOLIDATION,2026-05-04 19:46:00,MOBILE
APP205904,CUS105904,448000,60,MEDICAL,2026-02-27 01:57:00,WEB
APP205905,CUS105905,185000,36,HOME_RENOVATION,2026-12-13 21:54:00,WEB
APP205906,CUS105906,416000,24,HOME_RENOVATION,2026-12-07 18:30:00,WEB
APP205907,CUS105907,823000,12,DEBT_CONSOLIDATION,2026-08-19 10:12:00,MOBILE
APP205908,CUS105908,294000,18,TRAVEL,2026-12-30 09:13:00,WEB
APP205909,CUS105909,1237000,36,EDUCATION,2026-12-29 06:07:00,WEB
APP205910,CUS105910,670000,36,TRAVEL,2026-07-25 22:38:00,MOBILE
APP205911,CUS105911,694000,36,OTHER,2026-02-01 10:09:00,MOBILE
APP205912,CUS105912,199000,36,EDUCATION,2026-01-07 01:27:00,MOBILE
APP205913,CUS105913,551000,36,HOME_RENOVATION,2026-04-03 22:53:00,MOBILE
APP205914,CUS105914,411000,18,MEDICAL,2026-07-08 01:06:00,MOBILE
APP205915,CUS105915,290000,36,EDUCATION,2026-09-23 05:54:00,WEB
APP205916,CUS105916,651000,48,TRAVEL,2026-05-04 15:21:00,MOBILE
APP205917,CUS105917,180000,36,DEBT_CONSOLIDATION,2026-04-29 21:51:00,WEB
APP205918,CUS105918,151000,24,DEBT_CONSOLIDATION,2026-05-19 10:33:00,WEB
APP205919,CUS105919,463000,36,OTHER,2026-05-12 18:47:00,WEB
APP205920,CUS105920,567000,36,TRAVEL,2026-09-01 21:18:00,MOBILE
APP205921,CUS105921,733000,18,OTHER,2026-02-27 21:08:00,MOBILE
APP205922,CUS105922,476000,36,HOME_RENOVATION,2026-05-03 23:26:00,WEB
APP205923,CUS105923,278000,36,OTHER,2026-08-12 01:08:00,MOBILE
APP205924,CUS105924,241000,18,OTHER,2026-09-19 09:37:00,MOBILE
APP205925,CUS105925,599000,60,HOME_RENOVATION,2026-01-19 12:01:00,MOBILE
APP205926,CUS105926,625000,48,EDUCATION,2026-10-22 15:02:00,MOBILE
APP205927,CUS105927,348000,36,OTHER,2026-07-07 07:35:00,MOBILE
APP205928,CUS105928,283000,36,DEBT_CONSOLIDATION,2026-12-31 15:01:00,MOBILE
APP205929,CUS105929,230000,36,EDUCATION,2026-10-12 01:46:00,MOBILE
APP205930,CUS105930,214000,48,DEBT_CONSOLIDATION,2026-01-27 06:44:00,MOBILE
APP205931,CUS105931,506000,36,HOME_RENOVATION,2026-09-03 18:06:00,MOBILE
APP205932,CUS105932,224000,24,EDUCATION,2026-09-08 22:12:00,MOBILE
APP205933,CUS105933,672000,36,EDUCATION,2026-02-18 04:59:00,MOBILE
APP205934,CUS105934,609000,36,EDUCATION,2026-06-23 09:07:00,WEB
APP205935,CUS105935,428000,36,EDUCATION,2026-11-28 19:14:00,WEB
APP205936,CUS105936,552000,36,EDUCATION,2026-07-03 14:52:00,WEB
APP205937,CUS105937,384000,36,DEBT_CONSOLIDATION,2026-03-30 21:46:00,WEB
APP205938,CUS105938,224000,12,HOME_RENOVATION,2026-11-23 07:27:00,WEB
APP205939,CUS105939,195000,18,OTHER,2026-08-08 14:04:00,MOBILE
APP205940,CUS105940,701000,36,DEBT_CONSOLIDATION,2026-06-04 02:08:00,MOBILE
APP205941,CUS105941,447000,36,DEBT_CONSOLIDATION,2026-07-15 04:20:00,WEB
APP205942,CUS105942,1133000,36,EDUCATION,2026-12-04 09:47:00,MOBILE
APP205943,CUS105943,250000,12,MEDICAL,2026-03-18 20:28:00,MOBILE
APP205944,CUS105944,151000,48,EDUCATION,2026-09-17 08:42:00,WEB
APP205945,CUS105945,412000,12,OTHER,2026-07-09 02:54:00,MOBILE
APP205946,CUS105946,433000,36,EDUCATION,2026-10-22 14:32:00,WEB
APP205947,CUS105947,586000,24,TRAVEL,2026-12-20 23:43:00,MOBILE
APP205948,CUS105948,164000,18,TRAVEL,2026-03-04 20:25:00,WEB
APP205949,CUS105949,687000,36,DEBT_CONSOLIDATION,2026-09-03 23:52:00,MOBILE
APP205950,CUS105950,263000,36,MEDICAL,2026-11-03 16:35:00,MOBILE
APP205951,CUS105951,463000,60,HOME_RENOVATION,2026-01-12 23:19:00,MOBILE
APP205952,CUS105952,1040000,24,HOME_RENOVATION,2026-01-18 02:14:00,MOBILE
APP205953,CUS105953,627000,48,TRAVEL,2026-03-01 02:33:00,WEB
APP205954,CUS105954,1038000,48,MEDICAL,2026-12-08 21:25:00,MOBILE
APP205955,CUS105955,338000,36,TRAVEL,2026-07-18 09:52:00,MOBILE
APP205956,CUS105956,407000,12,MEDICAL,2026-12-02 11:44:00,MOBILE
APP205957,CUS105957,317000,18,EDUCATION,2026-01-12 03:26:00,MOBILE
APP205958,CUS105958,347000,60,EDUCATION,2026-07-29 16:02:00,WEB
APP205959,CUS105959,316000,36,HOME_RENOVATION,2026-07-19 16:51:00,WEB
APP205960,CUS105960,261000,24,EDUCATION,2026-03-07 05:59:00,MOBILE
APP205961,CUS105961,1377000,36,OTHER,2026-06-20 15:07:00,MOBILE
APP205962,CUS105962,346000,48,HOME_RENOVATION,2026-10-01 20:06:00,WEB
APP205963,CUS105963,1009000,48,HOME_RENOVATION,2026-03-27 04:00:00,MOBILE
APP205964,CUS105964,200000,36,HOME_RENOVATION,2026-08-14 05:09:00,WEB
APP205965,CUS105965,576000,18,TRAVEL,2026-01-29 22:10:00,WEB
APP205966,CUS105966,217000,36,MEDICAL,2026-08-21 10:33:00,MOBILE
APP205967,CUS105967,183000,36,OTHER,2026-04-15 14:55:00,MOBILE
APP205968,CUS105968,165000,12,HOME_RENOVATION,2026-09-30 12:34:00,WEB
APP205969,CUS105969,406000,48,DEBT_CONSOLIDATION,2026-05-05 22:23:00,MOBILE
APP205970,CUS105970,329000,48,OTHER,2026-12-05 23:34:00,MOBILE
APP205971,CUS105971,679000,48,OTHER,2026-07-04 00:43:00,WEB
APP205972,CUS105972,502000,24,DEBT_CONSOLIDATION,2026-05-22 17:53:00,MOBILE
APP205973,CUS105973,856000,36,OTHER,2026-09-13 11:10:00,MOBILE
APP205974,CUS105974,303000,36,TRAVEL,2026-01-27 05:28:00,WEB
APP205975,CUS105975,621000,48,EDUCATION,2026-10-08 04:35:00,WEB
APP205976,CUS105976,277000,48,DEBT_CONSOLIDATION,2026-12-30 00:40:00,MOBILE
APP205977,CUS105977,918000,24,TRAVEL,2026-06-22 22:56:00,MOBILE
APP205978,CUS105978,414000,36,DEBT_CONSOLIDATION,2026-02-03 17:01:00,MOBILE
APP205979,CUS105979,239000,18,DEBT_CONSOLIDATION,2026-10-26 17:39:00,WEB
APP205980,CUS105980,275000,60,TRAVEL,2026-04-26 07:35:00,WEB
APP205981,CUS105981,266000,48,MEDICAL,2026-05-11 19:17:00,WEB
APP205982,CUS105982,628000,48,EDUCATION,2026-07-29 22:46:00,MOBILE
APP205983,CUS105983,418000,48,MEDICAL,2026-12-25 15:23:00,WEB
APP205984,CUS105984,879000,36,EDUCATION,2026-06-08 15:48:00,MOBILE
APP205985,CUS105985,225000,60,DEBT_CONSOLIDATION,2026-06-21 16:11:00,MOBILE
APP205986,CUS105986,244000,36,TRAVEL,2026-02-11 21:08:00,MOBILE
APP205987,CUS105987,162000,36,TRAVEL,2026-07-22 03:31:00,WEB
APP205988,CUS105988,135000,18,DEBT_CONSOLIDATION,2026-09-21 14:48:00,WEB
APP205989,CUS105989,618000,60,DEBT_CONSOLIDATION,2026-08-08 12:47:00,MOBILE
APP205990,CUS105990,375000,36,EDUCATION,2026-03-13 18:57:00,MOBILE
APP205991,CUS105991,212000,60,MEDICAL,2026-08-08 02:09:00,MOBILE
APP205992,CUS105992,1262000,36,OTHER,2026-02-05 01:07:00,MOBILE
APP205993,CUS105993,1139000,36,EDUCATION,2026-01-17 12:46:00,MOBILE
APP205994,CUS105994,238000,36,TRAVEL,2026-02-28 10:30:00,MOBILE
APP205995,CUS105995,714000,24,HOME_RENOVATION,2026-10-11 00:59:00,MOBILE
APP205996,CUS105996,209000,36,HOME_RENOVATION,2026-12-06 14:42:00,WEB
APP205997,CUS105997,219000,24,HOME_RENOVATION,2026-02-25 02:07:00,WEB
APP205998,CUS105998,797000,48,OTHER,2026-09-13 03:13:00,WEB
APP205999,CUS105999,329000,36,TRAVEL,2026-09-29 01:43:00,MOBILE
APP206000,CUS106000,208000,24,EDUCATION,2026-10-05 03:36:00,MOBILE
APP206001,CUS106001,391000,18,EDUCATION,2026-07-16 00:48:00,MOBILE
APP206002,CUS106002,321000,12,OTHER,2026-10-25 13:13:00,MOBILE
APP206003,CUS106003,937000,24,EDUCATION,2026-09-07 09:37:00,MOBILE
APP206004,CUS106004,158000,36,OTHER,2026-08-11 14:23:00,WEB
APP206005,CUS106005,277000,36,MEDICAL,2026-06-23 14:22:00,MOBILE
APP206006,CUS106006,907000,36,HOME_RENOVATION,2026-01-27 22:10:00,WEB
APP206007,CUS106007,720000,48,OTHER,2026-07-20 11:20:00,WEB
APP206008,CUS106008,464000,60,DEBT_CONSOLIDATION,2026-07-25 20:26:00,MOBILE
APP206009,CUS106009,565000,48,OTHER,2026-04-10 06:47:00,MOBILE
APP206010,CUS106010,175000,36,EDUCATION,2026-12-13 18:50:00,WEB
APP206011,CUS106011,634000,36,HOME_RENOVATION,2026-10-06 10:22:00,MOBILE
APP206012,CUS106012,201000,18,MEDICAL,2026-03-05 01:17:00,MOBILE
APP206013,CUS106013,729000,48,DEBT_CONSOLIDATION,2026-12-15 11:42:00,WEB
APP206014,CUS106014,271000,36,HOME_RENOVATION,2026-12-09 10:15:00,MOBILE
APP206015,CUS106015,493000,24,HOME_RENOVATION,2026-05-01 12:27:00,MOBILE
APP206016,CUS106016,903000,12,OTHER,2026-10-31 17:40:00,WEB
APP206017,CUS106017,291000,36,OTHER,2026-01-30 09:27:00,WEB
APP206018,CUS106018,123000,24,EDUCATION,2026-07-15 09:06:00,MOBILE
APP206019,CUS106019,522000,36,EDUCATION,2026-04-16 01:18:00,WEB
APP206020,CUS106020,369000,24,EDUCATION,2026-01-31 13:27:00,MOBILE
APP206021,CUS106021,395000,36,OTHER,2026-05-24 22:23:00,WEB
APP206022,CUS106022,367000,48,OTHER,2026-10-02 05:07:00,MOBILE
APP206023,CUS106023,433000,48,HOME_RENOVATION,2026-12-24 02:48:00,WEB
APP206024,CUS106024,449000,18,TRAVEL,2026-02-16 18:27:00,MOBILE
APP206025,CUS106025,629000,48,MEDICAL,2026-11-26 00:00:00,MOBILE
APP206026,CUS106026,343000,48,EDUCATION,2026-05-30 14:33:00,WEB
APP206027,CUS106027,480000,36,MEDICAL,2026-08-07 14:09:00,MOBILE
APP206028,CUS106028,871000,36,HOME_RENOVATION,2026-03-07 19:47:00,MOBILE
APP206029,CUS106029,251000,60,MEDICAL,2026-02-17 04:05:00,WEB
APP206030,CUS106030,711000,36,DEBT_CONSOLIDATION,2026-10-05 08:54:00,MOBILE
APP206031,CUS106031,570000,36,TRAVEL,2026-11-11 10:11:00,MOBILE
APP206032,CUS106032,846000,60,EDUCATION,2026-07-23 03:52:00,WEB
APP206033,CUS106033,281000,36,DEBT_CONSOLIDATION,2026-06-11 12:11:00,MOBILE
APP206034,CUS106034,696000,60,MEDICAL,2026-06-23 13:36:00,WEB
APP206035,CUS106035,187000,24,OTHER,2026-03-03 05:25:00,MOBILE
APP206036,CUS106036,391000,12,HOME_RENOVATION,2026-11-06 01:21:00,MOBILE
APP206037,CUS106037,333000,60,DEBT_CONSOLIDATION,2026-11-26 11:14:00,WEB
APP206038,CUS106038,499000,36,MEDICAL,2026-05-22 07:44:00,WEB
APP206039,CUS106039,484000,36,TRAVEL,2026-02-17 03:50:00,MOBILE
APP206040,CUS106040,823000,48,DEBT_CONSOLIDATION,2026-07-24 07:58:00,MOBILE
APP206041,CUS106041,390000,24,TRAVEL,2026-09-28 19:00:00,WEB
APP206042,CUS106042,669000,12,EDUCATION,2026-07-28 01:50:00,MOBILE
APP206043,CUS106043,388000,36,HOME_RENOVATION,2026-08-27 23:28:00,MOBILE
APP206044,CUS106044,366000,24,MEDICAL,2026-07-24 05:05:00,WEB
APP206045,CUS106045,186000,36,EDUCATION,2026-10-31 00:24:00,WEB
APP206046,CUS106046,725000,36,EDUCATION,2026-10-11 21:20:00,MOBILE
APP206047,CUS106047,1535000,12,EDUCATION,2026-11-11 22:51:00,WEB
APP206048,CUS106048,634000,36,HOME_RENOVATION,2026-01-16 12:19:00,MOBILE
APP206049,CUS106049,350000,36,EDUCATION,2026-04-16 00:55:00,MOBILE
APP206050,CUS106050,1020000,48,DEBT_CONSOLIDATION,2026-02-23 08:47:00,MOBILE
APP206051,CUS106051,664000,60,EDUCATION,2026-09-14 20:50:00,MOBILE
APP206052,CUS106052,652000,12,MEDICAL,2026-02-13 03:20:00,MOBILE
APP206053,CUS106053,323000,48,EDUCATION,2026-06-07 07:01:00,WEB
APP206054,CUS106054,994000,36,MEDICAL,2026-11-25 08:51:00,WEB
APP206055,CUS106055,463000,24,DEBT_CONSOLIDATION,2026-05-02 20:52:00,WEB
APP206056,CUS106056,447000,48,MEDICAL,2026-02-10 13:48:00,WEB
APP206057,CUS106057,276000,36,EDUCATION,2026-05-31 10:08:00,WEB
APP206058,CUS106058,246000,48,HOME_RENOVATION,2026-08-26 17:47:00,MOBILE
APP206059,CUS106059,548000,48,HOME_RENOVATION,2026-09-15 12:26:00,MOBILE
APP206060,CUS106060,135000,36,TRAVEL,2026-12-10 22:49:00,WEB
APP206061,CUS106061,256000,18,EDUCATION,2026-07-18 03:04:00,WEB
APP206062,CUS106062,186000,18,TRAVEL,2026-12-31 12:00:00,WEB
APP206063,CUS106063,303000,60,OTHER,2026-08-07 13:23:00,MOBILE
APP206064,CUS106064,1003000,60,EDUCATION,2026-08-12 18:26:00,MOBILE
APP206065,CUS106065,293000,24,DEBT_CONSOLIDATION,2026-12-26 21:59:00,WEB
APP206066,CUS106066,502000,18,MEDICAL,2026-02-18 08:10:00,WEB
APP206067,CUS106067,609000,60,MEDICAL,2026-06-01 14:27:00,WEB
APP206068,CUS106068,351000,48,HOME_RENOVATION,2026-01-06 06:29:00,MOBILE
APP206069,CUS106069,220000,48,HOME_RENOVATION,2026-08-07 01:01:00,WEB
APP206070,CUS106070,741000,36,MEDICAL,2026-09-03 01:32:00,MOBILE
APP206071,CUS106071,288000,12,OTHER,2026-11-27 23:26:00,WEB
APP206072,CUS106072,754000,36,OTHER,2026-05-16 23:33:00,MOBILE
APP206073,CUS106073,1006000,24,TRAVEL,2026-07-03 01:28:00,MOBILE
APP206074,CUS106074,696000,48,OTHER,2026-08-28 03:11:00,MOBILE
APP206075,CUS106075,389000,36,EDUCATION,2026-07-02 07:49:00,MOBILE
APP206076,CUS106076,149000,48,MEDICAL,2026-09-27 17:30:00,MOBILE
APP206077,CUS106077,206000,48,HOME_RENOVATION,2026-07-31 09:48:00,MOBILE
APP206078,CUS106078,255000,36,EDUCATION,2026-03-19 14:23:00,MOBILE
APP206079,CUS106079,272000,36,HOME_RENOVATION,2026-12-17 22:22:00,WEB
APP206080,CUS106080,986000,48,MEDICAL,2026-01-26 12:19:00,WEB
APP206081,CUS106081,621000,48,HOME_RENOVATION,2026-01-07 00:02:00,WEB
APP206082,CUS106082,756000,60,OTHER,2026-07-23 03:58:00,MOBILE
APP206083,CUS106083,309000,48,HOME_RENOVATION,2026-01-23 21:36:00,WEB
APP206084,CUS106084,164000,36,HOME_RENOVATION,2026-10-25 01:03:00,MOBILE
APP206085,CUS106085,584000,36,MEDICAL,2026-08-13 06:20:00,MOBILE
APP206086,CUS106086,367000,36,DEBT_CONSOLIDATION,2026-08-09 13:09:00,WEB
APP206087,CUS106087,386000,48,DEBT_CONSOLIDATION,2026-06-27 06:07:00,MOBILE
APP206088,CUS106088,467000,36,OTHER,2026-06-08 07:49:00,MOBILE
APP206089,CUS106089,593000,36,HOME_RENOVATION,2026-08-01 22:23:00,MOBILE
APP206090,CUS106090,918000,48,HOME_RENOVATION,2026-01-20 15:59:00,MOBILE
APP206091,CUS106091,414000,36,DEBT_CONSOLIDATION,2026-05-06 17:06:00,MOBILE
APP206092,CUS106092,482000,36,OTHER,2026-07-18 01:03:00,MOBILE
APP206093,CUS106093,1137000,36,MEDICAL,2026-03-01 06:32:00,WEB
APP206094,CUS106094,509000,36,MEDICAL,2026-12-09 21:24:00,WEB
APP206095,CUS106095,449000,24,EDUCATION,2026-09-27 20:47:00,MOBILE
APP206096,CUS106096,244000,24,TRAVEL,2026-10-04 10:05:00,MOBILE
APP206097,CUS106097,429000,24,MEDICAL,2026-07-26 07:19:00,WEB
APP206098,CUS106098,359000,36,OTHER,2026-04-26 14:59:00,MOBILE
APP206099,CUS106099,339000,60,EDUCATION,2026-12-11 09:35:00,MOBILE
APP206100,CUS106100,635000,48,DEBT_CONSOLIDATION,2026-09-16 13:20:00,MOBILE
APP206101,CUS106101,325000,36,HOME_RENOVATION,2026-08-03 05:59:00,MOBILE
APP206102,CUS106102,205000,36,TRAVEL,2026-07-24 00:41:00,WEB
APP206103,CUS106103,271000,48,HOME_RENOVATION,2026-06-02 00:30:00,WEB
APP206104,CUS106104,980000,18,HOME_RENOVATION,2026-08-31 17:14:00,WEB
APP206105,CUS106105,751000,36,HOME_RENOVATION,2026-08-20 21:48:00,WEB
APP206106,CUS106106,1217000,36,OTHER,2026-07-10 13:02:00,WEB
APP206107,CUS106107,173000,36,OTHER,2026-06-17 15:39:00,MOBILE
APP206108,CUS106108,581000,36,MEDICAL,2026-01-02 16:03:00,WEB
APP206109,CUS106109,323000,24,DEBT_CONSOLIDATION,2026-12-19 17:41:00,MOBILE
APP206110,CUS106110,346000,36,HOME_RENOVATION,2026-11-16 18:53:00,WEB
APP206111,CUS106111,213000,60,TRAVEL,2026-06-29 02:40:00,WEB
APP206112,CUS106112,609000,36,MEDICAL,2026-02-15 06:09:00,WEB
APP206113,CUS106113,957000,36,DEBT_CONSOLIDATION,2026-04-07 21:04:00,MOBILE
APP206114,CUS106114,620000,36,HOME_RENOVATION,2026-01-18 06:32:00,MOBILE
APP206115,CUS106115,237000,48,HOME_RENOVATION,2026-03-02 10:40:00,MOBILE
APP206116,CUS106116,364000,36,OTHER,2026-05-18 13:14:00,MOBILE
APP206117,CUS106117,781000,24,DEBT_CONSOLIDATION,2026-09-13 18:16:00,WEB
APP206118,CUS106118,506000,36,MEDICAL,2026-11-03 03:21:00,WEB
APP206119,CUS106119,509000,24,EDUCATION,2026-01-12 14:00:00,MOBILE
APP206120,CUS106120,359000,36,EDUCATION,2026-08-11 04:13:00,MOBILE
APP206121,CUS106121,385000,18,MEDICAL,2026-02-06 17:33:00,MOBILE
APP206122,CUS106122,847000,36,OTHER,2026-10-10 02:14:00,MOBILE
APP206123,CUS106123,867000,60,EDUCATION,2026-03-09 17:33:00,MOBILE
APP206124,CUS106124,337000,48,HOME_RENOVATION,2026-08-03 09:42:00,WEB
APP206125,CUS106125,292000,48,MEDICAL,2026-03-14 01:16:00,MOBILE
APP206126,CUS106126,379000,36,OTHER,2026-08-11 20:41:00,MOBILE
APP206127,CUS106127,225000,60,OTHER,2026-04-13 10:36:00,MOBILE
APP206128,CUS106128,1121000,48,EDUCATION,2026-05-19 03:07:00,MOBILE
APP206129,CUS106129,821000,60,TRAVEL,2026-05-21 21:31:00,MOBILE
APP206130,CUS106130,998000,36,OTHER,2026-09-21 04:11:00,MOBILE
APP206131,CUS106131,170000,48,MEDICAL,2026-09-12 14:10:00,WEB
APP206132,CUS106132,397000,24,HOME_RENOVATION,2026-10-08 16:49:00,MOBILE
APP206133,CUS106133,730000,36,MEDICAL,2026-01-14 00:07:00,MOBILE
APP206134,CUS106134,164000,36,OTHER,2026-01-19 12:01:00,MOBILE
APP206135,CUS106135,537000,12,DEBT_CONSOLIDATION,2026-08-02 04:54:00,MOBILE
APP206136,CUS106136,503000,18,MEDICAL,2026-11-28 15:32:00,WEB
APP206137,CUS106137,262000,60,OTHER,2026-12-23 15:58:00,WEB
APP206138,CUS106138,277000,36,HOME_RENOVATION,2026-12-30 00:46:00,MOBILE
APP206139,CUS106139,318000,24,TRAVEL,2026-05-13 07:34:00,WEB
APP206140,CUS106140,380000,36,TRAVEL,2026-07-17 20:05:00,MOBILE
APP206141,CUS106141,469000,18,OTHER,2026-03-06 15:36:00,MOBILE
APP206142,CUS106142,474000,24,HOME_RENOVATION,2026-03-12 22:24:00,WEB
APP206143,CUS106143,420000,18,DEBT_CONSOLIDATION,2026-08-09 03:06:00,MOBILE
APP206144,CUS106144,592000,12,DEBT_CONSOLIDATION,2026-09-18 21:43:00,WEB
APP206145,CUS106145,477000,36,MEDICAL,2026-07-22 07:39:00,MOBILE
APP206146,CUS106146,263000,36,EDUCATION,2026-12-11 11:37:00,WEB
APP206147,CUS106147,311000,12,TRAVEL,2026-04-26 08:18:00,WEB
APP206148,CUS106148,671000,24,MEDICAL,2026-03-04 05:27:00,WEB
APP206149,CUS106149,384000,36,EDUCATION,2026-06-06 13:58:00,WEB
APP206150,CUS106150,167000,36,DEBT_CONSOLIDATION,2026-12-23 09:35:00,MOBILE
APP206151,CUS106151,570000,24,DEBT_CONSOLIDATION,2026-08-01 14:04:00,WEB
APP206152,CUS106152,653000,36,HOME_RENOVATION,2026-02-06 01:39:00,MOBILE
APP206153,CUS106153,466000,24,MEDICAL,2026-05-02 23:48:00,WEB
APP206154,CUS106154,243000,60,DEBT_CONSOLIDATION,2026-11-10 23:00:00,MOBILE
APP206155,CUS106155,1015000,48,TRAVEL,2026-08-12 14:10:00,WEB
APP206156,CUS106156,1061000,36,DEBT_CONSOLIDATION,2026-11-03 19:16:00,MOBILE
APP206157,CUS106157,545000,48,HOME_RENOVATION,2026-02-09 12:38:00,MOBILE
APP206158,CUS106158,1042000,36,EDUCATION,2026-07-11 10:29:00,WEB
APP206159,CUS106159,331000,48,DEBT_CONSOLIDATION,2026-09-16 01:36:00,MOBILE
APP206160,CUS106160,145000,36,OTHER,2026-04-03 11:03:00,MOBILE
APP206161,CUS106161,179000,36,OTHER,2026-09-22 03:10:00,MOBILE
APP206162,CUS106162,426000,36,MEDICAL,2026-07-03 00:02:00,MOBILE
APP206163,CUS106163,276000,12,TRAVEL,2026-10-02 02:11:00,MOBILE
APP206164,CUS106164,496000,24,MEDICAL,2026-07-09 04:47:00,WEB
APP206165,CUS106165,1299000,36,TRAVEL,2026-09-11 06:35:00,MOBILE
APP206166,CUS106166,124000,36,EDUCATION,2026-05-08 17:52:00,MOBILE
APP206167,CUS106167,245000,12,TRAVEL,2026-11-16 23:40:00,MOBILE
APP206168,CUS106168,189000,36,DEBT_CONSOLIDATION,2026-05-28 23:10:00,MOBILE
APP206169,CUS106169,200000,48,MEDICAL,2026-10-22 11:12:00,MOBILE
APP206170,CUS106170,475000,24,TRAVEL,2026-04-22 20:18:00,MOBILE
APP206171,CUS106171,426000,24,MEDICAL,2026-06-26 18:52:00,WEB
APP206172,CUS106172,347000,48,OTHER,2026-06-11 16:48:00,MOBILE
APP206173,CUS106173,365000,48,DEBT_CONSOLIDATION,2026-10-11 10:18:00,MOBILE
APP206174,CUS106174,483000,36,OTHER,2026-09-11 12:19:00,WEB
APP206175,CUS106175,236000,48,HOME_RENOVATION,2026-08-16 05:11:00,MOBILE
APP206176,CUS106176,268000,36,DEBT_CONSOLIDATION,2026-07-08 02:51:00,MOBILE
APP206177,CUS106177,291000,36,EDUCATION,2026-02-07 19:37:00,MOBILE
APP206178,CUS106178,349000,12,HOME_RENOVATION,2026-04-11 23:26:00,MOBILE
APP206179,CUS106179,301000,36,TRAVEL,2026-01-07 14:13:00,MOBILE
APP206180,CUS106180,206000,36,EDUCATION,2026-08-07 17:20:00,MOBILE
APP206181,CUS106181,802000,12,HOME_RENOVATION,2026-02-16 08:39:00,WEB
APP206182,CUS106182,1317000,18,EDUCATION,2026-02-16 19:20:00,MOBILE
APP206183,CUS106183,390000,36,OTHER,2026-08-16 16:37:00,WEB
APP206184,CUS106184,1023000,12,MEDICAL,2026-09-11 18:34:00,WEB
APP206185,CUS106185,231000,60,MEDICAL,2026-02-03 18:25:00,WEB
APP206186,CUS106186,432000,36,MEDICAL,2026-06-26 16:28:00,WEB
APP206187,CUS106187,604000,60,HOME_RENOVATION,2026-02-03 05:57:00,MOBILE
APP206188,CUS106188,309000,24,TRAVEL,2026-01-29 22:39:00,MOBILE
APP206189,CUS106189,198000,24,HOME_RENOVATION,2026-08-20 18:16:00,WEB
APP206190,CUS106190,158000,24,EDUCATION,2026-09-29 18:27:00,WEB
APP206191,CUS106191,211000,48,TRAVEL,2026-04-08 02:36:00,MOBILE
APP206192,CUS106192,156000,36,MEDICAL,2026-05-31 23:13:00,MOBILE
APP206193,CUS106193,310000,12,DEBT_CONSOLIDATION,2026-07-06 14:32:00,MOBILE
APP206194,CUS106194,464000,36,DEBT_CONSOLIDATION,2026-11-15 20:16:00,WEB
APP206195,CUS106195,206000,36,MEDICAL,2026-08-21 13:07:00,MOBILE
APP206196,CUS106196,333000,36,OTHER,2026-11-09 14:00:00,WEB
APP206197,CUS106197,230000,48,EDUCATION,2026-03-27 08:09:00,MOBILE
APP206198,CUS106198,251000,60,OTHER,2026-07-10 20:07:00,MOBILE
APP206199,CUS106199,1828000,36,HOME_RENOVATION,2026-09-07 19:55:00,MOBILE
APP206200,CUS106200,943000,36,EDUCATION,2026-03-24 11:11:00,MOBILE
APP206201,CUS106201,783000,24,MEDICAL,2026-03-03 08:37:00,MOBILE
APP206202,CUS106202,359000,48,OTHER,2026-08-28 04:16:00,MOBILE
APP206203,CUS106203,377000,24,MEDICAL,2026-03-04 02:53:00,MOBILE
APP206204,CUS106204,123000,18,HOME_RENOVATION,2026-08-27 22:17:00,WEB
APP206205,CUS106205,633000,48,MEDICAL,2026-04-01 21:31:00,WEB
APP206206,CUS106206,534000,48,DEBT_CONSOLIDATION,2026-06-08 12:22:00,MOBILE
APP206207,CUS106207,152000,36,TRAVEL,2026-07-23 01:19:00,MOBILE
APP206208,CUS106208,316000,48,DEBT_CONSOLIDATION,2026-05-20 11:32:00,WEB
APP206209,CUS106209,283000,48,HOME_RENOVATION,2026-04-11 23:02:00,MOBILE
APP206210,CUS106210,678000,48,EDUCATION,2026-12-01 18:21:00,WEB
APP206211,CUS106211,418000,12,EDUCATION,2026-12-10 21:09:00,MOBILE
APP206212,CUS106212,416000,36,DEBT_CONSOLIDATION,2026-03-10 02:56:00,WEB
APP206213,CUS106213,292000,24,TRAVEL,2026-11-22 07:03:00,MOBILE
APP206214,CUS106214,418000,36,OTHER,2026-01-21 00:59:00,MOBILE
APP206215,CUS106215,733000,48,OTHER,2026-01-12 18:55:00,WEB
APP206216,CUS106216,437000,48,MEDICAL,2026-08-31 08:41:00,WEB
APP206217,CUS106217,211000,24,EDUCATION,2026-04-23 05:48:00,MOBILE
APP206218,CUS106218,175000,36,MEDICAL,2026-04-17 05:56:00,WEB
APP206219,CUS106219,743000,24,TRAVEL,2026-06-04 12:59:00,MOBILE
APP206220,CUS106220,329000,24,EDUCATION,2026-03-07 13:19:00,MOBILE
APP206221,CUS106221,185000,36,DEBT_CONSOLIDATION,2026-11-18 10:30:00,WEB
APP206222,CUS106222,557000,36,OTHER,2026-02-05 20:29:00,MOBILE
APP206223,CUS106223,378000,36,TRAVEL,2026-09-18 14:17:00,WEB
APP206224,CUS106224,301000,36,TRAVEL,2026-04-07 04:05:00,MOBILE
APP206225,CUS106225,320000,48,EDUCATION,2026-07-23 01:56:00,WEB
APP206226,CUS106226,456000,48,EDUCATION,2026-07-23 01:50:00,WEB
APP206227,CUS106227,221000,36,EDUCATION,2026-04-11 14:22:00,WEB
APP206228,CUS106228,115000,36,MEDICAL,2026-10-07 17:32:00,WEB
APP206229,CUS106229,472000,24,DEBT_CONSOLIDATION,2026-03-27 16:44:00,MOBILE
APP206230,CUS106230,394000,48,MEDICAL,2026-02-03 03:14:00,MOBILE
APP206231,CUS106231,373000,36,EDUCATION,2026-02-07 12:14:00,MOBILE
APP206232,CUS106232,157000,48,OTHER,2026-12-04 02:42:00,MOBILE
APP206233,CUS106233,602000,24,OTHER,2026-06-21 11:08:00,MOBILE
APP206234,CUS106234,495000,48,DEBT_CONSOLIDATION,2026-11-05 17:11:00,WEB
APP206235,CUS106235,441000,18,OTHER,2026-11-13 00:59:00,MOBILE
APP206236,CUS106236,540000,24,TRAVEL,2026-09-04 12:49:00,WEB
APP206237,CUS106237,513000,36,HOME_RENOVATION,2026-12-17 02:00:00,MOBILE
APP206238,CUS106238,1030000,48,EDUCATION,2026-09-13 07:24:00,WEB
APP206239,CUS106239,706000,60,HOME_RENOVATION,2026-09-19 00:00:00,MOBILE
APP206240,CUS106240,445000,36,TRAVEL,2026-02-05 00:50:00,MOBILE
APP206241,CUS106241,673000,36,HOME_RENOVATION,2026-11-30 15:33:00,WEB
APP206242,CUS106242,266000,24,OTHER,2026-03-20 18:59:00,MOBILE
APP206243,CUS106243,374000,48,MEDICAL,2026-11-15 15:45:00,WEB
APP206244,CUS106244,271000,48,MEDICAL,2026-09-24 21:16:00,MOBILE
APP206245,CUS106245,227000,48,EDUCATION,2026-08-25 09:16:00,MOBILE
APP206246,CUS106246,484000,36,MEDICAL,2026-05-01 12:49:00,WEB
APP206247,CUS106247,322000,36,HOME_RENOVATION,2026-04-16 14:48:00,MOBILE
APP206248,CUS106248,608000,36,MEDICAL,2026-12-07 03:38:00,MOBILE
APP206249,CUS106249,403000,36,MEDICAL,2026-08-22 00:25:00,WEB
APP206250,CUS106250,282000,36,EDUCATION,2026-02-02 01:27:00,WEB
APP206251,CUS106251,306000,12,EDUCATION,2026-06-17 11:16:00,MOBILE
APP206252,CUS106252,273000,36,OTHER,2026-11-16 15:35:00,WEB
APP206253,CUS106253,232000,36,EDUCATION,2026-06-05 12:44:00,WEB
APP206254,CUS106254,240000,24,HOME_RENOVATION,2026-08-27 09:44:00,WEB
APP206255,CUS106255,569000,60,EDUCATION,2026-10-14 19:37:00,MOBILE
APP206256,CUS106256,700000,60,HOME_RENOVATION,2026-02-06 23:42:00,WEB
APP206257,CUS106257,246000,12,HOME_RENOVATION,2026-10-29 01:55:00,MOBILE
APP206258,CUS106258,364000,48,EDUCATION,2026-08-19 10:16:00,WEB
APP206259,CUS106259,276000,36,EDUCATION,2026-10-01 05:11:00,WEB
APP206260,CUS106260,268000,36,TRAVEL,2026-10-24 05:15:00,WEB
APP206261,CUS106261,467000,36,HOME_RENOVATION,2026-04-15 18:43:00,MOBILE
APP206262,CUS106262,879000,36,EDUCATION,2026-04-10 10:24:00,WEB
APP206263,CUS106263,201000,24,OTHER,2026-04-26 01:52:00,MOBILE
APP206264,CUS106264,215000,36,HOME_RENOVATION,2026-01-24 22:36:00,WEB
APP206265,CUS106265,222000,24,OTHER,2026-07-02 01:23:00,WEB
APP206266,CUS106266,499000,18,EDUCATION,2026-09-09 22:47:00,MOBILE
APP206267,CUS106267,331000,60,TRAVEL,2026-04-02 03:41:00,MOBILE
APP206268,CUS106268,430000,36,MEDICAL,2026-08-13 16:43:00,WEB
APP206269,CUS106269,738000,18,HOME_RENOVATION,2026-03-22 14:48:00,MOBILE
APP206270,CUS106270,560000,36,TRAVEL,2026-08-08 02:52:00,WEB
APP206271,CUS106271,739000,24,DEBT_CONSOLIDATION,2026-01-17 07:00:00,MOBILE
APP206272,CUS106272,189000,36,TRAVEL,2026-01-11 07:45:00,MOBILE
APP206273,CUS106273,264000,48,DEBT_CONSOLIDATION,2026-07-08 22:16:00,MOBILE
APP206274,CUS106274,236000,24,HOME_RENOVATION,2026-05-31 13:53:00,WEB
APP206275,CUS106275,677000,48,TRAVEL,2026-02-01 05:24:00,MOBILE
APP206276,CUS106276,247000,24,OTHER,2026-03-27 07:48:00,MOBILE
APP206277,CUS106277,556000,24,DEBT_CONSOLIDATION,2026-07-31 06:32:00,WEB
APP206278,CUS106278,402000,36,DEBT_CONSOLIDATION,2026-08-24 02:29:00,MOBILE
APP206279,CUS106279,224000,18,DEBT_CONSOLIDATION,2026-08-24 05:14:00,MOBILE
APP206280,CUS106280,919000,48,TRAVEL,2026-10-01 04:13:00,MOBILE
APP206281,CUS106281,907000,48,EDUCATION,2026-02-23 10:13:00,MOBILE
APP206282,CUS106282,252000,36,DEBT_CONSOLIDATION,2026-11-23 10:05:00,MOBILE
APP206283,CUS106283,775000,18,TRAVEL,2026-05-29 00:32:00,MOBILE
APP206284,CUS106284,474000,12,OTHER,2026-10-30 16:50:00,MOBILE
APP206285,CUS106285,382000,60,MEDICAL,2026-01-19 11:58:00,WEB
APP206286,CUS106286,250000,48,MEDICAL,2026-05-17 05:12:00,WEB
APP206287,CUS106287,262000,36,EDUCATION,2026-08-18 20:05:00,MOBILE
APP206288,CUS106288,174000,48,EDUCATION,2026-04-30 19:22:00,MOBILE
APP206289,CUS106289,858000,24,EDUCATION,2026-09-20 23:02:00,WEB
APP206290,CUS106290,582000,48,MEDICAL,2026-03-09 08:18:00,WEB
APP206291,CUS106291,415000,48,MEDICAL,2026-11-08 02:23:00,MOBILE
APP206292,CUS106292,326000,60,HOME_RENOVATION,2026-05-19 21:05:00,MOBILE
APP206293,CUS106293,771000,60,DEBT_CONSOLIDATION,2026-10-21 07:48:00,MOBILE
APP206294,CUS106294,153000,60,EDUCATION,2026-02-28 07:07:00,MOBILE
APP206295,CUS106295,353000,36,OTHER,2026-11-15 01:21:00,MOBILE
APP206296,CUS106296,440000,36,MEDICAL,2026-07-01 22:42:00,MOBILE
APP206297,CUS106297,411000,36,DEBT_CONSOLIDATION,2026-02-15 23:51:00,WEB
APP206298,CUS106298,505000,36,OTHER,2026-10-01 01:33:00,MOBILE
APP206299,CUS106299,528000,60,HOME_RENOVATION,2026-12-18 03:47:00,WEB
APP206300,CUS106300,756000,48,TRAVEL,2026-02-03 16:13:00,WEB
APP206301,CUS106301,252000,24,MEDICAL,2026-09-29 14:22:00,MOBILE
APP206302,CUS106302,771000,48,MEDICAL,2026-10-29 10:57:00,MOBILE
APP206303,CUS106303,740000,36,DEBT_CONSOLIDATION,2026-03-01 09:59:00,MOBILE
APP206304,CUS106304,441000,24,MEDICAL,2026-09-22 02:09:00,MOBILE
APP206305,CUS106305,246000,48,TRAVEL,2026-11-09 00:26:00,WEB
APP206306,CUS106306,473000,60,MEDICAL,2026-03-08 17:42:00,WEB
APP206307,CUS106307,401000,36,HOME_RENOVATION,2026-09-14 05:55:00,WEB
APP206308,CUS106308,441000,12,HOME_RENOVATION,2026-12-05 16:29:00,MOBILE
APP206309,CUS106309,567000,12,TRAVEL,2026-06-20 11:27:00,MOBILE
APP206310,CUS106310,183000,48,HOME_RENOVATION,2026-11-13 06:34:00,WEB
APP206311,CUS106311,306000,12,OTHER,2026-04-04 00:39:00,WEB
APP206312,CUS106312,313000,24,MEDICAL,2026-01-23 13:00:00,WEB
APP206313,CUS106313,462000,36,HOME_RENOVATION,2026-09-18 06:00:00,MOBILE
APP206314,CUS106314,918000,36,OTHER,2026-10-12 00:09:00,MOBILE
APP206315,CUS106315,222000,36,OTHER,2026-09-20 13:20:00,MOBILE
APP206316,CUS106316,660000,36,HOME_RENOVATION,2026-04-04 05:45:00,MOBILE
APP206317,CUS106317,252000,18,HOME_RENOVATION,2026-12-04 00:45:00,WEB
APP206318,CUS106318,639000,36,EDUCATION,2026-03-05 02:47:00,MOBILE
APP206319,CUS106319,375000,24,TRAVEL,2026-08-29 06:24:00,WEB
APP206320,CUS106320,315000,36,HOME_RENOVATION,2026-05-05 00:04:00,MOBILE
APP206321,CUS106321,560000,36,TRAVEL,2026-08-18 20:26:00,MOBILE
APP206322,CUS106322,1124000,36,OTHER,2026-06-03 14:03:00,MOBILE
APP206323,CUS106323,154000,24,EDUCATION,2026-03-19 12:04:00,MOBILE
APP206324,CUS106324,639000,24,TRAVEL,2026-02-06 02:56:00,MOBILE
APP206325,CUS106325,462000,18,OTHER,2026-04-21 09:03:00,MOBILE
APP206326,CUS106326,327000,36,MEDICAL,2026-06-16 01:38:00,MOBILE
APP206327,CUS106327,188000,36,MEDICAL,2026-07-27 23:25:00,MOBILE
APP206328,CUS106328,343000,36,HOME_RENOVATION,2026-05-06 04:21:00,WEB
APP206329,CUS106329,397000,12,MEDICAL,2026-08-04 11:50:00,WEB
APP206330,CUS106330,661000,24,OTHER,2026-11-20 22:03:00,MOBILE
APP206331,CUS106331,174000,36,EDUCATION,2026-01-27 15:56:00,MOBILE
APP206332,CUS106332,466000,48,TRAVEL,2026-04-25 13:59:00,MOBILE
APP206333,CUS106333,614000,24,TRAVEL,2026-11-26 12:43:00,MOBILE
APP206334,CUS106334,988000,36,OTHER,2026-08-15 08:55:00,MOBILE
APP206335,CUS106335,529000,24,OTHER,2026-02-21 01:56:00,MOBILE
APP206336,CUS106336,615000,36,EDUCATION,2026-03-25 15:27:00,WEB
APP206337,CUS106337,502000,60,OTHER,2026-07-02 07:45:00,MOBILE
APP206338,CUS106338,404000,36,MEDICAL,2026-09-05 06:05:00,MOBILE
APP206339,CUS106339,513000,18,OTHER,2026-08-09 14:29:00,MOBILE
APP206340,CUS106340,292000,36,EDUCATION,2026-07-08 17:57:00,WEB
APP206341,CUS106341,302000,48,OTHER,2026-08-20 18:04:00,MOBILE
APP206342,CUS106342,905000,36,MEDICAL,2026-06-04 23:27:00,MOBILE
APP206343,CUS106343,932000,12,TRAVEL,2026-09-18 14:03:00,WEB
APP206344,CUS106344,384000,36,EDUCATION,2026-10-12 13:39:00,MOBILE
APP206345,CUS106345,897000,18,MEDICAL,2026-06-01 02:20:00,MOBILE
APP206346,CUS106346,993000,60,EDUCATION,2026-09-16 06:28:00,MOBILE
APP206347,CUS106347,149000,36,OTHER,2026-09-28 15:38:00,MOBILE
APP206348,CUS106348,164000,36,MEDICAL,2026-09-25 14:42:00,MOBILE
APP206349,CUS106349,374000,48,TRAVEL,2026-10-24 09:22:00,MOBILE
APP206350,CUS106350,592000,36,MEDICAL,2026-10-19 23:56:00,MOBILE
APP206351,CUS106351,190000,24,OTHER,2026-10-04 06:21:00,MOBILE
APP206352,CUS106352,1137000,24,DEBT_CONSOLIDATION,2026-04-23 22:31:00,MOBILE
APP206353,CUS106353,875000,48,EDUCATION,2026-09-21 10:57:00,WEB
APP206354,CUS106354,351000,60,DEBT_CONSOLIDATION,2026-11-23 11:14:00,MOBILE
APP206355,CUS106355,137000,36,MEDICAL,2026-09-02 11:49:00,MOBILE
APP206356,CUS106356,413000,24,EDUCATION,2026-07-08 08:06:00,MOBILE
APP206357,CUS106357,336000,48,HOME_RENOVATION,2026-04-18 21:02:00,MOBILE
APP206358,CUS106358,800000,48,TRAVEL,2026-04-25 08:54:00,WEB
APP206359,CUS106359,360000,36,EDUCATION,2026-05-20 16:56:00,MOBILE
APP206360,CUS106360,688000,60,EDUCATION,2026-10-19 23:31:00,MOBILE
APP206361,CUS106361,651000,60,MEDICAL,2026-05-01 20:46:00,MOBILE
APP206362,CUS106362,500000,36,DEBT_CONSOLIDATION,2026-11-06 07:26:00,MOBILE
APP206363,CUS106363,596000,18,HOME_RENOVATION,2026-02-24 05:14:00,WEB
APP206364,CUS106364,407000,48,TRAVEL,2026-03-14 18:06:00,WEB
APP206365,CUS106365,199000,36,DEBT_CONSOLIDATION,2026-08-11 02:10:00,MOBILE
APP206366,CUS106366,183000,36,TRAVEL,2026-02-11 19:14:00,WEB
APP206367,CUS106367,209000,36,OTHER,2026-05-21 21:27:00,WEB
APP206368,CUS106368,360000,36,TRAVEL,2026-04-25 06:00:00,WEB
APP206369,CUS106369,459000,36,DEBT_CONSOLIDATION,2026-06-12 07:12:00,MOBILE
APP206370,CUS106370,210000,36,HOME_RENOVATION,2026-05-27 04:58:00,MOBILE
APP206371,CUS106371,177000,12,MEDICAL,2026-11-13 19:48:00,WEB
APP206372,CUS106372,767000,48,HOME_RENOVATION,2026-07-04 10:01:00,MOBILE
APP206373,CUS106373,288000,36,MEDICAL,2026-04-18 06:30:00,MOBILE
APP206374,CUS106374,1277000,36,OTHER,2026-07-27 08:03:00,MOBILE
APP206375,CUS106375,1815000,48,MEDICAL,2026-10-29 17:00:00,MOBILE
APP206376,CUS106376,327000,24,DEBT_CONSOLIDATION,2026-08-01 02:28:00,WEB
APP206377,CUS106377,519000,24,OTHER,2026-10-21 02:47:00,MOBILE
APP206378,CUS106378,410000,48,DEBT_CONSOLIDATION,2026-05-18 15:59:00,WEB
APP206379,CUS106379,180000,48,TRAVEL,2026-07-13 09:03:00,MOBILE
APP206380,CUS106380,268000,36,EDUCATION,2026-11-29 11:40:00,WEB
APP206381,CUS106381,389000,18,TRAVEL,2026-12-28 02:15:00,MOBILE
APP206382,CUS106382,128000,36,OTHER,2026-08-17 21:37:00,MOBILE
APP206383,CUS106383,840000,48,MEDICAL,2026-03-31 11:54:00,WEB
APP206384,CUS106384,320000,12,OTHER,2026-01-28 11:28:00,MOBILE
APP206385,CUS106385,346000,36,TRAVEL,2026-05-06 22:20:00,MOBILE
APP206386,CUS106386,365000,60,MEDICAL,2026-06-14 00:54:00,MOBILE
APP206387,CUS106387,752000,36,MEDICAL,2026-03-25 09:08:00,MOBILE
APP206388,CUS106388,370000,36,DEBT_CONSOLIDATION,2026-06-02 12:13:00,MOBILE
APP206389,CUS106389,159000,36,TRAVEL,2026-02-22 14:51:00,MOBILE
APP206390,CUS106390,461000,24,HOME_RENOVATION,2026-03-15 05:03:00,MOBILE
APP206391,CUS106391,218000,48,TRAVEL,2026-11-24 00:23:00,WEB
APP206392,CUS106392,280000,36,OTHER,2026-12-24 07:33:00,MOBILE
APP206393,CUS106393,290000,60,HOME_RENOVATION,2026-10-17 04:48:00,MOBILE
APP206394,CUS106394,241000,36,OTHER,2026-02-27 21:27:00,WEB
APP206395,CUS106395,573000,60,HOME_RENOVATION,2026-09-05 08:31:00,MOBILE
APP206396,CUS106396,874000,60,TRAVEL,2026-12-31 02:16:00,WEB
APP206397,CUS106397,185000,36,EDUCATION,2026-04-15 07:02:00,WEB
APP206398,CUS106398,1580000,36,DEBT_CONSOLIDATION,2026-03-03 13:29:00,MOBILE
APP206399,CUS106399,498000,48,EDUCATION,2026-05-29 20:19:00,MOBILE
APP206400,CUS106400,403000,36,TRAVEL,2026-08-14 15:56:00,WEB
APP206401,CUS106401,498000,36,HOME_RENOVATION,2026-04-25 06:28:00,WEB
APP206402,CUS106402,248000,36,HOME_RENOVATION,2026-01-08 07:27:00,MOBILE
APP206403,CUS106403,535000,36,TRAVEL,2026-11-25 12:13:00,MOBILE
APP206404,CUS106404,708000,48,MEDICAL,2026-11-02 03:22:00,MOBILE
APP206405,CUS106405,356000,60,MEDICAL,2026-05-05 12:26:00,MOBILE
APP206406,CUS106406,205000,36,TRAVEL,2026-11-20 09:31:00,MOBILE
APP206407,CUS106407,309000,24,MEDICAL,2026-08-30 07:20:00,MOBILE
APP206408,CUS106408,355000,24,HOME_RENOVATION,2026-03-18 09:45:00,MOBILE
APP206409,CUS106409,265000,36,EDUCATION,2026-03-15 16:09:00,MOBILE
APP206410,CUS106410,494000,36,DEBT_CONSOLIDATION,2026-07-17 21:55:00,MOBILE
APP206411,CUS106411,1071000,36,HOME_RENOVATION,2026-05-11 17:15:00,MOBILE
APP206412,CUS106412,875000,36,DEBT_CONSOLIDATION,2026-07-28 17:24:00,MOBILE
APP206413,CUS106413,331000,60,EDUCATION,2026-03-07 00:24:00,MOBILE
APP206414,CUS106414,360000,18,EDUCATION,2026-11-23 12:22:00,WEB
APP206415,CUS106415,190000,36,MEDICAL,2026-03-11 10:44:00,MOBILE
APP206416,CUS106416,362000,36,HOME_RENOVATION,2026-11-14 06:51:00,MOBILE
APP206417,CUS106417,758000,18,DEBT_CONSOLIDATION,2026-12-23 01:01:00,WEB
APP206418,CUS106418,203000,12,OTHER,2026-02-14 00:43:00,WEB
APP206419,CUS106419,282000,24,MEDICAL,2026-01-28 22:38:00,WEB
APP206420,CUS106420,448000,24,TRAVEL,2026-08-26 15:47:00,WEB
APP206421,CUS106421,375000,36,DEBT_CONSOLIDATION,2026-03-07 08:28:00,WEB
APP206422,CUS106422,210000,36,EDUCATION,2026-08-27 08:18:00,MOBILE
APP206423,CUS106423,330000,48,DEBT_CONSOLIDATION,2026-09-01 11:46:00,MOBILE
APP206424,CUS106424,853000,36,EDUCATION,2026-03-27 23:24:00,MOBILE
APP206425,CUS106425,264000,36,EDUCATION,2026-11-05 21:56:00,MOBILE
APP206426,CUS106426,662000,24,EDUCATION,2026-08-28 08:12:00,MOBILE
APP206427,CUS106427,749000,36,MEDICAL,2026-03-11 06:43:00,WEB
APP206428,CUS106428,299000,48,DEBT_CONSOLIDATION,2026-04-27 15:32:00,WEB
APP206429,CUS106429,318000,48,TRAVEL,2026-06-26 03:50:00,MOBILE
APP206430,CUS106430,959000,12,MEDICAL,2026-07-05 17:04:00,MOBILE
APP206431,CUS106431,327000,24,HOME_RENOVATION,2026-09-16 12:26:00,MOBILE
APP206432,CUS106432,271000,48,EDUCATION,2026-08-14 23:45:00,MOBILE
APP206433,CUS106433,364000,36,OTHER,2026-09-05 11:21:00,MOBILE
APP206434,CUS106434,348000,48,OTHER,2026-07-15 21:50:00,MOBILE
APP206435,CUS106435,672000,48,DEBT_CONSOLIDATION,2026-02-20 11:35:00,WEB
APP206436,CUS106436,205000,48,TRAVEL,2026-08-30 09:37:00,WEB
APP206437,CUS106437,312000,12,EDUCATION,2026-06-22 09:22:00,MOBILE
APP206438,CUS106438,284000,60,MEDICAL,2026-05-24 23:24:00,MOBILE
APP206439,CUS106439,189000,36,HOME_RENOVATION,2026-09-18 05:47:00,MOBILE
APP206440,CUS106440,924000,12,HOME_RENOVATION,2026-05-22 15:27:00,MOBILE
APP206441,CUS106441,1135000,24,MEDICAL,2026-10-18 06:49:00,MOBILE
APP206442,CUS106442,348000,36,EDUCATION,2026-09-10 13:25:00,MOBILE
APP206443,CUS106443,361000,36,DEBT_CONSOLIDATION,2026-01-31 06:26:00,WEB
APP206444,CUS106444,299000,36,OTHER,2026-10-07 07:57:00,MOBILE
APP206445,CUS106445,328000,36,DEBT_CONSOLIDATION,2026-09-17 17:05:00,WEB
APP206446,CUS106446,377000,36,EDUCATION,2026-04-13 15:23:00,MOBILE
APP206447,CUS106447,577000,12,HOME_RENOVATION,2026-12-13 11:41:00,WEB
APP206448,CUS106448,478000,36,MEDICAL,2026-05-08 20:14:00,WEB
APP206449,CUS106449,562000,48,OTHER,2026-01-04 01:39:00,MOBILE
APP206450,CUS106450,129000,48,HOME_RENOVATION,2026-04-19 02:54:00,WEB
APP206451,CUS106451,426000,36,MEDICAL,2026-07-18 23:54:00,MOBILE
APP206452,CUS106452,111000,18,TRAVEL,2026-09-14 09:12:00,WEB
APP206453,CUS106453,411000,48,DEBT_CONSOLIDATION,2026-03-16 17:31:00,MOBILE
APP206454,CUS106454,558000,36,DEBT_CONSOLIDATION,2026-02-26 11:45:00,MOBILE
APP206455,CUS106455,500000,18,MEDICAL,2026-10-08 07:32:00,MOBILE
APP206456,CUS106456,154000,36,EDUCATION,2026-09-12 01:38:00,MOBILE
APP206457,CUS106457,993000,36,DEBT_CONSOLIDATION,2026-12-20 18:34:00,WEB
APP206458,CUS106458,335000,36,MEDICAL,2026-10-18 09:48:00,MOBILE
APP206459,CUS106459,931000,48,MEDICAL,2026-03-11 22:44:00,WEB
APP206460,CUS106460,550000,24,HOME_RENOVATION,2026-08-15 16:20:00,MOBILE
APP206461,CUS106461,148000,36,DEBT_CONSOLIDATION,2026-06-29 14:27:00,MOBILE
APP206462,CUS106462,790000,24,DEBT_CONSOLIDATION,2026-06-27 16:01:00,MOBILE
APP206463,CUS106463,368000,36,EDUCATION,2026-07-25 22:29:00,MOBILE
APP206464,CUS106464,637000,36,HOME_RENOVATION,2026-01-28 21:59:00,MOBILE
APP206465,CUS106465,276000,24,TRAVEL,2026-08-01 06:28:00,MOBILE
APP206466,CUS106466,318000,48,MEDICAL,2026-06-20 21:13:00,MOBILE
APP206467,CUS106467,467000,18,HOME_RENOVATION,2026-05-26 08:27:00,WEB
APP206468,CUS106468,208000,12,DEBT_CONSOLIDATION,2026-04-21 00:18:00,MOBILE
APP206469,CUS106469,881000,60,MEDICAL,2026-04-22 03:39:00,MOBILE
APP206470,CUS106470,260000,36,MEDICAL,2026-05-09 08:25:00,MOBILE
APP206471,CUS106471,613000,36,OTHER,2026-06-21 06:45:00,MOBILE
APP206472,CUS106472,753000,24,HOME_RENOVATION,2026-08-22 10:15:00,MOBILE
APP206473,CUS106473,282000,48,TRAVEL,2026-08-25 16:27:00,MOBILE
APP206474,CUS106474,1136000,36,TRAVEL,2026-04-29 00:18:00,WEB
APP206475,CUS106475,362000,36,DEBT_CONSOLIDATION,2026-04-13 00:28:00,WEB
APP206476,CUS106476,1006000,18,HOME_RENOVATION,2026-02-03 19:04:00,MOBILE
APP206477,CUS106477,272000,48,OTHER,2026-05-09 18:27:00,MOBILE
APP206478,CUS106478,789000,24,OTHER,2026-07-25 16:01:00,MOBILE
APP206479,CUS106479,275000,18,HOME_RENOVATION,2026-05-23 14:49:00,MOBILE
APP206480,CUS106480,918000,24,HOME_RENOVATION,2026-07-31 10:17:00,MOBILE
APP206481,CUS106481,1040000,48,TRAVEL,2026-11-10 16:43:00,MOBILE
APP206482,CUS106482,304000,36,TRAVEL,2026-12-30 07:07:00,MOBILE
APP206483,CUS106483,579000,36,OTHER,2026-07-29 02:35:00,WEB
APP206484,CUS106484,631000,36,HOME_RENOVATION,2026-08-09 09:34:00,MOBILE
APP206485,CUS106485,181000,48,EDUCATION,2026-08-11 21:59:00,MOBILE
APP206486,CUS106486,177000,36,HOME_RENOVATION,2026-07-09 01:01:00,MOBILE
APP206487,CUS106487,515000,36,OTHER,2026-01-17 07:24:00,WEB
APP206488,CUS106488,448000,24,EDUCATION,2026-04-22 18:42:00,WEB
APP206489,CUS106489,382000,48,MEDICAL,2026-12-30 15:46:00,WEB
APP206490,CUS106490,897000,24,HOME_RENOVATION,2026-08-10 12:35:00,MOBILE
APP206491,CUS106491,300000,36,TRAVEL,2026-02-18 19:58:00,WEB
APP206492,CUS106492,509000,48,MEDICAL,2026-07-21 20:36:00,MOBILE
APP206493,CUS106493,402000,36,HOME_RENOVATION,2026-04-19 17:23:00,MOBILE
APP206494,CUS106494,513000,48,MEDICAL,2026-09-22 07:40:00,WEB
APP206495,CUS106495,626000,12,OTHER,2026-12-12 17:34:00,MOBILE
APP206496,CUS106496,696000,24,HOME_RENOVATION,2026-09-08 12:01:00,WEB
APP206497,CUS106497,549000,24,DEBT_CONSOLIDATION,2026-07-11 08:20:00,MOBILE
APP206498,CUS106498,659000,24,DEBT_CONSOLIDATION,2026-11-26 21:04:00,MOBILE
APP206499,CUS106499,1011000,48,HOME_RENOVATION,2026-05-29 22:04:00,WEB
APP206500,CUS106500,798000,60,MEDICAL,2026-10-25 23:17:00,MOBILE
APP206501,CUS106501,1002000,36,OTHER,2026-10-26 15:56:00,MOBILE
APP206502,CUS106502,311000,36,DEBT_CONSOLIDATION,2026-01-09 13:13:00,MOBILE
APP206503,CUS106503,766000,36,OTHER,2026-05-06 13:42:00,WEB
APP206504,CUS106504,599000,24,OTHER,2026-08-16 20:49:00,MOBILE
APP206505,CUS106505,230000,36,HOME_RENOVATION,2026-06-13 14:35:00,MOBILE
APP206506,CUS106506,880000,48,DEBT_CONSOLIDATION,2026-12-05 13:28:00,WEB
APP206507,CUS106507,720000,12,DEBT_CONSOLIDATION,2026-09-07 00:54:00,MOBILE
APP206508,CUS106508,321000,60,HOME_RENOVATION,2026-02-11 21:58:00,MOBILE
APP206509,CUS106509,476000,36,HOME_RENOVATION,2026-11-22 00:51:00,MOBILE
APP206510,CUS106510,488000,24,EDUCATION,2026-01-15 05:47:00,MOBILE
APP206511,CUS106511,276000,36,HOME_RENOVATION,2026-09-22 03:09:00,MOBILE
APP206512,CUS106512,920000,36,OTHER,2026-01-16 17:21:00,MOBILE
APP206513,CUS106513,796000,36,DEBT_CONSOLIDATION,2026-12-16 03:15:00,MOBILE
APP206514,CUS106514,848000,48,TRAVEL,2026-08-15 05:31:00,MOBILE
APP206515,CUS106515,341000,48,HOME_RENOVATION,2026-10-06 05:11:00,WEB
APP206516,CUS106516,516000,12,HOME_RENOVATION,2026-10-24 09:52:00,WEB
APP206517,CUS106517,317000,60,EDUCATION,2026-09-15 03:41:00,WEB
APP206518,CUS106518,382000,18,EDUCATION,2026-10-04 08:03:00,WEB
APP206519,CUS106519,1450000,36,HOME_RENOVATION,2026-10-30 07:13:00,MOBILE
APP206520,CUS106520,316000,60,MEDICAL,2026-03-22 13:09:00,WEB
APP206521,CUS106521,575000,60,EDUCATION,2026-10-30 05:03:00,MOBILE
APP206522,CUS106522,180000,48,OTHER,2026-06-22 16:23:00,WEB
APP206523,CUS106523,428000,36,OTHER,2026-03-01 07:32:00,MOBILE
APP206524,CUS106524,1463000,36,DEBT_CONSOLIDATION,2026-08-12 09:52:00,WEB
APP206525,CUS106525,545000,36,DEBT_CONSOLIDATION,2026-01-31 07:47:00,MOBILE
APP206526,CUS106526,514000,24,MEDICAL,2026-08-21 19:57:00,MOBILE
APP206527,CUS106527,410000,36,OTHER,2026-08-11 05:08:00,WEB
APP206528,CUS106528,511000,24,TRAVEL,2026-07-23 14:10:00,MOBILE
APP206529,CUS106529,477000,24,EDUCATION,2026-04-02 14:07:00,MOBILE
APP206530,CUS106530,187000,24,TRAVEL,2026-05-26 11:53:00,MOBILE
APP206531,CUS106531,396000,36,TRAVEL,2026-10-07 22:57:00,WEB
APP206532,CUS106532,371000,12,MEDICAL,2026-01-11 07:00:00,WEB
APP206533,CUS106533,301000,18,EDUCATION,2026-09-07 22:11:00,MOBILE
APP206534,CUS106534,498000,36,OTHER,2026-02-25 22:52:00,WEB
APP206535,CUS106535,1164000,36,MEDICAL,2026-09-09 05:17:00,MOBILE
APP206536,CUS106536,523000,48,EDUCATION,2026-01-12 15:19:00,WEB
APP206537,CUS106537,674000,48,OTHER,2026-04-30 01:31:00,WEB
APP206538,CUS106538,551000,36,TRAVEL,2026-11-15 19:09:00,WEB
APP206539,CUS106539,599000,12,MEDICAL,2026-01-30 04:09:00,WEB
APP206540,CUS106540,696000,48,TRAVEL,2026-12-23 04:53:00,MOBILE
APP206541,CUS106541,158000,36,OTHER,2026-10-18 06:25:00,MOBILE
APP206542,CUS106542,432000,48,EDUCATION,2026-09-20 01:55:00,MOBILE
APP206543,CUS106543,501000,36,HOME_RENOVATION,2026-07-01 16:17:00,MOBILE
APP206544,CUS106544,372000,24,HOME_RENOVATION,2026-07-24 13:08:00,MOBILE
APP206545,CUS106545,778000,36,OTHER,2026-11-05 03:42:00,WEB
APP206546,CUS106546,127000,24,EDUCATION,2026-10-17 07:03:00,WEB
APP206547,CUS106547,951000,60,EDUCATION,2026-09-26 17:42:00,WEB
APP206548,CUS106548,691000,60,OTHER,2026-03-14 02:46:00,MOBILE
APP206549,CUS106549,230000,36,DEBT_CONSOLIDATION,2026-04-02 23:32:00,MOBILE
APP206550,CUS106550,557000,60,TRAVEL,2026-11-29 22:05:00,MOBILE
APP206551,CUS106551,387000,12,TRAVEL,2026-05-01 06:58:00,MOBILE
APP206552,CUS106552,794000,36,HOME_RENOVATION,2026-04-21 21:20:00,MOBILE
APP206553,CUS106553,634000,48,HOME_RENOVATION,2026-04-05 15:03:00,MOBILE
APP206554,CUS106554,117000,36,TRAVEL,2026-10-29 13:42:00,MOBILE
APP206555,CUS106555,346000,48,MEDICAL,2026-01-20 10:36:00,MOBILE
APP206556,CUS106556,530000,18,HOME_RENOVATION,2026-12-13 10:12:00,MOBILE
APP206557,CUS106557,891000,24,MEDICAL,2026-11-19 08:07:00,MOBILE
APP206558,CUS106558,423000,48,MEDICAL,2026-03-19 01:13:00,WEB
APP206559,CUS106559,484000,18,OTHER,2026-05-25 17:07:00,MOBILE
APP206560,CUS106560,574000,18,EDUCATION,2026-03-05 14:33:00,MOBILE
APP206561,CUS106561,493000,24,EDUCATION,2026-03-30 16:41:00,MOBILE
APP206562,CUS106562,361000,48,DEBT_CONSOLIDATION,2026-08-30 17:36:00,WEB
APP206563,CUS106563,360000,36,EDUCATION,2026-02-18 04:55:00,MOBILE
APP206564,CUS106564,825000,36,TRAVEL,2026-01-30 13:44:00,WEB
APP206565,CUS106565,408000,24,DEBT_CONSOLIDATION,2026-11-08 03:03:00,WEB
APP206566,CUS106566,186000,36,DEBT_CONSOLIDATION,2026-07-03 00:45:00,MOBILE
APP206567,CUS106567,438000,24,HOME_RENOVATION,2026-07-23 08:28:00,MOBILE
APP206568,CUS106568,601000,60,EDUCATION,2026-09-18 05:06:00,MOBILE
APP206569,CUS106569,448000,48,TRAVEL,2026-02-27 08:27:00,MOBILE
APP206570,CUS106570,389000,48,MEDICAL,2026-10-20 21:11:00,WEB
APP206571,CUS106571,205000,36,EDUCATION,2026-02-16 05:32:00,MOBILE
APP206572,CUS106572,242000,24,HOME_RENOVATION,2026-08-30 21:07:00,MOBILE
APP206573,CUS106573,546000,36,MEDICAL,2026-04-28 15:05:00,MOBILE
APP206574,CUS106574,300000,36,TRAVEL,2026-12-31 15:05:00,WEB
APP206575,CUS106575,450000,60,OTHER,2026-06-14 12:25:00,MOBILE
APP206576,CUS106576,338000,12,HOME_RENOVATION,2026-08-04 07:45:00,WEB
APP206577,CUS106577,315000,60,EDUCATION,2026-01-10 23:43:00,MOBILE
APP206578,CUS106578,1256000,48,TRAVEL,2026-06-23 12:01:00,WEB
APP206579,CUS106579,609000,18,HOME_RENOVATION,2026-11-13 12:44:00,MOBILE
APP206580,CUS106580,294000,48,DEBT_CONSOLIDATION,2026-06-28 05:54:00,MOBILE
APP206581,CUS106581,360000,60,DEBT_CONSOLIDATION,2026-02-17 17:42:00,WEB
APP206582,CUS106582,712000,36,OTHER,2026-09-23 17:14:00,MOBILE
APP206583,CUS106583,327000,36,TRAVEL,2026-11-06 16:01:00,MOBILE
APP206584,CUS106584,306000,36,MEDICAL,2026-03-10 11:53:00,MOBILE
APP206585,CUS106585,547000,48,TRAVEL,2026-12-24 00:05:00,WEB
APP206586,CUS106586,223000,36,TRAVEL,2026-04-02 05:06:00,MOBILE
APP206587,CUS106587,424000,36,MEDICAL,2026-04-04 22:01:00,MOBILE
APP206588,CUS106588,276000,24,EDUCATION,2026-01-25 23:19:00,WEB
APP206589,CUS106589,547000,60,TRAVEL,2026-09-30 05:35:00,MOBILE
APP206590,CUS106590,660000,60,HOME_RENOVATION,2026-03-05 00:53:00,WEB
APP206591,CUS106591,424000,36,EDUCATION,2026-12-24 13:40:00,MOBILE
APP206592,CUS106592,453000,48,HOME_RENOVATION,2026-08-01 00:23:00,MOBILE
APP206593,CUS106593,401000,36,TRAVEL,2026-07-15 21:03:00,WEB
APP206594,CUS106594,169000,24,TRAVEL,2026-12-23 03:15:00,WEB
APP206595,CUS106595,638000,36,TRAVEL,2026-06-08 02:51:00,WEB
APP206596,CUS106596,338000,36,EDUCATION,2026-05-15 13:15:00,MOBILE
APP206597,CUS106597,278000,60,TRAVEL,2026-09-01 17:48:00,WEB
APP206598,CUS106598,187000,12,EDUCATION,2026-05-24 20:08:00,MOBILE
APP206599,CUS106599,290000,24,MEDICAL,2026-03-10 09:16:00,MOBILE
APP206600,CUS106600,588000,48,DEBT_CONSOLIDATION,2026-05-05 12:27:00,MOBILE
APP206601,CUS106601,124000,24,EDUCATION,2026-08-15 20:46:00,WEB
APP206602,CUS106602,537000,60,MEDICAL,2026-10-29 20:01:00,WEB
APP206603,CUS106603,216000,24,EDUCATION,2026-12-22 21:26:00,MOBILE
APP206604,CUS106604,510000,60,HOME_RENOVATION,2026-03-31 09:21:00,MOBILE
APP206605,CUS106605,315000,36,DEBT_CONSOLIDATION,2026-07-28 08:29:00,WEB
APP206606,CUS106606,239000,60,TRAVEL,2026-06-25 21:58:00,MOBILE
APP206607,CUS106607,487000,60,MEDICAL,2026-07-09 08:47:00,MOBILE
APP206608,CUS106608,213000,48,OTHER,2026-03-02 08:45:00,WEB
APP206609,CUS106609,561000,48,EDUCATION,2026-08-06 22:43:00,WEB
APP206610,CUS106610,1028000,48,HOME_RENOVATION,2026-12-30 01:26:00,MOBILE
APP206611,CUS106611,611000,36,TRAVEL,2026-05-11 11:23:00,MOBILE
APP206612,CUS106612,874000,36,TRAVEL,2026-07-09 16:08:00,MOBILE
APP206613,CUS106613,496000,60,OTHER,2026-09-09 14:55:00,MOBILE
APP206614,CUS106614,490000,24,MEDICAL,2026-12-14 23:08:00,WEB
APP206615,CUS106615,1050000,48,EDUCATION,2026-04-26 09:23:00,WEB
APP206616,CUS106616,575000,18,EDUCATION,2026-03-09 08:34:00,MOBILE
APP206617,CUS106617,1733000,36,EDUCATION,2026-09-15 13:02:00,MOBILE
APP206618,CUS106618,574000,36,HOME_RENOVATION,2026-04-25 18:33:00,MOBILE
APP206619,CUS106619,641000,36,TRAVEL,2026-05-12 23:11:00,WEB
APP206620,CUS106620,506000,36,OTHER,2026-12-08 08:21:00,WEB
APP206621,CUS106621,450000,12,EDUCATION,2026-09-11 13:33:00,MOBILE
APP206622,CUS106622,564000,24,MEDICAL,2026-09-12 16:07:00,WEB
APP206623,CUS106623,222000,36,MEDICAL,2026-06-28 12:43:00,MOBILE
APP206624,CUS106624,351000,48,EDUCATION,2026-01-22 19:26:00,MOBILE
APP206625,CUS106625,442000,24,OTHER,2026-04-29 10:39:00,MOBILE
APP206626,CUS106626,483000,36,HOME_RENOVATION,2026-03-10 15:07:00,WEB
APP206627,CUS106627,354000,24,EDUCATION,2026-04-16 00:58:00,WEB
APP206628,CUS106628,195000,36,HOME_RENOVATION,2026-10-03 07:21:00,WEB
APP206629,CUS106629,363000,36,TRAVEL,2026-01-12 20:59:00,WEB
APP206630,CUS106630,518000,18,TRAVEL,2026-04-02 11:29:00,WEB
APP206631,CUS106631,709000,36,HOME_RENOVATION,2026-05-07 16:32:00,MOBILE
APP206632,CUS106632,374000,60,EDUCATION,2026-07-10 01:58:00,MOBILE
APP206633,CUS106633,1669000,48,MEDICAL,2026-07-14 10:34:00,MOBILE
APP206634,CUS106634,275000,48,OTHER,2026-08-10 15:19:00,MOBILE
APP206635,CUS106635,290000,48,DEBT_CONSOLIDATION,2026-05-27 17:09:00,MOBILE
APP206636,CUS106636,472000,36,HOME_RENOVATION,2026-04-17 18:37:00,MOBILE
APP206637,CUS106637,608000,48,HOME_RENOVATION,2026-11-11 03:37:00,MOBILE
APP206638,CUS106638,483000,36,OTHER,2026-03-27 00:23:00,MOBILE
APP206639,CUS106639,339000,24,HOME_RENOVATION,2026-05-11 04:47:00,MOBILE
APP206640,CUS106640,448000,24,HOME_RENOVATION,2026-08-27 11:30:00,WEB
APP206641,CUS106641,452000,36,DEBT_CONSOLIDATION,2026-08-09 06:16:00,MOBILE
APP206642,CUS106642,100000,18,MEDICAL,2026-07-15 04:37:00,MOBILE
APP206643,CUS106643,749000,18,OTHER,2026-07-09 18:57:00,MOBILE
APP206644,CUS106644,732000,36,DEBT_CONSOLIDATION,2026-09-26 02:14:00,WEB
APP206645,CUS106645,456000,36,EDUCATION,2026-02-15 07:34:00,MOBILE
APP206646,CUS106646,375000,48,TRAVEL,2026-06-10 02:49:00,MOBILE
APP206647,CUS106647,618000,24,EDUCATION,2026-09-05 02:22:00,WEB
APP206648,CUS106648,425000,60,OTHER,2026-08-26 04:12:00,MOBILE
APP206649,CUS106649,322000,24,OTHER,2026-12-01 05:41:00,MOBILE
APP206650,CUS106650,440000,48,DEBT_CONSOLIDATION,2026-12-06 00:22:00,MOBILE
APP206651,CUS106651,977000,48,TRAVEL,2026-03-23 18:40:00,MOBILE
APP206652,CUS106652,566000,36,MEDICAL,2026-01-17 08:07:00,MOBILE
APP206653,CUS106653,263000,60,MEDICAL,2026-03-26 03:13:00,MOBILE
APP206654,CUS106654,341000,12,TRAVEL,2026-02-11 09:55:00,MOBILE
APP206655,CUS106655,629000,36,EDUCATION,2026-10-11 11:36:00,MOBILE
APP206656,CUS106656,570000,24,DEBT_CONSOLIDATION,2026-08-20 00:38:00,MOBILE
APP206657,CUS106657,767000,24,DEBT_CONSOLIDATION,2026-04-15 03:44:00,MOBILE
APP206658,CUS106658,319000,12,EDUCATION,2026-12-09 23:09:00,MOBILE
APP206659,CUS106659,291000,36,TRAVEL,2026-07-07 02:34:00,MOBILE
APP206660,CUS106660,338000,36,OTHER,2026-08-18 12:39:00,WEB
APP206661,CUS106661,393000,12,DEBT_CONSOLIDATION,2026-05-09 06:51:00,MOBILE
APP206662,CUS106662,202000,36,OTHER,2026-12-24 04:59:00,MOBILE
APP206663,CUS106663,703000,60,TRAVEL,2026-09-09 17:55:00,MOBILE
APP206664,CUS106664,125000,18,EDUCATION,2026-10-22 12:56:00,WEB
APP206665,CUS106665,326000,36,OTHER,2026-08-07 08:44:00,WEB
APP206666,CUS106666,290000,36,OTHER,2026-11-26 16:08:00,WEB
APP206667,CUS106667,286000,36,TRAVEL,2026-05-31 12:01:00,MOBILE
APP206668,CUS106668,439000,18,OTHER,2026-11-29 00:41:00,MOBILE
APP206669,CUS106669,343000,24,MEDICAL,2026-12-02 04:27:00,WEB
APP206670,CUS106670,696000,36,MEDICAL,2026-11-22 08:37:00,MOBILE
APP206671,CUS106671,255000,36,TRAVEL,2026-04-12 02:49:00,WEB
APP206672,CUS106672,913000,36,HOME_RENOVATION,2026-04-21 15:12:00,WEB
APP206673,CUS106673,760000,48,HOME_RENOVATION,2026-11-05 07:12:00,WEB
APP206674,CUS106674,306000,36,HOME_RENOVATION,2026-10-26 16:21:00,MOBILE
APP206675,CUS106675,141000,36,OTHER,2026-02-19 17:19:00,WEB
APP206676,CUS106676,490000,48,MEDICAL,2026-07-02 22:51:00,WEB
APP206677,CUS106677,230000,12,TRAVEL,2026-10-10 11:32:00,WEB
APP206678,CUS106678,410000,60,OTHER,2026-05-02 05:49:00,MOBILE
APP206679,CUS106679,660000,36,EDUCATION,2026-11-06 02:23:00,MOBILE
APP206680,CUS106680,413000,48,OTHER,2026-07-20 17:43:00,MOBILE
APP206681,CUS106681,330000,36,MEDICAL,2026-02-13 22:43:00,MOBILE
APP206682,CUS106682,413000,48,MEDICAL,2026-06-26 00:41:00,MOBILE
APP206683,CUS106683,293000,36,TRAVEL,2026-02-27 13:30:00,WEB
APP206684,CUS106684,1040000,12,TRAVEL,2026-01-07 04:58:00,MOBILE
APP206685,CUS106685,1207000,24,OTHER,2026-04-23 00:27:00,WEB
APP206686,CUS106686,592000,12,DEBT_CONSOLIDATION,2026-09-01 02:12:00,MOBILE
APP206687,CUS106687,172000,60,OTHER,2026-04-14 12:19:00,MOBILE
APP206688,CUS106688,1128000,48,TRAVEL,2026-08-19 09:12:00,WEB
APP206689,CUS106689,196000,60,HOME_RENOVATION,2026-03-18 09:35:00,MOBILE
APP206690,CUS106690,433000,36,MEDICAL,2026-11-05 02:08:00,MOBILE
APP206691,CUS106691,120000,18,MEDICAL,2026-12-05 11:37:00,MOBILE
APP206692,CUS106692,439000,60,TRAVEL,2026-08-21 02:58:00,MOBILE
APP206693,CUS106693,114000,36,HOME_RENOVATION,2026-03-17 05:23:00,MOBILE
APP206694,CUS106694,154000,12,TRAVEL,2026-12-27 04:00:00,WEB
APP206695,CUS106695,304000,12,OTHER,2026-09-18 00:01:00,MOBILE
APP206696,CUS106696,545000,12,DEBT_CONSOLIDATION,2026-12-21 19:59:00,MOBILE
APP206697,CUS106697,517000,48,DEBT_CONSOLIDATION,2026-10-02 21:45:00,MOBILE
APP206698,CUS106698,878000,12,MEDICAL,2026-06-08 08:36:00,WEB
APP206699,CUS106699,701000,48,HOME_RENOVATION,2026-11-23 08:55:00,WEB
APP206700,CUS106700,981000,18,HOME_RENOVATION,2026-04-10 16:56:00,MOBILE
APP206701,CUS106701,534000,48,OTHER,2026-07-16 11:36:00,WEB
APP206702,CUS106702,716000,36,EDUCATION,2026-09-12 20:02:00,MOBILE
APP206703,CUS106703,846000,48,HOME_RENOVATION,2026-02-26 20:08:00,WEB
APP206704,CUS106704,108000,48,DEBT_CONSOLIDATION,2026-06-20 01:34:00,MOBILE
APP206705,CUS106705,221000,48,EDUCATION,2026-02-12 20:35:00,MOBILE
APP206706,CUS106706,230000,12,OTHER,2026-02-13 13:56:00,MOBILE
APP206707,CUS106707,180000,48,MEDICAL,2026-07-24 13:43:00,WEB
APP206708,CUS106708,401000,24,TRAVEL,2026-01-24 21:00:00,MOBILE
APP206709,CUS106709,149000,60,MEDICAL,2026-09-04 03:20:00,WEB
APP206710,CUS106710,820000,24,EDUCATION,2026-08-06 03:25:00,MOBILE
APP206711,CUS106711,658000,36,TRAVEL,2026-12-06 17:37:00,MOBILE
APP206712,CUS106712,167000,24,DEBT_CONSOLIDATION,2026-05-27 20:45:00,MOBILE
APP206713,CUS106713,597000,60,OTHER,2026-08-25 16:12:00,MOBILE
APP206714,CUS106714,399000,24,DEBT_CONSOLIDATION,2026-08-08 21:27:00,WEB
APP206715,CUS106715,528000,48,EDUCATION,2026-07-24 19:36:00,MOBILE
APP206716,CUS106716,438000,60,OTHER,2026-07-20 06:57:00,WEB
APP206717,CUS106717,371000,48,OTHER,2026-08-28 11:41:00,MOBILE
APP206718,CUS106718,268000,60,MEDICAL,2026-01-12 16:52:00,MOBILE
APP206719,CUS106719,446000,36,EDUCATION,2026-04-03 05:29:00,WEB
APP206720,CUS106720,454000,36,DEBT_CONSOLIDATION,2026-02-17 20:59:00,MOBILE
APP206721,CUS106721,364000,48,HOME_RENOVATION,2026-08-24 21:16:00,MOBILE
APP206722,CUS106722,255000,36,TRAVEL,2026-07-20 18:53:00,WEB
APP206723,CUS106723,342000,24,MEDICAL,2026-10-06 21:45:00,WEB
APP206724,CUS106724,348000,48,MEDICAL,2026-12-10 10:08:00,WEB
APP206725,CUS106725,205000,36,HOME_RENOVATION,2026-07-06 21:50:00,MOBILE
APP206726,CUS106726,156000,36,MEDICAL,2026-01-15 19:34:00,MOBILE
APP206727,CUS106727,337000,60,MEDICAL,2026-08-29 05:48:00,MOBILE
APP206728,CUS106728,435000,48,EDUCATION,2026-03-12 18:43:00,MOBILE
APP206729,CUS106729,594000,60,EDUCATION,2026-06-02 18:18:00,MOBILE
APP206730,CUS106730,239000,18,OTHER,2026-07-19 20:08:00,WEB
APP206731,CUS106731,286000,60,MEDICAL,2026-08-21 11:13:00,MOBILE
APP206732,CUS106732,477000,48,HOME_RENOVATION,2026-06-01 23:58:00,MOBILE
APP206733,CUS106733,228000,12,OTHER,2026-12-12 03:40:00,MOBILE
APP206734,CUS106734,362000,36,HOME_RENOVATION,2026-01-18 23:03:00,WEB
APP206735,CUS106735,182000,60,EDUCATION,2026-11-01 12:37:00,MOBILE
APP206736,CUS106736,648000,36,HOME_RENOVATION,2026-10-04 00:24:00,MOBILE
APP206737,CUS106737,244000,60,EDUCATION,2026-01-20 12:42:00,MOBILE
APP206738,CUS106738,684000,60,HOME_RENOVATION,2026-06-11 16:41:00,MOBILE
APP206739,CUS106739,200000,36,MEDICAL,2026-01-22 08:46:00,WEB
APP206740,CUS106740,270000,24,TRAVEL,2026-02-05 10:01:00,MOBILE
APP206741,CUS106741,475000,36,DEBT_CONSOLIDATION,2026-01-26 19:10:00,MOBILE
APP206742,CUS106742,148000,12,MEDICAL,2026-08-20 08:02:00,WEB
APP206743,CUS106743,322000,36,OTHER,2026-05-25 08:16:00,WEB
APP206744,CUS106744,351000,18,OTHER,2026-11-16 06:33:00,MOBILE
APP206745,CUS106745,600000,48,EDUCATION,2026-09-12 20:24:00,MOBILE
APP206746,CUS106746,590000,48,OTHER,2026-10-07 13:19:00,MOBILE
APP206747,CUS106747,585000,12,EDUCATION,2026-07-20 01:35:00,MOBILE
APP206748,CUS106748,1259000,60,MEDICAL,2026-10-01 13:20:00,WEB
APP206749,CUS106749,635000,24,TRAVEL,2026-11-24 23:48:00,MOBILE
APP206750,CUS106750,146000,12,TRAVEL,2026-10-03 21:48:00,MOBILE
APP206751,CUS106751,482000,36,OTHER,2026-04-28 09:08:00,MOBILE
APP206752,CUS106752,165000,36,EDUCATION,2026-10-27 00:34:00,MOBILE
APP206753,CUS106753,365000,36,TRAVEL,2026-07-28 06:43:00,WEB
APP206754,CUS106754,126000,36,MEDICAL,2026-03-24 16:50:00,WEB
APP206755,CUS106755,312000,12,EDUCATION,2026-04-09 07:54:00,WEB
APP206756,CUS106756,152000,48,MEDICAL,2026-07-09 23:01:00,MOBILE
APP206757,CUS106757,282000,36,MEDICAL,2026-08-16 03:54:00,MOBILE
APP206758,CUS106758,509000,36,HOME_RENOVATION,2026-07-22 20:19:00,WEB
APP206759,CUS106759,292000,12,MEDICAL,2026-05-30 16:38:00,MOBILE
APP206760,CUS106760,210000,36,EDUCATION,2026-04-20 21:46:00,MOBILE
APP206761,CUS106761,456000,48,OTHER,2026-09-06 13:46:00,MOBILE
APP206762,CUS106762,852000,24,HOME_RENOVATION,2026-02-27 13:48:00,WEB
APP206763,CUS106763,284000,36,EDUCATION,2026-06-04 05:08:00,MOBILE
APP206764,CUS106764,184000,60,MEDICAL,2026-03-29 05:34:00,MOBILE
APP206765,CUS106765,156000,36,DEBT_CONSOLIDATION,2026-07-01 11:34:00,WEB
APP206766,CUS106766,713000,36,MEDICAL,2026-06-06 00:05:00,MOBILE
APP206767,CUS106767,175000,60,HOME_RENOVATION,2026-11-01 20:42:00,WEB
APP206768,CUS106768,876000,36,MEDICAL,2026-11-30 14:37:00,WEB
APP206769,CUS106769,422000,18,OTHER,2026-09-08 08:47:00,MOBILE
APP206770,CUS106770,731000,36,DEBT_CONSOLIDATION,2026-02-21 03:07:00,MOBILE
APP206771,CUS106771,316000,24,MEDICAL,2026-02-24 16:19:00,WEB
APP206772,CUS106772,275000,18,HOME_RENOVATION,2026-05-03 04:03:00,WEB
APP206773,CUS106773,419000,36,MEDICAL,2026-11-07 23:11:00,MOBILE
APP206774,CUS106774,842000,36,TRAVEL,2026-11-03 01:01:00,MOBILE
APP206775,CUS106775,192000,24,TRAVEL,2026-05-25 12:42:00,MOBILE
APP206776,CUS106776,718000,36,DEBT_CONSOLIDATION,2026-04-20 05:11:00,WEB
APP206777,CUS106777,281000,36,EDUCATION,2026-06-06 16:48:00,MOBILE
APP206778,CUS106778,410000,36,HOME_RENOVATION,2026-08-14 11:41:00,WEB
APP206779,CUS106779,755000,24,MEDICAL,2026-12-28 02:47:00,MOBILE
APP206780,CUS106780,235000,18,HOME_RENOVATION,2026-10-30 09:40:00,MOBILE
APP206781,CUS106781,266000,36,TRAVEL,2026-11-24 14:29:00,WEB
APP206782,CUS106782,244000,36,HOME_RENOVATION,2026-08-18 09:52:00,MOBILE
APP206783,CUS106783,263000,18,TRAVEL,2026-10-30 08:49:00,MOBILE
APP206784,CUS106784,292000,24,MEDICAL,2026-07-10 08:16:00,MOBILE
APP206785,CUS106785,444000,60,OTHER,2026-09-04 06:44:00,MOBILE
APP206786,CUS106786,466000,18,MEDICAL,2026-01-22 06:37:00,MOBILE
APP206787,CUS106787,429000,12,HOME_RENOVATION,2026-10-05 13:22:00,MOBILE
APP206788,CUS106788,310000,36,TRAVEL,2026-06-05 19:43:00,WEB
APP206789,CUS106789,337000,48,TRAVEL,2026-01-03 19:25:00,MOBILE
APP206790,CUS106790,585000,36,EDUCATION,2026-06-27 12:36:00,WEB
APP206791,CUS106791,407000,12,TRAVEL,2026-07-04 20:09:00,MOBILE
APP206792,CUS106792,361000,24,TRAVEL,2026-10-25 11:35:00,MOBILE
APP206793,CUS106793,206000,60,HOME_RENOVATION,2026-01-28 14:15:00,WEB
APP206794,CUS106794,767000,36,MEDICAL,2026-09-21 05:33:00,MOBILE
APP206795,CUS106795,958000,24,EDUCATION,2026-06-30 14:23:00,MOBILE
APP206796,CUS106796,387000,36,DEBT_CONSOLIDATION,2026-11-04 15:12:00,MOBILE
APP206797,CUS106797,562000,36,TRAVEL,2026-05-22 13:26:00,WEB
APP206798,CUS106798,207000,24,DEBT_CONSOLIDATION,2026-01-24 01:36:00,MOBILE
APP206799,CUS106799,399000,18,MEDICAL,2026-11-01 09:05:00,MOBILE
APP206800,CUS106800,256000,36,MEDICAL,2026-04-05 04:09:00,MOBILE
APP206801,CUS106801,1200000,36,MEDICAL,2026-11-17 07:27:00,MOBILE
APP206802,CUS106802,1277000,48,OTHER,2026-03-12 06:53:00,WEB
APP206803,CUS106803,1213000,36,HOME_RENOVATION,2026-03-24 20:03:00,MOBILE
APP206804,CUS106804,520000,48,TRAVEL,2026-08-19 00:12:00,MOBILE
APP206805,CUS106805,307000,60,DEBT_CONSOLIDATION,2026-11-12 15:21:00,MOBILE
APP206806,CUS106806,1011000,36,HOME_RENOVATION,2026-12-16 01:39:00,WEB
APP206807,CUS106807,151000,24,TRAVEL,2026-07-21 13:38:00,WEB
APP206808,CUS106808,564000,18,MEDICAL,2026-04-23 07:57:00,MOBILE
APP206809,CUS106809,546000,12,TRAVEL,2026-07-06 12:52:00,MOBILE
APP206810,CUS106810,460000,60,EDUCATION,2026-08-14 05:21:00,WEB
APP206811,CUS106811,508000,36,DEBT_CONSOLIDATION,2026-07-12 21:59:00,WEB
APP206812,CUS106812,301000,36,DEBT_CONSOLIDATION,2026-12-19 22:49:00,MOBILE
APP206813,CUS106813,1001000,36,EDUCATION,2026-09-15 02:17:00,MOBILE
APP206814,CUS106814,205000,24,TRAVEL,2026-12-25 14:34:00,MOBILE
APP206815,CUS106815,416000,36,DEBT_CONSOLIDATION,2026-02-13 11:43:00,MOBILE
APP206816,CUS106816,880000,36,HOME_RENOVATION,2026-10-05 07:24:00,MOBILE
APP206817,CUS106817,1199000,12,TRAVEL,2026-06-13 15:33:00,WEB
APP206818,CUS106818,579000,24,HOME_RENOVATION,2026-05-14 23:16:00,MOBILE
APP206819,CUS106819,370000,36,MEDICAL,2026-05-07 09:43:00,MOBILE
APP206820,CUS106820,1071000,36,MEDICAL,2026-07-14 13:50:00,WEB
APP206821,CUS106821,446000,24,OTHER,2026-09-13 05:06:00,MOBILE
APP206822,CUS106822,377000,18,TRAVEL,2026-05-13 16:50:00,MOBILE
APP206823,CUS106823,631000,36,HOME_RENOVATION,2026-07-17 04:41:00,MOBILE
APP206824,CUS106824,256000,60,MEDICAL,2026-05-30 01:05:00,MOBILE
APP206825,CUS106825,585000,36,TRAVEL,2026-08-08 05:13:00,MOBILE
APP206826,CUS106826,277000,18,HOME_RENOVATION,2026-03-13 19:23:00,WEB
APP206827,CUS106827,682000,36,MEDICAL,2026-03-15 03:20:00,MOBILE
APP206828,CUS106828,429000,24,MEDICAL,2026-10-08 19:59:00,WEB
APP206829,CUS106829,447000,48,HOME_RENOVATION,2026-01-29 21:42:00,MOBILE
APP206830,CUS106830,690000,12,MEDICAL,2026-10-20 18:02:00,MOBILE
APP206831,CUS106831,287000,36,MEDICAL,2026-04-03 23:41:00,MOBILE
APP206832,CUS106832,312000,48,OTHER,2026-05-23 02:40:00,MOBILE
APP206833,CUS106833,674000,36,TRAVEL,2026-07-20 20:14:00,WEB
APP206834,CUS106834,722000,36,MEDICAL,2026-12-17 01:55:00,WEB
APP206835,CUS106835,1253000,36,MEDICAL,2026-10-18 08:15:00,MOBILE
APP206836,CUS106836,185000,48,HOME_RENOVATION,2026-06-08 19:30:00,WEB
APP206837,CUS106837,291000,48,DEBT_CONSOLIDATION,2026-08-14 23:50:00,MOBILE
APP206838,CUS106838,224000,48,HOME_RENOVATION,2026-12-30 15:49:00,WEB
APP206839,CUS106839,333000,60,OTHER,2026-06-21 08:08:00,MOBILE
APP206840,CUS106840,441000,60,TRAVEL,2026-01-11 02:10:00,MOBILE
APP206841,CUS106841,602000,24,HOME_RENOVATION,2026-01-20 16:39:00,MOBILE
APP206842,CUS106842,293000,24,TRAVEL,2026-07-31 00:12:00,MOBILE
APP206843,CUS106843,341000,60,OTHER,2026-04-07 17:41:00,MOBILE
APP206844,CUS106844,1004000,36,HOME_RENOVATION,2026-04-24 14:45:00,MOBILE
APP206845,CUS106845,100000,60,EDUCATION,2026-11-18 10:39:00,WEB
APP206846,CUS106846,642000,24,DEBT_CONSOLIDATION,2026-07-03 22:57:00,WEB
APP206847,CUS106847,152000,48,HOME_RENOVATION,2026-02-27 14:04:00,MOBILE
APP206848,CUS106848,190000,48,EDUCATION,2026-02-24 03:10:00,MOBILE
APP206849,CUS106849,1000000,24,OTHER,2026-10-07 01:10:00,WEB
APP206850,CUS106850,492000,24,HOME_RENOVATION,2026-05-12 16:39:00,MOBILE
APP206851,CUS106851,867000,60,TRAVEL,2026-08-07 05:02:00,WEB
APP206852,CUS106852,789000,36,EDUCATION,2026-09-22 01:17:00,MOBILE
APP206853,CUS106853,381000,48,OTHER,2026-06-14 22:35:00,WEB
APP206854,CUS106854,567000,12,MEDICAL,2026-05-13 11:18:00,MOBILE
APP206855,CUS106855,716000,60,EDUCATION,2026-01-13 05:03:00,MOBILE
APP206856,CUS106856,631000,24,MEDICAL,2026-09-17 23:30:00,MOBILE
APP206857,CUS106857,303000,24,HOME_RENOVATION,2026-02-20 01:56:00,WEB
APP206858,CUS106858,237000,60,TRAVEL,2026-11-09 18:16:00,MOBILE
APP206859,CUS106859,485000,12,DEBT_CONSOLIDATION,2026-11-01 09:52:00,MOBILE
APP206860,CUS106860,521000,36,DEBT_CONSOLIDATION,2026-06-12 07:47:00,WEB
APP206861,CUS106861,183000,48,TRAVEL,2026-02-03 06:25:00,WEB
APP206862,CUS106862,331000,36,OTHER,2026-03-29 09:44:00,WEB
APP206863,CUS106863,781000,24,HOME_RENOVATION,2026-01-03 22:36:00,MOBILE
APP206864,CUS106864,467000,18,HOME_RENOVATION,2026-05-19 23:38:00,WEB
APP206865,CUS106865,215000,48,HOME_RENOVATION,2026-12-09 23:26:00,MOBILE
APP206866,CUS106866,378000,36,OTHER,2026-06-14 17:45:00,MOBILE
APP206867,CUS106867,746000,60,DEBT_CONSOLIDATION,2026-12-16 10:03:00,MOBILE
APP206868,CUS106868,536000,24,OTHER,2026-11-05 05:04:00,MOBILE
APP206869,CUS106869,693000,18,DEBT_CONSOLIDATION,2026-08-05 22:39:00,MOBILE
APP206870,CUS106870,1161000,18,OTHER,2026-12-23 20:07:00,MOBILE
APP206871,CUS106871,206000,36,OTHER,2026-10-11 14:07:00,MOBILE
APP206872,CUS106872,533000,36,DEBT_CONSOLIDATION,2026-12-29 11:28:00,MOBILE
APP206873,CUS106873,357000,48,HOME_RENOVATION,2026-06-21 18:39:00,WEB
APP206874,CUS106874,219000,36,MEDICAL,2026-05-03 07:49:00,MOBILE
APP206875,CUS106875,277000,36,OTHER,2026-09-10 04:49:00,MOBILE
APP206876,CUS106876,724000,12,MEDICAL,2026-11-05 11:43:00,MOBILE
APP206877,CUS106877,446000,36,HOME_RENOVATION,2026-08-11 20:51:00,MOBILE
APP206878,CUS106878,523000,36,TRAVEL,2026-06-17 09:32:00,WEB
APP206879,CUS106879,282000,36,HOME_RENOVATION,2026-09-08 16:14:00,WEB
APP206880,CUS106880,178000,24,DEBT_CONSOLIDATION,2026-05-15 23:38:00,MOBILE
APP206881,CUS106881,568000,36,TRAVEL,2026-08-19 08:25:00,MOBILE
APP206882,CUS106882,394000,36,TRAVEL,2026-05-10 03:38:00,WEB
APP206883,CUS106883,324000,48,OTHER,2026-09-07 03:38:00,WEB
APP206884,CUS106884,335000,36,HOME_RENOVATION,2026-02-23 18:21:00,MOBILE
APP206885,CUS106885,575000,24,MEDICAL,2026-12-23 14:17:00,MOBILE
APP206886,CUS106886,459000,48,TRAVEL,2026-09-14 09:33:00,WEB
APP206887,CUS106887,330000,36,MEDICAL,2026-12-02 06:29:00,MOBILE
APP206888,CUS106888,743000,36,TRAVEL,2026-12-21 07:51:00,WEB
APP206889,CUS106889,567000,18,MEDICAL,2026-06-11 12:29:00,MOBILE
APP206890,CUS106890,351000,36,HOME_RENOVATION,2026-04-06 14:47:00,WEB
APP206891,CUS106891,997000,36,HOME_RENOVATION,2026-04-07 11:09:00,MOBILE
APP206892,CUS106892,467000,36,MEDICAL,2026-03-14 10:27:00,WEB
APP206893,CUS106893,196000,36,DEBT_CONSOLIDATION,2026-01-25 04:53:00,MOBILE
APP206894,CUS106894,933000,36,EDUCATION,2026-05-20 16:54:00,MOBILE
APP206895,CUS106895,193000,36,DEBT_CONSOLIDATION,2026-03-02 08:42:00,WEB
APP206896,CUS106896,381000,48,HOME_RENOVATION,2026-01-18 18:54:00,WEB
APP206897,CUS106897,726000,36,HOME_RENOVATION,2026-09-18 01:42:00,WEB
APP206898,CUS106898,165000,60,TRAVEL,2026-02-22 06:13:00,MOBILE
APP206899,CUS106899,441000,48,MEDICAL,2026-06-26 03:39:00,MOBILE
APP206900,CUS106900,171000,60,HOME_RENOVATION,2026-03-12 22:40:00,WEB
APP206901,CUS106901,646000,48,HOME_RENOVATION,2026-02-05 10:53:00,MOBILE
APP206902,CUS106902,487000,36,HOME_RENOVATION,2026-07-04 03:43:00,WEB
APP206903,CUS106903,498000,18,MEDICAL,2026-10-29 18:12:00,WEB
APP206904,CUS106904,177000,12,MEDICAL,2026-03-08 17:55:00,WEB
APP206905,CUS106905,346000,12,OTHER,2026-03-06 08:36:00,MOBILE
APP206906,CUS106906,216000,24,DEBT_CONSOLIDATION,2026-08-14 13:26:00,MOBILE
APP206907,CUS106907,394000,36,HOME_RENOVATION,2026-12-01 00:57:00,MOBILE
APP206908,CUS106908,293000,36,TRAVEL,2026-06-04 02:48:00,WEB
APP206909,CUS106909,143000,12,EDUCATION,2026-04-24 12:22:00,MOBILE
APP206910,CUS106910,142000,48,EDUCATION,2026-07-26 04:33:00,MOBILE
APP206911,CUS106911,378000,18,OTHER,2026-05-23 08:58:00,WEB
APP206912,CUS106912,909000,18,HOME_RENOVATION,2026-10-04 17:20:00,WEB
APP206913,CUS106913,322000,24,DEBT_CONSOLIDATION,2026-03-14 03:11:00,MOBILE
APP206914,CUS106914,1121000,18,TRAVEL,2026-11-29 11:27:00,MOBILE
APP206915,CUS106915,303000,36,TRAVEL,2026-10-02 17:02:00,MOBILE
APP206916,CUS106916,584000,24,HOME_RENOVATION,2026-10-15 08:33:00,WEB
APP206917,CUS106917,240000,60,HOME_RENOVATION,2026-07-16 03:08:00,MOBILE
APP206918,CUS106918,277000,36,TRAVEL,2026-09-03 19:27:00,MOBILE
APP206919,CUS106919,196000,24,MEDICAL,2026-11-16 12:44:00,MOBILE
APP206920,CUS106920,286000,12,MEDICAL,2026-08-18 21:24:00,MOBILE
APP206921,CUS106921,184000,36,HOME_RENOVATION,2026-09-15 15:45:00,MOBILE
APP206922,CUS106922,477000,36,EDUCATION,2026-03-27 20:47:00,MOBILE
APP206923,CUS106923,276000,36,MEDICAL,2026-03-22 04:21:00,WEB
APP206924,CUS106924,951000,24,DEBT_CONSOLIDATION,2026-12-01 01:45:00,MOBILE
APP206925,CUS106925,278000,36,TRAVEL,2026-12-09 18:13:00,MOBILE
APP206926,CUS106926,364000,36,OTHER,2026-05-30 13:01:00,MOBILE
APP206927,CUS106927,481000,24,EDUCATION,2026-05-19 23:20:00,MOBILE
APP206928,CUS106928,930000,36,DEBT_CONSOLIDATION,2026-06-02 01:11:00,MOBILE
APP206929,CUS106929,408000,36,OTHER,2026-08-07 07:34:00,WEB
APP206930,CUS106930,427000,60,EDUCATION,2026-09-25 02:15:00,MOBILE
APP206931,CUS106931,723000,36,DEBT_CONSOLIDATION,2026-06-14 07:15:00,MOBILE
APP206932,CUS106932,460000,36,EDUCATION,2026-08-11 03:54:00,MOBILE
APP206933,CUS106933,154000,36,OTHER,2026-07-11 03:03:00,MOBILE
APP206934,CUS106934,231000,36,HOME_RENOVATION,2026-12-28 22:03:00,WEB
APP206935,CUS106935,648000,24,MEDICAL,2026-03-15 00:25:00,MOBILE
APP206936,CUS106936,395000,36,OTHER,2026-12-25 13:24:00,MOBILE
APP206937,CUS106937,590000,48,MEDICAL,2026-04-28 01:12:00,WEB
APP206938,CUS106938,1069000,60,EDUCATION,2026-01-23 05:14:00,MOBILE
APP206939,CUS106939,605000,48,TRAVEL,2026-04-01 04:05:00,MOBILE
APP206940,CUS106940,467000,24,TRAVEL,2026-01-30 03:11:00,MOBILE
APP206941,CUS106941,100000,36,TRAVEL,2026-07-19 23:26:00,MOBILE
APP206942,CUS106942,1091000,60,MEDICAL,2026-01-26 03:32:00,WEB
APP206943,CUS106943,585000,12,TRAVEL,2026-08-04 08:26:00,WEB
APP206944,CUS106944,408000,60,HOME_RENOVATION,2026-02-09 16:42:00,MOBILE
APP206945,CUS106945,555000,24,HOME_RENOVATION,2026-09-16 13:47:00,MOBILE
APP206946,CUS106946,305000,36,EDUCATION,2026-05-19 02:47:00,MOBILE
APP206947,CUS106947,466000,24,EDUCATION,2026-09-20 03:38:00,MOBILE
APP206948,CUS106948,509000,48,OTHER,2026-04-06 15:09:00,MOBILE
APP206949,CUS106949,671000,48,MEDICAL,2026-10-21 18:54:00,MOBILE
APP206950,CUS106950,408000,36,MEDICAL,2026-12-28 15:34:00,MOBILE
APP206951,CUS106951,460000,24,MEDICAL,2026-04-04 17:34:00,MOBILE
APP206952,CUS106952,376000,36,HOME_RENOVATION,2026-01-23 23:02:00,MOBILE
APP206953,CUS106953,287000,18,OTHER,2026-04-08 00:18:00,MOBILE
APP206954,CUS106954,401000,36,EDUCATION,2026-01-02 14:52:00,MOBILE
APP206955,CUS106955,363000,36,HOME_RENOVATION,2026-04-15 14:45:00,MOBILE
APP206956,CUS106956,407000,12,HOME_RENOVATION,2026-12-18 15:24:00,WEB
APP206957,CUS106957,336000,36,TRAVEL,2026-07-01 06:05:00,MOBILE
APP206958,CUS106958,405000,36,DEBT_CONSOLIDATION,2026-12-18 00:58:00,WEB
APP206959,CUS106959,231000,36,HOME_RENOVATION,2026-04-15 12:22:00,MOBILE
APP206960,CUS106960,408000,18,HOME_RENOVATION,2026-12-17 23:53:00,MOBILE
APP206961,CUS106961,479000,60,HOME_RENOVATION,2026-12-11 11:26:00,WEB
APP206962,CUS106962,175000,36,DEBT_CONSOLIDATION,2026-07-19 03:24:00,WEB
APP206963,CUS106963,584000,36,HOME_RENOVATION,2026-10-03 19:25:00,WEB
APP206964,CUS106964,467000,36,EDUCATION,2026-07-08 16:55:00,WEB
APP206965,CUS106965,887000,36,OTHER,2026-04-04 20:51:00,MOBILE
APP206966,CUS106966,300000,36,MEDICAL,2026-02-28 12:27:00,MOBILE
APP206967,CUS106967,567000,36,TRAVEL,2026-08-18 09:24:00,WEB
APP206968,CUS106968,1364000,36,MEDICAL,2026-03-25 18:19:00,WEB
APP206969,CUS106969,448000,36,TRAVEL,2026-12-11 06:29:00,WEB
APP206970,CUS106970,532000,48,DEBT_CONSOLIDATION,2026-06-05 16:54:00,WEB
APP206971,CUS106971,589000,36,OTHER,2026-12-17 22:27:00,WEB
APP206972,CUS106972,255000,48,TRAVEL,2026-11-05 09:12:00,MOBILE
APP206973,CUS106973,685000,36,OTHER,2026-12-01 13:34:00,MOBILE
APP206974,CUS106974,320000,18,OTHER,2026-09-27 06:37:00,MOBILE
APP206975,CUS106975,190000,36,HOME_RENOVATION,2026-01-29 21:36:00,MOBILE
APP206976,CUS106976,330000,36,HOME_RENOVATION,2026-11-01 13:29:00,MOBILE
APP206977,CUS106977,290000,36,TRAVEL,2026-07-17 11:54:00,WEB
APP206978,CUS106978,1442000,12,EDUCATION,2026-12-11 17:31:00,WEB
APP206979,CUS106979,350000,36,HOME_RENOVATION,2026-01-09 03:43:00,MOBILE
APP206980,CUS106980,573000,24,EDUCATION,2026-09-16 08:43:00,MOBILE
APP206981,CUS106981,212000,36,DEBT_CONSOLIDATION,2026-03-16 18:52:00,MOBILE
APP206982,CUS106982,421000,48,HOME_RENOVATION,2026-10-02 16:01:00,MOBILE
APP206983,CUS106983,232000,60,HOME_RENOVATION,2026-08-09 20:05:00,MOBILE
APP206984,CUS106984,902000,48,MEDICAL,2026-05-10 13:32:00,WEB
APP206985,CUS106985,296000,60,EDUCATION,2026-12-04 22:31:00,MOBILE
APP206986,CUS106986,464000,36,EDUCATION,2026-02-02 09:21:00,MOBILE
APP206987,CUS106987,281000,18,EDUCATION,2026-06-22 04:09:00,WEB
APP206988,CUS106988,303000,48,TRAVEL,2026-02-24 06:20:00,MOBILE
APP206989,CUS106989,409000,48,MEDICAL,2026-08-01 17:13:00,WEB
APP206990,CUS106990,671000,36,MEDICAL,2026-07-30 04:32:00,WEB
APP206991,CUS106991,172000,36,EDUCATION,2026-12-31 00:18:00,WEB
APP206992,CUS106992,524000,24,DEBT_CONSOLIDATION,2026-05-16 22:40:00,MOBILE
APP206993,CUS106993,585000,24,DEBT_CONSOLIDATION,2026-12-15 14:45:00,MOBILE
APP206994,CUS106994,393000,60,TRAVEL,2026-12-14 19:50:00,WEB
APP206995,CUS106995,745000,24,HOME_RENOVATION,2026-06-26 22:15:00,MOBILE
APP206996,CUS106996,873000,60,DEBT_CONSOLIDATION,2026-11-12 18:03:00,WEB
APP206997,CUS106997,323000,24,TRAVEL,2026-02-17 16:47:00,MOBILE
APP206998,CUS106998,584000,48,DEBT_CONSOLIDATION,2026-03-31 19:58:00,MOBILE
APP206999,CUS106999,187000,24,DEBT_CONSOLIDATION,2026-11-10 05:51:00,MOBILE
APP207000,CUS107000,377000,48,DEBT_CONSOLIDATION,2026-07-18 16:03:00,WEB
APP207001,CUS107001,634000,60,HOME_RENOVATION,2026-02-03 23:26:00,MOBILE
APP207002,CUS107002,1052000,48,EDUCATION,2026-01-31 01:59:00,MOBILE
APP207003,CUS107003,203000,12,TRAVEL,2026-08-11 14:27:00,MOBILE
APP207004,CUS107004,1375000,48,MEDICAL,2026-07-31 01:21:00,MOBILE
APP207005,CUS107005,1024000,48,DEBT_CONSOLIDATION,2026-12-13 03:21:00,MOBILE
APP207006,CUS107006,662000,36,MEDICAL,2026-04-06 14:26:00,WEB
APP207007,CUS107007,684000,48,HOME_RENOVATION,2026-03-30 14:03:00,MOBILE
APP207008,CUS107008,491000,36,HOME_RENOVATION,2026-09-07 15:38:00,WEB
APP207009,CUS107009,244000,36,MEDICAL,2026-01-06 10:33:00,MOBILE
APP207010,CUS107010,269000,12,OTHER,2026-05-19 08:52:00,MOBILE
APP207011,CUS107011,776000,36,DEBT_CONSOLIDATION,2026-08-01 05:07:00,MOBILE
APP207012,CUS107012,635000,48,OTHER,2026-11-05 01:21:00,MOBILE
APP207013,CUS107013,398000,60,DEBT_CONSOLIDATION,2026-12-13 03:24:00,WEB
APP207014,CUS107014,265000,36,MEDICAL,2026-09-24 14:59:00,MOBILE
APP207015,CUS107015,417000,18,EDUCATION,2026-06-06 23:23:00,MOBILE
APP207016,CUS107016,315000,24,MEDICAL,2026-04-07 05:29:00,MOBILE
APP207017,CUS107017,491000,36,MEDICAL,2026-11-19 11:30:00,WEB
APP207018,CUS107018,339000,24,DEBT_CONSOLIDATION,2026-12-17 20:37:00,MOBILE
APP207019,CUS107019,781000,36,MEDICAL,2026-01-13 00:14:00,MOBILE
APP207020,CUS107020,854000,24,MEDICAL,2026-01-14 23:01:00,MOBILE
APP207021,CUS107021,341000,48,TRAVEL,2026-04-23 03:11:00,WEB
APP207022,CUS107022,303000,12,OTHER,2026-07-13 15:10:00,MOBILE
APP207023,CUS107023,940000,36,OTHER,2026-08-12 19:52:00,MOBILE
APP207024,CUS107024,240000,12,MEDICAL,2026-11-14 13:55:00,MOBILE
APP207025,CUS107025,783000,24,MEDICAL,2026-04-09 10:02:00,MOBILE
APP207026,CUS107026,186000,18,DEBT_CONSOLIDATION,2026-08-25 13:25:00,MOBILE
APP207027,CUS107027,244000,36,OTHER,2026-01-03 20:38:00,MOBILE
APP207028,CUS107028,356000,18,EDUCATION,2026-05-14 19:12:00,MOBILE
APP207029,CUS107029,296000,36,DEBT_CONSOLIDATION,2026-01-28 05:10:00,WEB
APP207030,CUS107030,648000,36,DEBT_CONSOLIDATION,2026-03-22 10:21:00,MOBILE
APP207031,CUS107031,368000,48,DEBT_CONSOLIDATION,2026-06-15 14:34:00,MOBILE
APP207032,CUS107032,163000,48,DEBT_CONSOLIDATION,2026-05-13 08:50:00,WEB
APP207033,CUS107033,274000,36,TRAVEL,2026-02-10 07:23:00,MOBILE
APP207034,CUS107034,363000,48,OTHER,2026-01-20 09:45:00,WEB
APP207035,CUS107035,318000,36,TRAVEL,2026-01-22 09:21:00,MOBILE
APP207036,CUS107036,675000,36,DEBT_CONSOLIDATION,2026-07-13 19:23:00,MOBILE
APP207037,CUS107037,161000,36,TRAVEL,2026-06-29 03:54:00,WEB
APP207038,CUS107038,743000,48,EDUCATION,2026-04-17 18:22:00,WEB
APP207039,CUS107039,411000,36,OTHER,2026-08-13 02:53:00,MOBILE
APP207040,CUS107040,517000,36,DEBT_CONSOLIDATION,2026-03-28 22:03:00,MOBILE
APP207041,CUS107041,267000,36,EDUCATION,2026-09-28 09:40:00,MOBILE
APP207042,CUS107042,951000,36,HOME_RENOVATION,2026-12-03 00:02:00,MOBILE
APP207043,CUS107043,692000,12,EDUCATION,2026-05-14 10:37:00,MOBILE
APP207044,CUS107044,544000,36,EDUCATION,2026-09-29 02:57:00,WEB
APP207045,CUS107045,580000,36,HOME_RENOVATION,2026-06-18 22:18:00,MOBILE
APP207046,CUS107046,954000,36,MEDICAL,2026-06-07 21:12:00,MOBILE
APP207047,CUS107047,414000,36,MEDICAL,2026-12-08 03:26:00,MOBILE
APP207048,CUS107048,702000,36,TRAVEL,2026-06-25 04:55:00,MOBILE
APP207049,CUS107049,401000,36,MEDICAL,2026-11-19 13:12:00,MOBILE
APP207050,CUS107050,216000,18,MEDICAL,2026-02-14 03:37:00,MOBILE
APP207051,CUS107051,661000,18,OTHER,2026-03-14 21:07:00,MOBILE
APP207052,CUS107052,313000,60,EDUCATION,2026-12-02 22:20:00,WEB
APP207053,CUS107053,740000,36,HOME_RENOVATION,2026-12-10 17:00:00,WEB
APP207054,CUS107054,385000,24,DEBT_CONSOLIDATION,2026-11-21 02:22:00,WEB
APP207055,CUS107055,622000,36,OTHER,2026-11-19 16:38:00,MOBILE
APP207056,CUS107056,600000,48,TRAVEL,2026-02-08 17:47:00,MOBILE
APP207057,CUS107057,215000,48,MEDICAL,2026-10-07 00:08:00,MOBILE
APP207058,CUS107058,335000,48,OTHER,2026-01-08 08:27:00,MOBILE
APP207059,CUS107059,1156000,48,DEBT_CONSOLIDATION,2026-01-26 09:49:00,MOBILE
APP207060,CUS107060,371000,48,MEDICAL,2026-10-11 02:42:00,MOBILE
APP207061,CUS107061,215000,36,EDUCATION,2026-02-15 11:14:00,MOBILE
APP207062,CUS107062,216000,24,TRAVEL,2026-09-08 13:49:00,MOBILE
APP207063,CUS107063,668000,36,TRAVEL,2026-09-24 00:30:00,MOBILE
APP207064,CUS107064,538000,48,HOME_RENOVATION,2026-06-30 01:39:00,MOBILE
APP207065,CUS107065,1139000,36,OTHER,2026-04-11 01:40:00,MOBILE
APP207066,CUS107066,305000,12,DEBT_CONSOLIDATION,2026-09-13 07:57:00,MOBILE
APP207067,CUS107067,142000,60,OTHER,2026-12-07 03:05:00,MOBILE
APP207068,CUS107068,456000,48,DEBT_CONSOLIDATION,2026-04-11 14:35:00,MOBILE
APP207069,CUS107069,504000,48,EDUCATION,2026-10-20 08:33:00,MOBILE
APP207070,CUS107070,539000,60,TRAVEL,2026-02-08 18:59:00,WEB
APP207071,CUS107071,854000,36,MEDICAL,2026-04-10 10:06:00,WEB
APP207072,CUS107072,292000,36,MEDICAL,2026-03-14 06:49:00,WEB
APP207073,CUS107073,172000,36,DEBT_CONSOLIDATION,2026-11-24 05:38:00,WEB
APP207074,CUS107074,201000,36,EDUCATION,2026-06-18 08:45:00,WEB
APP207075,CUS107075,672000,36,DEBT_CONSOLIDATION,2026-01-09 18:18:00,MOBILE
APP207076,CUS107076,420000,18,DEBT_CONSOLIDATION,2026-01-29 13:56:00,WEB
APP207077,CUS107077,382000,36,DEBT_CONSOLIDATION,2026-03-04 00:37:00,MOBILE
APP207078,CUS107078,606000,36,HOME_RENOVATION,2026-04-10 01:06:00,WEB
APP207079,CUS107079,740000,24,MEDICAL,2026-06-09 13:56:00,WEB
APP207080,CUS107080,176000,12,OTHER,2026-01-30 16:17:00,MOBILE
APP207081,CUS107081,417000,18,OTHER,2026-04-12 07:42:00,WEB
APP207082,CUS107082,531000,36,MEDICAL,2026-02-06 21:58:00,MOBILE
APP207083,CUS107083,355000,12,HOME_RENOVATION,2026-12-08 20:20:00,WEB
APP207084,CUS107084,519000,24,DEBT_CONSOLIDATION,2026-02-21 11:30:00,MOBILE
APP207085,CUS107085,258000,60,TRAVEL,2026-02-22 13:12:00,MOBILE
APP207086,CUS107086,540000,48,DEBT_CONSOLIDATION,2026-02-26 08:37:00,MOBILE
APP207087,CUS107087,590000,48,HOME_RENOVATION,2026-04-07 09:08:00,WEB
APP207088,CUS107088,303000,12,DEBT_CONSOLIDATION,2026-06-14 06:43:00,MOBILE
APP207089,CUS107089,205000,24,EDUCATION,2026-04-03 17:19:00,MOBILE
APP207090,CUS107090,409000,36,MEDICAL,2026-02-07 01:12:00,MOBILE
APP207091,CUS107091,686000,48,TRAVEL,2026-06-20 04:39:00,MOBILE
APP207092,CUS107092,192000,36,TRAVEL,2026-04-03 04:29:00,WEB
APP207093,CUS107093,401000,36,DEBT_CONSOLIDATION,2026-11-03 13:15:00,MOBILE
APP207094,CUS107094,246000,12,MEDICAL,2026-11-18 17:05:00,MOBILE
APP207095,CUS107095,1071000,60,OTHER,2026-02-22 06:41:00,MOBILE
APP207096,CUS107096,214000,24,DEBT_CONSOLIDATION,2026-01-07 16:10:00,MOBILE
APP207097,CUS107097,469000,36,OTHER,2026-08-23 17:12:00,WEB
APP207098,CUS107098,276000,36,EDUCATION,2026-03-27 11:28:00,WEB
APP207099,CUS107099,513000,36,MEDICAL,2026-08-26 11:10:00,MOBILE
APP207100,CUS107100,1447000,36,EDUCATION,2026-10-05 13:55:00,WEB
APP207101,CUS107101,689000,60,DEBT_CONSOLIDATION,2026-08-02 12:56:00,WEB
APP207102,CUS107102,133000,48,HOME_RENOVATION,2026-10-13 01:39:00,MOBILE
APP207103,CUS107103,537000,48,HOME_RENOVATION,2026-06-08 17:20:00,WEB
APP207104,CUS107104,538000,24,EDUCATION,2026-06-18 23:15:00,WEB
APP207105,CUS107105,633000,48,TRAVEL,2026-03-06 18:05:00,MOBILE
APP207106,CUS107106,513000,48,MEDICAL,2026-10-07 20:43:00,WEB
APP207107,CUS107107,331000,48,EDUCATION,2026-04-29 01:53:00,MOBILE
APP207108,CUS107108,329000,36,HOME_RENOVATION,2026-12-08 14:36:00,WEB
APP207109,CUS107109,605000,60,MEDICAL,2026-10-26 21:33:00,WEB
APP207110,CUS107110,157000,36,HOME_RENOVATION,2026-07-08 18:52:00,MOBILE
APP207111,CUS107111,210000,36,DEBT_CONSOLIDATION,2026-01-09 21:32:00,WEB
APP207112,CUS107112,1106000,36,OTHER,2026-10-06 09:06:00,MOBILE
APP207113,CUS107113,645000,12,OTHER,2026-03-22 22:52:00,WEB
APP207114,CUS107114,323000,36,TRAVEL,2026-06-10 23:16:00,MOBILE
APP207115,CUS107115,332000,36,TRAVEL,2026-12-22 01:52:00,WEB
APP207116,CUS107116,383000,36,EDUCATION,2026-09-16 01:46:00,MOBILE
APP207117,CUS107117,523000,18,EDUCATION,2026-12-07 19:18:00,MOBILE
APP207118,CUS107118,787000,24,DEBT_CONSOLIDATION,2026-11-22 09:13:00,MOBILE
APP207119,CUS107119,481000,48,HOME_RENOVATION,2026-10-12 01:38:00,MOBILE
APP207120,CUS107120,332000,48,MEDICAL,2026-03-23 16:55:00,WEB
APP207121,CUS107121,250000,36,EDUCATION,2026-10-21 02:50:00,MOBILE
APP207122,CUS107122,341000,36,HOME_RENOVATION,2026-02-04 06:29:00,MOBILE
APP207123,CUS107123,584000,36,MEDICAL,2026-01-26 17:18:00,WEB
APP207124,CUS107124,277000,24,EDUCATION,2026-06-16 16:48:00,MOBILE
APP207125,CUS107125,755000,18,HOME_RENOVATION,2026-12-26 19:23:00,MOBILE
APP207126,CUS107126,608000,48,EDUCATION,2026-06-14 20:08:00,MOBILE
APP207127,CUS107127,346000,24,OTHER,2026-04-15 17:24:00,WEB
APP207128,CUS107128,408000,60,EDUCATION,2026-03-04 17:51:00,MOBILE
APP207129,CUS107129,315000,12,HOME_RENOVATION,2026-03-11 14:53:00,MOBILE
APP207130,CUS107130,328000,12,TRAVEL,2026-12-18 23:33:00,MOBILE
APP207131,CUS107131,249000,36,DEBT_CONSOLIDATION,2026-07-21 22:07:00,MOBILE
APP207132,CUS107132,209000,36,DEBT_CONSOLIDATION,2026-04-15 18:52:00,MOBILE
APP207133,CUS107133,624000,36,MEDICAL,2026-05-21 23:31:00,MOBILE
APP207134,CUS107134,399000,18,EDUCATION,2026-10-23 23:27:00,WEB
APP207135,CUS107135,707000,24,OTHER,2026-04-09 19:31:00,MOBILE
APP207136,CUS107136,163000,60,EDUCATION,2026-10-09 17:39:00,MOBILE
APP207137,CUS107137,249000,36,DEBT_CONSOLIDATION,2026-05-03 09:40:00,MOBILE
APP207138,CUS107138,514000,48,EDUCATION,2026-07-16 05:35:00,WEB
APP207139,CUS107139,456000,12,OTHER,2026-11-06 02:22:00,MOBILE
APP207140,CUS107140,276000,24,HOME_RENOVATION,2026-05-14 23:19:00,MOBILE
APP207141,CUS107141,444000,36,TRAVEL,2026-04-16 07:18:00,WEB
APP207142,CUS107142,344000,12,TRAVEL,2026-05-10 17:49:00,MOBILE
APP207143,CUS107143,194000,36,EDUCATION,2026-11-13 12:06:00,WEB
APP207144,CUS107144,317000,36,OTHER,2026-10-21 05:27:00,MOBILE
APP207145,CUS107145,618000,60,OTHER,2026-01-04 22:27:00,MOBILE
APP207146,CUS107146,780000,48,DEBT_CONSOLIDATION,2026-02-19 02:19:00,MOBILE
APP207147,CUS107147,380000,36,MEDICAL,2026-12-25 18:22:00,MOBILE
APP207148,CUS107148,204000,36,EDUCATION,2026-05-18 17:16:00,MOBILE
APP207149,CUS107149,203000,36,HOME_RENOVATION,2026-03-08 12:31:00,MOBILE
APP207150,CUS107150,781000,48,EDUCATION,2026-05-11 23:29:00,MOBILE
APP207151,CUS107151,478000,48,TRAVEL,2026-12-10 21:40:00,MOBILE
APP207152,CUS107152,580000,18,HOME_RENOVATION,2026-10-14 00:48:00,MOBILE
APP207153,CUS107153,351000,36,DEBT_CONSOLIDATION,2026-01-14 02:27:00,MOBILE
APP207154,CUS107154,129000,24,DEBT_CONSOLIDATION,2026-05-01 01:57:00,WEB
APP207155,CUS107155,665000,36,DEBT_CONSOLIDATION,2026-08-06 06:51:00,WEB
APP207156,CUS107156,374000,12,HOME_RENOVATION,2026-02-09 19:39:00,WEB
APP207157,CUS107157,517000,36,DEBT_CONSOLIDATION,2026-02-09 15:38:00,WEB
APP207158,CUS107158,448000,36,EDUCATION,2026-09-03 00:37:00,MOBILE
APP207159,CUS107159,441000,60,TRAVEL,2026-06-24 14:45:00,MOBILE
APP207160,CUS107160,589000,24,EDUCATION,2026-10-07 02:44:00,MOBILE
APP207161,CUS107161,446000,60,TRAVEL,2026-06-12 14:03:00,MOBILE
APP207162,CUS107162,875000,24,TRAVEL,2026-03-06 05:27:00,MOBILE
APP207163,CUS107163,580000,36,OTHER,2026-03-11 07:29:00,MOBILE
APP207164,CUS107164,205000,36,MEDICAL,2026-08-10 08:39:00,MOBILE
APP207165,CUS107165,299000,36,TRAVEL,2026-05-31 14:51:00,MOBILE
APP207166,CUS107166,1071000,24,DEBT_CONSOLIDATION,2026-01-16 09:01:00,WEB
APP207167,CUS107167,258000,12,TRAVEL,2026-11-20 16:12:00,WEB
APP207168,CUS107168,760000,36,DEBT_CONSOLIDATION,2026-08-02 19:30:00,WEB
APP207169,CUS107169,350000,48,OTHER,2026-10-01 19:26:00,MOBILE
APP207170,CUS107170,1097000,18,OTHER,2026-06-12 03:12:00,WEB
APP207171,CUS107171,591000,24,DEBT_CONSOLIDATION,2026-06-19 14:16:00,MOBILE
APP207172,CUS107172,229000,48,OTHER,2026-01-14 10:26:00,MOBILE
APP207173,CUS107173,370000,18,OTHER,2026-05-22 17:18:00,MOBILE
APP207174,CUS107174,650000,36,MEDICAL,2026-02-25 08:21:00,MOBILE
APP207175,CUS107175,146000,36,DEBT_CONSOLIDATION,2026-04-24 06:00:00,WEB
APP207176,CUS107176,409000,36,EDUCATION,2026-11-19 18:04:00,WEB
APP207177,CUS107177,515000,24,DEBT_CONSOLIDATION,2026-03-11 02:49:00,WEB
APP207178,CUS107178,160000,36,MEDICAL,2026-12-14 23:36:00,MOBILE
APP207179,CUS107179,255000,36,TRAVEL,2026-10-27 07:22:00,WEB
APP207180,CUS107180,822000,60,OTHER,2026-06-30 17:47:00,MOBILE
APP207181,CUS107181,528000,36,EDUCATION,2026-12-20 14:03:00,MOBILE
APP207182,CUS107182,336000,60,DEBT_CONSOLIDATION,2026-09-08 18:16:00,WEB
APP207183,CUS107183,373000,24,TRAVEL,2026-03-15 13:50:00,MOBILE
APP207184,CUS107184,594000,48,MEDICAL,2026-01-25 19:22:00,WEB
APP207185,CUS107185,484000,18,TRAVEL,2026-10-05 12:28:00,WEB
APP207186,CUS107186,358000,24,MEDICAL,2026-10-30 12:05:00,MOBILE
APP207187,CUS107187,345000,48,MEDICAL,2026-06-23 08:19:00,WEB
APP207188,CUS107188,321000,36,EDUCATION,2026-04-09 16:25:00,MOBILE
APP207189,CUS107189,681000,36,MEDICAL,2026-01-19 04:38:00,MOBILE
APP207190,CUS107190,668000,24,TRAVEL,2026-08-09 08:51:00,MOBILE
APP207191,CUS107191,196000,48,MEDICAL,2026-05-06 04:30:00,MOBILE
APP207192,CUS107192,491000,36,EDUCATION,2026-06-12 01:01:00,MOBILE
APP207193,CUS107193,848000,36,EDUCATION,2026-04-28 21:51:00,MOBILE
APP207194,CUS107194,343000,24,MEDICAL,2026-06-14 19:13:00,WEB
APP207195,CUS107195,227000,36,HOME_RENOVATION,2026-04-27 21:21:00,MOBILE
APP207196,CUS107196,201000,12,EDUCATION,2026-11-04 01:18:00,MOBILE
APP207197,CUS107197,554000,24,OTHER,2026-09-17 02:54:00,MOBILE
APP207198,CUS107198,495000,48,HOME_RENOVATION,2026-09-07 01:31:00,MOBILE
APP207199,CUS107199,558000,24,DEBT_CONSOLIDATION,2026-08-02 02:45:00,WEB
APP207200,CUS107200,311000,18,MEDICAL,2026-10-18 09:15:00,MOBILE
APP207201,CUS107201,250000,60,EDUCATION,2026-03-14 03:55:00,MOBILE
APP207202,CUS107202,243000,60,MEDICAL,2026-10-14 11:54:00,MOBILE
APP207203,CUS107203,269000,12,DEBT_CONSOLIDATION,2026-01-09 22:33:00,MOBILE
APP207204,CUS107204,534000,48,EDUCATION,2026-07-16 07:56:00,WEB
APP207205,CUS107205,598000,60,HOME_RENOVATION,2026-10-19 10:45:00,MOBILE
APP207206,CUS107206,154000,36,HOME_RENOVATION,2026-08-28 08:11:00,WEB
APP207207,CUS107207,258000,36,HOME_RENOVATION,2026-07-29 05:54:00,MOBILE
APP207208,CUS107208,320000,60,EDUCATION,2026-01-13 18:39:00,MOBILE
APP207209,CUS107209,880000,48,MEDICAL,2026-03-11 02:22:00,MOBILE
APP207210,CUS107210,527000,48,DEBT_CONSOLIDATION,2026-03-23 21:18:00,WEB
APP207211,CUS107211,350000,24,EDUCATION,2026-10-02 16:16:00,WEB
APP207212,CUS107212,253000,48,HOME_RENOVATION,2026-12-03 02:27:00,WEB
APP207213,CUS107213,373000,48,OTHER,2026-02-23 15:30:00,WEB
APP207214,CUS107214,331000,48,EDUCATION,2026-01-19 06:58:00,MOBILE
APP207215,CUS107215,347000,36,DEBT_CONSOLIDATION,2026-09-18 13:29:00,MOBILE
APP207216,CUS107216,264000,36,MEDICAL,2026-04-29 23:36:00,MOBILE
APP207217,CUS107217,504000,48,MEDICAL,2026-04-25 04:10:00,MOBILE
APP207218,CUS107218,293000,36,DEBT_CONSOLIDATION,2026-08-30 18:23:00,MOBILE
APP207219,CUS107219,229000,48,DEBT_CONSOLIDATION,2026-10-19 04:32:00,MOBILE
APP207220,CUS107220,634000,36,DEBT_CONSOLIDATION,2026-04-16 16:43:00,WEB
APP207221,CUS107221,385000,48,EDUCATION,2026-12-26 22:23:00,WEB
APP207222,CUS107222,100000,36,TRAVEL,2026-10-15 07:43:00,MOBILE
APP207223,CUS107223,1070000,36,EDUCATION,2026-01-27 10:38:00,WEB
APP207224,CUS107224,404000,60,MEDICAL,2026-09-08 18:42:00,MOBILE
APP207225,CUS107225,602000,24,TRAVEL,2026-11-25 04:45:00,WEB
APP207226,CUS107226,1342000,60,MEDICAL,2026-01-19 14:20:00,MOBILE
APP207227,CUS107227,351000,24,DEBT_CONSOLIDATION,2026-07-16 07:00:00,WEB
APP207228,CUS107228,524000,24,HOME_RENOVATION,2026-07-10 06:07:00,WEB
APP207229,CUS107229,633000,36,HOME_RENOVATION,2026-09-27 06:29:00,WEB
APP207230,CUS107230,386000,48,TRAVEL,2026-06-07 09:47:00,MOBILE
APP207231,CUS107231,533000,36,HOME_RENOVATION,2026-04-01 14:50:00,MOBILE
APP207232,CUS107232,172000,24,EDUCATION,2026-05-01 04:42:00,MOBILE
APP207233,CUS107233,558000,36,EDUCATION,2026-01-13 04:54:00,MOBILE
APP207234,CUS107234,198000,24,DEBT_CONSOLIDATION,2026-11-27 23:37:00,MOBILE
APP207235,CUS107235,395000,48,HOME_RENOVATION,2026-12-25 04:45:00,MOBILE
APP207236,CUS107236,361000,12,DEBT_CONSOLIDATION,2026-06-14 21:26:00,WEB
APP207237,CUS107237,302000,36,EDUCATION,2026-11-11 22:18:00,WEB
APP207238,CUS107238,396000,12,DEBT_CONSOLIDATION,2026-11-23 10:41:00,MOBILE
APP207239,CUS107239,200000,36,EDUCATION,2026-07-27 11:16:00,MOBILE
APP207240,CUS107240,326000,60,TRAVEL,2026-04-18 08:13:00,WEB
APP207241,CUS107241,336000,48,DEBT_CONSOLIDATION,2026-08-22 19:41:00,MOBILE
APP207242,CUS107242,542000,36,EDUCATION,2026-10-06 14:47:00,MOBILE
APP207243,CUS107243,317000,36,DEBT_CONSOLIDATION,2026-10-10 12:50:00,MOBILE
APP207244,CUS107244,256000,36,MEDICAL,2026-07-02 20:01:00,WEB
APP207245,CUS107245,378000,36,EDUCATION,2026-09-12 12:42:00,MOBILE
APP207246,CUS107246,231000,36,HOME_RENOVATION,2026-11-02 07:27:00,WEB
APP207247,CUS107247,226000,36,HOME_RENOVATION,2026-10-21 01:22:00,WEB
APP207248,CUS107248,198000,36,MEDICAL,2026-03-23 20:45:00,MOBILE
APP207249,CUS107249,336000,48,TRAVEL,2026-07-17 03:05:00,MOBILE
APP207250,CUS107250,610000,24,EDUCATION,2026-06-01 14:44:00,MOBILE
APP207251,CUS107251,339000,60,TRAVEL,2026-03-09 23:55:00,WEB
APP207252,CUS107252,604000,60,EDUCATION,2026-06-23 08:09:00,WEB
APP207253,CUS107253,343000,24,TRAVEL,2026-02-26 04:30:00,WEB
APP207254,CUS107254,559000,36,OTHER,2026-04-02 01:11:00,MOBILE
APP207255,CUS107255,149000,24,EDUCATION,2026-04-06 09:38:00,MOBILE
APP207256,CUS107256,561000,36,HOME_RENOVATION,2026-06-27 17:30:00,MOBILE
APP207257,CUS107257,687000,12,EDUCATION,2026-02-17 20:48:00,MOBILE
APP207258,CUS107258,385000,60,TRAVEL,2026-09-10 03:39:00,MOBILE
APP207259,CUS107259,275000,36,DEBT_CONSOLIDATION,2026-11-22 11:14:00,WEB
APP207260,CUS107260,349000,24,DEBT_CONSOLIDATION,2026-08-24 04:55:00,MOBILE
APP207261,CUS107261,631000,36,TRAVEL,2026-06-09 04:08:00,MOBILE
APP207262,CUS107262,242000,48,TRAVEL,2026-10-05 02:33:00,MOBILE
APP207263,CUS107263,523000,48,DEBT_CONSOLIDATION,2026-03-01 08:36:00,WEB
APP207264,CUS107264,359000,24,TRAVEL,2026-11-19 21:09:00,WEB
APP207265,CUS107265,220000,24,OTHER,2026-05-31 02:57:00,WEB
APP207266,CUS107266,410000,48,HOME_RENOVATION,2026-10-13 19:42:00,MOBILE
APP207267,CUS107267,463000,36,HOME_RENOVATION,2026-06-05 05:47:00,MOBILE
APP207268,CUS107268,479000,36,DEBT_CONSOLIDATION,2026-02-17 03:49:00,MOBILE
APP207269,CUS107269,154000,48,EDUCATION,2026-07-03 18:14:00,MOBILE
APP207270,CUS107270,348000,48,EDUCATION,2026-12-10 17:54:00,WEB
APP207271,CUS107271,312000,60,OTHER,2026-08-08 12:02:00,WEB
APP207272,CUS107272,701000,12,OTHER,2026-11-16 04:32:00,WEB
APP207273,CUS107273,192000,48,MEDICAL,2026-03-12 08:15:00,MOBILE
APP207274,CUS107274,309000,24,EDUCATION,2026-04-17 07:51:00,WEB
APP207275,CUS107275,746000,36,EDUCATION,2026-09-15 16:19:00,MOBILE
APP207276,CUS107276,736000,48,EDUCATION,2026-10-18 11:19:00,MOBILE
APP207277,CUS107277,505000,36,OTHER,2026-04-01 10:45:00,MOBILE
APP207278,CUS107278,141000,36,TRAVEL,2026-05-04 11:50:00,WEB
APP207279,CUS107279,283000,36,HOME_RENOVATION,2026-03-24 21:35:00,MOBILE
APP207280,CUS107280,380000,36,OTHER,2026-02-01 20:58:00,MOBILE
APP207281,CUS107281,445000,36,DEBT_CONSOLIDATION,2026-02-03 04:56:00,MOBILE
APP207282,CUS107282,780000,24,HOME_RENOVATION,2026-11-11 22:54:00,MOBILE
APP207283,CUS107283,171000,36,TRAVEL,2026-07-03 19:53:00,MOBILE
APP207284,CUS107284,547000,36,MEDICAL,2026-02-25 02:07:00,MOBILE
APP207285,CUS107285,176000,36,OTHER,2026-10-07 14:52:00,WEB
APP207286,CUS107286,522000,36,MEDICAL,2026-03-01 11:09:00,WEB
APP207287,CUS107287,257000,36,EDUCATION,2026-12-27 02:11:00,WEB
APP207288,CUS107288,323000,48,HOME_RENOVATION,2026-07-06 08:54:00,MOBILE
APP207289,CUS107289,224000,18,MEDICAL,2026-02-14 19:43:00,MOBILE
APP207290,CUS107290,481000,36,MEDICAL,2026-01-16 09:49:00,MOBILE
APP207291,CUS107291,275000,36,DEBT_CONSOLIDATION,2026-09-12 03:56:00,MOBILE
APP207292,CUS107292,468000,36,DEBT_CONSOLIDATION,2026-03-30 11:28:00,WEB
APP207293,CUS107293,510000,36,OTHER,2026-11-28 23:41:00,MOBILE
APP207294,CUS107294,388000,18,DEBT_CONSOLIDATION,2026-03-18 05:38:00,WEB
APP207295,CUS107295,201000,36,EDUCATION,2026-10-18 05:19:00,WEB
APP207296,CUS107296,227000,36,HOME_RENOVATION,2026-06-11 15:19:00,WEB
APP207297,CUS107297,464000,36,DEBT_CONSOLIDATION,2026-08-22 11:58:00,WEB
APP207298,CUS107298,838000,60,OTHER,2026-01-13 01:24:00,MOBILE
APP207299,CUS107299,577000,36,OTHER,2026-01-01 12:27:00,MOBILE
APP207300,CUS107300,1032000,36,DEBT_CONSOLIDATION,2026-09-30 05:46:00,WEB
APP207301,CUS107301,410000,24,EDUCATION,2026-04-17 23:32:00,MOBILE
APP207302,CUS107302,1013000,24,TRAVEL,2026-06-17 21:19:00,WEB
APP207303,CUS107303,675000,36,TRAVEL,2026-11-03 01:07:00,MOBILE
APP207304,CUS107304,460000,60,TRAVEL,2026-12-10 09:35:00,MOBILE
APP207305,CUS107305,295000,36,EDUCATION,2026-06-02 02:53:00,MOBILE
APP207306,CUS107306,488000,36,DEBT_CONSOLIDATION,2026-09-08 16:19:00,MOBILE
APP207307,CUS107307,192000,36,OTHER,2026-09-01 08:29:00,MOBILE
APP207308,CUS107308,543000,12,EDUCATION,2026-04-20 02:53:00,MOBILE
APP207309,CUS107309,938000,24,OTHER,2026-02-13 10:01:00,WEB
APP207310,CUS107310,199000,12,OTHER,2026-08-02 14:37:00,WEB
APP207311,CUS107311,476000,36,TRAVEL,2026-12-13 12:27:00,MOBILE
APP207312,CUS107312,275000,60,DEBT_CONSOLIDATION,2026-01-10 19:27:00,MOBILE
APP207313,CUS107313,206000,36,HOME_RENOVATION,2026-04-07 01:58:00,MOBILE
APP207314,CUS107314,452000,48,HOME_RENOVATION,2026-10-02 00:07:00,WEB
APP207315,CUS107315,910000,48,OTHER,2026-12-22 17:18:00,MOBILE
APP207316,CUS107316,300000,60,HOME_RENOVATION,2026-03-23 21:09:00,WEB
APP207317,CUS107317,210000,48,HOME_RENOVATION,2026-06-26 20:41:00,MOBILE
APP207318,CUS107318,302000,12,EDUCATION,2026-05-14 06:34:00,MOBILE
APP207319,CUS107319,207000,36,OTHER,2026-10-10 10:04:00,MOBILE
APP207320,CUS107320,157000,36,DEBT_CONSOLIDATION,2026-06-13 15:51:00,MOBILE
APP207321,CUS107321,326000,36,DEBT_CONSOLIDATION,2026-04-03 02:30:00,WEB
APP207322,CUS107322,351000,36,MEDICAL,2026-10-21 06:10:00,WEB
APP207323,CUS107323,294000,60,EDUCATION,2026-03-06 19:23:00,MOBILE
APP207324,CUS107324,845000,24,TRAVEL,2026-01-22 07:07:00,WEB
APP207325,CUS107325,183000,36,TRAVEL,2026-11-03 08:08:00,WEB
APP207326,CUS107326,342000,60,EDUCATION,2026-03-14 03:25:00,MOBILE
APP207327,CUS107327,140000,12,MEDICAL,2026-03-21 20:29:00,MOBILE
APP207328,CUS107328,365000,36,DEBT_CONSOLIDATION,2026-04-25 10:19:00,MOBILE
APP207329,CUS107329,313000,36,TRAVEL,2026-09-04 21:38:00,MOBILE
APP207330,CUS107330,207000,36,EDUCATION,2026-02-13 18:45:00,MOBILE
APP207331,CUS107331,507000,36,EDUCATION,2026-07-11 02:49:00,MOBILE
APP207332,CUS107332,462000,24,TRAVEL,2026-09-16 02:38:00,MOBILE
APP207333,CUS107333,216000,48,DEBT_CONSOLIDATION,2026-12-30 03:38:00,MOBILE
APP207334,CUS107334,1029000,60,OTHER,2026-02-17 23:05:00,WEB
APP207335,CUS107335,204000,36,TRAVEL,2026-04-30 13:44:00,MOBILE
APP207336,CUS107336,214000,24,HOME_RENOVATION,2026-03-05 04:00:00,WEB
APP207337,CUS107337,660000,12,MEDICAL,2026-07-04 20:56:00,WEB
APP207338,CUS107338,519000,36,OTHER,2026-03-03 21:51:00,MOBILE
APP207339,CUS107339,479000,18,EDUCATION,2026-07-26 17:12:00,WEB
APP207340,CUS107340,867000,48,OTHER,2026-06-02 08:49:00,MOBILE
APP207341,CUS107341,162000,48,DEBT_CONSOLIDATION,2026-05-16 14:26:00,WEB
APP207342,CUS107342,659000,48,TRAVEL,2026-01-10 13:29:00,MOBILE
APP207343,CUS107343,622000,24,TRAVEL,2026-10-04 01:14:00,WEB
APP207344,CUS107344,1216000,36,HOME_RENOVATION,2026-04-03 08:49:00,MOBILE
APP207345,CUS107345,197000,24,EDUCATION,2026-01-01 03:15:00,MOBILE
APP207346,CUS107346,1399000,48,TRAVEL,2026-12-29 22:07:00,WEB
APP207347,CUS107347,464000,48,TRAVEL,2026-11-07 09:17:00,MOBILE
APP207348,CUS107348,264000,36,DEBT_CONSOLIDATION,2026-11-30 10:49:00,MOBILE
APP207349,CUS107349,183000,48,OTHER,2026-07-12 18:00:00,MOBILE
APP207350,CUS107350,202000,36,HOME_RENOVATION,2026-07-10 12:03:00,MOBILE
APP207351,CUS107351,510000,24,OTHER,2026-06-16 09:27:00,WEB
APP207352,CUS107352,396000,36,MEDICAL,2026-07-09 18:03:00,MOBILE
APP207353,CUS107353,489000,36,DEBT_CONSOLIDATION,2026-10-08 10:57:00,WEB
APP207354,CUS107354,605000,12,MEDICAL,2026-05-07 05:01:00,MOBILE
APP207355,CUS107355,554000,36,TRAVEL,2026-09-02 16:41:00,MOBILE
APP207356,CUS107356,169000,18,OTHER,2026-12-17 09:47:00,MOBILE
APP207357,CUS107357,546000,24,DEBT_CONSOLIDATION,2026-02-11 18:22:00,MOBILE
APP207358,CUS107358,187000,36,HOME_RENOVATION,2026-12-25 17:25:00,WEB
APP207359,CUS107359,534000,60,DEBT_CONSOLIDATION,2026-10-13 15:49:00,MOBILE
APP207360,CUS107360,1049000,60,MEDICAL,2026-12-21 09:36:00,MOBILE
APP207361,CUS107361,382000,60,MEDICAL,2026-06-01 03:54:00,WEB
APP207362,CUS107362,289000,12,TRAVEL,2026-09-08 03:36:00,WEB
APP207363,CUS107363,308000,36,DEBT_CONSOLIDATION,2026-12-29 04:07:00,MOBILE
APP207364,CUS107364,286000,12,TRAVEL,2026-12-28 06:21:00,WEB
APP207365,CUS107365,313000,48,MEDICAL,2026-02-01 06:12:00,MOBILE
APP207366,CUS107366,860000,36,OTHER,2026-04-10 19:25:00,WEB
APP207367,CUS107367,1009000,12,TRAVEL,2026-06-23 07:53:00,WEB
APP207368,CUS107368,354000,48,OTHER,2026-06-18 21:38:00,MOBILE
APP207369,CUS107369,423000,24,MEDICAL,2026-10-17 09:17:00,WEB
APP207370,CUS107370,673000,24,TRAVEL,2026-09-21 04:52:00,MOBILE
APP207371,CUS107371,579000,36,EDUCATION,2026-01-07 06:09:00,WEB
APP207372,CUS107372,353000,12,MEDICAL,2026-05-31 11:16:00,MOBILE
APP207373,CUS107373,123000,48,MEDICAL,2026-05-27 03:28:00,WEB
APP207374,CUS107374,391000,36,MEDICAL,2026-10-25 01:42:00,WEB
APP207375,CUS107375,1335000,36,HOME_RENOVATION,2026-03-07 02:14:00,WEB
APP207376,CUS107376,364000,12,EDUCATION,2026-06-29 12:44:00,MOBILE
APP207377,CUS107377,507000,24,EDUCATION,2026-09-20 07:42:00,MOBILE
APP207378,CUS107378,126000,36,MEDICAL,2026-12-08 17:37:00,WEB
APP207379,CUS107379,499000,36,DEBT_CONSOLIDATION,2026-10-24 12:14:00,MOBILE
APP207380,CUS107380,206000,36,DEBT_CONSOLIDATION,2026-07-12 11:53:00,MOBILE
APP207381,CUS107381,151000,36,HOME_RENOVATION,2026-11-13 14:08:00,WEB
APP207382,CUS107382,521000,36,HOME_RENOVATION,2026-09-24 09:18:00,MOBILE
APP207383,CUS107383,485000,24,HOME_RENOVATION,2026-02-07 14:48:00,MOBILE
APP207384,CUS107384,1014000,12,HOME_RENOVATION,2026-01-10 23:41:00,MOBILE
APP207385,CUS107385,382000,36,DEBT_CONSOLIDATION,2026-07-24 07:13:00,MOBILE
APP207386,CUS107386,100000,36,EDUCATION,2026-09-06 15:09:00,MOBILE
APP207387,CUS107387,320000,36,TRAVEL,2026-04-03 14:49:00,MOBILE
APP207388,CUS107388,421000,60,EDUCATION,2026-08-10 14:25:00,MOBILE
APP207389,CUS107389,339000,24,TRAVEL,2026-07-05 10:17:00,MOBILE
APP207390,CUS107390,381000,36,TRAVEL,2026-02-19 00:10:00,WEB
APP207391,CUS107391,577000,36,MEDICAL,2026-02-08 10:39:00,WEB
APP207392,CUS107392,434000,24,HOME_RENOVATION,2026-06-12 04:36:00,WEB
APP207393,CUS107393,297000,48,TRAVEL,2026-03-05 09:26:00,WEB
APP207394,CUS107394,424000,12,TRAVEL,2026-06-04 00:34:00,MOBILE
APP207395,CUS107395,233000,48,EDUCATION,2026-11-03 03:37:00,MOBILE
APP207396,CUS107396,477000,48,OTHER,2026-01-09 10:26:00,MOBILE
APP207397,CUS107397,385000,36,OTHER,2026-10-30 09:43:00,MOBILE
APP207398,CUS107398,300000,24,DEBT_CONSOLIDATION,2026-07-20 15:33:00,WEB
APP207399,CUS107399,343000,60,TRAVEL,2026-10-02 02:15:00,WEB
APP207400,CUS107400,492000,36,EDUCATION,2026-12-10 01:40:00,MOBILE
APP207401,CUS107401,414000,60,EDUCATION,2026-02-23 18:34:00,MOBILE
APP207402,CUS107402,698000,36,OTHER,2026-10-08 13:25:00,MOBILE
APP207403,CUS107403,384000,48,OTHER,2026-01-09 03:51:00,MOBILE
APP207404,CUS107404,673000,24,TRAVEL,2026-01-11 09:43:00,MOBILE
APP207405,CUS107405,404000,48,DEBT_CONSOLIDATION,2026-09-12 00:25:00,MOBILE
APP207406,CUS107406,805000,48,MEDICAL,2026-09-08 03:35:00,WEB
APP207407,CUS107407,202000,48,MEDICAL,2026-04-24 05:24:00,MOBILE
APP207408,CUS107408,587000,48,HOME_RENOVATION,2026-07-01 17:16:00,MOBILE
APP207409,CUS107409,281000,24,MEDICAL,2026-05-16 08:30:00,MOBILE
APP207410,CUS107410,572000,24,EDUCATION,2026-01-10 09:02:00,MOBILE
APP207411,CUS107411,277000,18,TRAVEL,2026-12-22 05:46:00,MOBILE
APP207412,CUS107412,513000,36,OTHER,2026-04-22 00:22:00,MOBILE
APP207413,CUS107413,311000,36,OTHER,2026-03-04 14:57:00,MOBILE
APP207414,CUS107414,300000,24,DEBT_CONSOLIDATION,2026-11-18 05:12:00,WEB
APP207415,CUS107415,547000,36,OTHER,2026-02-19 08:03:00,MOBILE
APP207416,CUS107416,386000,24,TRAVEL,2026-12-05 02:41:00,WEB
APP207417,CUS107417,458000,36,TRAVEL,2026-06-24 05:38:00,MOBILE
APP207418,CUS107418,772000,24,HOME_RENOVATION,2026-06-18 08:34:00,WEB
APP207419,CUS107419,325000,48,HOME_RENOVATION,2026-11-14 08:10:00,WEB
APP207420,CUS107420,446000,48,MEDICAL,2026-04-20 00:41:00,WEB
APP207421,CUS107421,1280000,48,MEDICAL,2026-03-24 08:58:00,MOBILE
APP207422,CUS107422,396000,36,OTHER,2026-04-12 12:04:00,WEB
APP207423,CUS107423,868000,36,EDUCATION,2026-04-03 03:21:00,MOBILE
APP207424,CUS107424,762000,36,TRAVEL,2026-09-19 06:46:00,MOBILE
APP207425,CUS107425,959000,24,EDUCATION,2026-05-22 22:04:00,MOBILE
APP207426,CUS107426,147000,36,EDUCATION,2026-06-18 23:49:00,MOBILE
APP207427,CUS107427,175000,60,MEDICAL,2026-04-28 04:11:00,MOBILE
APP207428,CUS107428,181000,24,DEBT_CONSOLIDATION,2026-03-26 20:41:00,WEB
APP207429,CUS107429,564000,36,MEDICAL,2026-02-18 13:38:00,MOBILE
APP207430,CUS107430,395000,36,OTHER,2026-03-17 19:19:00,MOBILE
APP207431,CUS107431,133000,48,TRAVEL,2026-05-18 14:28:00,WEB
APP207432,CUS107432,229000,24,DEBT_CONSOLIDATION,2026-10-29 15:34:00,MOBILE
APP207433,CUS107433,605000,60,TRAVEL,2026-10-07 13:03:00,MOBILE
APP207434,CUS107434,335000,60,OTHER,2026-03-14 04:22:00,MOBILE
APP207435,CUS107435,665000,36,MEDICAL,2026-12-28 12:22:00,MOBILE
APP207436,CUS107436,208000,36,OTHER,2026-10-28 00:03:00,WEB
APP207437,CUS107437,419000,24,EDUCATION,2026-12-31 02:09:00,MOBILE
APP207438,CUS107438,429000,36,HOME_RENOVATION,2026-09-02 10:23:00,WEB
APP207439,CUS107439,423000,60,OTHER,2026-04-25 06:28:00,MOBILE
APP207440,CUS107440,663000,18,DEBT_CONSOLIDATION,2026-05-08 20:07:00,MOBILE
APP207441,CUS107441,1015000,36,DEBT_CONSOLIDATION,2026-10-29 09:25:00,MOBILE
APP207442,CUS107442,669000,48,DEBT_CONSOLIDATION,2026-10-02 03:33:00,WEB
APP207443,CUS107443,422000,48,HOME_RENOVATION,2026-12-20 15:55:00,MOBILE
APP207444,CUS107444,794000,36,MEDICAL,2026-04-02 00:55:00,MOBILE
APP207445,CUS107445,519000,48,DEBT_CONSOLIDATION,2026-09-26 01:04:00,WEB
APP207446,CUS107446,1033000,48,TRAVEL,2026-03-24 15:24:00,MOBILE
APP207447,CUS107447,230000,36,EDUCATION,2026-04-15 01:51:00,MOBILE
APP207448,CUS107448,319000,36,HOME_RENOVATION,2026-02-20 11:29:00,WEB
APP207449,CUS107449,624000,36,DEBT_CONSOLIDATION,2026-07-16 13:12:00,WEB
APP207450,CUS107450,258000,36,TRAVEL,2026-06-05 14:20:00,MOBILE
APP207451,CUS107451,354000,24,OTHER,2026-07-20 22:09:00,WEB
APP207452,CUS107452,400000,60,OTHER,2026-10-30 21:29:00,MOBILE
APP207453,CUS107453,979000,36,EDUCATION,2026-01-06 10:55:00,MOBILE
APP207454,CUS107454,148000,36,HOME_RENOVATION,2026-10-24 01:08:00,MOBILE
APP207455,CUS107455,178000,12,DEBT_CONSOLIDATION,2026-09-16 10:46:00,MOBILE
APP207456,CUS107456,206000,36,HOME_RENOVATION,2026-09-01 00:51:00,MOBILE
APP207457,CUS107457,680000,36,OTHER,2026-10-01 20:00:00,MOBILE
APP207458,CUS107458,529000,36,TRAVEL,2026-11-06 02:47:00,WEB
APP207459,CUS107459,632000,60,MEDICAL,2026-05-28 08:33:00,WEB
APP207460,CUS107460,505000,48,EDUCATION,2026-01-25 22:03:00,WEB
APP207461,CUS107461,1564000,24,TRAVEL,2026-12-03 09:30:00,WEB
APP207462,CUS107462,314000,48,EDUCATION,2026-12-06 16:42:00,MOBILE
APP207463,CUS107463,447000,24,DEBT_CONSOLIDATION,2026-01-04 05:23:00,MOBILE
APP207464,CUS107464,409000,48,DEBT_CONSOLIDATION,2026-05-28 04:45:00,WEB
APP207465,CUS107465,450000,36,OTHER,2026-03-18 05:17:00,WEB
APP207466,CUS107466,631000,60,TRAVEL,2026-08-14 01:43:00,WEB
APP207467,CUS107467,293000,36,DEBT_CONSOLIDATION,2026-05-31 03:20:00,MOBILE
APP207468,CUS107468,294000,36,OTHER,2026-03-26 00:53:00,MOBILE
APP207469,CUS107469,577000,36,OTHER,2026-04-25 11:45:00,WEB
APP207470,CUS107470,552000,36,MEDICAL,2026-08-06 19:18:00,MOBILE
APP207471,CUS107471,302000,18,EDUCATION,2026-01-08 00:17:00,MOBILE
APP207472,CUS107472,249000,36,MEDICAL,2026-07-14 14:10:00,WEB
APP207473,CUS107473,389000,48,HOME_RENOVATION,2026-04-25 02:37:00,MOBILE
APP207474,CUS107474,388000,48,TRAVEL,2026-07-13 08:08:00,MOBILE
APP207475,CUS107475,235000,36,DEBT_CONSOLIDATION,2026-03-01 10:43:00,WEB
APP207476,CUS107476,109000,36,TRAVEL,2026-04-23 10:12:00,MOBILE
APP207477,CUS107477,333000,12,EDUCATION,2026-11-17 19:33:00,WEB
APP207478,CUS107478,853000,36,OTHER,2026-11-29 21:53:00,WEB
APP207479,CUS107479,956000,36,EDUCATION,2026-01-26 01:04:00,MOBILE
APP207480,CUS107480,314000,60,EDUCATION,2026-03-13 01:24:00,WEB
APP207481,CUS107481,807000,60,DEBT_CONSOLIDATION,2026-07-14 10:11:00,MOBILE
APP207482,CUS107482,386000,48,TRAVEL,2026-08-14 04:44:00,WEB
APP207483,CUS107483,221000,12,DEBT_CONSOLIDATION,2026-05-30 07:00:00,WEB
APP207484,CUS107484,368000,36,OTHER,2026-12-25 23:53:00,MOBILE
APP207485,CUS107485,452000,48,MEDICAL,2026-09-26 20:53:00,MOBILE
APP207486,CUS107486,637000,36,TRAVEL,2026-12-14 00:49:00,MOBILE
APP207487,CUS107487,746000,36,OTHER,2026-09-23 19:44:00,MOBILE
APP207488,CUS107488,331000,60,EDUCATION,2026-03-19 01:06:00,MOBILE
APP207489,CUS107489,899000,36,TRAVEL,2026-05-30 07:05:00,MOBILE
APP207490,CUS107490,521000,48,DEBT_CONSOLIDATION,2026-01-17 17:01:00,WEB
APP207491,CUS107491,301000,36,TRAVEL,2026-10-26 12:21:00,MOBILE
APP207492,CUS107492,358000,36,HOME_RENOVATION,2026-05-22 12:05:00,WEB
APP207493,CUS107493,652000,36,HOME_RENOVATION,2026-11-18 11:45:00,MOBILE
APP207494,CUS107494,512000,48,TRAVEL,2026-08-26 11:40:00,WEB
APP207495,CUS107495,133000,12,TRAVEL,2026-07-09 16:34:00,WEB
APP207496,CUS107496,659000,18,TRAVEL,2026-10-12 05:57:00,WEB
APP207497,CUS107497,1028000,12,DEBT_CONSOLIDATION,2026-04-28 04:27:00,MOBILE
APP207498,CUS107498,232000,36,HOME_RENOVATION,2026-07-25 03:23:00,MOBILE
APP207499,CUS107499,279000,12,TRAVEL,2026-03-16 03:34:00,MOBILE
APP207500,CUS107500,156000,18,DEBT_CONSOLIDATION,2026-05-29 00:48:00,MOBILE
APP207501,CUS107501,608000,18,TRAVEL,2026-05-27 02:23:00,MOBILE
APP207502,CUS107502,586000,18,EDUCATION,2026-12-13 21:46:00,MOBILE
APP207503,CUS107503,215000,36,OTHER,2026-10-02 04:31:00,WEB
APP207504,CUS107504,173000,36,MEDICAL,2026-06-30 00:44:00,MOBILE
APP207505,CUS107505,183000,24,EDUCATION,2026-01-18 04:20:00,WEB
APP207506,CUS107506,1043000,18,HOME_RENOVATION,2026-12-31 18:56:00,MOBILE
APP207507,CUS107507,420000,12,EDUCATION,2026-12-17 13:52:00,MOBILE
APP207508,CUS107508,566000,48,MEDICAL,2026-09-13 08:09:00,MOBILE
APP207509,CUS107509,497000,36,OTHER,2026-03-27 19:37:00,MOBILE
APP207510,CUS107510,458000,18,TRAVEL,2026-03-16 18:33:00,MOBILE
APP207511,CUS107511,788000,60,DEBT_CONSOLIDATION,2026-01-09 03:19:00,WEB
APP207512,CUS107512,438000,18,OTHER,2026-02-18 21:43:00,WEB
APP207513,CUS107513,234000,36,OTHER,2026-10-09 19:31:00,MOBILE
APP207514,CUS107514,515000,36,TRAVEL,2026-09-19 09:32:00,MOBILE
APP207515,CUS107515,326000,36,EDUCATION,2026-05-31 21:50:00,WEB
APP207516,CUS107516,673000,60,DEBT_CONSOLIDATION,2026-05-24 23:32:00,WEB
APP207517,CUS107517,237000,36,DEBT_CONSOLIDATION,2026-10-28 17:44:00,MOBILE
APP207518,CUS107518,277000,36,MEDICAL,2026-12-18 17:33:00,MOBILE
APP207519,CUS107519,1159000,36,TRAVEL,2026-09-06 23:52:00,MOBILE
APP207520,CUS107520,1386000,48,OTHER,2026-09-08 10:54:00,MOBILE
APP207521,CUS107521,218000,36,HOME_RENOVATION,2026-07-06 12:04:00,MOBILE
APP207522,CUS107522,567000,60,HOME_RENOVATION,2026-04-22 05:03:00,WEB
APP207523,CUS107523,564000,24,EDUCATION,2026-07-07 21:00:00,MOBILE
APP207524,CUS107524,679000,60,HOME_RENOVATION,2026-05-01 08:00:00,MOBILE
APP207525,CUS107525,122000,36,TRAVEL,2026-06-12 21:48:00,WEB
APP207526,CUS107526,257000,48,HOME_RENOVATION,2026-01-08 06:10:00,MOBILE
APP207527,CUS107527,166000,48,DEBT_CONSOLIDATION,2026-12-28 19:27:00,WEB
APP207528,CUS107528,605000,36,EDUCATION,2026-10-14 04:45:00,WEB
APP207529,CUS107529,295000,18,TRAVEL,2026-02-05 18:43:00,MOBILE
APP207530,CUS107530,204000,12,MEDICAL,2026-12-25 15:08:00,WEB
APP207531,CUS107531,233000,48,DEBT_CONSOLIDATION,2026-10-08 22:04:00,MOBILE
APP207532,CUS107532,243000,60,DEBT_CONSOLIDATION,2026-12-31 05:41:00,MOBILE
APP207533,CUS107533,368000,36,MEDICAL,2026-06-15 05:32:00,WEB
APP207534,CUS107534,1039000,36,DEBT_CONSOLIDATION,2026-12-19 18:48:00,WEB
APP207535,CUS107535,253000,48,OTHER,2026-07-16 10:32:00,MOBILE
APP207536,CUS107536,157000,24,HOME_RENOVATION,2026-03-30 05:38:00,MOBILE
APP207537,CUS107537,646000,36,DEBT_CONSOLIDATION,2026-04-29 17:12:00,MOBILE
APP207538,CUS107538,329000,60,MEDICAL,2026-06-03 13:18:00,MOBILE
APP207539,CUS107539,348000,48,DEBT_CONSOLIDATION,2026-05-26 10:27:00,MOBILE
APP207540,CUS107540,457000,36,EDUCATION,2026-10-04 02:20:00,MOBILE
APP207541,CUS107541,464000,36,DEBT_CONSOLIDATION,2026-03-18 19:20:00,MOBILE
APP207542,CUS107542,553000,24,EDUCATION,2026-11-06 01:45:00,MOBILE
APP207543,CUS107543,393000,48,DEBT_CONSOLIDATION,2026-08-21 19:25:00,MOBILE
APP207544,CUS107544,262000,36,MEDICAL,2026-08-25 04:01:00,MOBILE
APP207545,CUS107545,427000,36,DEBT_CONSOLIDATION,2026-06-29 15:45:00,MOBILE
APP207546,CUS107546,726000,48,HOME_RENOVATION,2026-12-17 01:23:00,MOBILE
APP207547,CUS107547,676000,36,TRAVEL,2026-01-29 07:47:00,WEB
APP207548,CUS107548,560000,24,HOME_RENOVATION,2026-12-01 02:36:00,MOBILE
APP207549,CUS107549,336000,60,OTHER,2026-01-06 12:46:00,WEB
APP207550,CUS107550,329000,24,OTHER,2026-10-21 01:56:00,MOBILE
APP207551,CUS107551,486000,24,TRAVEL,2026-11-24 06:08:00,WEB
APP207552,CUS107552,116000,36,TRAVEL,2026-01-17 23:38:00,WEB
APP207553,CUS107553,548000,36,OTHER,2026-12-10 12:15:00,MOBILE
APP207554,CUS107554,251000,36,HOME_RENOVATION,2026-07-15 16:19:00,WEB
APP207555,CUS107555,280000,36,DEBT_CONSOLIDATION,2026-05-01 04:50:00,MOBILE
APP207556,CUS107556,581000,24,MEDICAL,2026-08-08 02:30:00,MOBILE
APP207557,CUS107557,928000,36,EDUCATION,2026-05-21 10:04:00,WEB
APP207558,CUS107558,597000,36,DEBT_CONSOLIDATION,2026-09-12 11:36:00,WEB
APP207559,CUS107559,553000,36,HOME_RENOVATION,2026-12-14 04:09:00,MOBILE
APP207560,CUS107560,423000,36,HOME_RENOVATION,2026-05-04 13:36:00,MOBILE
APP207561,CUS107561,759000,36,OTHER,2026-12-22 07:41:00,MOBILE
APP207562,CUS107562,582000,18,HOME_RENOVATION,2026-09-16 19:27:00,MOBILE
APP207563,CUS107563,798000,24,EDUCATION,2026-02-10 20:37:00,WEB
APP207564,CUS107564,450000,36,MEDICAL,2026-07-23 19:22:00,MOBILE
APP207565,CUS107565,560000,36,MEDICAL,2026-12-01 04:14:00,WEB
APP207566,CUS107566,434000,48,DEBT_CONSOLIDATION,2026-05-27 11:58:00,MOBILE
APP207567,CUS107567,309000,36,OTHER,2026-07-19 22:55:00,MOBILE
APP207568,CUS107568,276000,24,EDUCATION,2026-04-01 23:34:00,MOBILE
APP207569,CUS107569,541000,48,DEBT_CONSOLIDATION,2026-08-24 03:37:00,MOBILE
APP207570,CUS107570,351000,36,EDUCATION,2026-06-28 04:06:00,WEB
APP207571,CUS107571,248000,60,MEDICAL,2026-10-28 11:45:00,WEB
APP207572,CUS107572,301000,48,MEDICAL,2026-07-03 04:44:00,MOBILE
APP207573,CUS107573,431000,60,TRAVEL,2026-03-07 18:11:00,MOBILE
APP207574,CUS107574,205000,18,OTHER,2026-09-10 22:41:00,WEB
APP207575,CUS107575,320000,36,TRAVEL,2026-05-26 07:05:00,MOBILE
APP207576,CUS107576,322000,48,MEDICAL,2026-05-21 14:44:00,MOBILE
APP207577,CUS107577,556000,48,DEBT_CONSOLIDATION,2026-04-01 06:16:00,MOBILE
APP207578,CUS107578,567000,36,DEBT_CONSOLIDATION,2026-08-13 06:31:00,MOBILE
APP207579,CUS107579,609000,18,DEBT_CONSOLIDATION,2026-02-09 17:44:00,WEB
APP207580,CUS107580,232000,48,HOME_RENOVATION,2026-12-31 02:30:00,WEB
APP207581,CUS107581,649000,36,TRAVEL,2026-10-16 03:30:00,MOBILE
APP207582,CUS107582,323000,36,DEBT_CONSOLIDATION,2026-10-30 07:39:00,MOBILE
APP207583,CUS107583,542000,48,MEDICAL,2026-10-13 01:36:00,MOBILE
APP207584,CUS107584,367000,24,DEBT_CONSOLIDATION,2026-01-01 05:18:00,MOBILE
APP207585,CUS107585,551000,18,MEDICAL,2026-07-17 10:06:00,WEB
APP207586,CUS107586,502000,18,MEDICAL,2026-08-23 00:23:00,WEB
APP207587,CUS107587,319000,48,EDUCATION,2026-01-31 16:31:00,WEB
APP207588,CUS107588,368000,24,DEBT_CONSOLIDATION,2026-06-09 09:39:00,WEB
APP207589,CUS107589,218000,36,OTHER,2026-07-22 04:08:00,WEB
APP207590,CUS107590,432000,36,EDUCATION,2026-02-12 16:59:00,WEB
APP207591,CUS107591,590000,18,MEDICAL,2026-11-06 21:46:00,WEB
APP207592,CUS107592,170000,36,MEDICAL,2026-11-21 11:59:00,MOBILE
APP207593,CUS107593,299000,48,DEBT_CONSOLIDATION,2026-03-08 12:34:00,WEB
APP207594,CUS107594,494000,36,EDUCATION,2026-05-28 03:58:00,MOBILE
APP207595,CUS107595,455000,18,EDUCATION,2026-02-15 06:40:00,MOBILE
APP207596,CUS107596,479000,36,MEDICAL,2026-02-25 10:01:00,MOBILE
APP207597,CUS107597,855000,48,HOME_RENOVATION,2026-12-22 17:54:00,MOBILE
APP207598,CUS107598,243000,36,MEDICAL,2026-05-22 09:33:00,MOBILE
APP207599,CUS107599,241000,36,TRAVEL,2026-05-10 10:32:00,MOBILE
APP207600,CUS107600,149000,48,DEBT_CONSOLIDATION,2026-07-28 18:47:00,MOBILE
APP207601,CUS107601,358000,18,OTHER,2026-04-24 03:12:00,WEB
APP207602,CUS107602,304000,36,EDUCATION,2026-05-08 07:22:00,MOBILE
APP207603,CUS107603,417000,60,DEBT_CONSOLIDATION,2026-10-15 05:25:00,WEB
APP207604,CUS107604,215000,48,MEDICAL,2026-10-12 11:46:00,WEB
APP207605,CUS107605,222000,24,EDUCATION,2026-04-02 09:47:00,MOBILE
APP207606,CUS107606,474000,36,OTHER,2026-12-14 05:49:00,MOBILE
APP207607,CUS107607,152000,24,HOME_RENOVATION,2026-01-16 16:02:00,WEB
APP207608,CUS107608,358000,48,OTHER,2026-11-23 16:46:00,WEB
APP207609,CUS107609,460000,48,EDUCATION,2026-12-05 08:48:00,WEB
APP207610,CUS107610,310000,48,MEDICAL,2026-02-19 02:05:00,MOBILE
APP207611,CUS107611,300000,12,MEDICAL,2026-09-08 15:05:00,MOBILE
APP207612,CUS107612,233000,60,DEBT_CONSOLIDATION,2026-07-28 11:45:00,WEB
APP207613,CUS107613,530000,48,OTHER,2026-10-16 22:20:00,MOBILE
APP207614,CUS107614,350000,36,OTHER,2026-05-03 10:38:00,WEB
APP207615,CUS107615,304000,36,OTHER,2026-05-07 22:58:00,MOBILE
APP207616,CUS107616,336000,48,MEDICAL,2026-07-17 13:22:00,MOBILE
APP207617,CUS107617,212000,60,HOME_RENOVATION,2026-03-09 11:26:00,MOBILE
APP207618,CUS107618,493000,60,DEBT_CONSOLIDATION,2026-12-06 18:17:00,WEB
APP207619,CUS107619,583000,36,HOME_RENOVATION,2026-11-25 12:34:00,MOBILE
APP207620,CUS107620,241000,36,TRAVEL,2026-07-08 07:16:00,WEB
APP207621,CUS107621,405000,24,OTHER,2026-05-30 19:40:00,MOBILE
APP207622,CUS107622,527000,36,DEBT_CONSOLIDATION,2026-01-11 15:49:00,MOBILE
APP207623,CUS107623,242000,12,EDUCATION,2026-10-26 00:39:00,WEB
APP207624,CUS107624,626000,36,EDUCATION,2026-01-24 02:27:00,WEB
APP207625,CUS107625,388000,36,MEDICAL,2026-09-01 09:31:00,WEB
APP207626,CUS107626,517000,36,HOME_RENOVATION,2026-06-24 13:00:00,MOBILE
APP207627,CUS107627,1087000,24,MEDICAL,2026-02-01 17:18:00,WEB
APP207628,CUS107628,395000,12,TRAVEL,2026-12-07 21:11:00,WEB
APP207629,CUS107629,727000,48,DEBT_CONSOLIDATION,2026-10-16 11:48:00,MOBILE
APP207630,CUS107630,192000,36,HOME_RENOVATION,2026-08-21 02:38:00,WEB
APP207631,CUS107631,751000,60,EDUCATION,2026-08-08 01:37:00,MOBILE
APP207632,CUS107632,348000,24,TRAVEL,2026-09-28 07:07:00,MOBILE
APP207633,CUS107633,420000,60,OTHER,2026-12-23 19:31:00,MOBILE
APP207634,CUS107634,288000,36,HOME_RENOVATION,2026-01-06 16:46:00,MOBILE
APP207635,CUS107635,241000,36,HOME_RENOVATION,2026-01-04 09:51:00,MOBILE
APP207636,CUS107636,289000,60,DEBT_CONSOLIDATION,2026-09-22 06:38:00,MOBILE
APP207637,CUS107637,437000,18,EDUCATION,2026-10-20 19:38:00,MOBILE
APP207638,CUS107638,402000,36,OTHER,2026-03-04 03:29:00,MOBILE
APP207639,CUS107639,314000,48,TRAVEL,2026-02-28 23:22:00,WEB
APP207640,CUS107640,351000,48,OTHER,2026-11-12 10:49:00,WEB
APP207641,CUS107641,308000,36,HOME_RENOVATION,2026-05-04 14:52:00,MOBILE
APP207642,CUS107642,211000,24,OTHER,2026-02-06 06:08:00,WEB
APP207643,CUS107643,263000,24,OTHER,2026-07-18 08:56:00,MOBILE
APP207644,CUS107644,616000,36,HOME_RENOVATION,2026-05-23 01:56:00,MOBILE
APP207645,CUS107645,453000,18,TRAVEL,2026-07-19 23:22:00,WEB
APP207646,CUS107646,275000,60,MEDICAL,2026-03-08 19:20:00,MOBILE
APP207647,CUS107647,1503000,36,DEBT_CONSOLIDATION,2026-09-29 00:57:00,WEB
APP207648,CUS107648,310000,48,MEDICAL,2026-08-24 05:09:00,MOBILE
APP207649,CUS107649,214000,36,HOME_RENOVATION,2026-09-10 22:47:00,MOBILE
APP207650,CUS107650,409000,24,OTHER,2026-06-30 22:58:00,WEB
APP207651,CUS107651,162000,48,OTHER,2026-06-18 19:31:00,MOBILE
APP207652,CUS107652,525000,36,EDUCATION,2026-10-10 20:19:00,WEB
APP207653,CUS107653,731000,36,MEDICAL,2026-06-03 06:56:00,WEB
APP207654,CUS107654,617000,48,HOME_RENOVATION,2026-09-06 11:04:00,MOBILE
APP207655,CUS107655,286000,48,TRAVEL,2026-01-13 16:09:00,MOBILE
APP207656,CUS107656,287000,12,MEDICAL,2026-07-02 05:12:00,WEB
APP207657,CUS107657,735000,48,DEBT_CONSOLIDATION,2026-07-06 14:26:00,WEB
APP207658,CUS107658,742000,24,TRAVEL,2026-10-21 03:06:00,MOBILE
APP207659,CUS107659,486000,36,MEDICAL,2026-01-13 17:17:00,MOBILE
APP207660,CUS107660,215000,24,OTHER,2026-12-14 01:28:00,WEB
APP207661,CUS107661,273000,36,TRAVEL,2026-09-26 12:44:00,WEB
APP207662,CUS107662,469000,36,HOME_RENOVATION,2026-06-21 10:49:00,MOBILE
APP207663,CUS107663,237000,12,DEBT_CONSOLIDATION,2026-11-27 05:40:00,WEB
APP207664,CUS107664,524000,60,MEDICAL,2026-04-02 18:35:00,MOBILE
APP207665,CUS107665,654000,60,OTHER,2026-12-07 14:01:00,WEB
APP207666,CUS107666,297000,36,TRAVEL,2026-03-14 06:22:00,MOBILE
APP207667,CUS107667,1090000,48,OTHER,2026-03-16 07:54:00,MOBILE
APP207668,CUS107668,517000,24,MEDICAL,2026-09-03 07:05:00,WEB
APP207669,CUS107669,360000,12,OTHER,2026-12-15 04:41:00,MOBILE
APP207670,CUS107670,478000,48,DEBT_CONSOLIDATION,2026-03-05 22:57:00,WEB
APP207671,CUS107671,248000,36,MEDICAL,2026-01-29 23:06:00,MOBILE
APP207672,CUS107672,187000,36,OTHER,2026-03-21 09:40:00,MOBILE
APP207673,CUS107673,743000,60,OTHER,2026-02-22 18:21:00,WEB
APP207674,CUS107674,317000,60,HOME_RENOVATION,2026-07-16 14:06:00,WEB
APP207675,CUS107675,335000,48,EDUCATION,2026-01-27 04:17:00,WEB
APP207676,CUS107676,620000,36,OTHER,2026-12-30 06:53:00,MOBILE
APP207677,CUS107677,210000,48,MEDICAL,2026-02-22 23:41:00,MOBILE
APP207678,CUS107678,280000,36,TRAVEL,2026-09-25 07:33:00,MOBILE
APP207679,CUS107679,294000,48,HOME_RENOVATION,2026-11-08 14:50:00,MOBILE
APP207680,CUS107680,1077000,48,OTHER,2026-09-21 22:53:00,MOBILE
APP207681,CUS107681,360000,48,TRAVEL,2026-04-16 22:01:00,WEB
APP207682,CUS107682,459000,36,TRAVEL,2026-01-17 12:15:00,WEB
APP207683,CUS107683,597000,48,MEDICAL,2026-03-13 02:43:00,MOBILE
APP207684,CUS107684,564000,36,HOME_RENOVATION,2026-11-16 23:47:00,MOBILE
APP207685,CUS107685,531000,36,TRAVEL,2026-12-09 19:14:00,MOBILE
APP207686,CUS107686,211000,12,HOME_RENOVATION,2026-12-05 13:21:00,MOBILE
APP207687,CUS107687,545000,24,DEBT_CONSOLIDATION,2026-01-30 11:08:00,WEB
APP207688,CUS107688,253000,36,MEDICAL,2026-12-21 11:06:00,MOBILE
APP207689,CUS107689,691000,48,EDUCATION,2026-09-22 05:27:00,MOBILE
APP207690,CUS107690,524000,60,HOME_RENOVATION,2026-07-13 17:17:00,MOBILE
APP207691,CUS107691,373000,36,DEBT_CONSOLIDATION,2026-12-04 01:27:00,MOBILE
APP207692,CUS107692,416000,36,EDUCATION,2026-11-16 21:27:00,WEB
APP207693,CUS107693,632000,36,TRAVEL,2026-08-09 15:16:00,WEB
APP207694,CUS107694,291000,36,MEDICAL,2026-11-17 13:01:00,MOBILE
APP207695,CUS107695,113000,36,TRAVEL,2026-12-29 13:53:00,WEB
APP207696,CUS107696,165000,12,TRAVEL,2026-02-11 01:41:00,MOBILE
APP207697,CUS107697,338000,12,DEBT_CONSOLIDATION,2026-04-10 07:47:00,MOBILE
APP207698,CUS107698,578000,48,HOME_RENOVATION,2026-09-24 04:32:00,WEB
APP207699,CUS107699,776000,36,TRAVEL,2026-07-21 03:07:00,MOBILE
APP207700,CUS107700,604000,36,EDUCATION,2026-11-28 17:21:00,MOBILE
APP207701,CUS107701,707000,36,HOME_RENOVATION,2026-09-19 14:11:00,MOBILE
APP207702,CUS107702,477000,36,EDUCATION,2026-01-02 14:10:00,WEB
APP207703,CUS107703,603000,12,TRAVEL,2026-09-30 20:26:00,MOBILE
APP207704,CUS107704,731000,36,TRAVEL,2026-11-30 10:25:00,MOBILE
APP207705,CUS107705,584000,36,DEBT_CONSOLIDATION,2026-02-03 00:46:00,MOBILE
APP207706,CUS107706,354000,36,EDUCATION,2026-12-15 16:10:00,MOBILE
APP207707,CUS107707,234000,12,OTHER,2026-08-15 10:43:00,MOBILE
APP207708,CUS107708,610000,36,EDUCATION,2026-06-03 02:58:00,MOBILE
APP207709,CUS107709,156000,24,DEBT_CONSOLIDATION,2026-05-04 20:16:00,WEB
APP207710,CUS107710,348000,48,TRAVEL,2026-04-22 15:54:00,MOBILE
APP207711,CUS107711,121000,12,MEDICAL,2026-08-06 18:34:00,WEB
APP207712,CUS107712,263000,60,OTHER,2026-12-05 22:04:00,MOBILE
APP207713,CUS107713,725000,36,MEDICAL,2026-09-14 16:39:00,MOBILE
APP207714,CUS107714,214000,36,OTHER,2026-02-28 11:03:00,MOBILE
APP207715,CUS107715,812000,36,TRAVEL,2026-07-24 17:34:00,MOBILE
APP207716,CUS107716,981000,36,HOME_RENOVATION,2026-03-26 01:49:00,MOBILE
APP207717,CUS107717,668000,12,MEDICAL,2026-08-06 15:37:00,MOBILE
APP207718,CUS107718,812000,18,OTHER,2026-02-01 09:59:00,MOBILE
APP207719,CUS107719,403000,48,HOME_RENOVATION,2026-04-19 22:03:00,MOBILE
APP207720,CUS107720,330000,60,TRAVEL,2026-03-14 13:24:00,MOBILE
APP207721,CUS107721,386000,24,TRAVEL,2026-05-06 23:01:00,WEB
APP207722,CUS107722,310000,36,OTHER,2026-12-08 13:28:00,MOBILE
APP207723,CUS107723,269000,60,EDUCATION,2026-08-15 21:43:00,MOBILE
APP207724,CUS107724,557000,12,EDUCATION,2026-10-04 13:39:00,MOBILE
APP207725,CUS107725,287000,36,HOME_RENOVATION,2026-12-10 04:34:00,MOBILE
APP207726,CUS107726,484000,48,DEBT_CONSOLIDATION,2026-11-08 01:30:00,MOBILE
APP207727,CUS107727,388000,48,MEDICAL,2026-11-15 01:59:00,MOBILE
APP207728,CUS107728,587000,36,OTHER,2026-03-31 02:36:00,MOBILE
APP207729,CUS107729,262000,48,TRAVEL,2026-12-14 18:20:00,MOBILE
APP207730,CUS107730,290000,12,OTHER,2026-11-22 03:25:00,MOBILE
APP207731,CUS107731,673000,24,OTHER,2026-08-11 12:42:00,WEB
APP207732,CUS107732,130000,24,MEDICAL,2026-08-17 23:30:00,MOBILE
APP207733,CUS107733,625000,36,MEDICAL,2026-05-28 19:36:00,WEB
APP207734,CUS107734,348000,36,EDUCATION,2026-06-13 06:21:00,MOBILE
APP207735,CUS107735,713000,24,OTHER,2026-01-31 00:45:00,MOBILE
APP207736,CUS107736,869000,60,TRAVEL,2026-04-13 14:02:00,MOBILE
APP207737,CUS107737,252000,18,TRAVEL,2026-07-02 12:33:00,MOBILE
APP207738,CUS107738,296000,48,MEDICAL,2026-09-23 15:50:00,WEB
APP207739,CUS107739,531000,48,TRAVEL,2026-04-13 10:36:00,MOBILE
APP207740,CUS107740,699000,36,DEBT_CONSOLIDATION,2026-05-30 17:12:00,MOBILE
APP207741,CUS107741,262000,36,DEBT_CONSOLIDATION,2026-04-17 12:26:00,WEB
APP207742,CUS107742,215000,60,TRAVEL,2026-03-17 18:30:00,MOBILE
APP207743,CUS107743,312000,24,EDUCATION,2026-02-05 06:41:00,MOBILE
APP207744,CUS107744,239000,18,MEDICAL,2026-11-21 17:19:00,MOBILE
APP207745,CUS107745,227000,12,HOME_RENOVATION,2026-10-08 03:14:00,MOBILE
APP207746,CUS107746,569000,48,EDUCATION,2026-06-22 13:07:00,MOBILE
APP207747,CUS107747,329000,24,DEBT_CONSOLIDATION,2026-03-10 12:11:00,MOBILE
APP207748,CUS107748,432000,36,TRAVEL,2026-09-04 17:31:00,MOBILE
APP207749,CUS107749,285000,24,DEBT_CONSOLIDATION,2026-05-18 16:42:00,WEB
APP207750,CUS107750,566000,60,TRAVEL,2026-10-10 11:44:00,MOBILE
APP207751,CUS107751,1472000,48,DEBT_CONSOLIDATION,2026-07-06 01:03:00,MOBILE
APP207752,CUS107752,394000,36,OTHER,2026-12-05 03:18:00,WEB
APP207753,CUS107753,235000,60,EDUCATION,2026-03-13 21:29:00,WEB
APP207754,CUS107754,394000,24,OTHER,2026-02-01 07:11:00,MOBILE
APP207755,CUS107755,535000,24,HOME_RENOVATION,2026-05-06 14:43:00,MOBILE
APP207756,CUS107756,897000,48,TRAVEL,2026-06-10 20:38:00,MOBILE
APP207757,CUS107757,223000,24,DEBT_CONSOLIDATION,2026-10-01 10:09:00,WEB
APP207758,CUS107758,248000,36,DEBT_CONSOLIDATION,2026-05-11 13:36:00,WEB
APP207759,CUS107759,504000,36,OTHER,2026-01-24 01:39:00,WEB
APP207760,CUS107760,477000,36,OTHER,2026-01-27 10:04:00,MOBILE
APP207761,CUS107761,826000,36,OTHER,2026-08-25 04:48:00,MOBILE
APP207762,CUS107762,317000,12,HOME_RENOVATION,2026-05-11 20:51:00,WEB
APP207763,CUS107763,291000,36,DEBT_CONSOLIDATION,2026-10-06 21:00:00,WEB
APP207764,CUS107764,322000,48,TRAVEL,2026-01-01 05:16:00,MOBILE
APP207765,CUS107765,262000,36,MEDICAL,2026-09-28 03:04:00,WEB
APP207766,CUS107766,218000,36,DEBT_CONSOLIDATION,2026-02-12 04:19:00,MOBILE
APP207767,CUS107767,756000,36,EDUCATION,2026-05-22 01:03:00,WEB
APP207768,CUS107768,510000,36,OTHER,2026-04-28 22:14:00,MOBILE
APP207769,CUS107769,366000,24,OTHER,2026-08-11 18:13:00,WEB
APP207770,CUS107770,774000,36,OTHER,2026-11-17 10:24:00,WEB
APP207771,CUS107771,548000,24,EDUCATION,2026-06-05 14:46:00,MOBILE
APP207772,CUS107772,345000,36,OTHER,2026-09-09 16:35:00,WEB
APP207773,CUS107773,519000,36,TRAVEL,2026-04-09 10:49:00,MOBILE
APP207774,CUS107774,1140000,24,EDUCATION,2026-03-23 23:20:00,MOBILE
APP207775,CUS107775,448000,36,EDUCATION,2026-04-10 16:37:00,MOBILE
APP207776,CUS107776,285000,24,HOME_RENOVATION,2026-08-25 13:18:00,MOBILE
APP207777,CUS107777,368000,60,MEDICAL,2026-06-26 12:10:00,MOBILE
APP207778,CUS107778,255000,60,TRAVEL,2026-07-06 06:38:00,MOBILE
APP207779,CUS107779,272000,60,HOME_RENOVATION,2026-07-23 06:11:00,WEB
APP207780,CUS107780,340000,36,DEBT_CONSOLIDATION,2026-08-20 04:38:00,MOBILE
APP207781,CUS107781,481000,18,OTHER,2026-08-02 16:23:00,MOBILE
APP207782,CUS107782,490000,60,DEBT_CONSOLIDATION,2026-11-15 20:53:00,MOBILE
APP207783,CUS107783,631000,24,HOME_RENOVATION,2026-08-03 21:49:00,MOBILE
APP207784,CUS107784,782000,36,OTHER,2026-05-20 13:09:00,WEB
APP207785,CUS107785,195000,12,MEDICAL,2026-11-07 19:04:00,MOBILE
APP207786,CUS107786,645000,48,DEBT_CONSOLIDATION,2026-09-04 23:33:00,MOBILE
APP207787,CUS107787,355000,36,MEDICAL,2026-07-09 07:28:00,MOBILE
APP207788,CUS107788,296000,24,HOME_RENOVATION,2026-10-08 19:10:00,WEB
APP207789,CUS107789,1129000,18,HOME_RENOVATION,2026-12-08 09:18:00,WEB
APP207790,CUS107790,240000,48,EDUCATION,2026-02-18 04:21:00,WEB
APP207791,CUS107791,1269000,12,MEDICAL,2026-07-06 06:31:00,MOBILE
APP207792,CUS107792,190000,36,EDUCATION,2026-10-16 23:36:00,MOBILE
APP207793,CUS107793,578000,60,EDUCATION,2026-01-27 22:50:00,MOBILE
APP207794,CUS107794,304000,36,EDUCATION,2026-07-21 19:31:00,WEB
APP207795,CUS107795,262000,24,HOME_RENOVATION,2026-09-14 22:47:00,MOBILE
APP207796,CUS107796,434000,12,DEBT_CONSOLIDATION,2026-03-24 18:47:00,MOBILE
APP207797,CUS107797,790000,24,DEBT_CONSOLIDATION,2026-11-18 14:49:00,WEB
APP207798,CUS107798,361000,36,HOME_RENOVATION,2026-05-13 18:23:00,MOBILE
APP207799,CUS107799,418000,48,MEDICAL,2026-10-02 08:16:00,MOBILE
APP207800,CUS107800,438000,36,TRAVEL,2026-06-24 03:41:00,MOBILE
APP207801,CUS107801,419000,36,HOME_RENOVATION,2026-12-22 10:25:00,WEB
APP207802,CUS107802,687000,36,OTHER,2026-02-21 22:19:00,MOBILE
APP207803,CUS107803,286000,48,HOME_RENOVATION,2026-05-23 11:31:00,MOBILE
APP207804,CUS107804,267000,48,EDUCATION,2026-11-13 10:55:00,WEB
APP207805,CUS107805,297000,24,DEBT_CONSOLIDATION,2026-04-19 03:04:00,MOBILE
APP207806,CUS107806,465000,36,OTHER,2026-07-17 08:08:00,MOBILE
APP207807,CUS107807,515000,24,MEDICAL,2026-05-02 23:09:00,MOBILE
APP207808,CUS107808,499000,36,HOME_RENOVATION,2026-11-15 05:32:00,MOBILE
APP207809,CUS107809,309000,60,EDUCATION,2026-09-01 09:16:00,MOBILE
APP207810,CUS107810,678000,36,MEDICAL,2026-03-23 18:48:00,MOBILE
APP207811,CUS107811,544000,18,EDUCATION,2026-04-26 16:06:00,WEB
APP207812,CUS107812,1057000,36,DEBT_CONSOLIDATION,2026-12-24 02:19:00,MOBILE
APP207813,CUS107813,837000,48,OTHER,2026-10-02 21:31:00,MOBILE
APP207814,CUS107814,490000,36,DEBT_CONSOLIDATION,2026-03-02 13:52:00,MOBILE
APP207815,CUS107815,660000,12,EDUCATION,2026-06-25 15:57:00,MOBILE
APP207816,CUS107816,516000,12,OTHER,2026-09-21 19:24:00,MOBILE
APP207817,CUS107817,200000,12,DEBT_CONSOLIDATION,2026-02-24 06:27:00,MOBILE
APP207818,CUS107818,774000,48,TRAVEL,2026-09-01 01:03:00,WEB
APP207819,CUS107819,525000,48,EDUCATION,2026-09-12 18:55:00,WEB
APP207820,CUS107820,361000,24,DEBT_CONSOLIDATION,2026-02-08 11:38:00,WEB
APP207821,CUS107821,242000,48,MEDICAL,2026-08-23 22:37:00,MOBILE
APP207822,CUS107822,241000,24,EDUCATION,2026-06-03 23:41:00,MOBILE
APP207823,CUS107823,806000,60,HOME_RENOVATION,2026-05-06 17:01:00,MOBILE
APP207824,CUS107824,537000,36,HOME_RENOVATION,2026-06-10 18:17:00,WEB
APP207825,CUS107825,432000,12,HOME_RENOVATION,2026-07-24 22:32:00,MOBILE
APP207826,CUS107826,288000,60,MEDICAL,2026-08-17 19:18:00,WEB
APP207827,CUS107827,549000,60,EDUCATION,2026-01-30 23:46:00,WEB
APP207828,CUS107828,275000,60,DEBT_CONSOLIDATION,2026-11-30 01:23:00,WEB
APP207829,CUS107829,163000,18,HOME_RENOVATION,2026-09-20 23:53:00,WEB
APP207830,CUS107830,708000,12,HOME_RENOVATION,2026-05-12 11:40:00,MOBILE
APP207831,CUS107831,260000,36,MEDICAL,2026-01-10 08:01:00,MOBILE
APP207832,CUS107832,346000,24,EDUCATION,2026-07-15 06:55:00,WEB
APP207833,CUS107833,226000,36,EDUCATION,2026-04-30 04:08:00,WEB
APP207834,CUS107834,240000,48,DEBT_CONSOLIDATION,2026-05-18 03:20:00,WEB
APP207835,CUS107835,383000,12,EDUCATION,2026-06-11 05:12:00,MOBILE
APP207836,CUS107836,297000,12,TRAVEL,2026-12-17 11:30:00,MOBILE
APP207837,CUS107837,151000,36,DEBT_CONSOLIDATION,2026-03-27 20:51:00,WEB
APP207838,CUS107838,892000,24,MEDICAL,2026-03-31 05:16:00,WEB
APP207839,CUS107839,780000,48,OTHER,2026-09-16 10:02:00,MOBILE
APP207840,CUS107840,351000,36,OTHER,2026-12-19 15:04:00,WEB
APP207841,CUS107841,576000,12,EDUCATION,2026-01-16 09:01:00,MOBILE
APP207842,CUS107842,588000,24,OTHER,2026-12-18 08:47:00,MOBILE
APP207843,CUS107843,205000,36,DEBT_CONSOLIDATION,2026-06-05 19:12:00,MOBILE
APP207844,CUS107844,505000,48,EDUCATION,2026-02-11 00:00:00,MOBILE
APP207845,CUS107845,597000,48,TRAVEL,2026-01-22 22:51:00,MOBILE
APP207846,CUS107846,405000,36,MEDICAL,2026-01-27 18:21:00,WEB
APP207847,CUS107847,675000,24,OTHER,2026-03-26 15:36:00,WEB
APP207848,CUS107848,654000,24,EDUCATION,2026-05-29 07:47:00,MOBILE
APP207849,CUS107849,377000,36,EDUCATION,2026-05-25 06:36:00,WEB
APP207850,CUS107850,446000,36,HOME_RENOVATION,2026-08-01 21:05:00,MOBILE
APP207851,CUS107851,353000,36,TRAVEL,2026-09-03 06:51:00,MOBILE
APP207852,CUS107852,821000,18,MEDICAL,2026-04-21 09:35:00,MOBILE
APP207853,CUS107853,546000,18,OTHER,2026-02-22 05:22:00,WEB
APP207854,CUS107854,431000,48,HOME_RENOVATION,2026-11-26 01:43:00,MOBILE
APP207855,CUS107855,452000,48,EDUCATION,2026-05-04 05:02:00,WEB
APP207856,CUS107856,227000,48,EDUCATION,2026-01-19 19:26:00,MOBILE
APP207857,CUS107857,357000,48,TRAVEL,2026-07-30 23:20:00,MOBILE
APP207858,CUS107858,201000,48,OTHER,2026-05-09 20:25:00,WEB
APP207859,CUS107859,278000,36,HOME_RENOVATION,2026-07-01 19:16:00,MOBILE
APP207860,CUS107860,281000,36,EDUCATION,2026-02-03 06:54:00,WEB
APP207861,CUS107861,510000,24,TRAVEL,2026-04-19 20:32:00,MOBILE
APP207862,CUS107862,585000,36,OTHER,2026-05-27 09:13:00,WEB
APP207863,CUS107863,284000,12,MEDICAL,2026-12-09 00:11:00,MOBILE
APP207864,CUS107864,362000,24,HOME_RENOVATION,2026-03-04 09:53:00,WEB
APP207865,CUS107865,207000,60,DEBT_CONSOLIDATION,2026-11-19 11:40:00,WEB
APP207866,CUS107866,522000,36,TRAVEL,2026-08-26 20:00:00,MOBILE
APP207867,CUS107867,422000,48,DEBT_CONSOLIDATION,2026-05-05 05:51:00,MOBILE
APP207868,CUS107868,240000,36,HOME_RENOVATION,2026-01-16 14:55:00,MOBILE
APP207869,CUS107869,468000,12,MEDICAL,2026-07-17 03:50:00,WEB
APP207870,CUS107870,242000,48,EDUCATION,2026-11-18 11:59:00,WEB
APP207871,CUS107871,386000,36,DEBT_CONSOLIDATION,2026-10-09 16:32:00,MOBILE
APP207872,CUS107872,344000,36,OTHER,2026-07-24 10:39:00,MOBILE
APP207873,CUS107873,377000,18,MEDICAL,2026-10-11 15:35:00,MOBILE
APP207874,CUS107874,192000,60,OTHER,2026-03-16 10:46:00,MOBILE
APP207875,CUS107875,419000,48,OTHER,2026-03-30 03:51:00,WEB
APP207876,CUS107876,859000,36,OTHER,2026-06-24 12:35:00,MOBILE
APP207877,CUS107877,259000,60,EDUCATION,2026-05-28 06:04:00,MOBILE
APP207878,CUS107878,1117000,48,HOME_RENOVATION,2026-03-13 08:03:00,MOBILE
APP207879,CUS107879,365000,36,OTHER,2026-11-17 22:06:00,MOBILE
APP207880,CUS107880,328000,12,HOME_RENOVATION,2026-08-10 21:05:00,MOBILE
APP207881,CUS107881,929000,36,HOME_RENOVATION,2026-04-09 13:51:00,MOBILE
APP207882,CUS107882,592000,36,DEBT_CONSOLIDATION,2026-06-04 23:48:00,MOBILE
APP207883,CUS107883,312000,18,HOME_RENOVATION,2026-01-06 22:03:00,WEB
APP207884,CUS107884,298000,36,MEDICAL,2026-01-22 06:21:00,MOBILE
APP207885,CUS107885,1446000,36,DEBT_CONSOLIDATION,2026-01-17 00:30:00,MOBILE
APP207886,CUS107886,501000,36,DEBT_CONSOLIDATION,2026-07-29 07:16:00,WEB
APP207887,CUS107887,554000,48,DEBT_CONSOLIDATION,2026-04-04 20:19:00,WEB
APP207888,CUS107888,340000,36,HOME_RENOVATION,2026-11-24 12:17:00,MOBILE
APP207889,CUS107889,753000,48,HOME_RENOVATION,2026-05-13 07:25:00,WEB
APP207890,CUS107890,547000,24,DEBT_CONSOLIDATION,2026-01-21 23:22:00,WEB
APP207891,CUS107891,278000,24,DEBT_CONSOLIDATION,2026-12-19 05:31:00,MOBILE
APP207892,CUS107892,420000,24,EDUCATION,2026-04-01 05:16:00,WEB
APP207893,CUS107893,357000,36,OTHER,2026-07-18 09:53:00,WEB
APP207894,CUS107894,819000,48,EDUCATION,2026-11-08 19:44:00,MOBILE
APP207895,CUS107895,436000,36,HOME_RENOVATION,2026-12-22 18:57:00,WEB
APP207896,CUS107896,1738000,36,OTHER,2026-10-16 15:24:00,MOBILE
APP207897,CUS107897,755000,36,HOME_RENOVATION,2026-03-13 08:04:00,WEB
APP207898,CUS107898,298000,36,OTHER,2026-08-06 09:00:00,MOBILE
APP207899,CUS107899,444000,24,MEDICAL,2026-10-31 19:29:00,MOBILE
APP207900,CUS107900,272000,36,DEBT_CONSOLIDATION,2026-03-14 15:04:00,MOBILE
APP207901,CUS107901,198000,24,EDUCATION,2026-05-02 08:04:00,MOBILE
APP207902,CUS107902,352000,12,EDUCATION,2026-11-04 15:21:00,MOBILE
APP207903,CUS107903,158000,48,MEDICAL,2026-02-07 23:29:00,MOBILE
APP207904,CUS107904,931000,36,TRAVEL,2026-12-21 18:17:00,MOBILE
APP207905,CUS107905,416000,36,TRAVEL,2026-03-28 14:19:00,WEB
APP207906,CUS107906,927000,36,OTHER,2026-09-28 14:46:00,MOBILE
APP207907,CUS107907,689000,24,EDUCATION,2026-08-15 18:59:00,WEB
APP207908,CUS107908,452000,60,OTHER,2026-03-30 01:54:00,WEB
APP207909,CUS107909,140000,60,HOME_RENOVATION,2026-11-25 14:02:00,MOBILE
APP207910,CUS107910,340000,48,MEDICAL,2026-05-16 20:35:00,WEB
APP207911,CUS107911,359000,48,DEBT_CONSOLIDATION,2026-12-03 23:34:00,MOBILE
APP207912,CUS107912,984000,48,DEBT_CONSOLIDATION,2026-07-27 11:01:00,MOBILE
APP207913,CUS107913,554000,24,OTHER,2026-11-13 23:43:00,MOBILE
APP207914,CUS107914,1272000,36,DEBT_CONSOLIDATION,2026-07-14 20:29:00,WEB
APP207915,CUS107915,510000,36,TRAVEL,2026-01-05 09:47:00,WEB
APP207916,CUS107916,727000,60,OTHER,2026-07-17 21:40:00,WEB
APP207917,CUS107917,430000,24,OTHER,2026-07-15 14:39:00,WEB
APP207918,CUS107918,410000,36,DEBT_CONSOLIDATION,2026-05-01 09:49:00,MOBILE
APP207919,CUS107919,557000,24,MEDICAL,2026-09-26 16:41:00,MOBILE
APP207920,CUS107920,369000,12,MEDICAL,2026-01-13 21:52:00,WEB
APP207921,CUS107921,280000,24,DEBT_CONSOLIDATION,2026-01-19 09:18:00,WEB
APP207922,CUS107922,323000,18,OTHER,2026-12-02 14:42:00,WEB
APP207923,CUS107923,910000,18,OTHER,2026-03-27 08:33:00,MOBILE
APP207924,CUS107924,402000,48,TRAVEL,2026-07-03 15:26:00,MOBILE
APP207925,CUS107925,415000,36,DEBT_CONSOLIDATION,2026-01-22 22:16:00,MOBILE
APP207926,CUS107926,785000,48,MEDICAL,2026-04-10 21:25:00,MOBILE
APP207927,CUS107927,789000,24,OTHER,2026-05-05 19:47:00,MOBILE
APP207928,CUS107928,591000,36,MEDICAL,2026-08-19 07:14:00,WEB
APP207929,CUS107929,686000,36,EDUCATION,2026-07-01 22:05:00,WEB
APP207930,CUS107930,497000,36,DEBT_CONSOLIDATION,2026-12-10 17:09:00,WEB
APP207931,CUS107931,324000,36,EDUCATION,2026-03-30 04:25:00,WEB
APP207932,CUS107932,427000,18,MEDICAL,2026-03-21 04:02:00,WEB
APP207933,CUS107933,215000,60,OTHER,2026-11-29 20:14:00,MOBILE
APP207934,CUS107934,670000,12,MEDICAL,2026-11-26 16:39:00,MOBILE
APP207935,CUS107935,690000,36,OTHER,2026-10-18 01:02:00,MOBILE
APP207936,CUS107936,452000,36,EDUCATION,2026-08-16 16:11:00,MOBILE
APP207937,CUS107937,340000,48,HOME_RENOVATION,2026-05-24 08:59:00,WEB
APP207938,CUS107938,701000,60,EDUCATION,2026-04-30 20:48:00,WEB
APP207939,CUS107939,341000,36,EDUCATION,2026-08-09 19:39:00,MOBILE
APP207940,CUS107940,747000,60,EDUCATION,2026-08-11 05:52:00,MOBILE
APP207941,CUS107941,256000,36,HOME_RENOVATION,2026-12-08 04:03:00,MOBILE
APP207942,CUS107942,252000,36,DEBT_CONSOLIDATION,2026-04-11 05:18:00,WEB
APP207943,CUS107943,196000,36,DEBT_CONSOLIDATION,2026-10-12 05:39:00,MOBILE
APP207944,CUS107944,273000,36,MEDICAL,2026-01-28 01:42:00,WEB
APP207945,CUS107945,721000,36,HOME_RENOVATION,2026-09-09 12:06:00,WEB
APP207946,CUS107946,313000,60,HOME_RENOVATION,2026-08-24 03:56:00,WEB
APP207947,CUS107947,184000,36,EDUCATION,2026-11-23 08:36:00,MOBILE
APP207948,CUS107948,723000,24,DEBT_CONSOLIDATION,2026-05-28 23:42:00,WEB
APP207949,CUS107949,319000,36,MEDICAL,2026-11-25 08:49:00,MOBILE
APP207950,CUS107950,241000,36,EDUCATION,2026-09-09 03:04:00,MOBILE
APP207951,CUS107951,230000,18,MEDICAL,2026-05-12 09:00:00,MOBILE
APP207952,CUS107952,476000,24,TRAVEL,2026-03-11 18:16:00,MOBILE
APP207953,CUS107953,604000,48,MEDICAL,2026-09-17 15:56:00,WEB
APP207954,CUS107954,212000,36,EDUCATION,2026-05-22 05:25:00,WEB
APP207955,CUS107955,505000,12,TRAVEL,2026-11-27 14:26:00,WEB
APP207956,CUS107956,548000,60,OTHER,2026-12-01 09:44:00,WEB
APP207957,CUS107957,422000,24,MEDICAL,2026-10-25 17:55:00,MOBILE
APP207958,CUS107958,260000,36,HOME_RENOVATION,2026-04-13 19:16:00,WEB
APP207959,CUS107959,100000,48,EDUCATION,2026-06-16 15:36:00,WEB
APP207960,CUS107960,289000,60,OTHER,2026-11-09 17:14:00,MOBILE
APP207961,CUS107961,379000,48,EDUCATION,2026-02-04 04:41:00,MOBILE
APP207962,CUS107962,276000,48,MEDICAL,2026-02-03 11:03:00,MOBILE
APP207963,CUS107963,428000,36,DEBT_CONSOLIDATION,2026-02-28 01:45:00,MOBILE
APP207964,CUS107964,312000,48,EDUCATION,2026-09-29 17:48:00,MOBILE
APP207965,CUS107965,1373000,36,HOME_RENOVATION,2026-09-24 18:55:00,WEB
APP207966,CUS107966,483000,24,TRAVEL,2026-01-05 18:21:00,WEB
APP207967,CUS107967,100000,48,DEBT_CONSOLIDATION,2026-08-02 02:00:00,WEB
APP207968,CUS107968,214000,36,EDUCATION,2026-03-20 03:22:00,MOBILE
APP207969,CUS107969,392000,36,MEDICAL,2026-05-01 23:21:00,MOBILE
APP207970,CUS107970,411000,60,EDUCATION,2026-12-30 17:26:00,MOBILE
APP207971,CUS107971,314000,12,DEBT_CONSOLIDATION,2026-05-31 11:38:00,MOBILE
APP207972,CUS107972,253000,48,HOME_RENOVATION,2026-05-07 13:21:00,MOBILE
APP207973,CUS107973,572000,60,TRAVEL,2026-10-11 21:28:00,MOBILE
APP207974,CUS107974,282000,36,EDUCATION,2026-08-23 07:34:00,MOBILE
APP207975,CUS107975,713000,18,EDUCATION,2026-11-01 16:27:00,WEB
APP207976,CUS107976,561000,60,DEBT_CONSOLIDATION,2026-04-14 09:15:00,MOBILE
APP207977,CUS107977,354000,36,OTHER,2026-02-21 17:10:00,MOBILE
APP207978,CUS107978,475000,36,TRAVEL,2026-04-07 16:24:00,MOBILE
APP207979,CUS107979,685000,12,TRAVEL,2026-05-21 19:07:00,MOBILE
APP207980,CUS107980,270000,24,OTHER,2026-03-31 21:56:00,MOBILE
APP207981,CUS107981,518000,48,EDUCATION,2026-08-24 06:41:00,MOBILE
APP207982,CUS107982,513000,24,DEBT_CONSOLIDATION,2026-05-04 12:53:00,MOBILE
APP207983,CUS107983,585000,36,HOME_RENOVATION,2026-12-14 02:00:00,WEB
APP207984,CUS107984,671000,24,TRAVEL,2026-07-16 04:21:00,MOBILE
APP207985,CUS107985,751000,24,DEBT_CONSOLIDATION,2026-03-26 09:08:00,MOBILE
APP207986,CUS107986,344000,36,TRAVEL,2026-09-05 09:53:00,MOBILE
APP207987,CUS107987,364000,48,DEBT_CONSOLIDATION,2026-06-03 20:44:00,MOBILE
APP207988,CUS107988,171000,24,TRAVEL,2026-01-03 08:50:00,MOBILE
APP207989,CUS107989,361000,36,HOME_RENOVATION,2026-07-03 07:59:00,WEB
APP207990,CUS107990,193000,48,MEDICAL,2026-05-18 19:44:00,MOBILE
APP207991,CUS107991,339000,36,DEBT_CONSOLIDATION,2026-07-10 03:33:00,MOBILE
APP207992,CUS107992,1206000,24,MEDICAL,2026-05-13 05:08:00,WEB
APP207993,CUS107993,245000,36,EDUCATION,2026-02-17 13:54:00,MOBILE
APP207994,CUS107994,1033000,48,HOME_RENOVATION,2026-09-07 12:07:00,WEB
APP207995,CUS107995,584000,24,EDUCATION,2026-06-11 08:12:00,WEB
APP207996,CUS107996,375000,36,HOME_RENOVATION,2026-01-30 09:43:00,MOBILE
APP207997,CUS107997,465000,24,MEDICAL,2026-12-20 08:03:00,MOBILE
APP207998,CUS107998,472000,24,EDUCATION,2026-09-14 11:36:00,WEB
APP207999,CUS107999,321000,36,EDUCATION,2026-03-06 10:07:00,WEB
APP208000,CUS108000,222000,48,MEDICAL,2026-10-26 16:42:00,MOBILE
APP208001,CUS108001,680000,48,OTHER,2026-04-25 17:52:00,MOBILE
APP208002,CUS108002,379000,36,DEBT_CONSOLIDATION,2026-08-03 18:47:00,WEB
APP208003,CUS108003,571000,36,EDUCATION,2026-02-20 11:42:00,MOBILE
APP208004,CUS108004,1078000,48,TRAVEL,2026-03-22 15:13:00,WEB
APP208005,CUS108005,359000,18,HOME_RENOVATION,2026-12-04 01:51:00,MOBILE
APP208006,CUS108006,988000,48,OTHER,2026-12-09 01:50:00,MOBILE
APP208007,CUS108007,1189000,18,EDUCATION,2026-08-28 09:16:00,WEB
APP208008,CUS108008,474000,36,MEDICAL,2026-02-08 21:01:00,MOBILE
APP208009,CUS108009,221000,48,OTHER,2026-11-21 06:23:00,MOBILE
APP208010,CUS108010,541000,36,EDUCATION,2026-05-17 04:46:00,WEB
APP208011,CUS108011,189000,36,EDUCATION,2026-07-29 23:58:00,WEB
APP208012,CUS108012,171000,36,EDUCATION,2026-08-09 06:29:00,WEB
APP208013,CUS108013,1032000,18,DEBT_CONSOLIDATION,2026-03-08 12:53:00,MOBILE
APP208014,CUS108014,787000,60,TRAVEL,2026-04-08 04:40:00,MOBILE
APP208015,CUS108015,683000,36,OTHER,2026-07-17 13:44:00,MOBILE
APP208016,CUS108016,318000,36,OTHER,2026-01-11 10:48:00,MOBILE
APP208017,CUS108017,335000,48,HOME_RENOVATION,2026-04-14 09:26:00,WEB
APP208018,CUS108018,411000,60,TRAVEL,2026-04-18 09:57:00,MOBILE
APP208019,CUS108019,425000,36,TRAVEL,2026-06-14 06:51:00,MOBILE
APP208020,CUS108020,225000,48,HOME_RENOVATION,2026-12-20 21:43:00,MOBILE
APP208021,CUS108021,351000,36,TRAVEL,2026-11-14 06:06:00,MOBILE
APP208022,CUS108022,166000,36,MEDICAL,2026-03-13 14:55:00,MOBILE
APP208023,CUS108023,489000,12,DEBT_CONSOLIDATION,2026-09-14 12:26:00,MOBILE
APP208024,CUS108024,184000,36,TRAVEL,2026-04-16 10:11:00,WEB
APP208025,CUS108025,1056000,36,HOME_RENOVATION,2026-11-22 20:59:00,MOBILE
APP208026,CUS108026,370000,60,OTHER,2026-05-03 11:35:00,MOBILE
APP208027,CUS108027,247000,60,OTHER,2026-10-20 04:30:00,WEB
APP208028,CUS108028,556000,24,OTHER,2026-08-14 05:54:00,WEB
APP208029,CUS108029,339000,48,HOME_RENOVATION,2026-10-14 23:32:00,WEB
APP208030,CUS108030,427000,36,TRAVEL,2026-06-03 00:46:00,WEB
APP208031,CUS108031,627000,48,HOME_RENOVATION,2026-02-14 23:01:00,MOBILE
APP208032,CUS108032,151000,36,MEDICAL,2026-08-20 04:05:00,MOBILE
APP208033,CUS108033,999000,48,DEBT_CONSOLIDATION,2026-03-11 10:23:00,MOBILE
APP208034,CUS108034,1041000,24,OTHER,2026-09-18 04:45:00,MOBILE
APP208035,CUS108035,197000,60,MEDICAL,2026-07-06 18:50:00,MOBILE
APP208036,CUS108036,272000,36,OTHER,2026-01-08 23:04:00,MOBILE
APP208037,CUS108037,463000,18,HOME_RENOVATION,2026-03-08 17:04:00,MOBILE
APP208038,CUS108038,432000,12,OTHER,2026-07-13 08:22:00,WEB
APP208039,CUS108039,511000,36,HOME_RENOVATION,2026-03-02 23:27:00,WEB
APP208040,CUS108040,192000,36,EDUCATION,2026-01-05 22:17:00,MOBILE
APP208041,CUS108041,355000,36,MEDICAL,2026-10-18 08:32:00,MOBILE
APP208042,CUS108042,638000,36,TRAVEL,2026-07-19 21:13:00,MOBILE
APP208043,CUS108043,141000,36,TRAVEL,2026-10-03 07:19:00,MOBILE
APP208044,CUS108044,898000,36,MEDICAL,2026-09-10 18:06:00,WEB
APP208045,CUS108045,301000,36,HOME_RENOVATION,2026-04-28 21:21:00,MOBILE
APP208046,CUS108046,331000,60,MEDICAL,2026-01-30 05:10:00,WEB
APP208047,CUS108047,369000,48,TRAVEL,2026-04-18 16:10:00,MOBILE
APP208048,CUS108048,527000,36,DEBT_CONSOLIDATION,2026-08-30 12:19:00,MOBILE
APP208049,CUS108049,366000,36,OTHER,2026-12-30 12:41:00,WEB
APP208050,CUS108050,390000,36,OTHER,2026-11-12 19:28:00,MOBILE
APP208051,CUS108051,345000,12,HOME_RENOVATION,2026-02-16 11:17:00,MOBILE
APP208052,CUS108052,237000,36,HOME_RENOVATION,2026-09-16 12:55:00,MOBILE
APP208053,CUS108053,386000,36,MEDICAL,2026-02-23 16:11:00,MOBILE
APP208054,CUS108054,363000,12,OTHER,2026-03-07 10:11:00,MOBILE
APP208055,CUS108055,499000,24,OTHER,2026-10-29 23:46:00,WEB
APP208056,CUS108056,246000,24,DEBT_CONSOLIDATION,2026-11-19 15:38:00,WEB
APP208057,CUS108057,175000,48,HOME_RENOVATION,2026-06-17 19:32:00,WEB
APP208058,CUS108058,388000,60,MEDICAL,2026-10-28 05:25:00,WEB
APP208059,CUS108059,386000,48,MEDICAL,2026-01-19 07:07:00,MOBILE
APP208060,CUS108060,232000,12,EDUCATION,2026-12-26 23:18:00,MOBILE
APP208061,CUS108061,749000,60,HOME_RENOVATION,2026-06-21 15:47:00,WEB
APP208062,CUS108062,327000,36,OTHER,2026-09-03 23:46:00,MOBILE
APP208063,CUS108063,785000,24,HOME_RENOVATION,2026-09-09 23:15:00,WEB
APP208064,CUS108064,501000,36,TRAVEL,2026-11-15 09:37:00,MOBILE
APP208065,CUS108065,270000,48,TRAVEL,2026-10-03 08:34:00,MOBILE
APP208066,CUS108066,425000,36,HOME_RENOVATION,2026-01-12 21:58:00,MOBILE
APP208067,CUS108067,300000,36,EDUCATION,2026-12-04 20:35:00,WEB
APP208068,CUS108068,329000,36,HOME_RENOVATION,2026-03-30 12:43:00,WEB
APP208069,CUS108069,784000,48,EDUCATION,2026-02-26 05:19:00,MOBILE
APP208070,CUS108070,510000,60,HOME_RENOVATION,2026-09-18 21:35:00,MOBILE
APP208071,CUS108071,266000,36,HOME_RENOVATION,2026-02-13 18:56:00,WEB
APP208072,CUS108072,583000,48,EDUCATION,2026-05-11 17:25:00,MOBILE
APP208073,CUS108073,801000,36,OTHER,2026-12-31 02:42:00,MOBILE
APP208074,CUS108074,571000,18,DEBT_CONSOLIDATION,2026-06-07 12:00:00,WEB
APP208075,CUS108075,357000,48,HOME_RENOVATION,2026-04-24 00:00:00,WEB
APP208076,CUS108076,398000,36,MEDICAL,2026-02-28 02:59:00,WEB
APP208077,CUS108077,370000,36,DEBT_CONSOLIDATION,2026-12-30 21:29:00,MOBILE
APP208078,CUS108078,1179000,12,DEBT_CONSOLIDATION,2026-07-31 21:51:00,MOBILE
APP208079,CUS108079,317000,36,OTHER,2026-04-14 20:23:00,MOBILE
APP208080,CUS108080,651000,60,MEDICAL,2026-02-05 05:47:00,MOBILE
APP208081,CUS108081,506000,36,HOME_RENOVATION,2026-11-15 02:02:00,WEB
APP208082,CUS108082,349000,36,MEDICAL,2026-01-08 22:53:00,MOBILE
APP208083,CUS108083,506000,36,MEDICAL,2026-09-06 00:49:00,WEB
APP208084,CUS108084,136000,36,HOME_RENOVATION,2026-07-04 16:30:00,WEB
APP208085,CUS108085,518000,24,OTHER,2026-10-05 19:07:00,WEB
APP208086,CUS108086,311000,48,OTHER,2026-03-24 22:47:00,WEB
APP208087,CUS108087,339000,48,MEDICAL,2026-05-23 11:26:00,WEB
APP208088,CUS108088,480000,36,EDUCATION,2026-05-16 10:50:00,MOBILE
APP208089,CUS108089,308000,48,OTHER,2026-01-31 02:55:00,MOBILE
APP208090,CUS108090,463000,24,HOME_RENOVATION,2026-08-25 15:47:00,MOBILE
APP208091,CUS108091,267000,36,DEBT_CONSOLIDATION,2026-10-15 19:06:00,MOBILE
APP208092,CUS108092,791000,18,DEBT_CONSOLIDATION,2026-07-21 04:43:00,MOBILE
APP208093,CUS108093,435000,24,HOME_RENOVATION,2026-03-26 18:14:00,MOBILE
APP208094,CUS108094,695000,18,HOME_RENOVATION,2026-02-03 22:17:00,MOBILE
APP208095,CUS108095,313000,36,OTHER,2026-12-27 12:33:00,MOBILE
APP208096,CUS108096,431000,36,OTHER,2026-10-12 18:13:00,MOBILE
APP208097,CUS108097,388000,36,EDUCATION,2026-04-30 04:51:00,MOBILE
APP208098,CUS108098,791000,48,TRAVEL,2026-11-10 10:10:00,MOBILE
APP208099,CUS108099,456000,36,EDUCATION,2026-06-19 01:09:00,MOBILE
APP208100,CUS108100,312000,60,OTHER,2026-12-08 06:06:00,MOBILE
APP208101,CUS108101,397000,24,OTHER,2026-12-02 08:46:00,WEB
APP208102,CUS108102,638000,24,TRAVEL,2026-09-12 12:37:00,MOBILE
APP208103,CUS108103,408000,24,EDUCATION,2026-03-22 15:39:00,WEB
APP208104,CUS108104,391000,36,OTHER,2026-12-27 19:39:00,WEB
APP208105,CUS108105,287000,36,EDUCATION,2026-08-22 20:03:00,MOBILE
APP208106,CUS108106,842000,48,OTHER,2026-10-19 04:45:00,MOBILE
APP208107,CUS108107,387000,18,OTHER,2026-07-12 09:27:00,MOBILE
APP208108,CUS108108,261000,18,EDUCATION,2026-11-26 19:37:00,MOBILE
APP208109,CUS108109,262000,48,TRAVEL,2026-02-16 06:51:00,MOBILE
APP208110,CUS108110,620000,24,TRAVEL,2026-08-11 12:15:00,MOBILE
APP208111,CUS108111,398000,18,EDUCATION,2026-06-13 02:02:00,WEB
APP208112,CUS108112,110000,36,DEBT_CONSOLIDATION,2026-11-20 09:47:00,MOBILE
APP208113,CUS108113,265000,60,EDUCATION,2026-08-19 20:07:00,WEB
APP208114,CUS108114,394000,60,TRAVEL,2026-10-03 08:21:00,WEB
APP208115,CUS108115,512000,36,TRAVEL,2026-07-28 22:27:00,MOBILE
APP208116,CUS108116,643000,36,EDUCATION,2026-04-04 22:12:00,MOBILE
APP208117,CUS108117,279000,12,HOME_RENOVATION,2026-04-26 22:51:00,WEB
APP208118,CUS108118,464000,24,EDUCATION,2026-06-06 11:08:00,MOBILE
APP208119,CUS108119,247000,36,TRAVEL,2026-12-05 06:30:00,WEB
APP208120,CUS108120,480000,36,EDUCATION,2026-01-13 20:06:00,WEB
APP208121,CUS108121,228000,48,TRAVEL,2026-03-16 04:35:00,MOBILE
APP208122,CUS108122,203000,24,DEBT_CONSOLIDATION,2026-08-18 17:33:00,MOBILE
APP208123,CUS108123,294000,24,EDUCATION,2026-03-03 00:01:00,WEB
APP208124,CUS108124,928000,36,HOME_RENOVATION,2026-02-03 23:31:00,MOBILE
APP208125,CUS108125,250000,36,EDUCATION,2026-10-20 15:48:00,MOBILE
APP208126,CUS108126,592000,12,MEDICAL,2026-08-27 04:40:00,MOBILE
APP208127,CUS108127,234000,36,DEBT_CONSOLIDATION,2026-11-22 11:41:00,WEB
APP208128,CUS108128,446000,36,MEDICAL,2026-06-04 21:22:00,MOBILE
APP208129,CUS108129,589000,48,EDUCATION,2026-01-17 15:06:00,WEB
APP208130,CUS108130,289000,24,EDUCATION,2026-02-17 14:18:00,MOBILE
APP208131,CUS108131,419000,36,MEDICAL,2026-09-03 02:10:00,MOBILE
APP208132,CUS108132,289000,36,EDUCATION,2026-09-03 05:40:00,MOBILE
APP208133,CUS108133,386000,36,HOME_RENOVATION,2026-03-19 05:33:00,MOBILE
APP208134,CUS108134,546000,36,MEDICAL,2026-02-07 22:54:00,WEB
APP208135,CUS108135,424000,36,HOME_RENOVATION,2026-09-29 09:39:00,MOBILE
APP208136,CUS108136,456000,18,TRAVEL,2026-08-12 09:25:00,MOBILE
APP208137,CUS108137,498000,24,EDUCATION,2026-07-23 02:59:00,MOBILE
APP208138,CUS108138,335000,24,MEDICAL,2026-07-11 00:22:00,MOBILE
APP208139,CUS108139,392000,36,DEBT_CONSOLIDATION,2026-06-10 17:24:00,MOBILE
APP208140,CUS108140,137000,36,DEBT_CONSOLIDATION,2026-07-02 12:33:00,WEB
APP208141,CUS108141,1181000,60,TRAVEL,2026-07-19 18:05:00,MOBILE
APP208142,CUS108142,981000,48,MEDICAL,2026-01-04 10:54:00,WEB
APP208143,CUS108143,596000,48,TRAVEL,2026-03-06 23:59:00,MOBILE
APP208144,CUS108144,553000,36,MEDICAL,2026-01-21 10:41:00,MOBILE
APP208145,CUS108145,497000,36,OTHER,2026-11-18 16:02:00,MOBILE
APP208146,CUS108146,325000,48,OTHER,2026-09-29 06:06:00,WEB
APP208147,CUS108147,624000,48,HOME_RENOVATION,2026-11-16 12:54:00,MOBILE
APP208148,CUS108148,210000,48,MEDICAL,2026-10-13 23:09:00,MOBILE
APP208149,CUS108149,573000,24,DEBT_CONSOLIDATION,2026-07-08 00:09:00,MOBILE
APP208150,CUS108150,803000,24,MEDICAL,2026-09-19 00:37:00,MOBILE
APP208151,CUS108151,560000,60,MEDICAL,2026-10-07 11:55:00,MOBILE
APP208152,CUS108152,135000,36,HOME_RENOVATION,2026-05-15 01:57:00,WEB
APP208153,CUS108153,512000,48,TRAVEL,2026-09-05 01:09:00,WEB
APP208154,CUS108154,284000,60,OTHER,2026-06-03 05:35:00,WEB
APP208155,CUS108155,365000,60,OTHER,2026-10-08 19:11:00,WEB
APP208156,CUS108156,689000,36,HOME_RENOVATION,2026-04-25 16:55:00,MOBILE
APP208157,CUS108157,441000,60,TRAVEL,2026-08-31 16:26:00,WEB
APP208158,CUS108158,442000,48,MEDICAL,2026-07-02 02:12:00,MOBILE
APP208159,CUS108159,487000,48,OTHER,2026-06-06 09:07:00,MOBILE
APP208160,CUS108160,417000,24,OTHER,2026-09-18 22:24:00,MOBILE
APP208161,CUS108161,226000,60,TRAVEL,2026-05-12 20:12:00,MOBILE
APP208162,CUS108162,1093000,48,MEDICAL,2026-03-21 22:25:00,MOBILE
APP208163,CUS108163,472000,48,MEDICAL,2026-12-24 21:17:00,MOBILE
APP208164,CUS108164,704000,36,EDUCATION,2026-02-23 23:03:00,MOBILE
APP208165,CUS108165,383000,36,EDUCATION,2026-06-17 03:17:00,WEB
APP208166,CUS108166,219000,24,DEBT_CONSOLIDATION,2026-04-21 23:52:00,WEB
APP208167,CUS108167,646000,60,MEDICAL,2026-05-22 20:46:00,WEB
APP208168,CUS108168,681000,12,EDUCATION,2026-09-12 09:11:00,WEB
APP208169,CUS108169,418000,36,HOME_RENOVATION,2026-11-30 12:06:00,MOBILE
APP208170,CUS108170,381000,12,MEDICAL,2026-10-07 19:09:00,MOBILE
APP208171,CUS108171,727000,36,DEBT_CONSOLIDATION,2026-05-28 10:08:00,WEB
APP208172,CUS108172,521000,60,HOME_RENOVATION,2026-05-09 15:27:00,WEB
APP208173,CUS108173,373000,36,MEDICAL,2026-06-28 12:59:00,MOBILE
APP208174,CUS108174,196000,36,DEBT_CONSOLIDATION,2026-08-19 17:44:00,MOBILE
APP208175,CUS108175,593000,24,OTHER,2026-08-10 12:04:00,MOBILE
APP208176,CUS108176,239000,48,HOME_RENOVATION,2026-05-09 09:12:00,MOBILE
APP208177,CUS108177,541000,36,EDUCATION,2026-06-04 03:20:00,MOBILE
APP208178,CUS108178,501000,60,OTHER,2026-11-10 05:11:00,WEB
APP208179,CUS108179,1185000,36,HOME_RENOVATION,2026-06-29 23:16:00,MOBILE
APP208180,CUS108180,371000,48,TRAVEL,2026-01-09 19:06:00,MOBILE
APP208181,CUS108181,453000,24,MEDICAL,2026-05-30 00:00:00,MOBILE
APP208182,CUS108182,626000,36,MEDICAL,2026-05-26 03:30:00,MOBILE
APP208183,CUS108183,260000,24,DEBT_CONSOLIDATION,2026-09-05 06:08:00,WEB
APP208184,CUS108184,233000,36,OTHER,2026-08-22 19:59:00,MOBILE
APP208185,CUS108185,341000,24,DEBT_CONSOLIDATION,2026-09-28 06:32:00,WEB
APP208186,CUS108186,728000,36,EDUCATION,2026-12-22 16:20:00,WEB
APP208187,CUS108187,446000,60,EDUCATION,2026-08-18 13:51:00,WEB
APP208188,CUS108188,336000,36,HOME_RENOVATION,2026-03-04 03:42:00,MOBILE
APP208189,CUS108189,274000,36,HOME_RENOVATION,2026-11-03 10:38:00,MOBILE
APP208190,CUS108190,530000,48,TRAVEL,2026-10-30 19:58:00,MOBILE
APP208191,CUS108191,572000,48,MEDICAL,2026-07-31 11:12:00,WEB
APP208192,CUS108192,1087000,36,HOME_RENOVATION,2026-10-06 12:07:00,MOBILE
APP208193,CUS108193,328000,12,TRAVEL,2026-01-20 14:11:00,MOBILE
APP208194,CUS108194,358000,48,HOME_RENOVATION,2026-12-28 02:58:00,MOBILE
APP208195,CUS108195,218000,36,HOME_RENOVATION,2026-08-05 14:25:00,MOBILE
APP208196,CUS108196,624000,48,EDUCATION,2026-12-30 04:46:00,MOBILE
APP208197,CUS108197,728000,36,EDUCATION,2026-12-13 19:32:00,MOBILE
APP208198,CUS108198,1015000,36,DEBT_CONSOLIDATION,2026-01-27 00:45:00,MOBILE
APP208199,CUS108199,145000,12,OTHER,2026-05-15 15:34:00,WEB
APP208200,CUS108200,494000,48,MEDICAL,2026-10-13 11:03:00,MOBILE
APP208201,CUS108201,425000,48,EDUCATION,2026-08-17 00:22:00,WEB
APP208202,CUS108202,328000,36,MEDICAL,2026-03-09 18:48:00,WEB
APP208203,CUS108203,445000,12,DEBT_CONSOLIDATION,2026-04-28 15:09:00,MOBILE
APP208204,CUS108204,269000,36,OTHER,2026-02-11 02:10:00,MOBILE
APP208205,CUS108205,289000,36,TRAVEL,2026-03-12 02:00:00,MOBILE
APP208206,CUS108206,588000,48,DEBT_CONSOLIDATION,2026-11-19 01:38:00,MOBILE
APP208207,CUS108207,388000,36,DEBT_CONSOLIDATION,2026-10-19 17:27:00,WEB
APP208208,CUS108208,589000,60,OTHER,2026-07-16 05:10:00,MOBILE
APP208209,CUS108209,422000,36,TRAVEL,2026-07-17 12:15:00,MOBILE
APP208210,CUS108210,250000,36,MEDICAL,2026-04-26 16:12:00,WEB
APP208211,CUS108211,401000,24,DEBT_CONSOLIDATION,2026-11-02 14:17:00,WEB
APP208212,CUS108212,402000,12,TRAVEL,2026-06-06 11:50:00,MOBILE
APP208213,CUS108213,769000,60,DEBT_CONSOLIDATION,2026-07-01 16:31:00,WEB
APP208214,CUS108214,615000,36,EDUCATION,2026-11-30 21:23:00,WEB
APP208215,CUS108215,252000,24,DEBT_CONSOLIDATION,2026-07-22 03:33:00,MOBILE
APP208216,CUS108216,557000,18,OTHER,2026-03-27 15:25:00,WEB
APP208217,CUS108217,391000,12,DEBT_CONSOLIDATION,2026-01-14 22:07:00,MOBILE
APP208218,CUS108218,326000,36,MEDICAL,2026-01-23 04:17:00,MOBILE
APP208219,CUS108219,812000,36,DEBT_CONSOLIDATION,2026-05-21 09:10:00,MOBILE
APP208220,CUS108220,447000,36,DEBT_CONSOLIDATION,2026-03-03 01:49:00,MOBILE
APP208221,CUS108221,358000,12,MEDICAL,2026-09-19 04:57:00,WEB
APP208222,CUS108222,1014000,60,TRAVEL,2026-06-28 17:10:00,MOBILE
APP208223,CUS108223,381000,36,HOME_RENOVATION,2026-06-26 07:14:00,MOBILE
APP208224,CUS108224,249000,36,MEDICAL,2026-11-25 17:39:00,MOBILE
APP208225,CUS108225,324000,36,DEBT_CONSOLIDATION,2026-06-09 18:11:00,MOBILE
APP208226,CUS108226,187000,36,MEDICAL,2026-03-31 19:50:00,MOBILE
APP208227,CUS108227,502000,36,MEDICAL,2026-07-02 18:41:00,MOBILE
APP208228,CUS108228,423000,36,EDUCATION,2026-03-09 01:42:00,WEB
APP208229,CUS108229,533000,36,HOME_RENOVATION,2026-08-01 13:24:00,WEB
APP208230,CUS108230,482000,48,DEBT_CONSOLIDATION,2026-12-22 21:36:00,MOBILE
APP208231,CUS108231,392000,36,HOME_RENOVATION,2026-05-22 13:10:00,MOBILE
APP208232,CUS108232,597000,48,TRAVEL,2026-06-06 18:31:00,WEB
APP208233,CUS108233,292000,12,HOME_RENOVATION,2026-09-02 11:53:00,MOBILE
APP208234,CUS108234,338000,36,HOME_RENOVATION,2026-07-15 08:34:00,MOBILE
APP208235,CUS108235,322000,48,TRAVEL,2026-12-15 08:54:00,MOBILE
APP208236,CUS108236,418000,12,EDUCATION,2026-01-02 07:41:00,MOBILE
APP208237,CUS108237,715000,36,EDUCATION,2026-02-13 08:19:00,MOBILE
APP208238,CUS108238,612000,36,TRAVEL,2026-05-22 00:00:00,WEB
APP208239,CUS108239,548000,48,TRAVEL,2026-06-24 15:16:00,WEB
APP208240,CUS108240,688000,48,OTHER,2026-09-10 17:51:00,MOBILE
APP208241,CUS108241,387000,36,TRAVEL,2026-09-09 14:17:00,WEB
APP208242,CUS108242,1100000,36,EDUCATION,2026-08-12 17:34:00,MOBILE
APP208243,CUS108243,666000,12,TRAVEL,2026-07-31 15:54:00,WEB
APP208244,CUS108244,273000,24,MEDICAL,2026-03-21 23:08:00,WEB
APP208245,CUS108245,364000,36,DEBT_CONSOLIDATION,2026-03-07 09:05:00,WEB
APP208246,CUS108246,444000,24,TRAVEL,2026-12-11 01:43:00,WEB
APP208247,CUS108247,341000,48,MEDICAL,2026-09-12 16:47:00,MOBILE
APP208248,CUS108248,357000,48,MEDICAL,2026-01-17 04:17:00,WEB
APP208249,CUS108249,503000,12,EDUCATION,2026-02-08 02:59:00,WEB
APP208250,CUS108250,873000,36,EDUCATION,2026-03-22 04:34:00,MOBILE
APP208251,CUS108251,295000,48,EDUCATION,2026-09-07 22:52:00,MOBILE
APP208252,CUS108252,667000,18,DEBT_CONSOLIDATION,2026-03-13 12:23:00,MOBILE
APP208253,CUS108253,394000,24,OTHER,2026-10-25 00:42:00,MOBILE
APP208254,CUS108254,394000,36,HOME_RENOVATION,2026-02-02 12:52:00,MOBILE
APP208255,CUS108255,140000,36,EDUCATION,2026-02-11 17:25:00,MOBILE
APP208256,CUS108256,329000,24,EDUCATION,2026-12-30 04:19:00,MOBILE
APP208257,CUS108257,405000,18,OTHER,2026-03-10 08:23:00,MOBILE
APP208258,CUS108258,1285000,12,DEBT_CONSOLIDATION,2026-10-11 20:52:00,MOBILE
APP208259,CUS108259,784000,48,OTHER,2026-05-06 10:48:00,MOBILE
APP208260,CUS108260,434000,36,HOME_RENOVATION,2026-04-04 16:35:00,MOBILE
APP208261,CUS108261,768000,48,HOME_RENOVATION,2026-03-02 05:20:00,MOBILE
APP208262,CUS108262,337000,36,DEBT_CONSOLIDATION,2026-12-24 04:10:00,MOBILE
APP208263,CUS108263,705000,48,HOME_RENOVATION,2026-07-06 12:48:00,MOBILE
APP208264,CUS108264,224000,36,TRAVEL,2026-03-09 21:57:00,MOBILE
APP208265,CUS108265,1381000,48,OTHER,2026-07-14 07:04:00,MOBILE
APP208266,CUS108266,1133000,12,OTHER,2026-05-20 12:39:00,MOBILE
APP208267,CUS108267,235000,36,HOME_RENOVATION,2026-03-17 01:39:00,MOBILE
APP208268,CUS108268,192000,36,HOME_RENOVATION,2026-09-22 07:34:00,WEB
APP208269,CUS108269,710000,60,HOME_RENOVATION,2026-06-11 06:20:00,MOBILE
APP208270,CUS108270,226000,48,MEDICAL,2026-03-20 06:53:00,WEB
APP208271,CUS108271,363000,48,HOME_RENOVATION,2026-12-17 13:20:00,MOBILE
APP208272,CUS108272,563000,12,HOME_RENOVATION,2026-04-06 23:48:00,WEB
APP208273,CUS108273,135000,36,TRAVEL,2026-07-02 13:04:00,WEB
APP208274,CUS108274,521000,24,EDUCATION,2026-12-02 22:44:00,MOBILE
APP208275,CUS108275,190000,60,EDUCATION,2026-12-29 03:38:00,WEB
APP208276,CUS108276,555000,36,HOME_RENOVATION,2026-05-08 15:13:00,MOBILE
APP208277,CUS108277,597000,60,OTHER,2026-02-14 12:34:00,MOBILE
APP208278,CUS108278,314000,48,TRAVEL,2026-01-15 14:53:00,WEB
APP208279,CUS108279,457000,48,HOME_RENOVATION,2026-04-05 04:08:00,WEB
APP208280,CUS108280,379000,60,DEBT_CONSOLIDATION,2026-11-04 15:09:00,WEB
APP208281,CUS108281,579000,36,HOME_RENOVATION,2026-08-28 23:22:00,MOBILE
APP208282,CUS108282,308000,48,DEBT_CONSOLIDATION,2026-05-10 20:07:00,MOBILE
APP208283,CUS108283,500000,18,HOME_RENOVATION,2026-10-30 02:02:00,MOBILE
APP208284,CUS108284,597000,48,TRAVEL,2026-06-08 00:00:00,MOBILE
APP208285,CUS108285,563000,36,MEDICAL,2026-08-11 14:14:00,MOBILE
APP208286,CUS108286,606000,12,HOME_RENOVATION,2026-08-10 10:32:00,MOBILE
APP208287,CUS108287,144000,18,OTHER,2026-06-04 14:59:00,MOBILE
APP208288,CUS108288,266000,24,OTHER,2026-10-09 19:49:00,WEB
APP208289,CUS108289,174000,36,HOME_RENOVATION,2026-03-08 19:27:00,WEB
APP208290,CUS108290,584000,12,DEBT_CONSOLIDATION,2026-05-07 15:23:00,MOBILE
APP208291,CUS108291,892000,60,EDUCATION,2026-05-10 05:46:00,MOBILE
APP208292,CUS108292,479000,48,HOME_RENOVATION,2026-05-22 14:29:00,MOBILE
APP208293,CUS108293,740000,36,OTHER,2026-09-24 16:40:00,WEB
APP208294,CUS108294,531000,36,EDUCATION,2026-01-04 13:35:00,MOBILE
APP208295,CUS108295,203000,36,TRAVEL,2026-10-24 17:00:00,WEB
APP208296,CUS108296,782000,24,OTHER,2026-07-29 00:22:00,WEB
APP208297,CUS108297,352000,36,DEBT_CONSOLIDATION,2026-03-26 15:56:00,MOBILE
APP208298,CUS108298,1479000,36,OTHER,2026-08-27 08:22:00,MOBILE
APP208299,CUS108299,324000,60,EDUCATION,2026-06-04 08:00:00,MOBILE
APP208300,CUS108300,305000,24,HOME_RENOVATION,2026-10-13 10:44:00,WEB
APP208301,CUS108301,680000,36,MEDICAL,2026-12-14 19:51:00,MOBILE
APP208302,CUS108302,908000,48,TRAVEL,2026-05-04 03:13:00,MOBILE
APP208303,CUS108303,737000,48,MEDICAL,2026-01-10 19:20:00,MOBILE
APP208304,CUS108304,284000,18,TRAVEL,2026-12-26 17:51:00,MOBILE
APP208305,CUS108305,169000,24,EDUCATION,2026-07-31 09:59:00,MOBILE
APP208306,CUS108306,477000,18,HOME_RENOVATION,2026-08-19 22:46:00,WEB
APP208307,CUS108307,683000,24,MEDICAL,2026-08-06 16:43:00,MOBILE
APP208308,CUS108308,733000,36,HOME_RENOVATION,2026-04-15 08:21:00,WEB
APP208309,CUS108309,444000,24,TRAVEL,2026-09-25 19:35:00,WEB
APP208310,CUS108310,715000,36,EDUCATION,2026-11-18 03:59:00,MOBILE
APP208311,CUS108311,244000,24,HOME_RENOVATION,2026-03-18 05:23:00,WEB
APP208312,CUS108312,374000,36,DEBT_CONSOLIDATION,2026-06-06 13:54:00,MOBILE
APP208313,CUS108313,619000,36,DEBT_CONSOLIDATION,2026-01-09 21:18:00,WEB
APP208314,CUS108314,596000,36,EDUCATION,2026-06-23 22:54:00,MOBILE
APP208315,CUS108315,624000,36,TRAVEL,2026-03-11 22:46:00,MOBILE
APP208316,CUS108316,178000,48,HOME_RENOVATION,2026-04-16 15:37:00,MOBILE
APP208317,CUS108317,268000,36,TRAVEL,2026-11-23 17:04:00,WEB
APP208318,CUS108318,464000,24,TRAVEL,2026-06-04 18:48:00,MOBILE
APP208319,CUS108319,415000,48,HOME_RENOVATION,2026-09-19 21:01:00,WEB
APP208320,CUS108320,459000,24,MEDICAL,2026-01-15 09:30:00,WEB
APP208321,CUS108321,200000,48,OTHER,2026-08-03 04:34:00,WEB
APP208322,CUS108322,132000,60,DEBT_CONSOLIDATION,2026-07-14 10:32:00,MOBILE
APP208323,CUS108323,335000,18,MEDICAL,2026-11-27 10:32:00,MOBILE
APP208324,CUS108324,686000,48,EDUCATION,2026-03-11 21:08:00,MOBILE
APP208325,CUS108325,334000,36,OTHER,2026-12-01 15:55:00,MOBILE
APP208326,CUS108326,618000,24,EDUCATION,2026-09-22 05:43:00,MOBILE
APP208327,CUS108327,769000,36,EDUCATION,2026-09-02 22:43:00,MOBILE
APP208328,CUS108328,778000,24,MEDICAL,2026-09-20 00:32:00,MOBILE
APP208329,CUS108329,393000,48,HOME_RENOVATION,2026-10-24 09:51:00,MOBILE
APP208330,CUS108330,492000,48,TRAVEL,2026-08-16 13:53:00,WEB
APP208331,CUS108331,949000,36,EDUCATION,2026-07-25 03:30:00,WEB
APP208332,CUS108332,860000,36,OTHER,2026-12-31 22:28:00,MOBILE
APP208333,CUS108333,378000,36,DEBT_CONSOLIDATION,2026-11-16 11:04:00,MOBILE
APP208334,CUS108334,747000,36,TRAVEL,2026-05-23 16:05:00,MOBILE
APP208335,CUS108335,299000,36,TRAVEL,2026-04-10 02:29:00,MOBILE
APP208336,CUS108336,1024000,60,DEBT_CONSOLIDATION,2026-01-31 00:11:00,MOBILE
APP208337,CUS108337,633000,36,TRAVEL,2026-02-06 07:09:00,WEB
APP208338,CUS108338,944000,36,EDUCATION,2026-07-24 08:52:00,MOBILE
APP208339,CUS108339,642000,60,HOME_RENOVATION,2026-06-07 20:37:00,MOBILE
APP208340,CUS108340,686000,48,DEBT_CONSOLIDATION,2026-12-21 19:14:00,MOBILE
APP208341,CUS108341,911000,36,DEBT_CONSOLIDATION,2026-06-08 23:49:00,MOBILE
APP208342,CUS108342,936000,48,HOME_RENOVATION,2026-09-15 12:59:00,WEB
APP208343,CUS108343,722000,36,TRAVEL,2026-08-28 12:09:00,MOBILE
APP208344,CUS108344,920000,24,HOME_RENOVATION,2026-06-22 14:26:00,MOBILE
APP208345,CUS108345,253000,24,MEDICAL,2026-04-07 17:41:00,WEB
APP208346,CUS108346,229000,12,DEBT_CONSOLIDATION,2026-01-04 20:59:00,MOBILE
APP208347,CUS108347,435000,36,MEDICAL,2026-10-15 17:13:00,MOBILE
APP208348,CUS108348,450000,48,DEBT_CONSOLIDATION,2026-06-21 00:35:00,WEB
APP208349,CUS108349,289000,60,HOME_RENOVATION,2026-02-21 18:13:00,WEB
APP208350,CUS108350,386000,48,MEDICAL,2026-06-18 08:34:00,MOBILE
APP208351,CUS108351,277000,12,MEDICAL,2026-04-11 14:31:00,WEB
APP208352,CUS108352,664000,36,DEBT_CONSOLIDATION,2026-11-01 11:43:00,MOBILE
APP208353,CUS108353,236000,24,OTHER,2026-11-01 14:14:00,WEB
APP208354,CUS108354,619000,36,TRAVEL,2026-06-09 21:38:00,WEB
APP208355,CUS108355,245000,36,DEBT_CONSOLIDATION,2026-08-17 07:50:00,WEB
APP208356,CUS108356,240000,18,OTHER,2026-07-16 17:15:00,MOBILE
APP208357,CUS108357,329000,36,TRAVEL,2026-04-22 07:01:00,MOBILE
APP208358,CUS108358,276000,36,MEDICAL,2026-07-11 12:33:00,MOBILE
APP208359,CUS108359,318000,48,EDUCATION,2026-06-14 07:41:00,MOBILE
APP208360,CUS108360,278000,36,HOME_RENOVATION,2026-03-12 10:51:00,MOBILE
APP208361,CUS108361,687000,36,DEBT_CONSOLIDATION,2026-11-09 06:22:00,MOBILE
APP208362,CUS108362,483000,18,MEDICAL,2026-06-18 18:47:00,WEB
APP208363,CUS108363,265000,36,TRAVEL,2026-04-11 01:08:00,MOBILE
APP208364,CUS108364,695000,12,EDUCATION,2026-07-19 09:33:00,MOBILE
APP208365,CUS108365,332000,18,OTHER,2026-05-29 00:11:00,MOBILE
APP208366,CUS108366,335000,36,EDUCATION,2026-11-21 12:30:00,WEB
APP208367,CUS108367,140000,60,OTHER,2026-04-26 23:48:00,WEB
APP208368,CUS108368,467000,12,OTHER,2026-01-21 23:19:00,MOBILE
APP208369,CUS108369,358000,36,HOME_RENOVATION,2026-12-24 12:24:00,MOBILE
APP208370,CUS108370,1046000,18,OTHER,2026-06-14 01:58:00,MOBILE
APP208371,CUS108371,161000,60,TRAVEL,2026-12-25 11:18:00,MOBILE
APP208372,CUS108372,432000,48,MEDICAL,2026-05-08 14:10:00,WEB
APP208373,CUS108373,330000,36,EDUCATION,2026-05-10 15:48:00,MOBILE
APP208374,CUS108374,176000,48,MEDICAL,2026-07-04 00:59:00,MOBILE
APP208375,CUS108375,558000,36,EDUCATION,2026-04-08 23:37:00,WEB
APP208376,CUS108376,210000,60,HOME_RENOVATION,2026-10-26 23:04:00,MOBILE
APP208377,CUS108377,268000,18,MEDICAL,2026-12-31 21:16:00,WEB
APP208378,CUS108378,255000,36,DEBT_CONSOLIDATION,2026-08-21 10:29:00,MOBILE
APP208379,CUS108379,604000,24,DEBT_CONSOLIDATION,2026-05-23 22:54:00,WEB
APP208380,CUS108380,489000,48,TRAVEL,2026-09-17 12:12:00,MOBILE
APP208381,CUS108381,779000,36,OTHER,2026-08-10 11:48:00,MOBILE
APP208382,CUS108382,624000,24,TRAVEL,2026-12-13 04:44:00,WEB
APP208383,CUS108383,303000,36,EDUCATION,2026-09-21 18:49:00,MOBILE
APP208384,CUS108384,367000,36,TRAVEL,2026-07-07 07:00:00,MOBILE
APP208385,CUS108385,407000,48,HOME_RENOVATION,2026-01-18 14:35:00,MOBILE
APP208386,CUS108386,221000,18,HOME_RENOVATION,2026-03-20 14:07:00,MOBILE
APP208387,CUS108387,591000,48,EDUCATION,2026-04-04 23:12:00,MOBILE
APP208388,CUS108388,746000,60,DEBT_CONSOLIDATION,2026-11-20 18:56:00,MOBILE
APP208389,CUS108389,773000,36,EDUCATION,2026-11-08 04:01:00,WEB
APP208390,CUS108390,429000,48,DEBT_CONSOLIDATION,2026-05-23 10:24:00,WEB
APP208391,CUS108391,199000,18,DEBT_CONSOLIDATION,2026-10-23 03:26:00,MOBILE
APP208392,CUS108392,423000,60,DEBT_CONSOLIDATION,2026-07-24 11:39:00,MOBILE
APP208393,CUS108393,128000,12,DEBT_CONSOLIDATION,2026-12-08 20:05:00,MOBILE
APP208394,CUS108394,310000,36,OTHER,2026-11-10 16:11:00,MOBILE
APP208395,CUS108395,381000,48,EDUCATION,2026-11-04 21:45:00,WEB
APP208396,CUS108396,552000,36,OTHER,2026-03-27 23:28:00,WEB
APP208397,CUS108397,321000,18,MEDICAL,2026-09-20 15:37:00,MOBILE
APP208398,CUS108398,1464000,36,TRAVEL,2026-01-31 21:06:00,MOBILE
APP208399,CUS108399,634000,60,TRAVEL,2026-02-11 04:35:00,MOBILE
APP208400,CUS108400,245000,36,DEBT_CONSOLIDATION,2026-03-02 15:26:00,MOBILE
APP208401,CUS108401,440000,24,HOME_RENOVATION,2026-03-13 01:52:00,WEB
APP208402,CUS108402,360000,18,OTHER,2026-01-30 09:51:00,MOBILE
APP208403,CUS108403,163000,12,EDUCATION,2026-11-03 23:34:00,MOBILE
APP208404,CUS108404,613000,36,OTHER,2026-09-15 22:50:00,WEB
APP208405,CUS108405,381000,48,OTHER,2026-12-13 18:24:00,WEB
APP208406,CUS108406,592000,60,EDUCATION,2026-12-18 00:05:00,WEB
APP208407,CUS108407,493000,18,EDUCATION,2026-02-26 01:55:00,MOBILE
APP208408,CUS108408,738000,24,TRAVEL,2026-10-09 04:32:00,WEB
APP208409,CUS108409,414000,12,MEDICAL,2026-03-23 12:40:00,WEB
APP208410,CUS108410,364000,48,OTHER,2026-07-11 12:00:00,WEB
APP208411,CUS108411,368000,36,OTHER,2026-07-05 05:41:00,MOBILE
APP208412,CUS108412,691000,36,EDUCATION,2026-08-16 16:40:00,WEB
APP208413,CUS108413,403000,36,TRAVEL,2026-01-17 02:31:00,MOBILE
APP208414,CUS108414,551000,36,HOME_RENOVATION,2026-11-07 01:31:00,MOBILE
APP208415,CUS108415,154000,36,DEBT_CONSOLIDATION,2026-03-04 12:30:00,WEB
APP208416,CUS108416,197000,36,MEDICAL,2026-09-03 04:45:00,MOBILE
APP208417,CUS108417,226000,36,HOME_RENOVATION,2026-09-25 16:14:00,MOBILE
APP208418,CUS108418,340000,36,HOME_RENOVATION,2026-07-03 23:34:00,MOBILE
APP208419,CUS108419,337000,24,TRAVEL,2026-08-19 17:01:00,WEB
APP208420,CUS108420,489000,12,HOME_RENOVATION,2026-12-08 00:19:00,MOBILE
APP208421,CUS108421,577000,24,TRAVEL,2026-03-21 06:28:00,MOBILE
APP208422,CUS108422,341000,18,HOME_RENOVATION,2026-04-05 07:17:00,MOBILE
APP208423,CUS108423,464000,36,DEBT_CONSOLIDATION,2026-07-11 17:35:00,MOBILE
APP208424,CUS108424,467000,36,EDUCATION,2026-02-28 21:53:00,MOBILE
APP208425,CUS108425,502000,12,OTHER,2026-12-04 02:17:00,MOBILE
APP208426,CUS108426,510000,60,OTHER,2026-06-04 10:11:00,MOBILE
APP208427,CUS108427,270000,48,MEDICAL,2026-11-14 21:29:00,WEB
APP208428,CUS108428,333000,36,TRAVEL,2026-06-24 16:28:00,WEB
APP208429,CUS108429,359000,60,HOME_RENOVATION,2026-01-18 07:01:00,MOBILE
APP208430,CUS108430,831000,48,DEBT_CONSOLIDATION,2026-08-10 16:26:00,MOBILE
APP208431,CUS108431,273000,18,MEDICAL,2026-09-03 09:11:00,MOBILE
APP208432,CUS108432,928000,24,EDUCATION,2026-03-16 14:04:00,MOBILE
APP208433,CUS108433,212000,24,EDUCATION,2026-10-30 13:24:00,WEB
APP208434,CUS108434,616000,12,MEDICAL,2026-10-16 12:24:00,MOBILE
APP208435,CUS108435,328000,18,OTHER,2026-06-03 07:29:00,MOBILE
APP208436,CUS108436,549000,48,DEBT_CONSOLIDATION,2026-04-25 13:33:00,WEB
APP208437,CUS108437,214000,36,DEBT_CONSOLIDATION,2026-02-15 03:24:00,WEB
APP208438,CUS108438,201000,60,OTHER,2026-08-28 21:12:00,MOBILE
APP208439,CUS108439,605000,36,MEDICAL,2026-06-13 15:56:00,MOBILE
APP208440,CUS108440,419000,36,DEBT_CONSOLIDATION,2026-02-16 00:31:00,WEB
APP208441,CUS108441,784000,36,HOME_RENOVATION,2026-03-31 06:19:00,WEB
APP208442,CUS108442,514000,36,EDUCATION,2026-11-12 18:32:00,MOBILE
APP208443,CUS108443,168000,24,MEDICAL,2026-10-19 13:01:00,WEB
APP208444,CUS108444,442000,36,DEBT_CONSOLIDATION,2026-12-27 19:53:00,MOBILE
APP208445,CUS108445,817000,36,DEBT_CONSOLIDATION,2026-09-24 14:32:00,MOBILE
APP208446,CUS108446,272000,60,HOME_RENOVATION,2026-05-26 18:11:00,MOBILE
APP208447,CUS108447,324000,36,EDUCATION,2026-04-26 22:29:00,MOBILE
APP208448,CUS108448,248000,36,DEBT_CONSOLIDATION,2026-06-20 03:28:00,MOBILE
APP208449,CUS108449,965000,24,OTHER,2026-07-10 23:32:00,MOBILE
APP208450,CUS108450,436000,60,DEBT_CONSOLIDATION,2026-07-20 21:19:00,WEB
APP208451,CUS108451,775000,36,EDUCATION,2026-02-18 16:18:00,WEB
APP208452,CUS108452,222000,36,OTHER,2026-03-16 07:38:00,WEB
APP208453,CUS108453,270000,36,DEBT_CONSOLIDATION,2026-11-05 05:06:00,MOBILE
APP208454,CUS108454,238000,24,HOME_RENOVATION,2026-03-31 21:11:00,WEB
APP208455,CUS108455,487000,36,OTHER,2026-10-25 09:33:00,WEB
APP208456,CUS108456,522000,60,TRAVEL,2026-04-14 14:20:00,WEB
APP208457,CUS108457,305000,24,MEDICAL,2026-09-30 18:05:00,WEB
APP208458,CUS108458,283000,36,DEBT_CONSOLIDATION,2026-02-05 07:25:00,WEB
APP208459,CUS108459,424000,48,MEDICAL,2026-08-16 06:09:00,MOBILE
APP208460,CUS108460,309000,18,OTHER,2026-10-22 15:23:00,MOBILE
APP208461,CUS108461,359000,48,TRAVEL,2026-06-13 20:19:00,MOBILE
APP208462,CUS108462,499000,48,MEDICAL,2026-08-17 12:24:00,MOBILE
APP208463,CUS108463,1036000,36,MEDICAL,2026-12-02 01:57:00,MOBILE
APP208464,CUS108464,511000,36,EDUCATION,2026-12-15 21:27:00,MOBILE
APP208465,CUS108465,624000,12,EDUCATION,2026-10-14 11:31:00,MOBILE
APP208466,CUS108466,768000,48,TRAVEL,2026-01-07 17:08:00,WEB
APP208467,CUS108467,500000,36,TRAVEL,2026-04-28 15:34:00,WEB
APP208468,CUS108468,509000,48,TRAVEL,2026-02-19 08:04:00,MOBILE
APP208469,CUS108469,450000,12,DEBT_CONSOLIDATION,2026-11-05 07:57:00,MOBILE
APP208470,CUS108470,165000,24,OTHER,2026-06-11 08:37:00,WEB
APP208471,CUS108471,674000,36,MEDICAL,2026-07-14 20:15:00,MOBILE
APP208472,CUS108472,341000,24,EDUCATION,2026-11-25 19:32:00,MOBILE
APP208473,CUS108473,928000,36,EDUCATION,2026-09-13 21:30:00,WEB
APP208474,CUS108474,181000,36,DEBT_CONSOLIDATION,2026-03-08 16:37:00,WEB
APP208475,CUS108475,581000,18,DEBT_CONSOLIDATION,2026-01-17 13:10:00,MOBILE
APP208476,CUS108476,499000,12,DEBT_CONSOLIDATION,2026-06-26 11:37:00,MOBILE
APP208477,CUS108477,610000,36,HOME_RENOVATION,2026-10-01 06:13:00,WEB
APP208478,CUS108478,815000,36,DEBT_CONSOLIDATION,2026-06-23 14:31:00,MOBILE
APP208479,CUS108479,582000,36,TRAVEL,2026-05-17 22:35:00,MOBILE
APP208480,CUS108480,658000,36,MEDICAL,2026-01-16 13:20:00,MOBILE
APP208481,CUS108481,624000,36,TRAVEL,2026-02-05 08:13:00,WEB
APP208482,CUS108482,623000,48,HOME_RENOVATION,2026-05-06 17:50:00,WEB
APP208483,CUS108483,123000,36,HOME_RENOVATION,2026-11-12 22:21:00,WEB
APP208484,CUS108484,339000,60,DEBT_CONSOLIDATION,2026-05-09 10:28:00,MOBILE
APP208485,CUS108485,574000,36,TRAVEL,2026-02-13 02:52:00,MOBILE
APP208486,CUS108486,446000,18,MEDICAL,2026-09-09 07:40:00,MOBILE
APP208487,CUS108487,1258000,24,EDUCATION,2026-09-26 00:15:00,MOBILE
APP208488,CUS108488,567000,48,EDUCATION,2026-06-19 02:38:00,WEB
APP208489,CUS108489,770000,36,HOME_RENOVATION,2026-03-04 15:56:00,MOBILE
APP208490,CUS108490,779000,24,OTHER,2026-08-26 04:03:00,MOBILE
APP208491,CUS108491,283000,24,OTHER,2026-04-19 05:47:00,MOBILE
APP208492,CUS108492,1159000,36,HOME_RENOVATION,2026-07-07 02:41:00,WEB
APP208493,CUS108493,826000,48,DEBT_CONSOLIDATION,2026-10-17 05:33:00,WEB
APP208494,CUS108494,661000,48,HOME_RENOVATION,2026-12-08 13:58:00,MOBILE
APP208495,CUS108495,219000,12,EDUCATION,2026-05-02 02:53:00,MOBILE
APP208496,CUS108496,654000,36,MEDICAL,2026-05-28 08:23:00,MOBILE
APP208497,CUS108497,292000,36,OTHER,2026-08-28 11:45:00,MOBILE
APP208498,CUS108498,438000,36,MEDICAL,2026-04-01 20:23:00,MOBILE
APP208499,CUS108499,927000,48,HOME_RENOVATION,2026-04-28 03:58:00,MOBILE
APP208500,CUS108500,306000,36,EDUCATION,2026-12-16 09:45:00,MOBILE
APP208501,CUS108501,696000,60,DEBT_CONSOLIDATION,2026-12-07 10:41:00,MOBILE
APP208502,CUS108502,425000,36,TRAVEL,2026-02-09 12:52:00,WEB
APP208503,CUS108503,553000,48,HOME_RENOVATION,2026-03-09 19:29:00,MOBILE
APP208504,CUS108504,547000,24,OTHER,2026-06-29 09:39:00,MOBILE
APP208505,CUS108505,362000,12,DEBT_CONSOLIDATION,2026-03-22 21:09:00,MOBILE
APP208506,CUS108506,601000,48,DEBT_CONSOLIDATION,2026-02-23 08:51:00,MOBILE
APP208507,CUS108507,411000,36,HOME_RENOVATION,2026-02-16 09:56:00,MOBILE
APP208508,CUS108508,371000,24,OTHER,2026-11-09 10:30:00,WEB
APP208509,CUS108509,402000,12,OTHER,2026-11-24 10:58:00,MOBILE
APP208510,CUS108510,572000,36,EDUCATION,2026-01-01 19:44:00,MOBILE
APP208511,CUS108511,403000,36,TRAVEL,2026-09-05 13:39:00,MOBILE
APP208512,CUS108512,463000,36,EDUCATION,2026-04-18 22:59:00,MOBILE
APP208513,CUS108513,144000,18,EDUCATION,2026-03-10 12:44:00,MOBILE
APP208514,CUS108514,464000,60,HOME_RENOVATION,2026-03-23 19:37:00,WEB
APP208515,CUS108515,168000,36,EDUCATION,2026-12-02 11:42:00,MOBILE
APP208516,CUS108516,279000,36,EDUCATION,2026-01-22 20:22:00,MOBILE
APP208517,CUS108517,289000,36,OTHER,2026-05-22 09:24:00,WEB
APP208518,CUS108518,779000,36,HOME_RENOVATION,2026-11-13 15:00:00,WEB
APP208519,CUS108519,160000,18,HOME_RENOVATION,2026-11-19 18:10:00,WEB
APP208520,CUS108520,690000,36,OTHER,2026-06-16 21:03:00,WEB
APP208521,CUS108521,217000,24,OTHER,2026-08-31 17:05:00,MOBILE
APP208522,CUS108522,443000,48,TRAVEL,2026-03-23 17:01:00,MOBILE
APP208523,CUS108523,390000,48,OTHER,2026-11-18 21:34:00,MOBILE
APP208524,CUS108524,161000,36,MEDICAL,2026-07-22 17:15:00,WEB
APP208525,CUS108525,359000,12,HOME_RENOVATION,2026-12-16 17:45:00,MOBILE
APP208526,CUS108526,544000,36,MEDICAL,2026-08-06 09:23:00,WEB
APP208527,CUS108527,400000,36,OTHER,2026-03-17 21:15:00,MOBILE
APP208528,CUS108528,438000,60,EDUCATION,2026-05-10 13:37:00,MOBILE
APP208529,CUS108529,636000,60,HOME_RENOVATION,2026-04-23 10:48:00,WEB
APP208530,CUS108530,260000,36,DEBT_CONSOLIDATION,2026-07-22 14:04:00,WEB
APP208531,CUS108531,726000,48,TRAVEL,2026-04-30 08:13:00,MOBILE
APP208532,CUS108532,255000,48,MEDICAL,2026-08-19 13:53:00,MOBILE
APP208533,CUS108533,418000,36,HOME_RENOVATION,2026-10-24 11:01:00,WEB
APP208534,CUS108534,351000,36,DEBT_CONSOLIDATION,2026-07-30 11:51:00,WEB
APP208535,CUS108535,426000,48,MEDICAL,2026-06-26 19:51:00,WEB
APP208536,CUS108536,131000,60,TRAVEL,2026-03-15 12:18:00,MOBILE
APP208537,CUS108537,585000,60,MEDICAL,2026-10-13 01:28:00,MOBILE
APP208538,CUS108538,497000,48,OTHER,2026-01-30 04:20:00,MOBILE
APP208539,CUS108539,144000,24,OTHER,2026-02-02 16:50:00,MOBILE
APP208540,CUS108540,143000,36,TRAVEL,2026-11-03 02:44:00,MOBILE
APP208541,CUS108541,177000,60,OTHER,2026-10-28 15:44:00,WEB
APP208542,CUS108542,480000,36,OTHER,2026-07-28 15:28:00,WEB
APP208543,CUS108543,299000,36,EDUCATION,2026-10-15 23:54:00,MOBILE
APP208544,CUS108544,120000,60,EDUCATION,2026-11-23 00:03:00,MOBILE
APP208545,CUS108545,618000,60,OTHER,2026-07-23 20:43:00,MOBILE
APP208546,CUS108546,716000,12,MEDICAL,2026-06-20 03:18:00,WEB
APP208547,CUS108547,915000,36,TRAVEL,2026-08-23 13:00:00,WEB
APP208548,CUS108548,616000,36,MEDICAL,2026-12-27 14:56:00,WEB
APP208549,CUS108549,182000,60,DEBT_CONSOLIDATION,2026-07-08 22:39:00,MOBILE
APP208550,CUS108550,484000,48,TRAVEL,2026-03-06 06:02:00,WEB
APP208551,CUS108551,418000,36,HOME_RENOVATION,2026-11-17 19:07:00,WEB
APP208552,CUS108552,799000,36,MEDICAL,2026-12-17 04:03:00,MOBILE
APP208553,CUS108553,378000,48,EDUCATION,2026-12-20 05:04:00,MOBILE
APP208554,CUS108554,335000,36,EDUCATION,2026-10-09 10:07:00,MOBILE
APP208555,CUS108555,459000,36,OTHER,2026-02-02 14:09:00,WEB
APP208556,CUS108556,553000,48,EDUCATION,2026-01-06 13:56:00,MOBILE
APP208557,CUS108557,407000,36,HOME_RENOVATION,2026-10-26 23:25:00,MOBILE
APP208558,CUS108558,211000,36,DEBT_CONSOLIDATION,2026-03-27 18:37:00,MOBILE
APP208559,CUS108559,723000,18,TRAVEL,2026-03-25 03:30:00,WEB
APP208560,CUS108560,706000,48,MEDICAL,2026-08-02 10:13:00,MOBILE
APP208561,CUS108561,285000,36,HOME_RENOVATION,2026-01-09 21:26:00,MOBILE
APP208562,CUS108562,253000,36,EDUCATION,2026-08-16 05:12:00,WEB
APP208563,CUS108563,609000,48,MEDICAL,2026-11-01 01:30:00,MOBILE
APP208564,CUS108564,759000,24,HOME_RENOVATION,2026-12-10 17:45:00,WEB
APP208565,CUS108565,234000,60,EDUCATION,2026-11-09 01:21:00,WEB
APP208566,CUS108566,256000,48,HOME_RENOVATION,2026-12-03 11:23:00,WEB
APP208567,CUS108567,556000,12,TRAVEL,2026-01-29 13:47:00,MOBILE
APP208568,CUS108568,617000,36,HOME_RENOVATION,2026-05-22 12:34:00,MOBILE
APP208569,CUS108569,468000,48,DEBT_CONSOLIDATION,2026-08-10 17:20:00,MOBILE
APP208570,CUS108570,208000,24,OTHER,2026-03-12 14:35:00,MOBILE
APP208571,CUS108571,1055000,36,TRAVEL,2026-08-23 21:56:00,MOBILE
APP208572,CUS108572,505000,36,HOME_RENOVATION,2026-02-21 12:57:00,WEB
APP208573,CUS108573,255000,36,HOME_RENOVATION,2026-12-15 23:30:00,MOBILE
APP208574,CUS108574,206000,36,DEBT_CONSOLIDATION,2026-10-02 13:53:00,WEB
APP208575,CUS108575,368000,36,EDUCATION,2026-05-22 08:45:00,WEB
APP208576,CUS108576,578000,48,EDUCATION,2026-03-04 10:48:00,MOBILE
APP208577,CUS108577,337000,36,TRAVEL,2026-05-26 15:50:00,WEB
APP208578,CUS108578,652000,36,EDUCATION,2026-02-17 12:55:00,MOBILE
APP208579,CUS108579,367000,48,OTHER,2026-08-24 09:25:00,WEB
APP208580,CUS108580,564000,48,EDUCATION,2026-04-17 12:04:00,WEB
APP208581,CUS108581,289000,36,OTHER,2026-12-03 18:50:00,WEB
APP208582,CUS108582,394000,60,HOME_RENOVATION,2026-08-22 10:05:00,MOBILE
APP208583,CUS108583,549000,18,MEDICAL,2026-09-04 02:15:00,WEB
APP208584,CUS108584,815000,12,DEBT_CONSOLIDATION,2026-07-17 00:19:00,MOBILE
APP208585,CUS108585,447000,36,DEBT_CONSOLIDATION,2026-04-13 16:02:00,WEB
APP208586,CUS108586,405000,48,TRAVEL,2026-01-05 15:31:00,WEB
APP208587,CUS108587,337000,36,OTHER,2026-01-19 09:51:00,WEB
APP208588,CUS108588,257000,60,EDUCATION,2026-11-01 14:21:00,WEB
APP208589,CUS108589,256000,36,TRAVEL,2026-08-21 10:43:00,WEB
APP208590,CUS108590,450000,36,MEDICAL,2026-03-02 12:41:00,WEB
APP208591,CUS108591,526000,36,EDUCATION,2026-08-29 02:22:00,MOBILE
APP208592,CUS108592,617000,48,MEDICAL,2026-12-23 09:42:00,MOBILE
APP208593,CUS108593,849000,36,EDUCATION,2026-03-24 20:12:00,MOBILE
APP208594,CUS108594,249000,36,MEDICAL,2026-03-28 17:35:00,MOBILE
APP208595,CUS108595,946000,60,TRAVEL,2026-09-05 08:12:00,MOBILE
APP208596,CUS108596,443000,36,TRAVEL,2026-10-07 01:22:00,WEB
APP208597,CUS108597,1159000,60,OTHER,2026-04-21 14:39:00,MOBILE
APP208598,CUS108598,521000,36,OTHER,2026-10-24 10:15:00,MOBILE
APP208599,CUS108599,303000,48,DEBT_CONSOLIDATION,2026-08-10 10:59:00,MOBILE
APP208600,CUS108600,451000,48,TRAVEL,2026-01-28 09:36:00,WEB
APP208601,CUS108601,1460000,36,HOME_RENOVATION,2026-01-19 04:38:00,MOBILE
APP208602,CUS108602,292000,60,HOME_RENOVATION,2026-07-11 20:31:00,MOBILE
APP208603,CUS108603,908000,48,MEDICAL,2026-12-11 20:12:00,MOBILE
APP208604,CUS108604,191000,36,EDUCATION,2026-02-16 00:12:00,WEB
APP208605,CUS108605,650000,48,TRAVEL,2026-01-26 21:43:00,MOBILE
APP208606,CUS108606,1490000,48,OTHER,2026-04-26 09:35:00,MOBILE
APP208607,CUS108607,227000,36,OTHER,2026-11-07 10:18:00,MOBILE
APP208608,CUS108608,371000,36,OTHER,2026-03-13 22:18:00,MOBILE
APP208609,CUS108609,385000,24,TRAVEL,2026-03-12 09:39:00,MOBILE
APP208610,CUS108610,542000,36,TRAVEL,2026-06-10 19:14:00,MOBILE
APP208611,CUS108611,990000,18,MEDICAL,2026-12-29 05:04:00,WEB
APP208612,CUS108612,346000,24,TRAVEL,2026-05-22 22:09:00,MOBILE
APP208613,CUS108613,498000,48,DEBT_CONSOLIDATION,2026-09-08 08:32:00,MOBILE
APP208614,CUS108614,417000,48,DEBT_CONSOLIDATION,2026-04-23 00:47:00,MOBILE
APP208615,CUS108615,355000,36,HOME_RENOVATION,2026-03-18 14:04:00,MOBILE
APP208616,CUS108616,450000,36,TRAVEL,2026-10-24 09:42:00,WEB
APP208617,CUS108617,450000,18,TRAVEL,2026-10-13 10:02:00,WEB
APP208618,CUS108618,1149000,36,EDUCATION,2026-03-08 05:04:00,MOBILE
APP208619,CUS108619,357000,48,DEBT_CONSOLIDATION,2026-05-03 17:25:00,MOBILE
APP208620,CUS108620,319000,60,HOME_RENOVATION,2026-03-23 18:10:00,MOBILE
APP208621,CUS108621,516000,48,MEDICAL,2026-08-12 11:25:00,WEB
APP208622,CUS108622,903000,12,HOME_RENOVATION,2026-04-30 23:51:00,MOBILE
APP208623,CUS108623,527000,36,OTHER,2026-08-05 18:41:00,MOBILE
APP208624,CUS108624,351000,36,MEDICAL,2026-02-25 23:35:00,MOBILE
APP208625,CUS108625,511000,36,OTHER,2026-04-01 11:20:00,WEB
APP208626,CUS108626,590000,18,OTHER,2026-01-01 18:18:00,MOBILE
APP208627,CUS108627,485000,36,HOME_RENOVATION,2026-09-16 10:09:00,WEB
APP208628,CUS108628,109000,36,MEDICAL,2026-12-27 15:52:00,MOBILE
APP208629,CUS108629,703000,12,OTHER,2026-08-20 05:53:00,MOBILE
APP208630,CUS108630,519000,24,EDUCATION,2026-05-11 21:28:00,MOBILE
APP208631,CUS108631,193000,60,OTHER,2026-11-12 06:10:00,WEB
APP208632,CUS108632,461000,48,TRAVEL,2026-02-21 12:17:00,WEB
APP208633,CUS108633,615000,36,TRAVEL,2026-08-31 16:11:00,WEB
APP208634,CUS108634,482000,48,TRAVEL,2026-01-04 13:05:00,MOBILE
APP208635,CUS108635,239000,36,MEDICAL,2026-08-15 22:40:00,MOBILE
APP208636,CUS108636,778000,36,MEDICAL,2026-07-18 11:41:00,MOBILE
APP208637,CUS108637,151000,36,DEBT_CONSOLIDATION,2026-05-02 20:59:00,MOBILE
APP208638,CUS108638,184000,48,TRAVEL,2026-01-20 18:36:00,MOBILE
APP208639,CUS108639,675000,36,EDUCATION,2026-07-09 16:51:00,MOBILE
APP208640,CUS108640,438000,36,EDUCATION,2026-09-26 05:58:00,WEB
APP208641,CUS108641,162000,18,TRAVEL,2026-08-20 22:54:00,WEB
APP208642,CUS108642,660000,36,TRAVEL,2026-05-16 11:11:00,MOBILE
APP208643,CUS108643,219000,48,OTHER,2026-10-26 20:02:00,WEB
APP208644,CUS108644,733000,24,DEBT_CONSOLIDATION,2026-06-19 00:11:00,MOBILE
APP208645,CUS108645,126000,12,MEDICAL,2026-07-24 19:28:00,MOBILE
APP208646,CUS108646,422000,48,HOME_RENOVATION,2026-06-30 23:28:00,MOBILE
APP208647,CUS108647,281000,36,OTHER,2026-10-29 00:09:00,WEB
APP208648,CUS108648,814000,48,MEDICAL,2026-08-17 01:25:00,MOBILE
APP208649,CUS108649,232000,36,DEBT_CONSOLIDATION,2026-01-21 10:10:00,MOBILE
APP208650,CUS108650,855000,36,DEBT_CONSOLIDATION,2026-06-08 02:02:00,MOBILE
APP208651,CUS108651,591000,60,OTHER,2026-07-15 23:21:00,WEB
APP208652,CUS108652,141000,48,HOME_RENOVATION,2026-04-16 00:12:00,MOBILE
APP208653,CUS108653,297000,36,TRAVEL,2026-10-21 20:07:00,WEB
APP208654,CUS108654,276000,18,MEDICAL,2026-08-26 06:47:00,MOBILE
APP208655,CUS108655,304000,24,OTHER,2026-07-08 18:25:00,WEB
APP208656,CUS108656,326000,24,HOME_RENOVATION,2026-09-16 23:10:00,WEB
APP208657,CUS108657,633000,36,TRAVEL,2026-03-17 04:33:00,MOBILE
APP208658,CUS108658,515000,24,HOME_RENOVATION,2026-05-07 02:41:00,MOBILE
APP208659,CUS108659,460000,48,HOME_RENOVATION,2026-06-13 14:05:00,MOBILE
APP208660,CUS108660,398000,36,HOME_RENOVATION,2026-07-15 07:54:00,MOBILE
APP208661,CUS108661,316000,36,DEBT_CONSOLIDATION,2026-07-30 03:10:00,MOBILE
APP208662,CUS108662,298000,36,EDUCATION,2026-06-13 11:45:00,MOBILE
APP208663,CUS108663,235000,12,HOME_RENOVATION,2026-01-13 17:45:00,MOBILE
APP208664,CUS108664,619000,36,MEDICAL,2026-02-13 11:43:00,MOBILE
APP208665,CUS108665,424000,36,MEDICAL,2026-05-05 05:24:00,WEB
APP208666,CUS108666,448000,48,TRAVEL,2026-06-05 17:20:00,MOBILE
APP208667,CUS108667,148000,24,TRAVEL,2026-02-06 18:16:00,MOBILE
APP208668,CUS108668,307000,48,EDUCATION,2026-01-04 23:32:00,WEB
APP208669,CUS108669,174000,36,MEDICAL,2026-08-31 03:40:00,MOBILE
APP208670,CUS108670,455000,48,OTHER,2026-02-07 13:30:00,WEB
APP208671,CUS108671,110000,24,OTHER,2026-02-10 15:40:00,MOBILE
APP208672,CUS108672,291000,36,OTHER,2026-05-09 12:36:00,MOBILE
APP208673,CUS108673,772000,12,HOME_RENOVATION,2026-09-25 13:20:00,MOBILE
APP208674,CUS108674,387000,24,OTHER,2026-01-09 23:11:00,MOBILE
APP208675,CUS108675,413000,36,HOME_RENOVATION,2026-02-01 00:18:00,WEB
APP208676,CUS108676,454000,48,MEDICAL,2026-09-20 19:30:00,MOBILE
APP208677,CUS108677,607000,18,OTHER,2026-11-18 18:15:00,MOBILE
APP208678,CUS108678,524000,36,EDUCATION,2026-02-05 10:11:00,WEB
APP208679,CUS108679,743000,36,TRAVEL,2026-04-06 04:29:00,WEB
APP208680,CUS108680,968000,36,HOME_RENOVATION,2026-11-07 01:57:00,MOBILE
APP208681,CUS108681,687000,36,DEBT_CONSOLIDATION,2026-09-30 12:45:00,MOBILE
APP208682,CUS108682,829000,60,EDUCATION,2026-06-22 23:07:00,MOBILE
APP208683,CUS108683,100000,60,HOME_RENOVATION,2026-05-09 11:08:00,WEB
APP208684,CUS108684,345000,36,MEDICAL,2026-01-23 02:14:00,MOBILE
APP208685,CUS108685,285000,48,OTHER,2026-04-20 22:26:00,MOBILE
APP208686,CUS108686,600000,36,MEDICAL,2026-06-29 22:49:00,MOBILE
APP208687,CUS108687,465000,36,HOME_RENOVATION,2026-07-18 22:28:00,MOBILE
APP208688,CUS108688,317000,24,EDUCATION,2026-01-21 10:20:00,MOBILE
APP208689,CUS108689,406000,24,DEBT_CONSOLIDATION,2026-02-07 08:31:00,MOBILE
APP208690,CUS108690,441000,36,MEDICAL,2026-03-17 19:26:00,WEB
APP208691,CUS108691,574000,24,MEDICAL,2026-01-30 19:20:00,WEB
APP208692,CUS108692,884000,36,OTHER,2026-05-19 00:42:00,MOBILE
APP208693,CUS108693,545000,36,EDUCATION,2026-11-10 20:24:00,WEB
APP208694,CUS108694,431000,24,DEBT_CONSOLIDATION,2026-10-04 11:57:00,MOBILE
APP208695,CUS108695,473000,24,HOME_RENOVATION,2026-11-06 09:35:00,MOBILE
APP208696,CUS108696,264000,18,MEDICAL,2026-09-09 17:02:00,MOBILE
APP208697,CUS108697,397000,12,TRAVEL,2026-06-27 09:31:00,WEB
APP208698,CUS108698,617000,60,EDUCATION,2026-02-18 23:31:00,WEB
APP208699,CUS108699,239000,60,DEBT_CONSOLIDATION,2026-10-21 19:44:00,WEB
APP208700,CUS108700,416000,12,MEDICAL,2026-10-03 04:41:00,MOBILE
APP208701,CUS108701,401000,36,EDUCATION,2026-02-18 14:17:00,WEB
APP208702,CUS108702,264000,24,TRAVEL,2026-12-25 09:26:00,WEB
APP208703,CUS108703,376000,60,DEBT_CONSOLIDATION,2026-12-02 18:48:00,MOBILE
APP208704,CUS108704,661000,60,HOME_RENOVATION,2026-08-29 15:37:00,MOBILE
APP208705,CUS108705,437000,24,TRAVEL,2026-08-10 13:24:00,MOBILE
APP208706,CUS108706,736000,48,MEDICAL,2026-05-16 11:00:00,MOBILE
APP208707,CUS108707,295000,36,TRAVEL,2026-03-05 11:15:00,MOBILE
APP208708,CUS108708,460000,36,EDUCATION,2026-02-13 21:25:00,MOBILE
APP208709,CUS108709,670000,36,HOME_RENOVATION,2026-04-18 16:45:00,MOBILE
APP208710,CUS108710,290000,60,EDUCATION,2026-05-14 21:42:00,MOBILE
APP208711,CUS108711,385000,48,TRAVEL,2026-10-22 00:00:00,MOBILE
APP208712,CUS108712,309000,36,MEDICAL,2026-07-10 12:45:00,MOBILE
APP208713,CUS108713,436000,48,TRAVEL,2026-01-14 17:47:00,MOBILE
APP208714,CUS108714,495000,48,OTHER,2026-10-08 22:23:00,MOBILE
APP208715,CUS108715,209000,36,DEBT_CONSOLIDATION,2026-12-07 05:52:00,WEB
APP208716,CUS108716,728000,48,DEBT_CONSOLIDATION,2026-06-17 03:42:00,MOBILE
APP208717,CUS108717,682000,18,DEBT_CONSOLIDATION,2026-04-27 07:39:00,MOBILE
APP208718,CUS108718,374000,24,HOME_RENOVATION,2026-09-23 20:33:00,MOBILE
APP208719,CUS108719,216000,24,OTHER,2026-01-03 22:44:00,MOBILE
APP208720,CUS108720,406000,36,HOME_RENOVATION,2026-01-25 16:18:00,MOBILE
APP208721,CUS108721,1557000,60,MEDICAL,2026-02-20 12:13:00,MOBILE
APP208722,CUS108722,432000,36,OTHER,2026-08-06 21:48:00,WEB
APP208723,CUS108723,1064000,36,TRAVEL,2026-08-03 14:33:00,WEB
APP208724,CUS108724,588000,36,HOME_RENOVATION,2026-05-24 04:32:00,MOBILE
APP208725,CUS108725,145000,48,OTHER,2026-11-19 08:00:00,MOBILE
APP208726,CUS108726,634000,60,DEBT_CONSOLIDATION,2026-08-02 07:09:00,WEB
APP208727,CUS108727,177000,48,EDUCATION,2026-06-11 21:30:00,MOBILE
APP208728,CUS108728,474000,48,HOME_RENOVATION,2026-12-03 18:21:00,MOBILE
APP208729,CUS108729,344000,48,DEBT_CONSOLIDATION,2026-02-08 11:14:00,WEB
APP208730,CUS108730,562000,60,MEDICAL,2026-06-29 16:22:00,WEB
APP208731,CUS108731,797000,18,DEBT_CONSOLIDATION,2026-07-04 17:31:00,WEB
APP208732,CUS108732,713000,60,EDUCATION,2026-06-16 18:49:00,MOBILE
APP208733,CUS108733,243000,36,TRAVEL,2026-11-19 07:03:00,MOBILE
APP208734,CUS108734,955000,24,HOME_RENOVATION,2026-01-08 23:07:00,WEB
APP208735,CUS108735,513000,60,EDUCATION,2026-11-22 19:51:00,MOBILE
APP208736,CUS108736,390000,36,EDUCATION,2026-07-05 07:24:00,WEB
APP208737,CUS108737,373000,18,MEDICAL,2026-08-13 00:52:00,MOBILE
APP208738,CUS108738,625000,36,EDUCATION,2026-10-06 20:49:00,WEB
APP208739,CUS108739,682000,36,OTHER,2026-02-18 17:46:00,MOBILE
APP208740,CUS108740,716000,36,EDUCATION,2026-05-21 05:58:00,MOBILE
APP208741,CUS108741,509000,18,OTHER,2026-06-15 14:04:00,MOBILE
APP208742,CUS108742,1313000,48,HOME_RENOVATION,2026-03-31 00:50:00,WEB
APP208743,CUS108743,504000,36,TRAVEL,2026-06-24 18:29:00,WEB
APP208744,CUS108744,431000,36,DEBT_CONSOLIDATION,2026-04-12 13:32:00,MOBILE
APP208745,CUS108745,434000,12,OTHER,2026-07-02 05:12:00,MOBILE
APP208746,CUS108746,601000,36,HOME_RENOVATION,2026-03-17 02:34:00,WEB
APP208747,CUS108747,394000,36,OTHER,2026-09-03 04:29:00,MOBILE
APP208748,CUS108748,357000,24,OTHER,2026-03-17 11:22:00,WEB
APP208749,CUS108749,141000,18,HOME_RENOVATION,2026-07-07 20:19:00,WEB
APP208750,CUS108750,561000,36,HOME_RENOVATION,2026-05-25 04:02:00,MOBILE
APP208751,CUS108751,224000,36,EDUCATION,2026-04-08 17:22:00,MOBILE
APP208752,CUS108752,291000,24,DEBT_CONSOLIDATION,2026-01-29 22:34:00,WEB
APP208753,CUS108753,354000,12,OTHER,2026-12-28 23:26:00,MOBILE
APP208754,CUS108754,751000,36,EDUCATION,2026-01-10 15:09:00,MOBILE
APP208755,CUS108755,213000,24,OTHER,2026-04-16 21:02:00,MOBILE
APP208756,CUS108756,528000,36,DEBT_CONSOLIDATION,2026-03-16 11:36:00,WEB
APP208757,CUS108757,583000,18,DEBT_CONSOLIDATION,2026-08-02 05:30:00,MOBILE
APP208758,CUS108758,194000,18,OTHER,2026-05-01 17:20:00,MOBILE
APP208759,CUS108759,621000,18,MEDICAL,2026-10-17 23:47:00,MOBILE
APP208760,CUS108760,612000,36,DEBT_CONSOLIDATION,2026-07-28 20:01:00,MOBILE
APP208761,CUS108761,692000,18,HOME_RENOVATION,2026-12-24 23:22:00,MOBILE
APP208762,CUS108762,457000,12,DEBT_CONSOLIDATION,2026-01-05 21:04:00,WEB
APP208763,CUS108763,437000,36,EDUCATION,2026-09-22 23:32:00,WEB
APP208764,CUS108764,783000,18,EDUCATION,2026-03-03 01:28:00,WEB
APP208765,CUS108765,286000,12,HOME_RENOVATION,2026-08-22 00:44:00,WEB
APP208766,CUS108766,198000,48,EDUCATION,2026-03-23 06:56:00,WEB
APP208767,CUS108767,549000,36,EDUCATION,2026-03-06 21:42:00,WEB
APP208768,CUS108768,342000,36,OTHER,2026-02-25 10:36:00,WEB
APP208769,CUS108769,824000,18,EDUCATION,2026-04-29 04:48:00,MOBILE
APP208770,CUS108770,383000,36,EDUCATION,2026-08-04 01:23:00,MOBILE
APP208771,CUS108771,258000,36,EDUCATION,2026-06-11 13:10:00,MOBILE
APP208772,CUS108772,278000,48,TRAVEL,2026-01-26 16:31:00,WEB
APP208773,CUS108773,387000,36,TRAVEL,2026-09-08 08:09:00,WEB
APP208774,CUS108774,784000,60,MEDICAL,2026-02-09 08:18:00,WEB
APP208775,CUS108775,868000,24,TRAVEL,2026-01-05 18:10:00,MOBILE
APP208776,CUS108776,245000,12,EDUCATION,2026-08-29 05:53:00,MOBILE
APP208777,CUS108777,212000,36,TRAVEL,2026-06-15 17:07:00,MOBILE
APP208778,CUS108778,631000,36,DEBT_CONSOLIDATION,2026-04-22 02:05:00,MOBILE
APP208779,CUS108779,349000,48,TRAVEL,2026-11-01 18:11:00,MOBILE
APP208780,CUS108780,210000,48,TRAVEL,2026-01-01 05:11:00,WEB
APP208781,CUS108781,322000,48,DEBT_CONSOLIDATION,2026-09-10 10:53:00,WEB
APP208782,CUS108782,342000,36,TRAVEL,2026-12-04 13:16:00,MOBILE
APP208783,CUS108783,453000,36,MEDICAL,2026-10-03 12:42:00,MOBILE
APP208784,CUS108784,1068000,24,TRAVEL,2026-03-06 00:51:00,MOBILE
APP208785,CUS108785,444000,18,MEDICAL,2026-01-03 09:24:00,MOBILE
APP208786,CUS108786,363000,36,DEBT_CONSOLIDATION,2026-02-17 08:24:00,MOBILE
APP208787,CUS108787,314000,36,DEBT_CONSOLIDATION,2026-03-02 08:15:00,MOBILE
APP208788,CUS108788,289000,24,MEDICAL,2026-09-23 16:59:00,WEB
APP208789,CUS108789,340000,60,EDUCATION,2026-10-05 21:30:00,WEB
APP208790,CUS108790,134000,24,OTHER,2026-02-12 10:33:00,WEB
APP208791,CUS108791,846000,12,HOME_RENOVATION,2026-02-07 13:23:00,MOBILE
APP208792,CUS108792,317000,12,OTHER,2026-07-29 09:17:00,MOBILE
APP208793,CUS108793,292000,48,MEDICAL,2026-10-24 03:47:00,MOBILE
APP208794,CUS108794,1041000,36,HOME_RENOVATION,2026-11-21 07:11:00,MOBILE
APP208795,CUS108795,358000,48,DEBT_CONSOLIDATION,2026-02-03 21:36:00,MOBILE
APP208796,CUS108796,323000,60,DEBT_CONSOLIDATION,2026-09-13 05:47:00,MOBILE
APP208797,CUS108797,920000,24,EDUCATION,2026-05-07 05:56:00,MOBILE
APP208798,CUS108798,684000,24,DEBT_CONSOLIDATION,2026-08-31 20:38:00,WEB
APP208799,CUS108799,1225000,36,TRAVEL,2026-05-22 16:49:00,MOBILE
APP208800,CUS108800,834000,12,OTHER,2026-05-08 10:22:00,WEB
APP208801,CUS108801,788000,48,TRAVEL,2026-04-21 07:51:00,MOBILE
APP208802,CUS108802,474000,24,EDUCATION,2026-07-18 18:48:00,MOBILE
APP208803,CUS108803,284000,36,DEBT_CONSOLIDATION,2026-05-30 13:01:00,MOBILE
APP208804,CUS108804,449000,36,MEDICAL,2026-03-31 11:55:00,MOBILE
APP208805,CUS108805,544000,36,HOME_RENOVATION,2026-10-11 22:32:00,MOBILE
APP208806,CUS108806,230000,48,EDUCATION,2026-01-25 23:43:00,MOBILE
APP208807,CUS108807,365000,36,OTHER,2026-10-11 12:54:00,WEB
APP208808,CUS108808,276000,12,MEDICAL,2026-02-01 21:11:00,WEB
APP208809,CUS108809,216000,36,MEDICAL,2026-06-11 20:34:00,MOBILE
APP208810,CUS108810,646000,48,EDUCATION,2026-09-22 22:03:00,MOBILE
APP208811,CUS108811,467000,36,TRAVEL,2026-06-15 14:26:00,MOBILE
APP208812,CUS108812,642000,36,EDUCATION,2026-11-18 23:08:00,WEB
APP208813,CUS108813,551000,60,MEDICAL,2026-01-05 07:18:00,MOBILE
APP208814,CUS108814,358000,36,TRAVEL,2026-02-24 02:20:00,MOBILE
APP208815,CUS108815,871000,36,MEDICAL,2026-07-10 21:05:00,WEB
APP208816,CUS108816,759000,48,MEDICAL,2026-12-25 08:22:00,MOBILE
APP208817,CUS108817,369000,36,OTHER,2026-09-30 16:40:00,WEB
APP208818,CUS108818,689000,48,EDUCATION,2026-03-17 12:16:00,MOBILE
APP208819,CUS108819,419000,24,OTHER,2026-05-11 08:14:00,MOBILE
APP208820,CUS108820,193000,36,TRAVEL,2026-03-24 17:14:00,WEB
APP208821,CUS108821,382000,12,MEDICAL,2026-07-02 20:58:00,WEB
APP208822,CUS108822,767000,24,EDUCATION,2026-03-23 04:37:00,WEB
APP208823,CUS108823,498000,36,EDUCATION,2026-08-31 18:00:00,WEB
APP208824,CUS108824,191000,36,OTHER,2026-02-17 15:14:00,WEB
APP208825,CUS108825,292000,24,MEDICAL,2026-01-06 13:44:00,MOBILE
APP208826,CUS108826,1002000,36,TRAVEL,2026-07-09 16:06:00,MOBILE
APP208827,CUS108827,634000,12,OTHER,2026-07-01 03:53:00,WEB
APP208828,CUS108828,175000,36,DEBT_CONSOLIDATION,2026-10-20 09:54:00,MOBILE
APP208829,CUS108829,1092000,36,TRAVEL,2026-06-05 02:15:00,MOBILE
APP208830,CUS108830,1869000,36,OTHER,2026-08-30 17:41:00,WEB
APP208831,CUS108831,709000,48,DEBT_CONSOLIDATION,2026-03-28 08:36:00,MOBILE
APP208832,CUS108832,709000,48,EDUCATION,2026-01-20 00:08:00,WEB
APP208833,CUS108833,325000,60,OTHER,2026-07-03 21:31:00,MOBILE
APP208834,CUS108834,817000,24,DEBT_CONSOLIDATION,2026-11-19 03:07:00,MOBILE
APP208835,CUS108835,537000,12,EDUCATION,2026-06-23 03:26:00,MOBILE
APP208836,CUS108836,318000,48,EDUCATION,2026-12-27 08:54:00,WEB
APP208837,CUS108837,343000,36,DEBT_CONSOLIDATION,2026-10-26 19:15:00,WEB
APP208838,CUS108838,220000,36,TRAVEL,2026-05-11 16:24:00,MOBILE
APP208839,CUS108839,638000,60,MEDICAL,2026-08-09 21:34:00,MOBILE
APP208840,CUS108840,804000,24,OTHER,2026-07-22 02:24:00,MOBILE
APP208841,CUS108841,670000,48,DEBT_CONSOLIDATION,2026-03-30 17:23:00,MOBILE
APP208842,CUS108842,570000,24,DEBT_CONSOLIDATION,2026-02-13 22:26:00,MOBILE
APP208843,CUS108843,762000,48,OTHER,2026-04-17 03:49:00,MOBILE
APP208844,CUS108844,491000,18,HOME_RENOVATION,2026-01-27 14:03:00,WEB
APP208845,CUS108845,300000,36,TRAVEL,2026-06-09 08:11:00,MOBILE
APP208846,CUS108846,223000,48,HOME_RENOVATION,2026-12-06 23:19:00,MOBILE
APP208847,CUS108847,418000,24,HOME_RENOVATION,2026-12-10 22:24:00,WEB
APP208848,CUS108848,267000,48,EDUCATION,2026-06-09 08:37:00,MOBILE
APP208849,CUS108849,339000,60,HOME_RENOVATION,2026-01-17 01:37:00,WEB
APP208850,CUS108850,275000,48,TRAVEL,2026-10-24 15:38:00,MOBILE
APP208851,CUS108851,1060000,36,EDUCATION,2026-07-20 22:36:00,WEB
APP208852,CUS108852,451000,48,MEDICAL,2026-07-24 05:16:00,WEB
APP208853,CUS108853,780000,36,MEDICAL,2026-02-25 22:40:00,WEB
APP208854,CUS108854,217000,12,TRAVEL,2026-02-16 11:06:00,MOBILE
APP208855,CUS108855,354000,36,HOME_RENOVATION,2026-03-18 01:23:00,MOBILE
APP208856,CUS108856,404000,18,MEDICAL,2026-12-23 06:04:00,MOBILE
APP208857,CUS108857,776000,24,OTHER,2026-01-12 03:45:00,MOBILE
APP208858,CUS108858,390000,36,EDUCATION,2026-11-10 08:09:00,MOBILE
APP208859,CUS108859,275000,36,HOME_RENOVATION,2026-04-03 16:21:00,WEB
APP208860,CUS108860,370000,36,DEBT_CONSOLIDATION,2026-07-21 11:52:00,MOBILE
APP208861,CUS108861,472000,36,EDUCATION,2026-04-18 10:33:00,WEB
APP208862,CUS108862,243000,36,DEBT_CONSOLIDATION,2026-03-07 21:12:00,WEB
APP208863,CUS108863,760000,36,TRAVEL,2026-11-09 19:59:00,MOBILE
APP208864,CUS108864,279000,24,HOME_RENOVATION,2026-02-02 16:37:00,WEB
APP208865,CUS108865,351000,24,EDUCATION,2026-05-19 12:55:00,MOBILE
APP208866,CUS108866,270000,48,MEDICAL,2026-06-01 14:13:00,WEB
APP208867,CUS108867,548000,18,EDUCATION,2026-02-15 15:40:00,MOBILE
APP208868,CUS108868,608000,24,HOME_RENOVATION,2026-09-16 09:50:00,MOBILE
APP208869,CUS108869,472000,36,DEBT_CONSOLIDATION,2026-12-14 08:44:00,MOBILE
APP208870,CUS108870,451000,60,DEBT_CONSOLIDATION,2026-06-21 09:12:00,MOBILE
APP208871,CUS108871,476000,36,TRAVEL,2026-11-09 21:58:00,MOBILE
APP208872,CUS108872,563000,36,HOME_RENOVATION,2026-11-28 04:00:00,WEB
APP208873,CUS108873,629000,48,MEDICAL,2026-05-30 23:44:00,WEB
APP208874,CUS108874,479000,48,OTHER,2026-05-26 07:12:00,MOBILE
APP208875,CUS108875,810000,48,MEDICAL,2026-07-09 02:10:00,MOBILE
APP208876,CUS108876,436000,48,MEDICAL,2026-04-25 02:00:00,MOBILE
APP208877,CUS108877,548000,36,DEBT_CONSOLIDATION,2026-01-19 22:46:00,MOBILE
APP208878,CUS108878,567000,36,DEBT_CONSOLIDATION,2026-10-09 15:14:00,MOBILE
APP208879,CUS108879,852000,18,OTHER,2026-01-27 17:37:00,WEB
APP208880,CUS108880,409000,36,EDUCATION,2026-01-30 08:40:00,WEB
APP208881,CUS108881,758000,36,HOME_RENOVATION,2026-10-06 09:37:00,WEB
APP208882,CUS108882,753000,48,TRAVEL,2026-08-09 17:59:00,WEB
APP208883,CUS108883,847000,36,OTHER,2026-06-02 07:50:00,WEB
APP208884,CUS108884,469000,48,HOME_RENOVATION,2026-10-18 23:59:00,MOBILE
APP208885,CUS108885,1351000,48,TRAVEL,2026-05-19 19:34:00,WEB
APP208886,CUS108886,318000,36,TRAVEL,2026-08-01 13:34:00,MOBILE
APP208887,CUS108887,728000,36,OTHER,2026-06-12 21:13:00,MOBILE
APP208888,CUS108888,420000,48,DEBT_CONSOLIDATION,2026-05-16 02:01:00,MOBILE
APP208889,CUS108889,310000,24,HOME_RENOVATION,2026-08-19 00:57:00,WEB
APP208890,CUS108890,551000,18,EDUCATION,2026-10-06 06:04:00,WEB
APP208891,CUS108891,940000,18,MEDICAL,2026-04-24 14:57:00,WEB
APP208892,CUS108892,398000,18,HOME_RENOVATION,2026-12-07 01:23:00,WEB
APP208893,CUS108893,1044000,36,EDUCATION,2026-09-05 22:40:00,MOBILE
APP208894,CUS108894,564000,36,OTHER,2026-01-02 14:57:00,MOBILE
APP208895,CUS108895,617000,36,HOME_RENOVATION,2026-01-30 07:09:00,MOBILE
APP208896,CUS108896,184000,24,DEBT_CONSOLIDATION,2026-11-28 14:49:00,WEB
APP208897,CUS108897,196000,36,OTHER,2026-02-11 18:08:00,WEB
APP208898,CUS108898,420000,48,HOME_RENOVATION,2026-10-30 06:45:00,MOBILE
APP208899,CUS108899,536000,36,EDUCATION,2026-12-13 23:38:00,MOBILE
APP208900,CUS108900,174000,24,HOME_RENOVATION,2026-05-21 04:29:00,MOBILE
APP208901,CUS108901,411000,60,DEBT_CONSOLIDATION,2026-03-03 15:46:00,WEB
APP208902,CUS108902,213000,24,EDUCATION,2026-06-03 14:59:00,WEB
APP208903,CUS108903,552000,36,DEBT_CONSOLIDATION,2026-10-22 04:52:00,MOBILE
APP208904,CUS108904,141000,24,DEBT_CONSOLIDATION,2026-11-08 09:02:00,WEB
APP208905,CUS108905,249000,12,OTHER,2026-06-24 23:50:00,WEB
APP208906,CUS108906,245000,36,EDUCATION,2026-10-22 08:41:00,WEB
APP208907,CUS108907,305000,12,DEBT_CONSOLIDATION,2026-10-25 23:21:00,MOBILE
APP208908,CUS108908,628000,60,DEBT_CONSOLIDATION,2026-02-11 14:35:00,MOBILE
APP208909,CUS108909,327000,24,MEDICAL,2026-09-28 06:12:00,WEB
APP208910,CUS108910,206000,60,TRAVEL,2026-10-08 08:02:00,MOBILE
APP208911,CUS108911,277000,24,HOME_RENOVATION,2026-01-03 21:14:00,WEB
APP208912,CUS108912,131000,18,DEBT_CONSOLIDATION,2026-02-06 05:22:00,MOBILE
APP208913,CUS108913,918000,12,DEBT_CONSOLIDATION,2026-03-27 11:29:00,MOBILE
APP208914,CUS108914,689000,24,TRAVEL,2026-04-20 19:14:00,MOBILE
APP208915,CUS108915,485000,48,TRAVEL,2026-01-26 10:55:00,MOBILE
APP208916,CUS108916,587000,48,OTHER,2026-09-17 14:15:00,MOBILE
APP208917,CUS108917,362000,12,TRAVEL,2026-07-22 13:37:00,WEB
APP208918,CUS108918,281000,18,DEBT_CONSOLIDATION,2026-06-18 16:05:00,WEB
APP208919,CUS108919,400000,12,EDUCATION,2026-08-11 04:23:00,MOBILE
APP208920,CUS108920,584000,24,MEDICAL,2026-04-06 06:53:00,MOBILE
APP208921,CUS108921,351000,24,EDUCATION,2026-11-18 15:31:00,MOBILE
APP208922,CUS108922,246000,24,HOME_RENOVATION,2026-03-12 19:07:00,MOBILE
APP208923,CUS108923,410000,48,EDUCATION,2026-12-22 21:19:00,WEB
APP208924,CUS108924,507000,24,EDUCATION,2026-12-23 04:37:00,MOBILE
APP208925,CUS108925,698000,36,TRAVEL,2026-03-04 01:35:00,WEB
APP208926,CUS108926,385000,36,OTHER,2026-06-03 22:13:00,WEB
APP208927,CUS108927,826000,18,EDUCATION,2026-04-12 16:34:00,WEB
APP208928,CUS108928,176000,60,TRAVEL,2026-07-30 23:32:00,MOBILE
APP208929,CUS108929,454000,12,HOME_RENOVATION,2026-02-06 01:00:00,WEB
APP208930,CUS108930,145000,60,OTHER,2026-02-07 15:06:00,WEB
APP208931,CUS108931,724000,18,EDUCATION,2026-11-05 13:26:00,MOBILE
APP208932,CUS108932,243000,36,HOME_RENOVATION,2026-10-12 02:42:00,WEB
APP208933,CUS108933,482000,36,DEBT_CONSOLIDATION,2026-07-06 12:13:00,MOBILE
APP208934,CUS108934,419000,60,OTHER,2026-12-12 14:00:00,WEB
APP208935,CUS108935,905000,36,OTHER,2026-07-05 10:09:00,MOBILE
APP208936,CUS108936,614000,36,OTHER,2026-07-04 13:42:00,WEB
APP208937,CUS108937,522000,36,MEDICAL,2026-05-15 12:23:00,MOBILE
APP208938,CUS108938,545000,48,HOME_RENOVATION,2026-02-26 14:29:00,MOBILE
APP208939,CUS108939,321000,36,OTHER,2026-05-20 22:19:00,MOBILE
APP208940,CUS108940,566000,24,HOME_RENOVATION,2026-06-29 22:17:00,WEB
APP208941,CUS108941,444000,24,EDUCATION,2026-10-05 22:48:00,WEB
APP208942,CUS108942,676000,36,MEDICAL,2026-03-20 11:44:00,MOBILE
APP208943,CUS108943,317000,36,HOME_RENOVATION,2026-06-06 21:03:00,WEB
APP208944,CUS108944,394000,60,TRAVEL,2026-07-26 15:45:00,MOBILE
APP208945,CUS108945,194000,36,DEBT_CONSOLIDATION,2026-06-20 06:01:00,WEB
APP208946,CUS108946,201000,36,MEDICAL,2026-08-23 10:15:00,MOBILE
APP208947,CUS108947,504000,48,HOME_RENOVATION,2026-04-01 00:51:00,MOBILE
APP208948,CUS108948,701000,24,OTHER,2026-10-23 00:38:00,WEB
APP208949,CUS108949,606000,36,OTHER,2026-04-04 00:26:00,MOBILE
APP208950,CUS108950,376000,36,EDUCATION,2026-09-23 14:27:00,MOBILE
APP208951,CUS108951,193000,24,HOME_RENOVATION,2026-02-23 11:08:00,MOBILE
APP208952,CUS108952,349000,48,OTHER,2026-04-14 18:47:00,MOBILE
APP208953,CUS108953,710000,12,TRAVEL,2026-05-30 05:44:00,MOBILE
APP208954,CUS108954,398000,36,OTHER,2026-05-27 00:03:00,MOBILE
APP208955,CUS108955,156000,36,EDUCATION,2026-07-28 20:37:00,MOBILE
APP208956,CUS108956,462000,36,TRAVEL,2026-01-18 16:12:00,MOBILE
APP208957,CUS108957,138000,12,HOME_RENOVATION,2026-10-27 23:02:00,MOBILE
APP208958,CUS108958,425000,48,HOME_RENOVATION,2026-08-29 14:50:00,WEB
APP208959,CUS108959,714000,24,DEBT_CONSOLIDATION,2026-05-17 18:29:00,MOBILE
APP208960,CUS108960,436000,36,MEDICAL,2026-02-05 19:16:00,WEB
APP208961,CUS108961,300000,36,OTHER,2026-03-19 07:07:00,WEB
APP208962,CUS108962,197000,24,MEDICAL,2026-08-25 11:12:00,WEB
APP208963,CUS108963,161000,36,EDUCATION,2026-08-01 07:41:00,WEB
APP208964,CUS108964,867000,24,OTHER,2026-03-06 11:08:00,MOBILE
APP208965,CUS108965,506000,36,MEDICAL,2026-11-27 20:56:00,WEB
APP208966,CUS108966,244000,36,MEDICAL,2026-11-23 02:01:00,MOBILE
APP208967,CUS108967,622000,12,EDUCATION,2026-04-29 01:09:00,MOBILE
APP208968,CUS108968,414000,24,TRAVEL,2026-12-03 18:43:00,WEB
APP208969,CUS108969,456000,36,TRAVEL,2026-02-09 03:16:00,WEB
APP208970,CUS108970,462000,48,OTHER,2026-04-02 15:00:00,WEB
APP208971,CUS108971,221000,48,HOME_RENOVATION,2026-11-10 15:28:00,WEB
APP208972,CUS108972,484000,60,TRAVEL,2026-09-27 10:23:00,WEB
APP208973,CUS108973,446000,36,EDUCATION,2026-01-31 05:58:00,WEB
APP208974,CUS108974,697000,36,DEBT_CONSOLIDATION,2026-10-28 00:54:00,WEB
APP208975,CUS108975,414000,36,DEBT_CONSOLIDATION,2026-12-27 17:17:00,WEB
APP208976,CUS108976,459000,24,OTHER,2026-07-30 16:02:00,MOBILE
APP208977,CUS108977,411000,24,OTHER,2026-12-20 05:48:00,MOBILE
APP208978,CUS108978,501000,36,MEDICAL,2026-01-24 06:41:00,MOBILE
APP208979,CUS108979,647000,48,OTHER,2026-04-30 20:01:00,WEB
APP208980,CUS108980,442000,36,HOME_RENOVATION,2026-04-09 15:58:00,MOBILE
APP208981,CUS108981,508000,36,MEDICAL,2026-01-10 17:05:00,WEB
APP208982,CUS108982,428000,36,TRAVEL,2026-05-08 08:23:00,WEB
APP208983,CUS108983,294000,36,DEBT_CONSOLIDATION,2026-05-24 07:16:00,WEB
APP208984,CUS108984,320000,36,MEDICAL,2026-02-12 12:38:00,WEB
APP208985,CUS108985,119000,24,MEDICAL,2026-01-14 18:53:00,WEB
APP208986,CUS108986,337000,12,DEBT_CONSOLIDATION,2026-10-23 04:20:00,MOBILE
APP208987,CUS108987,425000,36,DEBT_CONSOLIDATION,2026-03-28 16:26:00,MOBILE
APP208988,CUS108988,443000,36,HOME_RENOVATION,2026-02-21 07:07:00,WEB
APP208989,CUS108989,327000,18,HOME_RENOVATION,2026-01-19 21:24:00,MOBILE
APP208990,CUS108990,454000,60,HOME_RENOVATION,2026-06-09 02:30:00,MOBILE
APP208991,CUS108991,939000,36,MEDICAL,2026-05-14 02:16:00,WEB
APP208992,CUS108992,656000,36,OTHER,2026-01-10 21:19:00,MOBILE
APP208993,CUS108993,399000,24,TRAVEL,2026-02-24 17:52:00,MOBILE
APP208994,CUS108994,346000,12,DEBT_CONSOLIDATION,2026-11-23 05:19:00,MOBILE
APP208995,CUS108995,365000,48,MEDICAL,2026-04-08 12:18:00,WEB
APP208996,CUS108996,398000,48,EDUCATION,2026-09-27 18:19:00,WEB
APP208997,CUS108997,580000,12,DEBT_CONSOLIDATION,2026-09-26 19:16:00,MOBILE
APP208998,CUS108998,286000,48,EDUCATION,2026-05-05 09:53:00,MOBILE
APP208999,CUS108999,909000,60,OTHER,2026-09-28 16:11:00,WEB
APP209000,CUS109000,248000,12,DEBT_CONSOLIDATION,2026-03-08 16:24:00,WEB
APP209001,CUS109001,502000,48,OTHER,2026-06-16 19:04:00,MOBILE
APP209002,CUS109002,280000,48,TRAVEL,2026-02-20 23:20:00,MOBILE
APP209003,CUS109003,574000,24,HOME_RENOVATION,2026-04-04 11:15:00,WEB
APP209004,CUS109004,231000,36,EDUCATION,2026-04-01 23:05:00,WEB
APP209005,CUS109005,439000,36,TRAVEL,2026-04-02 07:08:00,MOBILE
APP209006,CUS109006,237000,24,MEDICAL,2026-05-02 10:01:00,MOBILE
APP209007,CUS109007,101000,18,HOME_RENOVATION,2026-09-30 23:46:00,MOBILE
APP209008,CUS109008,273000,60,TRAVEL,2026-09-20 08:34:00,MOBILE
APP209009,CUS109009,434000,36,TRAVEL,2026-10-30 22:11:00,MOBILE
APP209010,CUS109010,488000,24,TRAVEL,2026-03-24 00:16:00,MOBILE
APP209011,CUS109011,569000,24,DEBT_CONSOLIDATION,2026-05-15 07:35:00,WEB
APP209012,CUS109012,178000,24,HOME_RENOVATION,2026-11-19 06:10:00,MOBILE
APP209013,CUS109013,225000,36,DEBT_CONSOLIDATION,2026-06-11 21:18:00,WEB
APP209014,CUS109014,2000000,36,MEDICAL,2026-08-15 11:25:00,MOBILE
APP209015,CUS109015,390000,48,HOME_RENOVATION,2026-01-09 14:51:00,MOBILE
APP209016,CUS109016,414000,24,MEDICAL,2026-11-19 18:03:00,MOBILE
APP209017,CUS109017,309000,36,HOME_RENOVATION,2026-05-28 16:00:00,MOBILE
APP209018,CUS109018,437000,12,DEBT_CONSOLIDATION,2026-05-03 16:36:00,MOBILE
APP209019,CUS109019,327000,18,EDUCATION,2026-07-29 06:35:00,WEB
APP209020,CUS109020,238000,24,DEBT_CONSOLIDATION,2026-10-13 02:24:00,MOBILE
APP209021,CUS109021,230000,12,HOME_RENOVATION,2026-06-15 00:26:00,MOBILE
APP209022,CUS109022,552000,18,OTHER,2026-06-01 19:25:00,MOBILE
APP209023,CUS109023,592000,36,OTHER,2026-08-04 05:32:00,MOBILE
APP209024,CUS109024,551000,36,EDUCATION,2026-11-30 17:37:00,WEB
APP209025,CUS109025,367000,36,EDUCATION,2026-09-09 11:36:00,MOBILE
APP209026,CUS109026,447000,24,OTHER,2026-12-31 06:21:00,WEB
APP209027,CUS109027,353000,24,EDUCATION,2026-07-09 21:16:00,MOBILE
APP209028,CUS109028,700000,36,HOME_RENOVATION,2026-10-24 14:22:00,MOBILE
APP209029,CUS109029,349000,36,TRAVEL,2026-01-31 15:54:00,MOBILE
APP209030,CUS109030,216000,60,OTHER,2026-08-09 10:07:00,MOBILE
APP209031,CUS109031,460000,36,EDUCATION,2026-05-12 14:23:00,MOBILE
APP209032,CUS109032,280000,12,EDUCATION,2026-03-18 15:03:00,WEB
APP209033,CUS109033,363000,48,EDUCATION,2026-01-24 09:13:00,WEB
APP209034,CUS109034,824000,36,TRAVEL,2026-10-31 14:51:00,MOBILE
APP209035,CUS109035,305000,24,OTHER,2026-01-12 10:59:00,MOBILE
APP209036,CUS109036,257000,36,MEDICAL,2026-02-14 11:21:00,WEB
APP209037,CUS109037,213000,48,DEBT_CONSOLIDATION,2026-10-16 09:56:00,WEB
APP209038,CUS109038,311000,36,MEDICAL,2026-01-08 14:56:00,MOBILE
APP209039,CUS109039,352000,36,DEBT_CONSOLIDATION,2026-06-14 03:29:00,MOBILE
APP209040,CUS109040,470000,36,HOME_RENOVATION,2026-08-03 16:21:00,WEB
APP209041,CUS109041,396000,60,OTHER,2026-03-29 04:34:00,MOBILE
APP209042,CUS109042,468000,36,TRAVEL,2026-06-11 06:47:00,MOBILE
APP209043,CUS109043,211000,24,DEBT_CONSOLIDATION,2026-01-12 00:34:00,MOBILE
APP209044,CUS109044,517000,36,OTHER,2026-04-18 22:17:00,MOBILE
APP209045,CUS109045,600000,48,MEDICAL,2026-05-25 08:28:00,MOBILE
APP209046,CUS109046,620000,12,MEDICAL,2026-07-25 19:57:00,MOBILE
APP209047,CUS109047,272000,12,MEDICAL,2026-09-23 20:04:00,MOBILE
APP209048,CUS109048,613000,48,MEDICAL,2026-05-24 06:07:00,MOBILE
APP209049,CUS109049,638000,12,OTHER,2026-08-27 22:58:00,MOBILE
APP209050,CUS109050,170000,24,OTHER,2026-09-15 16:16:00,MOBILE
APP209051,CUS109051,944000,60,EDUCATION,2026-04-11 03:07:00,WEB
APP209052,CUS109052,457000,18,EDUCATION,2026-12-11 00:57:00,MOBILE
APP209053,CUS109053,1253000,24,DEBT_CONSOLIDATION,2026-07-16 13:46:00,WEB
APP209054,CUS109054,865000,18,EDUCATION,2026-04-29 04:42:00,MOBILE
APP209055,CUS109055,508000,36,EDUCATION,2026-08-19 01:46:00,WEB
APP209056,CUS109056,405000,48,OTHER,2026-06-10 00:34:00,WEB
APP209057,CUS109057,458000,48,EDUCATION,2026-04-17 23:41:00,MOBILE
APP209058,CUS109058,161000,24,OTHER,2026-01-26 01:43:00,WEB
APP209059,CUS109059,120000,18,HOME_RENOVATION,2026-08-29 12:30:00,MOBILE
APP209060,CUS109060,381000,48,HOME_RENOVATION,2026-06-21 06:49:00,MOBILE
APP209061,CUS109061,616000,36,OTHER,2026-07-14 11:52:00,WEB
APP209062,CUS109062,324000,48,TRAVEL,2026-11-13 04:57:00,MOBILE
APP209063,CUS109063,360000,60,EDUCATION,2026-02-12 03:54:00,MOBILE
APP209064,CUS109064,579000,12,DEBT_CONSOLIDATION,2026-05-10 12:20:00,MOBILE
APP209065,CUS109065,109000,36,DEBT_CONSOLIDATION,2026-01-13 16:28:00,MOBILE
APP209066,CUS109066,695000,48,EDUCATION,2026-06-14 23:39:00,MOBILE
APP209067,CUS109067,602000,36,TRAVEL,2026-04-25 16:30:00,MOBILE
APP209068,CUS109068,375000,48,TRAVEL,2026-01-05 05:37:00,MOBILE
APP209069,CUS109069,227000,48,OTHER,2026-09-02 04:56:00,WEB
APP209070,CUS109070,523000,18,OTHER,2026-07-02 20:52:00,WEB
APP209071,CUS109071,334000,24,MEDICAL,2026-11-18 14:28:00,MOBILE
APP209072,CUS109072,320000,24,MEDICAL,2026-05-24 18:06:00,MOBILE
APP209073,CUS109073,182000,24,OTHER,2026-04-18 23:09:00,WEB
APP209074,CUS109074,594000,36,OTHER,2026-01-23 18:57:00,MOBILE
APP209075,CUS109075,267000,36,EDUCATION,2026-11-17 21:11:00,MOBILE
APP209076,CUS109076,385000,36,DEBT_CONSOLIDATION,2026-10-07 21:49:00,MOBILE
APP209077,CUS109077,991000,48,HOME_RENOVATION,2026-06-18 14:32:00,MOBILE
APP209078,CUS109078,696000,36,MEDICAL,2026-03-28 15:27:00,MOBILE
APP209079,CUS109079,448000,36,EDUCATION,2026-05-22 20:47:00,WEB
APP209080,CUS109080,309000,36,TRAVEL,2026-01-26 04:04:00,MOBILE
APP209081,CUS109081,708000,48,MEDICAL,2026-05-04 19:07:00,MOBILE
APP209082,CUS109082,541000,48,HOME_RENOVATION,2026-01-02 04:47:00,WEB
APP209083,CUS109083,228000,24,DEBT_CONSOLIDATION,2026-05-20 10:29:00,MOBILE
APP209084,CUS109084,298000,12,OTHER,2026-11-08 23:38:00,WEB
APP209085,CUS109085,205000,36,DEBT_CONSOLIDATION,2026-09-07 18:57:00,MOBILE
APP209086,CUS109086,234000,36,DEBT_CONSOLIDATION,2026-10-03 10:49:00,MOBILE
APP209087,CUS109087,340000,36,EDUCATION,2026-01-03 14:58:00,WEB
APP209088,CUS109088,100000,36,EDUCATION,2026-11-18 13:27:00,MOBILE
APP209089,CUS109089,485000,36,TRAVEL,2026-09-18 14:35:00,WEB
APP209090,CUS109090,191000,24,HOME_RENOVATION,2026-04-27 03:12:00,MOBILE
APP209091,CUS109091,998000,36,HOME_RENOVATION,2026-12-05 11:18:00,MOBILE
APP209092,CUS109092,334000,36,HOME_RENOVATION,2026-12-24 11:21:00,WEB
APP209093,CUS109093,247000,18,TRAVEL,2026-04-03 18:31:00,MOBILE
APP209094,CUS109094,245000,48,TRAVEL,2026-02-03 00:49:00,WEB
APP209095,CUS109095,438000,48,HOME_RENOVATION,2026-10-28 13:15:00,MOBILE
APP209096,CUS109096,511000,12,OTHER,2026-03-27 18:33:00,WEB
APP209097,CUS109097,990000,36,MEDICAL,2026-02-24 15:38:00,MOBILE
APP209098,CUS109098,420000,36,MEDICAL,2026-12-11 00:54:00,MOBILE
APP209099,CUS109099,251000,48,HOME_RENOVATION,2026-07-05 01:46:00,WEB
APP209100,CUS109100,381000,36,HOME_RENOVATION,2026-10-02 09:01:00,MOBILE
APP209101,CUS109101,165000,36,DEBT_CONSOLIDATION,2026-08-08 01:55:00,MOBILE
APP209102,CUS109102,384000,36,MEDICAL,2026-08-12 11:39:00,MOBILE
APP209103,CUS109103,1647000,48,OTHER,2026-09-08 08:25:00,MOBILE
APP209104,CUS109104,764000,36,EDUCATION,2026-03-31 03:03:00,WEB
APP209105,CUS109105,525000,24,MEDICAL,2026-07-28 13:07:00,MOBILE
APP209106,CUS109106,994000,36,DEBT_CONSOLIDATION,2026-01-09 02:25:00,WEB
APP209107,CUS109107,361000,36,TRAVEL,2026-04-24 13:06:00,MOBILE
APP209108,CUS109108,538000,36,OTHER,2026-03-18 16:33:00,WEB
APP209109,CUS109109,230000,48,HOME_RENOVATION,2026-02-18 01:16:00,MOBILE
APP209110,CUS109110,579000,36,MEDICAL,2026-03-16 14:04:00,WEB
APP209111,CUS109111,165000,24,EDUCATION,2026-12-08 03:26:00,MOBILE
APP209112,CUS109112,412000,36,OTHER,2026-07-18 11:42:00,WEB
APP209113,CUS109113,380000,36,TRAVEL,2026-04-03 04:15:00,MOBILE
APP209114,CUS109114,495000,36,EDUCATION,2026-02-27 18:00:00,WEB
APP209115,CUS109115,163000,36,HOME_RENOVATION,2026-11-24 06:46:00,WEB
APP209116,CUS109116,195000,48,HOME_RENOVATION,2026-09-20 22:08:00,MOBILE
APP209117,CUS109117,620000,18,EDUCATION,2026-11-17 22:29:00,MOBILE
APP209118,CUS109118,362000,12,DEBT_CONSOLIDATION,2026-12-05 06:01:00,MOBILE
APP209119,CUS109119,383000,36,HOME_RENOVATION,2026-11-26 23:01:00,MOBILE
APP209120,CUS109120,537000,60,EDUCATION,2026-05-25 01:26:00,MOBILE
APP209121,CUS109121,497000,60,HOME_RENOVATION,2026-04-11 11:28:00,WEB
APP209122,CUS109122,1422000,36,MEDICAL,2026-06-25 11:21:00,MOBILE
APP209123,CUS109123,355000,48,HOME_RENOVATION,2026-05-06 11:47:00,WEB
APP209124,CUS109124,930000,36,HOME_RENOVATION,2026-04-29 17:24:00,MOBILE
APP209125,CUS109125,247000,48,DEBT_CONSOLIDATION,2026-07-25 16:41:00,MOBILE
APP209126,CUS109126,290000,36,DEBT_CONSOLIDATION,2026-10-21 03:58:00,MOBILE
APP209127,CUS109127,585000,48,MEDICAL,2026-08-13 16:26:00,MOBILE
APP209128,CUS109128,612000,48,TRAVEL,2026-04-20 18:53:00,MOBILE
APP209129,CUS109129,188000,24,HOME_RENOVATION,2026-05-07 01:29:00,WEB
APP209130,CUS109130,206000,24,DEBT_CONSOLIDATION,2026-05-26 22:06:00,WEB
APP209131,CUS109131,611000,48,DEBT_CONSOLIDATION,2026-02-01 04:27:00,WEB
APP209132,CUS109132,270000,60,OTHER,2026-12-05 20:04:00,MOBILE
APP209133,CUS109133,939000,36,EDUCATION,2026-02-25 10:42:00,MOBILE
APP209134,CUS109134,734000,36,MEDICAL,2026-03-09 03:47:00,MOBILE
APP209135,CUS109135,673000,48,HOME_RENOVATION,2026-08-22 23:53:00,MOBILE
APP209136,CUS109136,231000,48,OTHER,2026-04-07 20:03:00,MOBILE
APP209137,CUS109137,185000,36,TRAVEL,2026-11-16 09:16:00,MOBILE
APP209138,CUS109138,286000,12,HOME_RENOVATION,2026-08-14 03:17:00,WEB
APP209139,CUS109139,367000,36,EDUCATION,2026-03-28 08:10:00,MOBILE
APP209140,CUS109140,272000,36,OTHER,2026-06-27 08:27:00,MOBILE
APP209141,CUS109141,846000,48,TRAVEL,2026-07-11 13:30:00,MOBILE
APP209142,CUS109142,791000,48,TRAVEL,2026-12-07 04:48:00,MOBILE
APP209143,CUS109143,302000,36,TRAVEL,2026-10-08 05:23:00,MOBILE
APP209144,CUS109144,171000,36,OTHER,2026-11-26 15:22:00,MOBILE
APP209145,CUS109145,200000,18,OTHER,2026-08-05 15:27:00,WEB
APP209146,CUS109146,367000,36,DEBT_CONSOLIDATION,2026-12-05 02:30:00,MOBILE
APP209147,CUS109147,732000,48,MEDICAL,2026-07-02 00:19:00,MOBILE
APP209148,CUS109148,566000,48,MEDICAL,2026-12-29 10:30:00,WEB
APP209149,CUS109149,496000,24,TRAVEL,2026-07-27 12:39:00,MOBILE
APP209150,CUS109150,100000,60,TRAVEL,2026-12-21 12:33:00,MOBILE
APP209151,CUS109151,247000,36,EDUCATION,2026-06-02 12:55:00,MOBILE
APP209152,CUS109152,560000,24,EDUCATION,2026-10-18 01:02:00,WEB
APP209153,CUS109153,766000,36,EDUCATION,2026-01-19 20:58:00,MOBILE
APP209154,CUS109154,322000,24,DEBT_CONSOLIDATION,2026-09-14 13:50:00,MOBILE
APP209155,CUS109155,435000,48,MEDICAL,2026-06-09 15:40:00,MOBILE
APP209156,CUS109156,1166000,36,OTHER,2026-05-12 10:30:00,WEB
APP209157,CUS109157,543000,48,HOME_RENOVATION,2026-09-07 09:02:00,MOBILE
APP209158,CUS109158,575000,60,DEBT_CONSOLIDATION,2026-06-29 23:01:00,WEB
APP209159,CUS109159,789000,24,TRAVEL,2026-05-28 13:33:00,WEB
APP209160,CUS109160,103000,36,MEDICAL,2026-03-07 12:00:00,MOBILE
APP209161,CUS109161,320000,24,OTHER,2026-11-21 21:36:00,MOBILE
APP209162,CUS109162,313000,12,DEBT_CONSOLIDATION,2026-08-06 09:05:00,MOBILE
APP209163,CUS109163,341000,24,MEDICAL,2026-02-12 03:23:00,WEB
APP209164,CUS109164,518000,18,EDUCATION,2026-08-31 15:40:00,WEB
APP209165,CUS109165,404000,36,OTHER,2026-02-02 09:46:00,MOBILE
APP209166,CUS109166,295000,12,TRAVEL,2026-04-25 14:21:00,MOBILE
APP209167,CUS109167,428000,36,MEDICAL,2026-07-16 07:04:00,WEB
APP209168,CUS109168,162000,36,MEDICAL,2026-06-02 01:04:00,WEB
APP209169,CUS109169,361000,48,EDUCATION,2026-09-10 21:32:00,MOBILE
APP209170,CUS109170,434000,18,EDUCATION,2026-12-03 10:46:00,WEB
APP209171,CUS109171,260000,48,EDUCATION,2026-08-27 02:54:00,WEB
APP209172,CUS109172,271000,48,OTHER,2026-04-02 14:58:00,MOBILE
APP209173,CUS109173,283000,48,MEDICAL,2026-05-23 20:57:00,MOBILE
APP209174,CUS109174,449000,48,HOME_RENOVATION,2026-11-01 15:01:00,MOBILE
APP209175,CUS109175,305000,60,HOME_RENOVATION,2026-02-15 19:56:00,MOBILE
APP209176,CUS109176,351000,36,MEDICAL,2026-09-22 06:06:00,MOBILE
APP209177,CUS109177,693000,24,MEDICAL,2026-08-09 07:38:00,MOBILE
APP209178,CUS109178,832000,36,MEDICAL,2026-03-16 02:34:00,MOBILE
APP209179,CUS109179,260000,24,EDUCATION,2026-06-10 12:27:00,WEB
APP209180,CUS109180,307000,36,HOME_RENOVATION,2026-04-23 16:59:00,MOBILE
APP209181,CUS109181,350000,36,HOME_RENOVATION,2026-03-13 19:23:00,MOBILE
APP209182,CUS109182,326000,36,DEBT_CONSOLIDATION,2026-03-02 13:52:00,MOBILE
APP209183,CUS109183,849000,48,HOME_RENOVATION,2026-08-28 23:08:00,WEB
APP209184,CUS109184,864000,60,HOME_RENOVATION,2026-04-12 10:53:00,WEB
APP209185,CUS109185,1118000,60,TRAVEL,2026-10-29 20:01:00,MOBILE
APP209186,CUS109186,318000,24,HOME_RENOVATION,2026-06-30 21:53:00,MOBILE
APP209187,CUS109187,508000,60,HOME_RENOVATION,2026-03-25 19:41:00,WEB
APP209188,CUS109188,187000,60,DEBT_CONSOLIDATION,2026-02-20 22:03:00,MOBILE
APP209189,CUS109189,286000,60,HOME_RENOVATION,2026-10-15 17:47:00,MOBILE
APP209190,CUS109190,216000,36,MEDICAL,2026-05-13 22:04:00,MOBILE
APP209191,CUS109191,197000,36,DEBT_CONSOLIDATION,2026-07-18 05:03:00,MOBILE
APP209192,CUS109192,225000,36,EDUCATION,2026-11-07 23:57:00,MOBILE
APP209193,CUS109193,149000,36,MEDICAL,2026-04-07 03:00:00,MOBILE
APP209194,CUS109194,882000,36,HOME_RENOVATION,2026-03-13 14:34:00,WEB
APP209195,CUS109195,176000,48,HOME_RENOVATION,2026-11-14 10:27:00,WEB
APP209196,CUS109196,256000,24,HOME_RENOVATION,2026-11-07 20:38:00,WEB
APP209197,CUS109197,669000,36,OTHER,2026-06-05 05:07:00,WEB
APP209198,CUS109198,209000,36,OTHER,2026-10-29 08:00:00,MOBILE
APP209199,CUS109199,473000,36,MEDICAL,2026-11-27 18:05:00,MOBILE
APP209200,CUS109200,367000,36,DEBT_CONSOLIDATION,2026-04-25 15:47:00,WEB
APP209201,CUS109201,600000,48,TRAVEL,2026-02-01 12:34:00,MOBILE
APP209202,CUS109202,163000,12,OTHER,2026-08-07 08:50:00,MOBILE
APP209203,CUS109203,894000,36,MEDICAL,2026-01-07 06:08:00,MOBILE
APP209204,CUS109204,283000,48,EDUCATION,2026-07-17 03:08:00,WEB
APP209205,CUS109205,552000,36,TRAVEL,2026-05-14 18:47:00,MOBILE
APP209206,CUS109206,261000,36,EDUCATION,2026-08-21 00:55:00,MOBILE
APP209207,CUS109207,993000,24,HOME_RENOVATION,2026-03-30 19:16:00,WEB
APP209208,CUS109208,912000,60,TRAVEL,2026-02-14 13:02:00,WEB
APP209209,CUS109209,260000,18,DEBT_CONSOLIDATION,2026-12-31 22:39:00,WEB
APP209210,CUS109210,361000,36,DEBT_CONSOLIDATION,2026-03-10 00:24:00,MOBILE
APP209211,CUS109211,567000,36,TRAVEL,2026-12-12 06:34:00,MOBILE
APP209212,CUS109212,295000,36,TRAVEL,2026-05-22 04:01:00,MOBILE
APP209213,CUS109213,410000,36,HOME_RENOVATION,2026-07-07 16:48:00,MOBILE
APP209214,CUS109214,273000,48,EDUCATION,2026-09-30 01:56:00,WEB
APP209215,CUS109215,232000,48,MEDICAL,2026-10-21 16:25:00,WEB
APP209216,CUS109216,264000,18,DEBT_CONSOLIDATION,2026-01-18 23:51:00,MOBILE
APP209217,CUS109217,290000,36,MEDICAL,2026-06-08 16:46:00,WEB
APP209218,CUS109218,155000,48,OTHER,2026-06-24 07:17:00,MOBILE
APP209219,CUS109219,168000,12,HOME_RENOVATION,2026-08-11 12:56:00,MOBILE
APP209220,CUS109220,149000,36,MEDICAL,2026-05-30 16:51:00,MOBILE
APP209221,CUS109221,436000,36,OTHER,2026-10-09 22:57:00,WEB
APP209222,CUS109222,553000,36,HOME_RENOVATION,2026-12-16 05:13:00,WEB
APP209223,CUS109223,795000,60,HOME_RENOVATION,2026-06-29 19:34:00,WEB
APP209224,CUS109224,498000,18,OTHER,2026-04-05 01:26:00,MOBILE
APP209225,CUS109225,264000,12,EDUCATION,2026-08-30 19:28:00,MOBILE
APP209226,CUS109226,510000,48,TRAVEL,2026-12-31 13:01:00,MOBILE
APP209227,CUS109227,228000,36,MEDICAL,2026-03-26 06:29:00,WEB
APP209228,CUS109228,510000,36,MEDICAL,2026-04-19 10:28:00,MOBILE
APP209229,CUS109229,947000,36,TRAVEL,2026-08-17 20:45:00,MOBILE
APP209230,CUS109230,522000,36,MEDICAL,2026-09-23 12:28:00,MOBILE
APP209231,CUS109231,765000,36,DEBT_CONSOLIDATION,2026-01-19 11:24:00,WEB
APP209232,CUS109232,328000,36,DEBT_CONSOLIDATION,2026-06-27 21:41:00,MOBILE
APP209233,CUS109233,447000,36,TRAVEL,2026-03-10 22:41:00,WEB
APP209234,CUS109234,533000,24,HOME_RENOVATION,2026-03-21 02:13:00,MOBILE
APP209235,CUS109235,382000,48,DEBT_CONSOLIDATION,2026-03-19 10:02:00,MOBILE
APP209236,CUS109236,519000,48,DEBT_CONSOLIDATION,2026-05-07 07:28:00,WEB
APP209237,CUS109237,210000,24,TRAVEL,2026-12-20 22:54:00,WEB
APP209238,CUS109238,207000,36,HOME_RENOVATION,2026-08-09 00:08:00,WEB
APP209239,CUS109239,565000,36,OTHER,2026-04-20 18:07:00,WEB
APP209240,CUS109240,520000,24,EDUCATION,2026-04-17 17:24:00,WEB
APP209241,CUS109241,341000,36,EDUCATION,2026-12-27 00:37:00,WEB
APP209242,CUS109242,553000,36,TRAVEL,2026-07-21 12:04:00,WEB
APP209243,CUS109243,916000,60,TRAVEL,2026-08-19 07:46:00,MOBILE
APP209244,CUS109244,524000,48,OTHER,2026-06-05 07:09:00,WEB
APP209245,CUS109245,1814000,12,EDUCATION,2026-01-01 04:37:00,MOBILE
APP209246,CUS109246,282000,18,TRAVEL,2026-04-27 10:07:00,MOBILE
APP209247,CUS109247,183000,36,TRAVEL,2026-10-18 20:31:00,MOBILE
APP209248,CUS109248,220000,60,TRAVEL,2026-03-19 14:25:00,MOBILE
APP209249,CUS109249,104000,12,MEDICAL,2026-11-24 01:25:00,MOBILE
APP209250,CUS109250,1393000,36,HOME_RENOVATION,2026-01-28 17:03:00,WEB
APP209251,CUS109251,447000,60,DEBT_CONSOLIDATION,2026-11-29 02:26:00,WEB
APP209252,CUS109252,527000,36,TRAVEL,2026-02-23 22:41:00,MOBILE
APP209253,CUS109253,261000,60,MEDICAL,2026-09-11 11:57:00,WEB
APP209254,CUS109254,356000,48,MEDICAL,2026-03-27 16:03:00,WEB
APP209255,CUS109255,106000,12,TRAVEL,2026-01-04 07:39:00,MOBILE
APP209256,CUS109256,251000,24,TRAVEL,2026-10-17 11:53:00,MOBILE
APP209257,CUS109257,436000,24,OTHER,2026-08-16 08:13:00,WEB
APP209258,CUS109258,292000,36,MEDICAL,2026-08-01 10:27:00,MOBILE
APP209259,CUS109259,207000,48,MEDICAL,2026-01-30 16:55:00,MOBILE
APP209260,CUS109260,812000,12,OTHER,2026-05-27 21:10:00,MOBILE
APP209261,CUS109261,778000,24,EDUCATION,2026-03-16 06:45:00,WEB
APP209262,CUS109262,307000,12,EDUCATION,2026-03-18 09:42:00,WEB
APP209263,CUS109263,302000,60,EDUCATION,2026-03-25 23:43:00,MOBILE
APP209264,CUS109264,120000,18,TRAVEL,2026-08-12 10:44:00,WEB
APP209265,CUS109265,645000,36,HOME_RENOVATION,2026-12-04 06:05:00,MOBILE
APP209266,CUS109266,447000,36,EDUCATION,2026-01-09 10:25:00,MOBILE
APP209267,CUS109267,193000,36,HOME_RENOVATION,2026-10-06 06:34:00,MOBILE
APP209268,CUS109268,252000,36,HOME_RENOVATION,2026-05-31 15:12:00,MOBILE
APP209269,CUS109269,582000,18,TRAVEL,2026-04-19 19:45:00,MOBILE
APP209270,CUS109270,192000,12,OTHER,2026-05-16 07:56:00,WEB
APP209271,CUS109271,367000,36,HOME_RENOVATION,2026-07-08 19:43:00,MOBILE
APP209272,CUS109272,537000,18,MEDICAL,2026-08-31 23:01:00,WEB
APP209273,CUS109273,205000,36,OTHER,2026-12-18 08:08:00,MOBILE
APP209274,CUS109274,186000,12,TRAVEL,2026-03-14 05:48:00,WEB
APP209275,CUS109275,256000,36,HOME_RENOVATION,2026-07-24 19:59:00,MOBILE
APP209276,CUS109276,1114000,36,DEBT_CONSOLIDATION,2026-01-10 14:33:00,WEB
APP209277,CUS109277,1137000,36,MEDICAL,2026-12-20 01:45:00,WEB
APP209278,CUS109278,260000,36,HOME_RENOVATION,2026-09-18 08:17:00,WEB
APP209279,CUS109279,597000,36,TRAVEL,2026-11-03 17:11:00,WEB
APP209280,CUS109280,225000,36,HOME_RENOVATION,2026-04-10 12:54:00,WEB
APP209281,CUS109281,223000,48,MEDICAL,2026-08-26 14:59:00,WEB
APP209282,CUS109282,129000,12,OTHER,2026-06-06 01:31:00,MOBILE
APP209283,CUS109283,202000,36,HOME_RENOVATION,2026-06-24 11:41:00,MOBILE
APP209284,CUS109284,165000,36,EDUCATION,2026-02-05 11:55:00,WEB
APP209285,CUS109285,712000,36,TRAVEL,2026-03-09 12:31:00,MOBILE
APP209286,CUS109286,153000,36,MEDICAL,2026-07-15 20:31:00,MOBILE
APP209287,CUS109287,142000,60,TRAVEL,2026-02-20 13:06:00,WEB
APP209288,CUS109288,378000,12,OTHER,2026-03-08 03:16:00,MOBILE
APP209289,CUS109289,259000,24,MEDICAL,2026-09-07 23:50:00,MOBILE
APP209290,CUS109290,505000,36,MEDICAL,2026-07-04 12:51:00,MOBILE
APP209291,CUS109291,393000,48,OTHER,2026-10-29 05:09:00,MOBILE
APP209292,CUS109292,908000,60,OTHER,2026-06-17 04:58:00,WEB
APP209293,CUS109293,512000,24,TRAVEL,2026-01-30 07:43:00,MOBILE
APP209294,CUS109294,491000,36,HOME_RENOVATION,2026-01-30 09:14:00,WEB
APP209295,CUS109295,444000,36,OTHER,2026-09-01 06:42:00,MOBILE
APP209296,CUS109296,460000,36,MEDICAL,2026-05-02 09:32:00,MOBILE
APP209297,CUS109297,304000,36,MEDICAL,2026-07-17 06:19:00,WEB
APP209298,CUS109298,318000,36,HOME_RENOVATION,2026-08-06 03:25:00,MOBILE
APP209299,CUS109299,554000,36,EDUCATION,2026-05-18 15:26:00,MOBILE
APP209300,CUS109300,237000,36,OTHER,2026-04-28 13:13:00,WEB
APP209301,CUS109301,1324000,60,MEDICAL,2026-11-13 12:20:00,MOBILE
APP209302,CUS109302,277000,12,TRAVEL,2026-03-28 23:16:00,MOBILE
APP209303,CUS109303,560000,36,MEDICAL,2026-01-19 23:02:00,MOBILE
APP209304,CUS109304,391000,36,OTHER,2026-09-12 15:36:00,WEB
APP209305,CUS109305,652000,36,MEDICAL,2026-09-23 03:20:00,WEB
APP209306,CUS109306,1145000,36,MEDICAL,2026-01-23 20:06:00,MOBILE
APP209307,CUS109307,389000,12,MEDICAL,2026-03-26 23:55:00,WEB
APP209308,CUS109308,318000,36,OTHER,2026-02-12 19:45:00,MOBILE
APP209309,CUS109309,345000,36,MEDICAL,2026-09-18 10:32:00,MOBILE
APP209310,CUS109310,291000,36,HOME_RENOVATION,2026-05-11 14:13:00,MOBILE
APP209311,CUS109311,327000,48,OTHER,2026-08-13 11:40:00,MOBILE
APP209312,CUS109312,563000,18,TRAVEL,2026-02-20 06:15:00,MOBILE
APP209313,CUS109313,209000,36,MEDICAL,2026-04-23 09:07:00,MOBILE
APP209314,CUS109314,1090000,36,DEBT_CONSOLIDATION,2026-06-22 14:02:00,WEB
APP209315,CUS109315,1022000,36,MEDICAL,2026-09-06 08:09:00,MOBILE
APP209316,CUS109316,320000,24,MEDICAL,2026-03-07 16:42:00,MOBILE
APP209317,CUS109317,489000,36,MEDICAL,2026-06-15 08:33:00,MOBILE
APP209318,CUS109318,159000,36,EDUCATION,2026-05-07 06:08:00,WEB
APP209319,CUS109319,482000,12,OTHER,2026-04-01 22:31:00,MOBILE
APP209320,CUS109320,227000,36,EDUCATION,2026-03-23 04:37:00,WEB
APP209321,CUS109321,648000,36,DEBT_CONSOLIDATION,2026-02-18 18:37:00,MOBILE
APP209322,CUS109322,258000,36,DEBT_CONSOLIDATION,2026-05-18 03:12:00,MOBILE
APP209323,CUS109323,235000,60,OTHER,2026-12-22 05:57:00,MOBILE
APP209324,CUS109324,802000,18,OTHER,2026-12-25 12:08:00,WEB
APP209325,CUS109325,424000,24,OTHER,2026-11-14 16:06:00,MOBILE
APP209326,CUS109326,369000,48,DEBT_CONSOLIDATION,2026-06-09 00:14:00,MOBILE
APP209327,CUS109327,400000,18,HOME_RENOVATION,2026-01-23 09:17:00,MOBILE
APP209328,CUS109328,279000,36,HOME_RENOVATION,2026-09-17 19:54:00,WEB
APP209329,CUS109329,742000,36,OTHER,2026-06-26 13:23:00,WEB
APP209330,CUS109330,828000,12,EDUCATION,2026-01-15 07:32:00,MOBILE
APP209331,CUS109331,287000,36,OTHER,2026-12-02 23:13:00,WEB
APP209332,CUS109332,295000,60,TRAVEL,2026-02-28 06:05:00,MOBILE
APP209333,CUS109333,231000,48,EDUCATION,2026-07-26 05:05:00,WEB
APP209334,CUS109334,457000,36,EDUCATION,2026-06-02 05:21:00,MOBILE
APP209335,CUS109335,224000,36,TRAVEL,2026-09-13 11:28:00,MOBILE
APP209336,CUS109336,227000,48,TRAVEL,2026-07-28 20:37:00,WEB
APP209337,CUS109337,444000,36,TRAVEL,2026-01-22 00:52:00,MOBILE
APP209338,CUS109338,331000,24,HOME_RENOVATION,2026-06-25 12:36:00,MOBILE
APP209339,CUS109339,304000,36,TRAVEL,2026-05-23 17:37:00,MOBILE
APP209340,CUS109340,559000,36,OTHER,2026-08-09 13:38:00,MOBILE
APP209341,CUS109341,150000,24,MEDICAL,2026-04-27 09:34:00,MOBILE
APP209342,CUS109342,409000,48,HOME_RENOVATION,2026-06-13 15:09:00,WEB
APP209343,CUS109343,249000,60,HOME_RENOVATION,2026-07-16 19:40:00,WEB
APP209344,CUS109344,397000,48,HOME_RENOVATION,2026-07-11 10:31:00,MOBILE
APP209345,CUS109345,766000,36,EDUCATION,2026-09-09 13:03:00,MOBILE
APP209346,CUS109346,279000,48,MEDICAL,2026-02-20 07:12:00,MOBILE
APP209347,CUS109347,445000,36,EDUCATION,2026-02-21 15:38:00,WEB
APP209348,CUS109348,502000,36,EDUCATION,2026-01-07 19:20:00,WEB
APP209349,CUS109349,255000,12,EDUCATION,2026-04-19 04:12:00,MOBILE
APP209350,CUS109350,309000,36,EDUCATION,2026-02-16 17:45:00,MOBILE
APP209351,CUS109351,852000,48,MEDICAL,2026-01-29 03:37:00,MOBILE
APP209352,CUS109352,769000,36,EDUCATION,2026-10-25 15:15:00,MOBILE
APP209353,CUS109353,412000,36,DEBT_CONSOLIDATION,2026-04-09 20:59:00,MOBILE
APP209354,CUS109354,394000,18,TRAVEL,2026-10-09 16:00:00,MOBILE
APP209355,CUS109355,355000,18,EDUCATION,2026-02-10 06:23:00,MOBILE
APP209356,CUS109356,211000,36,MEDICAL,2026-06-02 21:14:00,MOBILE
APP209357,CUS109357,1406000,12,OTHER,2026-08-05 11:09:00,MOBILE
APP209358,CUS109358,517000,48,DEBT_CONSOLIDATION,2026-10-23 06:23:00,WEB
APP209359,CUS109359,743000,12,EDUCATION,2026-03-13 17:38:00,MOBILE
APP209360,CUS109360,411000,12,OTHER,2026-12-25 12:51:00,MOBILE
APP209361,CUS109361,582000,48,OTHER,2026-04-23 10:42:00,MOBILE
APP209362,CUS109362,310000,36,TRAVEL,2026-12-28 00:58:00,WEB
APP209363,CUS109363,540000,36,MEDICAL,2026-05-17 09:20:00,WEB
APP209364,CUS109364,503000,12,EDUCATION,2026-12-11 16:09:00,WEB
APP209365,CUS109365,272000,24,HOME_RENOVATION,2026-01-09 18:45:00,MOBILE
APP209366,CUS109366,921000,36,TRAVEL,2026-01-03 16:56:00,MOBILE
APP209367,CUS109367,637000,24,EDUCATION,2026-06-20 03:07:00,WEB
APP209368,CUS109368,603000,36,TRAVEL,2026-11-26 22:13:00,WEB
APP209369,CUS109369,142000,48,OTHER,2026-06-17 23:51:00,MOBILE
APP209370,CUS109370,750000,36,EDUCATION,2026-05-10 10:54:00,MOBILE
APP209371,CUS109371,520000,24,TRAVEL,2026-09-29 14:39:00,MOBILE
APP209372,CUS109372,498000,36,HOME_RENOVATION,2026-01-11 15:34:00,MOBILE
APP209373,CUS109373,578000,36,EDUCATION,2026-04-18 23:40:00,WEB
APP209374,CUS109374,396000,24,EDUCATION,2026-02-21 07:24:00,WEB
APP209375,CUS109375,353000,24,EDUCATION,2026-11-21 09:25:00,MOBILE
APP209376,CUS109376,200000,60,TRAVEL,2026-09-27 21:40:00,WEB
APP209377,CUS109377,140000,36,OTHER,2026-10-11 12:00:00,MOBILE
APP209378,CUS109378,398000,24,OTHER,2026-03-12 06:05:00,WEB
APP209379,CUS109379,554000,36,OTHER,2026-10-30 11:53:00,MOBILE
APP209380,CUS109380,406000,24,EDUCATION,2026-08-04 08:36:00,MOBILE
APP209381,CUS109381,262000,48,MEDICAL,2026-11-11 09:21:00,WEB
APP209382,CUS109382,747000,36,DEBT_CONSOLIDATION,2026-05-08 00:36:00,MOBILE
APP209383,CUS109383,595000,36,EDUCATION,2026-04-20 10:30:00,MOBILE
APP209384,CUS109384,451000,36,OTHER,2026-08-30 02:37:00,MOBILE
APP209385,CUS109385,657000,60,OTHER,2026-11-09 17:53:00,MOBILE
APP209386,CUS109386,465000,36,DEBT_CONSOLIDATION,2026-04-26 12:19:00,WEB
APP209387,CUS109387,204000,36,HOME_RENOVATION,2026-08-15 04:12:00,MOBILE
APP209388,CUS109388,489000,24,HOME_RENOVATION,2026-05-30 09:25:00,MOBILE
APP209389,CUS109389,262000,36,DEBT_CONSOLIDATION,2026-03-24 05:22:00,MOBILE
APP209390,CUS109390,332000,48,HOME_RENOVATION,2026-02-28 14:50:00,MOBILE
APP209391,CUS109391,797000,36,TRAVEL,2026-04-16 01:21:00,MOBILE
APP209392,CUS109392,552000,36,DEBT_CONSOLIDATION,2026-02-26 19:58:00,MOBILE
APP209393,CUS109393,270000,36,OTHER,2026-11-18 12:54:00,WEB
APP209394,CUS109394,317000,48,TRAVEL,2026-08-14 01:43:00,WEB
APP209395,CUS109395,191000,36,OTHER,2026-09-14 01:50:00,MOBILE
APP209396,CUS109396,540000,24,DEBT_CONSOLIDATION,2026-12-28 00:16:00,MOBILE
APP209397,CUS109397,299000,36,EDUCATION,2026-11-15 10:01:00,MOBILE
APP209398,CUS109398,157000,48,EDUCATION,2026-10-07 21:16:00,MOBILE
APP209399,CUS109399,269000,24,OTHER,2026-12-11 06:51:00,WEB
APP209400,CUS109400,421000,36,HOME_RENOVATION,2026-11-12 09:42:00,MOBILE
APP209401,CUS109401,1110000,24,OTHER,2026-05-31 14:10:00,MOBILE
APP209402,CUS109402,670000,36,TRAVEL,2026-11-08 21:09:00,MOBILE
APP209403,CUS109403,283000,36,DEBT_CONSOLIDATION,2026-08-24 11:06:00,MOBILE
APP209404,CUS109404,278000,48,DEBT_CONSOLIDATION,2026-07-23 23:27:00,WEB
APP209405,CUS109405,280000,36,DEBT_CONSOLIDATION,2026-06-27 11:09:00,MOBILE
APP209406,CUS109406,492000,36,DEBT_CONSOLIDATION,2026-11-11 18:07:00,MOBILE
APP209407,CUS109407,509000,18,MEDICAL,2026-10-12 02:20:00,MOBILE
APP209408,CUS109408,256000,36,HOME_RENOVATION,2026-07-08 08:26:00,MOBILE
APP209409,CUS109409,255000,48,TRAVEL,2026-03-16 15:33:00,WEB
APP209410,CUS109410,510000,36,TRAVEL,2026-03-25 20:40:00,MOBILE
APP209411,CUS109411,405000,48,TRAVEL,2026-08-04 19:11:00,MOBILE
APP209412,CUS109412,478000,36,TRAVEL,2026-09-28 10:14:00,MOBILE
APP209413,CUS109413,419000,36,MEDICAL,2026-03-17 04:14:00,MOBILE
APP209414,CUS109414,319000,36,EDUCATION,2026-10-25 01:54:00,MOBILE
APP209415,CUS109415,345000,48,MEDICAL,2026-09-11 22:10:00,WEB
APP209416,CUS109416,556000,12,MEDICAL,2026-02-03 00:46:00,WEB
APP209417,CUS109417,246000,36,OTHER,2026-04-22 01:52:00,MOBILE
APP209418,CUS109418,381000,24,DEBT_CONSOLIDATION,2026-10-07 06:03:00,MOBILE
APP209419,CUS109419,364000,12,TRAVEL,2026-10-02 15:13:00,MOBILE
APP209420,CUS109420,364000,36,HOME_RENOVATION,2026-08-13 21:25:00,MOBILE
APP209421,CUS109421,720000,48,OTHER,2026-01-07 19:40:00,MOBILE
APP209422,CUS109422,353000,36,MEDICAL,2026-04-28 02:21:00,MOBILE
APP209423,CUS109423,380000,36,EDUCATION,2026-10-09 13:16:00,WEB
APP209424,CUS109424,627000,24,TRAVEL,2026-07-11 20:23:00,MOBILE
APP209425,CUS109425,421000,24,HOME_RENOVATION,2026-01-29 07:07:00,MOBILE
APP209426,CUS109426,365000,36,TRAVEL,2026-05-01 03:36:00,WEB
APP209427,CUS109427,242000,48,MEDICAL,2026-08-01 22:30:00,MOBILE
APP209428,CUS109428,413000,36,MEDICAL,2026-12-05 20:58:00,WEB
APP209429,CUS109429,745000,24,HOME_RENOVATION,2026-04-05 08:54:00,WEB
APP209430,CUS109430,377000,36,MEDICAL,2026-08-27 12:03:00,WEB
APP209431,CUS109431,371000,12,MEDICAL,2026-11-11 23:53:00,MOBILE
APP209432,CUS109432,263000,60,DEBT_CONSOLIDATION,2026-01-10 13:49:00,WEB
APP209433,CUS109433,643000,36,OTHER,2026-05-10 20:39:00,MOBILE
APP209434,CUS109434,318000,36,TRAVEL,2026-12-16 09:24:00,WEB
APP209435,CUS109435,575000,36,OTHER,2026-12-16 05:49:00,MOBILE
APP209436,CUS109436,572000,36,DEBT_CONSOLIDATION,2026-09-01 18:06:00,WEB
APP209437,CUS109437,206000,60,OTHER,2026-08-22 14:14:00,MOBILE
APP209438,CUS109438,769000,36,EDUCATION,2026-03-17 09:31:00,MOBILE
APP209439,CUS109439,357000,12,EDUCATION,2026-05-07 14:09:00,MOBILE
APP209440,CUS109440,468000,60,MEDICAL,2026-06-17 19:41:00,MOBILE
APP209441,CUS109441,146000,60,EDUCATION,2026-12-24 01:27:00,WEB
APP209442,CUS109442,411000,36,OTHER,2026-04-08 00:33:00,MOBILE
APP209443,CUS109443,343000,36,DEBT_CONSOLIDATION,2026-02-16 03:07:00,MOBILE
APP209444,CUS109444,681000,24,HOME_RENOVATION,2026-03-13 02:32:00,MOBILE
APP209445,CUS109445,733000,12,OTHER,2026-08-12 06:14:00,WEB
APP209446,CUS109446,262000,36,MEDICAL,2026-06-30 10:03:00,WEB
APP209447,CUS109447,1132000,48,DEBT_CONSOLIDATION,2026-07-21 14:28:00,MOBILE
APP209448,CUS109448,397000,12,EDUCATION,2026-05-21 03:20:00,WEB
APP209449,CUS109449,382000,48,MEDICAL,2026-11-09 13:21:00,MOBILE
APP209450,CUS109450,207000,36,OTHER,2026-01-24 03:31:00,WEB
APP209451,CUS109451,627000,48,EDUCATION,2026-11-23 23:43:00,WEB
APP209452,CUS109452,320000,18,HOME_RENOVATION,2026-11-02 22:44:00,MOBILE
APP209453,CUS109453,387000,36,HOME_RENOVATION,2026-05-27 05:14:00,MOBILE
APP209454,CUS109454,346000,36,DEBT_CONSOLIDATION,2026-05-03 21:51:00,MOBILE
APP209455,CUS109455,511000,36,TRAVEL,2026-03-14 17:03:00,WEB
APP209456,CUS109456,322000,36,TRAVEL,2026-06-30 03:53:00,MOBILE
APP209457,CUS109457,369000,36,MEDICAL,2026-03-13 06:32:00,MOBILE
APP209458,CUS109458,500000,36,DEBT_CONSOLIDATION,2026-09-23 05:33:00,WEB
APP209459,CUS109459,399000,48,OTHER,2026-10-17 08:23:00,MOBILE
APP209460,CUS109460,517000,60,DEBT_CONSOLIDATION,2026-03-25 23:13:00,MOBILE
APP209461,CUS109461,137000,48,MEDICAL,2026-07-14 19:11:00,WEB
APP209462,CUS109462,280000,24,MEDICAL,2026-02-11 07:05:00,WEB
APP209463,CUS109463,883000,36,HOME_RENOVATION,2026-11-09 21:37:00,WEB
APP209464,CUS109464,348000,36,MEDICAL,2026-02-06 19:20:00,WEB
APP209465,CUS109465,787000,12,EDUCATION,2026-07-07 14:00:00,WEB
APP209466,CUS109466,261000,48,DEBT_CONSOLIDATION,2026-10-01 15:51:00,MOBILE
APP209467,CUS109467,185000,36,OTHER,2026-06-02 04:36:00,WEB
APP209468,CUS109468,611000,48,OTHER,2026-02-09 04:28:00,WEB
APP209469,CUS109469,413000,48,MEDICAL,2026-04-06 07:42:00,MOBILE
APP209470,CUS109470,471000,24,MEDICAL,2026-04-15 20:29:00,WEB
APP209471,CUS109471,442000,48,OTHER,2026-08-25 05:07:00,WEB
APP209472,CUS109472,424000,36,MEDICAL,2026-08-03 23:31:00,MOBILE
APP209473,CUS109473,366000,24,HOME_RENOVATION,2026-04-27 10:50:00,MOBILE
APP209474,CUS109474,259000,36,EDUCATION,2026-05-28 23:53:00,MOBILE
APP209475,CUS109475,309000,24,HOME_RENOVATION,2026-06-13 15:15:00,WEB
APP209476,CUS109476,557000,36,MEDICAL,2026-07-19 16:40:00,MOBILE
APP209477,CUS109477,188000,36,OTHER,2026-05-03 06:13:00,MOBILE
APP209478,CUS109478,833000,48,DEBT_CONSOLIDATION,2026-11-06 12:28:00,MOBILE
APP209479,CUS109479,993000,24,EDUCATION,2026-07-03 15:03:00,WEB
APP209480,CUS109480,741000,18,DEBT_CONSOLIDATION,2026-08-21 01:56:00,WEB
APP209481,CUS109481,589000,18,HOME_RENOVATION,2026-12-12 01:20:00,MOBILE
APP209482,CUS109482,861000,60,MEDICAL,2026-12-26 03:31:00,WEB
APP209483,CUS109483,184000,36,HOME_RENOVATION,2026-08-31 06:51:00,WEB
APP209484,CUS109484,357000,24,EDUCATION,2026-04-04 19:27:00,WEB
APP209485,CUS109485,534000,36,OTHER,2026-08-17 16:35:00,WEB
APP209486,CUS109486,598000,60,HOME_RENOVATION,2026-12-29 20:47:00,MOBILE
APP209487,CUS109487,316000,60,DEBT_CONSOLIDATION,2026-09-04 10:12:00,MOBILE
APP209488,CUS109488,434000,48,EDUCATION,2026-01-31 00:35:00,WEB
APP209489,CUS109489,800000,36,OTHER,2026-01-16 14:55:00,WEB
APP209490,CUS109490,400000,24,HOME_RENOVATION,2026-05-07 06:33:00,WEB
APP209491,CUS109491,722000,12,MEDICAL,2026-10-10 01:16:00,WEB
APP209492,CUS109492,400000,24,MEDICAL,2026-09-02 16:26:00,MOBILE
APP209493,CUS109493,355000,12,TRAVEL,2026-05-08 18:59:00,WEB
APP209494,CUS109494,375000,36,HOME_RENOVATION,2026-07-01 13:00:00,WEB
APP209495,CUS109495,327000,36,MEDICAL,2026-10-11 17:40:00,MOBILE
APP209496,CUS109496,351000,48,OTHER,2026-07-12 19:15:00,WEB
APP209497,CUS109497,443000,36,HOME_RENOVATION,2026-01-24 13:18:00,WEB
APP209498,CUS109498,428000,36,OTHER,2026-12-14 21:41:00,MOBILE
APP209499,CUS109499,1426000,48,HOME_RENOVATION,2026-08-14 03:55:00,MOBILE
APP209500,CUS109500,371000,36,MEDICAL,2026-09-16 16:14:00,WEB
APP209501,CUS109501,122000,60,EDUCATION,2026-05-04 13:55:00,MOBILE
APP209502,CUS109502,257000,36,EDUCATION,2026-06-08 16:54:00,MOBILE
APP209503,CUS109503,181000,36,TRAVEL,2026-01-07 21:07:00,MOBILE
APP209504,CUS109504,205000,48,HOME_RENOVATION,2026-04-05 12:02:00,MOBILE
APP209505,CUS109505,837000,36,HOME_RENOVATION,2026-06-20 15:49:00,MOBILE
APP209506,CUS109506,654000,24,HOME_RENOVATION,2026-04-04 02:17:00,WEB
APP209507,CUS109507,740000,36,MEDICAL,2026-03-02 23:04:00,WEB
APP209508,CUS109508,459000,36,MEDICAL,2026-07-09 00:34:00,WEB
APP209509,CUS109509,361000,24,HOME_RENOVATION,2026-01-07 20:08:00,WEB
APP209510,CUS109510,897000,36,TRAVEL,2026-11-07 14:37:00,MOBILE
APP209511,CUS109511,217000,36,TRAVEL,2026-02-21 10:24:00,WEB
APP209512,CUS109512,388000,36,HOME_RENOVATION,2026-10-15 04:10:00,WEB
APP209513,CUS109513,303000,36,DEBT_CONSOLIDATION,2026-05-15 02:51:00,MOBILE
APP209514,CUS109514,539000,36,OTHER,2026-04-02 14:04:00,MOBILE
APP209515,CUS109515,773000,60,EDUCATION,2026-11-19 11:26:00,WEB
APP209516,CUS109516,518000,36,DEBT_CONSOLIDATION,2026-05-01 11:04:00,WEB
APP209517,CUS109517,664000,36,OTHER,2026-11-23 08:21:00,MOBILE
APP209518,CUS109518,427000,36,HOME_RENOVATION,2026-12-25 18:06:00,MOBILE
APP209519,CUS109519,623000,18,TRAVEL,2026-09-14 22:24:00,MOBILE
APP209520,CUS109520,697000,36,HOME_RENOVATION,2026-04-23 12:09:00,MOBILE
APP209521,CUS109521,412000,36,EDUCATION,2026-10-16 06:35:00,MOBILE
APP209522,CUS109522,258000,12,HOME_RENOVATION,2026-05-24 00:05:00,MOBILE
APP209523,CUS109523,301000,36,DEBT_CONSOLIDATION,2026-11-07 03:51:00,MOBILE
APP209524,CUS109524,635000,36,DEBT_CONSOLIDATION,2026-12-25 23:33:00,MOBILE
APP209525,CUS109525,320000,48,EDUCATION,2026-02-08 06:20:00,MOBILE
APP209526,CUS109526,266000,48,DEBT_CONSOLIDATION,2026-01-19 08:29:00,WEB
APP209527,CUS109527,607000,18,HOME_RENOVATION,2026-12-16 14:05:00,MOBILE
APP209528,CUS109528,545000,36,TRAVEL,2026-08-03 04:19:00,MOBILE
APP209529,CUS109529,856000,36,TRAVEL,2026-09-08 05:21:00,MOBILE
APP209530,CUS109530,1013000,36,MEDICAL,2026-08-17 05:09:00,MOBILE
APP209531,CUS109531,384000,12,HOME_RENOVATION,2026-07-03 12:38:00,MOBILE
APP209532,CUS109532,460000,36,MEDICAL,2026-07-16 10:15:00,MOBILE
APP209533,CUS109533,189000,12,TRAVEL,2026-06-30 23:47:00,WEB
APP209534,CUS109534,345000,24,HOME_RENOVATION,2026-03-09 03:56:00,MOBILE
APP209535,CUS109535,275000,48,TRAVEL,2026-12-26 17:13:00,MOBILE
APP209536,CUS109536,510000,48,TRAVEL,2026-11-07 07:56:00,MOBILE
APP209537,CUS109537,142000,36,TRAVEL,2026-05-23 06:20:00,WEB
APP209538,CUS109538,191000,60,MEDICAL,2026-12-15 18:46:00,WEB
APP209539,CUS109539,285000,18,OTHER,2026-05-24 06:05:00,WEB
APP209540,CUS109540,494000,24,TRAVEL,2026-09-20 19:37:00,WEB
APP209541,CUS109541,528000,36,DEBT_CONSOLIDATION,2026-05-13 08:15:00,WEB
APP209542,CUS109542,320000,36,EDUCATION,2026-12-29 22:12:00,MOBILE
APP209543,CUS109543,543000,48,DEBT_CONSOLIDATION,2026-10-31 05:11:00,MOBILE
APP209544,CUS109544,354000,48,MEDICAL,2026-08-24 06:59:00,MOBILE
APP209545,CUS109545,662000,24,DEBT_CONSOLIDATION,2026-12-13 04:35:00,WEB
APP209546,CUS109546,485000,36,TRAVEL,2026-06-19 20:46:00,MOBILE
APP209547,CUS109547,1587000,48,TRAVEL,2026-10-20 03:21:00,MOBILE
APP209548,CUS109548,655000,36,OTHER,2026-07-11 01:40:00,WEB
APP209549,CUS109549,567000,36,OTHER,2026-12-09 15:53:00,WEB
APP209550,CUS109550,661000,24,DEBT_CONSOLIDATION,2026-04-19 17:49:00,WEB
APP209551,CUS109551,629000,48,TRAVEL,2026-06-02 20:33:00,MOBILE
APP209552,CUS109552,553000,60,OTHER,2026-05-10 18:32:00,MOBILE
APP209553,CUS109553,381000,18,TRAVEL,2026-06-06 08:42:00,WEB
APP209554,CUS109554,448000,18,DEBT_CONSOLIDATION,2026-08-12 19:12:00,MOBILE
APP209555,CUS109555,203000,60,MEDICAL,2026-04-09 12:08:00,MOBILE
APP209556,CUS109556,414000,48,OTHER,2026-04-13 00:22:00,WEB
APP209557,CUS109557,271000,36,MEDICAL,2026-03-14 04:37:00,WEB
APP209558,CUS109558,207000,24,MEDICAL,2026-04-15 03:48:00,MOBILE
APP209559,CUS109559,363000,24,EDUCATION,2026-01-26 00:54:00,WEB
APP209560,CUS109560,199000,24,OTHER,2026-09-01 17:21:00,WEB
APP209561,CUS109561,543000,60,MEDICAL,2026-04-14 16:33:00,MOBILE
APP209562,CUS109562,676000,18,TRAVEL,2026-09-28 17:43:00,MOBILE
APP209563,CUS109563,757000,36,MEDICAL,2026-08-28 09:30:00,WEB
APP209564,CUS109564,475000,48,EDUCATION,2026-03-11 23:54:00,MOBILE
APP209565,CUS109565,458000,36,TRAVEL,2026-12-05 11:00:00,MOBILE
APP209566,CUS109566,478000,18,DEBT_CONSOLIDATION,2026-05-04 17:22:00,MOBILE
APP209567,CUS109567,195000,48,EDUCATION,2026-01-14 03:37:00,MOBILE
APP209568,CUS109568,513000,36,MEDICAL,2026-10-12 18:08:00,MOBILE
APP209569,CUS109569,225000,60,OTHER,2026-06-17 06:39:00,MOBILE
APP209570,CUS109570,309000,36,EDUCATION,2026-02-07 18:47:00,WEB
APP209571,CUS109571,454000,60,TRAVEL,2026-06-22 11:04:00,MOBILE
APP209572,CUS109572,633000,36,TRAVEL,2026-11-19 18:43:00,MOBILE
APP209573,CUS109573,686000,36,OTHER,2026-03-09 05:01:00,MOBILE
APP209574,CUS109574,440000,60,MEDICAL,2026-07-31 18:20:00,MOBILE
APP209575,CUS109575,349000,36,TRAVEL,2026-09-05 04:19:00,MOBILE
APP209576,CUS109576,192000,24,OTHER,2026-01-08 19:37:00,MOBILE
APP209577,CUS109577,612000,24,MEDICAL,2026-11-16 00:58:00,MOBILE
APP209578,CUS109578,300000,24,MEDICAL,2026-03-27 23:36:00,MOBILE
APP209579,CUS109579,746000,36,DEBT_CONSOLIDATION,2026-09-30 16:04:00,MOBILE
APP209580,CUS109580,712000,12,DEBT_CONSOLIDATION,2026-09-28 22:39:00,MOBILE
APP209581,CUS109581,398000,36,OTHER,2026-01-13 21:57:00,WEB
APP209582,CUS109582,303000,60,DEBT_CONSOLIDATION,2026-11-18 17:45:00,MOBILE
APP209583,CUS109583,584000,12,OTHER,2026-08-17 20:14:00,WEB
APP209584,CUS109584,348000,36,TRAVEL,2026-03-09 15:19:00,WEB
APP209585,CUS109585,677000,36,DEBT_CONSOLIDATION,2026-09-05 23:32:00,MOBILE
APP209586,CUS109586,351000,48,DEBT_CONSOLIDATION,2026-03-19 06:20:00,MOBILE
APP209587,CUS109587,171000,36,EDUCATION,2026-04-18 16:46:00,MOBILE
APP209588,CUS109588,823000,48,EDUCATION,2026-02-23 00:53:00,WEB
APP209589,CUS109589,200000,24,TRAVEL,2026-05-08 06:19:00,WEB
APP209590,CUS109590,242000,48,DEBT_CONSOLIDATION,2026-08-12 16:50:00,MOBILE
APP209591,CUS109591,611000,24,EDUCATION,2026-08-03 06:42:00,WEB
APP209592,CUS109592,133000,36,HOME_RENOVATION,2026-12-22 11:10:00,MOBILE
APP209593,CUS109593,563000,24,HOME_RENOVATION,2026-05-11 18:53:00,MOBILE
APP209594,CUS109594,667000,36,HOME_RENOVATION,2026-02-27 14:09:00,MOBILE
APP209595,CUS109595,396000,24,OTHER,2026-03-23 04:11:00,WEB
APP209596,CUS109596,475000,36,DEBT_CONSOLIDATION,2026-03-29 12:46:00,MOBILE
APP209597,CUS109597,300000,36,TRAVEL,2026-03-31 20:37:00,MOBILE
APP209598,CUS109598,600000,24,TRAVEL,2026-02-28 16:08:00,MOBILE
APP209599,CUS109599,267000,48,HOME_RENOVATION,2026-04-28 09:55:00,MOBILE
APP209600,CUS109600,309000,60,EDUCATION,2026-05-26 12:50:00,MOBILE
APP209601,CUS109601,388000,36,MEDICAL,2026-12-30 06:41:00,WEB
APP209602,CUS109602,554000,18,OTHER,2026-06-03 18:51:00,MOBILE
APP209603,CUS109603,315000,36,EDUCATION,2026-10-01 11:24:00,MOBILE
APP209604,CUS109604,227000,60,EDUCATION,2026-11-30 16:56:00,MOBILE
APP209605,CUS109605,1149000,12,HOME_RENOVATION,2026-07-20 14:52:00,WEB
APP209606,CUS109606,948000,48,EDUCATION,2026-10-21 01:36:00,WEB
APP209607,CUS109607,374000,36,HOME_RENOVATION,2026-01-30 01:13:00,MOBILE
APP209608,CUS109608,527000,48,DEBT_CONSOLIDATION,2026-03-02 10:14:00,MOBILE
APP209609,CUS109609,239000,24,DEBT_CONSOLIDATION,2026-09-12 16:27:00,WEB
APP209610,CUS109610,289000,60,TRAVEL,2026-01-06 04:02:00,MOBILE
APP209611,CUS109611,125000,24,EDUCATION,2026-02-28 11:39:00,MOBILE
APP209612,CUS109612,559000,18,HOME_RENOVATION,2026-05-28 11:05:00,WEB
APP209613,CUS109613,221000,18,HOME_RENOVATION,2026-09-22 11:44:00,MOBILE
APP209614,CUS109614,534000,36,EDUCATION,2026-03-13 21:58:00,WEB
APP209615,CUS109615,1302000,24,EDUCATION,2026-05-18 20:56:00,MOBILE
APP209616,CUS109616,290000,18,DEBT_CONSOLIDATION,2026-04-18 01:26:00,MOBILE
APP209617,CUS109617,428000,18,MEDICAL,2026-09-13 22:14:00,MOBILE
APP209618,CUS109618,388000,36,DEBT_CONSOLIDATION,2026-02-10 21:02:00,MOBILE
APP209619,CUS109619,255000,36,HOME_RENOVATION,2026-04-21 14:18:00,MOBILE
APP209620,CUS109620,624000,36,MEDICAL,2026-08-27 10:33:00,MOBILE
APP209621,CUS109621,637000,36,EDUCATION,2026-04-14 08:38:00,MOBILE
APP209622,CUS109622,224000,36,EDUCATION,2026-04-16 16:12:00,WEB
APP209623,CUS109623,493000,48,EDUCATION,2026-12-19 20:20:00,MOBILE
APP209624,CUS109624,919000,48,OTHER,2026-04-06 20:27:00,MOBILE
APP209625,CUS109625,229000,60,TRAVEL,2026-07-21 14:45:00,WEB
APP209626,CUS109626,521000,36,TRAVEL,2026-05-17 08:45:00,WEB
APP209627,CUS109627,605000,36,MEDICAL,2026-02-22 16:20:00,MOBILE
APP209628,CUS109628,413000,36,TRAVEL,2026-04-20 16:51:00,WEB
APP209629,CUS109629,850000,36,TRAVEL,2026-05-02 14:29:00,MOBILE
APP209630,CUS109630,604000,36,DEBT_CONSOLIDATION,2026-05-20 07:57:00,MOBILE
APP209631,CUS109631,982000,60,EDUCATION,2026-04-29 07:08:00,MOBILE
APP209632,CUS109632,418000,12,MEDICAL,2026-10-03 22:30:00,MOBILE
APP209633,CUS109633,242000,36,DEBT_CONSOLIDATION,2026-04-11 22:52:00,MOBILE
APP209634,CUS109634,322000,12,MEDICAL,2026-04-20 05:11:00,MOBILE
APP209635,CUS109635,214000,36,EDUCATION,2026-06-05 16:45:00,MOBILE
APP209636,CUS109636,978000,36,MEDICAL,2026-04-02 01:22:00,WEB
APP209637,CUS109637,405000,48,MEDICAL,2026-07-21 12:41:00,WEB
APP209638,CUS109638,347000,36,TRAVEL,2026-10-04 14:02:00,MOBILE
APP209639,CUS109639,375000,36,MEDICAL,2026-02-22 01:04:00,WEB
APP209640,CUS109640,631000,24,TRAVEL,2026-08-27 07:32:00,MOBILE
APP209641,CUS109641,809000,60,TRAVEL,2026-01-27 16:21:00,MOBILE
APP209642,CUS109642,366000,12,EDUCATION,2026-12-18 00:22:00,MOBILE
APP209643,CUS109643,935000,60,OTHER,2026-06-07 04:27:00,MOBILE
APP209644,CUS109644,302000,12,MEDICAL,2026-07-01 01:05:00,MOBILE
APP209645,CUS109645,744000,36,TRAVEL,2026-06-11 08:02:00,WEB
APP209646,CUS109646,218000,36,TRAVEL,2026-12-25 19:03:00,MOBILE
APP209647,CUS109647,418000,24,HOME_RENOVATION,2026-09-08 09:59:00,MOBILE
APP209648,CUS109648,290000,24,TRAVEL,2026-04-02 18:37:00,WEB
APP209649,CUS109649,410000,48,TRAVEL,2026-05-19 22:23:00,MOBILE
APP209650,CUS109650,299000,18,MEDICAL,2026-01-28 08:57:00,MOBILE
APP209651,CUS109651,496000,36,EDUCATION,2026-10-24 14:37:00,MOBILE
APP209652,CUS109652,166000,48,EDUCATION,2026-02-03 15:57:00,WEB
APP209653,CUS109653,307000,60,EDUCATION,2026-11-10 11:41:00,MOBILE
APP209654,CUS109654,330000,24,MEDICAL,2026-06-21 02:49:00,WEB
APP209655,CUS109655,439000,36,DEBT_CONSOLIDATION,2026-07-24 14:02:00,MOBILE
APP209656,CUS109656,423000,48,TRAVEL,2026-10-07 23:03:00,MOBILE
APP209657,CUS109657,448000,48,MEDICAL,2026-03-05 05:49:00,WEB
APP209658,CUS109658,227000,36,HOME_RENOVATION,2026-01-08 09:46:00,MOBILE
APP209659,CUS109659,485000,36,EDUCATION,2026-04-05 13:33:00,MOBILE
APP209660,CUS109660,708000,12,MEDICAL,2026-04-30 10:43:00,WEB
APP209661,CUS109661,356000,12,OTHER,2026-11-25 08:17:00,WEB
APP209662,CUS109662,175000,60,OTHER,2026-11-24 11:35:00,MOBILE
APP209663,CUS109663,314000,24,HOME_RENOVATION,2026-03-08 07:09:00,MOBILE
APP209664,CUS109664,411000,48,HOME_RENOVATION,2026-11-01 10:36:00,WEB
APP209665,CUS109665,262000,18,HOME_RENOVATION,2026-03-25 07:17:00,WEB
APP209666,CUS109666,373000,48,OTHER,2026-02-08 13:15:00,MOBILE
APP209667,CUS109667,471000,36,HOME_RENOVATION,2026-10-23 08:48:00,MOBILE
APP209668,CUS109668,554000,18,MEDICAL,2026-12-06 12:13:00,MOBILE
APP209669,CUS109669,333000,24,OTHER,2026-06-17 09:52:00,WEB
APP209670,CUS109670,350000,36,DEBT_CONSOLIDATION,2026-08-02 17:25:00,MOBILE
APP209671,CUS109671,880000,48,MEDICAL,2026-09-24 06:09:00,MOBILE
APP209672,CUS109672,830000,60,OTHER,2026-11-28 04:03:00,WEB
APP209673,CUS109673,483000,18,DEBT_CONSOLIDATION,2026-09-11 08:01:00,MOBILE
APP209674,CUS109674,205000,48,DEBT_CONSOLIDATION,2026-07-31 08:55:00,WEB
APP209675,CUS109675,302000,48,HOME_RENOVATION,2026-09-20 21:06:00,WEB
APP209676,CUS109676,983000,36,MEDICAL,2026-10-24 04:09:00,MOBILE
APP209677,CUS109677,694000,60,OTHER,2026-11-09 03:01:00,MOBILE
APP209678,CUS109678,710000,48,TRAVEL,2026-05-28 13:47:00,MOBILE
APP209679,CUS109679,616000,48,TRAVEL,2026-08-31 12:44:00,WEB
APP209680,CUS109680,512000,36,TRAVEL,2026-04-24 16:56:00,MOBILE
APP209681,CUS109681,448000,36,MEDICAL,2026-04-23 12:28:00,MOBILE
APP209682,CUS109682,259000,48,DEBT_CONSOLIDATION,2026-11-16 14:53:00,MOBILE
APP209683,CUS109683,868000,12,HOME_RENOVATION,2026-02-24 08:21:00,MOBILE
APP209684,CUS109684,299000,36,TRAVEL,2026-07-27 10:11:00,WEB
APP209685,CUS109685,364000,36,TRAVEL,2026-02-16 16:11:00,WEB
APP209686,CUS109686,671000,60,EDUCATION,2026-05-27 08:44:00,MOBILE
APP209687,CUS109687,186000,36,OTHER,2026-12-14 04:13:00,MOBILE
APP209688,CUS109688,313000,24,HOME_RENOVATION,2026-09-09 22:39:00,WEB
APP209689,CUS109689,663000,24,OTHER,2026-03-12 16:57:00,WEB
APP209690,CUS109690,177000,48,DEBT_CONSOLIDATION,2026-05-11 14:34:00,MOBILE
APP209691,CUS109691,230000,18,TRAVEL,2026-03-29 20:18:00,WEB
APP209692,CUS109692,574000,24,TRAVEL,2026-05-31 09:05:00,MOBILE
APP209693,CUS109693,1170000,12,TRAVEL,2026-04-03 08:33:00,WEB
APP209694,CUS109694,186000,48,DEBT_CONSOLIDATION,2026-12-10 00:21:00,WEB
APP209695,CUS109695,523000,60,EDUCATION,2026-06-07 01:14:00,MOBILE
APP209696,CUS109696,516000,18,OTHER,2026-11-08 10:18:00,MOBILE
APP209697,CUS109697,263000,36,MEDICAL,2026-10-17 10:52:00,MOBILE
APP209698,CUS109698,349000,36,TRAVEL,2026-05-16 15:38:00,MOBILE
APP209699,CUS109699,485000,24,MEDICAL,2026-03-24 23:13:00,MOBILE
APP209700,CUS109700,189000,24,DEBT_CONSOLIDATION,2026-05-31 02:08:00,WEB
APP209701,CUS109701,469000,36,DEBT_CONSOLIDATION,2026-02-20 09:49:00,MOBILE
APP209702,CUS109702,300000,12,EDUCATION,2026-03-01 04:24:00,WEB
APP209703,CUS109703,753000,60,EDUCATION,2026-12-19 12:13:00,MOBILE
APP209704,CUS109704,237000,36,TRAVEL,2026-04-09 03:57:00,MOBILE
APP209705,CUS109705,487000,36,HOME_RENOVATION,2026-03-28 22:31:00,MOBILE
APP209706,CUS109706,296000,36,EDUCATION,2026-12-07 07:32:00,WEB
APP209707,CUS109707,328000,24,HOME_RENOVATION,2026-08-16 04:01:00,WEB
APP209708,CUS109708,475000,24,MEDICAL,2026-07-25 10:35:00,MOBILE
APP209709,CUS109709,575000,60,OTHER,2026-06-27 09:00:00,MOBILE
APP209710,CUS109710,377000,36,HOME_RENOVATION,2026-11-01 07:38:00,MOBILE
APP209711,CUS109711,311000,24,TRAVEL,2026-06-09 09:13:00,MOBILE
APP209712,CUS109712,580000,36,DEBT_CONSOLIDATION,2026-05-17 12:42:00,MOBILE
APP209713,CUS109713,416000,36,EDUCATION,2026-12-21 12:21:00,MOBILE
APP209714,CUS109714,561000,48,TRAVEL,2026-03-10 02:13:00,MOBILE
APP209715,CUS109715,489000,48,OTHER,2026-07-16 15:40:00,WEB
APP209716,CUS109716,510000,36,DEBT_CONSOLIDATION,2026-09-20 11:08:00,MOBILE
APP209717,CUS109717,342000,36,DEBT_CONSOLIDATION,2026-03-07 16:29:00,MOBILE
APP209718,CUS109718,438000,24,OTHER,2026-11-05 18:06:00,WEB
APP209719,CUS109719,220000,24,OTHER,2026-08-22 13:52:00,WEB
APP209720,CUS109720,373000,60,MEDICAL,2026-12-08 01:21:00,WEB
APP209721,CUS109721,580000,18,MEDICAL,2026-03-18 13:36:00,MOBILE
APP209722,CUS109722,217000,24,MEDICAL,2026-08-23 02:03:00,MOBILE
APP209723,CUS109723,297000,36,TRAVEL,2026-09-23 14:00:00,MOBILE
APP209724,CUS109724,242000,36,OTHER,2026-10-16 04:00:00,MOBILE
APP209725,CUS109725,341000,24,EDUCATION,2026-02-15 08:44:00,MOBILE
APP209726,CUS109726,416000,24,HOME_RENOVATION,2026-07-30 17:42:00,MOBILE
APP209727,CUS109727,605000,48,EDUCATION,2026-11-21 07:08:00,WEB
APP209728,CUS109728,366000,36,DEBT_CONSOLIDATION,2026-11-21 00:39:00,MOBILE
APP209729,CUS109729,245000,48,TRAVEL,2026-06-04 05:37:00,MOBILE
APP209730,CUS109730,294000,60,MEDICAL,2026-06-13 05:53:00,MOBILE
APP209731,CUS109731,1110000,36,HOME_RENOVATION,2026-09-23 13:57:00,WEB
APP209732,CUS109732,608000,24,DEBT_CONSOLIDATION,2026-11-11 11:42:00,MOBILE
APP209733,CUS109733,602000,36,EDUCATION,2026-12-09 01:44:00,MOBILE
APP209734,CUS109734,196000,12,MEDICAL,2026-04-01 03:35:00,MOBILE
APP209735,CUS109735,402000,36,OTHER,2026-03-04 09:09:00,MOBILE
APP209736,CUS109736,118000,36,OTHER,2026-09-11 08:12:00,MOBILE
APP209737,CUS109737,540000,36,HOME_RENOVATION,2026-10-18 21:50:00,MOBILE
APP209738,CUS109738,148000,36,TRAVEL,2026-02-03 00:19:00,MOBILE
APP209739,CUS109739,245000,18,DEBT_CONSOLIDATION,2026-04-02 23:14:00,WEB
APP209740,CUS109740,864000,36,TRAVEL,2026-08-03 04:59:00,WEB
APP209741,CUS109741,245000,36,DEBT_CONSOLIDATION,2026-04-13 08:31:00,WEB
APP209742,CUS109742,939000,48,OTHER,2026-12-08 12:29:00,WEB
APP209743,CUS109743,1074000,24,DEBT_CONSOLIDATION,2026-06-21 09:59:00,MOBILE
APP209744,CUS109744,529000,36,OTHER,2026-09-18 18:44:00,WEB
APP209745,CUS109745,517000,18,EDUCATION,2026-06-20 08:49:00,WEB
APP209746,CUS109746,843000,36,TRAVEL,2026-04-01 23:06:00,MOBILE
APP209747,CUS109747,209000,36,OTHER,2026-04-29 12:08:00,MOBILE
APP209748,CUS109748,860000,48,TRAVEL,2026-07-29 20:55:00,WEB
APP209749,CUS109749,152000,18,DEBT_CONSOLIDATION,2026-04-24 15:26:00,MOBILE
APP209750,CUS109750,431000,36,OTHER,2026-01-28 18:23:00,MOBILE
APP209751,CUS109751,432000,12,EDUCATION,2026-02-12 06:50:00,MOBILE
APP209752,CUS109752,185000,48,OTHER,2026-02-05 05:09:00,WEB
APP209753,CUS109753,677000,36,TRAVEL,2026-08-11 23:20:00,MOBILE
APP209754,CUS109754,335000,48,HOME_RENOVATION,2026-02-19 16:33:00,MOBILE
APP209755,CUS109755,173000,36,HOME_RENOVATION,2026-01-28 16:41:00,MOBILE
APP209756,CUS109756,233000,36,TRAVEL,2026-01-09 16:41:00,MOBILE
APP209757,CUS109757,394000,48,EDUCATION,2026-09-13 22:49:00,MOBILE
APP209758,CUS109758,168000,36,HOME_RENOVATION,2026-09-24 08:49:00,WEB
APP209759,CUS109759,947000,36,DEBT_CONSOLIDATION,2026-04-25 08:08:00,WEB
APP209760,CUS109760,512000,48,TRAVEL,2026-02-08 12:08:00,MOBILE
APP209761,CUS109761,194000,36,OTHER,2026-11-09 21:32:00,MOBILE
APP209762,CUS109762,448000,36,HOME_RENOVATION,2026-02-17 15:57:00,WEB
APP209763,CUS109763,606000,60,DEBT_CONSOLIDATION,2026-03-31 10:52:00,MOBILE
APP209764,CUS109764,268000,48,HOME_RENOVATION,2026-08-17 00:55:00,MOBILE
APP209765,CUS109765,289000,36,MEDICAL,2026-07-15 13:45:00,MOBILE
APP209766,CUS109766,557000,24,HOME_RENOVATION,2026-05-02 03:56:00,WEB
APP209767,CUS109767,275000,36,MEDICAL,2026-04-25 12:37:00,WEB
APP209768,CUS109768,329000,12,DEBT_CONSOLIDATION,2026-09-22 22:41:00,MOBILE
APP209769,CUS109769,191000,36,DEBT_CONSOLIDATION,2026-07-04 19:48:00,MOBILE
APP209770,CUS109770,738000,18,EDUCATION,2026-01-03 01:51:00,WEB
APP209771,CUS109771,732000,36,OTHER,2026-04-04 09:14:00,MOBILE
APP209772,CUS109772,366000,36,EDUCATION,2026-05-25 00:15:00,MOBILE
APP209773,CUS109773,417000,36,DEBT_CONSOLIDATION,2026-07-04 14:44:00,MOBILE
APP209774,CUS109774,216000,36,TRAVEL,2026-07-20 01:40:00,MOBILE
APP209775,CUS109775,563000,36,TRAVEL,2026-04-07 10:56:00,WEB
APP209776,CUS109776,447000,24,EDUCATION,2026-05-25 03:35:00,MOBILE
APP209777,CUS109777,159000,36,MEDICAL,2026-03-18 16:18:00,WEB
APP209778,CUS109778,187000,18,HOME_RENOVATION,2026-09-11 08:26:00,MOBILE
APP209779,CUS109779,690000,36,EDUCATION,2026-02-27 18:14:00,WEB
APP209780,CUS109780,825000,48,MEDICAL,2026-10-14 17:55:00,WEB
APP209781,CUS109781,588000,48,DEBT_CONSOLIDATION,2026-01-15 14:58:00,MOBILE
APP209782,CUS109782,211000,48,DEBT_CONSOLIDATION,2026-08-07 02:49:00,MOBILE
APP209783,CUS109783,348000,48,TRAVEL,2026-07-13 23:29:00,MOBILE
APP209784,CUS109784,480000,36,TRAVEL,2026-11-23 14:17:00,WEB
APP209785,CUS109785,328000,60,TRAVEL,2026-12-15 09:28:00,MOBILE
APP209786,CUS109786,798000,36,HOME_RENOVATION,2026-12-18 00:06:00,MOBILE
APP209787,CUS109787,355000,18,DEBT_CONSOLIDATION,2026-05-22 18:53:00,MOBILE
APP209788,CUS109788,1146000,36,MEDICAL,2026-04-12 10:20:00,MOBILE
APP209789,CUS109789,489000,60,MEDICAL,2026-11-02 23:00:00,MOBILE
APP209790,CUS109790,476000,18,MEDICAL,2026-07-06 01:34:00,MOBILE
APP209791,CUS109791,730000,36,HOME_RENOVATION,2026-08-06 09:46:00,MOBILE
APP209792,CUS109792,406000,48,HOME_RENOVATION,2026-09-01 13:37:00,MOBILE
APP209793,CUS109793,587000,36,DEBT_CONSOLIDATION,2026-08-15 17:41:00,MOBILE
APP209794,CUS109794,729000,48,EDUCATION,2026-06-19 01:07:00,MOBILE
APP209795,CUS109795,156000,48,TRAVEL,2026-11-27 19:38:00,MOBILE
APP209796,CUS109796,641000,36,OTHER,2026-07-01 21:53:00,WEB
APP209797,CUS109797,337000,24,HOME_RENOVATION,2026-07-23 16:31:00,MOBILE
APP209798,CUS109798,607000,36,HOME_RENOVATION,2026-08-13 22:29:00,MOBILE
APP209799,CUS109799,229000,36,TRAVEL,2026-07-11 01:05:00,WEB
APP209800,CUS109800,732000,60,HOME_RENOVATION,2026-10-05 10:09:00,MOBILE
APP209801,CUS109801,423000,36,HOME_RENOVATION,2026-07-08 04:08:00,MOBILE
APP209802,CUS109802,407000,48,HOME_RENOVATION,2026-08-07 16:22:00,MOBILE
APP209803,CUS109803,286000,36,HOME_RENOVATION,2026-08-02 06:34:00,MOBILE
APP209804,CUS109804,222000,24,HOME_RENOVATION,2026-12-06 10:50:00,WEB
APP209805,CUS109805,279000,24,TRAVEL,2026-11-29 04:21:00,WEB
APP209806,CUS109806,126000,48,HOME_RENOVATION,2026-11-12 16:27:00,MOBILE
APP209807,CUS109807,218000,60,DEBT_CONSOLIDATION,2026-07-29 21:45:00,WEB
APP209808,CUS109808,324000,36,OTHER,2026-08-13 00:51:00,MOBILE
APP209809,CUS109809,1143000,48,TRAVEL,2026-01-21 04:29:00,WEB
APP209810,CUS109810,680000,48,HOME_RENOVATION,2026-10-27 13:56:00,WEB
APP209811,CUS109811,356000,24,HOME_RENOVATION,2026-07-31 21:04:00,MOBILE
APP209812,CUS109812,489000,48,EDUCATION,2026-07-15 14:18:00,WEB
APP209813,CUS109813,920000,60,MEDICAL,2026-10-23 11:57:00,MOBILE
APP209814,CUS109814,346000,12,DEBT_CONSOLIDATION,2026-10-08 03:12:00,MOBILE
APP209815,CUS109815,576000,18,MEDICAL,2026-11-03 02:37:00,MOBILE
APP209816,CUS109816,620000,24,MEDICAL,2026-11-25 05:05:00,WEB
APP209817,CUS109817,182000,18,TRAVEL,2026-12-04 20:47:00,MOBILE
APP209818,CUS109818,161000,36,EDUCATION,2026-01-10 16:25:00,MOBILE
APP209819,CUS109819,377000,18,EDUCATION,2026-04-13 11:38:00,MOBILE
APP209820,CUS109820,740000,36,MEDICAL,2026-01-05 09:48:00,MOBILE
APP209821,CUS109821,305000,24,HOME_RENOVATION,2026-03-11 02:03:00,WEB
APP209822,CUS109822,126000,18,DEBT_CONSOLIDATION,2026-02-10 05:48:00,MOBILE
APP209823,CUS109823,261000,48,HOME_RENOVATION,2026-12-26 08:18:00,WEB
APP209824,CUS109824,333000,36,MEDICAL,2026-03-10 22:22:00,WEB
APP209825,CUS109825,300000,18,HOME_RENOVATION,2026-09-02 00:15:00,WEB
APP209826,CUS109826,319000,36,OTHER,2026-05-27 02:02:00,MOBILE
APP209827,CUS109827,840000,18,EDUCATION,2026-04-14 23:10:00,WEB
APP209828,CUS109828,181000,18,DEBT_CONSOLIDATION,2026-06-03 07:42:00,WEB
APP209829,CUS109829,247000,48,OTHER,2026-05-18 12:39:00,WEB
APP209830,CUS109830,609000,48,HOME_RENOVATION,2026-07-02 11:07:00,WEB
APP209831,CUS109831,337000,36,DEBT_CONSOLIDATION,2026-04-06 16:30:00,MOBILE
APP209832,CUS109832,523000,60,TRAVEL,2026-01-25 17:46:00,WEB
APP209833,CUS109833,672000,24,MEDICAL,2026-06-03 22:39:00,WEB
APP209834,CUS109834,301000,36,EDUCATION,2026-02-06 01:16:00,MOBILE
APP209835,CUS109835,328000,36,HOME_RENOVATION,2026-04-12 14:38:00,MOBILE
APP209836,CUS109836,197000,48,MEDICAL,2026-08-12 11:08:00,MOBILE
APP209837,CUS109837,787000,36,HOME_RENOVATION,2026-08-29 07:16:00,WEB
APP209838,CUS109838,650000,18,TRAVEL,2026-10-07 22:14:00,MOBILE
APP209839,CUS109839,288000,12,EDUCATION,2026-12-21 15:19:00,MOBILE
APP209840,CUS109840,333000,36,DEBT_CONSOLIDATION,2026-05-20 18:27:00,MOBILE
APP209841,CUS109841,676000,60,MEDICAL,2026-04-15 18:06:00,MOBILE
APP209842,CUS109842,1042000,48,OTHER,2026-01-28 04:48:00,MOBILE
APP209843,CUS109843,835000,48,DEBT_CONSOLIDATION,2026-02-09 10:19:00,MOBILE
APP209844,CUS109844,766000,48,TRAVEL,2026-08-14 15:39:00,MOBILE
APP209845,CUS109845,669000,36,DEBT_CONSOLIDATION,2026-10-15 15:13:00,MOBILE
APP209846,CUS109846,938000,60,OTHER,2026-09-20 10:12:00,MOBILE
APP209847,CUS109847,313000,36,DEBT_CONSOLIDATION,2026-03-08 00:09:00,MOBILE
APP209848,CUS109848,428000,36,DEBT_CONSOLIDATION,2026-10-18 21:42:00,WEB
APP209849,CUS109849,397000,36,MEDICAL,2026-12-22 02:33:00,MOBILE
APP209850,CUS109850,388000,18,HOME_RENOVATION,2026-08-30 14:13:00,MOBILE
APP209851,CUS109851,383000,12,HOME_RENOVATION,2026-12-31 11:30:00,MOBILE
APP209852,CUS109852,179000,48,EDUCATION,2026-06-01 02:01:00,WEB
APP209853,CUS109853,300000,48,OTHER,2026-09-05 13:02:00,WEB
APP209854,CUS109854,179000,36,TRAVEL,2026-01-18 03:26:00,MOBILE
APP209855,CUS109855,441000,48,OTHER,2026-02-13 12:11:00,MOBILE
APP209856,CUS109856,339000,36,TRAVEL,2026-08-11 19:58:00,MOBILE
APP209857,CUS109857,317000,36,DEBT_CONSOLIDATION,2026-03-09 20:02:00,MOBILE
APP209858,CUS109858,318000,60,TRAVEL,2026-06-12 13:26:00,MOBILE
APP209859,CUS109859,848000,12,HOME_RENOVATION,2026-09-06 01:49:00,WEB
APP209860,CUS109860,526000,36,EDUCATION,2026-11-27 19:46:00,WEB
APP209861,CUS109861,324000,48,TRAVEL,2026-12-01 12:26:00,MOBILE
APP209862,CUS109862,898000,36,TRAVEL,2026-04-02 00:29:00,WEB
APP209863,CUS109863,253000,12,EDUCATION,2026-02-05 23:48:00,MOBILE
APP209864,CUS109864,300000,36,MEDICAL,2026-10-10 23:19:00,WEB
APP209865,CUS109865,360000,36,TRAVEL,2026-10-29 08:51:00,WEB
APP209866,CUS109866,484000,36,OTHER,2026-07-31 04:16:00,MOBILE
APP209867,CUS109867,371000,48,TRAVEL,2026-02-11 17:48:00,MOBILE
APP209868,CUS109868,450000,18,EDUCATION,2026-02-13 20:38:00,WEB
APP209869,CUS109869,713000,12,DEBT_CONSOLIDATION,2026-09-27 21:51:00,MOBILE
APP209870,CUS109870,603000,48,EDUCATION,2026-06-23 22:18:00,MOBILE
APP209871,CUS109871,431000,24,HOME_RENOVATION,2026-12-09 21:05:00,WEB
APP209872,CUS109872,158000,60,TRAVEL,2026-07-07 01:58:00,MOBILE
APP209873,CUS109873,199000,36,MEDICAL,2026-07-08 16:58:00,MOBILE
APP209874,CUS109874,292000,36,MEDICAL,2026-09-05 07:12:00,MOBILE
APP209875,CUS109875,284000,36,DEBT_CONSOLIDATION,2026-07-29 19:01:00,WEB
APP209876,CUS109876,553000,60,EDUCATION,2026-04-18 19:18:00,WEB
APP209877,CUS109877,449000,60,MEDICAL,2026-02-18 16:11:00,WEB
APP209878,CUS109878,381000,36,MEDICAL,2026-11-03 18:22:00,WEB
APP209879,CUS109879,450000,60,MEDICAL,2026-02-04 23:04:00,MOBILE
APP209880,CUS109880,386000,36,OTHER,2026-11-17 20:21:00,WEB
APP209881,CUS109881,327000,36,TRAVEL,2026-01-02 01:07:00,MOBILE
APP209882,CUS109882,319000,60,MEDICAL,2026-04-16 15:03:00,MOBILE
APP209883,CUS109883,387000,60,DEBT_CONSOLIDATION,2026-04-29 00:51:00,WEB
APP209884,CUS109884,837000,60,MEDICAL,2026-01-20 11:27:00,MOBILE
APP209885,CUS109885,310000,36,DEBT_CONSOLIDATION,2026-07-15 03:27:00,WEB
APP209886,CUS109886,270000,48,OTHER,2026-02-01 04:43:00,WEB
APP209887,CUS109887,690000,60,HOME_RENOVATION,2026-03-12 11:04:00,MOBILE
APP209888,CUS109888,402000,18,HOME_RENOVATION,2026-08-12 21:26:00,MOBILE
APP209889,CUS109889,339000,24,HOME_RENOVATION,2026-08-18 00:23:00,WEB
APP209890,CUS109890,648000,18,HOME_RENOVATION,2026-06-07 11:27:00,MOBILE
APP209891,CUS109891,252000,36,OTHER,2026-06-19 23:08:00,WEB
APP209892,CUS109892,214000,18,HOME_RENOVATION,2026-11-30 20:53:00,WEB
APP209893,CUS109893,135000,60,EDUCATION,2026-02-16 20:32:00,WEB
APP209894,CUS109894,814000,36,DEBT_CONSOLIDATION,2026-07-02 09:43:00,MOBILE
APP209895,CUS109895,849000,36,EDUCATION,2026-03-13 19:33:00,MOBILE
APP209896,CUS109896,302000,36,OTHER,2026-01-25 12:40:00,MOBILE
APP209897,CUS109897,499000,24,EDUCATION,2026-11-03 08:16:00,MOBILE
APP209898,CUS109898,100000,60,MEDICAL,2026-12-17 00:59:00,MOBILE
APP209899,CUS109899,316000,36,DEBT_CONSOLIDATION,2026-06-21 02:03:00,WEB
APP209900,CUS109900,147000,36,EDUCATION,2026-04-22 02:18:00,MOBILE
APP209901,CUS109901,1145000,36,TRAVEL,2026-02-05 11:01:00,WEB
APP209902,CUS109902,531000,48,TRAVEL,2026-03-18 22:13:00,WEB
APP209903,CUS109903,474000,48,HOME_RENOVATION,2026-02-11 16:13:00,MOBILE
APP209904,CUS109904,191000,36,MEDICAL,2026-04-29 04:12:00,WEB
APP209905,CUS109905,365000,48,MEDICAL,2026-07-22 17:09:00,MOBILE
APP209906,CUS109906,550000,36,HOME_RENOVATION,2026-08-11 02:04:00,WEB
APP209907,CUS109907,302000,36,MEDICAL,2026-09-28 02:53:00,MOBILE
APP209908,CUS109908,421000,36,EDUCATION,2026-04-30 10:44:00,MOBILE
APP209909,CUS109909,939000,60,MEDICAL,2026-09-06 14:37:00,MOBILE
APP209910,CUS109910,634000,24,DEBT_CONSOLIDATION,2026-01-31 16:50:00,WEB
APP209911,CUS109911,284000,36,MEDICAL,2026-02-23 08:04:00,MOBILE
APP209912,CUS109912,620000,36,OTHER,2026-04-13 19:53:00,MOBILE
APP209913,CUS109913,542000,48,EDUCATION,2026-02-06 15:47:00,MOBILE
APP209914,CUS109914,285000,48,MEDICAL,2026-07-06 17:36:00,MOBILE
APP209915,CUS109915,299000,12,OTHER,2026-07-04 12:03:00,MOBILE
APP209916,CUS109916,289000,36,MEDICAL,2026-01-29 07:29:00,MOBILE
APP209917,CUS109917,654000,48,EDUCATION,2026-03-09 11:45:00,MOBILE
APP209918,CUS109918,371000,48,HOME_RENOVATION,2026-11-19 01:06:00,MOBILE
APP209919,CUS109919,440000,36,EDUCATION,2026-12-12 13:58:00,MOBILE
APP209920,CUS109920,687000,36,DEBT_CONSOLIDATION,2026-06-17 21:36:00,MOBILE
APP209921,CUS109921,1224000,24,TRAVEL,2026-04-18 20:11:00,MOBILE
APP209922,CUS109922,1378000,48,MEDICAL,2026-07-02 21:59:00,MOBILE
APP209923,CUS109923,484000,36,TRAVEL,2026-03-26 08:24:00,MOBILE
APP209924,CUS109924,435000,36,EDUCATION,2026-04-03 06:49:00,WEB
APP209925,CUS109925,381000,36,OTHER,2026-02-23 07:29:00,WEB
APP209926,CUS109926,213000,18,OTHER,2026-11-22 16:23:00,WEB
APP209927,CUS109927,188000,48,MEDICAL,2026-07-21 04:32:00,MOBILE
APP209928,CUS109928,239000,36,MEDICAL,2026-06-17 22:23:00,MOBILE
APP209929,CUS109929,650000,36,OTHER,2026-03-16 06:03:00,MOBILE
APP209930,CUS109930,1100000,48,TRAVEL,2026-12-30 15:59:00,MOBILE
APP209931,CUS109931,561000,36,OTHER,2026-04-03 02:26:00,MOBILE
APP209932,CUS109932,577000,24,DEBT_CONSOLIDATION,2026-07-01 03:36:00,WEB
APP209933,CUS109933,348000,36,MEDICAL,2026-08-02 20:20:00,MOBILE
APP209934,CUS109934,304000,24,TRAVEL,2026-10-16 17:07:00,MOBILE
APP209935,CUS109935,177000,36,EDUCATION,2026-05-26 18:59:00,WEB
APP209936,CUS109936,155000,36,TRAVEL,2026-03-24 00:09:00,MOBILE
APP209937,CUS109937,673000,36,TRAVEL,2026-02-25 15:58:00,MOBILE
APP209938,CUS109938,439000,60,OTHER,2026-10-11 15:18:00,WEB
APP209939,CUS109939,786000,60,HOME_RENOVATION,2026-01-17 05:10:00,WEB
APP209940,CUS109940,584000,36,TRAVEL,2026-09-25 19:18:00,MOBILE
APP209941,CUS109941,1145000,36,DEBT_CONSOLIDATION,2026-06-03 07:53:00,MOBILE
APP209942,CUS109942,409000,36,TRAVEL,2026-01-17 20:58:00,WEB
APP209943,CUS109943,287000,36,MEDICAL,2026-03-18 17:49:00,WEB
APP209944,CUS109944,138000,48,HOME_RENOVATION,2026-08-13 19:23:00,MOBILE
APP209945,CUS109945,259000,24,HOME_RENOVATION,2026-12-25 07:46:00,WEB
APP209946,CUS109946,233000,24,HOME_RENOVATION,2026-09-20 16:33:00,MOBILE
APP209947,CUS109947,531000,36,MEDICAL,2026-03-09 23:11:00,WEB
APP209948,CUS109948,771000,36,TRAVEL,2026-05-22 06:56:00,MOBILE
APP209949,CUS109949,335000,36,TRAVEL,2026-09-09 19:39:00,MOBILE
APP209950,CUS109950,177000,24,OTHER,2026-12-01 05:57:00,MOBILE
APP209951,CUS109951,342000,36,MEDICAL,2026-03-06 22:32:00,MOBILE
APP209952,CUS109952,293000,36,TRAVEL,2026-03-30 01:58:00,MOBILE
APP209953,CUS109953,426000,36,MEDICAL,2026-06-17 19:04:00,MOBILE
APP209954,CUS109954,287000,12,DEBT_CONSOLIDATION,2026-04-17 07:35:00,MOBILE
APP209955,CUS109955,391000,48,TRAVEL,2026-03-25 07:02:00,WEB
APP209956,CUS109956,447000,48,DEBT_CONSOLIDATION,2026-11-11 09:18:00,MOBILE
APP209957,CUS109957,636000,36,MEDICAL,2026-12-26 00:52:00,MOBILE
APP209958,CUS109958,245000,36,TRAVEL,2026-10-10 07:19:00,WEB
APP209959,CUS109959,314000,18,HOME_RENOVATION,2026-02-11 06:32:00,WEB
APP209960,CUS109960,207000,36,TRAVEL,2026-12-07 02:57:00,MOBILE
APP209961,CUS109961,351000,48,HOME_RENOVATION,2026-02-01 02:30:00,MOBILE
APP209962,CUS109962,830000,36,TRAVEL,2026-10-06 19:51:00,MOBILE
APP209963,CUS109963,244000,48,MEDICAL,2026-10-22 22:32:00,MOBILE
APP209964,CUS109964,182000,48,HOME_RENOVATION,2026-08-07 00:42:00,MOBILE
APP209965,CUS109965,376000,12,TRAVEL,2026-03-09 18:09:00,MOBILE
APP209966,CUS109966,232000,36,EDUCATION,2026-06-28 03:45:00,MOBILE
APP209967,CUS109967,411000,36,HOME_RENOVATION,2026-09-28 04:47:00,WEB
APP209968,CUS109968,417000,24,DEBT_CONSOLIDATION,2026-05-05 22:11:00,MOBILE
APP209969,CUS109969,522000,36,HOME_RENOVATION,2026-09-27 23:52:00,MOBILE
APP209970,CUS109970,324000,48,TRAVEL,2026-04-03 19:37:00,MOBILE
APP209971,CUS109971,279000,60,MEDICAL,2026-06-27 11:09:00,WEB
APP209972,CUS109972,576000,48,HOME_RENOVATION,2026-03-08 12:06:00,MOBILE
APP209973,CUS109973,126000,24,MEDICAL,2026-05-26 18:53:00,WEB
APP209974,CUS109974,212000,60,HOME_RENOVATION,2026-12-03 20:56:00,MOBILE
APP209975,CUS109975,712000,48,HOME_RENOVATION,2026-02-07 11:46:00,WEB
APP209976,CUS109976,359000,18,OTHER,2026-03-20 16:08:00,WEB
APP209977,CUS109977,169000,60,MEDICAL,2026-07-22 08:32:00,WEB
APP209978,CUS109978,398000,36,DEBT_CONSOLIDATION,2026-02-18 19:41:00,MOBILE
APP209979,CUS109979,555000,48,OTHER,2026-02-27 15:02:00,MOBILE
APP209980,CUS109980,533000,36,OTHER,2026-01-18 04:16:00,WEB
APP209981,CUS109981,224000,60,MEDICAL,2026-08-05 07:50:00,MOBILE
APP209982,CUS109982,944000,48,DEBT_CONSOLIDATION,2026-11-03 08:08:00,WEB
APP209983,CUS109983,423000,24,DEBT_CONSOLIDATION,2026-12-20 07:13:00,MOBILE
APP209984,CUS109984,179000,60,TRAVEL,2026-11-25 04:20:00,MOBILE
APP209985,CUS109985,402000,36,MEDICAL,2026-07-20 18:06:00,WEB
APP209986,CUS109986,428000,36,DEBT_CONSOLIDATION,2026-10-26 03:02:00,WEB
APP209987,CUS109987,702000,36,HOME_RENOVATION,2026-01-17 03:06:00,MOBILE
APP209988,CUS109988,363000,18,EDUCATION,2026-08-30 11:26:00,WEB
APP209989,CUS109989,1026000,48,MEDICAL,2026-01-10 12:06:00,MOBILE
APP209990,CUS109990,860000,24,MEDICAL,2026-07-02 09:41:00,WEB
APP209991,CUS109991,375000,48,OTHER,2026-05-04 07:13:00,WEB
APP209992,CUS109992,459000,48,MEDICAL,2026-08-02 09:59:00,WEB
APP209993,CUS109993,261000,48,HOME_RENOVATION,2026-10-07 22:34:00,MOBILE
APP209994,CUS109994,539000,48,DEBT_CONSOLIDATION,2026-08-28 00:14:00,MOBILE
APP209995,CUS109995,498000,36,EDUCATION,2026-03-09 11:10:00,WEB
APP209996,CUS109996,1197000,48,MEDICAL,2026-10-06 18:06:00,MOBILE
APP209997,CUS109997,403000,48,OTHER,2026-09-29 05:11:00,MOBILE
APP209998,CUS109998,208000,36,DEBT_CONSOLIDATION,2026-04-18 01:18:00,WEB
APP209999,CUS109999,386000,36,OTHER,2026-11-13 14:01:00,MOBILE
