customer_id,age,monthly_income,employment_tenure_months,relationship_months,bureau_score,active_loans,existing_monthly_emi,foir,employment_type
CUS100000,59,56800,78,106,704,0,6000,0.106,SALARIED
CUS100001,49,137800,96,46,791,1,5500,0.04,SALARIED
CUS100002,35,77400,15,75,824,0,15600,0.202,SALARIED
CUS100003,28,57500,27,42,739,0,16300,0.283,SALARIED
CUS100004,41,96100,111,50,787,1,10300,0.107,SALARIED
CUS100005,59,63800,32,64,706,0,4300,0.067,SALARIED
CUS100006,39,91400,73,114,767,2,5900,0.065,SALARIED
CUS100007,43,70600,47,57,830,2,15800,0.224,SALARIED
CUS100008,31,73400,73,21,850,2,12900,0.176,SALARIED
CUS100009,31,140100,22,81,701,1,33100,0.236,SALARIED
CUS100010,44,30000,62,98,816,0,6700,0.223,SALARIED
CUS100011,56,109100,46,55,683,0,34500,0.316,SALARIED
CUS100012,60,130100,35,51,701,0,16800,0.129,SALARIED
CUS100013,44,64200,51,68,711,1,7300,0.114,SALARIED
CUS100014,23,129600,20,157,785,1,14500,0.112,SALARIED
CUS100015,42,55200,47,51,741,3,1800,0.033,SALARIED
CUS100016,22,63200,100,132,656,1,21200,0.335,SALARIED
CUS100017,44,60000,12,71,762,1,18600,0.31,SALARIED
CUS100018,50,130400,38,65,809,0,33400,0.256,SALARIED
CUS100019,58,38800,46,22,743,2,19600,0.505,SALARIED
CUS100020,22,177800,38,94,784,0,46900,0.264,SALARIED
CUS100021,41,74100,40,28,693,0,12700,0.171,SALARIED
CUS100022,53,112100,65,104,788,1,9200,0.082,SALARIED
CUS100023,32,107800,15,56,696,1,40600,0.377,SALARIED
CUS100024,42,91000,85,31,742,2,8900,0.098,SALARIED
CUS100025,45,64900,5,172,687,2,14900,0.23,SALARIED
CUS100026,47,148700,48,133,671,0,30000,0.202,SALARIED
CUS100027,48,67400,88,136,678,3,33800,0.501,SALARIED
CUS100028,36,61200,52,51,712,2,10100,0.165,SALARIED
CUS100029,35,126200,6,180,743,2,26800,0.212,SALARIED
CUS100030,23,90800,67,67,691,1,21000,0.231,SALARIED
CUS100031,57,156600,80,37,850,3,32700,0.209,SALARIED
CUS100032,27,82600,103,67,720,0,9700,0.117,SALARIED
CUS100033,41,63400,55,125,665,0,12700,0.2,SALARIED
CUS100034,29,96200,65,92,615,4,24400,0.254,SALARIED
CUS100035,59,69500,42,64,838,2,3300,0.047,SALARIED
CUS100036,38,64300,18,37,761,5,10300,0.16,SALARIED
CUS100037,24,123600,16,77,679,0,6200,0.05,SALARIED
CUS100038,45,193800,60,29,717,1,7800,0.04,SALARIED
CUS100039,34,76100,31,101,696,1,33700,0.443,SALARIED
CUS100040,29,54800,22,40,781,0,11900,0.217,SALARIED
CUS100041,46,79300,34,133,848,0,9100,0.115,SALARIED
CUS100042,22,107200,14,31,686,5,17500,0.163,SALARIED
CUS100043,40,95400,142,64,775,0,10100,0.106,SALARIED
CUS100044,48,145500,37,70,737,0,11600,0.08,SALARIED
CUS100045,27,114700,28,19,708,5,21900,0.191,SALARIED
CUS100046,28,51700,35,128,718,0,26600,0.515,SALARIED
CUS100047,55,68100,40,55,675,1,6700,0.098,SALARIED
CUS100048,34,45700,55,108,752,0,5500,0.12,SALARIED
CUS100049,37,142300,34,37,755,1,6400,0.045,SALARIED
CUS100050,56,34700,84,56,769,2,10800,0.311,SALARIED
CUS100051,60,47700,46,44,746,3,11300,0.237,SALARIED
CUS100052,24,67500,33,85,680,1,9600,0.142,SALARIED
CUS100053,22,109600,46,180,772,1,15300,0.14,SALARIED
CUS100054,26,67200,48,93,689,1,6100,0.091,SALARIED
CUS100055,24,72100,18,103,731,1,11400,0.158,SALARIED
CUS100056,49,72800,21,29,682,1,9400,0.129,SALARIED
CUS100057,38,91900,40,65,788,1,12700,0.138,SALARIED
CUS100058,46,49100,8,98,696,2,12800,0.261,SALARIED
CUS100059,54,55500,62,108,850,1,5800,0.105,SALARIED
CUS100060,30,181100,35,47,707,2,23800,0.131,SALARIED
CUS100061,56,101900,45,85,766,1,8000,0.079,SALARIED
CUS100062,34,119700,74,74,769,1,2600,0.03,SALARIED
CUS100063,51,87200,27,73,664,1,9900,0.114,SALARIED
CUS100064,35,79800,60,113,627,1,41900,0.525,SALARIED
CUS100065,28,104400,31,72,679,0,7900,0.076,SALARIED
CUS100066,34,117900,64,92,745,0,18700,0.159,SALARIED
CUS100067,43,124400,74,72,682,0,28800,0.232,SALARIED
CUS100068,60,80300,33,128,690,4,8800,0.11,SALARIED
CUS100069,41,130700,30,60,825,3,16400,0.125,SALARIED
CUS100070,36,30000,62,74,705,3,5900,0.197,SALARIED
CUS100071,38,127000,30,86,785,0,57500,0.453,SALARIED
CUS100072,44,70100,13,70,717,0,6700,0.096,SALARIED
CUS100073,46,109000,73,62,723,1,28300,0.26,SALARIED
CUS100074,45,63500,30,44,710,1,7000,0.11,SALARIED
CUS100075,49,46800,65,129,725,1,4000,0.085,SALARIED
CUS100076,35,99000,19,104,658,0,8600,0.087,SALARIED
CUS100077,21,43200,56,81,686,0,1200,0.03,SALARIED
CUS100078,45,71000,62,44,694,2,2200,0.031,SALARIED
CUS100079,27,59000,46,59,771,1,11100,0.188,SALARIED
CUS100080,29,78600,51,180,819,3,25600,0.326,SALARIED
CUS100081,44,121700,28,107,806,1,43200,0.355,SALARIED
CUS100082,21,68200,96,40,718,0,11300,0.166,SALARIED
CUS100083,28,97900,24,76,679,0,20400,0.208,SALARIED
CUS100084,44,118600,60,60,728,2,7400,0.062,SALARIED
CUS100085,31,64700,37,104,756,2,11200,0.173,SALARIED
CUS100086,37,65100,75,124,733,1,6900,0.106,SALARIED
CUS100087,28,157400,25,98,777,1,2500,0.03,SALARIED
CUS100088,55,82000,26,115,674,2,5000,0.061,SALARIED
CUS100089,55,106900,48,41,734,1,29600,0.277,SALARIED
CUS100090,53,106500,61,92,730,2,37800,0.355,SALARIED
CUS100091,25,49600,26,117,723,0,14700,0.296,SALARIED
CUS100092,59,60400,28,78,698,1,14900,0.247,SALARIED
CUS100093,48,100600,12,84,653,2,19000,0.189,SALARIED
CUS100094,27,33500,25,49,657,3,11300,0.337,SALARIED
CUS100095,29,77300,81,115,834,4,16400,0.212,SALARIED
CUS100096,28,57600,14,39,663,1,4400,0.076,SALARIED
CUS100097,32,140100,31,104,703,1,51100,0.365,SALARIED
CUS100098,54,99300,36,81,697,3,26900,0.271,SALARIED
CUS100099,53,145300,27,139,708,0,36700,0.253,SALARIED
CUS100100,43,83500,34,52,850,1,2600,0.031,SALARIED
CUS100101,44,80800,64,88,760,0,29800,0.369,SALARIED
CUS100102,57,74100,42,99,706,1,16100,0.217,SALARIED
CUS100103,55,67800,36,79,732,1,6700,0.099,SALARIED
CUS100104,60,284500,58,57,777,1,43000,0.151,SALARIED
CUS100105,42,122200,42,22,800,0,5400,0.044,SALARIED
CUS100106,47,52600,67,54,759,0,10100,0.192,SALARIED
CUS100107,55,278800,26,63,835,0,36400,0.131,SALARIED
CUS100108,21,70800,89,23,691,0,9300,0.131,SALARIED
CUS100109,55,98200,19,21,719,0,33800,0.344,SALARIED
CUS100110,57,129700,21,86,745,1,31700,0.244,SALARIED
CUS100111,34,42500,41,56,754,2,2100,0.049,SALARIED
CUS100112,23,58600,9,68,699,0,4300,0.073,SALARIED
CUS100113,21,178500,51,114,793,1,52400,0.294,SALARIED
CUS100114,25,76800,23,94,767,1,34600,0.451,SALARIED
CUS100115,46,133200,35,31,706,1,34700,0.261,SALARIED
CUS100116,34,69300,24,16,714,0,6000,0.087,SALARIED
CUS100117,59,81400,6,106,791,0,23900,0.294,SALARIED
CUS100118,47,189800,42,26,703,0,24400,0.129,SALARIED
CUS100119,29,103500,114,36,684,0,39000,0.377,SALARIED
CUS100120,35,72800,33,40,670,1,6500,0.089,SALARIED
CUS100121,35,62500,48,137,628,2,3800,0.061,SALARIED
CUS100122,46,65100,42,83,712,1,9900,0.152,SALARIED
CUS100123,33,148600,54,94,594,0,4600,0.031,SALARIED
CUS100124,52,120000,6,13,695,3,8500,0.071,SALARIED
CUS100125,59,50700,50,20,850,1,6100,0.12,SALARIED
CUS100126,52,88400,40,106,692,1,22500,0.255,SALARIED
CUS100127,24,82500,46,26,776,0,47100,0.571,SALARIED
CUS100128,50,98000,17,155,746,1,9900,0.101,SALARIED
CUS100129,57,64800,63,43,814,0,6800,0.105,SALARIED
CUS100130,43,139300,23,39,695,0,23600,0.169,SALARIED
CUS100131,59,84900,35,40,738,1,8500,0.1,SALARIED
CUS100132,35,100600,38,63,720,1,16200,0.161,SALARIED
CUS100133,49,59700,50,150,739,1,15100,0.253,SALARIED
CUS100134,56,61100,38,50,673,1,6300,0.103,SALARIED
CUS100135,33,281000,65,83,699,3,55700,0.198,SALARIED
CUS100136,52,191100,23,100,659,0,37900,0.198,SALARIED
CUS100137,27,82400,99,137,672,1,25600,0.311,SALARIED
CUS100138,42,169400,97,105,742,1,61700,0.364,SALARIED
CUS100139,48,146700,54,77,840,0,26700,0.182,SALARIED
CUS100140,22,64200,19,22,793,1,5600,0.087,SALARIED
CUS100141,26,61300,19,63,749,0,22300,0.364,SALARIED
CUS100142,48,114800,76,20,705,2,19300,0.168,SALARIED
CUS100143,48,95600,22,30,653,1,4500,0.047,SALARIED
CUS100144,40,70900,94,56,658,0,4600,0.065,SALARIED
CUS100145,50,117600,74,78,733,2,21200,0.18,SALARIED
CUS100146,31,44400,22,44,843,2,2100,0.047,SALARIED
CUS100147,48,89500,33,158,772,2,17800,0.199,SALARIED
CUS100148,45,48700,71,76,747,2,19100,0.392,SALARIED
CUS100149,59,49400,47,113,850,3,9400,0.19,SALARIED
CUS100150,53,61800,28,17,741,3,7900,0.128,SALARIED
CUS100151,21,100100,56,83,765,1,12400,0.124,SALARIED
CUS100152,47,62700,71,158,850,1,19300,0.308,SALARIED
CUS100153,33,49100,13,119,789,2,6900,0.141,SALARIED
CUS100154,23,105400,62,77,761,2,16000,0.152,SALARIED
CUS100155,59,166400,68,70,603,0,41300,0.248,SALARIED
CUS100156,26,113300,10,50,815,2,5400,0.048,SALARIED
CUS100157,28,191200,36,38,663,1,47100,0.246,SALARIED
CUS100158,47,160300,34,35,640,2,23100,0.144,SALARIED
CUS100159,29,68300,24,19,751,0,12600,0.184,SALARIED
CUS100160,57,113000,65,42,767,1,22400,0.198,SALARIED
CUS100161,53,81600,19,49,677,0,13400,0.164,SALARIED
CUS100162,44,137100,26,76,651,2,30900,0.225,SALARIED
CUS100163,35,81600,75,40,613,0,15600,0.191,SALARIED
CUS100164,52,59600,40,77,706,0,2400,0.04,SALARIED
CUS100165,52,157700,46,122,718,4,40000,0.254,SALARIED
CUS100166,44,98100,15,83,658,2,15400,0.157,SALARIED
CUS100167,32,63100,18,86,845,0,28000,0.444,SALARIED
CUS100168,59,67900,48,75,696,1,20900,0.308,SALARIED
CUS100169,22,62900,22,140,703,1,32000,0.509,SALARIED
CUS100170,23,54200,104,75,789,3,4600,0.085,SALARIED
CUS100171,57,68600,32,38,684,1,5700,0.083,SALARIED
CUS100172,37,100500,35,82,845,1,25700,0.256,SALARIED
CUS100173,22,87500,51,73,789,2,19000,0.217,SALARIED
CUS100174,22,69800,38,120,716,1,18700,0.268,SALARIED
CUS100175,48,166600,74,79,814,1,43000,0.258,SALARIED
CUS100176,43,34400,59,81,815,2,4100,0.119,SALARIED
CUS100177,57,97600,76,55,711,3,14000,0.143,SALARIED
CUS100178,52,79700,54,59,681,3,7700,0.097,SALARIED
CUS100179,53,54900,59,47,711,1,9500,0.173,SALARIED
CUS100180,21,100100,29,69,764,2,23000,0.23,SALARIED
CUS100181,39,77000,44,66,706,0,1900,0.03,SALARIED
CUS100182,22,149000,64,62,718,1,31700,0.213,SALARIED
CUS100183,46,125600,47,107,707,4,9800,0.078,SALARIED
CUS100184,52,200400,32,80,699,1,22200,0.111,SALARIED
CUS100185,26,68400,58,57,752,1,14900,0.218,SALARIED
CUS100186,52,159300,24,81,706,2,48800,0.306,SALARIED
CUS100187,24,50300,38,180,818,1,8700,0.173,SALARIED
CUS100188,31,80900,67,180,733,2,1100,0.03,SALARIED
CUS100189,37,68900,115,43,676,0,5100,0.074,SALARIED
CUS100190,58,111500,12,69,738,1,13000,0.117,SALARIED
CUS100191,44,110300,65,48,774,4,41200,0.374,SALARIED
CUS100192,25,56700,67,60,728,1,7700,0.136,SALARIED
CUS100193,54,114300,28,77,692,1,11200,0.098,SALARIED
CUS100194,26,71600,23,110,679,2,21400,0.299,SALARIED
CUS100195,42,58900,21,72,752,1,18800,0.319,SALARIED
CUS100196,31,84600,73,34,757,1,2700,0.032,SALARIED
CUS100197,36,43700,26,120,793,0,10200,0.233,SALARIED
CUS100198,53,129200,14,84,678,2,29000,0.224,SALARIED
CUS100199,29,82900,51,59,740,3,14200,0.171,SALARIED
CUS100200,26,83700,38,70,688,0,27500,0.329,SALARIED
CUS100201,36,81700,35,66,744,1,10500,0.129,SALARIED
CUS100202,49,178300,8,107,657,2,29200,0.164,SALARIED
CUS100203,23,168400,36,70,803,0,52200,0.31,SALARIED
CUS100204,40,156100,44,71,622,0,7000,0.045,SALARIED
CUS100205,56,81800,41,53,680,4,22600,0.276,SALARIED
CUS100206,39,51500,15,92,744,2,7200,0.14,SALARIED
CUS100207,46,84400,40,66,684,3,4500,0.053,SALARIED
CUS100208,23,97900,27,60,686,1,11800,0.121,SALARIED
CUS100209,39,122500,80,59,771,0,54900,0.448,SALARIED
CUS100210,40,97800,33,110,578,1,20900,0.214,SALARIED
CUS100211,52,53600,29,54,632,1,10300,0.192,SALARIED
CUS100212,27,66800,27,49,671,2,12400,0.186,SALARIED
CUS100213,53,64100,29,133,671,2,15100,0.236,SALARIED
CUS100214,60,108300,17,28,778,0,34200,0.316,SALARIED
CUS100215,59,109500,39,82,759,1,8700,0.079,SALARIED
CUS100216,38,116200,18,67,742,1,4000,0.034,SALARIED
CUS100217,60,97300,27,73,803,0,25800,0.265,SALARIED
CUS100218,21,33600,55,66,564,0,11800,0.351,SALARIED
CUS100219,31,39100,59,71,738,1,16800,0.43,SALARIED
CUS100220,48,79800,37,106,832,1,24300,0.305,SALARIED
CUS100221,45,88800,69,26,753,2,22100,0.249,SALARIED
CUS100222,43,149400,40,46,678,1,28100,0.188,SALARIED
CUS100223,51,88000,77,66,770,0,11200,0.127,SALARIED
CUS100224,50,54800,42,94,736,2,9000,0.164,SALARIED
CUS100225,55,114500,22,112,739,2,27000,0.236,SALARIED
CUS100226,27,84300,109,41,686,0,14800,0.176,SALARIED
CUS100227,36,70900,25,34,817,1,24600,0.347,SALARIED
CUS100228,46,41100,66,56,815,0,4300,0.105,SALARIED
CUS100229,22,88300,60,28,726,2,10000,0.113,SALARIED
CUS100230,21,94200,45,82,711,1,9200,0.098,SALARIED
CUS100231,32,54300,26,36,783,0,3400,0.063,SALARIED
CUS100232,25,118800,42,72,672,2,41800,0.352,SALARIED
CUS100233,57,114100,35,43,689,0,46300,0.406,SALARIED
CUS100234,52,86900,21,26,772,0,16900,0.194,SALARIED
CUS100235,29,85400,38,36,732,3,23700,0.278,SALARIED
CUS100236,55,130100,29,61,807,1,27200,0.209,SALARIED
CUS100237,39,100300,41,35,686,0,7400,0.074,SALARIED
CUS100238,36,62000,22,116,677,1,30000,0.484,SALARIED
CUS100239,23,77800,36,60,771,0,10400,0.134,SALARIED
CUS100240,40,109200,55,74,653,1,2500,0.03,SALARIED
CUS100241,44,34100,39,46,774,0,13700,0.402,SALARIED
CUS100242,53,55900,55,52,737,1,4100,0.073,SALARIED
CUS100243,44,115500,61,97,684,0,3600,0.031,SALARIED
CUS100244,31,146400,28,41,672,1,32700,0.223,SALARIED
CUS100245,28,134600,20,54,703,1,19600,0.146,SALARIED
CUS100246,56,127100,47,42,654,2,17200,0.135,SALARIED
CUS100247,58,90100,19,40,849,1,10200,0.113,SALARIED
CUS100248,60,53500,22,132,732,4,18200,0.34,SALARIED
CUS100249,40,77800,42,62,749,0,5500,0.071,SALARIED
CUS100250,55,34700,42,20,661,2,900,0.03,SALARIED
CUS100251,45,152600,26,51,685,0,18300,0.12,SALARIED
CUS100252,55,58800,29,65,779,1,2800,0.048,SALARIED
CUS100253,45,66900,36,166,672,2,4700,0.07,SALARIED
CUS100254,49,136900,88,45,703,1,42000,0.307,SALARIED
CUS100255,38,41100,19,17,751,2,4600,0.112,SALARIED
CUS100256,38,49800,26,72,711,0,9500,0.191,SALARIED
CUS100257,22,95900,33,93,698,1,4800,0.05,SALARIED
CUS100258,55,107400,62,24,663,0,20800,0.194,SALARIED
CUS100259,36,82300,18,57,781,1,5900,0.072,SALARIED
CUS100260,56,83500,41,50,808,1,10000,0.12,SALARIED
CUS100261,53,150400,61,54,846,2,4500,0.03,SALARIED
CUS100262,24,113200,58,40,720,1,35400,0.313,SALARIED
CUS100263,53,106500,124,33,755,1,26700,0.251,SALARIED
CUS100264,34,120500,35,32,793,2,20100,0.167,SALARIED
CUS100265,41,74200,51,114,741,1,11000,0.148,SALARIED
CUS100266,40,226000,28,69,791,1,24700,0.109,SALARIED
CUS100267,28,30100,71,131,762,2,1200,0.04,SALARIED
CUS100268,27,163800,71,74,772,1,7100,0.043,SALARIED
CUS100269,23,127600,30,180,688,2,25400,0.199,SALARIED
CUS100270,37,95000,37,42,634,1,12600,0.133,SALARIED
CUS100271,53,88100,58,109,774,0,26300,0.299,SALARIED
CUS100272,32,79300,59,36,732,1,17900,0.226,SALARIED
CUS100273,42,139700,19,77,733,3,22800,0.163,SALARIED
CUS100274,42,83500,17,55,635,2,12500,0.15,SALARIED
CUS100275,50,61300,56,48,809,1,18400,0.3,SALARIED
CUS100276,58,127600,137,72,713,2,56300,0.441,SALARIED
CUS100277,58,173400,21,93,612,0,37500,0.216,SALARIED
CUS100278,28,35700,68,53,844,2,1900,0.053,SALARIED
CUS100279,47,245500,50,56,727,2,15100,0.062,SALARIED
CUS100280,47,53300,29,57,764,0,12500,0.235,SALARIED
CUS100281,54,55200,43,47,850,1,2600,0.047,SALARIED
CUS100282,41,48500,33,47,705,2,8300,0.171,SALARIED
CUS100283,50,85000,39,82,737,1,16600,0.195,SALARIED
CUS100284,53,47800,65,62,698,0,4200,0.088,SALARIED
CUS100285,48,50500,57,62,802,1,2400,0.048,SALARIED
CUS100286,53,62400,59,62,662,2,12000,0.192,SALARIED
CUS100287,25,90500,38,159,810,3,1600,0.03,SALARIED
CUS100288,39,94500,48,155,786,4,42600,0.451,SALARIED
CUS100289,24,148600,111,40,687,1,19700,0.133,SALARIED
CUS100290,55,147100,29,69,723,0,25300,0.172,SALARIED
CUS100291,37,134800,43,37,832,3,3700,0.03,SALARIED
CUS100292,48,75600,52,61,622,2,3300,0.044,SALARIED
CUS100293,50,37100,18,95,737,1,7300,0.197,SALARIED
CUS100294,49,36800,44,109,712,2,22300,0.606,SALARIED
CUS100295,26,134400,58,40,706,1,17100,0.127,SALARIED
CUS100296,55,124300,27,131,600,2,58000,0.467,SALARIED
CUS100297,57,64400,66,37,731,0,27600,0.429,SALARIED
CUS100298,44,44400,38,73,629,3,9700,0.218,SALARIED
CUS100299,49,53100,42,71,749,0,5000,0.094,SALARIED
CUS100300,51,92000,29,89,754,4,23400,0.254,SALARIED
CUS100301,55,92000,63,139,819,1,23700,0.258,SALARIED
CUS100302,53,135900,23,19,812,1,55100,0.405,SALARIED
CUS100303,41,69400,34,117,732,1,12300,0.177,SALARIED
CUS100304,52,76200,33,116,788,0,20100,0.264,SALARIED
CUS100305,43,141000,48,24,797,1,16100,0.114,SALARIED
CUS100306,53,32700,124,84,742,3,2400,0.073,SALARIED
CUS100307,23,98100,31,78,713,1,12200,0.124,SALARIED
CUS100308,38,73100,26,26,820,1,19000,0.26,SALARIED
CUS100309,45,117100,52,30,745,1,35500,0.303,SALARIED
CUS100310,51,107100,35,100,629,2,31500,0.294,SALARIED
CUS100311,23,62100,26,65,755,0,17700,0.285,SALARIED
CUS100312,60,67700,30,54,694,2,7200,0.106,SALARIED
CUS100313,44,30200,51,65,850,1,4800,0.159,SALARIED
CUS100314,52,119100,85,113,686,1,55400,0.465,SALARIED
CUS100315,42,94700,55,32,712,1,16200,0.171,SALARIED
CUS100316,43,159500,12,75,790,1,32700,0.205,SALARIED
CUS100317,22,71000,37,62,850,0,2300,0.032,SALARIED
CUS100318,47,128300,24,117,727,2,5200,0.041,SALARIED
CUS100319,22,52500,64,51,681,3,8200,0.156,SALARIED
CUS100320,46,30000,41,49,683,2,2700,0.09,SALARIED
CUS100321,37,81500,27,51,642,2,9800,0.12,SALARIED
CUS100322,60,65900,47,26,745,3,2300,0.035,SALARIED
CUS100323,53,53000,43,59,755,2,5000,0.094,SALARIED
CUS100324,29,127300,20,48,659,0,37000,0.291,SALARIED
CUS100325,59,146400,24,83,718,1,31800,0.217,SALARIED
CUS100326,49,89100,62,111,716,1,9500,0.107,SALARIED
CUS100327,46,78300,66,80,696,1,26700,0.341,SALARIED
CUS100328,55,87400,59,117,769,1,15600,0.178,SALARIED
CUS100329,45,63400,24,50,704,4,27500,0.434,SALARIED
CUS100330,44,109500,25,73,816,0,8400,0.077,SALARIED
CUS100331,33,42500,37,147,641,1,17600,0.414,SALARIED
CUS100332,27,52400,47,85,727,1,19600,0.374,SALARIED
CUS100333,56,59500,69,90,627,0,8900,0.15,SALARIED
CUS100334,40,108400,61,180,766,0,6400,0.059,SALARIED
CUS100335,21,74200,44,176,721,0,20100,0.271,SALARIED
CUS100336,28,156800,62,92,723,1,33700,0.215,SALARIED
CUS100337,36,122000,36,83,704,2,24500,0.201,SALARIED
CUS100338,34,59300,66,44,795,0,9300,0.157,SALARIED
CUS100339,32,113000,44,21,794,1,63100,0.558,SALARIED
CUS100340,43,70700,27,50,756,1,13400,0.19,SALARIED
CUS100341,35,105200,17,55,712,3,17000,0.162,SALARIED
CUS100342,48,124700,63,59,746,2,13800,0.111,SALARIED
CUS100343,54,140400,7,99,750,1,52300,0.373,SALARIED
CUS100344,22,93100,50,131,722,2,10100,0.108,SALARIED
CUS100345,52,174600,26,99,850,3,72200,0.414,SALARIED
CUS100346,43,103700,25,69,696,0,15800,0.152,SALARIED
CUS100347,42,90300,40,96,734,1,24500,0.271,SALARIED
CUS100348,45,74200,40,70,710,1,23000,0.31,SALARIED
CUS100349,42,64000,69,34,834,0,25300,0.395,SALARIED
CUS100350,42,102700,48,62,698,2,10000,0.097,SALARIED
CUS100351,26,88900,34,42,787,1,15700,0.177,SALARIED
CUS100352,35,95600,77,41,687,0,18000,0.188,SALARIED
CUS100353,57,105500,24,85,741,0,39200,0.372,SALARIED
CUS100354,53,95400,16,42,849,3,5600,0.059,SALARIED
CUS100355,28,210300,15,112,654,2,27400,0.13,SALARIED
CUS100356,25,67000,42,56,684,2,11800,0.176,SALARIED
CUS100357,59,103300,28,104,850,0,12900,0.125,SALARIED
CUS100358,24,76700,45,63,796,1,14900,0.194,SALARIED
CUS100359,26,30000,19,42,630,1,9600,0.32,SALARIED
CUS100360,52,77900,30,90,705,2,12100,0.155,SALARIED
CUS100361,50,55800,57,82,715,2,10300,0.185,SALARIED
CUS100362,55,82500,65,151,775,3,8300,0.101,SALARIED
CUS100363,60,84000,73,48,771,2,16700,0.199,SALARIED
CUS100364,36,101100,22,57,750,1,1500,0.03,SALARIED
CUS100365,33,67000,61,32,664,0,8800,0.131,SALARIED
CUS100366,50,70800,39,74,813,0,6600,0.093,SALARIED
CUS100367,39,116500,33,83,778,1,37600,0.323,SALARIED
CUS100368,37,59100,53,44,710,1,6500,0.11,SALARIED
CUS100369,39,37200,64,43,850,1,15100,0.406,SALARIED
CUS100370,48,91200,19,104,720,2,18000,0.197,SALARIED
CUS100371,46,137600,38,15,781,0,51600,0.375,SALARIED
CUS100372,57,115900,26,19,850,0,36900,0.318,SALARIED
CUS100373,46,92000,56,70,735,2,10000,0.109,SALARIED
CUS100374,43,149200,44,78,703,3,26300,0.176,SALARIED
CUS100375,29,138300,54,148,777,4,9800,0.071,SALARIED
CUS100376,32,73200,51,52,741,1,14100,0.193,SALARIED
CUS100377,21,95000,28,83,808,0,14700,0.155,SALARIED
CUS100378,21,96900,15,94,780,0,33200,0.343,SALARIED
CUS100379,54,81700,46,50,791,1,14300,0.175,SALARIED
CUS100380,52,141600,48,101,688,0,25100,0.177,SALARIED
CUS100381,45,79400,46,94,788,1,10800,0.136,SALARIED
CUS100382,60,67900,85,12,670,4,11000,0.162,SALARIED
CUS100383,21,30000,61,53,771,2,1500,0.05,SALARIED
CUS100384,36,59300,45,63,771,1,14200,0.239,SALARIED
CUS100385,59,47000,41,80,610,2,4000,0.085,SALARIED
CUS100386,25,83500,77,30,799,1,13900,0.166,SALARIED
CUS100387,42,48400,49,32,729,0,2900,0.06,SALARIED
CUS100388,49,111800,33,44,703,1,29000,0.259,SALARIED
CUS100389,23,140000,61,28,730,1,28600,0.204,SALARIED
CUS100390,32,83800,25,96,658,0,27400,0.327,SALARIED
CUS100391,46,54600,15,37,826,1,7100,0.13,SALARIED
CUS100392,36,96700,49,65,778,2,10200,0.105,SALARIED
CUS100393,57,199300,35,17,850,3,57600,0.289,SALARIED
CUS100394,42,173300,26,40,725,3,25900,0.149,SALARIED
CUS100395,49,45100,21,58,716,2,1200,0.03,SALARIED
CUS100396,34,44400,21,154,789,2,13400,0.302,SALARIED
CUS100397,48,39600,54,35,795,1,8900,0.225,SALARIED
CUS100398,25,51000,16,127,806,0,5000,0.098,SALARIED
CUS100399,50,95200,58,132,796,2,5100,0.054,SALARIED
CUS100400,25,66200,37,72,835,2,16600,0.251,SALARIED
CUS100401,32,58300,22,107,780,4,5500,0.094,SALARIED
CUS100402,36,135700,92,21,767,0,6200,0.046,SALARIED
CUS100403,46,107900,30,41,824,0,29300,0.272,SALARIED
CUS100404,46,39500,37,115,673,1,1900,0.048,SALARIED
CUS100405,41,132200,74,54,780,3,9100,0.069,SALARIED
CUS100406,59,106700,28,71,691,2,16000,0.15,SALARIED
CUS100407,56,107800,54,47,753,1,11300,0.105,SALARIED
CUS100408,53,65800,101,58,761,1,26000,0.395,SALARIED
CUS100409,50,78100,66,69,674,1,22500,0.288,SALARIED
CUS100410,57,35000,7,76,734,0,11000,0.314,SALARIED
CUS100411,43,125600,79,120,746,5,7100,0.057,SALARIED
CUS100412,30,54200,21,65,748,1,22500,0.415,SALARIED
CUS100413,25,57400,82,22,779,2,3000,0.052,SALARIED
CUS100414,56,57100,44,52,760,0,2000,0.035,SALARIED
CUS100415,54,191100,46,119,749,3,27100,0.142,SALARIED
CUS100416,51,62900,72,97,736,1,13900,0.221,SALARIED
CUS100417,30,129900,42,53,718,2,47400,0.365,SALARIED
CUS100418,39,84100,22,47,752,1,35300,0.42,SALARIED
CUS100419,52,58500,26,49,671,1,6800,0.116,SALARIED
CUS100420,21,53900,18,31,716,1,16900,0.314,SALARIED
CUS100421,25,64100,42,77,735,4,21400,0.334,SALARIED
CUS100422,24,82200,26,129,650,1,8400,0.102,SALARIED
CUS100423,36,111400,32,46,775,1,29200,0.262,SALARIED
CUS100424,44,68800,50,38,722,4,16700,0.243,SALARIED
CUS100425,36,67600,78,70,729,0,900,0.03,SALARIED
CUS100426,22,57200,88,45,745,2,9400,0.164,SALARIED
CUS100427,48,49700,79,62,672,0,23200,0.467,SALARIED
CUS100428,52,47800,18,147,740,0,2400,0.05,SALARIED
CUS100429,47,132600,52,114,707,2,27700,0.209,SALARIED
CUS100430,40,67000,39,26,782,6,10900,0.163,SALARIED
CUS100431,44,69700,44,53,775,0,7200,0.103,SALARIED
CUS100432,32,63000,83,78,689,1,8000,0.127,SALARIED
CUS100433,55,73700,95,78,730,0,10300,0.14,SALARIED
CUS100434,53,100400,77,39,669,1,7800,0.078,SALARIED
CUS100435,53,68300,101,73,692,1,12900,0.189,SALARIED
CUS100436,57,92200,20,159,744,3,48400,0.525,SALARIED
CUS100437,32,160900,57,149,780,0,25800,0.16,SALARIED
CUS100438,23,58800,47,68,721,0,10600,0.18,SALARIED
CUS100439,21,69700,31,73,715,1,8800,0.126,SALARIED
CUS100440,53,113400,50,69,776,2,21100,0.186,SALARIED
CUS100441,60,166700,32,58,759,1,8800,0.053,SALARIED
CUS100442,30,48600,59,66,656,0,5700,0.117,SALARIED
CUS100443,49,39500,22,23,724,1,7800,0.197,SALARIED
CUS100444,33,85000,32,113,718,2,7900,0.093,SALARIED
CUS100445,32,81100,35,50,710,1,10300,0.127,SALARIED
CUS100446,51,116500,29,56,706,3,38000,0.326,SALARIED
CUS100447,22,108800,62,72,766,2,33200,0.305,SALARIED
CUS100448,55,83700,42,57,666,0,11900,0.142,SALARIED
CUS100449,43,136300,10,48,797,1,20600,0.151,SALARIED
CUS100450,37,62600,49,90,733,0,5400,0.086,SALARIED
CUS100451,46,93500,28,20,735,0,43900,0.47,SALARIED
CUS100452,28,49200,29,69,830,2,6200,0.126,SALARIED
CUS100453,49,83400,70,127,784,1,20500,0.246,SALARIED
CUS100454,46,44000,28,45,707,1,2200,0.05,SALARIED
CUS100455,30,51400,81,35,748,1,16800,0.327,SALARIED
CUS100456,46,183400,32,62,705,1,18300,0.1,SALARIED
CUS100457,54,37400,22,92,740,1,5300,0.142,SALARIED
CUS100458,27,77100,25,98,680,1,45100,0.585,SALARIED
CUS100459,24,123300,59,49,723,3,59000,0.479,SALARIED
CUS100460,31,231000,26,139,754,1,38500,0.167,SALARIED
CUS100461,49,92100,89,79,722,0,3200,0.035,SALARIED
CUS100462,56,94400,52,47,702,1,2800,0.03,SALARIED
CUS100463,45,86500,39,59,833,2,32800,0.379,SALARIED
CUS100464,41,136800,46,84,726,2,30400,0.222,SALARIED
CUS100465,56,103200,43,85,689,1,33600,0.326,SALARIED
CUS100466,30,65600,106,64,725,3,10500,0.16,SALARIED
CUS100467,57,140400,31,54,736,0,3600,0.03,SALARIED
CUS100468,29,69000,67,92,768,4,7800,0.113,SALARIED
CUS100469,44,41400,26,93,745,2,6400,0.155,SALARIED
CUS100470,55,41500,68,58,732,0,8400,0.202,SALARIED
CUS100471,55,77600,14,75,748,3,5500,0.071,SALARIED
CUS100472,56,89000,54,62,850,0,22200,0.249,SALARIED
CUS100473,38,130700,95,42,691,1,18700,0.143,SALARIED
CUS100474,59,113400,32,45,689,1,35600,0.314,SALARIED
CUS100475,52,88100,38,48,807,2,3800,0.043,SALARIED
CUS100476,44,134000,34,65,695,1,39000,0.291,SALARIED
CUS100477,43,85500,71,70,708,1,3600,0.042,SALARIED
CUS100478,52,47600,23,38,763,1,5600,0.118,SALARIED
CUS100479,57,43100,70,64,705,1,2600,0.06,SALARIED
CUS100480,32,151100,10,107,791,0,27100,0.179,SALARIED
CUS100481,33,30900,67,82,704,1,6100,0.197,SALARIED
CUS100482,43,77700,24,95,705,3,17500,0.225,SALARIED
CUS100483,45,325200,20,38,821,2,92300,0.284,SALARIED
CUS100484,55,104500,41,88,723,2,38600,0.369,SALARIED
CUS100485,50,77400,106,120,668,2,21300,0.275,SALARIED
CUS100486,37,39800,16,103,850,1,9100,0.229,SALARIED
CUS100487,40,176000,84,45,737,0,47900,0.272,SALARIED
CUS100488,45,146800,34,64,717,0,16000,0.109,SALARIED
CUS100489,42,115700,42,91,698,1,15800,0.137,SALARIED
CUS100490,33,85000,27,33,751,2,13300,0.156,SALARIED
CUS100491,39,110000,61,98,749,0,33100,0.301,SALARIED
CUS100492,56,79500,15,62,842,0,7600,0.096,SALARIED
CUS100493,32,54900,31,27,723,0,5900,0.107,SALARIED
CUS100494,39,130700,42,13,787,1,8700,0.067,SALARIED
CUS100495,32,83100,65,72,850,1,1800,0.03,SALARIED
CUS100496,29,107500,36,73,761,0,10800,0.1,SALARIED
CUS100497,27,80500,44,86,749,2,19900,0.247,SALARIED
CUS100498,48,104600,17,83,752,1,2500,0.03,SALARIED
CUS100499,34,84400,37,97,753,2,33300,0.395,SALARIED
CUS100500,51,81500,99,48,719,3,17300,0.212,SALARIED
CUS100501,39,86200,79,47,664,1,11000,0.128,SALARIED
CUS100502,36,322200,54,108,778,0,31900,0.099,SALARIED
CUS100503,25,122000,58,30,720,0,12600,0.103,SALARIED
CUS100504,55,272200,80,32,721,1,87600,0.322,SALARIED
CUS100505,32,84700,22,119,771,1,22800,0.269,SALARIED
CUS100506,45,74000,19,69,718,0,18600,0.251,SALARIED
CUS100507,41,52400,96,120,809,1,13900,0.265,SALARIED
CUS100508,56,174900,33,50,667,3,13800,0.079,SALARIED
CUS100509,43,56600,40,65,739,2,12800,0.226,SALARIED
CUS100510,36,191900,51,73,680,2,25500,0.133,SALARIED
CUS100511,59,53800,53,88,681,1,6300,0.117,SALARIED
CUS100512,59,126700,29,50,710,2,11300,0.089,SALARIED
CUS100513,34,41500,13,101,765,2,8200,0.198,SALARIED
CUS100514,51,69700,38,52,763,3,10400,0.149,SALARIED
CUS100515,25,85800,34,48,792,0,26200,0.305,SALARIED
CUS100516,55,65000,45,47,663,1,25200,0.388,SALARIED
CUS100517,43,78800,29,159,707,1,15700,0.199,SALARIED
CUS100518,49,78900,27,97,729,2,9200,0.117,SALARIED
CUS100519,31,122200,28,39,835,2,50300,0.412,SALARIED
CUS100520,38,33200,57,93,640,0,5400,0.163,SALARIED
CUS100521,32,66000,58,95,748,1,9100,0.138,SALARIED
CUS100522,29,149500,44,98,729,1,45400,0.304,SALARIED
CUS100523,30,109500,38,46,622,2,7500,0.068,SALARIED
CUS100524,37,150600,59,115,786,2,23100,0.153,SALARIED
CUS100525,58,119600,32,49,689,4,20400,0.171,SALARIED
CUS100526,27,52200,91,35,804,0,8600,0.165,SALARIED
CUS100527,33,114400,17,87,689,2,37200,0.325,SALARIED
CUS100528,60,88900,63,8,709,1,17200,0.193,SALARIED
CUS100529,29,235900,45,44,802,1,155900,0.661,SALARIED
CUS100530,47,122000,23,160,698,0,25700,0.211,SALARIED
CUS100531,22,107600,10,177,766,1,29300,0.272,SALARIED
CUS100532,25,114900,65,53,635,1,32400,0.282,SALARIED
CUS100533,49,105000,20,161,748,1,16700,0.159,SALARIED
CUS100534,57,103700,76,57,762,1,27700,0.267,SALARIED
CUS100535,58,75400,25,103,794,1,13300,0.176,SALARIED
CUS100536,39,108200,43,180,745,2,46200,0.427,SALARIED
CUS100537,28,130300,40,94,677,0,43300,0.332,SALARIED
CUS100538,21,137000,40,37,702,2,3200,0.03,SALARIED
CUS100539,42,129700,30,63,643,1,24000,0.185,SALARIED
CUS100540,37,167500,46,52,702,3,9100,0.054,SALARIED
CUS100541,27,140900,38,12,731,1,29300,0.208,SALARIED
CUS100542,45,112800,29,52,752,1,30200,0.268,SALARIED
CUS100543,24,50800,40,35,667,0,9000,0.177,SALARIED
CUS100544,56,50800,78,28,783,0,2700,0.053,SALARIED
CUS100545,26,76000,26,128,728,2,8800,0.116,SALARIED
CUS100546,51,86800,41,43,783,1,9000,0.104,SALARIED
CUS100547,39,159500,77,64,830,0,36800,0.231,SALARIED
CUS100548,59,30000,57,114,701,1,6000,0.2,SALARIED
CUS100549,47,53400,38,55,741,0,1300,0.03,SALARIED
CUS100550,30,77900,48,76,686,0,44300,0.569,SALARIED
CUS100551,46,54300,13,76,705,1,34800,0.641,SALARIED
CUS100552,39,59400,32,40,711,0,5200,0.088,SALARIED
CUS100553,59,67900,13,44,719,0,9700,0.143,SALARIED
CUS100554,23,55500,20,126,730,2,8100,0.146,SALARIED
CUS100555,33,60000,41,65,796,0,18500,0.308,SALARIED
CUS100556,48,157000,36,60,678,1,26900,0.171,SALARIED
CUS100557,40,112100,43,125,731,3,12000,0.107,SALARIED
CUS100558,48,119900,28,61,772,0,16000,0.133,SALARIED
CUS100559,28,83700,30,108,802,1,13300,0.159,SALARIED
CUS100560,59,134000,63,123,663,1,35700,0.266,SALARIED
CUS100561,21,124500,39,39,772,0,18700,0.15,SALARIED
CUS100562,23,111300,129,48,695,0,34300,0.308,SALARIED
CUS100563,33,63300,38,59,754,2,13600,0.215,SALARIED
CUS100564,48,69700,25,15,732,3,10800,0.155,SALARIED
CUS100565,45,136800,22,98,746,0,24300,0.178,SALARIED
CUS100566,53,67400,58,54,763,1,11300,0.168,SALARIED
CUS100567,58,47600,36,17,688,1,12800,0.269,SALARIED
CUS100568,26,66800,99,65,753,0,1400,0.03,SALARIED
CUS100569,52,171500,23,105,773,2,76000,0.443,SALARIED
CUS100570,41,66800,69,55,712,0,26300,0.394,SALARIED
CUS100571,36,98500,85,62,678,1,45000,0.457,SALARIED
CUS100572,41,64400,56,78,631,1,30500,0.474,SALARIED
CUS100573,31,119800,31,121,721,3,25100,0.21,SALARIED
CUS100574,57,108200,48,44,800,1,25100,0.232,SALARIED
CUS100575,56,43500,21,111,713,1,10000,0.23,SALARIED
CUS100576,55,95900,49,22,745,2,23500,0.245,SALARIED
CUS100577,39,39900,18,149,749,1,12500,0.313,SALARIED
CUS100578,40,66200,103,142,814,0,5800,0.088,SALARIED
CUS100579,38,84600,149,83,620,2,23000,0.272,SALARIED
CUS100580,34,195100,29,77,787,4,35700,0.183,SALARIED
CUS100581,35,98100,39,82,736,1,13500,0.138,SALARIED
CUS100582,51,60200,94,93,786,0,16200,0.269,SALARIED
CUS100583,21,73700,25,58,776,3,17100,0.232,SALARIED
CUS100584,23,128800,66,35,705,2,9900,0.077,SALARIED
CUS100585,36,60600,50,56,815,1,9400,0.155,SALARIED
CUS100586,43,139300,18,65,831,2,24100,0.173,SALARIED
CUS100587,31,67200,66,79,800,1,19000,0.283,SALARIED
CUS100588,32,56300,38,85,846,1,3000,0.053,SALARIED
CUS100589,30,68100,40,59,724,3,13200,0.194,SALARIED
CUS100590,52,41100,2,44,687,1,10800,0.263,SALARIED
CUS100591,36,32000,8,149,774,0,3100,0.097,SALARIED
CUS100592,28,81900,41,143,752,2,23200,0.283,SALARIED
CUS100593,58,82500,80,107,766,4,18100,0.219,SALARIED
CUS100594,32,95400,71,76,704,1,10700,0.112,SALARIED
CUS100595,44,81700,18,44,836,3,2500,0.031,SALARIED
CUS100596,48,242500,51,12,745,1,64000,0.264,SALARIED
CUS100597,28,91700,87,131,672,1,17200,0.188,SALARIED
CUS100598,48,45800,49,90,745,3,7900,0.172,SALARIED
CUS100599,56,51400,11,79,767,1,12900,0.251,SALARIED
CUS100600,46,85000,38,51,686,1,17500,0.206,SALARIED
CUS100601,28,69900,77,180,765,2,11500,0.165,SALARIED
CUS100602,48,48900,43,34,743,1,10200,0.209,SALARIED
CUS100603,48,82800,40,100,676,0,25600,0.309,SALARIED
CUS100604,57,83300,34,32,699,1,11200,0.134,SALARIED
CUS100605,56,174300,68,76,743,2,11100,0.064,SALARIED
CUS100606,47,56300,49,80,738,2,4100,0.073,SALARIED
CUS100607,37,70400,30,46,637,0,17400,0.247,SALARIED
CUS100608,29,174000,36,56,761,2,108000,0.621,SALARIED
CUS100609,53,98500,115,88,747,2,36100,0.366,SALARIED
CUS100610,40,56100,23,34,778,2,3300,0.059,SALARIED
CUS100611,33,61600,17,60,763,1,13800,0.224,SALARIED
CUS100612,48,49200,7,62,719,0,11200,0.228,SALARIED
CUS100613,49,88000,12,58,738,0,9700,0.11,SALARIED
CUS100614,33,135200,38,73,850,1,21700,0.161,SALARIED
CUS100615,55,177100,67,59,692,1,5500,0.031,SALARIED
CUS100616,26,43500,97,87,716,0,6500,0.149,SALARIED
CUS100617,38,125700,33,97,692,0,38200,0.304,SALARIED
CUS100618,25,91500,35,37,671,0,11300,0.123,SALARIED
CUS100619,45,75500,52,78,713,1,19500,0.258,SALARIED
CUS100620,22,70400,34,50,724,2,20000,0.284,SALARIED
CUS100621,30,35800,43,87,691,0,8700,0.243,SALARIED
CUS100622,50,113300,49,86,850,0,14300,0.126,SALARIED
CUS100623,25,47000,68,61,730,0,1700,0.036,SALARIED
CUS100624,53,60700,22,68,682,3,7200,0.119,SALARIED
CUS100625,21,102600,36,67,783,1,26300,0.256,SALARIED
CUS100626,38,37500,69,101,683,1,5400,0.144,SALARIED
CUS100627,52,46900,29,99,726,1,13000,0.277,SALARIED
CUS100628,31,147100,28,71,644,1,18900,0.128,SALARIED
CUS100629,41,89800,13,113,772,2,26300,0.293,SALARIED
CUS100630,46,63100,49,12,771,1,26900,0.426,SALARIED
CUS100631,45,90000,50,40,765,2,1300,0.03,SALARIED
CUS100632,42,114900,24,86,776,1,6600,0.057,SALARIED
CUS100633,47,141000,7,89,719,1,18800,0.133,SALARIED
CUS100634,33,51500,39,39,777,2,5500,0.107,SALARIED
CUS100635,53,53600,131,91,850,1,13700,0.256,SALARIED
CUS100636,54,111800,63,128,756,1,1100,0.03,SALARIED
CUS100637,55,113400,38,76,736,0,33300,0.294,SALARIED
CUS100638,21,46400,46,61,657,2,12600,0.272,SALARIED
CUS100639,41,54500,34,132,750,0,8000,0.147,SALARIED
CUS100640,26,77900,15,16,683,0,26500,0.34,SALARIED
CUS100641,48,85900,36,63,735,2,33500,0.39,SALARIED
CUS100642,37,87000,32,62,684,1,22000,0.253,SALARIED
CUS100643,25,46100,31,78,680,3,10000,0.217,SALARIED
CUS100644,51,86600,27,74,730,3,9400,0.109,SALARIED
CUS100645,25,61500,31,58,838,2,3800,0.062,SALARIED
CUS100646,58,50300,16,79,700,1,700,0.03,SALARIED
CUS100647,23,84600,20,108,679,2,25200,0.298,SALARIED
CUS100648,43,80800,68,80,850,2,32300,0.4,SALARIED
CUS100649,57,121900,69,49,706,0,36400,0.299,SALARIED
CUS100650,57,57700,77,107,726,4,11900,0.206,SALARIED
CUS100651,30,94500,11,58,729,0,36700,0.388,SALARIED
CUS100652,30,42000,12,65,763,2,9800,0.233,SALARIED
CUS100653,39,75100,51,50,679,1,2500,0.033,SALARIED
CUS100654,37,104700,36,65,722,0,7700,0.074,SALARIED
CUS100655,41,108800,63,116,757,4,15500,0.142,SALARIED
CUS100656,34,109100,33,174,736,1,16500,0.151,SALARIED
CUS100657,29,122100,37,61,689,3,38700,0.317,SALARIED
CUS100658,21,69500,15,115,674,1,9100,0.131,SALARIED
CUS100659,33,106200,21,64,763,2,60200,0.567,SALARIED
CUS100660,24,197100,43,66,715,2,36100,0.183,SALARIED
CUS100661,21,68900,63,180,807,0,5700,0.083,SALARIED
CUS100662,60,158200,104,49,729,2,38100,0.241,SALARIED
CUS100663,52,126100,39,19,760,2,29800,0.236,SALARIED
CUS100664,54,75400,35,97,770,2,3200,0.042,SALARIED
CUS100665,48,78300,54,69,759,0,8200,0.105,SALARIED
CUS100666,51,89700,68,91,691,4,7300,0.081,SALARIED
CUS100667,28,122900,31,130,782,3,26100,0.212,SALARIED
CUS100668,59,101900,43,54,777,2,32200,0.316,SALARIED
CUS100669,46,68600,39,51,701,1,1500,0.03,SALARIED
CUS100670,54,33300,17,93,710,0,8100,0.243,SALARIED
CUS100671,23,115000,34,28,747,0,19100,0.166,SALARIED
CUS100672,32,35600,16,37,767,0,4700,0.132,SALARIED
CUS100673,21,46000,28,36,713,4,17500,0.38,SALARIED
CUS100674,25,70900,16,69,748,1,10700,0.151,SALARIED
CUS100675,50,49200,8,93,698,0,13100,0.266,SALARIED
CUS100676,50,98100,41,76,728,0,42800,0.436,SALARIED
CUS100677,37,74400,31,28,727,3,15600,0.21,SALARIED
CUS100678,43,121000,15,29,850,0,15300,0.126,SALARIED
CUS100679,35,41200,7,56,785,3,4100,0.1,SALARIED
CUS100680,57,63100,23,40,729,2,6000,0.095,SALARIED
CUS100681,41,85200,71,41,742,0,3500,0.041,SALARIED
CUS100682,34,86700,24,135,708,0,10900,0.126,SALARIED
CUS100683,22,116200,4,69,721,2,25500,0.219,SALARIED
CUS100684,31,56300,57,93,739,1,5300,0.094,SALARIED
CUS100685,59,68900,22,49,707,0,25200,0.366,SALARIED
CUS100686,58,106800,23,138,758,1,9800,0.092,SALARIED
CUS100687,54,31600,15,43,759,0,12100,0.383,SALARIED
CUS100688,58,101100,15,180,850,1,27800,0.275,SALARIED
CUS100689,54,119900,30,30,610,0,45600,0.38,SALARIED
CUS100690,38,46600,27,50,719,0,1400,0.03,SALARIED
CUS100691,50,73800,53,16,694,3,25900,0.351,SALARIED
CUS100692,35,166400,26,153,593,2,59500,0.358,SALARIED
CUS100693,47,114400,64,45,755,0,19500,0.17,SALARIED
CUS100694,54,103900,48,94,726,1,11900,0.115,SALARIED
CUS100695,58,132800,88,62,774,2,36400,0.274,SALARIED
CUS100696,53,191500,37,77,779,1,12700,0.066,SALARIED
CUS100697,44,85700,101,131,685,0,15600,0.182,SALARIED
CUS100698,35,70800,21,69,712,1,17700,0.25,SALARIED
CUS100699,50,132600,23,17,807,0,12300,0.093,SALARIED
CUS100700,37,78100,44,83,631,0,14200,0.182,SALARIED
CUS100701,25,56000,30,87,711,1,4600,0.082,SALARIED
CUS100702,49,66700,81,40,735,0,1800,0.03,SALARIED
CUS100703,24,97800,44,60,700,0,15200,0.155,SALARIED
CUS100704,30,69400,49,21,717,3,23700,0.341,SALARIED
CUS100705,37,71800,63,89,808,1,14600,0.203,SALARIED
CUS100706,30,53500,49,180,791,1,5800,0.108,SALARIED
CUS100707,37,162200,57,51,663,1,51900,0.32,SALARIED
CUS100708,40,72900,19,59,783,1,11400,0.156,SALARIED
CUS100709,44,61700,23,90,744,3,8200,0.133,SALARIED
CUS100710,25,64700,57,54,777,0,2500,0.039,SALARIED
CUS100711,54,122000,63,42,803,3,10900,0.089,SALARIED
CUS100712,26,110000,45,65,756,2,18600,0.169,SALARIED
CUS100713,22,67800,73,56,831,1,1700,0.03,SALARIED
CUS100714,33,86200,55,49,813,2,28700,0.333,SALARIED
CUS100715,31,96300,50,94,818,1,10500,0.109,SALARIED
CUS100716,43,61900,48,99,725,0,2800,0.045,SALARIED
CUS100717,36,42500,36,66,748,1,18700,0.44,SALARIED
CUS100718,51,107200,76,53,731,1,34500,0.322,SALARIED
CUS100719,31,63500,20,38,697,1,6400,0.101,SALARIED
CUS100720,36,103600,38,60,794,0,22700,0.219,SALARIED
CUS100721,28,98200,47,112,770,1,600,0.03,SALARIED
CUS100722,24,87200,46,67,704,1,43700,0.501,SALARIED
CUS100723,60,70200,25,180,755,1,23700,0.338,SALARIED
CUS100724,24,63900,23,45,662,1,16100,0.252,SALARIED
CUS100725,45,50900,7,41,586,1,20700,0.407,SALARIED
CUS100726,23,64500,14,54,750,1,14200,0.22,SALARIED
CUS100727,52,109800,9,67,830,4,50500,0.46,SALARIED
CUS100728,23,159400,29,47,700,1,10400,0.065,SALARIED
CUS100729,47,149300,35,72,723,1,11700,0.078,SALARIED
CUS100730,49,90700,26,69,688,0,4600,0.051,SALARIED
CUS100731,52,159400,46,108,733,0,8700,0.055,SALARIED
CUS100732,39,74000,59,48,714,2,29800,0.403,SALARIED
CUS100733,41,47500,54,46,733,1,15700,0.331,SALARIED
CUS100734,25,201800,63,70,678,1,18700,0.093,SALARIED
CUS100735,38,108000,37,106,722,3,10100,0.094,SALARIED
CUS100736,48,42600,18,55,688,0,10200,0.239,SALARIED
CUS100737,42,171400,9,38,618,4,5900,0.034,SALARIED
CUS100738,41,60800,91,36,775,0,13700,0.225,SALARIED
CUS100739,26,67100,18,162,749,0,25800,0.385,SALARIED
CUS100740,21,134600,78,36,737,1,16900,0.126,SALARIED
CUS100741,25,156900,26,99,757,2,37100,0.236,SALARIED
CUS100742,32,54200,33,33,649,3,12800,0.236,SALARIED
CUS100743,46,164800,33,79,811,1,56000,0.34,SALARIED
CUS100744,54,126000,61,100,728,1,31800,0.252,SALARIED
CUS100745,34,59300,15,94,793,0,5300,0.089,SALARIED
CUS100746,46,76100,118,22,657,1,11800,0.155,SALARIED
CUS100747,47,168200,20,77,716,1,10900,0.065,SALARIED
CUS100748,29,42100,53,78,831,0,7900,0.188,SALARIED
CUS100749,46,158200,24,138,776,0,70700,0.447,SALARIED
CUS100750,42,124400,9,54,659,0,38800,0.312,SALARIED
CUS100751,50,106900,36,72,766,1,26500,0.248,SALARIED
CUS100752,37,90200,21,26,700,2,2900,0.032,SALARIED
CUS100753,46,206300,24,133,671,0,19400,0.094,SALARIED
CUS100754,56,220500,74,74,700,2,60100,0.273,SALARIED
CUS100755,21,64400,64,122,743,0,9000,0.14,SALARIED
CUS100756,28,112000,17,78,741,3,24400,0.218,SALARIED
CUS100757,55,197600,30,84,687,1,32200,0.163,SALARIED
CUS100758,35,59700,47,59,726,1,18200,0.305,SALARIED
CUS100759,42,94800,32,66,679,1,32100,0.339,SALARIED
CUS100760,34,133500,33,55,728,1,13900,0.104,SALARIED
CUS100761,46,34300,50,50,756,3,6100,0.178,SALARIED
CUS100762,48,123400,40,50,645,3,27700,0.224,SALARIED
CUS100763,43,52100,40,39,667,0,7400,0.142,SALARIED
CUS100764,34,92700,21,58,700,2,21500,0.232,SALARIED
CUS100765,44,142300,34,40,764,1,68100,0.479,SALARIED
CUS100766,22,30000,41,139,671,0,7000,0.233,SALARIED
CUS100767,46,121100,41,71,777,0,6500,0.054,SALARIED
CUS100768,34,212700,66,63,670,1,51000,0.24,SALARIED
CUS100769,27,66900,40,34,681,0,15200,0.227,SALARIED
CUS100770,23,110200,68,18,711,1,14400,0.131,SALARIED
CUS100771,43,155000,53,102,703,1,14700,0.095,SALARIED
CUS100772,38,41500,15,61,690,1,3000,0.072,SALARIED
CUS100773,58,119500,33,149,660,3,47900,0.401,SALARIED
CUS100774,55,134700,98,18,647,2,34600,0.257,SALARIED
CUS100775,35,113300,58,139,778,1,2100,0.03,SALARIED
CUS100776,45,88400,44,94,735,1,8800,0.1,SALARIED
CUS100777,57,54200,52,65,826,1,7800,0.144,SALARIED
CUS100778,48,159000,15,15,733,2,12600,0.079,SALARIED
CUS100779,30,86300,18,111,757,1,36100,0.418,SALARIED
CUS100780,59,56600,16,62,811,3,25300,0.447,SALARIED
CUS100781,37,73700,50,113,766,2,11600,0.157,SALARIED
CUS100782,59,100300,98,89,716,2,52800,0.526,SALARIED
CUS100783,42,42100,55,59,705,0,6600,0.157,SALARIED
CUS100784,46,85700,35,148,754,1,4700,0.055,SALARIED
CUS100785,45,70500,44,104,762,2,8200,0.116,SALARIED
CUS100786,37,155100,17,42,758,2,5400,0.035,SALARIED
CUS100787,33,36600,54,65,726,1,5600,0.153,SALARIED
CUS100788,40,129700,17,24,711,1,8800,0.068,SALARIED
CUS100789,45,160800,13,69,761,2,11200,0.07,SALARIED
CUS100790,24,37200,19,52,728,0,9100,0.245,SALARIED
CUS100791,30,39200,45,117,660,0,10400,0.265,SALARIED
CUS100792,23,189900,45,88,695,1,38700,0.204,SALARIED
CUS100793,38,56600,54,62,676,1,9400,0.166,SALARIED
CUS100794,56,342200,15,57,756,1,150700,0.44,SALARIED
CUS100795,42,37700,51,108,695,2,9700,0.257,SALARIED
CUS100796,54,91800,112,127,850,1,9000,0.098,SALARIED
CUS100797,28,84100,35,82,765,1,3600,0.043,SALARIED
CUS100798,60,77400,39,58,823,0,25400,0.328,SALARIED
CUS100799,39,104700,25,49,825,2,37000,0.353,SALARIED
CUS100800,57,107400,76,41,716,2,3300,0.031,SALARIED
CUS100801,26,78800,54,63,796,2,7400,0.094,SALARIED
CUS100802,46,53900,44,48,740,1,6900,0.128,SALARIED
CUS100803,54,136200,46,87,801,1,29600,0.217,SALARIED
CUS100804,26,112800,58,87,658,2,28000,0.248,SALARIED
CUS100805,57,89500,49,99,754,2,9300,0.104,SALARIED
CUS100806,53,111200,22,75,756,1,37600,0.338,SALARIED
CUS100807,42,120100,34,19,812,1,8200,0.068,SALARIED
CUS100808,41,60300,62,26,674,1,14200,0.235,SALARIED
CUS100809,26,109400,26,56,721,0,26600,0.243,SALARIED
CUS100810,26,66300,21,28,748,0,6700,0.101,SALARIED
CUS100811,24,121900,34,148,759,0,15700,0.129,SALARIED
CUS100812,50,78000,14,92,839,0,3400,0.044,SALARIED
CUS100813,31,111900,79,106,751,0,16700,0.149,SALARIED
CUS100814,50,69900,52,87,762,1,10900,0.156,SALARIED
CUS100815,51,114600,15,77,786,0,30800,0.269,SALARIED
CUS100816,44,54700,76,41,746,0,13400,0.245,SALARIED
CUS100817,29,86400,54,61,698,0,8900,0.103,SALARIED
CUS100818,23,132100,32,36,693,1,10500,0.079,SALARIED
CUS100819,51,104900,31,106,778,1,46000,0.439,SALARIED
CUS100820,60,92700,73,42,726,2,17500,0.189,SALARIED
CUS100821,57,191400,48,57,676,0,45500,0.238,SALARIED
CUS100822,56,134700,41,92,680,2,14000,0.104,SALARIED
CUS100823,44,124900,46,120,739,1,4700,0.038,SALARIED
CUS100824,51,114300,40,98,766,0,11600,0.101,SALARIED
CUS100825,26,120900,41,79,781,1,25900,0.214,SALARIED
CUS100826,22,179200,46,62,748,2,30700,0.171,SALARIED
CUS100827,40,70400,43,67,659,1,20400,0.29,SALARIED
CUS100828,48,133900,17,45,699,3,28600,0.214,SALARIED
CUS100829,31,99800,66,58,630,1,34300,0.344,SALARIED
CUS100830,24,71500,79,89,818,1,1600,0.03,SALARIED
CUS100831,35,81300,42,77,623,2,13600,0.167,SALARIED
CUS100832,26,93800,71,124,753,2,7700,0.082,SALARIED
CUS100833,50,57700,58,68,782,0,5800,0.101,SALARIED
CUS100834,58,125400,39,77,776,1,11000,0.088,SALARIED
CUS100835,22,81200,39,86,842,1,27100,0.334,SALARIED
CUS100836,35,88300,76,92,689,1,23200,0.263,SALARIED
CUS100837,31,156600,52,31,709,3,20100,0.128,SALARIED
CUS100838,28,90100,80,91,628,1,13500,0.15,SALARIED
CUS100839,46,170900,15,98,743,2,33300,0.195,SALARIED
CUS100840,25,67100,33,86,687,0,14800,0.221,SALARIED
CUS100841,26,51900,18,70,777,0,6300,0.121,SALARIED
CUS100842,46,74600,60,66,695,2,21300,0.286,SALARIED
CUS100843,24,30000,12,137,754,1,17300,0.577,SALARIED
CUS100844,39,127800,30,89,828,4,4700,0.037,SALARIED
CUS100845,40,53300,71,53,693,0,6500,0.122,SALARIED
CUS100846,53,64400,59,59,809,1,11400,0.177,SALARIED
CUS100847,40,117300,88,64,636,1,20100,0.171,SALARIED
CUS100848,32,89700,31,80,758,1,11600,0.129,SALARIED
CUS100849,21,69700,35,48,758,1,6500,0.093,SALARIED
CUS100850,46,34000,35,47,717,0,1200,0.035,SALARIED
CUS100851,34,152600,30,35,775,0,8200,0.054,SALARIED
CUS100852,58,117700,49,29,752,1,37000,0.314,SALARIED
CUS100853,57,214400,13,29,754,0,45200,0.211,SALARIED
CUS100854,31,65000,9,36,702,1,4000,0.062,SALARIED
CUS100855,56,44200,79,108,714,2,800,0.03,SALARIED
CUS100856,33,133000,66,27,788,1,33200,0.25,SALARIED
CUS100857,23,78100,15,56,682,0,7800,0.1,SALARIED
CUS100858,53,112800,17,27,704,0,14100,0.125,SALARIED
CUS100859,26,176200,49,151,656,1,14000,0.079,SALARIED
CUS100860,30,101200,40,115,731,2,6900,0.068,SALARIED
CUS100861,25,91600,118,76,848,1,3200,0.035,SALARIED
CUS100862,43,94300,61,63,762,2,8800,0.093,SALARIED
CUS100863,30,40700,20,51,667,1,3100,0.076,SALARIED
CUS100864,22,139900,7,45,813,1,63800,0.456,SALARIED
CUS100865,33,144000,44,23,678,3,22500,0.156,SALARIED
CUS100866,60,107900,50,57,785,1,16900,0.157,SALARIED
CUS100867,22,43000,40,104,731,0,8700,0.202,SALARIED
CUS100868,40,80500,33,66,761,1,3700,0.046,SALARIED
CUS100869,21,162400,54,25,797,0,32800,0.202,SALARIED
CUS100870,57,65900,18,30,652,2,4300,0.065,SALARIED
CUS100871,29,144800,29,52,717,2,25400,0.175,SALARIED
CUS100872,37,87100,27,76,782,1,15300,0.176,SALARIED
CUS100873,29,117100,45,95,724,0,27100,0.231,SALARIED
CUS100874,31,70600,28,141,703,1,24800,0.351,SALARIED
CUS100875,35,88300,51,138,727,1,22300,0.253,SALARIED
CUS100876,44,103500,40,38,705,2,6100,0.059,SALARIED
CUS100877,58,52200,97,64,713,0,4800,0.092,SALARIED
CUS100878,55,96200,24,81,812,1,19900,0.207,SALARIED
CUS100879,50,30000,66,53,714,3,9500,0.317,SALARIED
CUS100880,51,64800,10,22,810,0,26100,0.403,SALARIED
CUS100881,25,108600,77,133,794,1,24100,0.222,SALARIED
CUS100882,34,140700,25,40,762,3,14100,0.1,SALARIED
CUS100883,31,105200,77,50,704,2,7800,0.074,SALARIED
CUS100884,29,45500,56,73,749,0,17600,0.387,SALARIED
CUS100885,54,135300,68,41,740,3,11300,0.084,SALARIED
CUS100886,32,50900,32,101,704,2,5000,0.098,SALARIED
CUS100887,55,112100,47,36,741,2,8900,0.079,SALARIED
CUS100888,55,51700,12,43,709,1,14000,0.271,SALARIED
CUS100889,21,60000,23,62,837,1,13600,0.227,SALARIED
CUS100890,60,55300,19,50,674,1,16200,0.293,SALARIED
CUS100891,42,90500,84,80,773,1,26600,0.294,SALARIED
CUS100892,49,77800,63,86,737,0,3700,0.048,SALARIED
CUS100893,28,106900,131,63,776,2,18900,0.177,SALARIED
CUS100894,31,84300,40,32,781,2,10500,0.125,SALARIED
CUS100895,57,42900,84,89,798,2,9400,0.219,SALARIED
CUS100896,34,96200,42,127,714,1,14300,0.149,SALARIED
CUS100897,50,38500,14,99,653,1,6900,0.179,SALARIED
CUS100898,55,57100,26,59,850,0,8400,0.147,SALARIED
CUS100899,41,72200,70,44,718,0,28100,0.389,SALARIED
CUS100900,57,69900,46,71,653,2,3900,0.056,SALARIED
CUS100901,25,40500,100,111,753,3,9500,0.235,SALARIED
CUS100902,39,157500,44,124,728,1,44700,0.284,SALARIED
CUS100903,34,178400,23,123,779,0,19200,0.108,SALARIED
CUS100904,46,234000,54,102,732,1,19400,0.083,SALARIED
CUS100905,24,142500,28,35,807,0,14200,0.1,SALARIED
CUS100906,45,71100,31,54,721,1,4300,0.06,SALARIED
CUS100907,45,70600,84,111,666,1,5600,0.079,SALARIED
CUS100908,38,68900,19,61,770,0,17400,0.253,SALARIED
CUS100909,60,207700,34,70,671,2,39900,0.192,SALARIED
CUS100910,28,80700,41,59,743,2,20500,0.254,SALARIED
CUS100911,59,150500,19,47,796,1,38800,0.258,SALARIED
CUS100912,60,145300,37,109,700,2,10400,0.072,SALARIED
CUS100913,34,92600,49,48,769,1,6000,0.065,SALARIED
CUS100914,52,44200,34,36,751,2,5500,0.124,SALARIED
CUS100915,58,81500,72,49,705,0,18200,0.223,SALARIED
CUS100916,53,90800,42,80,815,2,18400,0.203,SALARIED
CUS100917,43,151100,111,36,769,0,48400,0.32,SALARIED
CUS100918,35,85700,89,91,808,0,14500,0.169,SALARIED
CUS100919,53,49300,40,38,695,2,11600,0.235,SALARIED
CUS100920,45,132600,38,40,743,1,52800,0.398,SALARIED
CUS100921,37,76700,61,64,795,2,31100,0.405,SALARIED
CUS100922,53,30000,6,63,742,2,1700,0.057,SALARIED
CUS100923,22,98400,25,180,832,1,7900,0.08,SALARIED
CUS100924,34,106500,26,51,705,0,22300,0.209,SALARIED
CUS100925,60,58200,102,70,739,0,9900,0.17,SALARIED
CUS100926,60,78000,28,111,785,0,14700,0.188,SALARIED
CUS100927,59,114300,28,62,761,1,15800,0.138,SALARIED
CUS100928,26,98700,26,33,754,5,4400,0.045,SALARIED
CUS100929,26,42100,28,160,757,0,4800,0.114,SALARIED
CUS100930,23,149400,22,30,631,2,11200,0.075,SALARIED
CUS100931,27,183200,37,72,726,2,21200,0.116,SALARIED
CUS100932,28,67600,73,41,752,0,7900,0.117,SALARIED
CUS100933,35,36000,37,68,758,3,9300,0.258,SALARIED
CUS100934,49,120300,26,31,687,1,57700,0.48,SALARIED
CUS100935,53,62800,42,74,752,0,11600,0.185,SALARIED
CUS100936,50,108200,65,83,761,0,9000,0.083,SALARIED
CUS100937,59,229000,46,156,750,4,72100,0.315,SALARIED
CUS100938,47,42400,39,106,736,1,11900,0.281,SALARIED
CUS100939,56,59400,29,101,688,1,22400,0.377,SALARIED
CUS100940,49,77900,26,45,696,0,5800,0.074,SALARIED
CUS100941,58,152000,67,74,753,3,33400,0.22,SALARIED
CUS100942,53,421000,83,53,621,1,30100,0.071,SALARIED
CUS100943,57,95000,134,180,798,1,21600,0.227,SALARIED
CUS100944,47,40800,28,78,714,3,15500,0.38,SALARIED
CUS100945,53,72800,33,25,757,0,22300,0.306,SALARIED
CUS100946,24,60000,38,83,801,2,900,0.03,SALARIED
CUS100947,42,117600,21,67,669,0,31900,0.271,SALARIED
CUS100948,22,100700,39,71,759,1,24200,0.24,SALARIED
CUS100949,30,53200,15,49,722,0,19200,0.361,SALARIED
CUS100950,25,58400,45,45,642,1,31400,0.538,SALARIED
CUS100951,30,72300,83,100,820,2,3800,0.053,SALARIED
CUS100952,53,76300,43,40,683,3,26400,0.346,SALARIED
CUS100953,58,83400,26,41,804,2,15400,0.185,SALARIED
CUS100954,33,86900,29,110,673,0,11200,0.129,SALARIED
CUS100955,51,148200,20,50,654,1,9600,0.065,SALARIED
CUS100956,56,71100,41,66,669,0,11500,0.162,SALARIED
CUS100957,44,66600,21,60,677,1,19000,0.285,SALARIED
CUS100958,35,46500,21,20,684,0,11900,0.256,SALARIED
CUS100959,49,76900,22,33,778,2,10300,0.134,SALARIED
CUS100960,28,95400,43,32,850,0,25600,0.268,SALARIED
CUS100961,25,39100,33,111,813,2,12200,0.312,SALARIED
CUS100962,49,72900,83,121,737,0,14100,0.193,SALARIED
CUS100963,24,143300,18,45,721,1,23200,0.162,SALARIED
CUS100964,32,113800,87,76,720,1,35600,0.313,SALARIED
CUS100965,22,100600,82,89,614,2,24400,0.243,SALARIED
CUS100966,47,112400,37,78,746,2,14700,0.131,SALARIED
CUS100967,51,65700,28,152,764,0,14400,0.219,SALARIED
CUS100968,56,61800,30,70,685,4,7800,0.126,SALARIED
CUS100969,56,150700,20,89,656,0,25300,0.168,SALARIED
CUS100970,46,123400,39,29,734,1,3200,0.03,SALARIED
CUS100971,47,60800,49,52,785,2,10400,0.171,SALARIED
CUS100972,25,36500,58,82,682,1,9700,0.266,SALARIED
CUS100973,40,61300,52,51,676,1,30100,0.491,SALARIED
CUS100974,31,108600,43,99,701,1,8000,0.074,SALARIED
CUS100975,30,63200,43,120,760,3,14300,0.226,SALARIED
CUS100976,60,98600,20,57,694,2,38200,0.387,SALARIED
CUS100977,58,161000,17,60,819,0,9200,0.057,SALARIED
CUS100978,26,81500,47,91,710,1,24000,0.294,SALARIED
CUS100979,28,94400,75,43,705,0,16800,0.178,SALARIED
CUS100980,43,115700,119,83,738,1,29400,0.254,SALARIED
CUS100981,46,52200,31,49,790,2,9300,0.178,SALARIED
CUS100982,32,60000,62,47,768,1,4700,0.078,SALARIED
CUS100983,46,117900,35,43,633,1,23100,0.196,SALARIED
CUS100984,33,86400,58,40,763,1,31900,0.369,SALARIED
CUS100985,60,89800,28,99,790,1,4000,0.045,SALARIED
CUS100986,38,86300,31,39,795,0,16200,0.188,SALARIED
CUS100987,45,132000,25,56,817,1,1700,0.03,SALARIED
CUS100988,53,103400,45,72,850,2,13700,0.132,SALARIED
CUS100989,60,104000,11,116,740,0,10100,0.097,SALARIED
CUS100990,32,147300,42,47,717,1,32700,0.222,SALARIED
CUS100991,56,175100,63,48,690,0,57300,0.327,SALARIED
CUS100992,24,233300,9,30,670,0,30900,0.132,SALARIED
CUS100993,25,65500,85,67,710,0,10400,0.159,SALARIED
CUS100994,57,258200,10,31,706,0,42200,0.163,SALARIED
CUS100995,28,51900,59,38,677,0,13200,0.254,SALARIED
CUS100996,48,203100,28,34,747,0,36700,0.181,SALARIED
CUS100997,51,63900,61,64,732,2,19800,0.31,SALARIED
CUS100998,29,82400,32,72,739,2,5900,0.072,SALARIED
CUS100999,49,85700,54,38,681,1,30200,0.352,SALARIED
CUS101000,34,57500,31,47,759,2,1600,0.03,SALARIED
CUS101001,60,88400,24,86,699,0,21600,0.244,SALARIED
CUS101002,42,58900,24,95,816,1,9500,0.161,SALARIED
CUS101003,31,48800,55,15,614,0,8400,0.172,SALARIED
CUS101004,43,83500,31,63,704,1,50900,0.61,SALARIED
CUS101005,21,173800,54,23,762,2,7000,0.04,SALARIED
CUS101006,57,75800,57,83,663,3,38300,0.505,SALARIED
CUS101007,41,129800,57,71,807,0,21500,0.166,SALARIED
CUS101008,46,58100,26,58,791,1,20500,0.353,SALARIED
CUS101009,56,47700,29,163,828,2,2400,0.05,SALARIED
CUS101010,43,104300,57,76,806,1,29100,0.279,SALARIED
CUS101011,21,187300,13,32,775,1,14800,0.079,SALARIED
CUS101012,60,93400,56,34,743,0,3000,0.032,SALARIED
CUS101013,35,123300,73,54,669,4,26400,0.214,SALARIED
CUS101014,41,166600,33,97,809,1,56200,0.337,SALARIED
CUS101015,29,83600,76,74,699,2,24200,0.289,SALARIED
CUS101016,29,79400,44,44,723,0,4100,0.052,SALARIED
CUS101017,30,105100,53,41,713,0,33800,0.322,SALARIED
CUS101018,46,113900,37,58,705,0,24500,0.215,SALARIED
CUS101019,55,45300,27,155,798,1,8500,0.188,SALARIED
CUS101020,45,97100,46,86,785,1,39600,0.408,SALARIED
CUS101021,46,85000,30,83,763,2,18800,0.221,SALARIED
CUS101022,31,59600,61,83,735,2,10000,0.168,SALARIED
CUS101023,58,82400,31,52,641,3,18300,0.222,SALARIED
CUS101024,22,50300,47,37,731,0,6200,0.123,SALARIED
CUS101025,27,43100,44,65,808,2,2500,0.058,SALARIED
CUS101026,38,87600,4,62,708,3,13900,0.159,SALARIED
CUS101027,47,127600,49,99,704,0,63900,0.501,SALARIED
CUS101028,54,72700,62,98,782,1,11800,0.162,SALARIED
CUS101029,47,55200,14,43,733,0,17000,0.308,SALARIED
CUS101030,37,59200,43,30,803,4,12000,0.203,SALARIED
CUS101031,44,108800,50,110,687,1,29800,0.274,SALARIED
CUS101032,45,180000,42,46,746,1,30500,0.169,SALARIED
CUS101033,27,120200,34,103,753,0,26300,0.219,SALARIED
CUS101034,26,152600,33,52,730,0,23000,0.151,SALARIED
CUS101035,44,53000,16,25,809,2,12300,0.232,SALARIED
CUS101036,53,82200,26,45,737,2,19300,0.235,SALARIED
CUS101037,49,134400,96,78,773,0,48100,0.358,SALARIED
CUS101038,42,45300,56,73,731,1,9900,0.219,SALARIED
CUS101039,46,63200,35,25,734,2,8700,0.138,SALARIED
CUS101040,48,129900,29,92,755,2,45300,0.349,SALARIED
CUS101041,41,95500,74,59,684,1,1500,0.03,SALARIED
CUS101042,27,55100,27,86,703,2,3900,0.071,SALARIED
CUS101043,37,40800,65,84,728,1,3500,0.086,SALARIED
CUS101044,40,155200,14,76,738,0,47500,0.306,SALARIED
CUS101045,40,33700,36,38,734,0,7700,0.228,SALARIED
CUS101046,42,113000,78,76,639,1,24700,0.219,SALARIED
CUS101047,48,66900,28,82,791,0,30600,0.457,SALARIED
CUS101048,60,136200,22,45,732,3,15500,0.114,SALARIED
CUS101049,27,53200,38,87,663,2,10700,0.201,SALARIED
CUS101050,21,275700,68,77,713,2,40400,0.147,SALARIED
CUS101051,52,101900,69,58,822,1,8000,0.079,SALARIED
CUS101052,33,109700,34,85,699,3,19100,0.174,SALARIED
CUS101053,50,60000,33,22,844,1,8700,0.145,SALARIED
CUS101054,43,80000,63,34,712,0,11000,0.138,SALARIED
CUS101055,39,81000,60,126,821,1,28000,0.346,SALARIED
CUS101056,52,190700,50,63,806,4,61100,0.32,SALARIED
CUS101057,50,101800,18,48,743,0,13900,0.137,SALARIED
CUS101058,49,108600,71,28,666,3,7400,0.068,SALARIED
CUS101059,49,108000,64,151,688,1,32400,0.3,SALARIED
CUS101060,50,112800,15,115,720,1,31200,0.277,SALARIED
CUS101061,36,45500,56,127,754,0,20800,0.457,SALARIED
CUS101062,60,213800,76,23,686,1,66600,0.312,SALARIED
CUS101063,39,57300,25,81,644,2,15100,0.264,SALARIED
CUS101064,38,83500,23,54,733,0,23900,0.286,SALARIED
CUS101065,21,169300,7,148,684,1,59200,0.35,SALARIED
CUS101066,34,203000,40,162,694,1,41600,0.205,SALARIED
CUS101067,22,122200,43,37,698,1,20200,0.165,SALARIED
CUS101068,48,67700,70,69,739,3,22100,0.326,SALARIED
CUS101069,50,90000,40,27,770,0,32400,0.36,SALARIED
CUS101070,58,91600,33,135,815,3,16700,0.182,SALARIED
CUS101071,24,93100,43,74,663,4,36500,0.392,SALARIED
CUS101072,21,48900,34,48,706,1,3500,0.072,SALARIED
CUS101073,28,149900,57,67,768,0,27700,0.185,SALARIED
CUS101074,49,90300,27,97,738,1,11000,0.122,SALARIED
CUS101075,59,61400,11,93,678,3,4900,0.08,SALARIED
CUS101076,23,67900,50,15,788,2,18400,0.271,SALARIED
CUS101077,52,96000,32,40,737,0,500,0.03,SALARIED
CUS101078,30,45200,5,23,828,0,6000,0.133,SALARIED
CUS101079,30,126200,36,53,742,2,39500,0.313,SALARIED
CUS101080,39,94500,48,43,707,1,32400,0.343,SALARIED
CUS101081,54,172000,80,13,708,2,31000,0.18,SALARIED
CUS101082,53,88000,67,125,656,0,25300,0.288,SALARIED
CUS101083,43,52200,65,52,813,1,16000,0.307,SALARIED
CUS101084,48,49600,22,22,729,2,5100,0.103,SALARIED
CUS101085,52,71300,58,75,635,3,16200,0.227,SALARIED
CUS101086,27,74800,22,55,785,0,31200,0.417,SALARIED
CUS101087,49,65900,49,68,675,0,23300,0.354,SALARIED
CUS101088,28,90100,24,71,765,1,37700,0.418,SALARIED
CUS101089,21,65100,22,66,708,0,14500,0.223,SALARIED
CUS101090,23,95300,13,30,764,0,15800,0.166,SALARIED
CUS101091,44,67200,70,102,658,2,31500,0.469,SALARIED
CUS101092,43,112900,27,38,750,0,45600,0.404,SALARIED
CUS101093,28,73900,38,88,691,2,11900,0.161,SALARIED
CUS101094,57,148900,90,43,636,3,13600,0.091,SALARIED
CUS101095,23,114000,32,101,768,2,1500,0.03,SALARIED
CUS101096,53,92700,45,144,725,0,8200,0.088,SALARIED
CUS101097,48,77400,19,65,701,0,34800,0.45,SALARIED
CUS101098,28,42900,42,77,706,2,6000,0.14,SALARIED
CUS101099,54,160600,16,36,771,2,55900,0.348,SALARIED
CUS101100,55,62600,30,27,736,2,15400,0.246,SALARIED
CUS101101,52,88500,56,70,767,2,3500,0.04,SALARIED
CUS101102,44,99200,46,74,735,0,24300,0.245,SALARIED
CUS101103,34,78300,9,152,789,2,28600,0.365,SALARIED
CUS101104,52,156400,30,71,658,1,37900,0.242,SALARIED
CUS101105,36,49100,40,180,655,1,5600,0.114,SALARIED
CUS101106,24,185500,50,73,764,1,16000,0.086,SALARIED
CUS101107,57,115000,5,126,790,4,22500,0.196,SALARIED
CUS101108,41,76100,9,63,762,2,10200,0.134,SALARIED
CUS101109,34,76500,45,70,797,0,22000,0.288,SALARIED
CUS101110,51,31300,43,145,786,2,3100,0.099,SALARIED
CUS101111,38,58000,44,160,751,2,20900,0.36,SALARIED
CUS101112,27,72500,13,53,629,1,18400,0.254,SALARIED
CUS101113,30,92000,37,57,728,2,12300,0.134,SALARIED
CUS101114,27,149800,29,50,713,0,22000,0.147,SALARIED
CUS101115,53,212600,46,50,764,2,25900,0.122,SALARIED
CUS101116,43,96100,19,60,767,1,7800,0.081,SALARIED
CUS101117,41,93200,45,24,650,0,19100,0.205,SALARIED
CUS101118,39,68200,32,47,665,1,7100,0.104,SALARIED
CUS101119,39,39300,32,137,603,1,5900,0.15,SALARIED
CUS101120,56,64700,30,102,827,0,20100,0.311,SALARIED
CUS101121,49,77500,32,49,765,2,9500,0.123,SALARIED
CUS101122,38,131800,48,43,711,0,21000,0.159,SALARIED
CUS101123,22,107400,47,40,747,1,13200,0.123,SALARIED
CUS101124,21,93900,16,56,755,2,15300,0.163,SALARIED
CUS101125,25,65500,99,63,775,3,20500,0.313,SALARIED
CUS101126,40,34800,29,85,626,3,6600,0.19,SALARIED
CUS101127,31,35800,86,64,689,0,6200,0.173,SALARIED
CUS101128,22,40200,54,55,748,1,7500,0.187,SALARIED
CUS101129,23,74500,10,63,737,0,26800,0.36,SALARIED
CUS101130,43,132900,94,83,766,1,7800,0.059,SALARIED
CUS101131,32,131300,64,59,662,4,37900,0.289,SALARIED
CUS101132,40,121500,33,122,719,1,5400,0.044,SALARIED
CUS101133,25,67400,53,73,731,1,21400,0.318,SALARIED
CUS101134,57,142200,16,84,769,1,4100,0.03,SALARIED
CUS101135,58,55900,24,91,750,1,12100,0.216,SALARIED
CUS101136,50,124800,30,48,685,0,18900,0.151,SALARIED
CUS101137,29,40000,38,64,796,0,5000,0.125,SALARIED
CUS101138,54,50000,19,43,705,1,12900,0.258,SALARIED
CUS101139,55,178800,54,60,682,2,36700,0.205,SALARIED
CUS101140,42,77600,11,138,741,0,8400,0.108,SALARIED
CUS101141,44,62600,43,34,689,1,7000,0.112,SALARIED
CUS101142,37,139600,54,62,793,2,51000,0.365,SALARIED
CUS101143,30,147000,120,23,812,3,39200,0.267,SALARIED
CUS101144,50,69900,48,32,709,2,9500,0.136,SALARIED
CUS101145,43,96300,20,36,684,0,12700,0.132,SALARIED
CUS101146,52,90400,27,29,768,1,14500,0.16,SALARIED
CUS101147,37,30000,29,33,739,0,3100,0.103,SALARIED
CUS101148,37,45400,77,37,697,2,14700,0.324,SALARIED
CUS101149,34,129900,63,77,717,0,15300,0.118,SALARIED
CUS101150,29,58400,101,14,730,0,13400,0.229,SALARIED
CUS101151,60,107900,52,69,649,1,11000,0.102,SALARIED
CUS101152,22,95700,70,47,784,0,36700,0.383,SALARIED
CUS101153,45,146900,13,51,684,1,20200,0.138,SALARIED
CUS101154,59,46000,35,81,708,4,13100,0.285,SALARIED
CUS101155,29,101500,84,52,740,2,12900,0.127,SALARIED
CUS101156,42,82500,49,71,790,1,3000,0.036,SALARIED
CUS101157,24,59600,63,54,837,4,5300,0.089,SALARIED
CUS101158,46,59400,22,58,720,1,8500,0.143,SALARIED
CUS101159,49,94200,59,20,788,4,17200,0.183,SALARIED
CUS101160,54,112800,43,112,705,2,9000,0.08,SALARIED
CUS101161,43,87500,22,34,766,0,28100,0.321,SALARIED
CUS101162,57,88700,40,29,704,3,3700,0.042,SALARIED
CUS101163,31,67900,69,180,643,2,8800,0.13,SALARIED
CUS101164,26,70000,17,52,788,0,10600,0.151,SALARIED
CUS101165,38,59500,44,75,696,1,5000,0.084,SALARIED
CUS101166,41,67300,81,57,748,1,12200,0.181,SALARIED
CUS101167,56,111100,46,66,646,3,32600,0.293,SALARIED
CUS101168,58,116800,54,91,662,3,37400,0.32,SALARIED
CUS101169,54,47900,55,84,634,2,8700,0.182,SALARIED
CUS101170,37,56800,6,101,753,2,1900,0.033,SALARIED
CUS101171,57,61700,50,69,682,1,11300,0.183,SALARIED
CUS101172,45,82600,93,87,813,1,13300,0.161,SALARIED
CUS101173,58,39900,53,66,651,1,6500,0.163,SALARIED
CUS101174,32,57200,31,43,745,2,12300,0.215,SALARIED
CUS101175,43,45600,17,23,623,0,11400,0.25,SALARIED
CUS101176,42,101800,42,34,850,1,33800,0.332,SALARIED
CUS101177,41,83900,46,129,667,0,15500,0.185,SALARIED
CUS101178,47,69000,8,66,770,3,2800,0.041,SALARIED
CUS101179,51,52700,36,55,705,3,2800,0.053,SALARIED
CUS101180,26,69500,60,74,774,1,5600,0.081,SALARIED
CUS101181,47,65900,107,90,676,0,7700,0.117,SALARIED
CUS101182,60,177400,46,119,742,0,18400,0.104,SALARIED
CUS101183,54,133100,73,25,701,0,26400,0.198,SALARIED
CUS101184,32,62300,24,174,850,0,21500,0.345,SALARIED
CUS101185,27,91600,7,133,682,2,48400,0.528,SALARIED
CUS101186,30,130000,39,17,674,0,13500,0.104,SALARIED
CUS101187,37,62300,20,32,820,0,17800,0.286,SALARIED
CUS101188,46,44900,39,88,774,1,23700,0.528,SALARIED
CUS101189,41,37900,34,43,690,2,6700,0.177,SALARIED
CUS101190,48,150700,24,61,740,4,19600,0.13,SALARIED
CUS101191,22,78000,48,36,742,2,9100,0.117,SALARIED
CUS101192,21,96900,27,56,749,0,3000,0.031,SALARIED
CUS101193,56,65600,94,37,776,0,12200,0.186,SALARIED
CUS101194,46,48000,37,61,672,1,600,0.03,SALARIED
CUS101195,49,52300,58,61,748,1,8900,0.17,SALARIED
CUS101196,41,46500,44,97,716,0,22100,0.475,SALARIED
CUS101197,31,124600,16,70,595,1,31800,0.255,SALARIED
CUS101198,60,166400,12,19,706,0,16500,0.099,SALARIED
CUS101199,31,86400,59,34,706,5,20400,0.236,SALARIED
CUS101200,56,42900,84,19,781,3,12600,0.294,SALARIED
CUS101201,59,106300,43,42,804,1,13200,0.124,SALARIED
CUS101202,60,150200,41,36,769,0,38200,0.254,SALARIED
CUS101203,55,131600,50,122,618,1,29400,0.223,SALARIED
CUS101204,54,83900,31,35,850,2,37100,0.442,SALARIED
CUS101205,44,76500,95,58,795,1,17200,0.225,SALARIED
CUS101206,42,83600,35,145,730,2,16800,0.201,SALARIED
CUS101207,25,147500,51,101,743,0,12700,0.086,SALARIED
CUS101208,53,119700,32,75,762,1,34300,0.287,SALARIED
CUS101209,56,71500,74,44,741,2,8800,0.123,SALARIED
CUS101210,40,70700,20,59,781,1,17700,0.25,SALARIED
CUS101211,39,68400,11,62,814,1,26400,0.386,SALARIED
CUS101212,55,52600,23,163,630,1,8100,0.154,SALARIED
CUS101213,37,156200,96,63,715,0,20500,0.131,SALARIED
CUS101214,54,59600,36,71,756,3,10000,0.168,SALARIED
CUS101215,29,106000,29,56,665,0,18800,0.177,SALARIED
CUS101216,46,63100,82,39,850,3,32500,0.515,SALARIED
CUS101217,22,68600,55,24,588,4,4800,0.07,SALARIED
CUS101218,29,80800,58,80,697,1,5000,0.062,SALARIED
CUS101219,29,108600,34,117,772,2,50900,0.469,SALARIED
CUS101220,60,75600,12,69,850,2,12700,0.168,SALARIED
CUS101221,37,50900,26,158,752,1,9500,0.187,SALARIED
CUS101222,21,85700,18,117,768,1,12100,0.141,SALARIED
CUS101223,45,60200,89,62,704,3,14600,0.243,SALARIED
CUS101224,60,170300,22,28,845,0,41300,0.243,SALARIED
CUS101225,45,75600,27,44,829,0,3400,0.045,SALARIED
CUS101226,59,62900,31,48,781,0,10700,0.17,SALARIED
CUS101227,55,206700,37,45,598,4,100300,0.485,SALARIED
CUS101228,23,118500,72,53,742,2,45800,0.386,SALARIED
CUS101229,57,56800,58,58,700,2,7500,0.132,SALARIED
CUS101230,50,59500,33,8,735,0,23400,0.393,SALARIED
CUS101231,58,105200,77,92,709,1,26600,0.253,SALARIED
CUS101232,54,86700,55,72,758,1,35600,0.411,SALARIED
CUS101233,32,126900,47,72,700,0,31800,0.251,SALARIED
CUS101234,39,63100,31,65,721,4,30200,0.479,SALARIED
CUS101235,57,116500,94,81,712,3,4100,0.035,SALARIED
CUS101236,37,31000,37,24,757,0,12900,0.416,SALARIED
CUS101237,30,79300,29,114,654,1,3300,0.042,SALARIED
CUS101238,32,64400,65,166,638,1,10300,0.16,SALARIED
CUS101239,36,69300,28,33,780,2,19800,0.286,SALARIED
CUS101240,44,81200,119,82,712,0,2500,0.031,SALARIED
CUS101241,39,141900,57,44,776,1,25000,0.176,SALARIED
CUS101242,28,50600,31,87,781,0,13800,0.273,SALARIED
CUS101243,51,31800,88,91,699,1,1700,0.053,SALARIED
CUS101244,41,53300,33,6,703,1,4200,0.079,SALARIED
CUS101245,37,134700,60,33,700,0,56600,0.42,SALARIED
CUS101246,43,40500,21,91,658,1,5800,0.143,SALARIED
CUS101247,57,65700,88,58,644,0,14100,0.215,SALARIED
CUS101248,36,124000,17,127,727,2,38700,0.312,SALARIED
CUS101249,26,82800,55,77,662,0,16300,0.197,SALARIED
CUS101250,28,141300,115,68,725,1,14600,0.103,SALARIED
CUS101251,45,34000,50,113,684,1,3700,0.109,SALARIED
CUS101252,38,73500,36,64,686,0,10800,0.147,SALARIED
CUS101253,45,155100,51,81,718,0,11100,0.072,SALARIED
CUS101254,32,51200,118,44,830,3,12600,0.246,SALARIED
CUS101255,35,135400,57,145,821,1,16300,0.12,SALARIED
CUS101256,46,76400,38,35,793,0,18100,0.237,SALARIED
CUS101257,46,103300,105,58,740,1,9100,0.088,SALARIED
CUS101258,52,150200,29,41,634,1,24000,0.16,SALARIED
CUS101259,30,103100,44,21,799,3,24300,0.236,SALARIED
CUS101260,36,65100,26,43,697,2,19900,0.306,SALARIED
CUS101261,27,109500,75,113,822,2,16600,0.152,SALARIED
CUS101262,37,63100,58,75,694,0,25400,0.403,SALARIED
CUS101263,43,96100,27,99,807,1,18800,0.196,SALARIED
CUS101264,46,48400,22,123,777,3,14000,0.289,SALARIED
CUS101265,41,86100,75,85,617,3,33500,0.389,SALARIED
CUS101266,42,145200,29,62,787,1,21100,0.145,SALARIED
CUS101267,27,74300,10,60,739,0,15100,0.203,SALARIED
CUS101268,34,139000,60,41,662,0,12700,0.091,SALARIED
CUS101269,35,342000,58,105,712,3,46600,0.136,SALARIED
CUS101270,27,83900,43,85,850,1,22400,0.267,SALARIED
CUS101271,29,112100,68,109,624,0,21100,0.188,SALARIED
CUS101272,28,105300,51,79,739,1,7600,0.072,SALARIED
CUS101273,43,94100,70,72,701,0,15800,0.168,SALARIED
CUS101274,49,121200,48,114,768,3,27400,0.226,SALARIED
CUS101275,38,76000,16,87,794,0,26500,0.349,SALARIED
CUS101276,51,63100,25,38,749,0,12800,0.203,SALARIED
CUS101277,50,42800,40,83,788,0,3200,0.075,SALARIED
CUS101278,59,72900,41,63,680,0,16400,0.225,SALARIED
CUS101279,55,127500,30,60,728,2,11300,0.089,SALARIED
CUS101280,38,55700,24,96,829,0,3600,0.065,SALARIED
CUS101281,59,95000,11,137,699,2,25300,0.266,SALARIED
CUS101282,37,80400,51,73,687,0,27600,0.343,SALARIED
CUS101283,34,64300,48,46,705,2,3700,0.058,SALARIED
CUS101284,51,36900,34,174,765,1,13600,0.369,SALARIED
CUS101285,44,157000,34,121,735,0,24000,0.153,SALARIED
CUS101286,55,107300,89,49,774,2,6300,0.059,SALARIED
CUS101287,54,282000,28,63,693,1,61300,0.217,SALARIED
CUS101288,23,138200,29,33,652,0,22500,0.163,SALARIED
CUS101289,57,155400,96,51,698,3,30100,0.194,SALARIED
CUS101290,60,38700,36,78,657,2,5600,0.145,SALARIED
CUS101291,46,38400,50,148,745,2,6500,0.169,SALARIED
CUS101292,43,86600,34,36,724,1,10000,0.115,SALARIED
CUS101293,59,50700,60,71,740,2,6200,0.122,SALARIED
CUS101294,35,62600,38,25,750,1,13500,0.216,SALARIED
CUS101295,24,264900,119,174,703,0,44300,0.167,SALARIED
CUS101296,49,145200,77,77,771,1,57200,0.394,SALARIED
CUS101297,42,55800,43,63,744,1,18400,0.33,SALARIED
CUS101298,45,30000,30,39,703,2,900,0.03,SALARIED
CUS101299,33,53700,34,31,758,0,9700,0.181,SALARIED
CUS101300,38,66100,41,60,757,1,15800,0.239,SALARIED
CUS101301,53,73600,72,52,850,2,5500,0.075,SALARIED
CUS101302,36,47800,45,118,768,0,11400,0.238,SALARIED
CUS101303,22,141300,31,38,795,1,18100,0.128,SALARIED
CUS101304,55,61700,48,91,711,0,14000,0.227,SALARIED
CUS101305,54,113800,53,82,684,0,43500,0.382,SALARIED
CUS101306,50,87100,26,19,767,6,3800,0.044,SALARIED
CUS101307,33,129700,52,42,694,3,22800,0.176,SALARIED
CUS101308,33,76400,45,104,709,1,25700,0.336,SALARIED
CUS101309,38,56100,96,79,656,1,7500,0.134,SALARIED
CUS101310,52,64900,22,106,737,2,23600,0.364,SALARIED
CUS101311,52,65300,62,25,720,0,5900,0.09,SALARIED
CUS101312,55,215200,37,22,720,2,27500,0.128,SALARIED
CUS101313,59,88000,63,180,779,3,13100,0.149,SALARIED
CUS101314,49,85200,44,76,701,2,14500,0.17,SALARIED
CUS101315,49,126400,82,73,739,1,11500,0.091,SALARIED
CUS101316,36,85000,26,17,706,3,6500,0.076,SALARIED
CUS101317,30,140800,63,23,662,0,5200,0.037,SALARIED
CUS101318,50,71900,81,88,747,0,28000,0.389,SALARIED
CUS101319,45,68700,92,86,759,4,19800,0.288,SALARIED
CUS101320,59,54700,110,36,778,2,7400,0.135,SALARIED
CUS101321,40,195400,63,23,761,1,25500,0.131,SALARIED
CUS101322,25,82400,62,70,709,1,6300,0.076,SALARIED
CUS101323,21,50100,13,84,838,2,31900,0.637,SALARIED
CUS101324,50,92900,13,67,734,1,13000,0.14,SALARIED
CUS101325,23,63400,74,120,738,0,6300,0.099,SALARIED
CUS101326,34,71300,14,62,672,1,8400,0.118,SALARIED
CUS101327,50,97800,152,26,699,2,18100,0.185,SALARIED
CUS101328,24,168500,55,28,800,0,31200,0.185,SALARIED
CUS101329,38,89000,19,51,762,1,11400,0.128,SALARIED
CUS101330,57,61700,38,62,673,1,12800,0.207,SALARIED
CUS101331,45,67700,39,49,671,1,11100,0.164,SALARIED
CUS101332,21,114200,54,92,766,2,41200,0.361,SALARIED
CUS101333,35,35200,60,67,705,1,11000,0.312,SALARIED
CUS101334,29,53200,85,123,820,0,2800,0.053,SALARIED
CUS101335,35,93500,19,71,850,1,7000,0.075,SALARIED
CUS101336,44,39400,35,129,745,2,9600,0.244,SALARIED
CUS101337,24,73800,20,18,773,0,5100,0.069,SALARIED
CUS101338,32,68500,41,61,771,3,16500,0.241,SALARIED
CUS101339,57,126200,36,42,711,0,54100,0.429,SALARIED
CUS101340,57,75900,21,54,692,1,29300,0.386,SALARIED
CUS101341,26,145000,18,119,634,2,36100,0.249,SALARIED
CUS101342,59,88100,124,82,778,1,8900,0.101,SALARIED
CUS101343,44,189100,49,38,721,3,60800,0.322,SALARIED
CUS101344,31,45500,30,157,679,1,22100,0.486,SALARIED
CUS101345,33,176000,22,140,708,1,44300,0.252,SALARIED
CUS101346,54,70600,97,29,714,1,36900,0.523,SALARIED
CUS101347,45,165000,31,57,675,1,43300,0.262,SALARIED
CUS101348,27,144900,73,180,676,1,16300,0.112,SALARIED
CUS101349,24,30000,55,152,745,3,10000,0.333,SALARIED
CUS101350,28,105500,41,29,687,1,13100,0.124,SALARIED
CUS101351,40,133200,19,82,684,4,5100,0.038,SALARIED
CUS101352,49,154600,26,140,706,0,5500,0.036,SALARIED
CUS101353,30,50100,149,72,613,2,7700,0.154,SALARIED
CUS101354,54,110900,43,125,649,1,54100,0.488,SALARIED
CUS101355,46,92800,63,60,678,1,11000,0.119,SALARIED
CUS101356,23,103200,44,90,823,1,8500,0.082,SALARIED
CUS101357,26,133200,85,126,784,1,10300,0.077,SALARIED
CUS101358,25,143000,27,38,737,3,24300,0.17,SALARIED
CUS101359,25,63300,37,49,782,3,34600,0.547,SALARIED
CUS101360,43,95800,35,79,783,1,21400,0.223,SALARIED
CUS101361,29,86600,54,119,652,2,10200,0.118,SALARIED
CUS101362,55,76300,101,84,656,1,17100,0.224,SALARIED
CUS101363,40,79700,30,43,698,1,20400,0.256,SALARIED
CUS101364,55,92800,47,75,724,2,14600,0.157,SALARIED
CUS101365,38,64800,79,56,647,0,36300,0.56,SALARIED
CUS101366,37,126500,26,63,766,1,21700,0.172,SALARIED
CUS101367,44,150500,80,81,750,0,16900,0.112,SALARIED
CUS101368,23,58800,66,35,792,1,18100,0.308,SALARIED
CUS101369,52,153800,18,64,697,1,43500,0.283,SALARIED
CUS101370,55,58800,36,143,681,0,16800,0.286,SALARIED
CUS101371,58,127300,36,84,850,2,30900,0.243,SALARIED
CUS101372,33,153700,37,52,694,2,35400,0.23,SALARIED
CUS101373,45,81500,24,180,696,1,31600,0.388,SALARIED
CUS101374,29,59000,32,112,699,3,7300,0.124,SALARIED
CUS101375,24,65200,49,87,777,2,10800,0.166,SALARIED
CUS101376,34,100000,131,49,778,1,13100,0.131,SALARIED
CUS101377,57,205800,57,43,716,0,24600,0.12,SALARIED
CUS101378,54,39700,89,52,795,1,6000,0.151,SALARIED
CUS101379,31,88900,56,78,850,0,26800,0.301,SALARIED
CUS101380,23,81700,28,53,699,1,6400,0.078,SALARIED
CUS101381,48,69200,81,115,632,0,21600,0.312,SALARIED
CUS101382,49,82000,54,41,723,0,9000,0.11,SALARIED
CUS101383,29,66600,84,157,752,1,32100,0.482,SALARIED
CUS101384,23,148700,31,63,755,2,34200,0.23,SALARIED
CUS101385,45,155500,24,66,685,2,55500,0.357,SALARIED
CUS101386,54,88400,46,75,721,0,8000,0.09,SALARIED
CUS101387,32,79800,71,98,759,1,27000,0.338,SALARIED
CUS101388,29,68100,23,23,682,0,3600,0.053,SALARIED
CUS101389,35,88500,25,112,768,1,31500,0.356,SALARIED
CUS101390,60,195200,92,79,667,1,23400,0.12,SALARIED
CUS101391,45,81100,25,77,774,0,14900,0.184,SALARIED
CUS101392,25,58300,24,108,718,0,17900,0.307,SALARIED
CUS101393,31,71100,57,93,846,1,23500,0.331,SALARIED
CUS101394,54,119300,32,94,715,1,15200,0.127,SALARIED
CUS101395,44,61500,36,43,782,4,11000,0.179,SALARIED
CUS101396,35,83700,42,20,731,3,6600,0.079,SALARIED
CUS101397,58,105200,16,63,793,1,7600,0.072,SALARIED
CUS101398,28,63700,14,95,811,1,4000,0.063,SALARIED
CUS101399,25,38400,52,37,743,1,9700,0.253,SALARIED
CUS101400,46,52500,29,83,737,3,17300,0.33,SALARIED
CUS101401,38,57800,75,35,796,2,15000,0.26,SALARIED
CUS101402,26,76700,44,83,779,1,14400,0.188,SALARIED
CUS101403,57,86700,27,67,642,0,47600,0.549,SALARIED
CUS101404,33,123100,102,118,790,0,64900,0.527,SALARIED
CUS101405,48,48900,31,180,836,0,4800,0.098,SALARIED
CUS101406,25,115300,31,43,801,2,20700,0.18,SALARIED
CUS101407,33,71900,17,53,712,0,9400,0.131,SALARIED
CUS101408,37,38100,28,76,646,0,10000,0.262,SALARIED
CUS101409,60,85500,39,63,684,1,10500,0.123,SALARIED
CUS101410,52,153700,16,83,776,2,17400,0.113,SALARIED
CUS101411,49,126500,24,76,634,1,10000,0.079,SALARIED
CUS101412,23,82100,84,49,803,1,37700,0.459,SALARIED
CUS101413,60,141100,24,73,832,1,45100,0.32,SALARIED
CUS101414,54,92700,31,65,756,0,31800,0.343,SALARIED
CUS101415,60,132200,53,71,790,2,55600,0.421,SALARIED
CUS101416,47,40200,56,76,717,1,5400,0.134,SALARIED
CUS101417,33,48400,33,63,729,3,1200,0.03,SALARIED
CUS101418,53,118000,72,17,725,0,12700,0.108,SALARIED
CUS101419,26,169900,76,108,711,2,13200,0.078,SALARIED
CUS101420,44,102600,27,28,766,1,23200,0.226,SALARIED
CUS101421,39,68000,20,123,802,0,8500,0.125,SALARIED
CUS101422,36,58000,24,54,697,1,14500,0.25,SALARIED
CUS101423,60,73800,54,76,730,3,17100,0.232,SALARIED
CUS101424,48,146800,28,29,746,1,49200,0.335,SALARIED
CUS101425,53,72900,28,70,720,1,12400,0.17,SALARIED
CUS101426,33,136200,40,105,731,1,34100,0.25,SALARIED
CUS101427,45,114000,30,32,687,0,16300,0.143,SALARIED
CUS101428,56,183800,58,17,736,3,23400,0.127,SALARIED
CUS101429,47,93000,29,38,743,3,36500,0.392,SALARIED
CUS101430,58,83100,71,50,722,0,24500,0.295,SALARIED
CUS101431,27,139300,69,38,764,1,8500,0.061,SALARIED
CUS101432,25,55800,69,102,725,2,25300,0.453,SALARIED
CUS101433,51,69600,33,57,681,0,14800,0.213,SALARIED
CUS101434,43,39900,36,39,792,1,13000,0.326,SALARIED
CUS101435,30,48300,104,60,779,1,6600,0.137,SALARIED
CUS101436,52,202000,36,60,757,0,41600,0.206,SALARIED
CUS101437,50,116100,31,72,835,2,43800,0.377,SALARIED
CUS101438,59,45900,47,56,631,1,1400,0.031,SALARIED
CUS101439,51,145500,62,41,709,2,61600,0.423,SALARIED
CUS101440,38,61900,77,54,660,2,29700,0.48,SALARIED
CUS101441,56,113400,25,58,837,0,36800,0.325,SALARIED
CUS101442,22,112700,24,65,805,0,27100,0.24,SALARIED
CUS101443,34,179800,8,103,747,1,40600,0.226,SALARIED
CUS101444,33,66700,64,87,747,2,21100,0.316,SALARIED
CUS101445,49,60900,59,146,673,1,11800,0.194,SALARIED
CUS101446,32,30000,42,91,745,1,2300,0.077,SALARIED
CUS101447,59,80500,43,103,669,1,38300,0.476,SALARIED
CUS101448,22,117800,35,58,830,3,17200,0.146,SALARIED
CUS101449,52,125300,79,12,772,2,7400,0.059,SALARIED
CUS101450,33,149300,42,27,807,1,17200,0.115,SALARIED
CUS101451,47,96800,77,9,674,0,13200,0.136,SALARIED
CUS101452,37,106700,38,10,752,2,13200,0.124,SALARIED
CUS101453,60,87600,25,126,671,3,8500,0.097,SALARIED
CUS101454,51,116900,19,38,696,0,3700,0.032,SALARIED
CUS101455,54,55800,38,47,813,1,10800,0.194,SALARIED
CUS101456,44,45100,43,151,727,2,7400,0.164,SALARIED
CUS101457,55,58500,30,61,711,3,16900,0.289,SALARIED
CUS101458,26,93600,30,23,759,3,37800,0.404,SALARIED
CUS101459,39,47300,18,113,841,0,9400,0.199,SALARIED
CUS101460,50,63900,56,91,764,0,13100,0.205,SALARIED
CUS101461,27,64800,61,69,780,1,5400,0.083,SALARIED
CUS101462,30,120800,60,130,724,0,23700,0.196,SALARIED
CUS101463,52,114400,76,48,726,1,1400,0.03,SALARIED
CUS101464,54,87700,64,65,612,0,13300,0.152,SALARIED
CUS101465,48,104100,44,66,649,0,14100,0.135,SALARIED
CUS101466,35,105100,6,94,838,2,21800,0.207,SALARIED
CUS101467,50,72200,78,62,764,0,7800,0.108,SALARIED
CUS101468,57,66600,19,81,773,1,8200,0.123,SALARIED
CUS101469,49,169700,74,133,713,1,53400,0.315,SALARIED
CUS101470,42,30000,37,53,739,1,8700,0.29,SALARIED
CUS101471,24,60900,35,56,767,1,4600,0.076,SALARIED
CUS101472,40,77600,75,93,810,0,17300,0.223,SALARIED
CUS101473,52,109400,22,33,800,2,34500,0.315,SALARIED
CUS101474,56,141700,15,57,732,2,6300,0.044,SALARIED
CUS101475,24,196000,33,24,780,1,22700,0.116,SALARIED
CUS101476,47,81600,74,120,741,2,6400,0.078,SALARIED
CUS101477,37,84100,24,113,761,3,21200,0.252,SALARIED
CUS101478,32,100100,21,77,798,1,37800,0.378,SALARIED
CUS101479,42,66900,61,53,781,2,25900,0.387,SALARIED
CUS101480,37,49900,30,54,711,3,6200,0.124,SALARIED
CUS101481,30,81400,35,46,771,1,9900,0.122,SALARIED
CUS101482,21,118900,101,50,844,0,8200,0.069,SALARIED
CUS101483,42,76200,25,33,653,0,5000,0.066,SALARIED
CUS101484,46,102400,23,100,735,1,12800,0.125,SALARIED
CUS101485,38,36700,26,180,680,1,9300,0.253,SALARIED
CUS101486,34,85700,14,69,742,1,23300,0.272,SALARIED
CUS101487,49,70900,24,71,777,1,36400,0.513,SALARIED
CUS101488,32,47900,68,71,701,2,12400,0.259,SALARIED
CUS101489,56,114300,46,35,684,1,19400,0.17,SALARIED
CUS101490,55,195000,101,60,821,1,34400,0.176,SALARIED
CUS101491,32,132700,39,49,758,0,37200,0.28,SALARIED
CUS101492,27,136600,45,35,793,3,40000,0.293,SALARIED
CUS101493,49,117100,32,145,783,1,17600,0.15,SALARIED
CUS101494,31,113700,69,93,687,4,20500,0.18,SALARIED
CUS101495,53,37800,101,180,791,2,5100,0.135,SALARIED
CUS101496,26,80200,50,55,705,0,21000,0.262,SALARIED
CUS101497,35,106900,20,55,697,0,27900,0.261,SALARIED
CUS101498,52,108000,65,105,791,2,32300,0.299,SALARIED
CUS101499,31,150600,45,25,656,0,24400,0.162,SALARIED
CUS101500,43,53400,10,63,674,1,10000,0.187,SALARIED
CUS101501,46,111700,24,109,709,3,4300,0.038,SALARIED
CUS101502,54,52600,58,84,643,3,7500,0.143,SALARIED
CUS101503,54,77300,75,54,739,1,1100,0.03,SALARIED
CUS101504,49,82700,45,17,706,3,3100,0.037,SALARIED
CUS101505,24,125300,59,66,750,0,64000,0.511,SALARIED
CUS101506,37,118900,112,27,839,0,16400,0.138,SALARIED
CUS101507,55,89700,78,50,668,1,32300,0.36,SALARIED
CUS101508,33,32300,19,51,658,1,1900,0.059,SALARIED
CUS101509,59,103800,75,30,710,4,28400,0.274,SALARIED
CUS101510,35,75400,36,60,689,1,9300,0.123,SALARIED
CUS101511,49,159000,17,61,735,2,6700,0.042,SALARIED
CUS101512,49,142800,62,133,824,0,27200,0.19,SALARIED
CUS101513,31,55700,13,126,834,2,6700,0.12,SALARIED
CUS101514,52,110500,58,33,707,0,7200,0.065,SALARIED
CUS101515,22,111400,35,137,684,2,5000,0.045,SALARIED
CUS101516,34,107900,46,74,685,1,41200,0.382,SALARIED
CUS101517,40,101700,87,48,754,0,11600,0.114,SALARIED
CUS101518,42,112900,39,52,733,3,20300,0.18,SALARIED
CUS101519,31,167100,24,51,739,0,39000,0.233,SALARIED
CUS101520,47,66300,36,68,705,2,11100,0.167,SALARIED
CUS101521,23,56500,48,59,744,0,6900,0.122,SALARIED
CUS101522,37,120900,20,23,842,1,2500,0.03,SALARIED
CUS101523,48,36400,35,72,807,0,7500,0.206,SALARIED
CUS101524,49,114100,66,43,850,1,19200,0.168,SALARIED
CUS101525,41,105300,68,38,741,1,6800,0.065,SALARIED
CUS101526,36,30000,75,87,670,1,500,0.03,SALARIED
CUS101527,57,63800,38,45,619,1,12100,0.19,SALARIED
CUS101528,40,172700,33,144,768,1,29100,0.169,SALARIED
CUS101529,26,44100,60,101,656,1,3800,0.086,SALARIED
CUS101530,39,93500,88,74,831,1,14200,0.152,SALARIED
CUS101531,25,54100,59,111,736,1,2400,0.044,SALARIED
CUS101532,23,61800,39,104,720,0,6700,0.108,SALARIED
CUS101533,21,201300,13,53,733,0,43900,0.218,SALARIED
CUS101534,58,89900,81,30,749,0,23400,0.26,SALARIED
CUS101535,35,107300,47,44,786,1,13700,0.128,SALARIED
CUS101536,54,80800,27,47,731,1,25100,0.311,SALARIED
CUS101537,55,43000,55,54,744,1,8300,0.193,SALARIED
CUS101538,45,49900,51,40,764,3,7900,0.158,SALARIED
CUS101539,44,144500,52,33,746,1,26700,0.185,SALARIED
CUS101540,32,91100,20,41,651,0,5000,0.055,SALARIED
CUS101541,38,60100,6,130,708,2,14700,0.245,SALARIED
CUS101542,35,84200,52,49,796,0,600,0.03,SALARIED
CUS101543,36,114500,29,140,830,0,37200,0.325,SALARIED
CUS101544,47,104300,68,14,824,2,34100,0.327,SALARIED
CUS101545,28,60100,22,110,766,0,4000,0.067,SALARIED
CUS101546,45,41800,51,36,712,2,13800,0.33,SALARIED
CUS101547,37,70800,21,116,811,0,13400,0.189,SALARIED
CUS101548,49,140000,44,180,717,1,9900,0.071,SALARIED
CUS101549,28,124900,37,64,709,2,15200,0.122,SALARIED
CUS101550,35,102200,85,42,760,1,8400,0.082,SALARIED
CUS101551,47,78700,61,148,602,0,6600,0.084,SALARIED
CUS101552,27,67400,33,35,737,0,5700,0.085,SALARIED
CUS101553,23,79400,28,119,738,0,21600,0.272,SALARIED
CUS101554,49,120800,16,52,727,1,58800,0.487,SALARIED
CUS101555,44,133900,35,51,727,1,25800,0.193,SALARIED
CUS101556,23,75600,27,97,817,0,13800,0.183,SALARIED
CUS101557,40,266100,68,91,646,2,12700,0.048,SALARIED
CUS101558,35,88600,68,33,759,0,10400,0.117,SALARIED
CUS101559,45,72700,44,48,770,1,9300,0.128,SALARIED
CUS101560,50,165100,25,132,825,0,5500,0.033,SALARIED
CUS101561,34,34000,40,94,753,1,12700,0.374,SALARIED
CUS101562,27,105500,56,98,764,1,13700,0.13,SALARIED
CUS101563,37,82300,62,167,734,0,25900,0.315,SALARIED
CUS101564,40,163100,78,40,752,0,25900,0.159,SALARIED
CUS101565,56,111600,146,42,736,2,19200,0.172,SALARIED
CUS101566,29,90500,37,57,669,2,15600,0.172,SALARIED
CUS101567,58,114500,58,81,751,3,42000,0.367,SALARIED
CUS101568,42,52900,19,180,749,5,23800,0.45,SALARIED
CUS101569,22,131300,28,37,703,0,44900,0.342,SALARIED
CUS101570,44,46400,35,60,749,2,5700,0.123,SALARIED
CUS101571,28,99900,67,59,806,2,16700,0.167,SALARIED
CUS101572,31,86400,112,105,718,1,11700,0.135,SALARIED
CUS101573,33,38400,41,44,830,2,1100,0.03,SALARIED
CUS101574,37,87700,29,65,817,1,22800,0.26,SALARIED
CUS101575,28,96500,40,132,694,2,31200,0.323,SALARIED
CUS101576,41,63300,33,77,705,1,22500,0.355,SALARIED
CUS101577,38,53900,38,73,725,0,5500,0.102,SALARIED
CUS101578,50,106100,7,142,665,2,6300,0.059,SALARIED
CUS101579,38,100100,69,48,684,1,36300,0.363,SALARIED
CUS101580,51,94100,31,118,614,0,9900,0.105,SALARIED
CUS101581,58,85300,39,109,770,0,26100,0.306,SALARIED
CUS101582,52,65900,80,52,776,2,6800,0.103,SALARIED
CUS101583,31,236300,49,106,649,2,70000,0.296,SALARIED
CUS101584,45,74300,37,62,651,2,13000,0.175,SALARIED
CUS101585,53,57600,40,44,731,2,8000,0.139,SALARIED
CUS101586,58,87100,17,54,740,0,25000,0.287,SALARIED
CUS101587,28,78400,4,101,804,0,15000,0.191,SALARIED
CUS101588,31,73600,24,70,698,0,10200,0.139,SALARIED
CUS101589,42,197600,70,32,698,1,15700,0.079,SALARIED
CUS101590,44,51100,79,63,741,0,12000,0.235,SALARIED
CUS101591,37,86400,28,130,800,2,5900,0.068,SALARIED
CUS101592,32,52700,15,77,818,2,23800,0.452,SALARIED
CUS101593,52,66600,71,125,683,4,27200,0.408,SALARIED
CUS101594,35,185700,26,68,796,1,32400,0.174,SALARIED
CUS101595,36,96500,34,70,686,0,12700,0.132,SALARIED
CUS101596,42,96000,62,34,636,1,19300,0.201,SALARIED
CUS101597,48,55700,12,45,747,4,4300,0.077,SALARIED
CUS101598,40,70200,23,23,804,2,13000,0.185,SALARIED
CUS101599,53,193100,15,73,723,1,38800,0.201,SALARIED
CUS101600,30,106400,28,114,796,1,11000,0.103,SALARIED
CUS101601,60,73000,62,36,692,1,18700,0.256,SALARIED
CUS101602,52,103600,93,89,743,2,30900,0.298,SALARIED
CUS101603,53,95900,46,66,785,2,12500,0.13,SALARIED
CUS101604,22,58300,62,77,754,1,1700,0.03,SALARIED
CUS101605,53,72000,12,52,727,1,15200,0.211,SALARIED
CUS101606,53,234400,45,109,703,1,56400,0.241,SALARIED
CUS101607,33,101400,38,59,721,3,19700,0.194,SALARIED
CUS101608,50,42000,57,31,793,2,7200,0.171,SALARIED
CUS101609,53,106900,62,26,728,3,45100,0.422,SALARIED
CUS101610,33,152800,14,59,643,1,38700,0.253,SALARIED
CUS101611,46,56600,31,66,749,3,8600,0.152,SALARIED
CUS101612,42,69200,72,89,734,2,25300,0.366,SALARIED
CUS101613,59,163500,43,73,756,1,13300,0.081,SALARIED
CUS101614,22,86300,10,135,728,2,5500,0.064,SALARIED
CUS101615,58,79700,28,26,729,1,7600,0.095,SALARIED
CUS101616,59,46600,11,73,782,1,11400,0.245,SALARIED
CUS101617,46,137600,70,72,850,0,30500,0.222,SALARIED
CUS101618,35,78100,51,37,726,1,4400,0.056,SALARIED
CUS101619,54,32000,35,81,789,0,12600,0.394,SALARIED
CUS101620,60,41900,32,42,660,0,4300,0.103,SALARIED
CUS101621,31,66000,75,109,731,1,3700,0.056,SALARIED
CUS101622,23,52500,35,163,720,2,22100,0.421,SALARIED
CUS101623,26,56300,55,86,670,0,2200,0.039,SALARIED
CUS101624,29,244100,34,49,763,2,23900,0.098,SALARIED
CUS101625,26,116900,85,65,788,0,28400,0.243,SALARIED
CUS101626,29,30000,73,24,763,0,1900,0.063,SALARIED
CUS101627,59,73800,21,133,741,0,6900,0.093,SALARIED
CUS101628,51,81600,45,92,710,0,4700,0.058,SALARIED
CUS101629,52,43700,69,114,812,2,20300,0.465,SALARIED
CUS101630,32,108100,110,148,757,1,35600,0.329,SALARIED
CUS101631,28,33900,15,66,712,1,2100,0.062,SALARIED
CUS101632,28,139300,32,17,837,1,2300,0.03,SALARIED
CUS101633,48,162600,22,110,592,1,23700,0.146,SALARIED
CUS101634,40,245000,30,54,738,0,29100,0.119,SALARIED
CUS101635,27,41900,49,91,750,2,8900,0.212,SALARIED
CUS101636,31,45900,23,56,850,0,4900,0.107,SALARIED
CUS101637,40,116100,57,97,724,0,11600,0.1,SALARIED
CUS101638,36,144700,30,59,703,0,14200,0.098,SALARIED
CUS101639,24,122300,44,61,761,4,23100,0.189,SALARIED
CUS101640,26,138200,37,59,582,2,10300,0.075,SALARIED
CUS101641,42,157900,32,132,634,1,40500,0.256,SALARIED
CUS101642,46,93100,29,116,631,1,42500,0.456,SALARIED
CUS101643,23,77200,50,114,726,2,34800,0.451,SALARIED
CUS101644,34,45900,25,61,757,1,14900,0.325,SALARIED
CUS101645,31,74300,37,69,804,0,17600,0.237,SALARIED
CUS101646,38,79600,58,59,761,2,19300,0.242,SALARIED
CUS101647,32,55400,47,109,715,1,21600,0.39,SALARIED
CUS101648,43,83600,35,44,734,1,21400,0.256,SALARIED
CUS101649,32,52700,11,65,764,2,8900,0.169,SALARIED
CUS101650,33,140300,76,38,772,0,44400,0.316,SALARIED
CUS101651,45,103000,28,113,711,2,13400,0.13,SALARIED
CUS101652,39,69100,78,49,773,2,14600,0.211,SALARIED
CUS101653,56,92500,36,84,725,1,700,0.03,SALARIED
CUS101654,28,51700,49,12,694,0,2100,0.041,SALARIED
CUS101655,49,54100,94,46,732,1,5800,0.107,SALARIED
CUS101656,52,63900,70,59,794,1,4800,0.075,SALARIED
CUS101657,38,78000,34,58,683,1,3400,0.044,SALARIED
CUS101658,26,90600,49,123,693,0,1400,0.03,SALARIED
CUS101659,38,90700,44,45,742,0,7800,0.086,SALARIED
CUS101660,39,47000,56,27,792,2,2900,0.062,SALARIED
CUS101661,42,82000,66,128,703,0,7100,0.087,SALARIED
CUS101662,57,58800,12,81,789,1,35500,0.604,SALARIED
CUS101663,52,30000,112,116,787,0,5000,0.167,SALARIED
CUS101664,23,339200,35,21,751,1,16300,0.048,SALARIED
CUS101665,48,59300,72,83,800,1,7500,0.126,SALARIED
CUS101666,30,60800,56,161,706,3,17200,0.283,SALARIED
CUS101667,55,46400,113,65,818,1,700,0.03,SALARIED
CUS101668,49,52800,48,63,817,2,6900,0.131,SALARIED
CUS101669,35,78100,58,52,814,0,7900,0.101,SALARIED
CUS101670,53,156200,17,67,770,1,32000,0.205,SALARIED
CUS101671,27,77900,46,57,666,1,27700,0.356,SALARIED
CUS101672,32,73500,74,60,771,0,15600,0.212,SALARIED
CUS101673,50,145900,53,65,813,3,25700,0.176,SALARIED
CUS101674,41,67100,20,141,592,0,23500,0.35,SALARIED
CUS101675,51,85800,79,52,761,0,12000,0.14,SALARIED
CUS101676,44,56100,134,79,758,1,14700,0.262,SALARIED
CUS101677,40,181400,35,68,699,1,77600,0.428,SALARIED
CUS101678,57,136200,51,46,630,0,40700,0.299,SALARIED
CUS101679,24,79300,42,180,710,2,11400,0.144,SALARIED
CUS101680,48,71000,15,72,763,1,32300,0.455,SALARIED
CUS101681,40,83800,75,73,701,2,6500,0.078,SALARIED
CUS101682,44,79900,35,83,820,1,13200,0.165,SALARIED
CUS101683,52,42400,42,64,737,1,2200,0.052,SALARIED
CUS101684,56,138400,60,61,742,1,27100,0.196,SALARIED
CUS101685,54,76700,26,63,720,1,8100,0.106,SALARIED
CUS101686,56,199700,22,45,719,0,85700,0.429,SALARIED
CUS101687,22,102800,55,38,721,1,19400,0.189,SALARIED
CUS101688,35,30000,87,9,733,2,9800,0.327,SALARIED
CUS101689,54,47700,23,50,718,1,11600,0.243,SALARIED
CUS101690,56,32400,43,57,704,2,10600,0.327,SALARIED
CUS101691,26,47500,62,72,772,1,4200,0.088,SALARIED
CUS101692,59,40800,97,88,729,1,5000,0.123,SALARIED
CUS101693,32,95200,36,29,788,2,12200,0.128,SALARIED
CUS101694,23,73700,34,27,741,1,10900,0.148,SALARIED
CUS101695,38,118600,84,89,691,1,30400,0.256,SALARIED
CUS101696,60,83600,38,138,670,0,18400,0.22,SALARIED
CUS101697,41,76300,51,102,734,1,9700,0.127,SALARIED
CUS101698,35,209400,52,8,792,0,14500,0.069,SALARIED
CUS101699,53,94000,28,58,819,1,9400,0.1,SALARIED
CUS101700,55,82000,46,39,837,4,10100,0.123,SALARIED
CUS101701,46,57900,44,62,795,0,3700,0.064,SALARIED
CUS101702,28,50100,19,26,832,2,3800,0.076,SALARIED
CUS101703,56,120200,39,180,690,0,19900,0.166,SALARIED
CUS101704,50,117000,48,45,760,1,35400,0.303,SALARIED
CUS101705,43,172400,52,78,693,3,43200,0.251,SALARIED
CUS101706,34,105400,65,33,761,0,8300,0.079,SALARIED
CUS101707,34,71200,36,101,790,2,7400,0.104,SALARIED
CUS101708,22,107000,50,92,709,0,34600,0.323,SALARIED
CUS101709,57,82000,23,51,757,0,16500,0.201,SALARIED
CUS101710,25,125500,52,54,740,2,21300,0.17,SALARIED
CUS101711,58,154900,79,53,750,4,6400,0.041,SALARIED
CUS101712,34,78800,36,46,726,1,19100,0.242,SALARIED
CUS101713,59,187400,27,111,662,1,46500,0.248,SALARIED
CUS101714,45,145100,44,70,814,0,29200,0.201,SALARIED
CUS101715,40,85700,41,74,760,1,23300,0.272,SALARIED
CUS101716,22,114900,64,92,770,2,46600,0.406,SALARIED
CUS101717,59,97500,55,87,812,1,47200,0.484,SALARIED
CUS101718,26,85800,65,42,790,1,10400,0.121,SALARIED
CUS101719,37,201100,30,145,651,2,28000,0.139,SALARIED
CUS101720,45,107300,48,74,801,0,13700,0.128,SALARIED
CUS101721,48,58200,24,69,750,5,19100,0.328,SALARIED
CUS101722,22,53500,19,62,743,2,12900,0.241,SALARIED
CUS101723,55,54500,14,49,766,1,3300,0.061,SALARIED
CUS101724,57,105900,36,33,756,1,24500,0.231,SALARIED
CUS101725,25,72900,21,71,696,0,7300,0.1,SALARIED
CUS101726,21,98800,13,101,667,3,51700,0.523,SALARIED
CUS101727,60,129500,36,98,556,0,12200,0.094,SALARIED
CUS101728,32,211800,74,68,783,4,56500,0.267,SALARIED
CUS101729,56,73700,44,166,850,3,10700,0.145,SALARIED
CUS101730,43,45100,58,114,706,2,5900,0.131,SALARIED
CUS101731,51,190400,15,43,796,2,12100,0.064,SALARIED
CUS101732,31,44100,72,52,687,2,26600,0.603,SALARIED
CUS101733,30,43300,34,56,707,2,8000,0.185,SALARIED
CUS101734,23,188200,22,41,804,1,69100,0.367,SALARIED
CUS101735,34,137300,73,62,693,0,15200,0.111,SALARIED
CUS101736,36,105700,79,29,713,2,7500,0.071,SALARIED
CUS101737,30,83100,49,103,715,2,38900,0.468,SALARIED
CUS101738,49,76300,63,83,722,0,15200,0.199,SALARIED
CUS101739,30,63400,34,68,794,2,11800,0.186,SALARIED
CUS101740,32,74800,39,50,670,0,25000,0.334,SALARIED
CUS101741,50,83200,44,63,714,1,600,0.03,SALARIED
CUS101742,21,45800,33,52,691,1,8400,0.183,SALARIED
CUS101743,25,58800,47,180,624,2,8900,0.151,SALARIED
CUS101744,40,32900,36,38,753,2,10500,0.319,SALARIED
CUS101745,28,88000,45,41,727,1,27700,0.315,SALARIED
CUS101746,32,88000,56,44,575,2,19400,0.22,SALARIED
CUS101747,21,189200,69,49,766,1,20900,0.11,SALARIED
CUS101748,40,100700,34,180,760,3,28100,0.279,SALARIED
CUS101749,48,66200,67,55,708,3,9800,0.148,SALARIED
CUS101750,57,77700,70,38,671,2,16400,0.211,SALARIED
CUS101751,57,105800,63,88,734,2,11500,0.109,SALARIED
CUS101752,32,94200,59,28,850,1,14200,0.151,SALARIED
CUS101753,57,110300,42,48,722,1,13900,0.126,SALARIED
CUS101754,48,100700,46,29,701,0,8500,0.084,SALARIED
CUS101755,35,75900,46,39,711,2,16500,0.217,SALARIED
CUS101756,26,66800,15,9,656,1,8400,0.126,SALARIED
CUS101757,40,65200,44,98,805,1,7800,0.12,SALARIED
CUS101758,34,56100,51,108,677,4,8500,0.152,SALARIED
CUS101759,22,52200,37,62,656,0,27700,0.531,SALARIED
CUS101760,29,194400,121,58,705,0,9100,0.047,SALARIED
CUS101761,57,89900,65,57,814,1,4200,0.047,SALARIED
CUS101762,40,79300,44,71,777,2,4700,0.059,SALARIED
CUS101763,46,68000,58,85,719,1,11000,0.162,SALARIED
CUS101764,49,103100,99,127,710,0,14600,0.142,SALARIED
CUS101765,21,146100,10,71,701,1,44300,0.303,SALARIED
CUS101766,55,117700,39,52,702,1,13700,0.116,SALARIED
CUS101767,26,128700,56,115,720,2,9100,0.071,SALARIED
CUS101768,57,65300,36,27,789,0,13900,0.213,SALARIED
CUS101769,25,84800,90,157,689,0,21500,0.254,SALARIED
CUS101770,53,65700,94,64,845,1,44600,0.679,SALARIED
CUS101771,34,89200,48,83,797,2,3400,0.038,SALARIED
CUS101772,32,150700,15,102,850,1,57000,0.378,SALARIED
CUS101773,40,103600,44,105,643,1,48400,0.467,SALARIED
CUS101774,44,176700,25,125,708,0,18400,0.104,SALARIED
CUS101775,54,74700,38,48,753,0,7300,0.098,SALARIED
CUS101776,45,59100,14,53,738,1,7500,0.127,SALARIED
CUS101777,49,107000,89,58,779,1,10700,0.1,SALARIED
CUS101778,59,89700,33,74,767,0,2700,0.03,SALARIED
CUS101779,51,98300,14,64,677,1,13500,0.137,SALARIED
CUS101780,43,91900,40,94,697,0,39900,0.434,SALARIED
CUS101781,58,68400,29,55,730,2,30700,0.449,SALARIED
CUS101782,40,92800,41,34,650,3,7800,0.084,SALARIED
CUS101783,43,131700,29,22,715,0,5000,0.038,SALARIED
CUS101784,36,138000,20,137,761,1,11700,0.085,SALARIED
CUS101785,28,68200,51,19,807,0,5900,0.087,SALARIED
CUS101786,41,94300,45,66,752,3,27200,0.288,SALARIED
CUS101787,21,165200,40,77,588,1,37400,0.226,SALARIED
CUS101788,28,68900,20,62,736,1,21300,0.309,SALARIED
CUS101789,49,63500,24,180,795,0,6800,0.107,SALARIED
CUS101790,52,121500,77,149,643,1,29600,0.244,SALARIED
CUS101791,58,112300,20,26,727,0,11100,0.099,SALARIED
CUS101792,25,58300,24,75,794,1,17900,0.307,SALARIED
CUS101793,42,45300,27,54,731,3,20600,0.455,SALARIED
CUS101794,54,93500,51,48,720,3,16500,0.176,SALARIED
CUS101795,21,70400,10,26,808,1,4900,0.07,SALARIED
CUS101796,46,39800,65,63,731,0,2900,0.073,SALARIED
CUS101797,30,62400,6,87,729,1,8200,0.131,SALARIED
CUS101798,50,111500,63,17,726,2,11300,0.101,SALARIED
CUS101799,38,79400,21,58,801,1,14400,0.181,SALARIED
CUS101800,37,172000,58,12,737,3,1700,0.03,SALARIED
CUS101801,46,33200,26,133,725,0,11000,0.331,SALARIED
CUS101802,28,155200,31,103,719,1,21900,0.141,SALARIED
CUS101803,60,72800,53,85,627,1,33000,0.453,SALARIED
CUS101804,32,68200,50,83,762,0,22300,0.327,SALARIED
CUS101805,47,42300,53,115,734,2,3100,0.073,SALARIED
CUS101806,28,104800,69,57,746,1,8000,0.076,SALARIED
CUS101807,45,37400,29,51,689,1,8600,0.23,SALARIED
CUS101808,24,122800,30,127,671,1,5100,0.042,SALARIED
CUS101809,53,43000,56,72,698,4,4000,0.093,SALARIED
CUS101810,21,46200,11,112,632,0,8900,0.193,SALARIED
CUS101811,39,49700,34,75,700,0,2000,0.04,SALARIED
CUS101812,51,61600,50,56,850,0,10400,0.169,SALARIED
CUS101813,36,129900,21,36,764,2,54100,0.416,SALARIED
CUS101814,34,167200,66,82,746,0,30500,0.182,SALARIED
CUS101815,25,64500,65,25,677,3,15400,0.239,SALARIED
CUS101816,46,83200,19,76,684,1,3900,0.047,SALARIED
CUS101817,48,106000,16,32,722,3,28600,0.27,SALARIED
CUS101818,22,73300,13,122,608,2,13900,0.19,SALARIED
CUS101819,26,104100,57,180,747,0,37300,0.358,SALARIED
CUS101820,29,84800,45,69,706,1,22600,0.267,SALARIED
CUS101821,53,75800,67,120,850,0,7500,0.099,SALARIED
CUS101822,45,44900,61,98,814,0,11300,0.252,SALARIED
CUS101823,33,90900,116,31,771,0,15600,0.172,SALARIED
CUS101824,29,130800,39,50,708,2,16900,0.129,SALARIED
CUS101825,33,59900,29,64,827,0,9100,0.152,SALARIED
CUS101826,51,35100,71,72,674,3,6300,0.179,SALARIED
CUS101827,31,73600,30,63,773,3,14800,0.201,SALARIED
CUS101828,24,167700,59,83,704,1,33300,0.199,SALARIED
CUS101829,54,146600,20,155,761,1,900,0.03,SALARIED
CUS101830,58,65500,23,29,723,1,25900,0.395,SALARIED
CUS101831,24,104300,25,62,672,0,6400,0.061,SALARIED
CUS101832,58,112000,45,175,727,2,34600,0.309,SALARIED
CUS101833,39,166200,18,64,794,1,23600,0.142,SALARIED
CUS101834,26,42300,15,41,850,1,10200,0.241,SALARIED
CUS101835,54,52500,37,87,804,1,1800,0.034,SALARIED
CUS101836,38,34400,51,49,718,2,9300,0.27,SALARIED
CUS101837,33,62600,21,125,677,0,23100,0.369,SALARIED
CUS101838,43,137300,91,98,722,0,10100,0.074,SALARIED
CUS101839,39,66100,33,16,850,0,15000,0.227,SALARIED
CUS101840,31,47200,47,44,663,0,10400,0.22,SALARIED
CUS101841,21,94100,37,119,733,0,10500,0.112,SALARIED
CUS101842,44,95200,30,58,679,1,17500,0.184,SALARIED
CUS101843,27,53800,67,65,614,0,21800,0.405,SALARIED
CUS101844,45,67700,57,127,850,1,6000,0.089,SALARIED
CUS101845,41,91000,113,126,740,3,4800,0.053,SALARIED
CUS101846,35,118900,45,52,767,3,13300,0.112,SALARIED
CUS101847,21,63500,28,51,741,1,14200,0.224,SALARIED
CUS101848,32,59500,19,40,781,1,10500,0.176,SALARIED
CUS101849,27,201000,56,125,792,3,21700,0.108,SALARIED
CUS101850,35,75100,29,117,688,0,10800,0.144,SALARIED
CUS101851,41,95100,44,23,849,2,3900,0.041,SALARIED
CUS101852,39,113800,25,113,820,0,8800,0.077,SALARIED
CUS101853,49,38000,45,52,763,1,5500,0.145,SALARIED
CUS101854,45,84300,62,124,683,4,16100,0.191,SALARIED
CUS101855,53,40500,82,15,683,2,12700,0.314,SALARIED
CUS101856,52,80100,21,74,660,0,14100,0.176,SALARIED
CUS101857,55,157700,38,59,735,2,39200,0.249,SALARIED
CUS101858,58,54200,15,104,791,1,3600,0.066,SALARIED
CUS101859,46,40200,68,42,760,1,1500,0.037,SALARIED
CUS101860,31,198800,74,113,709,1,38000,0.191,SALARIED
CUS101861,55,50700,43,112,664,0,9600,0.189,SALARIED
CUS101862,28,43300,26,99,806,0,9300,0.215,SALARIED
CUS101863,34,176100,19,24,698,2,44000,0.25,SALARIED
CUS101864,30,49800,37,48,641,2,13000,0.261,SALARIED
CUS101865,22,178200,22,109,750,1,18000,0.101,SALARIED
CUS101866,29,96200,57,73,717,2,25900,0.269,SALARIED
CUS101867,23,151500,58,49,779,2,19500,0.129,SALARIED
CUS101868,41,92400,32,42,705,1,13600,0.147,SALARIED
CUS101869,46,138200,24,28,740,1,25800,0.187,SALARIED
CUS101870,28,56200,47,66,738,3,8200,0.146,SALARIED
CUS101871,22,64500,65,180,720,0,3000,0.047,SALARIED
CUS101872,26,32800,52,54,694,1,11100,0.338,SALARIED
CUS101873,48,131600,58,86,790,5,12700,0.097,SALARIED
CUS101874,49,102700,72,66,754,1,13100,0.128,SALARIED
CUS101875,46,54000,50,40,738,0,4800,0.089,SALARIED
CUS101876,45,38700,66,116,732,1,700,0.03,SALARIED
CUS101877,32,96500,29,102,733,2,13100,0.136,SALARIED
CUS101878,25,180700,17,102,694,0,25200,0.139,SALARIED
CUS101879,54,79900,23,60,685,1,17500,0.219,SALARIED
CUS101880,57,63200,96,109,742,1,2600,0.041,SALARIED
CUS101881,35,55800,91,85,763,1,5900,0.106,SALARIED
CUS101882,56,149100,32,125,763,1,41000,0.275,SALARIED
CUS101883,35,59900,84,70,791,1,10300,0.172,SALARIED
CUS101884,43,71900,51,36,780,1,5200,0.072,SALARIED
CUS101885,26,135800,45,48,712,0,10700,0.079,SALARIED
CUS101886,41,113200,73,69,850,0,35600,0.314,SALARIED
CUS101887,43,73200,24,7,831,1,23500,0.321,SALARIED
CUS101888,36,62100,39,51,682,0,11300,0.182,SALARIED
CUS101889,35,164400,51,61,751,3,47200,0.287,SALARIED
CUS101890,45,51400,91,170,694,2,17900,0.348,SALARIED
CUS101891,56,77300,129,79,691,0,32800,0.424,SALARIED
CUS101892,31,43200,26,78,719,2,8700,0.201,SALARIED
CUS101893,35,145100,29,71,802,2,23000,0.159,SALARIED
CUS101894,24,68600,71,27,674,1,12700,0.185,SALARIED
CUS101895,41,62000,146,79,850,1,9400,0.152,SALARIED
CUS101896,33,114500,30,69,768,1,2500,0.03,SALARIED
CUS101897,42,44800,30,59,663,1,10100,0.225,SALARIED
CUS101898,39,113100,35,36,768,0,25400,0.225,SALARIED
CUS101899,54,72300,29,76,707,1,11500,0.159,SALARIED
CUS101900,34,49400,30,68,705,1,7800,0.158,SALARIED
CUS101901,24,54400,43,29,791,1,8200,0.151,SALARIED
CUS101902,47,62500,42,116,738,1,10700,0.171,SALARIED
CUS101903,49,69600,22,63,718,1,21700,0.312,SALARIED
CUS101904,48,49600,65,25,750,2,16900,0.341,SALARIED
CUS101905,55,97000,70,78,669,0,9900,0.102,SALARIED
CUS101906,28,49000,18,50,737,0,3100,0.063,SALARIED
CUS101907,36,30000,45,31,838,0,3000,0.1,SALARIED
CUS101908,56,201600,63,41,633,0,40700,0.202,SALARIED
CUS101909,50,92900,43,93,753,1,29800,0.321,SALARIED
CUS101910,38,210000,37,46,751,2,18200,0.087,SALARIED
CUS101911,22,53100,41,43,727,1,7200,0.136,SALARIED
CUS101912,33,105500,61,88,591,1,22900,0.217,SALARIED
CUS101913,24,127100,73,127,708,2,13100,0.103,SALARIED
CUS101914,46,78100,26,123,768,1,11900,0.152,SALARIED
CUS101915,45,44400,33,72,818,2,12000,0.27,SALARIED
CUS101916,50,75500,46,57,703,1,19000,0.252,SALARIED
CUS101917,31,112700,39,79,668,0,17400,0.154,SALARIED
CUS101918,27,110800,56,58,768,1,41900,0.378,SALARIED
CUS101919,51,84900,19,29,774,3,22700,0.267,SALARIED
CUS101920,30,127300,74,66,705,1,23300,0.183,SALARIED
CUS101921,59,124600,43,90,778,0,25800,0.207,SALARIED
CUS101922,33,67200,21,69,683,0,6400,0.095,SALARIED
CUS101923,51,42900,61,107,741,3,2200,0.051,SALARIED
CUS101924,27,92600,30,24,748,2,1100,0.03,SALARIED
CUS101925,56,60700,44,127,682,1,6600,0.109,SALARIED
CUS101926,40,90700,35,98,736,2,16400,0.181,SALARIED
CUS101927,24,155700,61,131,721,1,63800,0.41,SALARIED
CUS101928,27,103500,30,106,656,0,10900,0.105,SALARIED
CUS101929,21,152300,23,79,697,1,32500,0.213,SALARIED
CUS101930,33,53900,46,84,735,0,13800,0.256,SALARIED
CUS101931,42,138700,22,95,761,0,26700,0.193,SALARIED
CUS101932,41,180800,17,55,717,1,50300,0.278,SALARIED
CUS101933,42,87500,41,38,773,1,16700,0.191,SALARIED
CUS101934,48,241700,34,43,788,1,105700,0.437,SALARIED
CUS101935,29,57800,19,57,734,1,5000,0.087,SALARIED
CUS101936,46,63800,27,65,850,2,3300,0.052,SALARIED
CUS101937,29,113900,70,133,787,0,6800,0.06,SALARIED
CUS101938,35,87100,46,65,744,1,26700,0.307,SALARIED
CUS101939,30,60800,45,36,696,2,8400,0.138,SALARIED
CUS101940,44,112300,49,57,775,1,44800,0.399,SALARIED
CUS101941,28,99700,32,72,718,1,14900,0.149,SALARIED
CUS101942,44,65300,25,97,702,0,25900,0.397,SALARIED
CUS101943,36,92500,73,35,672,1,17300,0.187,SALARIED
CUS101944,46,119600,66,36,713,0,31100,0.26,SALARIED
CUS101945,47,64600,21,114,660,4,10500,0.163,SALARIED
CUS101946,57,107300,40,50,825,3,23500,0.219,SALARIED
CUS101947,24,57500,36,59,742,1,3000,0.052,SALARIED
CUS101948,44,62800,61,79,687,2,1900,0.03,SALARIED
CUS101949,39,140200,30,78,745,0,65300,0.466,SALARIED
CUS101950,56,112000,20,45,741,2,33500,0.299,SALARIED
CUS101951,59,36400,17,80,833,1,8000,0.22,SALARIED
CUS101952,30,71800,47,76,790,0,9100,0.127,SALARIED
CUS101953,45,106000,31,112,691,0,10400,0.098,SALARIED
CUS101954,38,90500,58,71,684,0,8600,0.095,SALARIED
CUS101955,39,112300,36,70,792,2,39400,0.351,SALARIED
CUS101956,56,89600,42,119,722,1,12100,0.135,SALARIED
CUS101957,30,80100,86,48,651,0,41800,0.522,SALARIED
CUS101958,53,79000,24,41,714,0,7000,0.089,SALARIED
CUS101959,25,138900,48,87,726,1,13200,0.095,SALARIED
CUS101960,55,116200,49,49,777,2,42700,0.367,SALARIED
CUS101961,54,102000,111,35,740,0,36400,0.357,SALARIED
CUS101962,53,88500,104,65,690,0,2000,0.03,SALARIED
CUS101963,41,66400,26,102,760,3,900,0.03,SALARIED
CUS101964,37,74000,38,122,742,1,15200,0.205,SALARIED
CUS101965,42,137200,24,99,582,0,30200,0.22,SALARIED
CUS101966,57,131500,47,68,763,0,17300,0.132,SALARIED
CUS101967,35,63500,52,75,679,2,9600,0.151,SALARIED
CUS101968,55,88900,20,82,718,3,22700,0.255,SALARIED
CUS101969,48,106400,45,101,705,2,10400,0.098,SALARIED
CUS101970,27,103300,22,59,610,0,2800,0.03,SALARIED
CUS101971,52,102900,14,44,756,1,39900,0.388,SALARIED
CUS101972,31,51500,39,55,657,3,13500,0.262,SALARIED
CUS101973,30,50200,99,41,713,0,5800,0.116,SALARIED
CUS101974,29,143900,39,53,719,0,22900,0.159,SALARIED
CUS101975,34,167600,45,137,642,0,19000,0.113,SALARIED
CUS101976,33,43600,40,38,786,1,7300,0.167,SALARIED
CUS101977,45,83900,20,37,714,1,14300,0.17,SALARIED
CUS101978,22,122600,39,32,718,1,34200,0.279,SALARIED
CUS101979,55,31500,44,28,744,3,2900,0.092,SALARIED
CUS101980,27,52400,46,88,715,0,13800,0.263,SALARIED
CUS101981,41,81500,15,41,684,2,13300,0.163,SALARIED
CUS101982,38,65000,21,33,672,2,18100,0.278,SALARIED
CUS101983,23,93400,68,86,833,0,17500,0.187,SALARIED
CUS101984,59,164700,45,40,733,1,11900,0.072,SALARIED
CUS101985,31,57900,39,141,692,1,6300,0.109,SALARIED
CUS101986,59,86900,55,91,753,1,19000,0.219,SALARIED
CUS101987,44,72800,92,77,785,1,21900,0.301,SALARIED
CUS101988,39,90400,112,22,850,1,17200,0.19,SALARIED
CUS101989,24,85200,36,94,734,1,17700,0.208,SALARIED
CUS101990,46,278500,13,24,707,0,55000,0.197,SALARIED
CUS101991,58,166200,33,50,607,0,19400,0.117,SALARIED
CUS101992,52,41700,80,71,730,1,5200,0.125,SALARIED
CUS101993,59,56700,61,29,704,1,15000,0.265,SALARIED
CUS101994,56,59900,17,52,740,6,17700,0.295,SALARIED
CUS101995,60,48800,31,102,739,3,21200,0.434,SALARIED
CUS101996,57,45900,18,68,802,0,16800,0.366,SALARIED
CUS101997,53,78400,22,62,746,0,7500,0.096,SALARIED
CUS101998,56,60900,51,75,740,1,14600,0.24,SALARIED
CUS101999,23,56900,52,67,745,2,13700,0.241,SALARIED
CUS102000,29,211000,56,124,717,3,36000,0.171,SALARIED
CUS102001,28,62900,58,106,812,0,2900,0.046,SALARIED
CUS102002,53,69600,36,35,757,3,15100,0.217,SALARIED
CUS102003,26,118700,42,76,777,0,6300,0.053,SALARIED
CUS102004,59,69500,68,29,722,0,6000,0.086,SALARIED
CUS102005,24,50300,10,53,676,1,4100,0.082,SALARIED
CUS102006,33,75700,19,65,681,1,13000,0.172,SALARIED
CUS102007,22,209900,50,171,817,0,35900,0.171,SALARIED
CUS102008,25,68400,48,70,838,2,5200,0.076,SALARIED
CUS102009,47,56400,92,23,693,1,14200,0.252,SALARIED
CUS102010,52,102700,31,65,675,1,13600,0.132,SALARIED
CUS102011,41,74100,21,89,778,1,13200,0.178,SALARIED
CUS102012,28,291500,56,110,709,3,150300,0.516,SALARIED
CUS102013,58,59700,47,46,647,2,10900,0.183,SALARIED
CUS102014,28,185500,26,102,666,0,52800,0.285,SALARIED
CUS102015,23,143500,22,44,731,0,20400,0.142,SALARIED
CUS102016,23,71600,15,152,850,1,20400,0.285,SALARIED
CUS102017,42,84900,71,42,828,1,15200,0.179,SALARIED
CUS102018,26,53500,56,25,702,2,3800,0.071,SALARIED
CUS102019,22,66700,19,39,658,1,16800,0.252,SALARIED
CUS102020,43,71400,23,42,711,1,19700,0.276,SALARIED
CUS102021,22,91300,21,69,726,3,21200,0.232,SALARIED
CUS102022,58,45000,15,94,740,1,8900,0.198,SALARIED
CUS102023,37,97800,42,83,700,0,32100,0.328,SALARIED
CUS102024,55,79600,55,68,702,0,7200,0.09,SALARIED
CUS102025,54,101700,37,37,768,1,31400,0.309,SALARIED
CUS102026,43,108700,73,82,715,1,23900,0.22,SALARIED
CUS102027,50,76800,62,77,720,2,7000,0.091,SALARIED
CUS102028,28,105900,32,120,749,0,8000,0.076,SALARIED
CUS102029,42,81700,29,64,779,1,46200,0.565,SALARIED
CUS102030,56,118800,14,49,746,1,10600,0.089,SALARIED
CUS102031,25,98000,65,88,767,1,11100,0.113,SALARIED
CUS102032,33,92200,20,50,821,3,7800,0.085,SALARIED
CUS102033,49,81200,63,50,717,2,20500,0.252,SALARIED
CUS102034,51,152300,28,19,774,1,21300,0.14,SALARIED
CUS102035,36,102000,53,124,688,3,39500,0.387,SALARIED
CUS102036,50,46900,31,38,735,1,12500,0.267,SALARIED
CUS102037,36,68700,24,63,706,2,17300,0.252,SALARIED
CUS102038,32,76700,52,25,743,1,18700,0.244,SALARIED
CUS102039,37,85000,25,46,788,2,14600,0.172,SALARIED
CUS102040,36,92000,55,50,687,1,7200,0.078,SALARIED
CUS102041,32,55600,58,100,800,0,1600,0.03,SALARIED
CUS102042,28,82400,38,180,724,1,17500,0.212,SALARIED
CUS102043,40,73800,61,85,736,2,12200,0.165,SALARIED
CUS102044,23,138500,16,136,695,2,32300,0.233,SALARIED
CUS102045,36,54300,22,56,653,1,16400,0.302,SALARIED
CUS102046,50,84300,54,105,700,1,13000,0.154,SALARIED
CUS102047,43,62400,30,118,770,5,6900,0.111,SALARIED
CUS102048,48,196600,21,25,677,1,9400,0.048,SALARIED
CUS102049,60,149600,41,59,764,0,9600,0.064,SALARIED
CUS102050,25,40600,24,63,669,1,7200,0.177,SALARIED
CUS102051,40,59400,53,67,658,1,22200,0.374,SALARIED
CUS102052,60,125800,20,84,702,2,6000,0.048,SALARIED
CUS102053,21,104400,31,67,703,1,27300,0.261,SALARIED
CUS102054,50,103000,98,79,802,1,8400,0.082,SALARIED
CUS102055,41,92600,16,124,787,2,8800,0.095,SALARIED
CUS102056,40,130400,28,91,705,1,69900,0.536,SALARIED
CUS102057,26,120800,30,38,791,1,21700,0.18,SALARIED
CUS102058,42,74600,77,60,742,1,14300,0.192,SALARIED
CUS102059,38,49600,75,30,669,2,7800,0.157,SALARIED
CUS102060,28,39700,24,104,719,0,12900,0.325,SALARIED
CUS102061,59,81100,57,91,700,2,20200,0.249,SALARIED
CUS102062,52,37100,37,62,767,3,7600,0.205,SALARIED
CUS102063,53,95200,37,70,680,0,12300,0.129,SALARIED
CUS102064,36,74000,42,35,714,1,10800,0.146,SALARIED
CUS102065,32,203900,34,75,755,0,46000,0.226,SALARIED
CUS102066,58,99200,18,95,725,1,35900,0.362,SALARIED
CUS102067,54,83900,64,76,777,2,23700,0.282,SALARIED
CUS102068,34,41100,20,48,746,1,4600,0.112,SALARIED
CUS102069,56,48200,44,95,672,2,4600,0.095,SALARIED
CUS102070,53,115500,23,99,761,1,10600,0.092,SALARIED
CUS102071,43,73800,50,86,808,0,18700,0.253,SALARIED
CUS102072,22,266000,43,135,737,3,19300,0.073,SALARIED
CUS102073,41,81900,30,95,752,2,7400,0.09,SALARIED
CUS102074,22,91700,83,45,679,0,45800,0.499,SALARIED
CUS102075,47,47000,36,76,693,0,8900,0.189,SALARIED
CUS102076,29,130200,36,112,828,1,47000,0.361,SALARIED
CUS102077,21,56000,44,53,803,2,12100,0.216,SALARIED
CUS102078,31,107600,15,92,743,2,16400,0.152,SALARIED
CUS102079,23,122500,18,44,739,1,44800,0.366,SALARIED
CUS102080,43,88700,68,61,769,1,10900,0.123,SALARIED
CUS102081,46,187400,89,102,678,0,9100,0.049,SALARIED
CUS102082,24,64600,61,98,800,0,11600,0.18,SALARIED
CUS102083,38,180700,51,130,777,0,1800,0.03,SALARIED
CUS102084,26,48000,57,45,717,1,5700,0.119,SALARIED
CUS102085,55,121800,61,28,731,2,46500,0.382,SALARIED
CUS102086,42,79700,52,108,729,2,2500,0.031,SALARIED
CUS102087,35,61800,65,153,710,1,7600,0.123,SALARIED
CUS102088,42,40200,35,32,721,1,14100,0.351,SALARIED
CUS102089,57,75600,37,79,772,2,2800,0.037,SALARIED
CUS102090,32,73500,45,17,750,1,21700,0.295,SALARIED
CUS102091,58,91900,37,90,731,1,10600,0.115,SALARIED
CUS102092,38,117800,152,123,780,3,4800,0.041,SALARIED
CUS102093,55,59100,37,36,803,0,10100,0.171,SALARIED
CUS102094,50,187500,52,66,692,2,37400,0.199,SALARIED
CUS102095,44,66700,41,47,829,0,9500,0.142,SALARIED
CUS102096,50,111500,32,50,791,2,11700,0.105,SALARIED
CUS102097,34,88500,10,52,807,1,2100,0.03,SALARIED
CUS102098,26,77700,24,75,850,2,16700,0.215,SALARIED
CUS102099,23,86500,124,52,782,1,11400,0.132,SALARIED
CUS102100,36,55700,65,77,644,0,22300,0.4,SALARIED
CUS102101,27,71400,13,91,690,2,11400,0.16,SALARIED
CUS102102,34,46500,18,69,662,1,7000,0.151,SALARIED
CUS102103,29,66400,72,82,813,0,12600,0.19,SALARIED
CUS102104,35,68900,82,101,810,0,14600,0.212,SALARIED
CUS102105,41,124300,105,128,834,1,32300,0.26,SALARIED
CUS102106,55,73200,18,15,779,1,6100,0.083,SALARIED
CUS102107,22,69500,74,93,829,2,7700,0.111,SALARIED
CUS102108,47,93800,59,33,648,3,1800,0.03,SALARIED
CUS102109,22,92200,20,81,733,0,26400,0.286,SALARIED
CUS102110,55,65100,11,40,685,1,24600,0.378,SALARIED
CUS102111,38,101500,9,62,646,1,5400,0.053,SALARIED
CUS102112,34,78400,36,18,834,0,8500,0.108,SALARIED
CUS102113,40,65100,39,61,669,0,13500,0.207,SALARIED
CUS102114,38,68000,30,30,726,0,7900,0.116,SALARIED
CUS102115,30,130300,32,43,762,1,5900,0.045,SALARIED
CUS102116,45,68900,37,124,690,2,1800,0.03,SALARIED
CUS102117,22,95600,35,61,633,3,18300,0.191,SALARIED
CUS102118,45,47700,89,21,743,1,16400,0.344,SALARIED
CUS102119,53,140400,20,80,706,0,33300,0.237,SALARIED
CUS102120,56,65400,29,48,839,1,1100,0.03,SALARIED
CUS102121,51,101800,50,64,752,2,8500,0.083,SALARIED
CUS102122,34,75900,38,118,768,1,18200,0.24,SALARIED
CUS102123,21,101300,62,70,569,1,8700,0.086,SALARIED
CUS102124,36,103800,14,80,761,2,19400,0.187,SALARIED
CUS102125,23,79600,24,45,729,4,15000,0.188,SALARIED
CUS102126,55,36700,42,67,815,4,1800,0.049,SALARIED
CUS102127,26,138900,35,89,697,1,15600,0.112,SALARIED
CUS102128,45,79800,33,82,763,0,19600,0.246,SALARIED
CUS102129,33,100300,55,23,676,0,21200,0.211,SALARIED
CUS102130,54,116000,57,32,654,2,21500,0.185,SALARIED
CUS102131,28,69200,51,67,706,1,7300,0.105,SALARIED
CUS102132,41,107300,15,99,714,1,15600,0.145,SALARIED
CUS102133,54,60700,76,51,676,1,13800,0.227,SALARIED
CUS102134,24,101200,13,92,721,0,26900,0.266,SALARIED
CUS102135,45,85800,17,81,754,1,19300,0.225,SALARIED
CUS102136,35,70300,38,92,784,0,3400,0.048,SALARIED
CUS102137,24,86800,16,26,624,0,12400,0.143,SALARIED
CUS102138,32,52900,13,142,738,0,2900,0.055,SALARIED
CUS102139,52,97700,26,52,623,2,30300,0.31,SALARIED
CUS102140,52,102400,7,45,816,0,16000,0.156,SALARIED
CUS102141,48,99300,43,54,801,0,6600,0.066,SALARIED
CUS102142,33,167100,69,66,728,1,15700,0.094,SALARIED
CUS102143,51,81400,93,38,688,2,21300,0.262,SALARIED
CUS102144,34,84000,48,34,730,1,7400,0.088,SALARIED
CUS102145,40,50200,33,50,665,1,10100,0.201,SALARIED
CUS102146,38,172500,56,27,828,0,57200,0.332,SALARIED
CUS102147,49,43300,40,30,677,0,3300,0.076,SALARIED
CUS102148,26,94200,72,59,774,1,20700,0.22,SALARIED
CUS102149,52,64500,30,61,700,2,12400,0.192,SALARIED
CUS102150,49,87400,43,54,763,3,18800,0.215,SALARIED
CUS102151,22,47200,57,38,720,1,7200,0.153,SALARIED
CUS102152,43,127000,71,46,775,2,44000,0.346,SALARIED
CUS102153,39,55300,24,52,796,0,20200,0.365,SALARIED
CUS102154,51,143700,39,47,715,0,32200,0.224,SALARIED
CUS102155,25,56000,36,33,750,1,2900,0.052,SALARIED
CUS102156,39,131800,99,128,841,1,15700,0.119,SALARIED
CUS102157,54,58500,16,25,736,1,21300,0.364,SALARIED
CUS102158,30,64500,31,35,766,1,14300,0.222,SALARIED
CUS102159,45,84900,44,32,778,1,21700,0.256,SALARIED
CUS102160,22,58000,30,83,673,1,12400,0.214,SALARIED
CUS102161,31,57300,44,100,656,5,2000,0.035,SALARIED
CUS102162,51,58300,34,69,738,3,2300,0.039,SALARIED
CUS102163,35,98100,29,30,712,1,19900,0.203,SALARIED
CUS102164,29,85000,38,27,681,0,31500,0.371,SALARIED
CUS102165,43,87000,53,69,624,0,31400,0.361,SALARIED
CUS102166,39,73400,25,38,717,1,17600,0.24,SALARIED
CUS102167,29,108800,57,37,726,0,38000,0.349,SALARIED
CUS102168,55,136300,39,65,766,1,25800,0.189,SALARIED
CUS102169,41,110100,22,42,728,2,26600,0.242,SALARIED
CUS102170,29,77400,41,102,650,1,29400,0.38,SALARIED
CUS102171,48,49100,30,105,715,1,13900,0.283,SALARIED
CUS102172,27,34900,23,116,677,0,2000,0.057,SALARIED
CUS102173,36,82600,35,82,771,0,21900,0.265,SALARIED
CUS102174,36,34700,40,67,819,0,7100,0.205,SALARIED
CUS102175,53,77700,58,70,735,2,3400,0.044,SALARIED
CUS102176,24,159800,44,94,719,3,9800,0.061,SALARIED
CUS102177,24,50600,8,151,749,2,15600,0.308,SALARIED
CUS102178,59,47700,11,134,807,0,2400,0.05,SALARIED
CUS102179,60,113200,29,50,599,0,18300,0.162,SALARIED
CUS102180,37,30000,39,55,688,1,8800,0.293,SALARIED
CUS102181,57,100900,31,86,692,2,24100,0.239,SALARIED
CUS102182,59,164600,62,180,739,1,34700,0.211,SALARIED
CUS102183,49,57400,74,35,757,2,3900,0.068,SALARIED
CUS102184,56,53100,13,57,754,0,14500,0.273,SALARIED
CUS102185,58,110800,46,44,752,1,4800,0.043,SALARIED
CUS102186,59,50200,19,118,738,2,7400,0.147,SALARIED
CUS102187,57,122400,73,41,711,1,12600,0.103,SALARIED
CUS102188,55,52100,22,31,738,1,2400,0.046,SALARIED
CUS102189,27,188400,114,49,606,0,14100,0.075,SALARIED
CUS102190,47,114500,20,47,689,0,24200,0.211,SALARIED
CUS102191,48,86500,65,95,744,1,10400,0.12,SALARIED
CUS102192,42,183600,53,18,659,0,21600,0.118,SALARIED
CUS102193,34,135200,52,108,665,2,8700,0.064,SALARIED
CUS102194,27,100300,55,107,725,2,13100,0.131,SALARIED
CUS102195,57,36800,26,39,805,3,11000,0.299,SALARIED
CUS102196,42,62000,34,29,736,1,3400,0.055,SALARIED
CUS102197,25,138500,73,58,652,0,37700,0.272,SALARIED
CUS102198,22,47400,96,27,738,3,13300,0.281,SALARIED
CUS102199,47,60200,34,89,778,2,12400,0.206,SALARIED
CUS102200,41,53700,27,16,756,1,6800,0.127,SALARIED
CUS102201,58,101900,81,58,704,0,28500,0.28,SALARIED
CUS102202,35,131100,51,54,724,1,41800,0.319,SALARIED
CUS102203,41,131200,41,151,749,2,25300,0.193,SALARIED
CUS102204,30,57900,42,64,767,0,13900,0.24,SALARIED
CUS102205,43,101200,40,21,725,1,21100,0.208,SALARIED
CUS102206,59,56700,86,130,679,1,18300,0.323,SALARIED
CUS102207,25,77300,69,49,728,0,27200,0.352,SALARIED
CUS102208,21,107400,28,97,716,1,6700,0.062,SALARIED
CUS102209,33,137000,104,51,751,1,11600,0.085,SALARIED
CUS102210,41,32300,25,61,815,2,5500,0.17,SALARIED
CUS102211,46,88900,37,76,800,1,13100,0.147,SALARIED
CUS102212,41,160100,58,72,727,3,7300,0.046,SALARIED
CUS102213,38,94400,62,26,744,2,8900,0.094,SALARIED
CUS102214,57,88200,29,180,663,0,29600,0.336,SALARIED
CUS102215,52,66000,41,131,769,1,23400,0.355,SALARIED
CUS102216,56,158200,31,31,747,2,16800,0.106,SALARIED
CUS102217,37,67400,113,47,763,0,2500,0.037,SALARIED
CUS102218,55,81300,28,86,689,3,34000,0.418,SALARIED
CUS102219,31,68800,65,131,740,1,16100,0.234,SALARIED
CUS102220,41,89200,13,56,703,0,7600,0.085,SALARIED
CUS102221,46,161400,41,52,791,2,29000,0.18,SALARIED
CUS102222,24,56500,39,64,759,2,5100,0.09,SALARIED
CUS102223,54,89400,48,36,800,1,9700,0.109,SALARIED
CUS102224,38,101400,30,69,676,4,14100,0.139,SALARIED
CUS102225,60,59000,24,62,728,1,12000,0.203,SALARIED
CUS102226,55,82800,18,28,724,2,31400,0.379,SALARIED
CUS102227,49,195500,36,81,754,0,32300,0.165,SALARIED
CUS102228,49,38400,13,105,748,3,6300,0.164,SALARIED
CUS102229,58,70300,19,72,740,1,12100,0.172,SALARIED
CUS102230,41,95100,18,46,654,2,8900,0.094,SALARIED
CUS102231,33,71800,34,40,679,3,7500,0.104,SALARIED
CUS102232,37,311500,72,117,717,0,2700,0.03,SALARIED
CUS102233,29,108800,35,126,753,0,18100,0.166,SALARIED
CUS102234,21,53100,15,97,816,0,23400,0.441,SALARIED
CUS102235,22,30000,54,168,746,0,7200,0.24,SALARIED
CUS102236,49,99100,58,60,797,1,17600,0.178,SALARIED
CUS102237,53,60500,148,40,715,0,20400,0.337,SALARIED
CUS102238,30,151800,38,26,655,0,24600,0.162,SALARIED
CUS102239,60,75100,63,36,759,1,15200,0.202,SALARIED
CUS102240,41,65800,99,80,734,4,5800,0.088,SALARIED
CUS102241,48,65300,39,73,712,1,13900,0.213,SALARIED
CUS102242,31,132500,10,71,648,0,27900,0.211,SALARIED
CUS102243,54,102500,55,27,623,2,5700,0.056,SALARIED
CUS102244,28,187300,35,149,799,2,47100,0.251,SALARIED
CUS102245,42,77200,64,126,700,1,21500,0.278,SALARIED
CUS102246,28,125300,30,57,778,2,24900,0.199,SALARIED
CUS102247,35,126300,62,82,827,0,8700,0.069,SALARIED
CUS102248,37,115100,21,24,715,1,19700,0.171,SALARIED
CUS102249,43,67600,17,27,796,1,12300,0.182,SALARIED
CUS102250,44,105200,58,8,762,1,24000,0.228,SALARIED
CUS102251,39,81400,26,93,795,0,29400,0.361,SALARIED
CUS102252,25,80400,59,58,738,2,20600,0.256,SALARIED
CUS102253,52,59100,34,76,756,3,14800,0.25,SALARIED
CUS102254,21,32700,109,54,774,2,8600,0.263,SALARIED
CUS102255,43,149100,72,75,651,0,49100,0.329,SALARIED
CUS102256,57,103200,18,9,719,3,57000,0.552,SALARIED
CUS102257,28,46400,63,142,653,1,8200,0.177,SALARIED
CUS102258,33,117400,41,74,728,2,10500,0.089,SALARIED
CUS102259,28,150400,36,137,712,1,47700,0.317,SALARIED
CUS102260,43,120600,40,42,814,0,18600,0.154,SALARIED
CUS102261,21,56900,28,58,842,0,13100,0.23,SALARIED
CUS102262,44,61100,28,42,758,2,8100,0.133,SALARIED
CUS102263,55,66400,29,118,824,0,9900,0.149,SALARIED
CUS102264,44,125200,17,42,744,0,9600,0.077,SALARIED
CUS102265,37,105400,53,112,697,1,28000,0.266,SALARIED
CUS102266,25,298400,41,150,777,2,31000,0.104,SALARIED
CUS102267,40,40600,56,43,717,1,10300,0.254,SALARIED
CUS102268,41,83000,49,180,727,2,6700,0.081,SALARIED
CUS102269,60,35700,53,64,765,0,2400,0.067,SALARIED
CUS102270,51,111200,32,16,709,3,17600,0.158,SALARIED
CUS102271,56,137400,52,49,847,1,25800,0.188,SALARIED
CUS102272,31,162600,52,91,615,4,54400,0.335,SALARIED
CUS102273,35,92500,9,78,671,0,39700,0.429,SALARIED
CUS102274,39,35900,35,60,745,2,10300,0.287,SALARIED
CUS102275,27,83100,73,111,751,1,17900,0.215,SALARIED
CUS102276,48,103500,32,44,729,3,1700,0.03,SALARIED
CUS102277,25,54100,117,43,732,4,5700,0.105,SALARIED
CUS102278,25,75400,93,27,665,2,19000,0.252,SALARIED
CUS102279,50,47800,51,70,776,2,13800,0.289,SALARIED
CUS102280,52,64500,31,95,744,2,6700,0.104,SALARIED
CUS102281,28,128200,38,55,734,0,39200,0.306,SALARIED
CUS102282,30,115400,96,81,772,0,46300,0.401,SALARIED
CUS102283,58,45400,80,89,769,1,12400,0.273,SALARIED
CUS102284,52,61900,9,58,691,0,17900,0.289,SALARIED
CUS102285,48,87200,69,103,749,2,8400,0.096,SALARIED
CUS102286,37,94100,28,47,736,1,35300,0.375,SALARIED
CUS102287,51,63100,30,70,771,2,10500,0.166,SALARIED
CUS102288,28,105300,39,140,797,3,5200,0.049,SALARIED
CUS102289,60,83700,33,79,721,2,19600,0.234,SALARIED
CUS102290,45,30000,28,78,771,0,8300,0.277,SALARIED
CUS102291,29,65700,28,93,745,0,5400,0.082,SALARIED
CUS102292,22,64900,12,80,666,1,22600,0.348,SALARIED
CUS102293,35,115300,30,110,693,1,27600,0.239,SALARIED
CUS102294,23,116300,62,52,694,0,6700,0.058,SALARIED
CUS102295,56,40100,53,58,794,1,5000,0.125,SALARIED
CUS102296,24,103500,29,68,669,3,6100,0.059,SALARIED
CUS102297,34,82200,12,66,650,1,18900,0.23,SALARIED
CUS102298,45,90000,49,63,784,3,43500,0.483,SALARIED
CUS102299,30,64500,20,87,747,1,9200,0.143,SALARIED
CUS102300,41,82700,40,51,719,0,27700,0.335,SALARIED
CUS102301,56,142600,19,43,632,2,41000,0.288,SALARIED
CUS102302,32,89400,16,86,634,1,10200,0.114,SALARIED
CUS102303,47,83400,28,56,599,1,11800,0.141,SALARIED
CUS102304,60,68500,37,73,688,0,7900,0.115,SALARIED
CUS102305,22,136500,36,180,850,0,15300,0.112,SALARIED
CUS102306,33,47800,50,180,748,0,25200,0.527,SALARIED
CUS102307,52,59200,34,140,758,1,22400,0.378,SALARIED
CUS102308,51,46500,69,108,732,0,7400,0.159,SALARIED
CUS102309,36,93000,19,169,662,0,4500,0.048,SALARIED
CUS102310,52,144500,38,70,709,1,12500,0.087,SALARIED
CUS102311,52,73300,99,63,797,2,20600,0.281,SALARIED
CUS102312,54,52500,97,131,758,0,8100,0.154,SALARIED
CUS102313,31,177500,35,33,602,0,8100,0.046,SALARIED
CUS102314,30,104100,62,65,831,2,24200,0.232,SALARIED
CUS102315,35,96300,43,23,730,2,15700,0.163,SALARIED
CUS102316,37,78000,28,89,693,2,8800,0.113,SALARIED
CUS102317,60,114900,19,64,720,3,24500,0.213,SALARIED
CUS102318,38,95600,86,99,711,1,10400,0.109,SALARIED
CUS102319,29,68400,41,169,695,0,24100,0.352,SALARIED
CUS102320,45,73800,34,43,766,0,6600,0.089,SALARIED
CUS102321,60,53700,11,61,690,1,7400,0.138,SALARIED
CUS102322,34,50800,79,21,687,1,13200,0.26,SALARIED
CUS102323,45,74400,46,92,742,1,8900,0.12,SALARIED
CUS102324,42,142900,67,48,755,0,6100,0.043,SALARIED
CUS102325,50,53400,30,58,774,0,4300,0.081,SALARIED
CUS102326,40,123800,42,97,771,1,15900,0.128,SALARIED
CUS102327,41,59300,48,112,743,1,13600,0.229,SALARIED
CUS102328,52,38000,70,58,637,0,19900,0.524,SALARIED
CUS102329,41,108700,32,46,804,2,30100,0.277,SALARIED
CUS102330,55,176900,35,54,790,0,54800,0.31,SALARIED
CUS102331,52,57800,28,45,750,1,4800,0.083,SALARIED
CUS102332,50,41900,141,50,723,1,8300,0.198,SALARIED
CUS102333,59,104300,57,80,703,1,25500,0.244,SALARIED
CUS102334,32,56100,38,80,778,0,1500,0.03,SALARIED
CUS102335,38,108200,28,101,635,1,14700,0.136,SALARIED
CUS102336,41,142700,83,71,756,1,17500,0.123,SALARIED
CUS102337,33,98600,34,65,765,1,12400,0.126,SALARIED
CUS102338,41,122400,44,14,614,2,21000,0.172,SALARIED
CUS102339,28,122700,20,53,840,2,36600,0.298,SALARIED
CUS102340,60,132700,60,98,850,2,42700,0.322,SALARIED
CUS102341,27,86700,53,56,850,0,20600,0.238,SALARIED
CUS102342,43,120700,31,58,773,2,25200,0.209,SALARIED
CUS102343,52,91500,40,45,836,1,10100,0.11,SALARIED
CUS102344,31,101400,64,107,721,1,18500,0.182,SALARIED
CUS102345,42,335600,19,81,850,2,112700,0.336,SALARIED
CUS102346,42,94800,21,66,744,0,12100,0.128,SALARIED
CUS102347,45,43300,33,129,623,2,3600,0.083,SALARIED
CUS102348,42,77800,51,39,694,1,5900,0.076,SALARIED
CUS102349,48,73900,75,79,757,1,11300,0.153,SALARIED
CUS102350,49,75500,32,76,746,0,18300,0.242,SALARIED
CUS102351,33,130500,30,24,671,1,41700,0.32,SALARIED
CUS102352,38,141400,34,85,807,0,20800,0.147,SALARIED
CUS102353,22,81100,54,74,796,1,27800,0.343,SALARIED
CUS102354,49,45400,18,61,699,0,4800,0.106,SALARIED
CUS102355,41,88900,29,22,631,1,36300,0.408,SALARIED
CUS102356,35,66600,21,18,772,3,13000,0.195,SALARIED
CUS102357,47,93400,30,27,708,1,17800,0.191,SALARIED
CUS102358,51,80500,100,67,704,1,17400,0.216,SALARIED
CUS102359,35,146900,42,41,673,0,18700,0.127,SALARIED
CUS102360,43,96200,26,40,809,0,9100,0.095,SALARIED
CUS102361,44,66700,57,117,651,1,3500,0.052,SALARIED
CUS102362,33,45600,10,79,693,1,13800,0.303,SALARIED
CUS102363,42,83200,11,83,710,2,49400,0.594,SALARIED
CUS102364,57,83300,15,58,711,0,12600,0.151,SALARIED
CUS102365,53,75500,23,12,617,1,6000,0.079,SALARIED
CUS102366,23,120500,44,26,706,0,14800,0.123,SALARIED
CUS102367,39,45600,11,66,759,0,14400,0.316,SALARIED
CUS102368,43,60300,22,45,751,2,14400,0.239,SALARIED
CUS102369,49,87000,28,79,597,1,21000,0.241,SALARIED
CUS102370,50,66100,50,56,788,0,7500,0.113,SALARIED
CUS102371,59,72400,34,96,767,1,20600,0.285,SALARIED
CUS102372,45,82700,18,47,639,0,6900,0.083,SALARIED
CUS102373,57,115700,24,27,719,1,27000,0.233,SALARIED
CUS102374,28,81200,32,176,662,0,29700,0.366,SALARIED
CUS102375,36,35000,47,74,796,1,7000,0.2,SALARIED
CUS102376,28,64800,22,116,808,4,6300,0.097,SALARIED
CUS102377,21,106200,58,116,775,0,10000,0.094,SALARIED
CUS102378,25,119800,11,124,827,3,15000,0.125,SALARIED
CUS102379,23,122800,28,62,761,1,31700,0.258,SALARIED
CUS102380,21,139500,50,22,739,0,29300,0.21,SALARIED
CUS102381,24,89700,67,67,769,1,15500,0.173,SALARIED
CUS102382,60,95700,44,121,687,1,31200,0.326,SALARIED
CUS102383,55,53900,43,38,675,3,3800,0.071,SALARIED
CUS102384,52,31900,41,86,724,2,3800,0.119,SALARIED
CUS102385,54,44900,27,108,711,1,22200,0.494,SALARIED
CUS102386,45,62000,32,109,692,1,8700,0.14,SALARIED
CUS102387,30,46100,44,63,823,1,7600,0.165,SALARIED
CUS102388,41,74500,62,55,693,0,29400,0.395,SALARIED
CUS102389,59,69000,33,68,651,3,19200,0.278,SALARIED
CUS102390,47,129600,42,51,652,1,40200,0.31,SALARIED
CUS102391,47,55000,31,56,743,1,8800,0.16,SALARIED
CUS102392,22,90600,36,69,825,1,10400,0.115,SALARIED
CUS102393,33,70400,14,108,622,3,7000,0.099,SALARIED
CUS102394,29,54000,42,60,766,0,11800,0.219,SALARIED
CUS102395,56,61300,72,130,805,1,4300,0.07,SALARIED
CUS102396,42,33800,66,72,685,0,7400,0.219,SALARIED
CUS102397,46,119000,24,80,682,1,4700,0.039,SALARIED
CUS102398,32,159800,22,45,843,1,61800,0.387,SALARIED
CUS102399,37,75400,38,67,806,1,13400,0.178,SALARIED
CUS102400,34,86100,5,43,707,2,5400,0.063,SALARIED
CUS102401,34,74400,15,62,757,2,3400,0.046,SALARIED
CUS102402,54,58800,60,64,735,0,10400,0.177,SALARIED
CUS102403,40,116700,25,53,786,1,9500,0.081,SALARIED
CUS102404,31,98100,60,129,731,1,8900,0.091,SALARIED
CUS102405,36,30000,25,77,697,1,8200,0.273,SALARIED
CUS102406,51,53400,37,95,698,1,1900,0.036,SALARIED
CUS102407,26,33700,81,42,806,1,2900,0.086,SALARIED
CUS102408,39,171200,50,28,748,1,27800,0.162,SALARIED
CUS102409,57,78700,41,86,739,0,25000,0.318,SALARIED
CUS102410,24,94700,47,43,770,0,10700,0.113,SALARIED
CUS102411,24,72500,19,108,766,0,6300,0.087,SALARIED
CUS102412,40,139600,76,74,667,1,5600,0.04,SALARIED
CUS102413,30,125200,63,66,710,0,8400,0.067,SALARIED
CUS102414,44,77100,37,73,666,1,12700,0.165,SALARIED
CUS102415,55,184100,43,66,686,5,53100,0.288,SALARIED
CUS102416,46,92400,45,115,818,1,22900,0.248,SALARIED
CUS102417,57,44100,71,54,850,3,21500,0.488,SALARIED
CUS102418,58,88900,69,60,680,0,18800,0.211,SALARIED
CUS102419,41,107300,12,87,703,1,17000,0.158,SALARIED
CUS102420,60,80100,27,61,723,2,10000,0.125,SALARIED
CUS102421,59,70600,47,62,583,1,14600,0.207,SALARIED
CUS102422,41,188000,60,37,850,2,49400,0.263,SALARIED
CUS102423,30,49800,26,79,664,0,15000,0.301,SALARIED
CUS102424,58,30000,52,53,719,0,3300,0.11,SALARIED
CUS102425,24,176100,44,131,756,1,41500,0.236,SALARIED
CUS102426,40,49000,50,24,736,1,15400,0.314,SALARIED
CUS102427,37,74700,26,60,738,2,12100,0.162,SALARIED
CUS102428,27,71700,36,34,754,1,9100,0.127,SALARIED
CUS102429,24,148000,51,180,660,1,31200,0.211,SALARIED
CUS102430,49,162100,50,78,733,0,57400,0.354,SALARIED
CUS102431,34,47500,47,51,805,2,6800,0.143,SALARIED
CUS102432,23,156500,18,27,705,2,43400,0.277,SALARIED
CUS102433,44,155200,33,38,740,2,60600,0.39,SALARIED
CUS102434,57,85700,24,101,760,1,18200,0.212,SALARIED
CUS102435,36,129300,50,107,767,0,19600,0.152,SALARIED
CUS102436,24,135300,87,54,743,0,36800,0.272,SALARIED
CUS102437,44,75900,43,58,751,0,27900,0.368,SALARIED
CUS102438,54,79200,70,25,682,0,23700,0.299,SALARIED
CUS102439,50,110800,14,68,661,0,17900,0.162,SALARIED
CUS102440,38,40800,42,132,756,1,19500,0.478,SALARIED
CUS102441,39,72500,39,127,712,2,11000,0.152,SALARIED
CUS102442,51,49500,21,131,751,1,5400,0.109,SALARIED
CUS102443,39,161300,28,92,734,2,39900,0.247,SALARIED
CUS102444,39,72100,38,78,695,1,18200,0.252,SALARIED
CUS102445,42,96300,39,52,704,1,9100,0.094,SALARIED
CUS102446,44,77000,121,79,637,2,16300,0.212,SALARIED
CUS102447,32,74800,31,119,728,1,13300,0.178,SALARIED
CUS102448,50,93500,86,66,681,1,11600,0.124,SALARIED
CUS102449,58,61200,20,54,762,1,3900,0.064,SALARIED
CUS102450,51,77700,154,79,732,1,4500,0.058,SALARIED
CUS102451,56,77500,99,141,757,0,5400,0.07,SALARIED
CUS102452,39,70300,52,56,746,2,6600,0.094,SALARIED
CUS102453,56,101400,26,77,772,2,2700,0.03,SALARIED
CUS102454,50,69500,25,66,771,0,18700,0.269,SALARIED
CUS102455,53,175500,39,44,713,1,77700,0.443,SALARIED
CUS102456,38,112800,17,47,768,1,11600,0.103,SALARIED
CUS102457,48,46300,39,63,791,0,4900,0.106,SALARIED
CUS102458,31,108900,91,48,724,1,12700,0.117,SALARIED
CUS102459,53,62300,20,75,773,2,10800,0.173,SALARIED
CUS102460,37,90400,61,62,749,2,18500,0.205,SALARIED
CUS102461,26,61200,65,45,768,1,12300,0.201,SALARIED
CUS102462,24,31700,14,93,767,0,7900,0.249,SALARIED
CUS102463,40,84200,29,128,798,3,8100,0.096,SALARIED
CUS102464,47,44600,72,21,639,1,15200,0.341,SALARIED
CUS102465,35,102700,22,55,773,1,50100,0.488,SALARIED
CUS102466,26,92000,60,52,770,1,5600,0.061,SALARIED
CUS102467,34,64800,21,72,808,0,13300,0.205,SALARIED
CUS102468,31,193300,21,64,755,1,45100,0.233,SALARIED
CUS102469,59,48700,70,51,778,1,14900,0.306,SALARIED
CUS102470,29,64200,27,119,727,2,11400,0.178,SALARIED
CUS102471,46,51300,25,77,686,1,7400,0.144,SALARIED
CUS102472,36,213000,20,28,737,0,43100,0.202,SALARIED
CUS102473,25,156200,12,17,730,0,28400,0.182,SALARIED
CUS102474,30,44800,31,80,752,1,8900,0.199,SALARIED
CUS102475,23,58600,92,54,850,1,1600,0.03,SALARIED
CUS102476,33,59500,20,120,750,1,15000,0.252,SALARIED
CUS102477,50,66300,65,53,737,2,27400,0.413,SALARIED
CUS102478,26,53200,27,56,737,1,12300,0.231,SALARIED
CUS102479,37,64700,57,37,759,4,19400,0.3,SALARIED
CUS102480,39,133600,27,53,743,0,26600,0.199,SALARIED
CUS102481,55,204100,79,73,746,1,32400,0.159,SALARIED
CUS102482,46,42400,27,47,727,1,21200,0.5,SALARIED
CUS102483,25,53200,29,32,774,2,10600,0.199,SALARIED
CUS102484,49,93600,37,59,685,0,13900,0.149,SALARIED
CUS102485,57,41700,85,70,712,1,6400,0.153,SALARIED
CUS102486,40,94700,40,19,801,1,9600,0.101,SALARIED
CUS102487,41,108400,79,52,719,3,900,0.03,SALARIED
CUS102488,30,116500,71,70,689,2,6400,0.055,SALARIED
CUS102489,25,107000,87,43,745,2,31600,0.295,SALARIED
CUS102490,56,66800,79,180,708,1,27500,0.412,SALARIED
CUS102491,26,78300,34,123,676,3,26900,0.344,SALARIED
CUS102492,46,50000,97,142,785,0,5800,0.116,SALARIED
CUS102493,24,104800,48,70,708,1,26400,0.252,SALARIED
CUS102494,59,174900,48,110,744,1,35300,0.202,SALARIED
CUS102495,59,104700,29,42,730,3,35500,0.339,SALARIED
CUS102496,55,62200,14,48,712,0,2200,0.035,SALARIED
CUS102497,21,133000,14,31,714,0,17600,0.132,SALARIED
CUS102498,44,246500,22,68,734,2,117900,0.478,SALARIED
CUS102499,56,94800,49,47,800,1,10600,0.112,SALARIED
CUS102500,26,109100,54,111,753,3,39100,0.358,SALARIED
CUS102501,51,115300,23,103,818,4,55600,0.482,SALARIED
CUS102502,40,41300,10,63,705,2,2100,0.051,SALARIED
CUS102503,44,70600,41,83,741,0,27500,0.39,SALARIED
CUS102504,45,67500,25,57,670,1,8700,0.129,SALARIED
CUS102505,56,123800,35,46,771,2,7600,0.061,SALARIED
CUS102506,41,117400,52,49,792,0,12700,0.108,SALARIED
CUS102507,50,80500,92,81,775,0,8800,0.109,SALARIED
CUS102508,44,65700,32,50,785,0,3600,0.055,SALARIED
CUS102509,50,39800,42,84,734,1,7600,0.191,SALARIED
CUS102510,42,84400,9,63,759,3,11400,0.135,SALARIED
CUS102511,48,55300,52,74,784,1,6400,0.116,SALARIED
CUS102512,27,52300,107,53,798,2,18300,0.35,SALARIED
CUS102513,55,129000,65,17,735,2,48600,0.377,SALARIED
CUS102514,48,123000,71,119,702,0,15200,0.124,SALARIED
CUS102515,34,68200,13,54,811,0,15200,0.223,SALARIED
CUS102516,30,42000,52,63,740,1,8800,0.21,SALARIED
CUS102517,36,58600,38,74,733,4,5100,0.087,SALARIED
CUS102518,36,132900,6,71,696,1,6300,0.047,SALARIED
CUS102519,51,104900,51,26,730,1,18600,0.177,SALARIED
CUS102520,45,68700,25,122,716,2,8300,0.121,SALARIED
CUS102521,33,87300,19,81,684,1,24200,0.277,SALARIED
CUS102522,26,33400,37,50,690,1,5500,0.165,SALARIED
CUS102523,29,32300,23,83,768,2,14200,0.44,SALARIED
CUS102524,56,206900,34,68,720,1,84000,0.406,SALARIED
CUS102525,40,106800,84,53,743,0,18500,0.173,SALARIED
CUS102526,38,85100,30,44,722,2,26800,0.315,SALARIED
CUS102527,41,71100,57,80,684,1,21200,0.298,SALARIED
CUS102528,24,38500,17,87,800,1,8700,0.226,SALARIED
CUS102529,53,132900,56,122,750,3,16300,0.123,SALARIED
CUS102530,47,51000,45,77,773,2,14400,0.282,SALARIED
CUS102531,27,116700,58,111,758,2,11900,0.102,SALARIED
CUS102532,26,90200,24,159,730,2,20100,0.223,SALARIED
CUS102533,35,83000,48,29,708,1,8500,0.102,SALARIED
CUS102534,38,47300,132,89,646,1,2600,0.055,SALARIED
CUS102535,52,47600,57,103,626,0,5500,0.116,SALARIED
CUS102536,31,101300,38,37,781,1,29300,0.289,SALARIED
CUS102537,40,88100,45,61,791,2,7500,0.085,SALARIED
CUS102538,44,86800,25,46,805,0,10300,0.119,SALARIED
CUS102539,35,96700,48,71,729,3,23900,0.247,SALARIED
CUS102540,27,35600,53,43,698,2,4100,0.115,SALARIED
CUS102541,41,134200,39,57,768,2,26900,0.2,SALARIED
CUS102542,46,72400,18,44,802,1,15300,0.211,SALARIED
CUS102543,34,143900,21,23,830,0,9700,0.067,SALARIED
CUS102544,57,34400,16,61,719,0,14600,0.424,SALARIED
CUS102545,41,109800,23,154,787,0,5100,0.046,SALARIED
CUS102546,38,109300,18,79,761,4,13700,0.125,SALARIED
CUS102547,25,43500,22,59,738,1,5800,0.133,SALARIED
CUS102548,23,63800,18,112,700,0,8500,0.133,SALARIED
CUS102549,43,52800,29,54,805,3,10400,0.197,SALARIED
CUS102550,46,125300,17,52,799,4,45800,0.366,SALARIED
CUS102551,57,97700,38,80,726,0,23000,0.235,SALARIED
CUS102552,44,174500,23,69,776,1,18500,0.106,SALARIED
CUS102553,39,93100,4,78,769,1,18000,0.193,SALARIED
CUS102554,45,118200,40,115,770,0,19200,0.162,SALARIED
CUS102555,41,144000,70,102,684,1,25100,0.174,SALARIED
CUS102556,32,109100,111,108,684,1,32700,0.3,SALARIED
CUS102557,53,71500,48,105,726,2,2300,0.032,SALARIED
CUS102558,24,65800,14,144,757,0,13200,0.201,SALARIED
CUS102559,27,82000,20,66,832,2,24800,0.302,SALARIED
CUS102560,42,121600,47,161,655,1,6100,0.05,SALARIED
CUS102561,53,60200,42,145,797,1,17200,0.286,SALARIED
CUS102562,37,114000,15,59,665,2,22200,0.195,SALARIED
CUS102563,44,98300,92,120,748,1,21900,0.223,SALARIED
CUS102564,54,48400,20,98,634,1,1200,0.03,SALARIED
CUS102565,48,111500,70,19,811,1,26900,0.241,SALARIED
CUS102566,59,90600,15,66,750,0,5900,0.065,SALARIED
CUS102567,42,66300,73,38,758,0,16600,0.25,SALARIED
CUS102568,37,90000,79,71,781,2,3300,0.037,SALARIED
CUS102569,54,67500,21,49,720,0,9500,0.141,SALARIED
CUS102570,26,95000,17,101,640,4,40100,0.422,SALARIED
CUS102571,26,78800,21,58,638,3,18600,0.236,SALARIED
CUS102572,54,42700,123,43,765,2,6200,0.145,SALARIED
CUS102573,21,79900,76,66,720,0,17000,0.213,SALARIED
CUS102574,30,69600,17,101,801,0,32500,0.467,SALARIED
CUS102575,41,113100,49,107,738,1,30500,0.27,SALARIED
CUS102576,25,126300,83,50,772,1,22000,0.174,SALARIED
CUS102577,22,67600,46,66,786,0,33600,0.497,SALARIED
CUS102578,42,59600,14,10,785,1,23300,0.391,SALARIED
CUS102579,22,39900,37,106,722,1,14300,0.358,SALARIED
CUS102580,30,58900,16,41,741,2,4800,0.081,SALARIED
CUS102581,54,73500,48,41,781,1,11900,0.162,SALARIED
CUS102582,36,46500,45,13,749,3,6500,0.14,SALARIED
CUS102583,59,127000,30,31,638,3,10400,0.082,SALARIED
CUS102584,42,95600,13,31,616,2,10500,0.11,SALARIED
CUS102585,32,80500,33,62,702,2,24200,0.301,SALARIED
CUS102586,44,84400,66,75,787,0,19100,0.226,SALARIED
CUS102587,60,97600,20,80,736,3,8000,0.082,SALARIED
CUS102588,58,113000,43,108,823,1,22300,0.197,SALARIED
CUS102589,30,122300,99,23,779,3,20500,0.168,SALARIED
CUS102590,55,74000,120,85,663,1,21800,0.295,SALARIED
CUS102591,52,79700,25,47,791,1,38400,0.482,SALARIED
CUS102592,27,91900,3,80,668,0,2000,0.03,SALARIED
CUS102593,41,78300,63,81,827,3,10900,0.139,SALARIED
CUS102594,40,125900,11,79,764,1,29200,0.232,SALARIED
CUS102595,46,147700,89,35,814,1,24000,0.162,SALARIED
CUS102596,24,99200,73,75,765,1,7900,0.08,SALARIED
CUS102597,42,56500,75,38,734,1,23200,0.411,SALARIED
CUS102598,35,106900,61,55,743,0,8600,0.08,SALARIED
CUS102599,60,101000,22,92,687,0,34300,0.34,SALARIED
CUS102600,41,54400,60,90,747,2,13700,0.252,SALARIED
CUS102601,35,101000,31,107,742,1,17400,0.172,SALARIED
CUS102602,42,66500,19,32,766,2,16200,0.244,SALARIED
CUS102603,48,118900,74,123,723,1,36700,0.309,SALARIED
CUS102604,34,106500,15,75,687,0,39400,0.37,SALARIED
CUS102605,47,94000,46,51,735,1,63600,0.677,SALARIED
CUS102606,60,86500,30,46,689,2,22400,0.259,SALARIED
CUS102607,48,32500,27,27,685,1,3100,0.095,SALARIED
CUS102608,46,49200,23,21,666,2,2900,0.059,SALARIED
CUS102609,22,80100,46,32,728,0,12200,0.152,SALARIED
CUS102610,45,168400,39,55,742,0,45400,0.27,SALARIED
CUS102611,23,109600,50,104,705,1,55300,0.505,SALARIED
CUS102612,28,192300,51,54,755,1,45600,0.237,SALARIED
CUS102613,53,88200,24,160,730,2,30300,0.344,SALARIED
CUS102614,55,83800,17,62,716,1,10900,0.13,SALARIED
CUS102615,26,161400,31,20,795,1,14400,0.089,SALARIED
CUS102616,59,79100,29,132,701,0,18800,0.238,SALARIED
CUS102617,43,54500,21,96,717,0,4500,0.083,SALARIED
CUS102618,45,98000,29,68,752,1,18100,0.185,SALARIED
CUS102619,39,140900,63,25,776,2,5100,0.036,SALARIED
CUS102620,25,58600,67,61,677,1,13000,0.222,SALARIED
CUS102621,31,110800,41,94,742,0,14500,0.131,SALARIED
CUS102622,32,81500,31,111,731,1,27600,0.339,SALARIED
CUS102623,30,104100,51,47,773,0,54000,0.519,SALARIED
CUS102624,28,97900,22,112,701,1,32300,0.33,SALARIED
CUS102625,44,70500,45,34,736,2,9100,0.129,SALARIED
CUS102626,48,81000,54,36,824,1,41700,0.515,SALARIED
CUS102627,56,72500,49,97,712,0,15600,0.215,SALARIED
CUS102628,57,89700,60,58,796,3,16000,0.178,SALARIED
CUS102629,41,58100,32,61,716,1,12500,0.215,SALARIED
CUS102630,28,64700,17,61,728,2,13200,0.204,SALARIED
CUS102631,29,70600,70,94,714,2,12600,0.178,SALARIED
CUS102632,35,101400,38,60,679,1,14400,0.142,SALARIED
CUS102633,60,45000,28,119,680,0,7400,0.164,SALARIED
CUS102634,38,81000,5,44,771,2,14800,0.183,SALARIED
CUS102635,40,61800,26,36,707,3,12400,0.201,SALARIED
CUS102636,26,70600,17,97,695,1,14700,0.208,SALARIED
CUS102637,32,63200,82,81,698,0,16100,0.255,SALARIED
CUS102638,22,92800,10,32,647,2,18900,0.204,SALARIED
CUS102639,27,79200,11,33,700,1,9500,0.12,SALARIED
CUS102640,36,117100,45,46,724,1,16500,0.141,SALARIED
CUS102641,23,101800,25,23,682,0,29700,0.292,SALARIED
CUS102642,23,42600,85,49,752,0,3600,0.085,SALARIED
CUS102643,47,55200,57,31,727,0,12600,0.228,SALARIED
CUS102644,60,78600,44,85,695,3,6000,0.076,SALARIED
CUS102645,58,83400,62,80,744,2,25700,0.308,SALARIED
CUS102646,53,57400,42,147,735,0,22400,0.39,SALARIED
CUS102647,48,152800,66,37,775,3,16100,0.105,SALARIED
CUS102648,21,125400,56,61,662,3,24100,0.192,SALARIED
CUS102649,28,40500,67,17,820,0,13300,0.328,SALARIED
CUS102650,57,99300,70,94,721,0,5500,0.055,SALARIED
CUS102651,52,83300,31,60,779,0,2000,0.03,SALARIED
CUS102652,57,148800,55,51,673,2,35500,0.239,SALARIED
CUS102653,24,41900,31,86,735,3,3100,0.074,SALARIED
CUS102654,50,214800,51,101,714,1,106600,0.496,SALARIED
CUS102655,26,58200,18,81,758,1,19600,0.337,SALARIED
CUS102656,39,100800,59,91,815,0,52400,0.52,SALARIED
CUS102657,52,64700,102,66,738,0,4600,0.071,SALARIED
CUS102658,29,71800,36,115,706,1,22900,0.319,SALARIED
CUS102659,32,39700,38,14,738,0,15300,0.385,SALARIED
CUS102660,31,145700,24,40,613,1,40200,0.276,SALARIED
CUS102661,36,75300,83,68,712,3,18800,0.25,SALARIED
CUS102662,21,77600,45,92,621,0,21900,0.282,SALARIED
CUS102663,41,240600,42,107,788,1,46900,0.195,SALARIED
CUS102664,50,130900,67,41,780,0,40400,0.309,SALARIED
CUS102665,33,62900,84,118,768,1,12700,0.202,SALARIED
CUS102666,54,64600,64,144,690,1,12700,0.197,SALARIED
CUS102667,24,95500,79,61,662,1,14300,0.15,SALARIED
CUS102668,48,120200,76,110,787,2,38200,0.318,SALARIED
CUS102669,58,187000,141,29,850,3,13800,0.074,SALARIED
CUS102670,51,41200,40,64,770,0,15400,0.374,SALARIED
CUS102671,47,117900,24,138,818,0,20700,0.176,SALARIED
CUS102672,25,126700,49,157,746,1,15200,0.12,SALARIED
CUS102673,45,59600,12,79,719,0,14600,0.245,SALARIED
CUS102674,23,72300,32,117,829,0,9800,0.136,SALARIED
CUS102675,53,40800,49,72,732,0,13200,0.324,SALARIED
CUS102676,24,67800,53,63,789,1,10200,0.15,SALARIED
CUS102677,45,94400,37,79,727,0,1300,0.03,SALARIED
CUS102678,40,174200,56,82,719,3,67700,0.389,SALARIED
CUS102679,54,181500,53,31,724,0,59300,0.327,SALARIED
CUS102680,46,53500,20,70,758,0,14700,0.275,SALARIED
CUS102681,25,163800,54,14,712,1,18900,0.115,SALARIED
CUS102682,55,35400,35,45,849,1,6400,0.181,SALARIED
CUS102683,48,65300,74,69,752,3,11900,0.182,SALARIED
CUS102684,49,74200,32,56,725,1,15800,0.213,SALARIED
CUS102685,29,95200,22,56,698,4,12100,0.127,SALARIED
CUS102686,58,89200,41,53,767,0,9500,0.107,SALARIED
CUS102687,26,100200,32,60,611,3,3100,0.031,SALARIED
CUS102688,39,78300,38,94,725,1,17500,0.223,SALARIED
CUS102689,31,130900,10,86,778,0,28100,0.215,SALARIED
CUS102690,22,116000,56,59,672,2,30600,0.264,SALARIED
CUS102691,29,74600,52,62,756,0,12500,0.168,SALARIED
CUS102692,41,124200,85,96,762,0,36100,0.291,SALARIED
CUS102693,44,215600,54,57,719,2,44600,0.207,SALARIED
CUS102694,54,62800,37,93,743,0,11700,0.186,SALARIED
CUS102695,42,180600,18,54,731,1,30700,0.17,SALARIED
CUS102696,23,65400,74,35,684,0,17700,0.271,SALARIED
CUS102697,32,160300,36,42,829,3,23000,0.143,SALARIED
CUS102698,48,66500,20,65,758,1,1500,0.03,SALARIED
CUS102699,50,120000,44,168,729,1,16200,0.135,SALARIED
CUS102700,46,92200,29,33,733,1,10900,0.118,SALARIED
CUS102701,41,38100,31,97,784,3,1300,0.034,SALARIED
CUS102702,48,201300,77,66,637,1,63500,0.315,SALARIED
CUS102703,46,56800,26,107,725,0,28300,0.498,SALARIED
CUS102704,53,48000,67,59,666,1,8500,0.177,SALARIED
CUS102705,41,63700,56,26,776,0,1800,0.03,SALARIED
CUS102706,55,265500,46,50,777,0,17000,0.064,SALARIED
CUS102707,54,48400,34,9,718,1,19400,0.401,SALARIED
CUS102708,38,92100,26,51,761,2,28700,0.312,SALARIED
CUS102709,31,51300,63,113,757,2,10900,0.212,SALARIED
CUS102710,43,55400,55,31,826,0,13100,0.236,SALARIED
CUS102711,42,41400,26,93,766,1,4200,0.101,SALARIED
CUS102712,37,98000,32,57,673,2,37500,0.383,SALARIED
CUS102713,25,79100,97,89,695,1,6200,0.078,SALARIED
CUS102714,31,51100,50,94,741,2,8300,0.162,SALARIED
CUS102715,50,125900,25,32,623,2,13100,0.104,SALARIED
CUS102716,35,132000,59,50,799,0,34000,0.258,SALARIED
CUS102717,47,102100,47,36,755,0,25500,0.25,SALARIED
CUS102718,55,143900,20,24,645,1,9300,0.065,SALARIED
CUS102719,53,72600,47,78,733,0,8700,0.12,SALARIED
CUS102720,40,98300,33,85,850,0,16200,0.165,SALARIED
CUS102721,36,72800,14,64,707,3,26300,0.361,SALARIED
CUS102722,54,43100,33,81,655,0,12500,0.29,SALARIED
CUS102723,22,93800,30,54,705,1,6500,0.069,SALARIED
CUS102724,55,91300,38,51,640,0,25600,0.28,SALARIED
CUS102725,60,83900,37,64,750,1,22300,0.266,SALARIED
CUS102726,48,100600,49,112,678,1,8500,0.084,SALARIED
CUS102727,59,160500,43,130,771,2,50100,0.312,SALARIED
CUS102728,26,77500,72,63,749,2,16500,0.213,SALARIED
CUS102729,29,55300,37,54,699,0,9500,0.172,SALARIED
CUS102730,40,76000,74,95,654,4,10900,0.143,SALARIED
CUS102731,21,79900,80,106,752,1,10000,0.125,SALARIED
CUS102732,28,132300,54,69,739,1,16000,0.121,SALARIED
CUS102733,43,89200,15,158,650,0,8500,0.095,SALARIED
CUS102734,23,50700,38,55,691,3,3100,0.061,SALARIED
CUS102735,24,122100,17,55,649,0,26600,0.218,SALARIED
CUS102736,45,113600,42,59,685,1,32100,0.283,SALARIED
CUS102737,58,89200,77,121,722,1,23900,0.268,SALARIED
CUS102738,35,130200,32,56,699,0,34600,0.266,SALARIED
CUS102739,41,140400,77,61,666,1,46500,0.331,SALARIED
CUS102740,55,71700,46,11,754,0,3000,0.042,SALARIED
CUS102741,34,56700,53,42,764,0,3400,0.06,SALARIED
CUS102742,56,84500,36,32,775,0,33500,0.396,SALARIED
CUS102743,32,108200,29,51,825,2,23600,0.218,SALARIED
CUS102744,37,81100,14,66,757,0,25900,0.319,SALARIED
CUS102745,59,54500,26,56,679,0,10300,0.189,SALARIED
CUS102746,29,91500,54,95,701,0,35800,0.391,SALARIED
CUS102747,55,34000,26,132,754,1,2900,0.085,SALARIED
CUS102748,33,73500,33,61,756,0,700,0.03,SALARIED
CUS102749,35,124700,91,34,686,3,25300,0.203,SALARIED
CUS102750,38,127800,71,78,783,2,24900,0.195,SALARIED
CUS102751,53,30000,59,38,671,4,1300,0.043,SALARIED
CUS102752,26,77900,58,41,651,1,19700,0.253,SALARIED
CUS102753,47,111300,34,120,766,1,16000,0.144,SALARIED
CUS102754,43,50100,71,6,697,0,8300,0.166,SALARIED
CUS102755,47,71900,22,76,705,2,22400,0.312,SALARIED
CUS102756,54,146400,21,82,701,1,54200,0.37,SALARIED
CUS102757,58,68400,31,38,742,0,10900,0.159,SALARIED
CUS102758,34,174500,31,61,714,0,6000,0.034,SALARIED
CUS102759,56,60900,51,24,733,0,10500,0.172,SALARIED
CUS102760,28,160300,46,42,778,2,49800,0.311,SALARIED
CUS102761,55,86300,8,24,707,1,15600,0.181,SALARIED
CUS102762,39,57200,23,144,760,1,5200,0.091,SALARIED
CUS102763,50,160500,59,162,818,2,27300,0.17,SALARIED
CUS102764,34,49400,13,86,673,0,14400,0.291,SALARIED
CUS102765,40,59400,85,180,806,1,5400,0.091,SALARIED
CUS102766,45,106000,42,149,683,0,8500,0.08,SALARIED
CUS102767,60,88100,52,79,692,0,8800,0.1,SALARIED
CUS102768,44,96200,44,27,650,2,20200,0.21,SALARIED
CUS102769,34,72000,25,84,703,0,25100,0.349,SALARIED
CUS102770,46,49500,25,42,754,2,7600,0.154,SALARIED
CUS102771,58,63400,19,99,773,0,4000,0.063,SALARIED
CUS102772,43,154000,41,114,786,2,9500,0.062,SALARIED
CUS102773,42,46600,56,71,619,2,19900,0.427,SALARIED
CUS102774,39,178200,45,71,642,1,18800,0.105,SALARIED
CUS102775,23,98000,86,119,750,2,29000,0.296,SALARIED
CUS102776,39,65000,25,72,763,2,4300,0.066,SALARIED
CUS102777,29,34500,30,92,789,1,11800,0.342,SALARIED
CUS102778,48,36600,58,127,753,0,15300,0.418,SALARIED
CUS102779,40,72400,80,131,668,3,18400,0.254,SALARIED
CUS102780,27,68600,13,56,682,0,33600,0.49,SALARIED
CUS102781,34,89600,13,49,741,0,7800,0.087,SALARIED
CUS102782,29,184200,55,72,654,1,38900,0.211,SALARIED
CUS102783,39,108300,47,31,681,2,34000,0.314,SALARIED
CUS102784,34,80200,30,70,729,0,7300,0.091,SALARIED
CUS102785,58,147000,5,87,720,1,31700,0.216,SALARIED
CUS102786,56,91000,28,160,733,3,37700,0.414,SALARIED
CUS102787,60,174600,19,52,750,1,13800,0.079,SALARIED
CUS102788,37,62800,47,55,656,3,30400,0.484,SALARIED
CUS102789,50,50700,15,89,738,2,10000,0.197,SALARIED
CUS102790,29,34600,57,42,663,2,6300,0.182,SALARIED
CUS102791,53,81100,71,136,729,2,9600,0.118,SALARIED
CUS102792,45,48800,9,48,768,1,5200,0.107,SALARIED
CUS102793,34,48500,29,180,756,1,13500,0.278,SALARIED
CUS102794,31,135400,23,67,679,0,40400,0.298,SALARIED
CUS102795,55,39200,16,55,673,0,8800,0.224,SALARIED
CUS102796,34,89100,30,104,815,1,45000,0.505,SALARIED
CUS102797,50,81900,57,88,775,2,2100,0.03,SALARIED
CUS102798,24,88600,78,82,724,2,16400,0.185,SALARIED
CUS102799,24,158500,20,62,799,2,37300,0.235,SALARIED
CUS102800,48,58600,3,30,727,1,16500,0.282,SALARIED
CUS102801,28,158500,46,102,850,0,11500,0.073,SALARIED
CUS102802,22,38500,65,6,721,2,7500,0.195,SALARIED
CUS102803,42,113900,62,26,850,2,19600,0.172,SALARIED
CUS102804,36,165200,50,105,744,1,87500,0.53,SALARIED
CUS102805,49,30000,12,30,668,3,3800,0.127,SALARIED
CUS102806,50,83700,29,57,737,0,10800,0.129,SALARIED
CUS102807,32,80700,35,127,774,0,1400,0.03,SALARIED
CUS102808,55,87800,19,29,736,3,24400,0.278,SALARIED
CUS102809,31,183600,45,86,703,1,20900,0.114,SALARIED
CUS102810,41,60300,68,58,750,1,6700,0.111,SALARIED
CUS102811,41,49900,65,112,770,1,12700,0.255,SALARIED
CUS102812,25,88100,86,39,697,2,34500,0.392,SALARIED
CUS102813,40,141000,60,43,732,0,5800,0.041,SALARIED
CUS102814,57,109300,67,60,680,1,12500,0.114,SALARIED
CUS102815,23,86300,44,30,755,1,30400,0.352,SALARIED
CUS102816,53,76700,82,59,683,3,4500,0.059,SALARIED
CUS102817,29,34500,40,59,748,0,2700,0.078,SALARIED
CUS102818,29,110600,66,93,798,1,28500,0.258,SALARIED
CUS102819,24,116800,62,57,772,0,4000,0.034,SALARIED
CUS102820,55,62200,95,15,721,2,10400,0.167,SALARIED
CUS102821,37,69000,23,72,663,0,19700,0.286,SALARIED
CUS102822,54,53000,14,31,736,1,7500,0.142,SALARIED
CUS102823,44,125600,39,128,715,2,56600,0.451,SALARIED
CUS102824,52,72100,26,42,736,1,23200,0.322,SALARIED
CUS102825,21,79500,31,65,741,2,14100,0.177,SALARIED
CUS102826,28,112800,40,25,713,2,3000,0.03,SALARIED
CUS102827,43,98500,80,76,697,2,18400,0.187,SALARIED
CUS102828,60,109500,77,29,758,3,13100,0.12,SALARIED
CUS102829,32,92000,15,92,820,1,7700,0.084,SALARIED
CUS102830,32,92900,59,71,745,1,9600,0.103,SALARIED
CUS102831,35,92500,13,44,731,1,15500,0.168,SALARIED
CUS102832,39,104200,70,30,792,1,46600,0.447,SALARIED
CUS102833,46,106500,77,82,721,1,48900,0.459,SALARIED
CUS102834,49,49000,24,37,806,4,7900,0.161,SALARIED
CUS102835,42,65000,41,94,779,0,5600,0.086,SALARIED
CUS102836,60,77600,28,180,585,1,9900,0.128,SALARIED
CUS102837,41,104200,73,33,757,2,26600,0.255,SALARIED
CUS102838,58,174400,73,78,702,2,43100,0.247,SALARIED
CUS102839,40,59000,63,144,778,1,7300,0.124,SALARIED
CUS102840,49,126200,86,129,646,0,18100,0.143,SALARIED
CUS102841,24,65800,20,11,731,0,7500,0.114,SALARIED
CUS102842,27,157500,17,45,726,1,23700,0.15,SALARIED
CUS102843,48,201000,42,71,713,2,11300,0.056,SALARIED
CUS102844,48,38700,16,44,790,0,5400,0.14,SALARIED
CUS102845,24,73400,32,78,850,2,3900,0.053,SALARIED
CUS102846,42,30000,6,63,749,2,9400,0.313,SALARIED
CUS102847,32,39700,37,90,808,1,16400,0.413,SALARIED
CUS102848,23,40900,40,61,809,1,1900,0.046,SALARIED
CUS102849,42,112600,36,90,850,3,23600,0.21,SALARIED
CUS102850,22,103500,48,89,778,1,17500,0.169,SALARIED
CUS102851,44,121900,31,53,780,2,9700,0.08,SALARIED
CUS102852,54,111700,32,43,729,1,12900,0.115,SALARIED
CUS102853,47,105700,41,55,683,1,15300,0.145,SALARIED
CUS102854,21,89400,44,60,798,1,14700,0.164,SALARIED
CUS102855,28,80100,62,87,705,2,8200,0.102,SALARIED
CUS102856,43,134500,14,53,625,0,39400,0.293,SALARIED
CUS102857,58,85500,95,25,819,1,12400,0.145,SALARIED
CUS102858,26,107700,27,93,725,0,9900,0.092,SALARIED
CUS102859,42,30000,20,53,754,3,2700,0.09,SALARIED
CUS102860,45,50100,22,103,675,1,5500,0.11,SALARIED
CUS102861,38,132100,24,58,783,1,25200,0.191,SALARIED
CUS102862,37,62900,17,69,721,1,19900,0.316,SALARIED
CUS102863,32,45400,42,66,745,0,6500,0.143,SALARIED
CUS102864,26,113400,87,135,769,1,59400,0.524,SALARIED
CUS102865,46,85100,9,50,732,0,5000,0.059,SALARIED
CUS102866,47,70800,38,24,696,0,17900,0.253,SALARIED
CUS102867,28,167600,78,94,736,0,4900,0.03,SALARIED
CUS102868,39,155200,40,57,715,2,59600,0.384,SALARIED
CUS102869,21,78100,45,90,587,1,9000,0.115,SALARIED
CUS102870,49,117700,54,30,738,1,29800,0.253,SALARIED
CUS102871,55,31000,51,180,783,0,7800,0.252,SALARIED
CUS102872,60,139000,25,73,635,1,8000,0.058,SALARIED
CUS102873,34,52100,45,98,771,2,10400,0.2,SALARIED
CUS102874,55,44200,61,36,771,1,7100,0.161,SALARIED
CUS102875,40,38100,49,79,802,1,5600,0.147,SALARIED
CUS102876,33,36800,61,122,751,1,1600,0.043,SALARIED
CUS102877,58,138200,53,39,723,1,6900,0.05,SALARIED
CUS102878,28,112900,19,142,735,1,21200,0.188,SALARIED
CUS102879,40,60200,87,39,728,2,2000,0.033,SALARIED
CUS102880,53,124900,114,33,671,1,6900,0.055,SALARIED
CUS102881,46,65000,38,20,714,0,12300,0.189,SALARIED
CUS102882,59,98300,70,180,762,0,9800,0.1,SALARIED
CUS102883,41,68400,56,47,730,2,24900,0.364,SALARIED
CUS102884,29,80500,56,137,710,2,14900,0.185,SALARIED
CUS102885,44,56500,6,78,740,0,19200,0.34,SALARIED
CUS102886,57,60400,24,41,695,0,7200,0.119,SALARIED
CUS102887,37,108600,29,103,744,1,14400,0.133,SALARIED
CUS102888,44,116700,32,110,759,1,46500,0.398,SALARIED
CUS102889,41,70500,29,38,743,2,21100,0.299,SALARIED
CUS102890,59,42800,49,47,679,1,5000,0.117,SALARIED
CUS102891,59,258500,61,34,782,3,30100,0.116,SALARIED
CUS102892,33,86400,45,180,691,0,22100,0.256,SALARIED
CUS102893,31,97800,75,121,737,1,46400,0.474,SALARIED
CUS102894,39,48200,73,44,810,2,14400,0.299,SALARIED
CUS102895,31,146900,17,44,642,2,27800,0.189,SALARIED
CUS102896,33,157300,56,54,689,0,18400,0.117,SALARIED
CUS102897,21,39400,39,61,738,3,11000,0.279,SALARIED
CUS102898,60,81200,32,122,708,0,29100,0.358,SALARIED
CUS102899,39,78400,10,37,653,0,18900,0.241,SALARIED
CUS102900,32,249000,23,38,738,2,88600,0.356,SALARIED
CUS102901,28,162800,22,122,614,3,29900,0.184,SALARIED
CUS102902,28,44200,31,91,850,3,3700,0.084,SALARIED
CUS102903,32,61300,28,81,783,2,13700,0.223,SALARIED
CUS102904,53,56900,90,54,687,1,9800,0.172,SALARIED
CUS102905,46,100500,30,80,718,2,8000,0.08,SALARIED
CUS102906,59,172500,110,47,647,1,4700,0.03,SALARIED
CUS102907,48,89300,65,62,810,1,35100,0.393,SALARIED
CUS102908,25,106500,17,53,743,0,59300,0.557,SALARIED
CUS102909,28,63000,56,28,660,1,18700,0.297,SALARIED
CUS102910,45,106200,18,44,715,1,15500,0.146,SALARIED
CUS102911,47,68700,45,115,774,2,7300,0.106,SALARIED
CUS102912,43,40600,38,76,766,3,3700,0.091,SALARIED
CUS102913,50,103200,14,19,766,1,18500,0.179,SALARIED
CUS102914,43,84600,30,67,742,0,25800,0.305,SALARIED
CUS102915,40,51900,91,80,609,2,18800,0.362,SALARIED
CUS102916,38,178200,76,118,850,2,28200,0.158,SALARIED
CUS102917,38,60200,26,40,716,1,9200,0.153,SALARIED
CUS102918,22,111800,26,45,754,1,11400,0.102,SALARIED
CUS102919,24,72200,64,70,826,0,8700,0.12,SALARIED
CUS102920,50,170200,13,107,748,1,18500,0.109,SALARIED
CUS102921,53,76400,37,24,816,1,24600,0.322,SALARIED
CUS102922,56,40000,33,61,799,2,4400,0.11,SALARIED
CUS102923,38,122400,17,41,822,0,7600,0.062,SALARIED
CUS102924,57,169900,92,106,769,0,37700,0.222,SALARIED
CUS102925,39,70100,49,32,718,1,21600,0.308,SALARIED
CUS102926,48,115400,49,24,708,2,31200,0.27,SALARIED
CUS102927,60,90100,68,26,835,1,20200,0.224,SALARIED
CUS102928,40,71600,45,117,725,1,8300,0.116,SALARIED
CUS102929,53,124100,35,56,788,1,14300,0.115,SALARIED
CUS102930,32,59300,23,39,702,1,7000,0.118,SALARIED
CUS102931,35,86300,75,51,714,2,29700,0.344,SALARIED
CUS102932,59,95400,49,67,745,2,21100,0.221,SALARIED
CUS102933,22,93900,54,32,711,0,23300,0.248,SALARIED
CUS102934,49,60000,23,138,701,4,9700,0.162,SALARIED
CUS102935,30,214700,77,93,719,0,21100,0.098,SALARIED
CUS102936,22,150000,43,37,776,1,13400,0.089,SALARIED
CUS102937,31,132700,49,29,708,4,10500,0.079,SALARIED
CUS102938,33,162000,32,76,737,0,37700,0.233,SALARIED
CUS102939,30,87700,39,80,829,0,7400,0.084,SALARIED
CUS102940,34,71900,23,59,765,2,14000,0.195,SALARIED
CUS102941,38,52100,46,74,808,1,8100,0.155,SALARIED
CUS102942,29,61900,68,58,750,1,27800,0.449,SALARIED
CUS102943,59,53900,43,29,729,1,20100,0.373,SALARIED
CUS102944,48,67000,45,60,819,2,6500,0.097,SALARIED
CUS102945,23,96300,49,27,662,2,20200,0.21,SALARIED
CUS102946,40,128200,49,57,783,2,11700,0.091,SALARIED
CUS102947,26,126700,66,106,806,1,15100,0.119,SALARIED
CUS102948,47,50200,27,75,652,2,6500,0.129,SALARIED
CUS102949,22,115900,16,38,700,2,33200,0.286,SALARIED
CUS102950,49,142200,42,78,749,1,50700,0.357,SALARIED
CUS102951,58,75800,55,45,761,1,13200,0.174,SALARIED
CUS102952,23,145700,75,55,796,0,69600,0.478,SALARIED
CUS102953,36,126100,70,146,674,1,44600,0.354,SALARIED
CUS102954,50,48100,19,59,696,3,18900,0.393,SALARIED
CUS102955,60,227900,55,82,823,1,6500,0.03,SALARIED
CUS102956,22,61600,22,81,781,2,3000,0.049,SALARIED
CUS102957,37,130800,46,34,769,2,66800,0.511,SALARIED
CUS102958,32,128700,18,51,735,1,26100,0.203,SALARIED
CUS102959,55,49000,74,87,732,2,1000,0.03,SALARIED
CUS102960,21,92100,74,55,784,1,41200,0.447,SALARIED
CUS102961,35,128000,55,20,781,1,12000,0.094,SALARIED
CUS102962,46,48800,27,87,741,3,6000,0.123,SALARIED
CUS102963,57,88900,67,38,665,1,19000,0.214,SALARIED
CUS102964,41,132900,45,94,662,1,40100,0.302,SALARIED
CUS102965,51,136800,41,76,780,3,7800,0.057,SALARIED
CUS102966,45,71100,22,44,757,4,14300,0.201,SALARIED
CUS102967,43,170300,67,57,720,3,46200,0.271,SALARIED
CUS102968,44,153000,89,64,653,0,40900,0.267,SALARIED
CUS102969,58,94700,66,48,809,1,8200,0.087,SALARIED
CUS102970,48,63200,53,51,701,0,11000,0.174,SALARIED
CUS102971,41,50300,31,62,714,1,15100,0.3,SALARIED
CUS102972,38,100700,39,62,726,1,27200,0.27,SALARIED
CUS102973,56,164300,24,99,669,0,37200,0.226,SALARIED
CUS102974,55,79600,66,46,660,2,18500,0.232,SALARIED
CUS102975,29,57700,55,66,746,2,3300,0.057,SALARIED
CUS102976,58,123200,20,54,806,0,25500,0.207,SALARIED
CUS102977,50,91900,49,65,850,2,16000,0.174,SALARIED
CUS102978,54,107200,40,56,767,0,14200,0.132,SALARIED
CUS102979,52,67100,41,56,837,2,16000,0.238,SALARIED
CUS102980,23,72000,10,87,770,2,13700,0.19,SALARIED
CUS102981,23,67000,46,93,802,1,16600,0.248,SALARIED
CUS102982,48,106400,39,64,734,1,13600,0.128,SALARIED
CUS102983,35,73000,36,42,754,0,13000,0.178,SALARIED
CUS102984,43,111000,16,48,758,1,39400,0.355,SALARIED
CUS102985,60,64300,67,65,741,4,8200,0.128,SALARIED
CUS102986,31,106300,42,100,717,3,20000,0.188,SALARIED
CUS102987,52,116700,19,30,777,1,5300,0.045,SALARIED
CUS102988,56,98700,49,96,714,1,23500,0.238,SALARIED
CUS102989,53,128400,23,30,759,1,14400,0.112,SALARIED
CUS102990,44,68400,21,122,723,0,9600,0.14,SALARIED
CUS102991,59,116100,29,35,821,4,22500,0.194,SALARIED
CUS102992,54,94400,38,127,803,2,13300,0.141,SALARIED
CUS102993,48,59000,28,21,704,2,12500,0.212,SALARIED
CUS102994,57,36000,85,105,720,1,6900,0.192,SALARIED
CUS102995,27,39700,85,15,718,3,2300,0.058,SALARIED
CUS102996,24,31500,116,51,744,2,1600,0.051,SALARIED
CUS102997,57,103000,18,98,620,2,41400,0.402,SALARIED
CUS102998,21,73400,23,81,760,1,7000,0.095,SALARIED
CUS102999,21,88400,24,50,659,1,31600,0.357,SALARIED
CUS103000,40,78400,51,49,703,0,19800,0.253,SALARIED
CUS103001,39,110400,15,82,770,2,32100,0.291,SALARIED
CUS103002,49,111900,60,62,831,1,14700,0.131,SALARIED
CUS103003,30,86700,40,130,727,1,51500,0.594,SALARIED
CUS103004,38,89000,65,96,759,2,30100,0.338,SALARIED
CUS103005,48,90700,44,75,673,4,2300,0.03,SALARIED
CUS103006,55,159000,33,44,715,1,65200,0.41,SALARIED
CUS103007,51,34500,70,166,691,2,2300,0.067,SALARIED
CUS103008,47,62900,82,77,747,0,10900,0.173,SALARIED
CUS103009,31,125500,29,79,677,2,3600,0.03,SALARIED
CUS103010,58,139900,56,97,799,1,53300,0.381,SALARIED
CUS103011,25,103000,43,88,697,3,29800,0.289,SALARIED
CUS103012,28,78200,62,127,722,1,21400,0.274,SALARIED
CUS103013,54,196400,43,81,695,0,78400,0.399,SALARIED
CUS103014,32,92100,52,75,665,1,13800,0.15,SALARIED
CUS103015,58,86200,33,43,645,1,21000,0.244,SALARIED
CUS103016,21,154800,38,40,605,2,33800,0.218,SALARIED
CUS103017,51,105300,121,39,728,2,30500,0.29,SALARIED
CUS103018,24,129700,42,30,790,2,52000,0.401,SALARIED
CUS103019,25,136800,13,147,708,1,40100,0.293,SALARIED
CUS103020,50,71900,16,106,664,1,10400,0.145,SALARIED
CUS103021,44,188300,26,50,690,2,25800,0.137,SALARIED
CUS103022,23,30000,14,43,718,2,14500,0.483,SALARIED
CUS103023,31,34900,31,122,694,3,7400,0.212,SALARIED
CUS103024,24,62600,41,103,786,3,19200,0.307,SALARIED
CUS103025,46,70300,40,116,806,2,14500,0.206,SALARIED
CUS103026,47,100100,70,36,720,0,60500,0.604,SALARIED
CUS103027,47,62300,45,130,646,2,800,0.03,SALARIED
CUS103028,26,84500,6,44,679,1,8300,0.098,SALARIED
CUS103029,35,77500,51,37,727,2,14700,0.19,SALARIED
CUS103030,50,209500,122,80,660,0,19100,0.091,SALARIED
CUS103031,57,59200,42,130,735,0,22200,0.375,SALARIED
CUS103032,57,39900,66,104,757,1,800,0.03,SALARIED
CUS103033,57,140600,29,51,724,0,14000,0.1,SALARIED
CUS103034,55,61600,52,50,734,2,7700,0.125,SALARIED
CUS103035,43,81600,68,84,682,2,18100,0.222,SALARIED
CUS103036,26,63600,4,70,694,1,3000,0.047,SALARIED
CUS103037,24,118400,37,73,732,2,49700,0.42,SALARIED
CUS103038,38,45800,95,143,705,1,13500,0.295,SALARIED
CUS103039,29,30000,58,95,736,0,3200,0.107,SALARIED
CUS103040,49,152300,69,62,673,1,20800,0.137,SALARIED
CUS103041,33,95000,55,89,653,1,26500,0.279,SALARIED
CUS103042,37,137700,54,113,722,1,8600,0.062,SALARIED
CUS103043,52,150000,22,25,798,0,27100,0.181,SALARIED
CUS103044,42,56300,85,100,647,3,3900,0.069,SALARIED
CUS103045,24,87400,83,96,811,1,3400,0.039,SALARIED
CUS103046,25,106700,33,39,815,1,28400,0.266,SALARIED
CUS103047,57,81000,69,99,631,1,22600,0.279,SALARIED
CUS103048,33,73900,27,43,804,0,5100,0.069,SALARIED
CUS103049,54,77200,63,69,659,0,18200,0.236,SALARIED
CUS103050,42,138400,44,140,759,1,4400,0.032,SALARIED
CUS103051,43,75600,12,92,821,1,24000,0.317,SALARIED
CUS103052,23,111400,30,53,756,1,34800,0.312,SALARIED
CUS103053,54,99400,18,76,764,1,18700,0.188,SALARIED
CUS103054,52,55100,58,33,779,3,6600,0.12,SALARIED
CUS103055,41,97400,78,61,850,3,36600,0.376,SALARIED
CUS103056,41,42500,18,101,702,0,4100,0.096,SALARIED
CUS103057,31,101800,41,123,803,1,25400,0.25,SALARIED
CUS103058,59,126900,40,97,665,0,10200,0.08,SALARIED
CUS103059,24,140800,12,32,668,2,17400,0.124,SALARIED
CUS103060,21,55400,30,32,755,4,6700,0.121,SALARIED
CUS103061,48,66800,67,73,788,2,13200,0.198,SALARIED
CUS103062,44,96600,18,33,769,3,21100,0.218,SALARIED
CUS103063,55,68600,72,57,713,1,3900,0.057,SALARIED
CUS103064,33,35700,63,105,714,0,6800,0.19,SALARIED
CUS103065,54,66600,46,54,688,0,18600,0.279,SALARIED
CUS103066,31,96400,14,25,752,2,13700,0.142,SALARIED
CUS103067,56,137400,29,131,764,0,44700,0.325,SALARIED
CUS103068,37,181800,73,43,797,1,35600,0.196,SALARIED
CUS103069,55,89900,19,28,657,1,8300,0.092,SALARIED
CUS103070,38,109700,15,85,850,1,24600,0.224,SALARIED
CUS103071,60,131000,63,53,673,1,45500,0.347,SALARIED
CUS103072,42,33800,17,74,681,1,11600,0.343,SALARIED
CUS103073,44,53700,21,65,726,0,22600,0.421,SALARIED
CUS103074,39,89000,62,52,735,2,28600,0.321,SALARIED
CUS103075,57,171200,19,61,769,2,85200,0.498,SALARIED
CUS103076,59,112800,23,52,770,1,7300,0.065,SALARIED
CUS103077,41,98600,70,57,771,0,24100,0.244,SALARIED
CUS103078,28,76700,21,33,817,2,20000,0.261,SALARIED
CUS103079,48,103000,25,46,790,0,16900,0.164,SALARIED
CUS103080,25,65000,89,83,664,3,30500,0.469,SALARIED
CUS103081,37,59800,73,57,714,2,22500,0.376,SALARIED
CUS103082,57,62200,23,51,702,2,19700,0.317,SALARIED
CUS103083,56,155400,21,110,725,1,39900,0.257,SALARIED
CUS103084,39,58200,33,35,805,1,12000,0.206,SALARIED
CUS103085,47,71000,47,53,777,1,7500,0.106,SALARIED
CUS103086,54,105100,57,45,729,2,4200,0.04,SALARIED
CUS103087,31,57200,40,124,801,2,3200,0.056,SALARIED
CUS103088,32,94100,32,68,790,1,32000,0.34,SALARIED
CUS103089,41,94100,72,69,659,1,3900,0.041,SALARIED
CUS103090,31,64200,41,60,684,2,23700,0.369,SALARIED
CUS103091,59,75700,44,71,757,2,8600,0.114,SALARIED
CUS103092,48,55600,27,72,727,1,15000,0.27,SALARIED
CUS103093,25,158400,83,106,777,0,63200,0.399,SALARIED
CUS103094,37,95400,33,48,712,1,28400,0.298,SALARIED
CUS103095,40,53000,23,83,780,0,9100,0.172,SALARIED
CUS103096,32,90000,19,49,735,0,35300,0.392,SALARIED
CUS103097,26,91800,21,68,768,1,11100,0.121,SALARIED
CUS103098,37,31000,46,32,757,1,6600,0.213,SALARIED
CUS103099,39,155400,52,143,719,0,47700,0.307,SALARIED
CUS103100,46,54500,91,47,829,2,5600,0.103,SALARIED
CUS103101,52,217700,45,89,720,1,15400,0.071,SALARIED
CUS103102,26,121600,28,78,850,0,26500,0.218,SALARIED
CUS103103,56,51200,103,53,635,3,1700,0.033,SALARIED
CUS103104,58,73800,81,123,676,0,29400,0.398,SALARIED
CUS103105,31,128700,23,56,748,0,26600,0.207,SALARIED
CUS103106,53,76400,15,180,650,1,22700,0.297,SALARIED
CUS103107,44,144400,31,45,706,0,62000,0.429,SALARIED
CUS103108,43,71800,7,46,781,2,17400,0.242,SALARIED
CUS103109,35,82000,16,80,725,0,15900,0.194,SALARIED
CUS103110,47,130300,77,42,775,1,17500,0.134,SALARIED
CUS103111,31,111500,51,34,813,0,4200,0.038,SALARIED
CUS103112,37,56100,39,34,762,1,9400,0.168,SALARIED
CUS103113,34,103300,45,73,679,0,7400,0.072,SALARIED
CUS103114,47,91700,23,72,728,2,9700,0.106,SALARIED
CUS103115,38,56400,51,142,732,1,1200,0.03,SALARIED
CUS103116,48,45500,103,109,743,1,19000,0.418,SALARIED
CUS103117,24,35600,56,54,712,1,10200,0.287,SALARIED
CUS103118,27,74500,16,74,741,3,10300,0.138,SALARIED
CUS103119,55,83000,34,27,784,4,12200,0.147,SALARIED
CUS103120,29,106700,66,83,596,1,12800,0.12,SALARIED
CUS103121,28,123000,24,72,768,3,44900,0.365,SALARIED
CUS103122,37,70600,39,57,698,2,8900,0.126,SALARIED
CUS103123,37,81900,26,33,632,0,14600,0.178,SALARIED
CUS103124,53,60400,81,22,643,0,18000,0.298,SALARIED
CUS103125,52,88400,50,41,758,1,35800,0.405,SALARIED
CUS103126,28,131400,31,28,720,1,73300,0.558,SALARIED
CUS103127,39,89000,49,50,819,1,1300,0.03,SALARIED
CUS103128,58,143500,45,65,813,1,35300,0.246,SALARIED
CUS103129,23,130400,6,71,670,0,15100,0.116,SALARIED
CUS103130,25,163800,25,76,730,2,60500,0.369,SALARIED
CUS103131,33,90100,64,111,812,0,30300,0.336,SALARIED
CUS103132,51,66900,54,149,688,3,2100,0.031,SALARIED
CUS103133,36,112400,32,44,832,0,48600,0.432,SALARIED
CUS103134,52,71900,55,45,729,2,15800,0.22,SALARIED
CUS103135,42,110800,81,163,755,1,33600,0.303,SALARIED
CUS103136,49,63100,33,45,739,1,2900,0.046,SALARIED
CUS103137,42,58500,34,92,746,3,5300,0.091,SALARIED
CUS103138,23,146900,53,103,780,2,20900,0.142,SALARIED
CUS103139,30,53900,47,135,688,3,20100,0.373,SALARIED
CUS103140,41,134600,94,52,744,0,13000,0.097,SALARIED
CUS103141,36,110600,80,119,743,1,39800,0.36,SALARIED
CUS103142,32,88700,21,49,751,2,18200,0.205,SALARIED
CUS103143,22,36300,42,42,799,3,6800,0.187,SALARIED
CUS103144,44,165900,20,58,735,2,25700,0.155,SALARIED
CUS103145,55,55800,32,116,760,1,13000,0.233,SALARIED
CUS103146,50,130500,65,71,826,2,41100,0.315,SALARIED
CUS103147,50,62300,19,105,778,3,19800,0.318,SALARIED
CUS103148,55,60100,97,150,739,2,1100,0.03,SALARIED
CUS103149,39,114800,69,34,712,1,11900,0.104,SALARIED
CUS103150,28,108300,37,32,806,2,21100,0.195,SALARIED
CUS103151,46,50800,25,38,670,1,23800,0.469,SALARIED
CUS103152,60,162300,75,22,763,0,7300,0.045,SALARIED
CUS103153,27,77500,32,41,745,3,28100,0.363,SALARIED
CUS103154,50,87700,41,81,758,3,29400,0.335,SALARIED
CUS103155,27,74400,43,17,785,2,22000,0.296,SALARIED
CUS103156,23,51700,37,44,707,1,4700,0.091,SALARIED
CUS103157,21,118300,37,38,692,2,37500,0.317,SALARIED
CUS103158,56,96800,46,86,663,0,39500,0.408,SALARIED
CUS103159,45,59200,33,72,738,3,12500,0.211,SALARIED
CUS103160,57,130000,20,33,791,3,44600,0.343,SALARIED
CUS103161,21,87100,24,101,694,1,26800,0.308,SALARIED
CUS103162,35,88000,94,74,644,2,32800,0.373,SALARIED
CUS103163,57,189100,30,63,691,0,9700,0.051,SALARIED
CUS103164,33,41200,29,139,762,1,12500,0.303,SALARIED
CUS103165,60,41000,82,46,735,3,10300,0.251,SALARIED
CUS103166,28,45400,16,38,766,1,4600,0.101,SALARIED
CUS103167,25,100100,66,78,777,0,1200,0.03,SALARIED
CUS103168,29,72300,25,30,791,1,13500,0.187,SALARIED
CUS103169,21,75000,19,49,692,0,11900,0.159,SALARIED
CUS103170,56,55600,87,59,832,2,18900,0.34,SALARIED
CUS103171,55,179800,44,83,735,0,30500,0.17,SALARIED
CUS103172,22,209200,21,158,769,2,83300,0.398,SALARIED
CUS103173,60,127400,102,71,738,0,16700,0.131,SALARIED
CUS103174,43,43100,19,61,769,4,14000,0.325,SALARIED
CUS103175,29,68300,45,131,707,2,21000,0.307,SALARIED
CUS103176,54,123300,22,71,699,2,26900,0.218,SALARIED
CUS103177,34,83300,64,91,753,1,7000,0.084,SALARIED
CUS103178,24,127600,61,42,789,0,48300,0.379,SALARIED
CUS103179,50,149000,42,102,808,0,46400,0.311,SALARIED
CUS103180,51,200500,68,28,714,2,85800,0.428,SALARIED
CUS103181,58,63300,14,41,784,1,2700,0.043,SALARIED
CUS103182,31,88200,48,71,754,1,38100,0.432,SALARIED
CUS103183,55,69700,56,62,738,2,23500,0.337,SALARIED
CUS103184,28,34500,20,45,746,0,16800,0.487,SALARIED
CUS103185,23,116600,52,23,733,1,26600,0.228,SALARIED
CUS103186,34,109500,43,43,762,2,36600,0.334,SALARIED
CUS103187,33,66500,75,56,642,1,11300,0.17,SALARIED
CUS103188,52,41400,46,105,651,0,12100,0.292,SALARIED
CUS103189,54,71500,39,112,696,0,11100,0.155,SALARIED
CUS103190,39,118100,20,51,778,2,11200,0.095,SALARIED
CUS103191,58,155200,46,74,758,1,44900,0.289,SALARIED
CUS103192,36,61700,62,69,742,0,11100,0.18,SALARIED
CUS103193,22,139900,99,92,805,1,38000,0.272,SALARIED
CUS103194,60,112500,46,61,710,3,31400,0.279,SALARIED
CUS103195,37,102400,83,122,759,0,34700,0.339,SALARIED
CUS103196,54,47500,41,37,715,0,2500,0.053,SALARIED
CUS103197,36,48400,18,92,718,1,8300,0.171,SALARIED
CUS103198,58,58500,157,85,820,1,6600,0.113,SALARIED
CUS103199,22,73400,58,84,723,0,23100,0.315,SALARIED
CUS103200,22,191100,15,59,748,1,92600,0.485,SALARIED
CUS103201,46,63100,64,141,734,1,13000,0.206,SALARIED
CUS103202,33,120300,31,94,733,2,5700,0.047,SALARIED
CUS103203,51,69000,30,111,762,2,10800,0.157,SALARIED
CUS103204,54,105100,84,85,677,3,11000,0.105,SALARIED
CUS103205,59,82600,23,180,675,1,11800,0.143,SALARIED
CUS103206,23,92000,12,34,731,2,12900,0.14,SALARIED
CUS103207,28,100400,24,73,723,0,10300,0.103,SALARIED
CUS103208,43,76000,60,66,774,2,17900,0.236,SALARIED
CUS103209,34,100600,51,29,789,3,16000,0.159,SALARIED
CUS103210,47,148100,58,147,676,1,39300,0.265,SALARIED
CUS103211,49,60500,72,180,677,1,17500,0.289,SALARIED
CUS103212,59,144900,48,121,718,0,13900,0.096,SALARIED
CUS103213,59,75400,21,120,711,4,18400,0.244,SALARIED
CUS103214,21,71900,29,76,739,2,5500,0.076,SALARIED
CUS103215,37,116400,74,110,787,1,25400,0.218,SALARIED
CUS103216,50,72900,4,57,753,3,8900,0.122,SALARIED
CUS103217,33,98100,59,48,772,0,11900,0.121,SALARIED
CUS103218,41,94100,24,140,710,0,40700,0.433,SALARIED
CUS103219,39,33300,97,48,694,1,1700,0.051,SALARIED
CUS103220,39,102600,15,76,700,1,8700,0.085,SALARIED
CUS103221,45,44400,33,26,718,0,13300,0.3,SALARIED
CUS103222,42,46000,82,45,744,1,1800,0.039,SALARIED
CUS103223,51,100200,65,38,732,1,14900,0.149,SALARIED
CUS103224,37,108200,27,103,704,1,15900,0.147,SALARIED
CUS103225,43,146200,37,88,735,4,6600,0.045,SALARIED
CUS103226,52,52100,94,33,706,0,7500,0.144,SALARIED
CUS103227,30,60900,23,65,668,1,900,0.03,SALARIED
CUS103228,30,104800,65,38,772,2,42400,0.405,SALARIED
CUS103229,56,147500,19,76,732,3,19500,0.132,SALARIED
CUS103230,28,92700,30,78,739,3,36100,0.389,SALARIED
CUS103231,40,57300,45,37,749,0,4400,0.077,SALARIED
CUS103232,52,167400,40,84,726,1,38900,0.232,SALARIED
CUS103233,34,75500,53,47,751,3,16700,0.221,SALARIED
CUS103234,48,76600,34,56,842,1,26700,0.349,SALARIED
CUS103235,44,44500,35,180,798,2,11300,0.254,SALARIED
CUS103236,35,117700,40,110,696,0,36200,0.308,SALARIED
CUS103237,42,124800,37,146,638,2,20700,0.166,SALARIED
CUS103238,50,61900,93,42,789,2,14900,0.241,SALARIED
CUS103239,24,186900,31,100,762,0,29800,0.159,SALARIED
CUS103240,33,65300,40,66,764,2,8300,0.127,SALARIED
CUS103241,43,112600,133,50,704,3,56500,0.502,SALARIED
CUS103242,28,94000,52,30,701,1,53600,0.57,SALARIED
CUS103243,38,34200,10,70,744,1,6200,0.181,SALARIED
CUS103244,32,108600,43,55,754,0,10800,0.099,SALARIED
CUS103245,51,104300,62,37,848,0,12200,0.117,SALARIED
CUS103246,34,38400,51,12,780,2,2000,0.052,SALARIED
CUS103247,54,168900,65,111,749,1,8500,0.05,SALARIED
CUS103248,38,104500,104,42,583,1,22400,0.214,SALARIED
CUS103249,54,148500,44,86,749,2,31800,0.214,SALARIED
CUS103250,31,39300,21,66,743,0,5600,0.142,SALARIED
CUS103251,32,70700,24,49,673,1,11400,0.161,SALARIED
CUS103252,35,144600,36,123,769,1,81400,0.563,SALARIED
CUS103253,51,42000,102,30,807,1,24200,0.576,SALARIED
CUS103254,49,71600,29,77,842,0,15700,0.219,SALARIED
CUS103255,46,102100,45,40,742,1,38400,0.376,SALARIED
CUS103256,38,36200,67,32,705,3,3800,0.105,SALARIED
CUS103257,52,46900,20,88,803,0,4500,0.096,SALARIED
CUS103258,42,158300,107,67,693,5,62100,0.392,SALARIED
CUS103259,58,87300,70,76,745,0,20500,0.235,SALARIED
CUS103260,37,144300,85,26,671,0,47800,0.331,SALARIED
CUS103261,43,92300,24,24,797,2,16700,0.181,SALARIED
CUS103262,44,256700,42,64,702,1,79800,0.311,SALARIED
CUS103263,28,103600,59,60,784,1,6500,0.063,SALARIED
CUS103264,26,150500,36,94,739,1,24400,0.162,SALARIED
CUS103265,25,76100,10,119,767,3,23000,0.302,SALARIED
CUS103266,49,93500,55,78,719,1,11200,0.12,SALARIED
CUS103267,48,113500,21,71,753,3,12700,0.112,SALARIED
CUS103268,31,122300,55,113,787,1,4900,0.04,SALARIED
CUS103269,21,83500,24,138,709,1,12400,0.149,SALARIED
CUS103270,39,85100,47,33,756,0,27200,0.32,SALARIED
CUS103271,29,106500,45,62,804,2,9100,0.085,SALARIED
CUS103272,47,106500,18,53,687,0,2400,0.03,SALARIED
CUS103273,54,53600,18,91,699,1,23300,0.435,SALARIED
CUS103274,24,94100,116,56,696,1,34200,0.363,SALARIED
CUS103275,56,98200,37,55,723,1,5000,0.051,SALARIED
CUS103276,38,54800,23,76,655,1,23600,0.431,SALARIED
CUS103277,35,127800,64,88,741,0,40200,0.315,SALARIED
CUS103278,33,102300,28,53,832,2,13800,0.135,SALARIED
CUS103279,39,242600,49,66,742,3,28700,0.118,SALARIED
CUS103280,26,84000,51,28,850,0,17600,0.21,SALARIED
CUS103281,32,141700,58,55,650,3,78600,0.555,SALARIED
CUS103282,57,108300,20,43,669,0,21200,0.196,SALARIED
CUS103283,37,201800,86,63,643,2,25000,0.124,SALARIED
CUS103284,43,54900,37,63,592,1,5700,0.104,SALARIED
CUS103285,46,68000,44,130,740,4,16300,0.24,SALARIED
CUS103286,49,55800,33,75,673,1,14400,0.258,SALARIED
CUS103287,53,82100,56,67,615,2,30900,0.376,SALARIED
CUS103288,47,51200,71,56,716,2,10500,0.205,SALARIED
CUS103289,45,42800,21,84,736,2,4500,0.105,SALARIED
CUS103290,30,32500,51,35,753,2,5000,0.154,SALARIED
CUS103291,43,31600,34,50,726,1,11300,0.358,SALARIED
CUS103292,41,114200,53,83,766,0,38200,0.335,SALARIED
CUS103293,41,69200,45,40,683,0,10600,0.153,SALARIED
CUS103294,33,48800,62,73,679,1,7000,0.143,SALARIED
CUS103295,57,63200,50,99,804,1,28900,0.457,SALARIED
CUS103296,53,67000,15,32,825,3,5200,0.078,SALARIED
CUS103297,44,55100,75,54,661,0,14700,0.267,SALARIED
CUS103298,31,175100,33,39,748,2,34600,0.198,SALARIED
CUS103299,37,160800,61,46,686,1,16700,0.104,SALARIED
CUS103300,24,173700,25,59,680,0,3500,0.03,SALARIED
CUS103301,45,92100,16,79,748,0,25900,0.281,SALARIED
CUS103302,50,96400,69,127,750,2,1900,0.03,SALARIED
CUS103303,29,63400,44,58,711,3,13900,0.219,SALARIED
CUS103304,41,58100,33,68,715,0,28900,0.497,SALARIED
CUS103305,40,85800,28,37,674,2,28800,0.336,SALARIED
CUS103306,39,114000,66,69,797,2,54700,0.48,SALARIED
CUS103307,39,145600,82,102,730,2,16100,0.111,SALARIED
CUS103308,32,66500,100,90,684,2,17200,0.259,SALARIED
CUS103309,57,48400,16,25,732,0,17500,0.362,SALARIED
CUS103310,37,118300,31,62,717,0,27300,0.231,SALARIED
CUS103311,57,37500,64,31,692,0,11000,0.293,SALARIED
CUS103312,59,83500,23,125,687,1,27300,0.327,SALARIED
CUS103313,48,88500,56,48,680,5,16000,0.181,SALARIED
CUS103314,55,71700,126,83,674,3,15500,0.216,SALARIED
CUS103315,38,42400,24,79,738,1,5800,0.137,SALARIED
CUS103316,34,72100,48,84,716,1,12000,0.166,SALARIED
CUS103317,55,178000,7,97,847,2,24300,0.137,SALARIED
CUS103318,27,110900,35,47,771,1,16300,0.147,SALARIED
CUS103319,33,143400,48,59,750,2,26700,0.186,SALARIED
CUS103320,38,49200,49,133,718,0,12400,0.252,SALARIED
CUS103321,57,95400,49,143,717,1,35000,0.367,SALARIED
CUS103322,33,88400,20,102,655,3,48900,0.553,SALARIED
CUS103323,56,89200,34,82,669,1,15800,0.177,SALARIED
CUS103324,51,109200,34,63,675,2,15600,0.143,SALARIED
CUS103325,22,90800,54,112,646,3,23200,0.256,SALARIED
CUS103326,36,49800,92,74,730,0,17500,0.351,SALARIED
CUS103327,29,112000,4,100,646,0,37200,0.332,SALARIED
CUS103328,29,124100,40,141,752,1,5300,0.043,SALARIED
CUS103329,58,153900,63,158,725,1,69200,0.45,SALARIED
CUS103330,31,157000,82,93,822,0,26500,0.169,SALARIED
CUS103331,42,105300,50,104,750,0,24800,0.236,SALARIED
CUS103332,53,50800,95,41,673,1,7100,0.14,SALARIED
CUS103333,56,42700,16,31,660,1,8900,0.208,SALARIED
CUS103334,43,76700,14,78,817,1,22400,0.292,SALARIED
CUS103335,54,128600,17,82,686,3,23200,0.18,SALARIED
CUS103336,29,124900,39,105,698,5,74400,0.596,SALARIED
CUS103337,44,96200,78,41,714,0,15100,0.157,SALARIED
CUS103338,28,83600,37,20,732,4,14500,0.173,SALARIED
CUS103339,27,200200,19,65,818,0,34700,0.173,SALARIED
CUS103340,56,110100,53,25,744,1,22900,0.208,SALARIED
CUS103341,38,81700,81,36,739,4,21000,0.257,SALARIED
CUS103342,23,63600,85,82,730,0,21400,0.336,SALARIED
CUS103343,48,54000,76,63,739,1,7100,0.131,SALARIED
CUS103344,26,51600,66,27,780,0,6700,0.13,SALARIED
CUS103345,41,54000,31,47,707,1,21300,0.394,SALARIED
CUS103346,48,96500,47,60,707,2,12500,0.13,SALARIED
CUS103347,60,84300,79,42,788,1,3500,0.042,SALARIED
CUS103348,21,73400,31,74,704,0,14200,0.193,SALARIED
CUS103349,56,118400,70,28,699,1,17400,0.147,SALARIED
CUS103350,41,191900,90,107,803,0,26400,0.138,SALARIED
CUS103351,55,58700,25,116,718,1,16500,0.281,SALARIED
CUS103352,33,62800,60,107,729,0,2100,0.033,SALARIED
CUS103353,30,31300,18,129,716,2,3100,0.099,SALARIED
CUS103354,30,84000,44,51,706,0,28300,0.337,SALARIED
CUS103355,33,80300,99,71,718,1,11500,0.143,SALARIED
CUS103356,57,127000,23,103,720,1,22900,0.18,SALARIED
CUS103357,58,81700,15,120,784,2,10000,0.122,SALARIED
CUS103358,44,65200,48,44,686,0,21600,0.331,SALARIED
CUS103359,22,92700,26,98,842,0,7700,0.083,SALARIED
CUS103360,42,109200,78,92,698,5,34500,0.316,SALARIED
CUS103361,37,41000,93,37,783,0,10000,0.244,SALARIED
CUS103362,56,133700,32,107,657,2,27800,0.208,SALARIED
CUS103363,34,153000,28,57,698,0,11100,0.073,SALARIED
CUS103364,30,108700,22,54,723,1,20200,0.186,SALARIED
CUS103365,55,55800,30,83,687,1,4600,0.082,SALARIED
CUS103366,45,73400,15,33,767,1,6700,0.091,SALARIED
CUS103367,23,144700,11,74,766,0,17600,0.122,SALARIED
CUS103368,58,54700,42,35,696,1,5900,0.108,SALARIED
CUS103369,37,112800,70,109,635,3,6500,0.058,SALARIED
CUS103370,32,83100,60,56,769,0,19200,0.231,SALARIED
CUS103371,44,91400,28,50,739,0,7700,0.084,SALARIED
CUS103372,49,58400,79,53,708,1,7300,0.125,SALARIED
CUS103373,45,98600,38,57,703,3,34500,0.35,SALARIED
CUS103374,56,95500,9,53,696,2,9600,0.101,SALARIED
CUS103375,46,43100,52,133,782,0,4700,0.109,SALARIED
CUS103376,58,84800,28,143,717,0,36600,0.432,SALARIED
CUS103377,21,112000,58,68,811,1,22300,0.199,SALARIED
CUS103378,40,71500,39,47,850,1,8900,0.124,SALARIED
CUS103379,48,30000,67,102,771,2,2500,0.083,SALARIED
CUS103380,36,80700,76,61,850,2,10800,0.134,SALARIED
CUS103381,37,164400,34,44,774,3,44300,0.269,SALARIED
CUS103382,60,72800,26,93,715,0,12600,0.173,SALARIED
CUS103383,48,161700,31,103,825,1,21000,0.13,SALARIED
CUS103384,32,59000,27,78,726,1,9000,0.153,SALARIED
CUS103385,47,50400,36,39,850,0,19700,0.391,SALARIED
CUS103386,50,84800,45,103,707,2,23000,0.271,SALARIED
CUS103387,54,58700,55,33,786,2,6500,0.111,SALARIED
CUS103388,57,98600,46,122,735,1,23700,0.24,SALARIED
CUS103389,26,71900,37,69,676,2,15400,0.214,SALARIED
CUS103390,27,165000,54,77,686,2,48400,0.293,SALARIED
CUS103391,52,69700,32,41,603,2,8200,0.118,SALARIED
CUS103392,52,88500,36,88,731,1,11200,0.127,SALARIED
CUS103393,45,111200,23,53,764,1,54400,0.489,SALARIED
CUS103394,53,130700,8,180,616,3,63600,0.487,SALARIED
CUS103395,27,165400,38,103,564,0,62900,0.38,SALARIED
CUS103396,32,76500,40,117,686,3,20000,0.261,SALARIED
CUS103397,36,71000,28,63,741,0,20400,0.287,SALARIED
CUS103398,36,35900,55,97,680,1,3000,0.084,SALARIED
CUS103399,56,213000,112,93,744,1,67600,0.317,SALARIED
CUS103400,33,100000,21,100,703,0,21900,0.219,SALARIED
CUS103401,27,119200,67,55,658,1,15400,0.129,SALARIED
CUS103402,56,109200,60,58,775,0,13300,0.122,SALARIED
CUS103403,29,86900,21,27,752,3,18000,0.207,SALARIED
CUS103404,52,99500,20,48,714,2,3200,0.032,SALARIED
CUS103405,31,66100,16,53,632,0,2500,0.038,SALARIED
CUS103406,28,74200,95,77,705,2,13500,0.182,SALARIED
CUS103407,53,55400,100,84,685,2,4700,0.085,SALARIED
CUS103408,43,171300,96,24,704,2,22200,0.13,SALARIED
CUS103409,45,109400,66,54,687,1,15800,0.144,SALARIED
CUS103410,28,206800,42,47,716,3,59500,0.288,SALARIED
CUS103411,42,238900,44,114,715,1,73400,0.307,SALARIED
CUS103412,24,45200,10,52,782,1,4800,0.106,SALARIED
CUS103413,60,132400,25,56,695,0,7900,0.06,SALARIED
CUS103414,23,46100,27,117,739,0,4300,0.093,SALARIED
CUS103415,49,92100,18,118,684,1,22300,0.242,SALARIED
CUS103416,49,97900,50,65,695,0,43500,0.444,SALARIED
CUS103417,54,47600,33,110,699,0,11800,0.248,SALARIED
CUS103418,54,61000,33,71,784,1,12200,0.2,SALARIED
CUS103419,48,100000,52,25,714,1,36900,0.369,SALARIED
CUS103420,33,92000,38,39,725,3,10300,0.112,SALARIED
CUS103421,35,53800,42,81,708,2,16900,0.314,SALARIED
CUS103422,43,62100,18,82,727,2,22000,0.354,SALARIED
CUS103423,46,43400,19,99,725,0,5400,0.124,SALARIED
CUS103424,24,49500,15,70,705,3,2700,0.055,SALARIED
CUS103425,46,71900,95,85,627,2,21000,0.292,SALARIED
CUS103426,60,132600,69,41,702,0,14300,0.108,SALARIED
CUS103427,29,140300,32,156,741,2,18500,0.132,SALARIED
CUS103428,25,194000,35,125,772,1,72700,0.375,SALARIED
CUS103429,52,102900,85,42,650,3,15700,0.153,SALARIED
CUS103430,40,92500,37,43,660,1,18100,0.196,SALARIED
CUS103431,31,106200,38,84,701,1,18000,0.169,SALARIED
CUS103432,35,105800,42,64,709,0,25900,0.245,SALARIED
CUS103433,52,41100,39,107,611,1,4600,0.112,SALARIED
CUS103434,48,198900,14,73,734,1,73400,0.369,SALARIED
CUS103435,42,35600,27,132,786,2,1100,0.031,SALARIED
CUS103436,37,142500,20,67,691,0,43700,0.307,SALARIED
CUS103437,46,87200,27,105,724,0,9700,0.111,SALARIED
CUS103438,27,52100,47,74,749,2,15400,0.296,SALARIED
CUS103439,46,108000,56,69,724,0,11400,0.106,SALARIED
CUS103440,45,80600,38,72,698,1,15100,0.187,SALARIED
CUS103441,30,62500,28,10,700,1,12400,0.198,SALARIED
CUS103442,39,45600,24,52,730,5,9300,0.204,SALARIED
CUS103443,31,44000,34,59,770,2,3100,0.07,SALARIED
CUS103444,33,64600,42,88,733,0,4300,0.067,SALARIED
CUS103445,28,71400,5,101,780,0,9900,0.139,SALARIED
CUS103446,60,49300,23,65,722,2,8300,0.168,SALARIED
CUS103447,24,86500,36,104,723,3,12000,0.139,SALARIED
CUS103448,51,52600,24,119,799,0,13800,0.262,SALARIED
CUS103449,48,100000,57,53,683,2,37100,0.371,SALARIED
CUS103450,31,147900,28,63,772,1,65900,0.446,SALARIED
CUS103451,21,96800,33,73,746,1,11200,0.116,SALARIED
CUS103452,58,81500,44,45,699,2,13300,0.163,SALARIED
CUS103453,44,66800,65,71,672,3,15200,0.228,SALARIED
CUS103454,51,162900,33,92,732,1,39400,0.242,SALARIED
CUS103455,46,77900,28,123,740,1,9700,0.125,SALARIED
CUS103456,25,260700,57,65,809,1,46700,0.179,SALARIED
CUS103457,40,49900,26,97,741,2,6500,0.13,SALARIED
CUS103458,31,96800,20,56,645,1,6400,0.066,SALARIED
CUS103459,53,160500,34,45,746,0,2000,0.03,SALARIED
CUS103460,58,62300,40,124,802,0,12000,0.193,SALARIED
CUS103461,47,76400,100,67,738,2,23000,0.301,SALARIED
CUS103462,54,112700,19,70,750,1,5900,0.052,SALARIED
CUS103463,35,101200,23,45,628,2,42100,0.416,SALARIED
CUS103464,52,109300,47,55,787,1,11500,0.105,SALARIED
CUS103465,41,143300,42,101,687,2,47600,0.332,SALARIED
CUS103466,25,72700,78,60,663,1,17800,0.245,SALARIED
CUS103467,26,162300,18,76,697,3,40700,0.251,SALARIED
CUS103468,58,39200,61,20,738,0,3200,0.082,SALARIED
CUS103469,42,138000,54,113,691,3,3200,0.03,SALARIED
CUS103470,38,142400,18,61,768,1,31100,0.218,SALARIED
CUS103471,34,60000,34,94,660,2,5900,0.098,SALARIED
CUS103472,30,44300,25,77,738,0,8900,0.201,SALARIED
CUS103473,33,76600,18,72,683,0,24500,0.32,SALARIED
CUS103474,51,101900,54,92,716,2,23500,0.231,SALARIED
CUS103475,50,73100,77,94,802,1,10500,0.144,SALARIED
CUS103476,23,106500,49,60,747,1,28100,0.264,SALARIED
CUS103477,50,203300,28,81,738,3,50400,0.248,SALARIED
CUS103478,26,46000,39,158,676,1,8000,0.174,SALARIED
CUS103479,49,35300,69,33,716,1,14800,0.419,SALARIED
CUS103480,28,82400,90,49,697,0,11400,0.138,SALARIED
CUS103481,53,62600,34,35,617,1,7700,0.123,SALARIED
CUS103482,37,68500,54,55,749,1,7500,0.109,SALARIED
CUS103483,31,150300,43,53,662,1,50900,0.339,SALARIED
CUS103484,33,80500,18,91,713,0,4800,0.06,SALARIED
CUS103485,31,83900,61,36,741,1,17000,0.203,SALARIED
CUS103486,51,69800,53,96,693,0,14800,0.212,SALARIED
CUS103487,48,83500,70,87,671,4,12700,0.152,SALARIED
CUS103488,26,95900,44,21,760,0,15100,0.157,SALARIED
CUS103489,36,297600,25,65,648,1,13800,0.046,SALARIED
CUS103490,24,96400,36,66,683,0,15200,0.158,SALARIED
CUS103491,55,143400,28,79,732,0,40500,0.282,SALARIED
CUS103492,46,92400,41,49,722,1,12900,0.14,SALARIED
CUS103493,32,34100,38,155,712,3,8300,0.243,SALARIED
CUS103494,31,65900,104,53,806,2,7600,0.115,SALARIED
CUS103495,57,96400,133,32,760,1,12300,0.128,SALARIED
CUS103496,45,117700,18,76,771,1,29500,0.251,SALARIED
CUS103497,38,93400,39,99,691,2,6100,0.065,SALARIED
CUS103498,39,128600,55,62,816,1,18300,0.142,SALARIED
CUS103499,43,44100,24,39,695,3,9700,0.22,SALARIED
CUS103500,58,86900,40,83,748,1,4200,0.048,SALARIED
CUS103501,38,154500,39,43,746,1,43500,0.282,SALARIED
CUS103502,46,54900,76,59,695,0,6200,0.113,SALARIED
CUS103503,26,140700,77,73,663,1,29000,0.206,SALARIED
CUS103504,24,137500,26,59,717,1,53300,0.388,SALARIED
CUS103505,49,48700,43,144,702,2,3100,0.064,SALARIED
CUS103506,54,99000,47,111,659,1,16400,0.166,SALARIED
CUS103507,37,91300,8,180,693,0,36500,0.4,SALARIED
CUS103508,36,78500,33,28,769,3,18100,0.231,SALARIED
CUS103509,22,42800,7,75,686,0,10500,0.245,SALARIED
CUS103510,54,75500,42,96,766,2,16500,0.219,SALARIED
CUS103511,28,79200,26,69,754,0,6700,0.085,SALARIED
CUS103512,33,39600,48,112,747,0,10000,0.253,SALARIED
CUS103513,28,47200,35,70,846,1,13900,0.294,SALARIED
CUS103514,50,56000,54,54,690,1,29000,0.518,SALARIED
CUS103515,52,53000,102,48,750,0,12100,0.228,SALARIED
CUS103516,56,98400,20,8,727,2,17700,0.18,SALARIED
CUS103517,50,128100,46,20,728,2,60300,0.471,SALARIED
CUS103518,21,73900,37,50,583,2,28200,0.382,SALARIED
CUS103519,59,120000,52,79,691,1,61200,0.51,SALARIED
CUS103520,37,130500,43,71,701,1,36900,0.283,SALARIED
CUS103521,40,81800,24,44,727,2,27800,0.34,SALARIED
CUS103522,44,102100,49,180,650,4,49800,0.488,SALARIED
CUS103523,42,76900,42,67,718,1,10200,0.133,SALARIED
CUS103524,49,51300,41,104,680,2,11100,0.216,SALARIED
CUS103525,42,60700,38,28,673,0,10400,0.171,SALARIED
CUS103526,29,98400,59,80,626,1,26200,0.266,SALARIED
CUS103527,57,80500,30,111,646,4,13300,0.165,SALARIED
CUS103528,30,118400,51,25,704,3,49100,0.415,SALARIED
CUS103529,56,36400,41,57,777,1,1600,0.044,SALARIED
CUS103530,57,40500,34,112,721,1,2300,0.057,SALARIED
CUS103531,48,42700,41,106,726,0,10500,0.246,SALARIED
CUS103532,48,91600,56,59,751,0,9800,0.107,SALARIED
CUS103533,41,45700,114,73,678,2,6400,0.14,SALARIED
CUS103534,44,98200,44,54,663,3,50800,0.517,SALARIED
CUS103535,60,119300,39,68,748,2,10700,0.09,SALARIED
CUS103536,22,168200,37,112,716,2,20400,0.121,SALARIED
CUS103537,28,160000,28,64,763,1,27400,0.171,SALARIED
CUS103538,47,62200,90,147,689,0,1800,0.03,SALARIED
CUS103539,42,40100,156,61,776,3,6300,0.157,SALARIED
CUS103540,57,64000,34,52,675,1,8800,0.138,SALARIED
CUS103541,47,131900,26,74,736,1,19000,0.144,SALARIED
CUS103542,49,71300,14,48,761,1,21200,0.297,SALARIED
CUS103543,23,84100,115,114,679,0,7300,0.087,SALARIED
CUS103544,33,66200,69,37,652,0,29000,0.438,SALARIED
CUS103545,30,173200,35,87,683,3,13800,0.08,SALARIED
CUS103546,56,53800,57,42,719,2,15900,0.296,SALARIED
CUS103547,29,87600,38,25,711,1,36100,0.412,SALARIED
CUS103548,47,140000,25,44,799,0,9800,0.07,SALARIED
CUS103549,54,194700,65,46,681,3,44600,0.229,SALARIED
CUS103550,21,62200,67,78,786,5,11600,0.186,SALARIED
CUS103551,52,131000,16,64,780,0,15400,0.118,SALARIED
CUS103552,45,64000,14,82,718,0,27800,0.434,SALARIED
CUS103553,49,158000,56,103,632,1,65900,0.417,SALARIED
CUS103554,27,185100,17,65,682,0,14300,0.077,SALARIED
CUS103555,23,57000,23,33,772,2,14400,0.253,SALARIED
CUS103556,40,114100,56,45,717,1,23500,0.206,SALARIED
CUS103557,40,140300,49,72,790,0,20000,0.143,SALARIED
CUS103558,50,74500,37,40,724,2,2700,0.036,SALARIED
CUS103559,55,108800,33,42,665,0,36100,0.332,SALARIED
CUS103560,55,111300,28,55,736,0,5700,0.051,SALARIED
CUS103561,59,210000,19,69,833,1,49900,0.238,SALARIED
CUS103562,47,35000,49,56,694,0,2700,0.077,SALARIED
CUS103563,46,82900,32,13,811,1,16800,0.203,SALARIED
CUS103564,34,48400,15,46,850,2,23100,0.477,SALARIED
CUS103565,37,85500,38,93,685,1,20800,0.243,SALARIED
CUS103566,38,59800,24,80,641,2,20800,0.348,SALARIED
CUS103567,49,75800,14,49,675,1,4700,0.062,SALARIED
CUS103568,40,57400,22,97,676,2,9900,0.172,SALARIED
CUS103569,47,91200,22,114,696,2,2500,0.03,SALARIED
CUS103570,38,137800,59,87,738,0,20000,0.145,SALARIED
CUS103571,24,71900,67,62,623,2,11800,0.164,SALARIED
CUS103572,21,161800,18,74,723,2,38200,0.236,SALARIED
CUS103573,21,136000,48,39,759,1,49900,0.367,SALARIED
CUS103574,46,212300,15,53,733,1,9200,0.043,SALARIED
CUS103575,40,102300,29,35,769,2,4200,0.041,SALARIED
CUS103576,43,82700,93,121,758,2,28600,0.346,SALARIED
CUS103577,30,41600,32,30,814,2,10100,0.243,SALARIED
CUS103578,31,59800,62,65,685,1,8400,0.14,SALARIED
CUS103579,25,77400,32,53,850,2,7700,0.099,SALARIED
CUS103580,21,81600,44,20,686,0,16200,0.199,SALARIED
CUS103581,37,244600,30,102,676,1,4000,0.03,SALARIED
CUS103582,42,77400,35,47,725,2,20300,0.262,SALARIED
CUS103583,54,38400,102,22,741,3,9500,0.247,SALARIED
CUS103584,49,114600,79,44,747,1,53300,0.465,SALARIED
CUS103585,24,111700,34,57,803,3,9500,0.085,SALARIED
CUS103586,25,69100,50,41,848,0,16200,0.234,SALARIED
CUS103587,31,221400,69,45,749,3,53800,0.243,SALARIED
CUS103588,41,36200,69,75,832,1,8100,0.224,SALARIED
CUS103589,55,149100,51,70,795,0,14300,0.096,SALARIED
CUS103590,32,74600,8,96,624,0,6100,0.082,SALARIED
CUS103591,46,55400,95,48,767,2,5800,0.105,SALARIED
CUS103592,39,250300,67,87,612,0,57000,0.228,SALARIED
CUS103593,27,118400,37,47,793,1,48800,0.412,SALARIED
CUS103594,27,74300,45,139,766,1,7600,0.102,SALARIED
CUS103595,46,73600,67,127,787,2,10500,0.143,SALARIED
CUS103596,60,96200,81,70,657,0,34700,0.361,SALARIED
CUS103597,25,69000,34,46,765,0,9400,0.136,SALARIED
CUS103598,41,152500,27,63,749,0,33300,0.218,SALARIED
CUS103599,34,88400,36,138,699,3,12400,0.14,SALARIED
CUS103600,24,134400,57,44,750,3,4500,0.033,SALARIED
CUS103601,43,93300,32,111,687,0,26500,0.284,SALARIED
CUS103602,40,125700,14,30,702,1,11600,0.092,SALARIED
CUS103603,35,155700,46,93,786,2,16000,0.103,SALARIED
CUS103604,49,181100,57,52,726,0,17000,0.094,SALARIED
CUS103605,28,106000,49,50,749,2,25600,0.242,SALARIED
CUS103606,39,57600,50,54,737,2,9100,0.158,SALARIED
CUS103607,59,78600,63,157,754,1,6100,0.078,SALARIED
CUS103608,48,84000,71,108,738,0,14300,0.17,SALARIED
CUS103609,47,65700,57,88,616,1,2000,0.03,SALARIED
CUS103610,24,60900,50,177,686,1,11000,0.181,SALARIED
CUS103611,35,91900,53,40,701,2,6100,0.066,SALARIED
CUS103612,55,54600,18,32,630,1,7000,0.128,SALARIED
CUS103613,57,50000,23,47,737,1,4800,0.096,SALARIED
CUS103614,21,39700,132,61,687,1,6800,0.171,SALARIED
CUS103615,23,105500,73,110,679,1,41100,0.39,SALARIED
CUS103616,44,99100,38,32,624,1,19500,0.197,SALARIED
CUS103617,47,73400,53,50,709,3,13800,0.188,SALARIED
CUS103618,60,133000,29,30,746,2,28400,0.214,SALARIED
CUS103619,56,54200,56,121,736,6,12000,0.221,SALARIED
CUS103620,54,100900,68,26,766,1,32500,0.322,SALARIED
CUS103621,49,87100,80,49,708,0,24600,0.282,SALARIED
CUS103622,44,60900,48,53,785,2,31800,0.522,SALARIED
CUS103623,44,68100,17,77,769,1,23300,0.342,SALARIED
CUS103624,24,65800,72,36,719,2,3900,0.059,SALARIED
CUS103625,23,95200,53,63,717,1,37900,0.398,SALARIED
CUS103626,54,111000,25,106,839,2,38300,0.345,SALARIED
CUS103627,43,70200,24,58,706,0,3800,0.054,SALARIED
CUS103628,43,61700,77,45,828,3,18100,0.293,SALARIED
CUS103629,25,90400,29,67,773,2,13700,0.152,SALARIED
CUS103630,51,40400,56,177,684,2,10200,0.252,SALARIED
CUS103631,26,86300,79,28,732,1,14800,0.171,SALARIED
CUS103632,57,171600,45,15,705,0,28500,0.166,SALARIED
CUS103633,30,61900,55,62,691,0,17000,0.275,SALARIED
CUS103634,60,78500,31,91,731,1,4200,0.054,SALARIED
CUS103635,27,134800,57,51,691,0,38700,0.287,SALARIED
CUS103636,59,119400,42,54,687,0,59400,0.497,SALARIED
CUS103637,58,87400,19,144,737,1,1400,0.03,SALARIED
CUS103638,41,82800,11,63,789,1,26200,0.316,SALARIED
CUS103639,40,48700,62,65,713,1,8800,0.181,SALARIED
CUS103640,23,106000,71,101,744,0,20200,0.191,SALARIED
CUS103641,42,46400,36,56,743,4,7100,0.153,SALARIED
CUS103642,24,33600,22,48,684,0,9200,0.274,SALARIED
CUS103643,48,133800,37,85,807,2,40000,0.299,SALARIED
CUS103644,32,101200,76,46,712,1,22300,0.22,SALARIED
CUS103645,58,126300,40,36,695,2,8100,0.064,SALARIED
CUS103646,56,61000,48,31,802,0,15600,0.256,SALARIED
CUS103647,25,104800,38,27,752,3,3100,0.03,SALARIED
CUS103648,33,69800,29,90,784,1,19400,0.278,SALARIED
CUS103649,43,73400,44,180,681,1,18900,0.257,SALARIED
CUS103650,50,131700,54,24,838,0,34500,0.262,SALARIED
CUS103651,57,79500,48,54,664,3,29800,0.375,SALARIED
CUS103652,45,62100,102,85,779,0,4900,0.079,SALARIED
CUS103653,47,46000,57,76,770,4,6600,0.143,SALARIED
CUS103654,34,100000,72,82,725,0,22800,0.228,SALARIED
CUS103655,56,136900,30,75,781,0,20300,0.148,SALARIED
CUS103656,59,59800,37,70,654,1,2000,0.033,SALARIED
CUS103657,36,115900,25,122,733,2,29000,0.25,SALARIED
CUS103658,42,55600,40,42,781,0,21100,0.379,SALARIED
CUS103659,41,119100,26,31,794,2,10200,0.086,SALARIED
CUS103660,41,86300,94,89,781,0,18400,0.213,SALARIED
CUS103661,28,95900,33,38,615,0,10800,0.113,SALARIED
CUS103662,36,62100,53,22,779,2,10400,0.167,SALARIED
CUS103663,51,99800,9,171,748,1,25300,0.254,SALARIED
CUS103664,30,65000,106,48,809,1,20100,0.309,SALARIED
CUS103665,52,70600,32,136,732,0,18300,0.259,SALARIED
CUS103666,54,42900,52,22,631,1,11500,0.268,SALARIED
CUS103667,29,60100,41,84,733,2,7900,0.131,SALARIED
CUS103668,37,67100,27,50,653,1,12500,0.186,SALARIED
CUS103669,31,97800,43,77,745,5,15700,0.161,SALARIED
CUS103670,52,111100,26,44,677,1,15400,0.139,SALARIED
CUS103671,30,64700,81,76,808,0,17500,0.27,SALARIED
CUS103672,42,78900,29,103,740,1,16800,0.213,SALARIED
CUS103673,37,181500,23,58,622,0,43000,0.237,SALARIED
CUS103674,24,90200,49,72,809,1,6400,0.071,SALARIED
CUS103675,45,66800,92,34,850,0,13700,0.205,SALARIED
CUS103676,41,39900,23,59,694,1,11800,0.296,SALARIED
CUS103677,57,57900,31,65,664,0,35900,0.62,SALARIED
CUS103678,58,56900,35,141,668,1,9000,0.158,SALARIED
CUS103679,21,207000,96,38,617,1,139800,0.675,SALARIED
CUS103680,45,58000,53,37,761,1,5200,0.09,SALARIED
CUS103681,56,87000,10,66,696,0,33100,0.38,SALARIED
CUS103682,37,100400,46,57,693,3,23000,0.229,SALARIED
CUS103683,44,139900,50,45,716,2,34200,0.244,SALARIED
CUS103684,22,85300,21,115,807,1,9500,0.111,SALARIED
CUS103685,60,67600,26,35,715,2,8700,0.129,SALARIED
CUS103686,35,65600,44,25,706,2,9800,0.149,SALARIED
CUS103687,52,99800,45,40,677,0,19600,0.196,SALARIED
CUS103688,59,62500,29,97,759,0,14500,0.232,SALARIED
CUS103689,26,51700,24,85,679,1,20400,0.395,SALARIED
CUS103690,21,67600,19,66,707,0,7300,0.108,SALARIED
CUS103691,43,46800,51,26,793,1,1300,0.03,SALARIED
CUS103692,59,195500,51,52,657,2,44600,0.228,SALARIED
CUS103693,37,111200,9,67,638,2,10300,0.093,SALARIED
CUS103694,54,176300,57,45,701,1,42400,0.24,SALARIED
CUS103695,49,105800,37,87,727,2,4800,0.045,SALARIED
CUS103696,29,168800,28,15,756,1,19200,0.114,SALARIED
CUS103697,33,100300,54,19,727,2,24800,0.247,SALARIED
CUS103698,26,117900,21,95,736,0,20900,0.177,SALARIED
CUS103699,26,32500,9,56,823,2,17700,0.545,SALARIED
CUS103700,40,56300,43,129,760,1,3100,0.055,SALARIED
CUS103701,23,86400,59,131,713,1,17500,0.203,SALARIED
CUS103702,37,87400,67,150,730,2,6400,0.073,SALARIED
CUS103703,32,82100,54,66,721,1,7200,0.088,SALARIED
CUS103704,21,104200,33,128,778,3,31900,0.306,SALARIED
CUS103705,37,106200,14,79,809,1,42500,0.4,SALARIED
CUS103706,23,125500,132,21,727,0,19300,0.154,SALARIED
CUS103707,46,114900,13,41,665,2,30000,0.261,SALARIED
CUS103708,35,146100,29,107,799,6,19000,0.13,SALARIED
CUS103709,56,146700,70,36,686,2,7300,0.05,SALARIED
CUS103710,52,92000,25,79,740,2,15600,0.17,SALARIED
CUS103711,52,216900,24,71,588,1,54800,0.253,SALARIED
CUS103712,24,156700,12,42,696,0,30300,0.193,SALARIED
CUS103713,38,59100,61,180,775,0,8800,0.149,SALARIED
CUS103714,39,101400,95,148,770,0,41100,0.405,SALARIED
CUS103715,55,37100,21,52,679,0,1700,0.046,SALARIED
CUS103716,60,40000,14,30,754,2,1800,0.045,SALARIED
CUS103717,34,67900,39,12,598,2,6000,0.088,SALARIED
CUS103718,53,57300,27,56,672,1,8600,0.15,SALARIED
CUS103719,34,68100,38,86,685,2,17200,0.253,SALARIED
CUS103720,54,98500,18,39,787,3,12400,0.126,SALARIED
CUS103721,24,147500,24,67,717,3,23800,0.161,SALARIED
CUS103722,44,144000,96,62,759,3,52300,0.363,SALARIED
CUS103723,49,102400,13,84,773,0,3900,0.038,SALARIED
CUS103724,39,52100,33,78,734,1,5800,0.111,SALARIED
CUS103725,26,66100,30,62,805,2,16600,0.251,SALARIED
CUS103726,53,113200,59,46,687,2,21200,0.187,SALARIED
CUS103727,60,58600,38,115,745,0,4000,0.068,SALARIED
CUS103728,39,48100,20,91,620,0,19500,0.405,SALARIED
CUS103729,21,106100,41,95,770,1,2900,0.03,SALARIED
CUS103730,25,83200,27,34,766,1,9700,0.117,SALARIED
CUS103731,47,77300,79,70,711,0,11900,0.154,SALARIED
CUS103732,36,140100,41,83,701,3,28600,0.204,SALARIED
CUS103733,26,138700,23,46,793,0,30900,0.223,SALARIED
CUS103734,60,189500,16,14,704,1,46400,0.245,SALARIED
CUS103735,33,63400,49,74,787,3,3100,0.049,SALARIED
CUS103736,55,103100,9,57,706,0,5700,0.055,SALARIED
CUS103737,39,85700,34,58,760,3,19100,0.223,SALARIED
CUS103738,32,99000,58,32,663,4,38400,0.388,SALARIED
CUS103739,36,51000,10,48,703,1,1200,0.03,SALARIED
CUS103740,30,45200,35,128,741,1,15700,0.347,SALARIED
CUS103741,45,83500,16,82,842,1,13600,0.163,SALARIED
CUS103742,40,58200,32,115,801,1,18100,0.311,SALARIED
CUS103743,51,129700,14,105,716,2,30000,0.231,SALARIED
CUS103744,24,43300,30,26,806,1,13400,0.309,SALARIED
CUS103745,43,44900,61,77,723,2,4400,0.098,SALARIED
CUS103746,22,70500,70,73,774,1,7900,0.112,SALARIED
CUS103747,42,42500,31,164,723,1,10600,0.249,SALARIED
CUS103748,57,180700,81,72,692,0,33400,0.185,SALARIED
CUS103749,28,78300,23,68,707,1,22600,0.289,SALARIED
CUS103750,27,64800,15,37,634,1,21500,0.332,SALARIED
CUS103751,34,104900,89,72,707,2,16400,0.156,SALARIED
CUS103752,23,126500,61,76,669,0,9200,0.073,SALARIED
CUS103753,36,93300,31,39,752,1,18200,0.195,SALARIED
CUS103754,39,82400,30,93,779,0,19700,0.239,SALARIED
CUS103755,38,54600,62,89,711,1,6200,0.114,SALARIED
CUS103756,36,112900,28,129,660,3,12000,0.106,SALARIED
CUS103757,28,160800,25,49,791,0,39100,0.243,SALARIED
CUS103758,53,77000,49,60,714,0,13300,0.173,SALARIED
CUS103759,32,58000,25,104,798,0,7500,0.129,SALARIED
CUS103760,31,92200,98,42,751,3,41800,0.453,SALARIED
CUS103761,25,85100,40,97,838,3,25100,0.295,SALARIED
CUS103762,47,49200,29,100,724,1,13700,0.278,SALARIED
CUS103763,32,67800,15,66,622,1,6800,0.1,SALARIED
CUS103764,37,190100,43,67,743,0,31500,0.166,SALARIED
CUS103765,26,46400,38,65,682,2,4200,0.091,SALARIED
CUS103766,53,62300,45,78,681,0,18100,0.291,SALARIED
CUS103767,25,55500,74,67,806,0,9000,0.162,SALARIED
CUS103768,48,57700,47,40,750,1,21400,0.371,SALARIED
CUS103769,34,69600,31,42,696,1,6500,0.093,SALARIED
CUS103770,25,104000,6,63,737,0,12700,0.122,SALARIED
CUS103771,53,153200,91,72,736,0,35400,0.231,SALARIED
CUS103772,39,93100,60,63,631,0,7200,0.077,SALARIED
CUS103773,42,62500,53,100,782,2,17400,0.278,SALARIED
CUS103774,25,170000,36,72,776,1,55500,0.326,SALARIED
CUS103775,22,33500,37,158,715,0,16400,0.49,SALARIED
CUS103776,50,115100,23,67,748,3,41300,0.359,SALARIED
CUS103777,59,53500,40,96,667,1,13400,0.25,SALARIED
CUS103778,24,83100,38,60,840,1,3000,0.036,SALARIED
CUS103779,53,109500,48,63,786,1,30400,0.278,SALARIED
CUS103780,33,41300,47,41,706,0,10000,0.242,SALARIED
CUS103781,40,90600,25,88,674,1,15600,0.172,SALARIED
CUS103782,27,93800,29,22,708,4,23000,0.245,SALARIED
CUS103783,35,164100,42,24,693,1,14300,0.087,SALARIED
CUS103784,43,288400,74,56,758,0,23500,0.081,SALARIED
CUS103785,34,42300,9,98,709,0,3100,0.073,SALARIED
CUS103786,43,160800,53,78,637,1,19900,0.124,SALARIED
CUS103787,39,83600,49,152,711,1,9100,0.109,SALARIED
CUS103788,49,59100,62,39,695,0,3900,0.066,SALARIED
CUS103789,40,100400,40,47,780,3,15400,0.153,SALARIED
CUS103790,49,47300,26,32,846,0,13200,0.279,SALARIED
CUS103791,44,48600,32,77,729,2,8400,0.173,SALARIED
CUS103792,38,38900,42,59,740,0,9100,0.234,SALARIED
CUS103793,30,108700,12,49,691,1,21400,0.197,SALARIED
CUS103794,28,98500,47,48,772,1,27500,0.279,SALARIED
CUS103795,46,58900,44,23,723,1,4500,0.076,SALARIED
CUS103796,49,168700,52,104,737,3,4500,0.03,SALARIED
CUS103797,30,63100,31,74,781,3,6500,0.103,SALARIED
CUS103798,37,151400,91,83,769,1,16800,0.111,SALARIED
CUS103799,22,89800,3,179,720,0,13100,0.146,SALARIED
CUS103800,26,62700,49,147,778,0,5100,0.081,SALARIED
CUS103801,25,80700,56,92,828,0,14700,0.182,SALARIED
CUS103802,48,48400,37,74,752,0,1800,0.037,SALARIED
CUS103803,25,93700,33,64,764,1,13900,0.148,SALARIED
CUS103804,38,86200,73,97,768,1,1000,0.03,SALARIED
CUS103805,46,107800,62,50,678,0,23400,0.217,SALARIED
CUS103806,40,126300,28,64,762,1,24700,0.196,SALARIED
CUS103807,47,89500,21,84,727,2,28200,0.315,SALARIED
CUS103808,32,43700,55,29,804,1,21000,0.481,SALARIED
CUS103809,27,129300,42,38,743,1,19700,0.152,SALARIED
CUS103810,23,85600,78,32,707,2,6900,0.081,SALARIED
CUS103811,30,36200,13,60,717,1,3200,0.088,SALARIED
CUS103812,54,97700,8,95,830,0,9100,0.093,SALARIED
CUS103813,45,101100,32,62,850,2,20500,0.203,SALARIED
CUS103814,55,72300,72,38,757,0,6000,0.083,SALARIED
CUS103815,36,77800,44,29,697,0,24200,0.311,SALARIED
CUS103816,22,65000,27,72,660,2,4300,0.066,SALARIED
CUS103817,44,102500,48,68,709,1,26500,0.259,SALARIED
CUS103818,30,90500,56,138,738,1,27000,0.298,SALARIED
CUS103819,58,56500,49,41,707,0,13800,0.244,SALARIED
CUS103820,42,176000,93,80,668,3,20000,0.114,SALARIED
CUS103821,46,63000,69,145,756,1,500,0.03,SALARIED
CUS103822,59,30000,75,116,716,2,2800,0.093,SALARIED
CUS103823,47,68800,17,19,721,3,16500,0.24,SALARIED
CUS103824,49,135200,19,67,755,3,17600,0.13,SALARIED
CUS103825,58,77500,59,67,717,4,16800,0.217,SALARIED
CUS103826,40,40700,55,126,850,3,5400,0.133,SALARIED
CUS103827,47,53500,16,49,767,3,9000,0.168,SALARIED
CUS103828,40,52300,38,147,657,0,9700,0.185,SALARIED
CUS103829,39,65600,40,63,777,0,1900,0.03,SALARIED
CUS103830,40,75600,41,73,769,0,5300,0.07,SALARIED
CUS103831,55,106200,114,127,755,1,2700,0.03,SALARIED
CUS103832,22,90100,90,56,813,1,28000,0.311,SALARIED
CUS103833,50,92000,21,103,759,2,5800,0.063,SALARIED
CUS103834,54,189300,65,32,682,3,68200,0.36,SALARIED
CUS103835,42,125200,20,111,684,0,41800,0.334,SALARIED
CUS103836,23,120400,51,36,715,0,49100,0.408,SALARIED
CUS103837,26,37600,54,46,784,0,7300,0.194,SALARIED
CUS103838,35,60600,22,33,690,0,14200,0.234,SALARIED
CUS103839,47,41400,24,135,673,1,7200,0.174,SALARIED
CUS103840,30,60100,51,85,850,1,8300,0.138,SALARIED
CUS103841,29,121600,70,76,736,1,52900,0.435,SALARIED
CUS103842,53,71200,59,34,701,3,5100,0.072,SALARIED
CUS103843,52,137700,40,75,583,0,27500,0.2,SALARIED
CUS103844,26,116100,35,71,686,3,9600,0.083,SALARIED
CUS103845,56,87000,25,27,691,1,32100,0.369,SALARIED
CUS103846,22,139200,38,36,734,1,23400,0.168,SALARIED
CUS103847,49,157100,12,42,725,1,13900,0.088,SALARIED
CUS103848,24,104300,10,51,758,1,25900,0.248,SALARIED
CUS103849,21,94300,30,104,665,1,19500,0.207,SALARIED
CUS103850,39,113000,40,25,811,1,18200,0.161,SALARIED
CUS103851,46,45100,74,155,801,1,3400,0.075,SALARIED
CUS103852,45,80600,54,140,685,3,33900,0.421,SALARIED
CUS103853,30,84100,21,45,836,1,8300,0.099,SALARIED
CUS103854,35,72000,61,76,664,1,6700,0.093,SALARIED
CUS103855,42,59600,20,76,683,2,10600,0.178,SALARIED
CUS103856,41,133200,31,74,685,1,16200,0.122,SALARIED
CUS103857,42,91800,25,60,700,0,27100,0.295,SALARIED
CUS103858,56,95600,32,92,683,0,23100,0.242,SALARIED
CUS103859,54,161400,107,75,710,3,9800,0.061,SALARIED
CUS103860,50,77800,43,73,775,2,14700,0.189,SALARIED
CUS103861,45,71400,125,36,719,1,15600,0.218,SALARIED
CUS103862,48,156800,16,103,850,2,23400,0.149,SALARIED
CUS103863,21,43500,17,92,813,3,6000,0.138,SALARIED
CUS103864,24,87000,63,19,806,0,25200,0.29,SALARIED
CUS103865,27,61000,39,88,683,1,14900,0.244,SALARIED
CUS103866,29,97000,22,106,716,3,7300,0.075,SALARIED
CUS103867,56,110000,40,27,709,1,10900,0.099,SALARIED
CUS103868,39,112700,12,96,675,2,5200,0.046,SALARIED
CUS103869,21,134900,36,83,848,1,59500,0.441,SALARIED
CUS103870,30,75900,11,42,795,1,3500,0.046,SALARIED
CUS103871,56,78000,39,95,725,1,11500,0.147,SALARIED
CUS103872,29,107700,21,76,758,1,36300,0.337,SALARIED
CUS103873,52,126700,23,97,740,2,11700,0.092,SALARIED
CUS103874,52,47300,83,59,681,0,5900,0.125,SALARIED
CUS103875,26,97900,34,26,778,2,1500,0.03,SALARIED
CUS103876,58,71200,19,66,740,0,11200,0.157,SALARIED
CUS103877,37,88400,77,70,706,1,10900,0.123,SALARIED
CUS103878,30,72400,20,74,671,1,13000,0.18,SALARIED
CUS103879,47,61400,28,68,768,1,9600,0.156,SALARIED
CUS103880,55,53700,25,45,731,0,7600,0.142,SALARIED
CUS103881,41,79400,39,59,688,1,13200,0.166,SALARIED
CUS103882,45,99900,86,39,801,1,6000,0.06,SALARIED
CUS103883,48,64800,72,56,743,4,17300,0.267,SALARIED
CUS103884,35,145200,18,63,638,0,43600,0.3,SALARIED
CUS103885,24,257000,43,44,816,0,49000,0.191,SALARIED
CUS103886,49,102400,33,36,653,1,29700,0.29,SALARIED
CUS103887,29,83400,28,80,707,2,22100,0.265,SALARIED
CUS103888,47,56400,88,39,737,1,16700,0.296,SALARIED
CUS103889,46,100400,80,75,671,2,29400,0.293,SALARIED
CUS103890,39,165200,39,121,726,2,14800,0.09,SALARIED
CUS103891,48,204300,34,78,822,5,7700,0.038,SALARIED
CUS103892,37,159300,51,85,811,3,13300,0.083,SALARIED
CUS103893,40,124200,39,71,780,1,40900,0.329,SALARIED
CUS103894,60,102200,82,51,790,3,19500,0.191,SALARIED
CUS103895,59,53000,45,73,797,2,6700,0.126,SALARIED
CUS103896,43,81300,136,57,787,1,22300,0.274,SALARIED
CUS103897,52,77100,39,114,746,1,7600,0.099,SALARIED
CUS103898,53,81500,35,99,716,1,11200,0.137,SALARIED
CUS103899,25,61500,21,58,694,0,18000,0.293,SALARIED
CUS103900,54,119500,33,43,703,0,30300,0.254,SALARIED
CUS103901,60,75100,20,56,625,2,2000,0.03,SALARIED
CUS103902,31,72400,20,57,775,2,6500,0.09,SALARIED
CUS103903,23,61600,41,51,757,0,2700,0.044,SALARIED
CUS103904,53,94400,59,39,742,4,9500,0.101,SALARIED
CUS103905,31,166700,38,74,715,1,46700,0.28,SALARIED
CUS103906,36,84600,59,57,757,0,13600,0.161,SALARIED
CUS103907,38,96500,58,17,742,0,21800,0.226,SALARIED
CUS103908,50,203100,40,87,727,0,22600,0.111,SALARIED
CUS103909,30,146100,28,83,778,2,6300,0.043,SALARIED
CUS103910,38,110700,66,107,732,2,52900,0.478,SALARIED
CUS103911,58,108700,40,117,768,1,32600,0.3,SALARIED
CUS103912,39,64800,42,41,786,1,27500,0.424,SALARIED
CUS103913,56,62000,82,32,676,0,8700,0.14,SALARIED
CUS103914,33,90600,14,50,765,2,25900,0.286,SALARIED
CUS103915,23,91600,83,116,593,2,16700,0.182,SALARIED
CUS103916,30,58000,81,52,778,0,20500,0.353,SALARIED
CUS103917,58,116600,35,69,787,3,17400,0.149,SALARIED
CUS103918,21,75000,40,41,780,3,10000,0.133,SALARIED
CUS103919,47,141200,47,30,791,0,16400,0.116,SALARIED
CUS103920,28,82900,9,29,801,3,14900,0.18,SALARIED
CUS103921,37,79700,69,60,730,1,31300,0.393,SALARIED
CUS103922,29,55700,24,72,770,2,10700,0.192,SALARIED
CUS103923,26,58600,31,61,786,2,13700,0.234,SALARIED
CUS103924,45,153800,98,46,698,3,2100,0.03,SALARIED
CUS103925,59,95900,42,33,659,2,7900,0.082,SALARIED
CUS103926,48,101300,62,19,764,3,8500,0.084,SALARIED
CUS103927,53,174700,78,43,777,2,22800,0.131,SALARIED
CUS103928,57,47000,22,20,797,0,17500,0.372,SALARIED
CUS103929,29,115000,20,24,736,1,11300,0.098,SALARIED
CUS103930,38,41600,88,81,742,1,6700,0.161,SALARIED
CUS103931,41,69800,45,77,740,0,8200,0.117,SALARIED
CUS103932,22,50800,59,39,706,1,2100,0.041,SALARIED
CUS103933,58,125100,62,21,779,0,45000,0.36,SALARIED
CUS103934,60,36300,46,65,770,0,6300,0.174,SALARIED
CUS103935,56,76600,32,69,730,0,40400,0.527,SALARIED
CUS103936,57,50500,75,86,738,0,23500,0.465,SALARIED
CUS103937,35,57900,29,108,726,0,10500,0.181,SALARIED
CUS103938,48,62000,62,138,842,0,6100,0.098,SALARIED
CUS103939,38,153900,88,59,768,4,35800,0.233,SALARIED
CUS103940,54,73100,28,47,658,1,7200,0.098,SALARIED
CUS103941,42,184900,138,104,735,3,14800,0.08,SALARIED
CUS103942,31,203200,21,26,715,1,57100,0.281,SALARIED
CUS103943,33,220000,36,85,739,0,35900,0.163,SALARIED
CUS103944,24,82800,35,125,706,0,10600,0.128,SALARIED
CUS103945,42,93400,51,83,788,0,13200,0.141,SALARIED
CUS103946,27,100800,23,128,729,1,30400,0.302,SALARIED
CUS103947,44,72000,54,77,740,2,23700,0.329,SALARIED
CUS103948,24,102900,77,60,750,0,23100,0.224,SALARIED
CUS103949,48,55800,37,36,741,3,8300,0.149,SALARIED
CUS103950,35,36600,27,100,661,3,8200,0.224,SALARIED
CUS103951,21,117200,14,75,686,0,28900,0.247,SALARIED
CUS103952,23,72600,46,56,689,1,14400,0.198,SALARIED
CUS103953,34,54800,66,45,750,1,11000,0.201,SALARIED
CUS103954,58,58000,16,63,703,1,5500,0.095,SALARIED
CUS103955,21,168100,17,74,695,2,37700,0.224,SALARIED
CUS103956,58,104700,63,111,722,1,12700,0.121,SALARIED
CUS103957,58,42800,50,23,765,2,9000,0.21,SALARIED
CUS103958,41,49800,23,26,722,1,21300,0.428,SALARIED
CUS103959,49,74500,41,83,739,1,10300,0.138,SALARIED
CUS103960,25,105300,35,73,724,0,14300,0.136,SALARIED
CUS103961,30,59400,44,104,850,1,11900,0.2,SALARIED
CUS103962,48,78600,47,85,736,1,13500,0.172,SALARIED
CUS103963,41,89500,40,104,712,1,13700,0.153,SALARIED
CUS103964,27,90300,33,52,602,0,20900,0.231,SALARIED
CUS103965,23,30000,57,60,729,2,4200,0.14,SALARIED
CUS103966,40,93900,46,24,824,1,20600,0.219,SALARIED
CUS103967,39,39000,53,26,656,0,8400,0.215,SALARIED
CUS103968,55,74700,76,104,692,0,12300,0.165,SALARIED
CUS103969,24,67800,60,61,850,3,9900,0.146,SALARIED
CUS103970,25,52300,68,65,656,0,30600,0.585,SALARIED
CUS103971,21,124200,32,135,779,1,28000,0.225,SALARIED
CUS103972,24,51300,27,44,721,2,16100,0.314,SALARIED
CUS103973,32,67200,60,55,671,1,11700,0.174,SALARIED
CUS103974,47,126200,92,32,767,0,21100,0.167,SALARIED
CUS103975,43,66300,81,64,610,1,14500,0.219,SALARIED
CUS103976,45,60400,35,57,783,1,21300,0.353,SALARIED
CUS103977,41,75300,122,65,694,0,1900,0.03,SALARIED
CUS103978,44,108400,57,104,668,1,13800,0.127,SALARIED
CUS103979,45,163000,19,74,808,0,23100,0.142,SALARIED
CUS103980,52,55800,28,50,723,1,19900,0.357,SALARIED
CUS103981,52,57900,25,68,783,1,18400,0.318,SALARIED
CUS103982,25,75100,27,172,827,1,21900,0.292,SALARIED
CUS103983,56,94300,38,71,681,0,22500,0.239,SALARIED
CUS103984,59,60100,12,27,599,1,11100,0.185,SALARIED
CUS103985,36,115900,24,44,766,2,18200,0.157,SALARIED
CUS103986,53,56300,82,140,721,1,5800,0.103,SALARIED
CUS103987,41,36100,76,45,762,1,14400,0.399,SALARIED
CUS103988,29,108000,76,174,830,1,13400,0.124,SALARIED
CUS103989,26,113800,51,31,630,4,12900,0.113,SALARIED
CUS103990,55,136000,54,63,703,3,15100,0.111,SALARIED
CUS103991,59,34700,42,92,750,0,2800,0.081,SALARIED
CUS103992,42,63000,5,26,739,0,12600,0.2,SALARIED
CUS103993,25,75900,19,101,711,0,22100,0.291,SALARIED
CUS103994,43,187400,20,79,803,0,21200,0.113,SALARIED
CUS103995,37,79100,54,119,580,2,14500,0.183,SALARIED
CUS103996,32,46400,99,51,647,1,10300,0.222,SALARIED
CUS103997,43,97100,62,87,772,2,16100,0.166,SALARIED
CUS103998,36,153200,82,75,709,0,38700,0.253,SALARIED
CUS103999,23,139200,64,134,780,1,27900,0.2,SALARIED
CUS104000,50,109400,28,73,825,0,10500,0.096,SALARIED
CUS104001,42,95700,39,69,651,0,36600,0.382,SALARIED
CUS104002,29,30600,38,39,714,0,6000,0.196,SALARIED
CUS104003,49,86000,24,141,665,1,39300,0.457,SALARIED
CUS104004,57,92100,13,89,772,1,41700,0.453,SALARIED
CUS104005,43,79100,53,39,683,0,9300,0.118,SALARIED
CUS104006,33,116800,82,128,817,1,19100,0.164,SALARIED
CUS104007,52,78500,46,11,699,0,9100,0.116,SALARIED
CUS104008,43,72000,63,79,695,1,16400,0.228,SALARIED
CUS104009,37,135700,24,45,785,1,13000,0.096,SALARIED
CUS104010,60,70600,32,169,734,2,2600,0.037,SALARIED
CUS104011,41,87500,38,88,782,0,6000,0.069,SALARIED
CUS104012,22,127300,37,36,665,1,4600,0.036,SALARIED
CUS104013,57,53900,53,42,732,1,3800,0.071,SALARIED
CUS104014,26,51400,24,70,807,1,9600,0.187,SALARIED
CUS104015,38,156600,22,88,734,2,9900,0.063,SALARIED
CUS104016,50,65100,24,45,651,1,23700,0.364,SALARIED
CUS104017,42,116100,69,49,831,0,4000,0.034,SALARIED
CUS104018,53,38200,54,66,668,1,5600,0.147,SALARIED
CUS104019,50,30000,26,63,691,2,3200,0.107,SALARIED
CUS104020,37,100100,13,70,660,1,29500,0.295,SALARIED
CUS104021,52,80300,38,103,791,0,8400,0.105,SALARIED
CUS104022,34,100600,37,59,850,0,14600,0.145,SALARIED
CUS104023,30,197600,33,74,724,1,35400,0.179,SALARIED
CUS104024,56,48700,32,86,845,0,4300,0.088,SALARIED
CUS104025,54,86500,84,59,850,1,7600,0.088,SALARIED
CUS104026,29,165300,29,32,741,0,20800,0.126,SALARIED
CUS104027,48,52000,54,27,724,3,10200,0.196,SALARIED
CUS104028,31,65300,25,64,715,4,3100,0.047,SALARIED
CUS104029,34,38400,51,180,744,0,11600,0.302,SALARIED
CUS104030,59,232700,25,93,842,0,22600,0.097,SALARIED
CUS104031,39,31500,17,180,745,2,1300,0.041,SALARIED
CUS104032,35,121800,8,96,721,4,17100,0.14,SALARIED
CUS104033,48,46900,35,66,733,0,7900,0.168,SALARIED
CUS104034,44,53000,39,36,762,2,5700,0.108,SALARIED
CUS104035,28,137200,37,47,710,0,43100,0.314,SALARIED
CUS104036,29,60900,43,105,719,1,3500,0.057,SALARIED
CUS104037,53,114000,35,106,700,0,5500,0.048,SALARIED
CUS104038,53,158200,37,167,680,0,40100,0.253,SALARIED
CUS104039,39,93000,32,65,767,0,24100,0.259,SALARIED
CUS104040,23,126800,21,159,681,2,8900,0.07,SALARIED
CUS104041,30,88100,34,88,731,1,12200,0.138,SALARIED
CUS104042,60,90000,68,76,717,1,26200,0.291,SALARIED
CUS104043,21,63900,40,45,785,0,18000,0.282,SALARIED
CUS104044,49,202500,79,49,718,1,29200,0.144,SALARIED
CUS104045,54,118700,53,60,767,4,32300,0.272,SALARIED
CUS104046,33,107500,40,23,647,0,50400,0.469,SALARIED
CUS104047,21,120200,28,22,801,2,17000,0.141,SALARIED
CUS104048,54,62700,17,144,766,0,14600,0.233,SALARIED
CUS104049,49,129200,36,82,806,0,12700,0.098,SALARIED
CUS104050,33,171200,99,73,751,1,17200,0.1,SALARIED
CUS104051,49,45700,77,78,748,1,10100,0.221,SALARIED
CUS104052,59,108500,17,40,709,0,5800,0.053,SALARIED
CUS104053,44,87400,24,41,748,3,5600,0.064,SALARIED
CUS104054,46,67300,45,78,673,2,7500,0.111,SALARIED
CUS104055,37,52000,100,86,691,0,2300,0.044,SALARIED
CUS104056,27,136500,8,157,697,0,12000,0.088,SALARIED
CUS104057,33,93300,47,59,716,0,5000,0.054,SALARIED
CUS104058,25,77400,65,135,591,0,13500,0.174,SALARIED
CUS104059,46,108500,44,52,672,1,29200,0.269,SALARIED
CUS104060,23,80300,96,172,650,2,5200,0.065,SALARIED
CUS104061,27,61900,28,39,820,1,7800,0.126,SALARIED
CUS104062,59,90100,36,56,674,1,16600,0.184,SALARIED
CUS104063,21,83900,41,90,682,0,11200,0.133,SALARIED
CUS104064,37,38300,38,54,728,3,2400,0.063,SALARIED
CUS104065,45,64000,116,55,745,2,9600,0.15,SALARIED
CUS104066,23,48100,44,48,757,2,9500,0.198,SALARIED
CUS104067,35,40400,86,49,700,0,8600,0.213,SALARIED
CUS104068,49,104900,35,42,725,1,31400,0.299,SALARIED
CUS104069,52,62900,18,76,816,3,9200,0.146,SALARIED
CUS104070,46,135800,61,91,730,0,34100,0.251,SALARIED
CUS104071,36,37300,19,45,741,4,15800,0.424,SALARIED
CUS104072,45,74300,31,59,785,0,13600,0.183,SALARIED
CUS104073,48,64400,50,91,778,2,8900,0.138,SALARIED
CUS104074,29,41800,45,92,635,1,15300,0.366,SALARIED
CUS104075,21,85200,37,34,756,0,25100,0.295,SALARIED
CUS104076,49,43500,16,79,736,1,3900,0.09,SALARIED
CUS104077,42,94000,22,28,828,0,22800,0.243,SALARIED
CUS104078,36,117600,55,137,675,0,16300,0.139,SALARIED
CUS104079,27,95900,17,48,684,2,28100,0.293,SALARIED
CUS104080,34,101500,71,38,712,3,17100,0.168,SALARIED
CUS104081,49,135200,84,74,778,1,20600,0.152,SALARIED
CUS104082,39,84000,33,112,798,0,18600,0.221,SALARIED
CUS104083,39,58600,25,55,718,1,5900,0.101,SALARIED
CUS104084,22,64600,92,88,770,2,8200,0.127,SALARIED
CUS104085,35,65300,52,70,701,0,10200,0.156,SALARIED
CUS104086,23,53200,65,148,733,2,2700,0.051,SALARIED
CUS104087,31,121000,80,56,761,1,16500,0.136,SALARIED
CUS104088,50,107700,37,34,840,0,21400,0.199,SALARIED
CUS104089,60,40200,44,126,791,0,11300,0.281,SALARIED
CUS104090,38,58600,40,38,799,2,18200,0.311,SALARIED
CUS104091,22,52000,35,68,719,0,6900,0.133,SALARIED
CUS104092,52,98000,78,68,640,0,26500,0.27,SALARIED
CUS104093,28,138000,27,48,850,0,18200,0.132,SALARIED
CUS104094,42,104000,34,57,645,0,2700,0.03,SALARIED
CUS104095,26,62000,59,39,712,1,9800,0.158,SALARIED
CUS104096,32,73600,50,73,725,0,19000,0.258,SALARIED
CUS104097,60,45400,94,65,805,1,16800,0.37,SALARIED
CUS104098,56,47000,69,61,798,1,1700,0.036,SALARIED
CUS104099,35,124400,28,60,701,1,32800,0.264,SALARIED
CUS104100,48,162800,35,17,746,2,28000,0.172,SALARIED
CUS104101,38,61600,87,34,695,1,8900,0.144,SALARIED
CUS104102,22,86900,62,85,691,2,24000,0.276,SALARIED
CUS104103,33,117600,30,63,774,2,14400,0.122,SALARIED
CUS104104,35,40200,27,144,656,4,3200,0.08,SALARIED
CUS104105,40,53000,18,43,747,1,8800,0.166,SALARIED
CUS104106,49,208500,63,43,700,0,74700,0.358,SALARIED
CUS104107,49,55200,87,80,616,1,4800,0.087,SALARIED
CUS104108,23,72200,71,20,723,0,8300,0.115,SALARIED
CUS104109,39,64800,73,21,788,0,20700,0.319,SALARIED
CUS104110,23,34600,30,135,750,1,9000,0.26,SALARIED
CUS104111,34,88200,17,69,669,1,15300,0.173,SALARIED
CUS104112,60,84000,52,123,743,1,27300,0.325,SALARIED
CUS104113,24,92200,22,74,640,4,3300,0.036,SALARIED
CUS104114,31,81800,30,76,850,2,5200,0.064,SALARIED
CUS104115,51,69100,49,85,742,1,9800,0.142,SALARIED
CUS104116,52,67300,43,114,770,3,25700,0.382,SALARIED
CUS104117,47,67900,81,64,814,3,5800,0.085,SALARIED
CUS104118,50,54500,40,35,744,2,12700,0.233,SALARIED
CUS104119,22,58400,62,42,743,1,25200,0.432,SALARIED
CUS104120,29,54900,73,35,687,2,6500,0.118,SALARIED
CUS104121,48,110000,55,16,619,2,18200,0.165,SALARIED
CUS104122,51,97600,42,53,695,1,17400,0.178,SALARIED
CUS104123,54,86000,33,31,743,1,14100,0.164,SALARIED
CUS104124,35,203700,38,94,740,2,16800,0.082,SALARIED
CUS104125,45,56000,41,62,750,1,12000,0.214,SALARIED
CUS104126,56,140600,57,66,668,1,16600,0.118,SALARIED
CUS104127,28,75600,28,67,697,3,20300,0.269,SALARIED
CUS104128,29,91200,29,61,786,1,18400,0.202,SALARIED
CUS104129,57,115000,87,66,746,0,23900,0.208,SALARIED
CUS104130,59,68600,45,62,659,0,8000,0.117,SALARIED
CUS104131,52,52800,20,27,798,2,4500,0.085,SALARIED
CUS104132,37,56900,36,71,823,2,30700,0.54,SALARIED
CUS104133,55,32900,31,58,682,1,6300,0.191,SALARIED
CUS104134,57,111700,32,127,733,0,63700,0.57,SALARIED
CUS104135,39,110500,39,45,723,3,23300,0.211,SALARIED
CUS104136,49,173300,42,98,673,0,28500,0.164,SALARIED
CUS104137,27,102400,35,79,733,0,14200,0.139,SALARIED
CUS104138,48,114100,44,48,756,1,35800,0.314,SALARIED
CUS104139,29,81900,73,39,747,2,5500,0.067,SALARIED
CUS104140,48,104800,75,39,845,1,7300,0.07,SALARIED
CUS104141,26,138800,47,20,681,0,20100,0.145,SALARIED
CUS104142,49,92200,34,94,673,3,17000,0.184,SALARIED
CUS104143,37,67200,35,68,795,0,14700,0.219,SALARIED
CUS104144,36,77000,126,37,788,0,16700,0.217,SALARIED
CUS104145,43,119200,31,43,617,2,9200,0.077,SALARIED
CUS104146,51,68100,59,78,687,4,13200,0.194,SALARIED
CUS104147,23,126800,32,56,637,0,6900,0.054,SALARIED
CUS104148,41,200600,76,123,790,3,22100,0.11,SALARIED
CUS104149,46,127500,58,94,786,0,35500,0.278,SALARIED
CUS104150,56,119000,15,54,732,2,17900,0.15,SALARIED
CUS104151,57,99400,24,50,797,0,11500,0.116,SALARIED
CUS104152,42,59900,70,79,772,0,15900,0.265,SALARIED
CUS104153,32,57500,50,27,756,0,6300,0.11,SALARIED
CUS104154,33,57300,144,54,707,2,2400,0.042,SALARIED
CUS104155,31,109100,16,37,656,1,27200,0.249,SALARIED
CUS104156,36,71300,26,127,719,1,6500,0.091,SALARIED
CUS104157,28,83900,54,85,734,2,4600,0.055,SALARIED
CUS104158,60,102600,8,139,766,3,18400,0.179,SALARIED
CUS104159,60,58200,16,99,746,1,7200,0.124,SALARIED
CUS104160,22,67800,50,47,732,2,4200,0.062,SALARIED
CUS104161,50,98300,52,73,750,0,32500,0.331,SALARIED
CUS104162,50,74600,43,37,679,1,8300,0.111,SALARIED
CUS104163,32,77800,58,69,706,2,4100,0.053,SALARIED
CUS104164,30,53400,31,38,780,1,12700,0.238,SALARIED
CUS104165,31,78200,37,28,711,0,16900,0.216,SALARIED
CUS104166,35,178800,13,18,721,2,83800,0.469,SALARIED
CUS104167,36,69500,36,73,764,0,27400,0.394,SALARIED
CUS104168,37,50700,55,74,693,3,1600,0.032,SALARIED
CUS104169,46,130800,20,100,708,0,23100,0.177,SALARIED
CUS104170,22,107600,34,21,639,1,29900,0.278,SALARIED
CUS104171,32,93500,19,62,795,0,13200,0.141,SALARIED
CUS104172,46,47000,54,20,804,0,4100,0.087,SALARIED
CUS104173,43,50100,17,29,786,0,11100,0.222,SALARIED
CUS104174,38,42600,71,180,744,1,17300,0.406,SALARIED
CUS104175,52,103200,18,129,670,0,16000,0.155,SALARIED
CUS104176,58,134500,29,127,708,0,41000,0.305,SALARIED
CUS104177,23,104800,20,50,686,1,43800,0.418,SALARIED
CUS104178,58,204400,104,83,690,2,59400,0.291,SALARIED
CUS104179,23,69700,28,42,714,1,14700,0.211,SALARIED
CUS104180,50,73500,92,59,711,3,19500,0.265,SALARIED
CUS104181,21,89200,37,95,794,0,3400,0.038,SALARIED
CUS104182,50,76700,120,77,737,1,7100,0.093,SALARIED
CUS104183,52,106400,16,24,809,2,13700,0.129,SALARIED
CUS104184,48,63700,34,114,695,1,1200,0.03,SALARIED
CUS104185,41,45400,82,78,755,0,4200,0.093,SALARIED
CUS104186,33,38000,26,83,722,6,4600,0.121,SALARIED
CUS104187,47,105500,38,76,762,1,18600,0.176,SALARIED
CUS104188,56,67100,23,66,781,1,18900,0.282,SALARIED
CUS104189,27,50200,112,70,797,0,20000,0.398,SALARIED
CUS104190,42,64300,59,82,715,0,5900,0.092,SALARIED
CUS104191,30,204600,18,75,735,1,96100,0.47,SALARIED
CUS104192,59,51600,39,118,786,1,11300,0.219,SALARIED
CUS104193,35,117900,36,46,839,0,18400,0.156,SALARIED
CUS104194,35,102700,26,69,739,2,24800,0.241,SALARIED
CUS104195,24,155400,19,47,725,0,17900,0.115,SALARIED
CUS104196,52,80400,17,53,729,1,24800,0.308,SALARIED
CUS104197,43,42100,57,26,626,0,5500,0.131,SALARIED
CUS104198,26,132900,40,59,752,2,7400,0.056,SALARIED
CUS104199,44,76000,19,180,700,1,4100,0.054,SALARIED
CUS104200,40,150800,20,82,673,2,24700,0.164,SALARIED
CUS104201,57,122700,171,76,766,1,12300,0.1,SALARIED
CUS104202,40,133100,52,39,731,1,25500,0.192,SALARIED
CUS104203,32,246800,76,76,783,0,131600,0.533,SALARIED
CUS104204,53,96500,42,34,733,0,5900,0.061,SALARIED
CUS104205,48,162700,58,98,669,0,31100,0.191,SALARIED
CUS104206,28,70800,102,35,744,3,3000,0.042,SALARIED
CUS104207,21,108400,18,180,629,1,20700,0.191,SALARIED
CUS104208,57,67800,102,80,778,3,22600,0.333,SALARIED
CUS104209,42,105500,24,36,811,0,45300,0.429,SALARIED
CUS104210,26,100600,22,43,719,3,4100,0.041,SALARIED
CUS104211,41,33600,23,71,746,0,6200,0.185,SALARIED
CUS104212,52,64500,41,142,809,2,6000,0.093,SALARIED
CUS104213,55,94300,34,64,734,2,17200,0.182,SALARIED
CUS104214,35,30800,13,14,641,0,7900,0.256,SALARIED
CUS104215,25,81400,34,63,812,3,21200,0.26,SALARIED
CUS104216,26,133800,23,81,707,2,19400,0.145,SALARIED
CUS104217,45,152600,52,37,722,2,21900,0.144,SALARIED
CUS104218,60,59800,52,52,823,1,6900,0.115,SALARIED
CUS104219,49,157100,28,115,850,1,62100,0.395,SALARIED
CUS104220,27,146400,24,92,695,0,73400,0.501,SALARIED
CUS104221,60,32300,55,70,790,1,11600,0.359,SALARIED
CUS104222,33,89500,27,55,751,1,14400,0.161,SALARIED
CUS104223,58,94100,42,59,833,3,49000,0.521,SALARIED
CUS104224,38,168400,61,52,721,0,27800,0.165,SALARIED
CUS104225,22,96700,30,124,754,1,22200,0.23,SALARIED
CUS104226,28,159100,24,91,708,1,26600,0.167,SALARIED
CUS104227,31,59800,30,112,836,2,6100,0.102,SALARIED
CUS104228,53,41400,58,180,707,5,8800,0.213,SALARIED
CUS104229,58,63500,38,40,707,1,6400,0.101,SALARIED
CUS104230,47,172800,51,37,773,1,57900,0.335,SALARIED
CUS104231,40,128900,24,19,691,1,15300,0.119,SALARIED
CUS104232,32,241700,84,83,755,2,39800,0.165,SALARIED
CUS104233,51,44400,31,41,717,2,16100,0.363,SALARIED
CUS104234,47,135800,64,41,702,2,46000,0.339,SALARIED
CUS104235,52,119400,39,45,727,1,13700,0.115,SALARIED
CUS104236,30,74800,99,48,676,2,13800,0.184,SALARIED
CUS104237,23,120500,21,25,669,0,14800,0.123,SALARIED
CUS104238,47,90500,44,180,704,1,1500,0.03,SALARIED
CUS104239,55,104600,85,21,850,2,12700,0.121,SALARIED
CUS104240,51,115500,24,101,699,0,23600,0.204,SALARIED
CUS104241,35,132100,72,93,834,2,8800,0.067,SALARIED
CUS104242,36,88400,15,158,770,1,7600,0.086,SALARIED
CUS104243,33,189100,41,26,722,1,59700,0.316,SALARIED
CUS104244,55,77100,43,179,704,1,33800,0.438,SALARIED
CUS104245,31,198400,19,118,741,1,27100,0.137,SALARIED
CUS104246,41,51200,39,30,840,1,3100,0.061,SALARIED
CUS104247,31,54600,68,58,661,1,20300,0.372,SALARIED
CUS104248,50,56000,34,86,717,1,18600,0.332,SALARIED
CUS104249,55,130700,40,65,785,3,1800,0.03,SALARIED
CUS104250,42,59200,9,52,728,1,6700,0.113,SALARIED
CUS104251,58,166200,52,34,742,2,33700,0.203,SALARIED
CUS104252,51,67100,62,63,613,0,9400,0.14,SALARIED
CUS104253,34,101700,72,78,746,1,5500,0.054,SALARIED
CUS104254,44,113400,7,108,760,1,26900,0.237,SALARIED
CUS104255,52,53800,64,50,729,2,14300,0.266,SALARIED
CUS104256,56,45500,9,37,719,0,7000,0.154,SALARIED
CUS104257,52,96500,70,35,804,3,26500,0.275,SALARIED
CUS104258,35,75000,34,49,768,1,13500,0.18,SALARIED
CUS104259,55,106400,40,88,757,0,23100,0.217,SALARIED
CUS104260,23,46400,67,49,850,1,3700,0.08,SALARIED
CUS104261,36,72400,81,137,717,0,23300,0.322,SALARIED
CUS104262,25,78300,106,103,736,1,5600,0.072,SALARIED
CUS104263,41,30000,21,70,830,0,10000,0.333,SALARIED
CUS104264,30,133000,50,10,713,3,16000,0.12,SALARIED
CUS104265,39,60400,76,70,840,0,11200,0.185,SALARIED
CUS104266,45,166900,26,41,730,1,10300,0.062,SALARIED
CUS104267,24,62200,18,70,800,3,15400,0.248,SALARIED
CUS104268,49,67200,39,31,778,1,11600,0.173,SALARIED
CUS104269,39,48600,32,44,689,1,17900,0.368,SALARIED
CUS104270,22,142400,32,166,757,1,6700,0.047,SALARIED
CUS104271,30,104300,71,64,761,1,18000,0.173,SALARIED
CUS104272,45,159600,42,77,764,0,10200,0.064,SALARIED
CUS104273,40,77400,57,71,850,1,1200,0.03,SALARIED
CUS104274,39,83400,64,105,770,3,18000,0.216,SALARIED
CUS104275,43,39900,53,143,728,1,7900,0.198,SALARIED
CUS104276,44,64200,38,180,676,0,5300,0.083,SALARIED
CUS104277,31,91800,61,144,740,2,14000,0.153,SALARIED
CUS104278,54,101200,34,140,707,0,27500,0.272,SALARIED
CUS104279,48,193100,24,59,689,3,17700,0.092,SALARIED
CUS104280,25,37000,117,74,730,1,3300,0.089,SALARIED
CUS104281,25,94200,54,98,656,1,44400,0.471,SALARIED
CUS104282,41,71800,58,104,624,0,5500,0.077,SALARIED
CUS104283,32,87900,38,104,750,1,16100,0.183,SALARIED
CUS104284,24,89000,87,76,850,0,22000,0.247,SALARIED
CUS104285,40,78000,56,56,787,1,27400,0.351,SALARIED
CUS104286,58,51000,36,71,687,2,7500,0.147,SALARIED
CUS104287,45,47000,54,37,783,2,8500,0.181,SALARIED
CUS104288,34,75400,42,89,850,1,17600,0.233,SALARIED
CUS104289,31,44900,59,44,708,2,6200,0.138,SALARIED
CUS104290,52,80800,68,135,665,1,13700,0.17,SALARIED
CUS104291,31,75800,38,44,769,0,23800,0.314,SALARIED
CUS104292,38,30000,16,59,844,2,12400,0.413,SALARIED
CUS104293,47,202900,86,97,753,0,34600,0.171,SALARIED
CUS104294,38,88000,6,62,732,2,9900,0.112,SALARIED
CUS104295,43,30000,30,45,709,2,3400,0.113,SALARIED
CUS104296,31,95000,34,85,681,1,17500,0.184,SALARIED
CUS104297,41,77600,8,69,698,1,14500,0.187,SALARIED
CUS104298,25,47000,36,43,726,0,8400,0.179,SALARIED
CUS104299,43,97700,17,49,841,1,26200,0.268,SALARIED
CUS104300,45,55600,32,34,597,2,7800,0.14,SALARIED
CUS104301,30,92700,29,91,850,1,21600,0.233,SALARIED
CUS104302,42,62000,59,115,792,0,20400,0.329,SALARIED
CUS104303,39,56600,52,90,718,3,16300,0.288,SALARIED
CUS104304,21,84400,22,133,765,2,4000,0.047,SALARIED
CUS104305,27,41000,21,88,692,1,400,0.03,SALARIED
CUS104306,24,81900,63,68,850,1,22500,0.275,SALARIED
CUS104307,21,114300,24,77,658,0,46000,0.402,SALARIED
CUS104308,35,150600,37,84,654,2,15100,0.1,SALARIED
CUS104309,60,138700,34,146,773,0,25100,0.181,SALARIED
CUS104310,32,156300,72,52,743,2,44400,0.284,SALARIED
CUS104311,42,69300,85,44,740,0,14700,0.212,SALARIED
CUS104312,42,53600,23,85,720,1,11100,0.207,SALARIED
CUS104313,37,122700,48,38,696,1,14100,0.115,SALARIED
CUS104314,49,67400,72,20,717,0,7400,0.11,SALARIED
CUS104315,34,85200,28,28,801,0,14100,0.165,SALARIED
CUS104316,40,119000,68,58,805,2,25900,0.218,SALARIED
CUS104317,53,211100,40,113,785,2,73200,0.347,SALARIED
CUS104318,35,107800,39,40,701,1,11100,0.103,SALARIED
CUS104319,32,93200,65,89,671,0,19900,0.214,SALARIED
CUS104320,60,51300,156,41,834,1,10900,0.212,SALARIED
CUS104321,40,143900,22,67,645,1,20400,0.142,SALARIED
CUS104322,50,102200,65,99,723,1,47400,0.464,SALARIED
CUS104323,58,72700,57,31,744,5,10800,0.149,SALARIED
CUS104324,23,69400,90,49,850,1,12500,0.18,SALARIED
CUS104325,48,70800,21,116,736,3,29100,0.411,SALARIED
CUS104326,46,86700,17,33,773,2,21500,0.248,SALARIED
CUS104327,50,44100,22,21,765,2,18800,0.426,SALARIED
CUS104328,33,147000,37,37,808,2,24700,0.168,SALARIED
CUS104329,33,135400,83,97,787,0,8100,0.06,SALARIED
CUS104330,22,78800,38,26,769,0,24300,0.308,SALARIED
CUS104331,57,70800,18,35,756,1,12300,0.174,SALARIED
CUS104332,58,84100,36,100,777,0,5500,0.065,SALARIED
CUS104333,22,90800,75,20,717,1,15900,0.175,SALARIED
CUS104334,56,74300,55,67,580,1,3100,0.042,SALARIED
CUS104335,46,133300,46,81,698,1,21500,0.161,SALARIED
CUS104336,31,44800,19,76,765,2,7900,0.176,SALARIED
CUS104337,28,61700,38,84,699,1,22900,0.371,SALARIED
CUS104338,60,120500,65,76,731,2,5900,0.049,SALARIED
CUS104339,42,98400,28,110,722,0,19900,0.202,SALARIED
CUS104340,40,62600,18,72,716,0,7800,0.125,SALARIED
CUS104341,28,101800,74,34,773,0,16300,0.16,SALARIED
CUS104342,49,59500,116,72,747,1,11900,0.2,SALARIED
CUS104343,60,73900,36,30,735,0,9100,0.123,SALARIED
CUS104344,46,136000,66,82,609,0,8000,0.059,SALARIED
CUS104345,50,129400,57,156,642,0,17400,0.134,SALARIED
CUS104346,37,96800,50,68,765,1,11000,0.114,SALARIED
CUS104347,40,53000,40,75,679,1,9500,0.179,SALARIED
CUS104348,36,71700,47,180,772,0,4900,0.068,SALARIED
CUS104349,27,88800,68,109,705,1,20100,0.226,SALARIED
CUS104350,36,163600,47,27,703,5,7800,0.048,SALARIED
CUS104351,47,38100,76,56,644,2,11500,0.302,SALARIED
CUS104352,43,57400,38,96,727,1,5300,0.092,SALARIED
CUS104353,44,141200,54,61,626,0,23000,0.163,SALARIED
CUS104354,29,156800,61,63,676,3,58700,0.374,SALARIED
CUS104355,55,82400,2,33,708,0,12300,0.149,SALARIED
CUS104356,40,169900,50,20,767,2,18200,0.107,SALARIED
CUS104357,57,61100,53,87,748,0,9200,0.151,SALARIED
CUS104358,37,43100,41,77,730,1,1400,0.032,SALARIED
CUS104359,51,121300,49,61,776,0,9500,0.078,SALARIED
CUS104360,28,152200,44,64,700,0,29900,0.196,SALARIED
CUS104361,35,151100,10,19,749,2,44900,0.297,SALARIED
CUS104362,51,57600,54,169,676,0,2600,0.045,SALARIED
CUS104363,50,93000,60,50,725,2,33300,0.358,SALARIED
CUS104364,40,124000,93,63,689,1,9700,0.078,SALARIED
CUS104365,59,97300,21,57,742,1,42400,0.436,SALARIED
CUS104366,32,163000,24,49,758,2,24300,0.149,SALARIED
CUS104367,37,70800,95,83,767,1,19800,0.28,SALARIED
CUS104368,50,82300,72,81,705,0,27300,0.332,SALARIED
CUS104369,49,94500,54,34,767,3,19400,0.205,SALARIED
CUS104370,39,123600,14,31,747,3,29200,0.236,SALARIED
CUS104371,31,77900,24,100,711,0,11500,0.148,SALARIED
CUS104372,54,129000,35,28,718,0,62900,0.488,SALARIED
CUS104373,27,175000,51,78,774,1,9500,0.054,SALARIED
CUS104374,54,67300,16,155,748,1,12800,0.19,SALARIED
CUS104375,40,78900,64,85,710,1,6000,0.076,SALARIED
CUS104376,58,131400,53,115,812,1,48000,0.365,SALARIED
CUS104377,44,202400,41,49,632,1,42800,0.211,SALARIED
CUS104378,30,113200,24,66,693,0,22200,0.196,SALARIED
CUS104379,52,59700,18,47,686,0,9600,0.161,SALARIED
CUS104380,35,92900,37,93,671,2,20600,0.222,SALARIED
CUS104381,57,130900,47,61,707,2,10000,0.076,SALARIED
CUS104382,40,59000,57,107,822,0,10200,0.173,SALARIED
CUS104383,23,52300,37,115,675,2,11400,0.218,SALARIED
CUS104384,57,72800,49,37,754,2,14000,0.192,SALARIED
CUS104385,60,114400,52,113,747,1,40400,0.353,SALARIED
CUS104386,28,45900,24,93,805,0,8600,0.187,SALARIED
CUS104387,60,62200,59,97,765,2,3500,0.056,SALARIED
CUS104388,43,96100,56,47,781,0,17900,0.186,SALARIED
CUS104389,60,138800,66,78,835,0,29900,0.215,SALARIED
CUS104390,31,96900,35,49,696,1,23100,0.238,SALARIED
CUS104391,28,100600,75,103,730,2,31400,0.312,SALARIED
CUS104392,49,133600,29,70,698,1,9500,0.071,SALARIED
CUS104393,50,174400,73,59,627,1,46400,0.266,SALARIED
CUS104394,30,165900,25,23,648,1,20000,0.121,SALARIED
CUS104395,59,33900,74,72,733,1,7600,0.224,SALARIED
CUS104396,48,88800,39,103,678,1,20300,0.229,SALARIED
CUS104397,56,128200,27,126,693,1,23300,0.182,SALARIED
CUS104398,33,182600,56,72,797,2,19900,0.109,SALARIED
CUS104399,52,113400,79,31,753,1,7700,0.068,SALARIED
CUS104400,56,57700,54,55,804,3,5800,0.101,SALARIED
CUS104401,57,61300,41,82,764,1,2200,0.036,SALARIED
CUS104402,46,62100,33,87,751,0,9200,0.148,SALARIED
CUS104403,42,97600,29,126,802,2,40800,0.418,SALARIED
CUS104404,24,68500,26,38,732,0,17500,0.255,SALARIED
CUS104405,51,30000,14,54,756,1,1400,0.047,SALARIED
CUS104406,38,50000,29,96,708,1,7200,0.144,SALARIED
CUS104407,58,69600,30,57,735,1,7700,0.111,SALARIED
CUS104408,44,46000,59,47,711,1,4300,0.093,SALARIED
CUS104409,43,49200,29,48,751,0,6100,0.124,SALARIED
CUS104410,42,213900,64,85,662,0,82000,0.383,SALARIED
CUS104411,22,84700,62,45,718,1,15800,0.187,SALARIED
CUS104412,51,71400,19,96,774,3,11600,0.162,SALARIED
CUS104413,31,114800,104,58,668,1,12100,0.105,SALARIED
CUS104414,48,142400,17,84,763,2,40500,0.284,SALARIED
CUS104415,52,233000,124,45,789,4,23200,0.1,SALARIED
CUS104416,25,183100,47,54,814,0,9700,0.053,SALARIED
CUS104417,58,103400,22,36,665,0,35900,0.347,SALARIED
CUS104418,30,42600,12,39,706,0,26700,0.627,SALARIED
CUS104419,60,54100,57,101,775,1,10200,0.189,SALARIED
CUS104420,44,70900,21,61,703,1,8600,0.121,SALARIED
CUS104421,55,106800,103,119,696,2,16400,0.154,SALARIED
CUS104422,43,88700,42,109,733,0,18700,0.211,SALARIED
CUS104423,37,43800,43,71,713,1,8200,0.187,SALARIED
CUS104424,21,40400,80,52,759,1,4300,0.106,SALARIED
CUS104425,51,95500,29,78,692,5,14700,0.154,SALARIED
CUS104426,51,89700,70,137,716,2,3800,0.042,SALARIED
CUS104427,54,77300,85,53,735,1,7200,0.093,SALARIED
CUS104428,29,105600,25,89,719,3,18300,0.173,SALARIED
CUS104429,42,149000,53,40,686,2,47200,0.317,SALARIED
CUS104430,33,97700,51,134,660,1,11100,0.114,SALARIED
CUS104431,45,55600,76,122,759,2,10700,0.192,SALARIED
CUS104432,38,201200,25,88,709,1,32200,0.16,SALARIED
CUS104433,32,78500,18,48,739,2,22600,0.288,SALARIED
CUS104434,60,86900,35,46,663,1,2300,0.03,SALARIED
CUS104435,37,63300,84,38,781,0,1300,0.03,SALARIED
CUS104436,35,52400,15,61,732,0,9300,0.177,SALARIED
CUS104437,35,54400,50,58,708,0,5700,0.105,SALARIED
CUS104438,35,49200,57,53,824,1,19200,0.39,SALARIED
CUS104439,59,30000,45,69,697,0,5100,0.17,SALARIED
CUS104440,33,79200,77,53,757,0,21000,0.265,SALARIED
CUS104441,37,139600,33,65,749,1,46500,0.333,SALARIED
CUS104442,52,54600,32,64,701,1,2200,0.04,SALARIED
CUS104443,29,268900,54,52,730,0,64200,0.239,SALARIED
CUS104444,60,158600,29,128,742,1,28800,0.182,SALARIED
CUS104445,40,84300,60,63,761,2,1800,0.03,SALARIED
CUS104446,46,51600,28,123,730,1,18700,0.362,SALARIED
CUS104447,47,41400,20,146,742,0,17900,0.432,SALARIED
CUS104448,41,80800,64,62,750,0,10800,0.134,SALARIED
CUS104449,38,87600,27,52,610,0,30500,0.348,SALARIED
CUS104450,33,77500,90,81,709,3,5500,0.071,SALARIED
CUS104451,36,137500,44,52,741,2,10200,0.074,SALARIED
CUS104452,29,166700,22,92,599,0,17900,0.107,SALARIED
CUS104453,32,105100,51,51,741,2,23400,0.223,SALARIED
CUS104454,58,107700,22,140,844,0,22300,0.207,SALARIED
CUS104455,39,73700,13,80,776,1,3900,0.053,SALARIED
CUS104456,27,84800,40,113,691,3,3400,0.04,SALARIED
CUS104457,55,102300,28,83,850,0,27500,0.269,SALARIED
CUS104458,38,73700,39,26,656,2,8800,0.119,SALARIED
CUS104459,36,114400,27,26,704,0,4800,0.042,SALARIED
CUS104460,59,52800,35,37,808,3,9800,0.186,SALARIED
CUS104461,24,61100,45,55,736,1,22100,0.362,SALARIED
CUS104462,45,53100,16,130,778,0,5500,0.104,SALARIED
CUS104463,52,62900,19,94,791,0,18100,0.288,SALARIED
CUS104464,60,74700,20,89,780,2,25600,0.343,SALARIED
CUS104465,33,135100,27,87,661,1,24900,0.184,SALARIED
CUS104466,37,86600,18,65,694,0,23600,0.273,SALARIED
CUS104467,57,47700,57,42,723,0,5500,0.115,SALARIED
CUS104468,26,45200,29,103,763,2,3000,0.066,SALARIED
CUS104469,39,70500,21,96,734,2,6800,0.096,SALARIED
CUS104470,33,123700,41,30,680,1,12300,0.099,SALARIED
CUS104471,46,159800,29,55,705,3,15300,0.096,SALARIED
CUS104472,34,41500,73,29,780,2,10300,0.248,SALARIED
CUS104473,51,100500,26,11,611,1,43100,0.429,SALARIED
CUS104474,24,70900,91,38,729,0,17600,0.248,SALARIED
CUS104475,59,73500,38,47,787,3,15000,0.204,SALARIED
CUS104476,28,52700,37,50,798,0,15600,0.296,SALARIED
CUS104477,45,77000,21,153,633,2,13300,0.173,SALARIED
CUS104478,33,51600,45,75,693,1,7000,0.136,SALARIED
CUS104479,52,75400,77,70,829,1,14400,0.191,SALARIED
CUS104480,58,142500,53,130,652,0,18500,0.13,SALARIED
CUS104481,58,112900,67,48,759,0,19500,0.173,SALARIED
CUS104482,48,201100,6,86,787,0,39400,0.196,SALARIED
CUS104483,50,107700,24,27,774,1,28300,0.263,SALARIED
CUS104484,23,91900,57,22,764,0,27100,0.295,SALARIED
CUS104485,48,109000,46,143,735,2,33700,0.309,SALARIED
CUS104486,23,60000,35,68,745,1,11800,0.197,SALARIED
CUS104487,54,33200,187,47,682,2,3100,0.093,SALARIED
CUS104488,36,121600,19,64,741,1,24600,0.202,SALARIED
CUS104489,42,37900,35,66,797,1,12100,0.319,SALARIED
CUS104490,52,140800,33,54,648,1,4900,0.035,SALARIED
CUS104491,58,119200,43,53,716,1,15000,0.126,SALARIED
CUS104492,28,58000,23,66,692,1,21200,0.366,SALARIED
CUS104493,28,69900,15,79,795,1,18800,0.269,SALARIED
CUS104494,26,84600,27,50,706,1,2600,0.031,SALARIED
CUS104495,34,56100,39,68,850,3,19100,0.34,SALARIED
CUS104496,52,108400,44,53,824,0,21300,0.196,SALARIED
CUS104497,55,112800,45,70,682,1,11000,0.098,SALARIED
CUS104498,30,44400,57,102,673,1,6200,0.14,SALARIED
CUS104499,23,58700,46,108,807,1,6600,0.112,SALARIED
CUS104500,32,83600,44,51,724,2,13700,0.164,SALARIED
CUS104501,51,142000,38,54,672,1,34100,0.24,SALARIED
CUS104502,49,114000,32,65,671,0,29700,0.261,SALARIED
CUS104503,25,30000,103,76,800,0,7600,0.253,SALARIED
CUS104504,45,74500,50,42,748,5,15700,0.211,SALARIED
CUS104505,51,105100,45,63,675,2,18400,0.175,SALARIED
CUS104506,41,59300,34,60,736,0,3500,0.059,SALARIED
CUS104507,40,57300,47,78,732,1,7600,0.133,SALARIED
CUS104508,59,60700,51,84,782,2,13300,0.219,SALARIED
CUS104509,42,74000,25,63,687,2,23600,0.319,SALARIED
CUS104510,24,54700,38,119,695,0,13200,0.241,SALARIED
CUS104511,33,114400,43,44,707,3,43300,0.378,SALARIED
CUS104512,40,57700,69,131,758,2,5200,0.09,SALARIED
CUS104513,33,53300,23,121,665,0,7000,0.131,SALARIED
CUS104514,37,71000,12,26,779,0,16200,0.228,SALARIED
CUS104515,56,165400,56,48,714,1,44200,0.267,SALARIED
CUS104516,53,107700,15,100,793,1,37100,0.344,SALARIED
CUS104517,21,110800,29,37,673,0,15000,0.135,SALARIED
CUS104518,35,96700,37,75,723,1,44000,0.455,SALARIED
CUS104519,33,55500,16,27,706,1,7400,0.133,SALARIED
CUS104520,37,63700,19,70,850,1,11800,0.185,SALARIED
CUS104521,44,59000,12,80,739,0,17100,0.29,SALARIED
CUS104522,28,138900,21,45,676,3,40300,0.29,SALARIED
CUS104523,47,97100,76,89,633,3,6400,0.066,SALARIED
CUS104524,43,40100,93,153,755,0,5500,0.137,SALARIED
CUS104525,28,163400,44,16,695,3,18500,0.113,SALARIED
CUS104526,28,73200,25,64,677,1,18400,0.251,SALARIED
CUS104527,46,114100,41,72,771,2,14200,0.124,SALARIED
CUS104528,33,136500,48,65,727,0,11800,0.086,SALARIED
CUS104529,59,30000,20,52,745,0,5100,0.17,SALARIED
CUS104530,57,104300,22,70,739,2,6300,0.06,SALARIED
CUS104531,48,75900,83,79,723,1,7300,0.096,SALARIED
CUS104532,45,30000,70,50,802,0,2100,0.07,SALARIED
CUS104533,36,51100,38,111,630,1,8600,0.168,SALARIED
CUS104534,22,69300,20,93,641,4,5200,0.075,SALARIED
CUS104535,38,124400,20,53,703,1,5500,0.044,SALARIED
CUS104536,37,78500,22,74,753,1,8900,0.113,SALARIED
CUS104537,50,90900,40,41,769,1,15300,0.168,SALARIED
CUS104538,59,72400,42,105,652,1,14400,0.199,SALARIED
CUS104539,33,138700,16,74,800,5,32900,0.237,SALARIED
CUS104540,52,107500,25,22,850,4,21400,0.199,SALARIED
CUS104541,49,91500,21,70,754,0,20100,0.22,SALARIED
CUS104542,50,50800,41,70,707,0,4000,0.079,SALARIED
CUS104543,38,89700,67,32,790,1,28400,0.317,SALARIED
CUS104544,33,297200,17,57,799,0,64100,0.216,SALARIED
CUS104545,41,121600,5,120,717,1,11900,0.098,SALARIED
CUS104546,50,60900,16,178,711,4,17300,0.284,SALARIED
CUS104547,41,195600,25,42,733,0,5600,0.03,SALARIED
CUS104548,37,59700,52,35,784,0,20000,0.335,SALARIED
CUS104549,60,117200,55,53,791,1,21100,0.18,SALARIED
CUS104550,39,83300,19,88,723,0,33100,0.397,SALARIED
CUS104551,35,92300,27,92,783,3,10500,0.114,SALARIED
CUS104552,29,93800,40,45,705,1,21200,0.226,SALARIED
CUS104553,30,76000,27,11,848,1,14500,0.191,SALARIED
CUS104554,51,71300,50,56,680,1,5300,0.074,SALARIED
CUS104555,43,47000,51,48,773,0,16800,0.357,SALARIED
CUS104556,50,51200,79,100,723,2,7300,0.143,SALARIED
CUS104557,53,98800,46,85,724,2,10000,0.101,SALARIED
CUS104558,29,62500,80,101,719,1,15500,0.248,SALARIED
CUS104559,21,56400,69,33,699,1,3800,0.067,SALARIED
CUS104560,55,303400,87,26,691,2,59700,0.197,SALARIED
CUS104561,31,260600,44,63,679,3,9800,0.038,SALARIED
CUS104562,54,110400,19,53,728,0,21100,0.191,SALARIED
CUS104563,36,117600,62,24,739,2,18400,0.156,SALARIED
CUS104564,29,59000,4,54,706,0,1900,0.032,SALARIED
CUS104565,52,49900,36,26,617,0,10700,0.214,SALARIED
CUS104566,35,72900,43,23,737,0,6800,0.093,SALARIED
CUS104567,32,85000,49,54,726,3,17200,0.202,SALARIED
CUS104568,53,117200,15,40,788,2,11900,0.102,SALARIED
CUS104569,34,37300,18,55,728,1,9700,0.26,SALARIED
CUS104570,28,223400,26,32,753,2,49500,0.222,SALARIED
CUS104571,28,95000,57,65,800,0,21500,0.226,SALARIED
CUS104572,47,42300,70,46,844,0,2800,0.066,SALARIED
CUS104573,32,91200,40,88,734,3,4400,0.048,SALARIED
CUS104574,21,56600,78,62,666,1,9200,0.163,SALARIED
CUS104575,60,54900,55,23,813,0,1200,0.03,SALARIED
CUS104576,31,52700,48,92,548,0,16100,0.306,SALARIED
CUS104577,59,75700,28,54,678,0,2000,0.03,SALARIED
CUS104578,51,219000,74,71,691,0,16900,0.077,SALARIED
CUS104579,37,88600,54,130,776,1,17000,0.192,SALARIED
CUS104580,53,116200,71,93,726,2,4800,0.041,SALARIED
CUS104581,52,129700,41,89,673,0,41200,0.318,SALARIED
CUS104582,49,79600,39,71,850,0,32700,0.411,SALARIED
CUS104583,41,50400,97,71,714,0,9900,0.196,SALARIED
CUS104584,41,41400,58,54,672,2,9400,0.227,SALARIED
CUS104585,60,71400,19,84,668,2,20700,0.29,SALARIED
CUS104586,43,142200,22,54,668,4,15600,0.11,SALARIED
CUS104587,26,129500,31,73,737,1,26400,0.204,SALARIED
CUS104588,42,95400,45,67,707,0,9700,0.102,SALARIED
CUS104589,58,101300,18,139,706,0,3900,0.038,SALARIED
CUS104590,57,79900,46,154,742,0,10500,0.131,SALARIED
CUS104591,28,68400,46,84,722,2,11800,0.173,SALARIED
CUS104592,55,61000,12,180,751,2,5300,0.087,SALARIED
CUS104593,31,43800,14,131,719,0,3700,0.084,SALARIED
CUS104594,44,190800,61,40,717,0,29700,0.156,SALARIED
CUS104595,41,91800,38,103,691,3,17700,0.193,SALARIED
CUS104596,22,69700,23,144,727,1,8800,0.126,SALARIED
CUS104597,60,192900,45,41,764,1,38800,0.201,SALARIED
CUS104598,39,210200,60,92,788,1,61900,0.294,SALARIED
CUS104599,59,292400,48,33,739,0,18900,0.065,SALARIED
CUS104600,48,76000,47,54,548,3,19800,0.261,SALARIED
CUS104601,37,89100,55,38,823,1,9300,0.104,SALARIED
CUS104602,26,113900,69,65,697,1,33300,0.292,SALARIED
CUS104603,39,179600,70,177,739,1,44600,0.248,SALARIED
CUS104604,58,87400,32,108,768,4,13700,0.157,SALARIED
CUS104605,48,54600,54,68,787,3,6200,0.114,SALARIED
CUS104606,22,60600,64,27,850,0,10400,0.172,SALARIED
CUS104607,58,144400,54,78,748,2,31100,0.215,SALARIED
CUS104608,57,112400,20,114,775,1,22200,0.198,SALARIED
CUS104609,24,78600,59,63,747,1,16000,0.204,SALARIED
CUS104610,42,76300,18,91,790,0,5500,0.072,SALARIED
CUS104611,46,78600,49,36,791,3,6200,0.079,SALARIED
CUS104612,56,148400,22,65,807,1,57800,0.389,SALARIED
CUS104613,33,59600,39,57,675,1,18600,0.312,SALARIED
CUS104614,52,49200,41,118,725,1,13400,0.272,SALARIED
CUS104615,37,192500,58,62,791,2,56900,0.296,SALARIED
CUS104616,56,86000,28,42,723,1,32500,0.378,SALARIED
CUS104617,39,82000,52,29,761,1,12200,0.149,SALARIED
CUS104618,55,115000,75,97,744,2,9400,0.082,SALARIED
CUS104619,60,54500,66,82,723,0,10600,0.194,SALARIED
CUS104620,48,119100,69,63,637,2,16200,0.136,SALARIED
CUS104621,21,71600,8,107,702,2,4900,0.068,SALARIED
CUS104622,38,141100,18,51,757,3,39600,0.281,SALARIED
CUS104623,60,42600,16,83,748,2,12000,0.282,SALARIED
CUS104624,53,104100,19,92,714,0,36300,0.349,SALARIED
CUS104625,32,76600,13,61,722,1,18000,0.235,SALARIED
CUS104626,28,61900,12,180,850,2,15300,0.247,SALARIED
CUS104627,44,120300,28,44,745,1,17500,0.145,SALARIED
CUS104628,36,79500,55,131,701,0,10100,0.127,SALARIED
CUS104629,24,104800,62,96,667,1,36800,0.351,SALARIED
CUS104630,58,150200,19,60,792,1,69100,0.46,SALARIED
CUS104631,47,121400,38,25,735,1,24100,0.199,SALARIED
CUS104632,29,52300,56,127,686,4,4700,0.09,SALARIED
CUS104633,36,66600,67,68,631,1,20500,0.308,SALARIED
CUS104634,32,104500,77,130,728,0,17900,0.171,SALARIED
CUS104635,51,121500,60,53,846,3,14200,0.117,SALARIED
CUS104636,44,71300,76,16,800,2,4000,0.056,SALARIED
CUS104637,34,92900,17,95,707,2,2100,0.03,SALARIED
CUS104638,45,92700,22,19,762,1,24600,0.265,SALARIED
CUS104639,54,98600,26,103,656,2,16700,0.169,SALARIED
CUS104640,23,50000,5,60,724,0,5200,0.104,SALARIED
CUS104641,44,45000,46,95,736,1,15900,0.353,SALARIED
CUS104642,29,30800,10,105,660,1,4000,0.13,SALARIED
CUS104643,46,89100,23,180,685,0,23300,0.262,SALARIED
CUS104644,40,46000,51,126,697,0,8300,0.18,SALARIED
CUS104645,60,222300,19,46,757,2,31500,0.142,SALARIED
CUS104646,30,114100,35,30,749,0,35700,0.313,SALARIED
CUS104647,39,49900,46,52,685,3,2600,0.052,SALARIED
CUS104648,23,141700,24,48,769,1,60300,0.426,SALARIED
CUS104649,44,141800,66,86,736,2,10800,0.076,SALARIED
CUS104650,25,147100,59,44,830,0,60400,0.411,SALARIED
CUS104651,23,59100,76,41,666,0,3400,0.058,SALARIED
CUS104652,47,117300,33,51,824,0,11100,0.095,SALARIED
CUS104653,36,148200,38,64,709,1,74400,0.502,SALARIED
CUS104654,35,172400,60,73,822,1,35700,0.207,SALARIED
CUS104655,55,42800,117,138,770,2,16900,0.395,SALARIED
CUS104656,32,77100,28,48,661,2,11800,0.153,SALARIED
CUS104657,46,58100,39,61,743,2,25000,0.43,SALARIED
CUS104658,54,196700,28,95,815,2,16100,0.082,SALARIED
CUS104659,43,106000,80,85,695,2,23900,0.225,SALARIED
CUS104660,51,126900,47,91,800,1,9700,0.076,SALARIED
CUS104661,40,105300,27,45,800,1,11300,0.107,SALARIED
CUS104662,32,100600,24,37,821,4,8600,0.085,SALARIED
CUS104663,43,57600,49,39,765,2,7700,0.134,SALARIED
CUS104664,24,69500,31,48,694,0,22200,0.319,SALARIED
CUS104665,43,87800,71,130,775,2,39900,0.454,SALARIED
CUS104666,21,63500,32,57,802,1,8200,0.129,SALARIED
CUS104667,45,58400,43,22,781,1,14500,0.248,SALARIED
CUS104668,22,77500,11,55,615,4,2300,0.03,SALARIED
CUS104669,50,64700,12,78,748,1,19600,0.303,SALARIED
CUS104670,23,86900,57,40,775,4,4400,0.051,SALARIED
CUS104671,41,69600,40,69,818,1,15400,0.221,SALARIED
CUS104672,45,62500,58,121,649,1,7500,0.12,SALARIED
CUS104673,40,56000,45,94,674,1,11500,0.205,SALARIED
CUS104674,42,85200,64,44,732,2,15600,0.183,SALARIED
CUS104675,41,126800,76,86,850,0,35500,0.28,SALARIED
CUS104676,53,113900,55,81,778,2,28100,0.247,SALARIED
CUS104677,58,42800,26,68,696,1,1600,0.037,SALARIED
CUS104678,35,125200,40,98,733,1,24600,0.196,SALARIED
CUS104679,35,113600,23,135,774,0,1100,0.03,SALARIED
CUS104680,45,126700,24,67,754,2,23700,0.187,SALARIED
CUS104681,41,138400,17,27,749,1,47100,0.34,SALARIED
CUS104682,44,61300,43,70,711,0,11500,0.188,SALARIED
CUS104683,25,74300,122,42,714,4,11000,0.148,SALARIED
CUS104684,26,190300,50,122,755,2,30600,0.161,SALARIED
CUS104685,43,185200,12,31,770,3,69200,0.374,SALARIED
CUS104686,24,82100,24,89,636,1,18800,0.229,SALARIED
CUS104687,47,111500,35,31,726,2,37500,0.336,SALARIED
CUS104688,38,116000,64,30,807,0,62300,0.537,SALARIED
CUS104689,41,187500,45,41,850,1,19700,0.105,SALARIED
CUS104690,48,99300,79,39,782,0,21200,0.213,SALARIED
CUS104691,55,49300,26,27,767,0,7100,0.144,SALARIED
CUS104692,42,68600,53,117,799,2,8800,0.128,SALARIED
CUS104693,60,348200,57,117,754,2,111500,0.32,SALARIED
CUS104694,43,48200,21,38,671,0,12400,0.257,SALARIED
CUS104695,23,86900,60,122,718,0,7900,0.091,SALARIED
CUS104696,60,240700,49,78,657,4,69900,0.29,SALARIED
CUS104697,30,59300,41,31,784,3,25900,0.437,SALARIED
CUS104698,45,30000,46,115,625,1,400,0.03,SALARIED
CUS104699,28,30000,128,145,753,0,9300,0.31,SALARIED
CUS104700,31,59500,33,55,759,3,6900,0.116,SALARIED
CUS104701,25,38400,76,31,734,2,4200,0.109,SALARIED
CUS104702,57,135600,61,79,584,0,62600,0.462,SALARIED
CUS104703,58,95900,16,18,657,1,6000,0.063,SALARIED
CUS104704,49,32500,32,58,742,0,3000,0.092,SALARIED
CUS104705,25,41500,64,45,779,2,9600,0.231,SALARIED
CUS104706,29,148500,10,26,735,1,15200,0.102,SALARIED
CUS104707,22,92700,110,103,809,0,25600,0.276,SALARIED
CUS104708,21,162000,68,154,765,0,9200,0.057,SALARIED
CUS104709,60,140600,21,80,736,2,26000,0.185,SALARIED
CUS104710,50,50600,21,56,732,3,22200,0.439,SALARIED
CUS104711,31,126400,15,31,697,0,14600,0.116,SALARIED
CUS104712,48,109500,45,88,850,0,10400,0.095,SALARIED
CUS104713,32,35200,44,87,780,1,6900,0.196,SALARIED
CUS104714,59,46100,43,33,757,1,11900,0.258,SALARIED
CUS104715,46,254600,41,98,729,2,120800,0.474,SALARIED
CUS104716,33,56000,72,40,746,2,3100,0.055,SALARIED
CUS104717,28,102300,62,102,629,1,20700,0.202,SALARIED
CUS104718,48,78000,64,84,738,1,28900,0.371,SALARIED
CUS104719,50,92300,32,21,733,1,10800,0.117,SALARIED
CUS104720,29,80400,37,59,587,4,4700,0.058,SALARIED
CUS104721,59,131200,90,87,808,0,23400,0.178,SALARIED
CUS104722,51,129700,32,49,751,1,13000,0.1,SALARIED
CUS104723,41,89600,32,86,745,1,18600,0.208,SALARIED
CUS104724,54,56600,16,76,697,0,5500,0.097,SALARIED
CUS104725,51,65800,103,70,813,2,10100,0.153,SALARIED
CUS104726,45,41800,68,64,756,0,5000,0.12,SALARIED
CUS104727,32,73100,69,73,676,0,6700,0.092,SALARIED
CUS104728,21,38400,76,19,660,0,500,0.03,SALARIED
CUS104729,42,93800,37,162,678,0,23800,0.254,SALARIED
CUS104730,60,97100,47,73,710,1,18300,0.188,SALARIED
CUS104731,57,133600,60,111,702,1,7500,0.056,SALARIED
CUS104732,21,49100,62,94,703,0,6800,0.138,SALARIED
CUS104733,21,50600,8,56,758,0,4000,0.079,SALARIED
CUS104734,41,168800,40,59,705,2,16700,0.099,SALARIED
CUS104735,35,45900,72,115,803,0,12600,0.275,SALARIED
CUS104736,37,213900,50,79,843,1,72900,0.341,SALARIED
CUS104737,42,56100,83,160,672,1,13200,0.235,SALARIED
CUS104738,58,56300,27,49,807,2,14900,0.265,SALARIED
CUS104739,55,124200,32,47,684,3,35400,0.285,SALARIED
CUS104740,36,108800,115,54,787,2,8000,0.074,SALARIED
CUS104741,28,177900,43,154,759,1,21700,0.122,SALARIED
CUS104742,37,36300,27,44,800,2,1700,0.047,SALARIED
CUS104743,37,108100,46,95,673,3,12100,0.112,SALARIED
CUS104744,46,83300,73,45,774,0,4200,0.05,SALARIED
CUS104745,33,52400,22,61,676,3,6500,0.124,SALARIED
CUS104746,37,198200,10,105,719,2,19400,0.098,SALARIED
CUS104747,58,94500,87,89,689,1,31100,0.329,SALARIED
CUS104748,37,82600,69,125,673,0,42700,0.517,SALARIED
CUS104749,34,104300,15,122,740,2,15900,0.152,SALARIED
CUS104750,26,39100,31,11,778,1,3200,0.082,SALARIED
CUS104751,55,48500,52,87,741,0,6900,0.142,SALARIED
CUS104752,34,73200,62,76,736,3,7500,0.102,SALARIED
CUS104753,28,98000,52,98,722,3,8100,0.083,SALARIED
CUS104754,35,150800,41,52,787,1,28600,0.19,SALARIED
CUS104755,47,57100,8,86,691,0,3100,0.054,SALARIED
CUS104756,33,51500,45,33,784,1,14500,0.282,SALARIED
CUS104757,51,106500,7,55,734,2,4200,0.039,SALARIED
CUS104758,55,80000,41,78,850,0,28600,0.358,SALARIED
CUS104759,26,35800,53,148,741,3,17700,0.494,SALARIED
CUS104760,25,56200,88,161,729,1,11800,0.21,SALARIED
CUS104761,42,78300,62,155,635,2,11200,0.143,SALARIED
CUS104762,43,79300,40,33,805,0,20400,0.257,SALARIED
CUS104763,45,88500,48,87,684,0,5500,0.062,SALARIED
CUS104764,54,47300,20,18,736,2,7000,0.148,SALARIED
CUS104765,46,80100,32,78,719,1,12800,0.16,SALARIED
CUS104766,25,130200,56,61,766,1,50000,0.384,SALARIED
CUS104767,46,30000,21,25,719,1,6100,0.203,SALARIED
CUS104768,40,74900,36,78,667,2,4500,0.06,SALARIED
CUS104769,26,40200,34,129,682,0,6200,0.154,SALARIED
CUS104770,26,83800,107,33,674,2,17700,0.211,SALARIED
CUS104771,38,43200,46,75,745,1,2300,0.053,SALARIED
CUS104772,24,90300,64,34,806,1,14200,0.157,SALARIED
CUS104773,37,176700,9,108,718,0,13500,0.076,SALARIED
CUS104774,34,54700,43,30,768,1,6000,0.11,SALARIED
CUS104775,34,58400,12,50,784,1,11000,0.188,SALARIED
CUS104776,33,68800,48,72,752,2,11000,0.16,SALARIED
CUS104777,27,98100,46,53,689,2,18300,0.187,SALARIED
CUS104778,35,53700,45,43,805,1,1900,0.035,SALARIED
CUS104779,39,71600,16,140,691,1,6300,0.088,SALARIED
CUS104780,55,62900,49,129,753,3,7500,0.119,SALARIED
CUS104781,37,68900,28,94,735,0,12800,0.186,SALARIED
CUS104782,55,98600,53,108,761,1,32800,0.333,SALARIED
CUS104783,39,108900,63,121,756,2,13500,0.124,SALARIED
CUS104784,40,43700,48,85,779,0,1900,0.043,SALARIED
CUS104785,56,98500,28,45,740,0,2300,0.03,SALARIED
CUS104786,55,350100,27,34,768,0,20900,0.06,SALARIED
CUS104787,52,170300,38,89,785,2,51200,0.301,SALARIED
CUS104788,60,63700,24,101,650,1,16000,0.251,SALARIED
CUS104789,44,90200,45,76,808,4,26500,0.294,SALARIED
CUS104790,37,83700,51,78,725,4,8800,0.105,SALARIED
CUS104791,27,104500,8,63,753,1,7100,0.068,SALARIED
CUS104792,21,70300,58,137,743,2,8100,0.115,SALARIED
CUS104793,55,75300,49,73,713,1,7300,0.097,SALARIED
CUS104794,52,61200,27,18,729,1,12400,0.203,SALARIED
CUS104795,56,139200,70,51,742,4,22000,0.158,SALARIED
CUS104796,33,97800,21,83,724,3,32300,0.33,SALARIED
CUS104797,26,98100,34,69,795,2,3500,0.036,SALARIED
CUS104798,34,147100,41,94,785,2,24400,0.166,SALARIED
CUS104799,57,148100,34,64,707,0,23900,0.161,SALARIED
CUS104800,35,136000,32,82,845,2,15300,0.112,SALARIED
CUS104801,24,146100,31,119,653,3,16400,0.112,SALARIED
CUS104802,60,171700,41,73,676,0,24700,0.144,SALARIED
CUS104803,36,55000,56,125,731,2,14400,0.262,SALARIED
CUS104804,48,74300,74,100,752,0,800,0.03,SALARIED
CUS104805,36,116900,50,96,695,1,11700,0.1,SALARIED
CUS104806,24,57100,49,105,716,2,6100,0.107,SALARIED
CUS104807,46,72200,46,58,678,1,26000,0.36,SALARIED
CUS104808,48,92800,27,77,719,0,29700,0.32,SALARIED
CUS104809,52,76600,25,91,650,0,2000,0.03,SALARIED
CUS104810,22,87600,30,54,715,0,21000,0.24,SALARIED
CUS104811,51,50800,18,29,713,2,11200,0.22,SALARIED
CUS104812,23,83600,47,50,673,0,2100,0.03,SALARIED
CUS104813,28,90300,43,168,817,0,6700,0.074,SALARIED
CUS104814,44,175800,60,103,768,0,5400,0.031,SALARIED
CUS104815,35,75300,24,54,802,1,24000,0.319,SALARIED
CUS104816,51,63400,61,143,738,0,9600,0.151,SALARIED
CUS104817,29,117200,35,76,762,0,20400,0.174,SALARIED
CUS104818,59,30000,31,70,727,3,5400,0.18,SALARIED
CUS104819,22,73700,62,93,726,1,9500,0.129,SALARIED
CUS104820,28,67500,9,71,776,0,10500,0.156,SALARIED
CUS104821,27,95600,87,46,693,0,15600,0.163,SALARIED
CUS104822,59,148900,119,33,727,2,54000,0.363,SALARIED
CUS104823,36,170800,76,110,834,3,67900,0.398,SALARIED
CUS104824,55,95000,26,57,731,0,3400,0.036,SALARIED
CUS104825,50,42300,55,84,745,0,4300,0.102,SALARIED
CUS104826,30,67400,72,114,790,0,13600,0.202,SALARIED
CUS104827,58,70900,28,42,799,2,27700,0.391,SALARIED
CUS104828,38,100300,45,14,790,0,25300,0.252,SALARIED
CUS104829,25,87200,63,23,675,0,11900,0.136,SALARIED
CUS104830,49,62400,62,49,709,0,9000,0.144,SALARIED
CUS104831,59,48400,50,41,830,3,18900,0.39,SALARIED
CUS104832,54,57500,45,123,724,0,6900,0.12,SALARIED
CUS104833,43,56600,53,61,765,0,15700,0.277,SALARIED
CUS104834,25,176300,74,48,780,3,40800,0.231,SALARIED
CUS104835,50,60100,29,85,825,1,13000,0.216,SALARIED
CUS104836,26,87300,50,139,685,2,25600,0.293,SALARIED
CUS104837,24,131400,54,44,749,2,7700,0.059,SALARIED
CUS104838,49,92800,39,95,733,3,19200,0.207,SALARIED
CUS104839,43,52100,21,64,850,1,11700,0.225,SALARIED
CUS104840,26,132400,28,70,703,0,41700,0.315,SALARIED
CUS104841,52,99700,28,114,683,1,14900,0.149,SALARIED
CUS104842,38,31800,43,153,843,0,2600,0.082,SALARIED
CUS104843,35,148900,44,51,850,2,12700,0.085,SALARIED
CUS104844,60,125900,39,47,801,1,43700,0.347,SALARIED
CUS104845,52,99000,38,112,648,1,11800,0.119,SALARIED
CUS104846,29,177400,78,158,681,0,32800,0.185,SALARIED
CUS104847,57,124600,4,115,687,2,29200,0.234,SALARIED
CUS104848,30,141200,76,99,847,0,1800,0.03,SALARIED
CUS104849,40,135500,44,71,731,1,35100,0.259,SALARIED
CUS104850,26,119500,138,89,751,0,5100,0.043,SALARIED
CUS104851,23,38000,59,87,717,0,11100,0.292,SALARIED
CUS104852,31,40100,28,73,662,2,16200,0.404,SALARIED
CUS104853,37,124700,17,86,695,1,24500,0.196,SALARIED
CUS104854,52,148000,89,68,843,1,25200,0.17,SALARIED
CUS104855,24,61900,81,35,733,0,3900,0.063,SALARIED
CUS104856,24,51500,58,45,634,2,10600,0.206,SALARIED
CUS104857,37,95700,69,66,771,0,18800,0.196,SALARIED
CUS104858,39,44200,94,78,731,0,13000,0.294,SALARIED
CUS104859,25,78800,48,60,732,2,18200,0.231,SALARIED
CUS104860,52,72400,20,66,722,0,6100,0.084,SALARIED
CUS104861,42,76800,62,22,671,2,6300,0.082,SALARIED
CUS104862,26,198500,61,85,698,1,39900,0.201,SALARIED
CUS104863,55,63900,76,130,850,0,17100,0.268,SALARIED
CUS104864,42,87100,43,81,784,1,6300,0.072,SALARIED
CUS104865,21,47100,46,102,773,0,3600,0.076,SALARIED
CUS104866,40,129800,36,81,724,2,9400,0.072,SALARIED
CUS104867,42,78400,59,50,740,2,500,0.03,SALARIED
CUS104868,31,144400,13,63,828,1,19700,0.136,SALARIED
CUS104869,33,30000,28,35,741,4,8800,0.293,SALARIED
CUS104870,23,82800,45,58,750,0,16200,0.196,SALARIED
CUS104871,29,90200,59,30,765,4,36100,0.4,SALARIED
CUS104872,32,128100,111,84,667,0,47300,0.369,SALARIED
CUS104873,43,63700,38,50,728,2,16400,0.257,SALARIED
CUS104874,34,121100,61,155,667,0,36300,0.3,SALARIED
CUS104875,53,67000,46,35,582,4,10300,0.154,SALARIED
CUS104876,38,88700,24,54,653,1,8100,0.091,SALARIED
CUS104877,29,128700,54,33,733,1,92300,0.717,SALARIED
CUS104878,43,55900,48,90,808,4,23500,0.42,SALARIED
CUS104879,30,118600,32,55,754,1,26300,0.222,SALARIED
CUS104880,39,98800,38,55,761,5,12400,0.126,SALARIED
CUS104881,25,73100,39,68,791,1,8600,0.118,SALARIED
CUS104882,43,62900,38,76,837,0,19900,0.316,SALARIED
CUS104883,50,33000,85,37,776,1,12700,0.385,SALARIED
CUS104884,45,82000,41,56,694,1,13600,0.166,SALARIED
CUS104885,48,73200,22,116,732,0,9800,0.134,SALARIED
CUS104886,54,113300,19,68,812,2,39900,0.352,SALARIED
CUS104887,45,108300,40,77,774,1,11300,0.104,SALARIED
CUS104888,30,137600,47,42,693,2,19700,0.143,SALARIED
CUS104889,34,139900,36,59,752,1,13100,0.094,SALARIED
CUS104890,50,351700,39,73,810,2,65400,0.186,SALARIED
CUS104891,45,107100,40,59,791,0,18900,0.176,SALARIED
CUS104892,34,57700,15,59,775,0,14400,0.25,SALARIED
CUS104893,55,123300,26,121,678,1,35900,0.291,SALARIED
CUS104894,54,175100,26,104,681,1,20800,0.119,SALARIED
CUS104895,30,105300,36,180,741,2,15600,0.148,SALARIED
CUS104896,55,32700,28,95,838,0,9600,0.294,SALARIED
CUS104897,31,109100,18,80,767,0,38900,0.357,SALARIED
CUS104898,31,64000,54,54,736,1,2000,0.031,SALARIED
CUS104899,41,46900,38,51,700,2,2300,0.049,SALARIED
CUS104900,41,92400,24,60,778,0,42400,0.459,SALARIED
CUS104901,42,42800,22,69,800,3,4500,0.105,SALARIED
CUS104902,27,134700,25,50,717,3,28900,0.215,SALARIED
CUS104903,37,118100,13,26,723,2,24400,0.207,SALARIED
CUS104904,22,81700,59,95,707,3,4700,0.058,SALARIED
CUS104905,32,66400,64,104,675,1,17000,0.256,SALARIED
CUS104906,38,78200,42,55,647,2,11100,0.142,SALARIED
CUS104907,31,53900,49,101,778,1,600,0.03,SALARIED
CUS104908,36,82100,24,105,663,0,16700,0.203,SALARIED
CUS104909,38,30000,62,85,785,0,2900,0.097,SALARIED
CUS104910,55,88500,16,63,611,4,4500,0.051,SALARIED
CUS104911,46,89500,27,80,772,2,35400,0.396,SALARIED
CUS104912,36,124300,46,97,712,1,15600,0.126,SALARIED
CUS104913,26,97300,55,64,753,0,4300,0.044,SALARIED
CUS104914,32,132000,29,80,721,2,31700,0.24,SALARIED
CUS104915,33,108700,44,117,710,2,39100,0.36,SALARIED
CUS104916,24,135500,25,61,673,2,1300,0.03,SALARIED
CUS104917,59,276500,35,40,733,1,108200,0.391,SALARIED
CUS104918,22,102700,40,145,819,1,21800,0.212,SALARIED
CUS104919,46,92300,30,60,775,0,10500,0.114,SALARIED
CUS104920,47,145000,53,86,670,0,3300,0.03,SALARIED
CUS104921,47,68900,29,82,718,0,2800,0.041,SALARIED
CUS104922,35,80600,45,102,713,0,14100,0.175,SALARIED
CUS104923,28,102700,32,42,764,0,2900,0.03,SALARIED
CUS104924,27,87800,63,122,650,0,17900,0.204,SALARIED
CUS104925,60,87600,38,25,792,0,20900,0.239,SALARIED
CUS104926,32,127400,29,27,850,0,7300,0.057,SALARIED
CUS104927,33,39600,51,53,744,0,7900,0.199,SALARIED
CUS104928,37,212200,19,86,722,0,11500,0.054,SALARIED
CUS104929,37,105800,31,61,793,1,5600,0.053,SALARIED
CUS104930,56,71000,51,36,676,0,19300,0.272,SALARIED
CUS104931,41,176800,37,67,803,1,27400,0.155,SALARIED
CUS104932,28,89100,38,84,684,1,33700,0.378,SALARIED
CUS104933,25,90100,28,49,850,1,13600,0.151,SALARIED
CUS104934,46,77200,42,101,630,2,37700,0.488,SALARIED
CUS104935,36,164500,19,90,697,1,24600,0.15,SALARIED
CUS104936,56,84600,26,72,757,0,14500,0.171,SALARIED
CUS104937,48,66100,22,115,775,0,1300,0.03,SALARIED
CUS104938,49,133200,63,72,708,2,35700,0.268,SALARIED
CUS104939,32,144700,43,68,805,0,32700,0.226,SALARIED
CUS104940,57,175100,47,100,677,1,73700,0.421,SALARIED
CUS104941,50,113000,36,29,675,2,6400,0.057,SALARIED
CUS104942,43,142400,76,57,663,0,69700,0.489,SALARIED
CUS104943,36,75600,78,26,747,3,25000,0.331,SALARIED
CUS104944,34,134900,14,76,727,2,30400,0.225,SALARIED
CUS104945,30,118700,31,53,668,0,31000,0.261,SALARIED
CUS104946,27,107900,51,57,744,1,19200,0.178,SALARIED
CUS104947,57,42200,34,20,671,1,11100,0.263,SALARIED
CUS104948,49,71400,16,81,750,0,20100,0.282,SALARIED
CUS104949,23,83300,22,59,786,1,20700,0.248,SALARIED
CUS104950,35,108000,16,38,676,0,6800,0.063,SALARIED
CUS104951,56,250400,11,87,713,1,97900,0.391,SALARIED
CUS104952,39,125100,48,74,819,1,58300,0.466,SALARIED
CUS104953,33,59000,23,114,709,3,14100,0.239,SALARIED
CUS104954,41,68500,44,54,705,3,4000,0.058,SALARIED
CUS104955,57,158900,46,80,850,1,21700,0.137,SALARIED
CUS104956,47,67100,29,48,792,1,10600,0.158,SALARIED
CUS104957,49,134400,33,37,713,2,600,0.03,SALARIED
CUS104958,40,89600,42,31,770,0,24100,0.269,SALARIED
CUS104959,45,78900,31,64,603,0,8400,0.106,SALARIED
CUS104960,26,67600,32,106,698,0,15400,0.228,SALARIED
CUS104961,56,30000,72,115,718,1,16400,0.547,SALARIED
CUS104962,22,108400,33,86,707,4,16400,0.151,SALARIED
CUS104963,42,52900,27,84,692,2,12500,0.236,SALARIED
CUS104964,52,44900,48,63,766,2,11700,0.261,SALARIED
CUS104965,36,95000,66,138,718,2,29600,0.312,SALARIED
CUS104966,38,135100,40,53,727,0,34400,0.255,SALARIED
CUS104967,25,39600,21,78,714,1,1200,0.03,SALARIED
CUS104968,56,133500,10,71,708,3,22000,0.165,SALARIED
CUS104969,50,56600,151,134,770,3,29900,0.528,SALARIED
CUS104970,39,113800,86,103,771,1,36100,0.317,SALARIED
CUS104971,43,110300,84,100,777,1,7900,0.072,SALARIED
CUS104972,54,77500,56,75,735,2,9100,0.117,SALARIED
CUS104973,33,86200,32,118,735,4,5700,0.066,SALARIED
CUS104974,49,71100,71,62,717,0,13200,0.186,SALARIED
CUS104975,56,95700,33,93,781,1,17800,0.186,SALARIED
CUS104976,42,95300,50,94,692,0,4600,0.048,SALARIED
CUS104977,56,56100,47,109,741,0,12900,0.23,SALARIED
CUS104978,29,46100,32,24,730,2,12200,0.265,SALARIED
CUS104979,59,133800,88,22,678,3,24700,0.185,SALARIED
CUS104980,39,93200,53,39,720,0,9700,0.104,SALARIED
CUS104981,58,125700,23,76,720,0,23500,0.187,SALARIED
CUS104982,26,62900,32,72,788,2,7600,0.121,SALARIED
CUS104983,35,58700,74,38,749,1,9300,0.158,SALARIED
CUS104984,40,53900,38,79,775,1,9500,0.176,SALARIED
CUS104985,29,78400,7,115,651,1,24900,0.318,SALARIED
CUS104986,52,94400,62,119,685,1,14200,0.15,SALARIED
CUS104987,24,66500,15,87,802,1,6500,0.098,SALARIED
CUS104988,38,171900,33,59,688,2,43100,0.251,SALARIED
CUS104989,25,63700,55,58,743,1,5700,0.089,SALARIED
CUS104990,40,95100,27,36,702,2,7800,0.082,SALARIED
CUS104991,43,57100,76,124,778,0,16300,0.285,SALARIED
CUS104992,31,62800,41,67,716,1,13100,0.209,SALARIED
CUS104993,57,81800,68,85,728,2,31600,0.386,SALARIED
CUS104994,42,58400,55,54,691,1,18300,0.313,SALARIED
CUS104995,24,88500,27,75,712,0,24600,0.278,SALARIED
CUS104996,49,103600,23,34,782,3,31400,0.303,SALARIED
CUS104997,54,139000,25,91,731,4,10200,0.073,SALARIED
CUS104998,33,52300,36,87,677,1,11900,0.228,SALARIED
CUS104999,29,91700,25,119,776,1,41200,0.449,SALARIED
CUS105000,51,82700,131,62,694,1,7000,0.085,SALARIED
CUS105001,27,37000,25,112,748,0,6000,0.162,SALARIED
CUS105002,24,51100,6,57,716,1,800,0.03,SALARIED
CUS105003,39,105300,14,47,795,2,25800,0.245,SALARIED
CUS105004,50,46200,12,44,815,0,5700,0.123,SALARIED
CUS105005,51,82200,36,27,739,4,23200,0.282,SALARIED
CUS105006,55,32700,22,113,578,2,4900,0.15,SALARIED
CUS105007,41,81200,39,92,719,2,9500,0.117,SALARIED
CUS105008,51,33700,15,21,708,2,3400,0.101,SALARIED
CUS105009,39,64800,52,44,729,2,18800,0.29,SALARIED
CUS105010,51,69800,61,100,781,1,3900,0.056,SALARIED
CUS105011,52,89800,14,47,705,1,10500,0.117,SALARIED
CUS105012,22,75900,41,102,729,0,6700,0.088,SALARIED
CUS105013,30,48700,15,152,752,1,15200,0.312,SALARIED
CUS105014,22,49200,132,72,761,1,12000,0.244,SALARIED
CUS105015,22,41100,49,57,754,0,5300,0.129,SALARIED
CUS105016,44,93300,24,134,689,1,16100,0.173,SALARIED
CUS105017,37,91400,54,63,792,2,12400,0.136,SALARIED
CUS105018,52,114900,38,100,746,2,34700,0.302,SALARIED
CUS105019,36,67900,40,40,633,2,11200,0.165,SALARIED
CUS105020,36,38900,37,82,677,1,11900,0.306,SALARIED
CUS105021,59,73700,17,37,728,0,15300,0.208,SALARIED
CUS105022,51,85400,32,33,756,0,5000,0.059,SALARIED
CUS105023,44,50300,37,38,779,1,2200,0.044,SALARIED
CUS105024,21,52500,20,72,828,1,12900,0.246,SALARIED
CUS105025,31,104100,85,80,730,1,26200,0.252,SALARIED
CUS105026,41,88900,35,73,738,0,4500,0.051,SALARIED
CUS105027,24,141500,57,76,668,2,25900,0.183,SALARIED
CUS105028,27,184500,27,80,746,2,17800,0.096,SALARIED
CUS105029,46,43200,54,68,754,1,9500,0.22,SALARIED
CUS105030,32,70400,45,40,784,0,39600,0.562,SALARIED
CUS105031,51,89900,41,121,783,0,10500,0.117,SALARIED
CUS105032,37,100100,6,14,751,1,12100,0.121,SALARIED
CUS105033,53,134300,114,76,755,0,14800,0.11,SALARIED
CUS105034,31,118000,79,29,746,1,32600,0.276,SALARIED
CUS105035,48,141900,19,57,728,0,8400,0.059,SALARIED
CUS105036,52,87400,26,81,754,4,20200,0.231,SALARIED
CUS105037,21,64100,20,49,709,1,23300,0.363,SALARIED
CUS105038,48,204400,65,59,667,0,54000,0.264,SALARIED
CUS105039,27,91100,33,70,692,0,18800,0.206,SALARIED
CUS105040,22,76200,81,92,744,4,14800,0.194,SALARIED
CUS105041,44,52500,21,125,762,2,4600,0.088,SALARIED
CUS105042,24,91300,62,23,788,3,13200,0.145,SALARIED
CUS105043,39,133600,72,85,850,1,15800,0.118,SALARIED
CUS105044,46,67900,37,68,756,4,7700,0.113,SALARIED
CUS105045,31,80000,23,56,680,1,11800,0.148,SALARIED
CUS105046,60,95100,13,121,708,4,15100,0.159,SALARIED
CUS105047,31,105100,42,71,801,0,33900,0.323,SALARIED
CUS105048,23,75600,42,42,787,1,1700,0.03,SALARIED
CUS105049,32,71200,8,55,753,1,11100,0.156,SALARIED
CUS105050,23,67500,45,78,676,3,7000,0.104,SALARIED
CUS105051,47,51700,17,27,775,1,15300,0.296,SALARIED
CUS105052,22,60100,58,73,733,0,3200,0.053,SALARIED
CUS105053,36,59400,44,48,749,2,10300,0.173,SALARIED
CUS105054,22,42500,29,37,850,1,2500,0.059,SALARIED
CUS105055,50,132900,26,79,718,3,3100,0.03,SALARIED
CUS105056,40,99900,12,40,637,0,20600,0.206,SALARIED
CUS105057,58,90600,16,134,779,1,22400,0.247,SALARIED
CUS105058,48,152900,8,70,673,1,30600,0.2,SALARIED
CUS105059,45,117400,49,91,646,0,35300,0.301,SALARIED
CUS105060,52,59600,27,19,776,1,24400,0.409,SALARIED
CUS105061,30,144100,10,29,739,0,45200,0.314,SALARIED
CUS105062,60,131700,34,10,699,2,45500,0.345,SALARIED
CUS105063,53,51400,16,76,754,1,5500,0.107,SALARIED
CUS105064,33,127600,80,47,791,0,15000,0.118,SALARIED
CUS105065,57,68900,23,68,824,1,7400,0.107,SALARIED
CUS105066,36,133100,35,130,771,1,38600,0.29,SALARIED
CUS105067,42,73000,27,91,685,3,10300,0.141,SALARIED
CUS105068,40,66900,35,71,649,1,14300,0.214,SALARIED
CUS105069,47,70000,38,23,778,0,21500,0.307,SALARIED
CUS105070,36,54900,97,96,703,2,5200,0.095,SALARIED
CUS105071,54,43700,39,111,679,0,10000,0.229,SALARIED
CUS105072,52,30000,121,180,752,1,4900,0.163,SALARIED
CUS105073,46,52900,41,71,717,1,1000,0.03,SALARIED
CUS105074,45,277700,26,46,732,1,26900,0.097,SALARIED
CUS105075,22,105400,67,95,725,2,23000,0.218,SALARIED
CUS105076,32,196700,64,171,812,0,13900,0.071,SALARIED
CUS105077,60,73700,11,56,786,0,14300,0.194,SALARIED
CUS105078,29,68800,35,71,693,1,14300,0.208,SALARIED
CUS105079,32,184000,46,27,731,1,49800,0.271,SALARIED
CUS105080,46,100700,63,109,757,0,7300,0.072,SALARIED
CUS105081,29,55300,86,61,694,3,4700,0.085,SALARIED
CUS105082,30,113000,87,52,796,0,21600,0.191,SALARIED
CUS105083,52,149200,28,90,667,2,39400,0.264,SALARIED
CUS105084,54,44700,22,40,774,0,800,0.03,SALARIED
CUS105085,40,104800,23,67,782,2,4500,0.043,SALARIED
CUS105086,59,46100,105,10,761,4,10400,0.226,SALARIED
CUS105087,22,145600,19,37,828,2,14400,0.099,SALARIED
CUS105088,21,94300,51,108,661,2,3200,0.034,SALARIED
CUS105089,56,112800,27,22,719,3,37400,0.332,SALARIED
CUS105090,44,77100,31,81,645,3,17000,0.22,SALARIED
CUS105091,47,38100,39,57,753,3,8000,0.21,SALARIED
CUS105092,22,69700,14,40,717,1,23600,0.339,SALARIED
CUS105093,51,129200,50,59,850,1,22500,0.174,SALARIED
CUS105094,34,208500,46,70,791,2,11500,0.055,SALARIED
CUS105095,22,96500,32,36,770,2,26900,0.279,SALARIED
CUS105096,49,62400,30,43,802,1,16900,0.271,SALARIED
CUS105097,35,108200,62,11,697,1,27900,0.258,SALARIED
CUS105098,32,124000,67,29,762,2,65300,0.527,SALARIED
CUS105099,57,90200,30,46,623,0,8900,0.099,SALARIED
CUS105100,48,87800,29,49,693,1,37800,0.431,SALARIED
CUS105101,40,93600,9,82,777,0,15200,0.162,SALARIED
CUS105102,59,86700,48,100,825,2,12000,0.138,SALARIED
CUS105103,44,97200,64,144,841,1,23000,0.237,SALARIED
CUS105104,41,193500,45,71,721,1,47700,0.247,SALARIED
CUS105105,30,34000,61,57,772,1,10900,0.321,SALARIED
CUS105106,34,76400,38,46,724,0,3600,0.047,SALARIED
CUS105107,57,55900,57,44,701,1,5000,0.089,SALARIED
CUS105108,38,144600,94,122,850,1,37800,0.261,SALARIED
CUS105109,44,79800,34,98,687,1,39500,0.495,SALARIED
CUS105110,34,109300,69,130,718,1,8000,0.073,SALARIED
CUS105111,54,161600,48,85,799,2,46900,0.29,SALARIED
CUS105112,32,52300,63,65,628,1,7100,0.136,SALARIED
CUS105113,42,67000,34,68,681,2,18600,0.278,SALARIED
CUS105114,26,154200,37,59,702,0,69000,0.447,SALARIED
CUS105115,56,51300,117,27,716,2,9300,0.181,SALARIED
CUS105116,56,68100,24,31,774,2,12800,0.188,SALARIED
CUS105117,42,41400,50,144,737,3,700,0.03,SALARIED
CUS105118,34,157000,66,76,716,1,47600,0.303,SALARIED
CUS105119,36,65400,53,14,694,0,2700,0.041,SALARIED
CUS105120,56,99600,22,94,716,2,29200,0.293,SALARIED
CUS105121,45,115200,24,58,701,2,16200,0.141,SALARIED
CUS105122,52,59200,57,90,796,1,11100,0.188,SALARIED
CUS105123,53,36100,50,36,756,0,5800,0.161,SALARIED
CUS105124,56,77000,63,56,794,2,8700,0.113,SALARIED
CUS105125,40,76400,85,67,627,1,2300,0.03,SALARIED
CUS105126,38,82700,73,68,827,2,3000,0.036,SALARIED
CUS105127,58,82900,68,62,746,1,12600,0.152,SALARIED
CUS105128,23,67900,51,70,716,2,14700,0.216,SALARIED
CUS105129,43,66700,18,35,675,1,7300,0.109,SALARIED
CUS105130,52,97200,18,55,703,2,12000,0.123,SALARIED
CUS105131,36,58700,42,86,804,0,4400,0.075,SALARIED
CUS105132,25,81400,65,65,730,3,8300,0.102,SALARIED
CUS105133,24,66000,19,75,737,0,37100,0.562,SALARIED
CUS105134,41,97100,14,46,675,1,3300,0.034,SALARIED
CUS105135,60,140000,61,31,775,1,7000,0.05,SALARIED
CUS105136,34,142600,35,89,613,3,26700,0.187,SALARIED
CUS105137,59,151800,25,67,738,3,12200,0.08,SALARIED
CUS105138,51,73100,50,72,697,0,13600,0.186,SALARIED
CUS105139,34,76000,21,118,794,0,10000,0.132,SALARIED
CUS105140,26,48000,19,39,743,1,14900,0.31,SALARIED
CUS105141,32,72900,109,154,765,1,15900,0.218,SALARIED
CUS105142,36,74000,44,41,707,0,2500,0.034,SALARIED
CUS105143,37,64400,23,61,752,0,21100,0.328,SALARIED
CUS105144,43,64300,19,44,745,0,5200,0.081,SALARIED
CUS105145,34,39600,60,41,743,0,18200,0.46,SALARIED
CUS105146,27,46500,46,54,747,0,15900,0.342,SALARIED
CUS105147,52,86700,58,67,727,0,11700,0.135,SALARIED
CUS105148,35,88200,28,80,749,0,6300,0.071,SALARIED
CUS105149,37,105600,13,63,708,2,10400,0.098,SALARIED
CUS105150,54,75700,93,106,693,1,2900,0.038,SALARIED
CUS105151,25,85400,26,122,708,2,7100,0.083,SALARIED
CUS105152,47,149200,9,31,784,0,48700,0.326,SALARIED
CUS105153,43,83000,10,63,710,1,10700,0.129,SALARIED
CUS105154,60,64000,74,114,798,3,6100,0.095,SALARIED
CUS105155,34,49700,47,119,760,1,15800,0.318,SALARIED
CUS105156,35,121700,16,54,756,3,30800,0.253,SALARIED
CUS105157,53,39500,27,22,685,2,12700,0.322,SALARIED
CUS105158,51,58300,93,58,780,2,10000,0.172,SALARIED
CUS105159,55,102600,21,77,715,1,39400,0.384,SALARIED
CUS105160,37,36000,30,18,579,2,6800,0.189,SALARIED
CUS105161,48,64500,95,67,777,0,10900,0.169,SALARIED
CUS105162,39,90100,36,170,779,0,22900,0.254,SALARIED
CUS105163,43,71500,55,32,709,0,23200,0.324,SALARIED
CUS105164,52,54600,106,76,769,1,17500,0.321,SALARIED
CUS105165,60,65100,31,35,654,2,23600,0.363,SALARIED
CUS105166,33,122800,62,24,730,0,21200,0.173,SALARIED
CUS105167,40,193800,34,71,841,2,48100,0.248,SALARIED
CUS105168,55,90500,49,24,688,0,22500,0.249,SALARIED
CUS105169,25,34700,29,127,644,0,7100,0.205,SALARIED
CUS105170,29,109800,60,40,732,1,10800,0.098,SALARIED
CUS105171,49,71100,7,58,813,1,2400,0.034,SALARIED
CUS105172,26,51900,44,127,642,0,10100,0.195,SALARIED
CUS105173,45,59300,17,63,725,3,12400,0.209,SALARIED
CUS105174,51,60400,54,116,785,0,6300,0.104,SALARIED
CUS105175,42,45000,90,106,781,2,22500,0.5,SALARIED
CUS105176,22,82600,35,12,743,1,10900,0.132,SALARIED
CUS105177,25,193500,9,17,715,4,25900,0.134,SALARIED
CUS105178,47,51800,39,18,757,1,17200,0.332,SALARIED
CUS105179,45,190800,26,58,801,3,50200,0.263,SALARIED
CUS105180,28,93300,22,47,703,0,14100,0.151,SALARIED
CUS105181,21,81500,28,95,784,0,13900,0.171,SALARIED
CUS105182,40,73500,59,51,777,1,8800,0.12,SALARIED
CUS105183,43,59100,72,117,727,1,5600,0.095,SALARIED
CUS105184,52,96900,34,151,668,0,22200,0.229,SALARIED
CUS105185,31,107500,55,73,691,1,31500,0.293,SALARIED
CUS105186,59,30000,34,32,826,1,2200,0.073,SALARIED
CUS105187,44,266900,44,55,819,2,60200,0.226,SALARIED
CUS105188,31,37600,47,85,756,1,5200,0.138,SALARIED
CUS105189,49,67200,23,24,850,1,8800,0.131,SALARIED
CUS105190,46,30000,101,59,739,0,1900,0.063,SALARIED
CUS105191,36,75300,41,44,668,1,14300,0.19,SALARIED
CUS105192,55,69100,66,63,657,2,11200,0.162,SALARIED
CUS105193,40,67500,61,30,667,2,5200,0.077,SALARIED
CUS105194,23,97500,46,35,759,1,12300,0.126,SALARIED
CUS105195,21,76200,7,69,708,2,9500,0.125,SALARIED
CUS105196,21,108300,25,41,702,1,8000,0.074,SALARIED
CUS105197,37,48700,18,99,734,1,9300,0.191,SALARIED
CUS105198,22,88000,55,164,835,1,39400,0.448,SALARIED
CUS105199,49,64000,34,30,839,2,18600,0.291,SALARIED
CUS105200,40,72000,72,127,754,1,6000,0.083,SALARIED
CUS105201,26,96000,24,118,786,1,27800,0.29,SALARIED
CUS105202,28,67700,31,75,782,1,8200,0.121,SALARIED
CUS105203,49,81100,80,65,760,1,22100,0.273,SALARIED
CUS105204,53,50600,42,51,675,2,8100,0.16,SALARIED
CUS105205,23,139200,51,93,769,0,31600,0.227,SALARIED
CUS105206,55,118000,68,41,707,1,40000,0.339,SALARIED
CUS105207,25,88900,35,167,699,0,14100,0.159,SALARIED
CUS105208,47,76200,61,34,764,0,28300,0.371,SALARIED
CUS105209,32,81100,40,180,830,0,15800,0.195,SALARIED
CUS105210,40,137800,33,106,757,3,12300,0.089,SALARIED
CUS105211,40,114300,73,72,721,0,6300,0.055,SALARIED
CUS105212,29,138900,39,32,722,2,48800,0.351,SALARIED
CUS105213,59,72900,151,68,774,0,4800,0.066,SALARIED
CUS105214,24,105700,22,96,723,0,27200,0.257,SALARIED
CUS105215,39,145100,32,48,724,1,27500,0.19,SALARIED
CUS105216,58,56000,18,75,703,0,16900,0.302,SALARIED
CUS105217,47,54500,30,52,704,2,6100,0.112,SALARIED
CUS105218,33,96200,16,39,795,4,20700,0.215,SALARIED
CUS105219,33,48800,24,71,744,0,2900,0.059,SALARIED
CUS105220,42,37500,50,104,706,2,1700,0.045,SALARIED
CUS105221,48,144200,27,73,740,1,33700,0.234,SALARIED
CUS105222,42,156000,67,104,764,1,9300,0.06,SALARIED
CUS105223,39,50000,38,135,684,1,11200,0.224,SALARIED
CUS105224,28,44600,7,105,759,0,3800,0.085,SALARIED
CUS105225,28,63400,12,137,769,0,10400,0.164,SALARIED
CUS105226,46,149400,66,138,831,1,39200,0.262,SALARIED
CUS105227,46,70700,82,35,759,4,16100,0.228,SALARIED
CUS105228,43,88700,5,67,658,3,26900,0.303,SALARIED
CUS105229,33,98400,32,109,771,0,10700,0.109,SALARIED
CUS105230,48,91900,52,32,751,0,21500,0.234,SALARIED
CUS105231,29,166500,53,108,743,4,16900,0.102,SALARIED
CUS105232,40,61500,27,41,802,0,3500,0.057,SALARIED
CUS105233,39,81200,54,82,761,0,12000,0.148,SALARIED
CUS105234,59,94400,74,61,775,3,15400,0.163,SALARIED
CUS105235,32,83100,60,120,697,1,19700,0.237,SALARIED
CUS105236,35,49100,35,112,761,3,6400,0.13,SALARIED
CUS105237,51,43800,39,86,710,0,20500,0.468,SALARIED
CUS105238,34,43400,60,82,710,0,12100,0.279,SALARIED
CUS105239,31,117900,35,180,714,0,19300,0.164,SALARIED
CUS105240,46,58800,59,67,660,3,13400,0.228,SALARIED
CUS105241,47,105000,10,139,719,1,31900,0.304,SALARIED
CUS105242,31,88400,44,46,728,2,12200,0.138,SALARIED
CUS105243,58,54800,24,74,698,1,3500,0.064,SALARIED
CUS105244,54,55400,15,123,821,0,2700,0.049,SALARIED
CUS105245,39,90300,81,113,737,0,10500,0.116,SALARIED
CUS105246,26,88000,80,66,715,0,19400,0.22,SALARIED
CUS105247,58,106100,52,94,699,2,17300,0.163,SALARIED
CUS105248,48,69200,18,22,808,2,8000,0.116,SALARIED
CUS105249,21,58100,44,79,702,1,13200,0.227,SALARIED
CUS105250,55,89300,68,91,740,1,6400,0.072,SALARIED
CUS105251,60,161000,24,92,775,0,35600,0.221,SALARIED
CUS105252,28,36500,8,132,670,1,9700,0.266,SALARIED
CUS105253,27,59300,36,70,719,0,16700,0.282,SALARIED
CUS105254,31,110900,18,62,747,1,46200,0.417,SALARIED
CUS105255,59,93700,64,124,730,0,3500,0.037,SALARIED
CUS105256,24,111600,85,84,758,1,9200,0.082,SALARIED
CUS105257,45,70100,27,86,739,2,3700,0.053,SALARIED
CUS105258,32,41200,34,37,779,1,3600,0.087,SALARIED
CUS105259,46,180300,59,74,676,1,33600,0.186,SALARIED
CUS105260,58,138400,108,45,761,0,41000,0.296,SALARIED
CUS105261,32,84100,35,56,734,0,19800,0.235,SALARIED
CUS105262,57,58200,127,31,739,4,8300,0.143,SALARIED
CUS105263,44,68200,39,119,755,1,5300,0.078,SALARIED
CUS105264,36,94200,44,72,673,1,20500,0.218,SALARIED
CUS105265,33,75900,68,77,719,0,8700,0.115,SALARIED
CUS105266,45,84400,34,63,790,0,3100,0.037,SALARIED
CUS105267,24,175400,20,62,688,2,5300,0.03,SALARIED
CUS105268,31,128800,69,15,744,0,17200,0.134,SALARIED
CUS105269,52,50200,74,20,744,0,8200,0.163,SALARIED
CUS105270,27,88000,51,180,748,2,22100,0.251,SALARIED
CUS105271,31,67300,12,102,600,2,7200,0.107,SALARIED
CUS105272,48,97200,17,46,818,0,11300,0.116,SALARIED
CUS105273,43,82600,41,106,684,1,5000,0.061,SALARIED
CUS105274,43,323100,40,33,812,1,84700,0.262,SALARIED
CUS105275,48,103100,51,86,683,0,31000,0.301,SALARIED
CUS105276,46,80000,40,59,758,0,10500,0.131,SALARIED
CUS105277,45,194800,23,126,711,1,14100,0.072,SALARIED
CUS105278,49,93200,36,53,690,0,7600,0.082,SALARIED
CUS105279,39,42900,12,28,850,1,900,0.03,SALARIED
CUS105280,53,80400,16,25,722,1,19800,0.246,SALARIED
CUS105281,56,112000,5,36,657,2,3300,0.03,SALARIED
CUS105282,34,105700,65,88,814,1,5200,0.049,SALARIED
CUS105283,34,133600,37,50,781,2,71100,0.532,SALARIED
CUS105284,55,91100,27,41,821,0,47200,0.518,SALARIED
CUS105285,50,88200,10,94,661,2,17000,0.193,SALARIED
CUS105286,48,45200,39,76,685,1,8500,0.188,SALARIED
CUS105287,37,169100,33,128,756,1,15300,0.09,SALARIED
CUS105288,23,74100,30,109,715,1,30900,0.417,SALARIED
CUS105289,36,54700,33,48,703,2,9600,0.176,SALARIED
CUS105290,50,277300,84,36,773,0,89000,0.321,SALARIED
CUS105291,49,181000,27,48,668,1,17800,0.098,SALARIED
CUS105292,35,69500,66,92,669,3,20200,0.291,SALARIED
CUS105293,45,36500,34,75,751,1,10300,0.282,SALARIED
CUS105294,58,61500,15,48,681,1,4500,0.073,SALARIED
CUS105295,58,173000,23,97,710,0,17200,0.099,SALARIED
CUS105296,43,92000,30,80,747,2,5900,0.064,SALARIED
CUS105297,45,46300,18,58,698,0,9300,0.201,SALARIED
CUS105298,27,121000,142,32,688,1,16400,0.136,SALARIED
CUS105299,42,77300,25,82,805,1,18000,0.233,SALARIED
CUS105300,37,63500,77,58,723,0,22400,0.353,SALARIED
CUS105301,38,65700,23,42,771,0,23200,0.353,SALARIED
CUS105302,30,153000,19,42,703,0,6200,0.041,SALARIED
CUS105303,30,108700,77,74,726,1,18900,0.174,SALARIED
CUS105304,27,43600,14,62,746,1,5200,0.119,SALARIED
CUS105305,58,100300,8,121,735,0,20000,0.199,SALARIED
CUS105306,47,89200,33,37,748,1,24500,0.275,SALARIED
CUS105307,53,70300,17,28,850,0,29300,0.417,SALARIED
CUS105308,21,72000,59,102,787,2,11800,0.164,SALARIED
CUS105309,54,57600,41,49,766,1,14900,0.259,SALARIED
CUS105310,24,63100,47,43,796,1,12800,0.203,SALARIED
CUS105311,37,96800,35,55,712,1,28500,0.294,SALARIED
CUS105312,24,75000,47,114,826,1,12900,0.172,SALARIED
CUS105313,46,108700,46,60,653,1,14900,0.137,SALARIED
CUS105314,24,59700,24,34,764,3,16300,0.273,SALARIED
CUS105315,21,116900,48,85,810,2,47500,0.406,SALARIED
CUS105316,27,153600,16,133,657,4,14000,0.091,SALARIED
CUS105317,50,84700,41,81,740,0,40300,0.476,SALARIED
CUS105318,29,107400,15,142,706,1,37100,0.345,SALARIED
CUS105319,55,109300,25,56,662,1,34600,0.317,SALARIED
CUS105320,28,67800,24,27,747,0,10100,0.149,SALARIED
CUS105321,44,109500,78,51,716,0,12200,0.111,SALARIED
CUS105322,39,30600,29,103,796,0,700,0.03,SALARIED
CUS105323,56,30000,33,93,732,1,6000,0.2,SALARIED
CUS105324,47,73300,43,58,676,1,11700,0.16,SALARIED
CUS105325,52,113000,37,154,727,2,15100,0.134,SALARIED
CUS105326,34,81800,34,54,708,2,15100,0.185,SALARIED
CUS105327,38,118900,34,40,816,1,28000,0.235,SALARIED
CUS105328,48,49500,47,57,755,1,5700,0.115,SALARIED
CUS105329,49,126500,44,84,735,0,14500,0.115,SALARIED
CUS105330,36,176900,11,161,843,3,61300,0.347,SALARIED
CUS105331,55,62100,35,46,752,2,20000,0.322,SALARIED
CUS105332,51,120300,64,83,712,1,27000,0.224,SALARIED
CUS105333,24,85900,32,51,717,1,9100,0.106,SALARIED
CUS105334,57,103700,22,40,765,3,12000,0.116,SALARIED
CUS105335,37,176700,44,70,694,1,12900,0.073,SALARIED
CUS105336,59,98500,39,69,850,1,46100,0.468,SALARIED
CUS105337,46,119900,35,76,751,2,20900,0.174,SALARIED
CUS105338,59,48100,103,41,744,2,3700,0.077,SALARIED
CUS105339,24,118200,25,36,635,1,34200,0.289,SALARIED
CUS105340,50,175400,40,33,610,0,56000,0.319,SALARIED
CUS105341,50,56100,33,93,701,1,11400,0.203,SALARIED
CUS105342,42,73500,18,23,706,1,9200,0.125,SALARIED
CUS105343,31,115700,35,67,696,3,33000,0.285,SALARIED
CUS105344,22,104000,34,48,726,0,16100,0.155,SALARIED
CUS105345,32,46100,44,97,627,0,11800,0.256,SALARIED
CUS105346,50,91500,56,87,769,2,28000,0.306,SALARIED
CUS105347,56,73200,94,65,732,0,7800,0.107,SALARIED
CUS105348,38,55000,44,111,760,0,9100,0.165,SALARIED
CUS105349,46,156500,17,34,750,1,18800,0.12,SALARIED
CUS105350,27,85200,55,67,692,3,14800,0.174,SALARIED
CUS105351,21,132300,73,46,756,0,2800,0.03,SALARIED
CUS105352,46,50100,11,65,810,1,5700,0.114,SALARIED
CUS105353,43,110800,71,43,695,0,24700,0.223,SALARIED
CUS105354,46,137100,23,75,790,1,25900,0.189,SALARIED
CUS105355,26,76200,31,33,806,0,12900,0.169,SALARIED
CUS105356,26,68000,44,37,742,1,7400,0.109,SALARIED
CUS105357,28,47300,44,39,727,1,3700,0.078,SALARIED
CUS105358,44,57500,37,67,720,1,18900,0.329,SALARIED
CUS105359,42,69300,75,16,741,1,4900,0.071,SALARIED
CUS105360,39,54800,40,49,850,0,10000,0.182,SALARIED
CUS105361,57,60200,57,125,700,1,5700,0.095,SALARIED
CUS105362,38,91300,48,70,765,2,2300,0.03,SALARIED
CUS105363,51,96300,20,74,755,3,46100,0.479,SALARIED
CUS105364,57,138900,16,63,793,2,8900,0.064,SALARIED
CUS105365,50,60300,95,40,733,2,12400,0.206,SALARIED
CUS105366,53,85900,35,123,754,3,10400,0.121,SALARIED
CUS105367,30,70400,64,122,692,1,19700,0.28,SALARIED
CUS105368,57,68200,116,73,704,3,25300,0.371,SALARIED
CUS105369,32,73700,28,65,731,3,4500,0.061,SALARIED
CUS105370,50,77800,67,26,645,2,16000,0.206,SALARIED
CUS105371,47,95100,16,58,714,1,14700,0.155,SALARIED
CUS105372,59,73300,22,61,760,1,16000,0.218,SALARIED
CUS105373,29,147700,61,32,801,1,6000,0.041,SALARIED
CUS105374,41,39500,67,57,706,1,4300,0.109,SALARIED
CUS105375,32,136600,15,124,731,1,33800,0.247,SALARIED
CUS105376,49,72000,22,71,736,0,3300,0.046,SALARIED
CUS105377,53,78100,57,54,705,2,24900,0.319,SALARIED
CUS105378,35,84600,25,65,715,3,42500,0.502,SALARIED
CUS105379,22,116800,17,73,777,1,9900,0.085,SALARIED
CUS105380,59,57200,37,21,850,2,16500,0.288,SALARIED
CUS105381,38,63200,30,91,750,2,3600,0.057,SALARIED
CUS105382,23,106500,41,112,793,2,25300,0.238,SALARIED
CUS105383,27,39600,48,110,661,1,16600,0.419,SALARIED
CUS105384,38,83700,121,93,754,1,13600,0.162,SALARIED
CUS105385,58,59400,64,49,819,1,11800,0.199,SALARIED
CUS105386,57,54000,44,35,795,0,16900,0.313,SALARIED
CUS105387,53,40700,30,101,724,1,16300,0.4,SALARIED
CUS105388,51,120300,54,45,789,1,7700,0.064,SALARIED
CUS105389,31,91300,8,71,753,1,18600,0.204,SALARIED
CUS105390,24,62800,16,34,659,2,22500,0.358,SALARIED
CUS105391,38,78900,54,15,690,2,16500,0.209,SALARIED
CUS105392,24,52000,54,116,774,2,9300,0.179,SALARIED
CUS105393,54,66800,39,149,723,2,6100,0.091,SALARIED
CUS105394,49,77700,57,24,652,2,21700,0.279,SALARIED
CUS105395,44,87500,28,39,747,2,8000,0.091,SALARIED
CUS105396,42,101400,28,124,702,0,28100,0.277,SALARIED
CUS105397,22,37700,57,40,587,3,9400,0.249,SALARIED
CUS105398,26,101500,40,48,729,0,14100,0.139,SALARIED
CUS105399,45,39100,55,56,638,3,14100,0.361,SALARIED
CUS105400,41,103200,41,98,731,4,19900,0.193,SALARIED
CUS105401,36,77200,51,119,729,2,20200,0.262,SALARIED
CUS105402,51,138900,90,119,850,1,42500,0.306,SALARIED
CUS105403,34,62700,84,81,767,1,10300,0.164,SALARIED
CUS105404,59,120800,13,82,752,2,46600,0.386,SALARIED
CUS105405,48,50300,23,88,805,2,9500,0.189,SALARIED
CUS105406,52,89100,54,40,712,1,33700,0.378,SALARIED
CUS105407,48,34000,28,76,712,3,5700,0.168,SALARIED
CUS105408,29,126500,43,36,695,4,20700,0.164,SALARIED
CUS105409,42,184900,112,71,799,2,30200,0.163,SALARIED
CUS105410,52,62100,39,28,745,3,6800,0.11,SALARIED
CUS105411,25,89800,64,37,699,3,43600,0.486,SALARIED
CUS105412,43,103800,38,34,778,2,6700,0.065,SALARIED
CUS105413,25,42300,50,27,669,1,5900,0.139,SALARIED
CUS105414,52,60700,67,16,688,0,25900,0.427,SALARIED
CUS105415,30,59000,72,29,718,0,2100,0.036,SALARIED
CUS105416,59,251100,49,71,741,0,43100,0.172,SALARIED
CUS105417,35,136100,45,74,753,1,44400,0.326,SALARIED
CUS105418,27,77100,41,55,723,3,17600,0.228,SALARIED
CUS105419,49,120700,15,46,748,0,9300,0.077,SALARIED
CUS105420,23,93500,26,44,777,0,43300,0.463,SALARIED
CUS105421,39,111000,35,41,820,1,46400,0.418,SALARIED
CUS105422,30,52900,98,69,737,2,7500,0.142,SALARIED
CUS105423,48,157700,35,180,828,0,24200,0.153,SALARIED
CUS105424,49,60200,50,88,742,2,24600,0.409,SALARIED
CUS105425,35,61600,45,71,720,1,900,0.03,SALARIED
CUS105426,55,110900,39,56,707,1,18300,0.165,SALARIED
CUS105427,26,99300,38,63,664,2,43900,0.442,SALARIED
CUS105428,32,85900,68,62,710,0,22400,0.261,SALARIED
CUS105429,58,124000,43,81,776,0,19300,0.156,SALARIED
CUS105430,33,50400,53,57,693,0,4200,0.083,SALARIED
CUS105431,49,194900,17,25,693,1,12800,0.066,SALARIED
CUS105432,39,67900,44,50,708,3,1500,0.03,SALARIED
CUS105433,23,81700,15,69,769,1,13600,0.166,SALARIED
CUS105434,28,196300,27,72,700,1,11300,0.058,SALARIED
CUS105435,28,61800,27,30,627,1,5600,0.091,SALARIED
CUS105436,40,134700,35,77,638,2,65100,0.483,SALARIED
CUS105437,24,77200,17,110,687,1,2700,0.035,SALARIED
CUS105438,41,58200,22,45,738,2,16500,0.284,SALARIED
CUS105439,23,71500,41,51,720,0,40100,0.561,SALARIED
CUS105440,28,109700,69,19,728,1,12200,0.111,SALARIED
CUS105441,43,134200,14,77,810,1,7500,0.056,SALARIED
CUS105442,36,94100,41,31,830,1,23800,0.253,SALARIED
CUS105443,33,41400,95,37,676,1,7600,0.184,SALARIED
CUS105444,23,113100,127,90,664,4,21600,0.191,SALARIED
CUS105445,29,79700,215,57,792,1,3400,0.043,SALARIED
CUS105446,34,51800,74,60,739,3,17000,0.328,SALARIED
CUS105447,33,99300,37,85,736,0,7800,0.079,SALARIED
CUS105448,27,141600,24,116,680,0,36100,0.255,SALARIED
CUS105449,35,85300,60,31,663,2,17200,0.202,SALARIED
CUS105450,27,128800,25,50,600,1,13300,0.103,SALARIED
CUS105451,58,104700,78,53,740,0,21400,0.204,SALARIED
CUS105452,54,105300,114,114,783,1,30400,0.289,SALARIED
CUS105453,42,74100,82,48,765,2,14100,0.19,SALARIED
CUS105454,44,122900,40,95,749,2,46000,0.374,SALARIED
CUS105455,57,128300,31,107,681,2,3000,0.03,SALARIED
CUS105456,21,121400,31,49,659,1,52800,0.435,SALARIED
CUS105457,30,73800,77,32,772,2,7800,0.106,SALARIED
CUS105458,36,132400,26,40,669,2,18000,0.136,SALARIED
CUS105459,28,101100,52,49,689,2,39800,0.394,SALARIED
CUS105460,45,54900,123,41,692,1,2900,0.053,SALARIED
CUS105461,32,71600,43,82,734,2,24300,0.339,SALARIED
CUS105462,45,67000,21,114,737,4,12400,0.185,SALARIED
CUS105463,37,34700,44,77,780,0,1700,0.049,SALARIED
CUS105464,46,133500,18,61,737,1,4100,0.031,SALARIED
CUS105465,34,343200,78,58,729,2,149200,0.435,SALARIED
CUS105466,56,146400,25,81,798,3,33500,0.229,SALARIED
CUS105467,43,91500,45,39,700,1,22300,0.244,SALARIED
CUS105468,26,67400,50,106,736,1,2600,0.039,SALARIED
CUS105469,25,56100,67,81,678,1,11000,0.196,SALARIED
CUS105470,45,91000,88,59,743,0,29800,0.327,SALARIED
CUS105471,38,131400,94,112,779,0,26300,0.2,SALARIED
CUS105472,33,62700,55,91,700,0,8500,0.136,SALARIED
CUS105473,34,269500,54,61,826,1,37100,0.138,SALARIED
CUS105474,48,45600,39,44,737,1,5700,0.125,SALARIED
CUS105475,38,94000,39,127,766,3,29900,0.318,SALARIED
CUS105476,48,87700,43,64,650,1,17500,0.2,SALARIED
CUS105477,47,85300,26,136,812,0,12700,0.149,SALARIED
CUS105478,52,65800,34,44,795,1,8900,0.135,SALARIED
CUS105479,29,88200,27,47,627,0,12500,0.142,SALARIED
CUS105480,60,69400,45,65,659,3,22000,0.317,SALARIED
CUS105481,52,151700,12,93,779,3,43900,0.289,SALARIED
CUS105482,40,176300,85,42,787,2,5200,0.03,SALARIED
CUS105483,48,71400,49,28,633,0,20400,0.286,SALARIED
CUS105484,53,40500,48,19,775,3,10800,0.267,SALARIED
CUS105485,24,98100,41,40,698,1,19000,0.194,SALARIED
CUS105486,54,96500,9,47,729,1,15000,0.155,SALARIED
CUS105487,23,89100,21,83,723,1,28500,0.32,SALARIED
CUS105488,46,108000,42,63,693,1,21300,0.197,SALARIED
CUS105489,28,158300,33,74,721,2,4600,0.03,SALARIED
CUS105490,26,123700,34,37,684,1,17300,0.14,SALARIED
CUS105491,36,108000,19,67,701,1,5800,0.054,SALARIED
CUS105492,44,119300,14,95,671,3,42000,0.352,SALARIED
CUS105493,59,95200,29,48,803,0,26400,0.277,SALARIED
CUS105494,50,55500,15,137,707,2,6100,0.11,SALARIED
CUS105495,33,163300,137,16,788,0,65500,0.401,SALARIED
CUS105496,25,89000,64,36,766,0,5200,0.058,SALARIED
CUS105497,45,55500,26,66,795,0,11700,0.211,SALARIED
CUS105498,40,51200,22,60,710,0,11700,0.229,SALARIED
CUS105499,38,56200,34,55,724,2,13300,0.237,SALARIED
CUS105500,38,48800,73,30,741,2,4100,0.084,SALARIED
CUS105501,22,114900,54,110,668,1,19400,0.169,SALARIED
CUS105502,30,78600,45,22,739,1,13200,0.168,SALARIED
CUS105503,32,120500,21,48,718,0,13700,0.114,SALARIED
CUS105504,33,143900,70,14,800,0,44700,0.311,SALARIED
CUS105505,31,128100,115,42,813,2,17800,0.139,SALARIED
CUS105506,39,113100,66,102,834,0,44900,0.397,SALARIED
CUS105507,55,96700,55,27,636,0,32700,0.338,SALARIED
CUS105508,59,78000,43,47,773,1,41300,0.529,SALARIED
CUS105509,46,80400,91,74,717,1,15900,0.198,SALARIED
CUS105510,34,110600,16,51,697,4,22400,0.203,SALARIED
CUS105511,44,55200,85,58,819,0,12100,0.219,SALARIED
CUS105512,21,83000,22,180,679,1,24600,0.296,SALARIED
CUS105513,42,60800,52,79,746,1,8600,0.141,SALARIED
CUS105514,43,144100,79,70,683,0,58400,0.405,SALARIED
CUS105515,39,117400,5,71,602,2,36900,0.314,SALARIED
CUS105516,38,222400,34,59,652,2,78700,0.354,SALARIED
CUS105517,32,60400,21,47,608,0,2400,0.04,SALARIED
CUS105518,48,63400,70,60,711,0,8800,0.139,SALARIED
CUS105519,48,87200,35,46,664,0,15100,0.173,SALARIED
CUS105520,53,61300,30,31,799,1,23300,0.38,SALARIED
CUS105521,39,108300,33,43,767,1,38800,0.358,SALARIED
CUS105522,48,83100,50,80,684,0,14000,0.168,SALARIED
CUS105523,57,68200,112,62,678,2,11400,0.167,SALARIED
CUS105524,46,138700,76,30,703,1,43800,0.316,SALARIED
CUS105525,55,37000,10,60,714,2,15300,0.414,SALARIED
CUS105526,54,108500,48,84,802,1,40000,0.369,SALARIED
CUS105527,55,66300,29,80,706,0,14200,0.214,SALARIED
CUS105528,60,122800,31,22,740,0,27600,0.225,SALARIED
CUS105529,36,136700,27,90,705,2,26900,0.197,SALARIED
CUS105530,58,30500,23,121,766,1,4400,0.144,SALARIED
CUS105531,33,77300,55,52,775,1,22100,0.286,SALARIED
CUS105532,43,87300,25,26,800,0,25100,0.288,SALARIED
CUS105533,42,30000,55,110,786,0,5800,0.193,SALARIED
CUS105534,36,94200,111,37,602,0,34600,0.367,SALARIED
CUS105535,48,67000,39,81,651,2,25700,0.384,SALARIED
CUS105536,55,49400,54,23,746,2,23300,0.472,SALARIED
CUS105537,28,63400,42,50,748,0,4000,0.063,SALARIED
CUS105538,42,58700,35,25,719,2,17200,0.293,SALARIED
CUS105539,41,65700,44,110,788,2,22400,0.341,SALARIED
CUS105540,46,92400,14,43,818,3,19900,0.215,SALARIED
CUS105541,60,132200,72,16,697,2,32200,0.244,SALARIED
CUS105542,41,82100,48,43,649,3,7300,0.089,SALARIED
CUS105543,45,139600,41,63,759,2,11800,0.085,SALARIED
CUS105544,21,53100,40,111,702,0,8000,0.151,SALARIED
CUS105545,26,91100,35,116,618,2,10300,0.113,SALARIED
CUS105546,43,219300,27,58,751,2,52200,0.238,SALARIED
CUS105547,43,41500,24,120,759,1,4900,0.118,SALARIED
CUS105548,43,40800,49,53,696,2,5100,0.125,SALARIED
CUS105549,52,151200,13,77,726,2,36000,0.238,SALARIED
CUS105550,50,93900,18,98,752,1,19000,0.202,SALARIED
CUS105551,33,64800,27,88,816,0,15700,0.242,SALARIED
CUS105552,38,51100,62,75,769,1,18200,0.356,SALARIED
CUS105553,43,83600,106,55,653,0,9400,0.112,SALARIED
CUS105554,35,90300,12,62,817,3,38800,0.43,SALARIED
CUS105555,53,90500,65,54,829,2,32400,0.358,SALARIED
CUS105556,41,50900,21,53,758,3,7200,0.141,SALARIED
CUS105557,59,73000,84,34,797,3,11200,0.153,SALARIED
CUS105558,43,65800,128,87,668,1,4000,0.061,SALARIED
CUS105559,47,113700,14,37,737,0,7900,0.069,SALARIED
CUS105560,38,52300,46,157,782,1,13200,0.252,SALARIED
CUS105561,44,88000,57,83,749,1,2500,0.03,SALARIED
CUS105562,60,278100,19,52,694,2,13100,0.047,SALARIED
CUS105563,27,50700,19,54,680,0,15300,0.302,SALARIED
CUS105564,40,60700,43,44,751,1,7200,0.119,SALARIED
CUS105565,47,81500,47,69,777,1,18400,0.226,SALARIED
CUS105566,26,30000,51,117,672,0,4700,0.157,SALARIED
CUS105567,47,44700,32,52,705,0,21100,0.472,SALARIED
CUS105568,29,97800,47,39,850,3,31700,0.324,SALARIED
CUS105569,51,78500,24,67,770,1,3400,0.043,SALARIED
CUS105570,41,136600,41,52,721,1,54400,0.398,SALARIED
CUS105571,46,76400,26,68,789,1,17400,0.228,SALARIED
CUS105572,60,73400,15,125,776,0,11300,0.154,SALARIED
CUS105573,33,62000,30,131,748,3,6500,0.105,SALARIED
CUS105574,43,72800,46,180,749,1,10500,0.144,SALARIED
CUS105575,40,49300,89,99,699,2,4400,0.089,SALARIED
CUS105576,57,79500,70,91,787,1,12700,0.16,SALARIED
CUS105577,48,54900,26,52,691,3,5600,0.102,SALARIED
CUS105578,37,49300,46,50,783,2,17400,0.353,SALARIED
CUS105579,48,63700,30,55,787,1,21000,0.33,SALARIED
CUS105580,22,104100,8,66,704,1,26200,0.252,SALARIED
CUS105581,45,90600,44,106,642,2,18700,0.206,SALARIED
CUS105582,26,114800,67,120,774,3,19400,0.169,SALARIED
CUS105583,31,56100,102,78,778,0,8000,0.143,SALARIED
CUS105584,58,84500,33,69,759,2,17200,0.204,SALARIED
CUS105585,26,182800,32,55,655,2,22500,0.123,SALARIED
CUS105586,31,159400,41,74,751,0,50400,0.316,SALARIED
CUS105587,34,47900,24,117,832,1,8600,0.18,SALARIED
CUS105588,22,54000,47,38,825,2,22000,0.407,SALARIED
CUS105589,60,182500,25,47,804,0,31900,0.175,SALARIED
CUS105590,23,104200,11,51,767,1,25000,0.24,SALARIED
CUS105591,55,78000,74,54,763,1,10700,0.137,SALARIED
CUS105592,53,74200,42,108,708,2,24300,0.327,SALARIED
CUS105593,44,94200,30,97,827,1,19100,0.203,SALARIED
CUS105594,39,94700,20,51,746,2,19100,0.202,SALARIED
CUS105595,38,66900,78,153,799,1,9700,0.145,SALARIED
CUS105596,44,79000,27,101,719,0,2500,0.032,SALARIED
CUS105597,55,65800,52,48,769,0,8000,0.122,SALARIED
CUS105598,21,91700,95,45,729,0,49300,0.538,SALARIED
CUS105599,56,61000,48,24,652,1,22000,0.361,SALARIED
CUS105600,45,48000,53,76,693,2,1400,0.03,SALARIED
CUS105601,54,165100,40,65,713,2,63100,0.382,SALARIED
CUS105602,45,82400,53,149,819,2,7100,0.086,SALARIED
CUS105603,36,182400,30,73,674,1,41600,0.228,SALARIED
CUS105604,54,35600,51,77,681,3,1700,0.048,SALARIED
CUS105605,49,44300,26,28,695,2,8700,0.196,SALARIED
CUS105606,39,104900,101,64,802,0,50900,0.485,SALARIED
CUS105607,43,82400,51,31,727,3,25100,0.305,SALARIED
CUS105608,39,50500,28,42,729,0,27300,0.541,SALARIED
CUS105609,45,141800,32,67,780,1,17900,0.126,SALARIED
CUS105610,36,57500,41,18,827,1,8000,0.139,SALARIED
CUS105611,29,145800,66,180,843,1,19700,0.135,SALARIED
CUS105612,21,82300,28,38,820,3,7200,0.087,SALARIED
CUS105613,39,52500,26,50,725,1,9100,0.173,SALARIED
CUS105614,53,62900,53,166,714,0,6800,0.108,SALARIED
CUS105615,54,157600,50,33,726,0,33200,0.211,SALARIED
CUS105616,36,74300,12,44,640,0,16700,0.225,SALARIED
CUS105617,60,131700,45,91,658,1,2100,0.03,SALARIED
CUS105618,38,159600,15,31,769,0,42300,0.265,SALARIED
CUS105619,54,82000,41,111,651,2,8700,0.106,SALARIED
CUS105620,45,76900,40,68,677,2,12800,0.166,SALARIED
CUS105621,26,70800,26,29,745,0,9200,0.13,SALARIED
CUS105622,41,99600,13,109,677,1,9200,0.092,SALARIED
CUS105623,26,167400,17,144,704,1,51600,0.308,SALARIED
CUS105624,52,48900,62,97,705,5,2200,0.045,SALARIED
CUS105625,59,93800,9,56,602,0,23200,0.247,SALARIED
CUS105626,51,92000,77,93,732,0,8400,0.091,SALARIED
CUS105627,30,37700,80,95,715,4,9800,0.26,SALARIED
CUS105628,50,57000,29,92,722,1,2200,0.039,SALARIED
CUS105629,38,62500,49,52,659,2,17900,0.286,SALARIED
CUS105630,44,119900,33,150,688,1,30300,0.253,SALARIED
CUS105631,29,129700,50,77,711,2,9400,0.072,SALARIED
CUS105632,51,36600,17,82,675,0,2300,0.063,SALARIED
CUS105633,35,113300,20,26,706,0,10300,0.091,SALARIED
CUS105634,24,106900,51,72,850,0,1900,0.03,SALARIED
CUS105635,60,110300,46,78,753,2,2100,0.03,SALARIED
CUS105636,29,91000,50,66,710,1,29400,0.323,SALARIED
CUS105637,29,130400,11,69,729,1,15000,0.115,SALARIED
CUS105638,46,144000,47,133,802,1,25500,0.177,SALARIED
CUS105639,24,40700,22,53,701,2,19800,0.486,SALARIED
CUS105640,37,83200,86,65,749,1,23600,0.284,SALARIED
CUS105641,36,75800,31,119,808,1,16500,0.218,SALARIED
CUS105642,35,65700,33,37,732,3,5900,0.09,SALARIED
CUS105643,55,69300,36,80,723,0,19700,0.284,SALARIED
CUS105644,25,92500,77,122,818,3,21800,0.236,SALARIED
CUS105645,25,47400,27,41,791,0,6000,0.127,SALARIED
CUS105646,40,114900,27,61,764,1,71000,0.618,SALARIED
CUS105647,35,72000,17,102,729,0,7100,0.099,SALARIED
CUS105648,38,126000,30,61,671,1,8800,0.07,SALARIED
CUS105649,22,64300,85,50,847,1,21400,0.333,SALARIED
CUS105650,49,62800,42,133,796,1,13700,0.218,SALARIED
CUS105651,33,55500,74,116,731,0,11400,0.205,SALARIED
CUS105652,24,64500,55,56,801,2,17600,0.273,SALARIED
CUS105653,30,59300,43,77,790,2,5100,0.086,SALARIED
CUS105654,51,103400,18,30,701,1,30800,0.298,SALARIED
CUS105655,28,136200,16,87,720,2,5900,0.043,SALARIED
CUS105656,23,101200,31,52,778,2,11000,0.109,SALARIED
CUS105657,29,82100,26,35,687,1,1300,0.03,SALARIED
CUS105658,50,105800,89,112,773,2,8500,0.08,SALARIED
CUS105659,31,83600,9,113,723,0,20100,0.24,SALARIED
CUS105660,55,86100,59,87,694,1,11500,0.134,SALARIED
CUS105661,57,74000,72,117,684,1,7300,0.099,SALARIED
CUS105662,33,123900,46,84,723,0,52900,0.427,SALARIED
CUS105663,56,30000,31,91,752,0,5700,0.19,SALARIED
CUS105664,33,32600,54,89,703,1,4800,0.147,SALARIED
CUS105665,32,134900,12,66,715,0,20100,0.149,SALARIED
CUS105666,57,77800,56,38,745,1,16100,0.207,SALARIED
CUS105667,30,128400,68,46,850,1,15300,0.119,SALARIED
CUS105668,29,64700,80,49,753,2,20400,0.315,SALARIED
CUS105669,27,180600,58,24,758,0,52700,0.292,SALARIED
CUS105670,22,79900,41,83,735,0,14900,0.186,SALARIED
CUS105671,43,104100,33,57,850,0,18800,0.181,SALARIED
CUS105672,59,69500,26,95,626,2,2200,0.032,SALARIED
CUS105673,60,56800,11,71,675,1,14000,0.246,SALARIED
CUS105674,59,38800,56,99,689,1,17900,0.461,SALARIED
CUS105675,41,121100,20,73,784,2,18900,0.156,SALARIED
CUS105676,43,101600,38,103,710,3,4000,0.039,SALARIED
CUS105677,49,88700,20,47,779,1,19000,0.214,SALARIED
CUS105678,34,50900,30,92,594,3,6300,0.124,SALARIED
CUS105679,46,160700,41,51,753,1,15300,0.095,SALARIED
CUS105680,25,89100,151,78,667,2,12200,0.137,SALARIED
CUS105681,51,116600,99,78,783,3,26500,0.227,SALARIED
CUS105682,45,84900,56,110,676,1,8600,0.101,SALARIED
CUS105683,51,52100,124,71,692,3,5700,0.109,SALARIED
CUS105684,40,132900,58,126,659,3,9600,0.072,SALARIED
CUS105685,37,104100,81,138,674,1,18300,0.176,SALARIED
CUS105686,22,78300,27,48,733,2,5800,0.074,SALARIED
CUS105687,45,103300,55,143,715,3,28900,0.28,SALARIED
CUS105688,33,122800,54,61,695,1,14700,0.12,SALARIED
CUS105689,59,114400,83,154,648,0,24400,0.213,SALARIED
CUS105690,48,39400,10,134,694,1,6700,0.17,SALARIED
CUS105691,26,43500,35,149,793,0,16200,0.372,SALARIED
CUS105692,23,118200,61,166,743,0,32700,0.277,SALARIED
CUS105693,55,62100,57,68,756,2,27400,0.441,SALARIED
CUS105694,38,53000,63,51,811,0,20200,0.381,SALARIED
CUS105695,31,100500,42,43,785,0,6300,0.063,SALARIED
CUS105696,40,52300,39,79,803,0,5900,0.113,SALARIED
CUS105697,25,68500,86,72,745,0,2400,0.035,SALARIED
CUS105698,39,124700,18,65,703,0,15300,0.123,SALARIED
CUS105699,42,43000,93,57,740,2,14200,0.33,SALARIED
CUS105700,39,45900,14,43,741,0,12800,0.279,SALARIED
CUS105701,36,41200,32,99,624,1,17200,0.417,SALARIED
CUS105702,44,57700,31,82,716,2,6500,0.113,SALARIED
CUS105703,24,88200,48,67,794,0,4900,0.056,SALARIED
CUS105704,35,64300,16,60,625,2,16800,0.261,SALARIED
CUS105705,45,167200,111,136,639,2,36400,0.218,SALARIED
CUS105706,55,104300,25,180,677,3,39000,0.374,SALARIED
CUS105707,34,84300,27,50,701,0,5700,0.068,SALARIED
CUS105708,39,150400,22,44,724,3,16800,0.112,SALARIED
CUS105709,58,46700,72,36,837,0,2900,0.062,SALARIED
CUS105710,56,125500,38,71,774,1,26900,0.214,SALARIED
CUS105711,27,76400,48,57,749,1,12500,0.164,SALARIED
CUS105712,50,69300,81,60,725,5,12100,0.175,SALARIED
CUS105713,39,111900,44,105,730,2,32300,0.289,SALARIED
CUS105714,45,70600,33,119,784,1,23100,0.327,SALARIED
CUS105715,36,92300,56,92,801,1,18000,0.195,SALARIED
CUS105716,60,81300,22,103,694,0,14700,0.181,SALARIED
CUS105717,28,97600,32,23,758,2,7900,0.081,SALARIED
CUS105718,38,67700,35,50,744,2,11100,0.164,SALARIED
CUS105719,48,129000,26,101,794,1,38800,0.301,SALARIED
CUS105720,36,33900,78,14,815,2,8800,0.26,SALARIED
CUS105721,39,113400,9,48,755,2,16000,0.141,SALARIED
CUS105722,37,36300,79,57,726,2,7300,0.201,SALARIED
CUS105723,33,60600,19,80,648,2,16300,0.269,SALARIED
CUS105724,27,107500,123,126,673,0,22000,0.205,SALARIED
CUS105725,47,34300,96,53,747,2,2500,0.073,SALARIED
CUS105726,30,91600,43,34,800,2,19200,0.21,SALARIED
CUS105727,54,45900,104,40,828,4,11200,0.244,SALARIED
CUS105728,56,55000,47,29,614,2,9000,0.164,SALARIED
CUS105729,45,53800,32,120,711,0,9000,0.167,SALARIED
CUS105730,26,46400,25,122,748,0,2400,0.052,SALARIED
CUS105731,44,39000,64,48,783,0,6100,0.156,SALARIED
CUS105732,38,215900,34,56,713,3,54700,0.253,SALARIED
CUS105733,43,78300,45,60,718,1,10900,0.139,SALARIED
CUS105734,26,48700,77,58,744,0,8600,0.177,SALARIED
CUS105735,49,66000,123,83,631,1,2300,0.035,SALARIED
CUS105736,45,86400,79,114,713,1,24300,0.281,SALARIED
CUS105737,37,71700,76,39,711,0,7200,0.1,SALARIED
CUS105738,44,48100,76,85,755,2,2700,0.056,SALARIED
CUS105739,31,56700,50,29,759,3,9100,0.16,SALARIED
CUS105740,46,144900,4,59,700,3,50500,0.349,SALARIED
CUS105741,54,45200,44,68,734,2,4600,0.102,SALARIED
CUS105742,48,34600,40,101,739,1,10100,0.292,SALARIED
CUS105743,23,71400,70,67,719,1,6000,0.084,SALARIED
CUS105744,31,35600,36,42,791,2,13700,0.385,SALARIED
CUS105745,58,56400,29,86,725,2,16200,0.287,SALARIED
CUS105746,34,48400,38,82,850,1,8500,0.176,SALARIED
CUS105747,46,48600,18,121,691,1,2700,0.056,SALARIED
CUS105748,41,87700,78,108,776,2,5000,0.057,SALARIED
CUS105749,59,95400,69,88,795,2,31100,0.326,SALARIED
CUS105750,50,59100,55,23,673,1,3100,0.052,SALARIED
CUS105751,28,81500,72,134,763,3,17500,0.215,SALARIED
CUS105752,40,57800,30,95,811,2,1700,0.03,SALARIED
CUS105753,52,101800,23,71,768,1,5800,0.057,SALARIED
CUS105754,42,43700,63,88,610,3,4200,0.096,SALARIED
CUS105755,27,91600,93,43,781,4,23100,0.252,SALARIED
CUS105756,29,94700,35,77,761,1,9100,0.096,SALARIED
CUS105757,21,243200,41,57,763,0,135800,0.558,SALARIED
CUS105758,49,38600,29,22,720,2,11500,0.298,SALARIED
CUS105759,28,280800,33,95,682,2,41500,0.148,SALARIED
CUS105760,24,119500,38,120,826,1,10000,0.084,SALARIED
CUS105761,55,193400,31,89,804,0,104200,0.539,SALARIED
CUS105762,23,127700,27,19,804,2,30400,0.238,SALARIED
CUS105763,60,55600,70,53,722,0,10900,0.196,SALARIED
CUS105764,27,114300,44,79,749,4,19000,0.166,SALARIED
CUS105765,47,63000,47,42,770,0,7800,0.124,SALARIED
CUS105766,21,81700,50,19,748,2,31200,0.382,SALARIED
CUS105767,47,50100,29,50,742,2,13300,0.265,SALARIED
CUS105768,36,62600,36,41,780,1,6400,0.102,SALARIED
CUS105769,58,127300,60,99,695,0,10900,0.086,SALARIED
CUS105770,27,103500,51,34,818,1,22600,0.218,SALARIED
CUS105771,43,134800,71,56,738,2,29500,0.219,SALARIED
CUS105772,31,45300,36,71,692,0,13500,0.298,SALARIED
CUS105773,53,36600,54,58,688,1,4900,0.134,SALARIED
CUS105774,56,139600,96,58,642,2,17200,0.123,SALARIED
CUS105775,57,135000,70,85,765,0,8600,0.064,SALARIED
CUS105776,37,93500,14,73,693,1,21800,0.233,SALARIED
CUS105777,55,102600,21,132,741,0,23700,0.231,SALARIED
CUS105778,25,125500,91,66,748,0,33600,0.268,SALARIED
CUS105779,52,92200,18,80,587,1,33900,0.368,SALARIED
CUS105780,23,108200,13,63,721,1,27800,0.257,SALARIED
CUS105781,55,122600,46,45,846,0,17200,0.14,SALARIED
CUS105782,34,81500,107,77,773,1,800,0.03,SALARIED
CUS105783,51,72800,55,80,751,0,5900,0.081,SALARIED
CUS105784,51,100900,54,135,715,1,8100,0.08,SALARIED
CUS105785,37,235500,13,82,578,0,5700,0.03,SALARIED
CUS105786,44,58000,25,41,741,2,8400,0.145,SALARIED
CUS105787,43,70000,88,66,747,1,2000,0.03,SALARIED
CUS105788,38,38600,45,47,681,0,19400,0.503,SALARIED
CUS105789,34,103400,38,42,686,2,21000,0.203,SALARIED
CUS105790,35,67000,52,104,706,1,11300,0.169,SALARIED
CUS105791,35,45300,94,30,747,2,8300,0.183,SALARIED
CUS105792,26,82600,28,65,644,2,14600,0.177,SALARIED
CUS105793,47,166500,24,107,629,2,29300,0.176,SALARIED
CUS105794,35,72500,52,96,775,1,10200,0.141,SALARIED
CUS105795,56,75600,30,102,706,1,30700,0.406,SALARIED
CUS105796,28,163600,50,74,804,4,49700,0.304,SALARIED
CUS105797,35,84800,34,44,677,1,23200,0.274,SALARIED
CUS105798,23,49400,14,67,725,1,7900,0.16,SALARIED
CUS105799,33,115900,27,107,797,1,27500,0.237,SALARIED
CUS105800,54,141000,21,80,802,1,56100,0.398,SALARIED
CUS105801,44,77700,41,61,739,0,700,0.03,SALARIED
CUS105802,60,90100,16,31,671,1,19200,0.213,SALARIED
CUS105803,52,47100,45,132,633,3,20700,0.439,SALARIED
CUS105804,52,57400,38,75,730,1,1000,0.03,SALARIED
CUS105805,50,73200,27,30,785,2,10900,0.149,SALARIED
CUS105806,33,88000,37,65,692,3,30500,0.347,SALARIED
CUS105807,21,64300,98,70,776,1,9300,0.145,SALARIED
CUS105808,54,71900,29,161,645,0,22100,0.307,SALARIED
CUS105809,35,80400,51,83,737,1,21400,0.266,SALARIED
CUS105810,34,54200,43,48,781,0,5600,0.103,SALARIED
CUS105811,49,75300,59,58,788,1,19400,0.258,SALARIED
CUS105812,54,143000,52,89,750,1,10700,0.075,SALARIED
CUS105813,38,65000,46,66,711,1,7200,0.111,SALARIED
CUS105814,27,56700,30,68,697,1,16100,0.284,SALARIED
CUS105815,49,217200,43,75,644,2,42200,0.194,SALARIED
CUS105816,51,94100,39,61,707,2,16800,0.179,SALARIED
CUS105817,45,60000,66,120,816,0,11100,0.185,SALARIED
CUS105818,58,113500,25,69,724,0,33500,0.295,SALARIED
CUS105819,34,95400,48,98,739,1,18700,0.196,SALARIED
CUS105820,28,65800,21,135,750,2,4700,0.071,SALARIED
CUS105821,47,83100,46,54,715,2,14700,0.177,SALARIED
CUS105822,22,74600,67,158,782,1,11100,0.149,SALARIED
CUS105823,37,132700,78,61,744,1,56600,0.427,SALARIED
CUS105824,57,115500,29,69,725,2,8600,0.074,SALARIED
CUS105825,34,32400,30,80,695,0,8100,0.25,SALARIED
CUS105826,45,200100,55,100,777,0,37400,0.187,SALARIED
CUS105827,50,74700,9,51,746,0,4400,0.059,SALARIED
CUS105828,49,184500,30,49,736,3,24100,0.131,SALARIED
CUS105829,40,117300,51,47,732,0,7900,0.067,SALARIED
CUS105830,41,95000,91,120,760,0,22600,0.238,SALARIED
CUS105831,42,81500,28,42,681,2,25900,0.318,SALARIED
CUS105832,55,294200,20,158,678,0,38100,0.13,SALARIED
CUS105833,57,75200,55,45,754,1,24300,0.323,SALARIED
CUS105834,36,62800,61,93,779,0,5700,0.091,SALARIED
CUS105835,37,65400,57,49,651,4,14900,0.228,SALARIED
CUS105836,36,85000,32,112,771,0,10500,0.124,SALARIED
CUS105837,22,85000,96,26,806,3,26500,0.312,SALARIED
CUS105838,24,133500,48,107,620,0,9400,0.07,SALARIED
CUS105839,41,119600,43,52,699,1,14600,0.122,SALARIED
CUS105840,59,119600,50,91,737,3,26200,0.219,SALARIED
CUS105841,54,76700,30,76,850,0,4900,0.064,SALARIED
CUS105842,50,115200,45,38,719,2,26100,0.227,SALARIED
CUS105843,26,120800,58,169,713,1,49200,0.407,SALARIED
CUS105844,37,82000,36,92,752,0,11600,0.141,SALARIED
CUS105845,59,96400,22,92,688,2,5600,0.058,SALARIED
CUS105846,45,120700,97,153,735,1,22400,0.186,SALARIED
CUS105847,25,93500,32,45,727,1,2200,0.03,SALARIED
CUS105848,25,97600,16,96,808,0,11700,0.12,SALARIED
CUS105849,40,160100,25,77,734,2,53300,0.333,SALARIED
CUS105850,36,93800,50,74,850,1,37300,0.398,SALARIED
CUS105851,57,64700,62,70,662,1,17100,0.264,SALARIED
CUS105852,60,46400,50,17,726,1,17700,0.381,SALARIED
CUS105853,29,89400,101,49,737,1,31800,0.356,SALARIED
CUS105854,25,73200,49,77,739,0,29200,0.399,SALARIED
CUS105855,22,122300,102,90,659,1,28400,0.232,SALARIED
CUS105856,29,172900,56,86,752,1,33900,0.196,SALARIED
CUS105857,56,53500,22,31,643,1,9500,0.178,SALARIED
CUS105858,42,57100,40,44,677,1,3200,0.056,SALARIED
CUS105859,42,84100,23,92,695,0,36100,0.429,SALARIED
CUS105860,42,59300,63,47,768,0,10600,0.179,SALARIED
CUS105861,54,76900,41,22,773,0,10800,0.14,SALARIED
CUS105862,49,66800,86,36,751,0,11300,0.169,SALARIED
CUS105863,58,54000,65,69,710,1,4700,0.087,SALARIED
CUS105864,53,123300,15,64,788,2,48100,0.39,SALARIED
CUS105865,38,87900,29,66,713,4,11800,0.134,SALARIED
CUS105866,27,193700,51,71,680,0,31400,0.162,SALARIED
CUS105867,21,99900,23,95,780,1,9000,0.09,SALARIED
CUS105868,53,151800,78,41,608,1,21500,0.142,SALARIED
CUS105869,21,61200,56,52,736,2,9500,0.155,SALARIED
CUS105870,44,60900,30,64,701,2,7300,0.12,SALARIED
CUS105871,24,230900,28,28,768,1,19100,0.083,SALARIED
CUS105872,24,64600,34,62,743,2,17700,0.274,SALARIED
CUS105873,38,55500,10,55,730,2,11000,0.198,SALARIED
CUS105874,47,50200,50,62,663,1,12500,0.249,SALARIED
CUS105875,52,201300,39,105,739,1,33300,0.165,SALARIED
CUS105876,53,75100,43,55,753,0,14100,0.188,SALARIED
CUS105877,48,101900,21,37,714,0,12500,0.123,SALARIED
CUS105878,56,91000,34,137,732,0,7300,0.08,SALARIED
CUS105879,26,61400,50,36,775,3,33300,0.542,SALARIED
CUS105880,36,74400,80,63,702,1,9600,0.129,SALARIED
CUS105881,54,124400,30,80,655,0,48600,0.391,SALARIED
CUS105882,43,49000,43,38,780,1,8700,0.178,SALARIED
CUS105883,44,115100,26,57,762,1,53800,0.467,SALARIED
CUS105884,33,162100,54,63,774,2,12600,0.078,SALARIED
CUS105885,38,97000,16,94,702,0,13700,0.141,SALARIED
CUS105886,33,154900,53,53,735,3,44200,0.285,SALARIED
CUS105887,57,45900,30,98,750,0,6200,0.135,SALARIED
CUS105888,59,37300,43,60,771,5,15300,0.41,SALARIED
CUS105889,37,94800,27,99,757,1,15900,0.168,SALARIED
CUS105890,35,65300,27,39,703,2,4300,0.066,SALARIED
CUS105891,38,126200,22,43,738,2,37900,0.3,SALARIED
CUS105892,43,73900,19,129,668,2,7300,0.099,SALARIED
CUS105893,50,90800,40,17,744,1,40400,0.445,SALARIED
CUS105894,54,88200,24,42,832,1,14600,0.166,SALARIED
CUS105895,24,89400,72,98,636,2,18000,0.201,SALARIED
CUS105896,23,66600,32,132,722,1,13700,0.206,SALARIED
CUS105897,27,46000,66,32,722,0,10300,0.224,SALARIED
CUS105898,38,77000,31,94,743,1,16800,0.218,SALARIED
CUS105899,27,163200,32,30,716,0,15200,0.093,SALARIED
CUS105900,60,64600,40,22,668,0,23900,0.37,SALARIED
CUS105901,26,64500,106,45,753,1,4500,0.07,SALARIED
CUS105902,42,91200,35,63,771,2,12000,0.132,SALARIED
CUS105903,21,50000,26,17,807,0,7900,0.158,SALARIED
CUS105904,24,133500,27,44,758,3,14100,0.106,SALARIED
CUS105905,49,52200,39,49,788,1,4100,0.079,SALARIED
CUS105906,41,74600,60,120,687,0,25700,0.345,SALARIED
CUS105907,46,266400,27,58,699,0,93800,0.352,SALARIED
CUS105908,34,50800,73,123,629,0,3100,0.061,SALARIED
CUS105909,29,164900,11,64,782,0,33700,0.204,SALARIED
CUS105910,32,89800,27,77,726,0,22600,0.252,SALARIED
CUS105911,26,95600,26,98,752,1,5700,0.06,SALARIED
CUS105912,40,59100,41,95,779,5,11800,0.2,SALARIED
CUS105913,44,121800,28,106,789,1,21700,0.178,SALARIED
CUS105914,47,72100,40,82,706,1,28700,0.398,SALARIED
CUS105915,58,50700,19,38,697,1,2000,0.039,SALARIED
CUS105916,28,163600,14,22,711,1,39200,0.24,SALARIED
CUS105917,21,71500,39,94,676,1,16900,0.236,SALARIED
CUS105918,44,36800,16,88,743,1,11800,0.321,SALARIED
CUS105919,27,75300,76,41,792,3,10200,0.135,SALARIED
CUS105920,39,122300,9,79,633,0,21000,0.172,SALARIED
CUS105921,42,113800,10,67,713,1,25000,0.22,SALARIED
CUS105922,55,63700,35,49,661,1,6300,0.099,SALARIED
CUS105923,50,54800,174,70,688,2,26800,0.489,SALARIED
CUS105924,49,46000,30,120,709,1,12900,0.28,SALARIED
CUS105925,42,84100,69,117,804,0,7000,0.083,SALARIED
CUS105926,31,91000,35,92,827,1,42700,0.469,SALARIED
CUS105927,40,116900,11,75,776,2,12900,0.11,SALARIED
CUS105928,49,79500,23,35,741,2,6700,0.084,SALARIED
CUS105929,54,78400,50,56,742,2,18900,0.241,SALARIED
CUS105930,21,75000,27,45,776,1,18200,0.243,SALARIED
CUS105931,51,91000,31,92,779,1,9000,0.099,SALARIED
CUS105932,50,80000,54,58,769,1,10500,0.131,SALARIED
CUS105933,38,129700,28,25,790,1,47800,0.369,SALARIED
CUS105934,37,97800,9,83,699,1,39100,0.4,SALARIED
CUS105935,58,89200,21,60,725,0,35900,0.402,SALARIED
CUS105936,34,83400,64,85,775,0,8500,0.102,SALARIED
CUS105937,43,55600,46,82,709,0,4800,0.086,SALARIED
CUS105938,45,85000,22,70,850,2,15100,0.178,SALARIED
CUS105939,35,63500,84,14,772,1,16400,0.258,SALARIED
CUS105940,42,99300,27,43,713,4,13600,0.137,SALARIED
CUS105941,23,77400,63,67,829,0,38800,0.501,SALARIED
CUS105942,39,179800,132,45,778,1,21300,0.118,SALARIED
CUS105943,54,48200,51,31,695,3,5300,0.11,SALARIED
CUS105944,55,30000,79,64,746,1,3400,0.113,SALARIED
CUS105945,21,95900,143,74,691,0,25900,0.27,SALARIED
CUS105946,41,63600,46,92,759,1,17600,0.277,SALARIED
CUS105947,49,91400,91,85,677,2,8200,0.09,SALARIED
CUS105948,26,48700,36,81,742,4,15900,0.326,SALARIED
CUS105949,57,200700,17,29,731,3,24400,0.122,SALARIED
CUS105950,21,71400,21,81,760,1,22200,0.311,SALARIED
CUS105951,21,61800,46,120,768,1,19400,0.314,SALARIED
CUS105952,47,199000,17,141,768,1,72800,0.366,SALARIED
CUS105953,41,124100,49,48,745,1,24700,0.199,SALARIED
CUS105954,36,158800,28,103,679,1,13000,0.082,SALARIED
CUS105955,60,78700,15,110,746,1,29700,0.377,SALARIED
CUS105956,46,86800,56,39,718,0,32800,0.378,SALARIED
CUS105957,36,65000,14,119,823,2,9800,0.151,SALARIED
CUS105958,48,61700,116,75,774,1,10500,0.17,SALARIED
CUS105959,21,101700,94,166,640,1,34500,0.339,SALARIED
CUS105960,56,72000,18,114,748,2,10300,0.143,SALARIED
CUS105961,30,230900,101,78,850,2,76300,0.33,SALARIED
CUS105962,37,124200,29,23,685,3,13200,0.106,SALARIED
CUS105963,43,198400,24,53,766,0,61300,0.309,SALARIED
CUS105964,27,31200,116,107,712,2,2800,0.09,SALARIED
CUS105965,27,199500,4,50,824,2,66500,0.333,SALARIED
CUS105966,35,30000,44,77,698,0,2900,0.097,SALARIED
CUS105967,54,48200,28,64,728,3,11600,0.241,SALARIED
CUS105968,24,38600,68,56,769,0,7300,0.189,SALARIED
CUS105969,34,94800,23,79,662,1,10900,0.115,SALARIED
CUS105970,34,84300,36,80,726,1,10600,0.126,SALARIED
CUS105971,36,121600,80,31,764,1,11900,0.098,SALARIED
CUS105972,27,81700,43,72,610,2,3100,0.038,SALARIED
CUS105973,52,147500,51,20,782,2,16900,0.115,SALARIED
CUS105974,39,55900,16,82,673,1,14800,0.265,SALARIED
CUS105975,22,149100,11,129,670,2,41900,0.281,SALARIED
CUS105976,30,83800,29,145,805,0,12600,0.15,SALARIED
CUS105977,37,245400,27,120,702,0,17900,0.073,SALARIED
CUS105978,57,125800,21,81,638,2,17600,0.14,SALARIED
CUS105979,32,74100,65,94,747,1,3400,0.046,SALARIED
CUS105980,26,83700,51,73,791,1,16400,0.196,SALARIED
CUS105981,42,54000,62,75,689,0,5800,0.107,SALARIED
CUS105982,52,99900,52,84,752,1,13400,0.134,SALARIED
CUS105983,40,74100,63,80,735,0,13400,0.181,SALARIED
CUS105984,21,117700,70,66,677,4,40300,0.342,SALARIED
CUS105985,26,46600,32,116,687,0,18600,0.399,SALARIED
CUS105986,39,73300,39,60,769,1,25100,0.342,SALARIED
CUS105987,38,50400,54,49,781,2,18400,0.365,SALARIED
CUS105988,26,51900,30,150,740,2,5400,0.104,SALARIED
CUS105989,53,111700,48,32,574,1,57600,0.516,SALARIED
CUS105990,43,141000,12,58,841,1,69600,0.494,SALARIED
CUS105991,43,30000,65,42,829,0,3900,0.13,SALARIED
CUS105992,46,196500,76,33,776,1,27100,0.138,SALARIED
CUS105993,33,159900,76,106,678,2,29100,0.182,SALARIED
CUS105994,27,46400,60,23,666,3,400,0.03,SALARIED
CUS105995,35,123300,61,128,732,0,35500,0.288,SALARIED
CUS105996,47,69100,30,42,701,3,25100,0.363,SALARIED
CUS105997,46,81300,6,98,798,2,8800,0.108,SALARIED
CUS105998,53,111400,16,89,790,2,17600,0.158,SALARIED
CUS105999,35,105500,54,42,653,1,22800,0.216,SALARIED
CUS106000,56,65700,38,110,800,0,7700,0.117,SALARIED
CUS106001,47,65600,14,46,722,2,7400,0.113,SALARIED
CUS106002,25,67300,30,118,698,0,26400,0.392,SALARIED
CUS106003,22,142200,30,62,732,0,37400,0.263,SALARIED
CUS106004,53,36800,35,110,669,0,7000,0.19,SALARIED
CUS106005,36,79000,50,51,803,1,7500,0.095,SALARIED
CUS106006,43,172500,25,167,726,1,31000,0.18,SALARIED
CUS106007,58,116700,36,133,795,0,33900,0.29,SALARIED
CUS106008,36,136400,33,68,794,3,30100,0.221,SALARIED
CUS106009,34,79500,49,52,705,2,3700,0.047,SALARIED
CUS106010,49,50400,21,20,741,2,8300,0.165,SALARIED
CUS106011,46,87200,44,89,694,0,4100,0.047,SALARIED
CUS106012,55,62300,44,63,807,3,12300,0.197,SALARIED
CUS106013,35,231900,35,49,708,2,36800,0.159,SALARIED
CUS106014,23,79200,52,64,771,1,9100,0.115,SALARIED
CUS106015,43,113200,34,67,790,0,19200,0.17,SALARIED
CUS106016,49,182900,11,24,825,0,26800,0.147,SALARIED
CUS106017,54,51900,54,180,794,1,18700,0.36,SALARIED
CUS106018,53,30500,56,10,720,2,6600,0.216,SALARIED
CUS106019,43,106000,45,71,815,1,23700,0.224,SALARIED
CUS106020,27,115300,36,79,794,0,8700,0.075,SALARIED
CUS106021,23,70500,36,50,657,2,29800,0.423,SALARIED
CUS106022,52,50500,20,86,795,1,3400,0.067,SALARIED
CUS106023,51,97700,24,40,760,0,17100,0.175,SALARIED
CUS106024,38,84100,46,58,728,1,16300,0.194,SALARIED
CUS106025,27,98300,50,47,729,2,31100,0.316,SALARIED
CUS106026,21,51100,31,45,733,2,4800,0.094,SALARIED
CUS106027,34,98400,44,60,715,2,29400,0.299,SALARIED
CUS106028,52,122900,58,42,758,1,40700,0.331,SALARIED
CUS106029,26,43200,29,43,794,3,12100,0.28,SALARIED
CUS106030,59,164000,19,56,677,1,23600,0.144,SALARIED
CUS106031,30,95300,27,94,632,2,11000,0.115,SALARIED
CUS106032,27,124700,39,94,738,1,34100,0.273,SALARIED
CUS106033,46,47800,44,63,791,2,12500,0.262,SALARIED
CUS106034,54,115600,35,107,774,0,41700,0.361,SALARIED
CUS106035,50,40600,44,180,709,1,16300,0.401,SALARIED
CUS106036,56,55500,161,109,722,0,27100,0.488,SALARIED
CUS106037,41,95700,17,52,631,1,21800,0.228,SALARIED
CUS106038,37,75100,41,114,810,0,16000,0.213,SALARIED
CUS106039,53,86100,57,40,710,1,17800,0.207,SALARIED
CUS106040,30,202300,27,50,743,1,23900,0.118,SALARIED
CUS106041,32,85500,70,140,719,2,19700,0.23,SALARIED
CUS106042,36,117000,95,95,688,1,22100,0.189,SALARIED
CUS106043,52,82500,45,84,703,1,28800,0.349,SALARIED
CUS106044,35,81400,46,21,709,2,12200,0.15,SALARIED
CUS106045,47,54700,37,88,699,0,600,0.03,SALARIED
CUS106046,48,100300,52,104,774,0,26500,0.264,SALARIED
CUS106047,37,266000,83,119,776,0,48700,0.183,SALARIED
CUS106048,22,88400,40,51,722,0,45200,0.511,SALARIED
CUS106049,56,75400,16,31,742,0,21400,0.284,SALARIED
CUS106050,27,142000,27,30,817,2,10500,0.074,SALARIED
CUS106051,33,134700,46,73,648,0,20600,0.153,SALARIED
CUS106052,35,103600,45,15,820,2,4800,0.046,SALARIED
CUS106053,45,74000,42,69,823,0,10400,0.141,SALARIED
CUS106054,43,142300,15,86,778,0,46000,0.323,SALARIED
CUS106055,42,89800,31,84,759,2,8400,0.094,SALARIED
CUS106056,46,128200,32,67,759,0,24100,0.188,SALARIED
CUS106057,53,58800,16,73,654,0,9600,0.163,SALARIED
CUS106058,31,65300,36,150,767,2,24200,0.371,SALARIED
CUS106059,30,88800,29,78,796,1,11900,0.134,SALARIED
CUS106060,45,48800,20,180,666,2,3200,0.066,SALARIED
CUS106061,57,72000,46,101,680,2,26200,0.364,SALARIED
CUS106062,58,47800,36,33,816,2,12900,0.27,SALARIED
CUS106063,44,42400,15,35,722,0,6600,0.156,SALARIED
CUS106064,60,254400,21,21,785,2,35300,0.139,SALARIED
CUS106065,53,64600,9,37,681,3,7800,0.121,SALARIED
CUS106066,37,67200,91,69,772,0,32400,0.482,SALARIED
CUS106067,44,88100,25,83,771,2,4000,0.045,SALARIED
CUS106068,57,52700,15,26,621,1,8400,0.159,SALARIED
CUS106069,22,67800,69,99,777,2,13600,0.201,SALARIED
CUS106070,52,194100,46,126,705,2,41300,0.213,SALARIED
CUS106071,44,99900,110,63,753,3,22900,0.229,SALARIED
CUS106072,29,132500,58,79,721,3,22600,0.171,SALARIED
CUS106073,24,172600,23,54,789,1,56000,0.324,SALARIED
CUS106074,37,93500,29,36,797,1,27700,0.296,SALARIED
CUS106075,37,76900,61,142,813,1,3600,0.047,SALARIED
CUS106076,50,44600,23,98,805,0,19700,0.442,SALARIED
CUS106077,60,71500,46,58,793,0,10400,0.145,SALARIED
CUS106078,31,79000,42,123,728,3,8400,0.106,SALARIED
CUS106079,41,59100,79,119,726,2,20400,0.345,SALARIED
CUS106080,41,170400,14,60,709,1,72200,0.424,SALARIED
CUS106081,38,139600,21,60,694,2,17400,0.125,SALARIED
CUS106082,49,132400,115,83,649,1,61200,0.462,SALARIED
CUS106083,44,80700,67,23,768,0,11000,0.136,SALARIED
CUS106084,30,53400,30,101,734,1,3600,0.067,SALARIED
CUS106085,37,154500,79,48,745,1,15400,0.1,SALARIED
CUS106086,38,98800,7,87,773,1,13900,0.141,SALARIED
CUS106087,40,120400,35,33,737,3,34600,0.287,SALARIED
CUS106088,57,112300,16,26,715,1,6600,0.059,SALARIED
CUS106089,38,97800,26,25,724,0,22300,0.228,SALARIED
CUS106090,37,209000,60,132,702,3,37100,0.178,SALARIED
CUS106091,29,63200,23,98,791,0,14700,0.233,SALARIED
CUS106092,34,74000,69,71,661,2,4500,0.061,SALARIED
CUS106093,49,177900,118,88,759,2,12400,0.07,SALARIED
CUS106094,51,88200,3,46,741,0,23800,0.27,SALARIED
CUS106095,24,80300,13,92,660,1,14300,0.178,SALARIED
CUS106096,38,75900,29,70,725,2,12700,0.167,SALARIED
CUS106097,40,115400,56,91,770,2,33700,0.292,SALARIED
CUS106098,29,76700,40,62,724,0,2400,0.031,SALARIED
CUS106099,33,72900,16,55,693,0,12200,0.167,SALARIED
CUS106100,35,114500,25,63,738,2,11300,0.099,SALARIED
CUS106101,47,88600,102,46,656,1,30200,0.341,SALARIED
CUS106102,35,54000,53,80,704,0,8000,0.148,SALARIED
CUS106103,48,86200,31,69,672,0,22600,0.262,SALARIED
CUS106104,57,159200,18,59,749,1,65500,0.411,SALARIED
CUS106105,39,119900,80,41,794,2,11200,0.093,SALARIED
CUS106106,46,168300,63,75,759,2,47400,0.282,SALARIED
CUS106107,46,61200,60,144,829,0,14100,0.23,SALARIED
CUS106108,45,137600,66,117,793,1,32600,0.237,SALARIED
CUS106109,46,63500,36,115,687,0,25600,0.403,SALARIED
CUS106110,46,48800,81,48,724,3,8800,0.18,SALARIED
CUS106111,48,59200,53,96,757,1,17400,0.294,SALARIED
CUS106112,38,90200,45,73,695,0,3100,0.034,SALARIED
CUS106113,52,135000,57,102,761,1,24600,0.182,SALARIED
CUS106114,23,97700,67,72,758,0,21700,0.222,SALARIED
CUS106115,22,79300,42,36,751,1,21400,0.27,SALARIED
CUS106116,53,53400,51,63,730,2,3600,0.067,SALARIED
CUS106117,39,116800,130,28,680,2,14500,0.124,SALARIED
CUS106118,37,131100,14,29,757,2,14100,0.108,SALARIED
CUS106119,53,97200,25,52,739,3,4300,0.044,SALARIED
CUS106120,32,52900,15,35,694,1,24000,0.454,SALARIED
CUS106121,23,122300,56,51,738,0,14300,0.117,SALARIED
CUS106122,46,147700,5,40,715,1,32000,0.217,SALARIED
CUS106123,55,169400,78,41,762,0,39400,0.233,SALARIED
CUS106124,28,69800,48,95,763,1,16700,0.239,SALARIED
CUS106125,56,103400,78,59,706,1,600,0.03,SALARIED
CUS106126,27,66800,41,44,732,2,25400,0.38,SALARIED
CUS106127,56,56100,50,67,709,2,5600,0.1,SALARIED
CUS106128,36,173300,77,62,814,0,33200,0.192,SALARIED
CUS106129,44,109600,23,71,717,2,35800,0.327,SALARIED
CUS106130,21,152100,14,77,751,1,9400,0.062,SALARIED
CUS106131,45,49000,49,58,834,2,12900,0.263,SALARIED
CUS106132,30,96800,42,35,597,0,19100,0.197,SALARIED
CUS106133,36,106800,36,79,770,0,30800,0.288,SALARIED
CUS106134,36,58400,84,80,763,2,21100,0.361,SALARIED
CUS106135,28,166000,52,72,701,0,20200,0.122,SALARIED
CUS106136,49,76100,10,72,659,1,5900,0.078,SALARIED
CUS106137,59,104200,62,63,711,1,22700,0.218,SALARIED
CUS106138,48,66400,65,64,720,3,19300,0.291,SALARIED
CUS106139,26,49700,23,29,753,1,8200,0.165,SALARIED
CUS106140,36,128200,22,76,659,0,44500,0.347,SALARIED
CUS106141,40,100800,24,52,682,1,12100,0.12,SALARIED
CUS106142,36,94600,46,65,709,1,43000,0.455,SALARIED
CUS106143,27,75000,85,86,846,0,11300,0.151,SALARIED
CUS106144,34,99600,27,29,714,1,21900,0.22,SALARIED
CUS106145,46,150300,94,53,691,0,34300,0.228,SALARIED
CUS106146,46,62500,24,83,779,0,2400,0.038,SALARIED
CUS106147,34,109400,66,50,645,1,9800,0.09,SALARIED
CUS106148,27,93100,20,38,687,0,7900,0.085,SALARIED
CUS106149,53,78200,24,86,626,0,38300,0.49,SALARIED
CUS106150,46,40500,30,86,730,2,6700,0.165,SALARIED
CUS106151,40,84500,16,74,703,3,4800,0.057,SALARIED
CUS106152,23,115000,25,38,808,0,31700,0.276,SALARIED
CUS106153,24,98300,23,60,746,2,19700,0.2,SALARIED
CUS106154,46,44500,36,167,731,0,3400,0.076,SALARIED
CUS106155,31,149000,66,62,680,1,12600,0.085,SALARIED
CUS106156,22,178400,19,45,721,2,84300,0.473,SALARIED
CUS106157,34,80900,36,59,786,0,19200,0.237,SALARIED
CUS106158,50,240500,22,49,682,2,67100,0.279,SALARIED
CUS106159,32,58500,108,45,783,2,2400,0.041,SALARIED
CUS106160,46,48000,32,34,672,1,8700,0.181,SALARIED
CUS106161,53,53800,45,79,723,2,17500,0.325,SALARIED
CUS106162,33,94900,27,78,775,2,13100,0.138,SALARIED
CUS106163,34,38200,53,133,769,2,5800,0.152,SALARIED
CUS106164,44,73900,56,61,687,0,12200,0.165,SALARIED
CUS106165,54,318400,44,39,703,0,41600,0.131,SALARIED
CUS106166,46,43200,35,85,731,0,6800,0.157,SALARIED
CUS106167,41,66500,40,87,831,1,12300,0.185,SALARIED
CUS106168,48,53300,113,35,829,1,12700,0.238,SALARIED
CUS106169,56,74800,94,34,798,0,7000,0.094,SALARIED
CUS106170,60,72700,40,98,783,0,11000,0.151,SALARIED
CUS106171,22,62900,54,25,660,1,18000,0.286,SALARIED
CUS106172,29,79200,43,87,802,1,11900,0.15,SALARIED
CUS106173,43,113000,113,94,676,1,25200,0.223,SALARIED
CUS106174,35,158500,27,36,681,2,35000,0.221,SALARIED
CUS106175,33,74800,33,100,754,1,18600,0.249,SALARIED
CUS106176,43,85200,17,36,735,0,12800,0.15,SALARIED
CUS106177,37,104700,33,102,734,0,10000,0.096,SALARIED
CUS106178,22,48700,34,11,666,3,8900,0.183,SALARIED
CUS106179,40,79400,75,60,714,2,17800,0.224,SALARIED
CUS106180,40,67700,53,92,664,1,14700,0.217,SALARIED
CUS106181,23,130500,35,68,798,2,42800,0.328,SALARIED
CUS106182,32,187000,30,70,628,0,24300,0.13,SALARIED
CUS106183,60,59900,56,83,767,0,18100,0.302,SALARIED
CUS106184,22,151200,27,65,714,0,12500,0.083,SALARIED
CUS106185,56,44100,41,41,660,3,13100,0.297,SALARIED
CUS106186,34,93000,40,70,766,1,11000,0.118,SALARIED
CUS106187,36,95600,52,61,775,2,37600,0.393,SALARIED
CUS106188,39,43600,26,88,719,0,3900,0.089,SALARIED
CUS106189,54,58500,27,84,812,0,6700,0.115,SALARIED
CUS106190,26,56000,22,89,696,0,13900,0.248,SALARIED
CUS106191,33,47100,8,132,806,1,8700,0.185,SALARIED
CUS106192,56,30000,28,49,800,1,5000,0.167,SALARIED
CUS106193,42,77400,26,84,640,3,22100,0.286,SALARIED
CUS106194,38,81700,103,33,850,1,34700,0.425,SALARIED
CUS106195,32,81500,42,55,747,1,8500,0.104,SALARIED
CUS106196,50,120000,17,45,762,1,9900,0.082,SALARIED
CUS106197,60,35500,18,65,663,0,2100,0.059,SALARIED
CUS106198,27,71600,56,93,836,1,3500,0.049,SALARIED
CUS106199,52,269000,80,108,731,0,18200,0.068,SALARIED
CUS106200,39,126700,11,87,703,0,16500,0.13,SALARIED
CUS106201,26,127000,37,99,746,0,19100,0.15,SALARIED
CUS106202,40,53800,18,45,721,0,19900,0.37,SALARIED
CUS106203,47,77800,17,136,764,0,28400,0.365,SALARIED
CUS106204,57,30200,57,82,677,0,7400,0.245,SALARIED
CUS106205,27,110600,39,35,802,5,27100,0.245,SALARIED
CUS106206,25,159600,23,51,812,0,3100,0.03,SALARIED
CUS106207,31,44300,10,57,755,2,9200,0.208,SALARIED
CUS106208,35,50500,33,99,769,1,10000,0.198,SALARIED
CUS106209,23,83800,52,56,669,1,2500,0.03,SALARIED
CUS106210,25,91100,45,33,673,1,1400,0.03,SALARIED
CUS106211,43,66600,12,37,732,1,13300,0.2,SALARIED
CUS106212,57,58900,53,41,682,4,7700,0.131,SALARIED
CUS106213,29,59200,64,48,572,3,6400,0.108,SALARIED
CUS106214,35,83100,52,66,762,1,11100,0.134,SALARIED
CUS106215,23,110700,30,74,824,1,11200,0.101,SALARIED
CUS106216,49,83100,83,28,764,1,31700,0.381,SALARIED
CUS106217,26,79600,63,72,734,1,9000,0.113,SALARIED
CUS106218,37,38500,23,67,799,0,12800,0.332,SALARIED
CUS106219,46,125600,11,79,755,0,48900,0.389,SALARIED
CUS106220,41,83100,39,49,691,2,15900,0.191,SALARIED
CUS106221,28,69800,34,85,681,2,1400,0.03,SALARIED
CUS106222,41,95300,34,98,677,1,43600,0.458,SALARIED
CUS106223,31,58100,68,180,713,0,5700,0.098,SALARIED
CUS106224,58,70500,31,72,777,0,17600,0.25,SALARIED
CUS106225,28,89200,28,86,757,2,19400,0.217,SALARIED
CUS106226,44,62600,61,49,813,1,2300,0.037,SALARIED
CUS106227,55,40500,33,26,725,0,15100,0.373,SALARIED
CUS106228,34,37700,7,44,694,1,2500,0.066,SALARIED
CUS106229,34,103900,20,47,792,3,17000,0.164,SALARIED
CUS106230,30,83800,22,79,707,0,14300,0.171,SALARIED
CUS106231,32,82500,86,46,755,1,5100,0.062,SALARIED
CUS106232,58,50400,44,90,767,1,10400,0.206,SALARIED
CUS106233,54,84200,34,77,850,0,39200,0.466,SALARIED
CUS106234,30,71000,21,94,709,1,34200,0.482,SALARIED
CUS106235,37,64900,22,180,799,2,7000,0.108,SALARIED
CUS106236,37,82200,58,140,726,2,11700,0.142,SALARIED
CUS106237,23,97100,77,46,803,0,6300,0.065,SALARIED
CUS106238,51,186800,40,40,716,1,25900,0.139,SALARIED
CUS106239,21,109600,29,66,770,0,20800,0.19,SALARIED
CUS106240,32,125000,109,42,850,1,37400,0.299,SALARIED
CUS106241,59,139700,51,95,664,2,25500,0.183,SALARIED
CUS106242,24,60300,70,77,788,2,10400,0.172,SALARIED
CUS106243,33,73600,54,29,803,2,14400,0.196,SALARIED
CUS106244,54,56600,114,52,711,2,8500,0.15,SALARIED
CUS106245,41,62500,36,77,821,2,10500,0.168,SALARIED
CUS106246,42,70100,39,33,670,2,22400,0.32,SALARIED
CUS106247,24,61900,36,79,781,4,20300,0.328,SALARIED
CUS106248,38,94000,71,133,756,1,2300,0.03,SALARIED
CUS106249,25,103300,57,96,785,1,13600,0.132,SALARIED
CUS106250,39,47200,33,34,728,0,15700,0.333,SALARIED
CUS106251,22,73900,65,21,790,1,14200,0.192,SALARIED
CUS106252,32,74200,30,40,794,1,15000,0.202,SALARIED
CUS106253,37,43800,7,22,633,0,4700,0.107,SALARIED
CUS106254,30,60200,33,45,712,1,7700,0.128,SALARIED
CUS106255,54,125900,34,44,739,0,49600,0.394,SALARIED
CUS106256,26,125200,33,23,722,1,9900,0.079,SALARIED
CUS106257,28,40800,100,40,764,0,14400,0.353,SALARIED
CUS106258,31,105100,55,100,631,1,22800,0.217,SALARIED
CUS106259,32,43900,22,43,719,1,4200,0.096,SALARIED
CUS106260,29,71000,53,103,748,2,13400,0.189,SALARIED
CUS106261,22,81400,17,66,747,1,27300,0.335,SALARIED
CUS106262,28,119300,22,88,676,3,14200,0.119,SALARIED
CUS106263,31,78600,31,38,847,0,7600,0.097,SALARIED
CUS106264,56,53900,97,31,685,1,12600,0.234,SALARIED
CUS106265,30,49900,32,35,746,3,25600,0.513,SALARIED
CUS106266,41,91700,24,19,708,2,61800,0.674,SALARIED
CUS106267,40,63900,19,69,786,2,2700,0.042,SALARIED
CUS106268,28,70700,26,77,814,0,7200,0.102,SALARIED
CUS106269,56,131500,21,75,755,1,49800,0.379,SALARIED
CUS106270,49,103400,54,26,765,2,12500,0.121,SALARIED
CUS106271,32,173600,50,115,708,2,30800,0.177,SALARIED
CUS106272,34,53800,28,32,698,1,14600,0.271,SALARIED
CUS106273,41,61800,32,90,608,2,8200,0.133,SALARIED
CUS106274,42,92300,28,54,691,0,21300,0.231,SALARIED
CUS106275,41,192700,13,107,687,1,7200,0.037,SALARIED
CUS106276,50,59400,33,32,756,0,5600,0.094,SALARIED
CUS106277,59,86500,30,58,666,0,17800,0.206,SALARIED
CUS106278,40,154000,42,57,696,0,19000,0.123,SALARIED
CUS106279,44,86900,16,36,792,3,16300,0.188,SALARIED
CUS106280,43,134500,21,86,679,2,62700,0.466,SALARIED
CUS106281,27,205100,37,49,674,1,28900,0.141,SALARIED
CUS106282,29,97100,82,25,833,2,28000,0.288,SALARIED
CUS106283,21,104500,7,109,840,0,5100,0.049,SALARIED
CUS106284,46,118700,36,85,727,0,25900,0.218,SALARIED
CUS106285,58,56600,26,66,780,0,5700,0.101,SALARIED
CUS106286,58,43600,51,23,769,3,30600,0.702,SALARIED
CUS106287,42,91300,35,45,771,2,11000,0.12,SALARIED
CUS106288,30,64200,14,124,711,2,28800,0.449,SALARIED
CUS106289,26,136500,19,35,749,1,27500,0.201,SALARIED
CUS106290,37,97900,27,35,748,0,14300,0.146,SALARIED
CUS106291,58,135500,83,44,761,0,27900,0.206,SALARIED
CUS106292,44,49500,17,57,742,1,18900,0.382,SALARIED
CUS106293,30,133400,61,44,752,2,9500,0.071,SALARIED
CUS106294,28,30200,32,66,707,1,5500,0.182,SALARIED
CUS106295,41,51400,21,47,700,1,16400,0.319,SALARIED
CUS106296,26,113000,21,63,785,0,12600,0.112,SALARIED
CUS106297,41,67800,13,65,730,1,19600,0.289,SALARIED
CUS106298,59,70800,80,37,702,3,39400,0.556,SALARIED
CUS106299,44,89200,17,123,850,1,10600,0.119,SALARIED
CUS106300,53,161200,33,116,850,3,16900,0.105,SALARIED
CUS106301,38,35800,35,93,669,1,2400,0.067,SALARIED
CUS106302,48,149100,43,47,722,2,31700,0.213,SALARIED
CUS106303,52,153100,22,50,815,0,20900,0.137,SALARIED
CUS106304,32,67700,20,74,688,0,6900,0.102,SALARIED
CUS106305,47,62200,27,55,690,1,5800,0.093,SALARIED
CUS106306,30,80600,66,61,744,1,2600,0.032,SALARIED
CUS106307,52,61600,117,54,772,1,16400,0.266,SALARIED
CUS106308,46,99300,80,53,680,2,33000,0.332,SALARIED
CUS106309,45,105300,66,53,782,1,12400,0.118,SALARIED
CUS106310,31,42200,42,44,821,0,1900,0.045,SALARIED
CUS106311,43,56200,65,44,689,0,1600,0.03,SALARIED
CUS106312,54,49900,61,144,707,1,17300,0.347,SALARIED
CUS106313,60,93600,78,46,772,1,14600,0.156,SALARIED
CUS106314,43,125900,55,131,703,3,17000,0.135,SALARIED
CUS106315,49,52400,40,159,614,1,8700,0.166,SALARIED
CUS106316,51,125500,25,79,726,1,19100,0.152,SALARIED
CUS106317,27,56100,7,126,719,1,4100,0.073,SALARIED
CUS106318,60,117500,15,39,680,0,30800,0.262,SALARIED
CUS106319,53,74800,10,107,787,2,22700,0.303,SALARIED
CUS106320,41,69700,58,63,724,0,9700,0.139,SALARIED
CUS106321,22,142100,16,92,795,2,5500,0.039,SALARIED
CUS106322,38,190000,8,64,621,0,29400,0.155,SALARIED
CUS106323,53,35500,17,21,605,1,6300,0.177,SALARIED
CUS106324,57,111300,38,56,777,1,16600,0.149,SALARIED
CUS106325,54,92100,32,101,651,2,25000,0.271,SALARIED
CUS106326,40,114300,47,86,668,2,21100,0.185,SALARIED
CUS106327,55,44500,16,84,676,0,4200,0.094,SALARIED
CUS106328,38,52200,22,45,835,2,4000,0.077,SALARIED
CUS106329,44,62800,91,31,773,1,15200,0.242,SALARIED
CUS106330,28,93600,37,153,634,1,25100,0.268,SALARIED
CUS106331,50,61100,33,83,715,1,17700,0.29,SALARIED
CUS106332,30,73500,28,82,730,2,2900,0.039,SALARIED
CUS106333,43,123500,43,112,663,3,11800,0.096,SALARIED
CUS106334,31,213700,61,66,715,1,83900,0.393,SALARIED
CUS106335,22,119600,42,29,683,1,51400,0.43,SALARIED
CUS106336,46,125100,51,102,818,1,50400,0.403,SALARIED
CUS106337,56,78300,116,61,726,2,19500,0.249,SALARIED
CUS106338,53,56900,29,109,646,2,12300,0.216,SALARIED
CUS106339,33,73400,45,80,744,1,15700,0.214,SALARIED
CUS106340,60,82800,44,68,758,0,35700,0.431,SALARIED
CUS106341,45,50400,55,49,694,0,17700,0.351,SALARIED
CUS106342,24,122700,151,56,763,1,22500,0.183,SALARIED
CUS106343,39,168400,40,57,738,3,16400,0.097,SALARIED
CUS106344,38,89800,30,107,704,1,47100,0.524,SALARIED
CUS106345,57,138400,23,51,719,2,42900,0.31,SALARIED
CUS106346,50,146400,17,91,729,0,44100,0.301,SALARIED
CUS106347,39,53400,12,55,568,0,4800,0.09,SALARIED
CUS106348,43,38900,132,16,726,1,25800,0.663,SALARIED
CUS106349,36,67900,22,46,786,1,10600,0.156,SALARIED
CUS106350,21,88700,27,82,715,2,33900,0.382,SALARIED
CUS106351,32,49600,24,91,790,1,9200,0.185,SALARIED
CUS106352,44,161200,57,87,663,0,71400,0.443,SALARIED
CUS106353,54,204300,15,27,646,0,130800,0.64,SALARIED
CUS106354,28,92100,14,16,654,1,16500,0.179,SALARIED
CUS106355,38,54600,45,38,745,2,8200,0.15,SALARIED
CUS106356,25,105800,43,48,757,3,31500,0.298,SALARIED
CUS106357,46,54600,44,65,664,2,10700,0.196,SALARIED
CUS106358,50,142200,67,79,743,1,26700,0.188,SALARIED
CUS106359,33,76600,15,36,719,1,5300,0.069,SALARIED
CUS106360,39,117900,69,74,716,4,8200,0.07,SALARIED
CUS106361,49,127500,16,76,705,0,37800,0.296,SALARIED
CUS106362,23,108300,9,113,744,1,19000,0.175,SALARIED
CUS106363,46,189800,36,107,612,1,19200,0.101,SALARIED
CUS106364,60,92100,16,65,626,0,8700,0.094,SALARIED
CUS106365,32,67800,30,61,723,1,16700,0.246,SALARIED
CUS106366,22,33000,65,42,773,3,600,0.03,SALARIED
CUS106367,31,30400,14,44,748,1,6200,0.204,SALARIED
CUS106368,48,114000,117,50,781,3,1600,0.03,SALARIED
CUS106369,38,78300,67,30,767,1,26500,0.338,SALARIED
CUS106370,33,58900,24,21,605,1,10000,0.17,SALARIED
CUS106371,57,51500,41,49,681,0,10000,0.194,SALARIED
CUS106372,42,118600,19,51,844,0,45900,0.387,SALARIED
CUS106373,32,54600,23,101,709,4,27800,0.509,SALARIED
CUS106374,22,177100,56,61,811,0,17900,0.101,SALARIED
CUS106375,57,244800,38,37,605,3,29000,0.118,SALARIED
CUS106376,27,56700,64,82,670,2,11000,0.194,SALARIED
CUS106377,46,114900,46,55,725,1,80500,0.701,SALARIED
CUS106378,46,103600,55,29,771,1,17900,0.173,SALARIED
CUS106379,44,54500,70,71,656,3,11400,0.209,SALARIED
CUS106380,32,54600,33,69,732,1,6300,0.115,SALARIED
CUS106381,36,80400,12,80,731,3,18000,0.224,SALARIED
CUS106382,43,50900,27,27,777,2,10300,0.202,SALARIED
CUS106383,60,138900,85,79,727,2,36500,0.263,SALARIED
CUS106384,29,76100,47,152,676,2,21900,0.288,SALARIED
CUS106385,52,51300,31,169,735,0,24400,0.476,SALARIED
CUS106386,35,81700,59,125,815,1,14800,0.181,SALARIED
CUS106387,57,104900,81,54,689,0,2300,0.03,SALARIED
CUS106388,33,61400,56,98,732,2,21500,0.35,SALARIED
CUS106389,25,34700,71,16,682,2,12600,0.363,SALARIED
CUS106390,31,90000,80,36,810,0,10400,0.116,SALARIED
CUS106391,30,49200,62,69,698,0,8200,0.167,SALARIED
CUS106392,33,59500,33,88,791,1,8800,0.148,SALARIED
CUS106393,35,105000,28,49,762,2,16500,0.157,SALARIED
CUS106394,27,65200,67,48,626,2,25300,0.388,SALARIED
CUS106395,60,79800,37,46,767,2,22200,0.278,SALARIED
CUS106396,48,163500,52,164,699,4,30100,0.184,SALARIED
CUS106397,52,72500,63,58,731,2,5800,0.08,SALARIED
CUS106398,55,211100,99,89,680,1,69400,0.329,SALARIED
CUS106399,35,118600,39,83,850,1,8200,0.069,SALARIED
CUS106400,56,55900,42,46,756,1,21800,0.39,SALARIED
CUS106401,41,68600,20,66,788,0,10400,0.152,SALARIED
CUS106402,26,48200,23,59,714,3,11900,0.247,SALARIED
CUS106403,21,113200,25,86,727,0,32500,0.287,SALARIED
CUS106404,24,154300,56,136,629,1,26600,0.172,SALARIED
CUS106405,31,72300,131,55,752,2,4700,0.065,SALARIED
CUS106406,46,36800,20,58,662,0,16400,0.446,SALARIED
CUS106407,57,100000,71,78,701,0,13000,0.13,SALARIED
CUS106408,43,57700,23,74,695,2,14200,0.246,SALARIED
CUS106409,49,61700,24,71,642,0,16500,0.267,SALARIED
CUS106410,41,97800,36,61,709,0,23300,0.238,SALARIED
CUS106411,47,148000,32,103,780,0,15800,0.107,SALARIED
CUS106412,59,118600,114,103,658,0,14800,0.125,SALARIED
CUS106413,60,103100,56,80,758,2,9100,0.088,SALARIED
CUS106414,33,79200,65,120,734,1,30700,0.388,SALARIED
CUS106415,43,46900,37,25,729,0,9100,0.194,SALARIED
CUS106416,36,99400,32,126,621,0,21700,0.218,SALARIED
CUS106417,50,117400,52,132,697,2,14500,0.124,SALARIED
CUS106418,24,65000,100,39,830,2,16100,0.248,SALARIED
CUS106419,60,72100,24,82,694,2,19100,0.265,SALARIED
CUS106420,36,140100,8,58,760,1,22600,0.161,SALARIED
CUS106421,51,71200,47,100,704,1,1300,0.03,SALARIED
CUS106422,45,75300,50,131,661,1,18100,0.24,SALARIED
CUS106423,32,81700,13,160,698,3,7700,0.094,SALARIED
CUS106424,46,114700,36,86,808,1,39000,0.34,SALARIED
CUS106425,57,97000,44,73,798,1,13900,0.143,SALARIED
CUS106426,53,93800,19,86,658,0,38600,0.412,SALARIED
CUS106427,48,168300,74,35,699,0,53700,0.319,SALARIED
CUS106428,29,70700,50,106,666,1,7900,0.112,SALARIED
CUS106429,32,55400,79,93,706,3,11600,0.209,SALARIED
CUS106430,25,134600,23,80,767,1,37400,0.278,SALARIED
CUS106431,48,94300,24,38,746,1,21000,0.223,SALARIED
CUS106432,55,65200,112,53,804,2,12300,0.189,SALARIED
CUS106433,25,72300,29,56,850,1,13400,0.185,SALARIED
CUS106434,54,47900,50,51,749,0,7600,0.159,SALARIED
CUS106435,54,94300,59,90,785,1,14300,0.152,SALARIED
CUS106436,33,44000,26,54,847,1,14900,0.339,SALARIED
CUS106437,59,115500,61,41,682,2,5100,0.044,SALARIED
CUS106438,34,67200,19,117,811,0,14800,0.22,SALARIED
CUS106439,31,45400,16,147,704,1,7200,0.159,SALARIED
CUS106440,58,139300,59,24,770,0,38200,0.274,SALARIED
CUS106441,24,234600,67,32,691,1,29500,0.126,SALARIED
CUS106442,53,103500,60,40,817,1,23400,0.226,SALARIED
CUS106443,27,74800,80,60,759,2,9300,0.124,SALARIED
CUS106444,28,55200,82,180,729,0,3900,0.071,SALARIED
CUS106445,57,95600,8,53,734,2,9400,0.098,SALARIED
CUS106446,30,113200,18,53,850,0,11800,0.104,SALARIED
CUS106447,35,85300,41,51,732,0,10000,0.117,SALARIED
CUS106448,58,127200,45,57,644,1,32500,0.256,SALARIED
CUS106449,35,168000,18,66,707,0,31800,0.189,SALARIED
CUS106450,25,48200,60,111,791,0,6900,0.143,SALARIED
CUS106451,49,97000,39,118,838,2,15300,0.158,SALARIED
CUS106452,39,36100,97,85,773,2,10300,0.285,SALARIED
CUS106453,30,58900,69,48,649,2,18400,0.312,SALARIED
CUS106454,32,117500,26,101,696,2,33800,0.288,SALARIED
CUS106455,24,83200,56,121,711,1,13900,0.167,SALARIED
CUS106456,51,41200,11,41,751,2,7500,0.182,SALARIED
CUS106457,38,136300,49,103,736,1,6800,0.05,SALARIED
CUS106458,36,66600,67,61,787,1,5800,0.087,SALARIED
CUS106459,60,124700,18,38,695,2,26200,0.21,SALARIED
CUS106460,56,107100,43,96,731,1,13600,0.127,SALARIED
CUS106461,45,58400,18,135,699,0,3200,0.055,SALARIED
CUS106462,43,125700,21,117,750,2,6700,0.053,SALARIED
CUS106463,32,98100,12,16,691,0,40200,0.41,SALARIED
CUS106464,54,92000,27,155,756,0,34400,0.374,SALARIED
CUS106465,56,68900,39,88,772,0,27600,0.401,SALARIED
CUS106466,57,51800,50,17,765,2,3500,0.068,SALARIED
CUS106467,23,70400,31,24,710,1,16200,0.23,SALARIED
CUS106468,29,69700,19,53,809,1,14800,0.212,SALARIED
CUS106469,38,124700,53,42,746,1,13900,0.111,SALARIED
CUS106470,55,40500,82,82,792,2,2800,0.069,SALARIED
CUS106471,54,164800,18,61,847,0,12500,0.076,SALARIED
CUS106472,34,168900,87,70,828,0,11700,0.069,SALARIED
CUS106473,24,63700,9,103,715,1,6800,0.107,SALARIED
CUS106474,49,159700,75,135,802,2,57700,0.361,SALARIED
CUS106475,35,54100,42,73,850,2,9200,0.17,SALARIED
CUS106476,48,141200,45,62,846,3,20800,0.147,SALARIED
CUS106477,36,58800,23,66,670,2,7600,0.129,SALARIED
CUS106478,32,135300,67,52,711,2,37700,0.279,SALARIED
CUS106479,25,44500,29,76,789,0,2600,0.058,SALARIED
CUS106480,54,138400,59,132,799,3,64800,0.468,SALARIED
CUS106481,21,151800,37,100,770,0,69600,0.458,SALARIED
CUS106482,59,43900,32,174,750,1,20200,0.46,SALARIED
CUS106483,52,187400,50,92,822,1,17800,0.095,SALARIED
CUS106484,46,134400,39,119,721,2,18700,0.139,SALARIED
CUS106485,37,34600,47,60,761,1,5900,0.171,SALARIED
CUS106486,47,68200,30,40,745,0,29500,0.433,SALARIED
CUS106487,44,135600,16,79,680,1,13200,0.097,SALARIED
CUS106488,55,117700,41,55,764,2,41800,0.355,SALARIED
CUS106489,59,89400,46,62,693,1,10700,0.12,SALARIED
CUS106490,46,129100,65,18,807,1,80800,0.626,SALARIED
CUS106491,58,57400,88,59,687,0,5800,0.101,SALARIED
CUS106492,43,86800,16,49,683,1,45300,0.522,SALARIED
CUS106493,42,58100,72,127,725,2,28700,0.494,SALARIED
CUS106494,24,90300,19,56,806,1,10300,0.114,SALARIED
CUS106495,29,133400,36,32,720,3,40500,0.304,SALARIED
CUS106496,24,120800,20,46,734,5,38900,0.322,SALARIED
CUS106497,27,94000,43,50,767,0,41500,0.441,SALARIED
CUS106498,43,132700,20,61,716,1,44800,0.338,SALARIED
CUS106499,22,138700,10,60,588,1,41700,0.301,SALARIED
CUS106500,44,190800,27,40,732,0,25100,0.132,SALARIED
CUS106501,60,143700,58,56,724,2,23500,0.164,SALARIED
CUS106502,51,114200,21,20,712,1,28000,0.245,SALARIED
CUS106503,51,129400,41,28,731,0,18100,0.14,SALARIED
CUS106504,60,94800,35,48,731,0,20700,0.218,SALARIED
CUS106505,54,74900,26,23,706,2,1600,0.03,SALARIED
CUS106506,44,125600,21,39,724,1,25400,0.202,SALARIED
CUS106507,46,119500,20,77,766,1,36300,0.304,SALARIED
CUS106508,36,96900,50,51,806,0,19900,0.205,SALARIED
CUS106509,33,77900,42,48,704,2,10700,0.137,SALARIED
CUS106510,35,76000,56,47,797,1,26100,0.343,SALARIED
CUS106511,47,70700,32,58,760,2,2000,0.03,SALARIED
CUS106512,24,149600,43,72,658,0,6100,0.041,SALARIED
CUS106513,36,144500,47,123,763,2,55400,0.383,SALARIED
CUS106514,50,141700,59,180,753,4,71900,0.507,SALARIED
CUS106515,50,52900,36,85,769,1,3600,0.068,SALARIED
CUS106516,56,72300,23,121,701,0,7500,0.104,SALARIED
CUS106517,23,75700,64,107,663,4,5300,0.07,SALARIED
CUS106518,42,64700,62,31,635,2,34000,0.526,SALARIED
CUS106519,42,196500,40,88,750,1,12400,0.063,SALARIED
CUS106520,32,101800,28,105,784,0,9400,0.092,SALARIED
CUS106521,41,98500,44,108,766,3,4000,0.041,SALARIED
CUS106522,24,68900,17,24,770,1,9800,0.142,SALARIED
CUS106523,51,125300,38,53,821,0,25300,0.202,SALARIED
CUS106524,51,227900,61,79,761,0,67400,0.296,SALARIED
CUS106525,43,88200,27,78,725,3,49600,0.562,SALARIED
CUS106526,40,76500,32,60,837,1,4000,0.052,SALARIED
CUS106527,35,81600,81,97,709,1,4500,0.055,SALARIED
CUS106528,43,73500,40,43,697,0,10400,0.141,SALARIED
CUS106529,48,84900,55,87,804,2,47100,0.555,SALARIED
CUS106530,36,64600,14,46,636,1,16400,0.254,SALARIED
CUS106531,57,57000,57,120,682,1,6700,0.118,SALARIED
CUS106532,41,84200,69,47,699,2,16300,0.194,SALARIED
CUS106533,35,88200,18,40,673,0,12800,0.145,SALARIED
CUS106534,37,75200,13,45,742,1,22400,0.298,SALARIED
CUS106535,57,163700,50,52,842,0,12500,0.076,SALARIED
CUS106536,33,102500,21,48,719,2,37300,0.364,SALARIED
CUS106537,39,118700,12,121,649,1,11500,0.097,SALARIED
CUS106538,50,120100,36,32,655,0,21100,0.176,SALARIED
CUS106539,38,89100,41,55,761,2,10900,0.122,SALARIED
CUS106540,34,93800,103,78,733,0,14500,0.155,SALARIED
CUS106541,56,57700,39,53,784,4,16000,0.277,SALARIED
CUS106542,56,114200,42,117,752,1,3300,0.03,SALARIED
CUS106543,40,73200,17,67,698,0,29900,0.408,SALARIED
CUS106544,39,63700,35,47,678,3,7000,0.11,SALARIED
CUS106545,27,152700,35,78,686,3,19500,0.128,SALARIED
CUS106546,24,46700,67,32,738,3,8000,0.171,SALARIED
CUS106547,54,184200,37,39,645,2,42500,0.231,SALARIED
CUS106548,22,177800,50,71,658,2,51800,0.291,SALARIED
CUS106549,25,76900,39,75,727,1,16700,0.217,SALARIED
CUS106550,30,189800,44,49,711,3,81300,0.428,SALARIED
CUS106551,52,57000,17,25,760,0,5700,0.1,SALARIED
CUS106552,33,133000,38,66,722,3,32100,0.241,SALARIED
CUS106553,59,85600,32,53,711,2,12000,0.14,SALARIED
CUS106554,25,37700,104,85,757,2,3500,0.093,SALARIED
CUS106555,30,64000,37,49,740,0,15200,0.238,SALARIED
CUS106556,30,78600,36,49,744,1,3800,0.048,SALARIED
CUS106557,58,120700,46,132,581,1,17000,0.141,SALARIED
CUS106558,47,68600,17,42,714,1,36100,0.526,SALARIED
CUS106559,41,75200,82,66,723,1,900,0.03,SALARIED
CUS106560,28,108400,32,41,760,5,36300,0.335,SALARIED
CUS106561,21,105900,29,143,815,1,60600,0.572,SALARIED
CUS106562,48,81600,34,100,681,0,30800,0.377,SALARIED
CUS106563,59,74200,29,159,693,1,22500,0.303,SALARIED
CUS106564,34,129700,31,66,798,0,28500,0.22,SALARIED
CUS106565,41,74000,18,43,726,1,19800,0.268,SALARIED
CUS106566,50,49800,19,53,750,0,7900,0.159,SALARIED
CUS106567,41,71200,85,76,674,2,2000,0.03,SALARIED
CUS106568,29,108700,38,65,704,1,9100,0.084,SALARIED
CUS106569,37,79500,42,54,722,2,9100,0.114,SALARIED
CUS106570,25,67800,15,30,834,1,9500,0.14,SALARIED
CUS106571,51,48300,31,72,779,0,14800,0.306,SALARIED
CUS106572,60,79700,24,23,707,1,22900,0.287,SALARIED
CUS106573,58,94200,37,39,725,3,13300,0.141,SALARIED
CUS106574,39,54000,61,80,735,0,25600,0.474,SALARIED
CUS106575,56,78100,46,150,713,1,8600,0.11,SALARIED
CUS106576,53,52000,88,58,733,1,18200,0.35,SALARIED
CUS106577,33,80200,19,33,840,2,37200,0.464,SALARIED
CUS106578,34,184800,23,41,793,1,34700,0.188,SALARIED
CUS106579,53,91800,36,78,728,1,39400,0.429,SALARIED
CUS106580,49,41700,37,26,804,1,3000,0.072,SALARIED
CUS106581,56,98700,63,79,675,2,18500,0.187,SALARIED
CUS106582,30,153400,40,121,784,1,56500,0.368,SALARIED
CUS106583,51,45600,24,94,663,1,4500,0.099,SALARIED
CUS106584,26,53100,79,52,628,1,5800,0.109,SALARIED
CUS106585,21,95500,47,16,739,5,22100,0.231,SALARIED
CUS106586,27,81700,53,79,739,3,7200,0.088,SALARIED
CUS106587,47,146600,37,70,774,1,29800,0.203,SALARIED
CUS106588,41,78400,26,61,776,1,21800,0.278,SALARIED
CUS106589,48,123200,46,123,816,1,14200,0.115,SALARIED
CUS106590,36,169100,80,180,734,3,50300,0.297,SALARIED
CUS106591,43,57500,29,43,735,0,12800,0.223,SALARIED
CUS106592,40,119000,65,116,799,1,16800,0.141,SALARIED
CUS106593,58,71000,16,119,670,1,23000,0.324,SALARIED
CUS106594,45,31400,87,48,728,0,3700,0.118,SALARIED
CUS106595,48,105300,44,100,696,1,10200,0.097,SALARIED
CUS106596,25,111300,42,73,679,3,28800,0.259,SALARIED
CUS106597,41,42300,106,49,761,2,11700,0.277,SALARIED
CUS106598,38,69300,83,59,687,1,27000,0.39,SALARIED
CUS106599,26,64200,73,45,706,0,21200,0.33,SALARIED
CUS106600,49,122400,29,103,736,3,23500,0.192,SALARIED
CUS106601,39,42300,10,71,754,1,6900,0.163,SALARIED
CUS106602,53,89200,22,113,804,3,16500,0.185,SALARIED
CUS106603,21,30000,41,69,785,1,5800,0.193,SALARIED
CUS106604,23,100800,39,40,780,1,6500,0.064,SALARIED
CUS106605,41,89900,30,60,686,2,42100,0.468,SALARIED
CUS106606,55,67500,20,16,840,1,28300,0.419,SALARIED
CUS106607,60,161600,20,176,717,0,68900,0.426,SALARIED
CUS106608,23,30000,23,73,693,0,5200,0.173,SALARIED
CUS106609,45,84300,37,36,694,0,6500,0.077,SALARIED
CUS106610,58,145700,72,111,618,1,11300,0.078,SALARIED
CUS106611,40,90100,66,51,760,1,28300,0.314,SALARIED
CUS106612,54,157200,13,45,637,1,21800,0.139,SALARIED
CUS106613,41,69400,17,34,656,0,14600,0.21,SALARIED
CUS106614,43,78800,48,30,832,3,15600,0.198,SALARIED
CUS106615,26,148100,48,57,817,0,40700,0.275,SALARIED
CUS106616,33,127100,61,98,669,0,5800,0.046,SALARIED
CUS106617,43,250200,22,136,680,2,33200,0.133,SALARIED
CUS106618,29,89000,69,43,782,0,33400,0.375,SALARIED
CUS106619,37,93000,11,27,645,3,3500,0.038,SALARIED
CUS106620,22,69100,10,38,707,0,2700,0.039,SALARIED
CUS106621,39,77500,44,118,719,2,20500,0.265,SALARIED
CUS106622,39,138100,28,54,656,0,5800,0.042,SALARIED
CUS106623,27,85000,32,34,674,1,27700,0.326,SALARIED
CUS106624,40,59100,36,100,630,2,5600,0.095,SALARIED
CUS106625,29,71800,19,42,759,1,33800,0.471,SALARIED
CUS106626,37,81600,34,25,700,3,34400,0.422,SALARIED
CUS106627,47,60900,17,97,618,1,15000,0.246,SALARIED
CUS106628,22,69200,29,136,780,3,22000,0.318,SALARIED
CUS106629,56,54200,29,41,779,0,7100,0.131,SALARIED
CUS106630,39,70300,45,23,754,0,13700,0.195,SALARIED
CUS106631,37,143700,71,80,811,0,63900,0.445,SALARIED
CUS106632,25,86900,47,66,788,1,3400,0.039,SALARIED
CUS106633,59,257300,69,32,760,1,58600,0.228,SALARIED
CUS106634,38,60300,9,132,693,2,30000,0.498,SALARIED
CUS106635,27,105800,71,33,788,2,10800,0.102,SALARIED
CUS106636,37,93900,53,70,723,2,1700,0.03,SALARIED
CUS106637,59,113900,28,63,682,0,9800,0.086,SALARIED
CUS106638,56,64700,20,21,748,1,4100,0.063,SALARIED
CUS106639,60,72000,14,74,738,1,6300,0.088,SALARIED
CUS106640,24,102100,22,12,749,3,25100,0.246,SALARIED
CUS106641,58,67700,32,30,744,0,4800,0.071,SALARIED
CUS106642,45,38300,72,102,684,2,5400,0.141,SALARIED
CUS106643,25,153300,10,77,683,1,29700,0.194,SALARIED
CUS106644,50,126800,35,89,778,0,10000,0.079,SALARIED
CUS106645,32,70500,15,62,732,2,8100,0.115,SALARIED
CUS106646,24,93800,21,117,648,1,15400,0.164,SALARIED
CUS106647,44,133700,35,54,683,2,19500,0.146,SALARIED
CUS106648,49,155600,13,54,649,4,23300,0.15,SALARIED
CUS106649,29,89100,96,74,755,0,14700,0.165,SALARIED
CUS106650,24,65300,44,44,756,0,24800,0.38,SALARIED
CUS106651,44,164300,44,68,662,0,12400,0.075,SALARIED
CUS106652,34,88700,40,27,679,2,22100,0.249,SALARIED
CUS106653,25,79600,60,170,750,3,16400,0.206,SALARIED
CUS106654,38,95700,46,50,702,1,20900,0.218,SALARIED
CUS106655,39,142900,59,75,664,1,55900,0.391,SALARIED
CUS106656,32,83500,40,64,775,0,40900,0.49,SALARIED
CUS106657,38,132500,45,25,724,0,19600,0.148,SALARIED
CUS106658,37,77400,23,29,611,0,11500,0.149,SALARIED
CUS106659,50,111800,59,99,723,1,30100,0.269,SALARIED
CUS106660,44,55500,48,35,850,2,24000,0.432,SALARIED
CUS106661,31,137500,59,29,754,1,26900,0.196,SALARIED
CUS106662,55,62700,22,108,739,1,25000,0.399,SALARIED
CUS106663,43,104500,37,64,750,0,12200,0.117,SALARIED
CUS106664,37,43500,80,24,703,2,3400,0.078,SALARIED
CUS106665,21,86000,28,41,694,0,8600,0.1,SALARIED
CUS106666,35,92500,62,8,642,2,26300,0.284,SALARIED
CUS106667,52,62600,49,26,670,1,28700,0.458,SALARIED
CUS106668,29,80900,34,105,803,1,31800,0.393,SALARIED
CUS106669,35,95600,48,76,719,1,30100,0.315,SALARIED
CUS106670,48,109500,79,29,787,0,35800,0.327,SALARIED
CUS106671,44,88900,17,47,615,1,34400,0.387,SALARIED
CUS106672,55,154800,40,63,727,2,10500,0.068,SALARIED
CUS106673,42,143100,56,51,848,3,9100,0.064,SALARIED
CUS106674,47,83800,109,47,728,0,9200,0.11,SALARIED
CUS106675,39,46700,19,131,758,0,10900,0.233,SALARIED
CUS106676,32,68300,26,82,686,0,10700,0.157,SALARIED
CUS106677,40,31200,60,59,712,0,12600,0.404,SALARIED
CUS106678,21,78300,33,38,719,3,11800,0.151,SALARIED
CUS106679,41,159700,26,144,712,1,14600,0.091,SALARIED
CUS106680,21,121300,65,128,694,2,34900,0.288,SALARIED
CUS106681,30,88300,20,70,752,3,16100,0.182,SALARIED
CUS106682,52,61300,39,116,622,2,18400,0.3,SALARIED
CUS106683,59,89800,69,83,839,2,14900,0.166,SALARIED
CUS106684,42,221800,41,71,714,0,83100,0.375,SALARIED
CUS106685,38,166000,33,76,672,1,16200,0.098,SALARIED
CUS106686,52,79400,70,48,706,0,8100,0.102,SALARIED
CUS106687,47,43600,42,96,675,1,6700,0.154,SALARIED
CUS106688,48,229600,104,56,682,0,35500,0.155,SALARIED
CUS106689,38,61200,100,82,722,1,4800,0.078,SALARIED
CUS106690,59,107900,32,48,783,1,28100,0.26,SALARIED
CUS106691,49,42100,72,47,802,2,12500,0.297,SALARIED
CUS106692,38,73500,32,57,761,0,17300,0.235,SALARIED
CUS106693,28,42100,9,89,686,0,10000,0.238,SALARIED
CUS106694,51,50400,34,40,730,0,13100,0.26,SALARIED
CUS106695,54,56100,44,50,678,0,11700,0.209,SALARIED
CUS106696,27,105400,76,74,741,0,28700,0.272,SALARIED
CUS106697,56,81400,22,58,761,2,36300,0.446,SALARIED
CUS106698,38,288100,85,27,793,2,37600,0.131,SALARIED
CUS106699,58,141600,80,31,747,0,25900,0.183,SALARIED
CUS106700,29,143000,15,65,714,0,3600,0.03,SALARIED
CUS106701,29,106600,22,73,749,3,21700,0.204,SALARIED
CUS106702,28,96200,27,107,710,0,5100,0.053,SALARIED
CUS106703,55,145100,98,38,718,0,38300,0.264,SALARIED
CUS106704,38,30000,25,50,779,0,11400,0.38,SALARIED
CUS106705,25,64200,35,84,759,1,6200,0.097,SALARIED
CUS106706,34,46100,10,67,724,1,10000,0.217,SALARIED
CUS106707,48,36400,50,63,723,1,12300,0.338,SALARIED
CUS106708,50,60100,20,62,702,1,3800,0.063,SALARIED
CUS106709,24,50700,73,64,808,0,6500,0.128,SALARIED
CUS106710,59,145500,51,96,794,2,33500,0.23,SALARIED
CUS106711,40,88600,58,60,798,2,2200,0.03,SALARIED
CUS106712,45,34400,35,74,727,2,1700,0.049,SALARIED
CUS106713,48,97900,30,81,753,0,17000,0.174,SALARIED
CUS106714,32,53900,35,69,755,0,14400,0.267,SALARIED
CUS106715,22,87400,23,95,761,1,16800,0.192,SALARIED
CUS106716,34,101500,26,87,678,1,4000,0.039,SALARIED
CUS106717,42,60600,42,62,839,3,11100,0.183,SALARIED
CUS106718,51,93700,45,162,603,0,16700,0.178,SALARIED
CUS106719,43,101900,33,118,671,1,21500,0.211,SALARIED
CUS106720,40,78900,28,31,646,4,9000,0.114,SALARIED
CUS106721,58,61500,62,70,726,0,9600,0.156,SALARIED
CUS106722,24,85100,28,88,748,0,17900,0.21,SALARIED
CUS106723,35,79800,126,71,735,1,4500,0.056,SALARIED
CUS106724,44,98000,15,98,636,2,10600,0.108,SALARIED
CUS106725,45,75500,22,166,772,2,12300,0.163,SALARIED
CUS106726,21,49700,27,34,717,0,7700,0.155,SALARIED
CUS106727,27,78800,43,76,739,1,5500,0.07,SALARIED
CUS106728,51,98500,35,106,850,2,35900,0.364,SALARIED
CUS106729,32,92400,40,13,721,2,5700,0.062,SALARIED
CUS106730,25,80900,37,100,738,0,16400,0.203,SALARIED
CUS106731,58,68300,105,180,690,1,5600,0.082,SALARIED
CUS106732,32,66700,24,120,802,0,24900,0.373,SALARIED
CUS106733,59,69900,25,65,798,3,32000,0.458,SALARIED
CUS106734,38,138000,45,35,755,0,52300,0.379,SALARIED
CUS106735,22,55500,20,60,719,3,11100,0.2,SALARIED
CUS106736,30,88600,66,27,730,1,10800,0.122,SALARIED
CUS106737,35,48300,46,98,848,0,8900,0.184,SALARIED
CUS106738,50,119900,34,81,770,0,48600,0.405,SALARIED
CUS106739,37,66800,48,54,671,1,8200,0.123,SALARIED
CUS106740,24,58600,43,63,754,1,20200,0.345,SALARIED
CUS106741,27,93700,27,105,734,2,9000,0.096,SALARIED
CUS106742,51,30000,54,78,742,0,5700,0.19,SALARIED
CUS106743,59,47400,90,106,727,0,4200,0.089,SALARIED
CUS106744,54,100000,40,62,750,0,19000,0.19,SALARIED
CUS106745,26,134200,35,143,734,2,24800,0.185,SALARIED
CUS106746,58,104100,21,115,718,2,12500,0.12,SALARIED
CUS106747,54,90500,20,70,753,1,3900,0.043,SALARIED
CUS106748,35,251500,52,125,741,0,59700,0.237,SALARIED
CUS106749,34,106000,32,75,821,1,16100,0.152,SALARIED
CUS106750,26,53100,66,41,726,0,11300,0.213,SALARIED
CUS106751,57,134800,46,169,665,1,43900,0.326,SALARIED
CUS106752,52,63700,78,86,776,4,13400,0.21,SALARIED
CUS106753,23,61800,43,32,787,2,4300,0.07,SALARIED
CUS106754,23,45700,43,50,640,1,9300,0.204,SALARIED
CUS106755,42,70600,21,116,745,4,21200,0.3,SALARIED
CUS106756,42,48900,57,18,721,0,10200,0.209,SALARIED
CUS106757,30,109200,13,42,764,1,52500,0.481,SALARIED
CUS106758,23,80300,22,61,762,1,20300,0.253,SALARIED
CUS106759,32,46100,66,59,760,3,15700,0.341,SALARIED
CUS106760,49,82000,28,93,782,1,18500,0.226,SALARIED
CUS106761,37,132900,30,173,765,2,38900,0.293,SALARIED
CUS106762,27,176400,36,47,819,4,40800,0.231,SALARIED
CUS106763,33,38000,84,177,730,1,2900,0.076,SALARIED
CUS106764,22,59900,49,99,732,0,29500,0.492,SALARIED
CUS106765,24,47600,44,63,709,0,13700,0.288,SALARIED
CUS106766,30,99700,61,71,708,2,12800,0.128,SALARIED
CUS106767,59,45100,70,63,731,1,12100,0.268,SALARIED
CUS106768,44,136900,35,40,789,0,16500,0.121,SALARIED
CUS106769,37,146100,25,27,728,0,16000,0.11,SALARIED
CUS106770,26,122800,63,145,747,3,2700,0.03,SALARIED
CUS106771,39,61600,47,20,811,2,4600,0.075,SALARIED
CUS106772,25,63300,21,81,789,0,9200,0.145,SALARIED
CUS106773,52,69200,57,127,687,2,21000,0.303,SALARIED
CUS106774,30,139800,60,30,657,0,14900,0.107,SALARIED
CUS106775,29,39600,56,39,617,3,11300,0.285,SALARIED
CUS106776,47,101100,42,29,787,2,13300,0.132,SALARIED
CUS106777,33,55800,14,73,567,2,9800,0.176,SALARIED
CUS106778,39,70400,65,46,703,0,2700,0.038,SALARIED
CUS106779,41,118400,45,68,702,0,43200,0.365,SALARIED
CUS106780,44,43000,75,138,748,1,5600,0.13,SALARIED
CUS106781,58,75000,44,72,714,1,4600,0.061,SALARIED
CUS106782,24,80200,49,90,639,0,9400,0.117,SALARIED
CUS106783,44,83600,71,47,760,2,1700,0.03,SALARIED
CUS106784,55,81100,29,91,767,2,31700,0.391,SALARIED
CUS106785,23,109200,25,108,725,1,32800,0.3,SALARIED
CUS106786,24,69400,48,109,671,3,25900,0.373,SALARIED
CUS106787,57,100200,14,23,757,0,26000,0.259,SALARIED
CUS106788,60,98600,55,68,727,5,3900,0.04,SALARIED
CUS106789,55,96700,31,44,731,1,19200,0.199,SALARIED
CUS106790,51,107800,72,180,739,1,50500,0.468,SALARIED
CUS106791,45,96500,25,48,646,0,14300,0.148,SALARIED
CUS106792,60,81600,69,36,622,0,9700,0.119,SALARIED
CUS106793,33,48000,31,83,708,0,10800,0.225,SALARIED
CUS106794,24,156600,7,141,799,0,61900,0.395,SALARIED
CUS106795,34,182200,115,143,676,1,72400,0.397,SALARIED
CUS106796,33,72300,24,66,799,1,13300,0.184,SALARIED
CUS106797,47,104400,76,72,769,1,20800,0.199,SALARIED
CUS106798,26,66400,18,29,850,1,26000,0.392,SALARIED
CUS106799,37,61500,78,162,750,1,22100,0.359,SALARIED
CUS106800,56,87100,18,54,705,2,15100,0.173,SALARIED
CUS106801,60,300700,33,126,667,0,69300,0.23,SALARIED
CUS106802,55,174300,115,72,765,0,92600,0.531,SALARIED
CUS106803,37,162900,45,31,714,1,28300,0.174,SALARIED
CUS106804,22,107400,50,30,699,1,6200,0.058,SALARIED
CUS106805,33,56200,44,81,707,1,9200,0.164,SALARIED
CUS106806,22,135500,107,66,699,3,26300,0.194,SALARIED
CUS106807,48,30000,62,36,692,2,9200,0.307,SALARIED
CUS106808,46,101300,26,114,699,2,22900,0.226,SALARIED
CUS106809,42,139300,24,95,845,2,23600,0.169,SALARIED
CUS106810,23,91000,54,42,704,0,21700,0.238,SALARIED
CUS106811,55,179400,25,108,749,1,53100,0.296,SALARIED
CUS106812,32,44700,13,41,719,3,21600,0.483,SALARIED
CUS106813,44,174700,24,71,670,1,74600,0.427,SALARIED
CUS106814,25,79200,94,45,765,0,8200,0.104,SALARIED
CUS106815,40,163300,43,95,759,2,32400,0.198,SALARIED
CUS106816,59,134500,64,63,717,0,35500,0.264,SALARIED
CUS106817,59,168000,12,45,772,0,48900,0.291,SALARIED
CUS106818,33,131800,87,102,723,1,21300,0.162,SALARIED
CUS106819,32,116100,12,75,739,5,19000,0.164,SALARIED
CUS106820,33,157200,40,135,782,1,16900,0.108,SALARIED
CUS106821,30,87100,14,101,714,1,8100,0.093,SALARIED
CUS106822,53,111500,37,100,820,1,26700,0.239,SALARIED
CUS106823,60,84900,36,69,693,1,1800,0.03,SALARIED
CUS106824,36,62400,57,36,778,0,22800,0.365,SALARIED
CUS106825,55,107700,96,24,741,0,27800,0.258,SALARIED
CUS106826,23,92900,43,106,743,2,11200,0.121,SALARIED
CUS106827,25,149600,34,49,780,2,17300,0.116,SALARIED
CUS106828,46,78000,30,88,769,2,12700,0.163,SALARIED
CUS106829,31,60400,30,90,675,2,6200,0.103,SALARIED
CUS106830,27,148700,65,78,705,0,13600,0.091,SALARIED
CUS106831,30,87500,17,13,716,0,2400,0.03,SALARIED
CUS106832,54,59500,85,62,729,0,16300,0.274,SALARIED
CUS106833,23,158800,25,78,773,1,18800,0.118,SALARIED
CUS106834,28,129000,63,21,653,1,44800,0.347,SALARIED
CUS106835,51,195300,32,56,766,1,35400,0.181,SALARIED
CUS106836,31,72900,33,55,753,2,16300,0.224,SALARIED
CUS106837,27,68500,10,70,790,0,11400,0.166,SALARIED
CUS106838,22,52100,97,32,670,0,16800,0.322,SALARIED
CUS106839,26,65900,39,60,739,3,7400,0.112,SALARIED
CUS106840,52,71400,46,79,751,1,15900,0.223,SALARIED
CUS106841,40,115600,17,92,647,1,32100,0.278,SALARIED
CUS106842,54,55900,35,18,708,0,19400,0.347,SALARIED
CUS106843,36,63100,38,106,679,2,10300,0.163,SALARIED
CUS106844,45,182400,27,53,700,0,71200,0.39,SALARIED
CUS106845,32,30000,43,91,793,1,2500,0.083,SALARIED
CUS106846,27,105500,35,38,787,1,21000,0.199,SALARIED
CUS106847,59,47600,19,95,725,1,4000,0.084,SALARIED
CUS106848,37,59200,37,180,818,1,12900,0.218,SALARIED
CUS106849,31,161300,62,73,722,1,67800,0.42,SALARIED
CUS106850,26,87800,32,63,676,1,53400,0.608,SALARIED
CUS106851,43,281000,52,95,769,1,33700,0.12,SALARIED
CUS106852,47,112700,62,108,759,0,2800,0.03,SALARIED
CUS106853,26,58500,59,57,727,3,25300,0.432,SALARIED
CUS106854,58,109200,32,38,722,1,25500,0.234,SALARIED
CUS106855,22,141300,53,26,731,0,22400,0.159,SALARIED
CUS106856,42,107500,60,66,763,2,26000,0.242,SALARIED
CUS106857,40,77100,52,24,764,2,18700,0.243,SALARIED
CUS106858,45,39700,72,54,772,0,7800,0.196,SALARIED
CUS106859,35,73500,12,146,721,0,18600,0.253,SALARIED
CUS106860,49,180000,45,65,725,1,30400,0.169,SALARIED
CUS106861,28,59400,61,61,735,0,13900,0.234,SALARIED
CUS106862,57,70600,13,98,689,0,17300,0.245,SALARIED
CUS106863,53,132900,18,92,676,2,7000,0.053,SALARIED
CUS106864,42,112300,42,38,800,2,15000,0.134,SALARIED
CUS106865,25,47100,80,35,734,2,4400,0.093,SALARIED
CUS106866,59,80900,61,44,687,1,17400,0.215,SALARIED
CUS106867,38,160100,32,71,702,2,11300,0.071,SALARIED
CUS106868,58,86000,31,57,706,4,1700,0.03,SALARIED
CUS106869,57,161900,48,144,763,2,26100,0.161,SALARIED
CUS106870,50,166000,32,24,810,1,38000,0.229,SALARIED
CUS106871,51,56000,36,105,712,1,20400,0.364,SALARIED
CUS106872,30,74400,11,89,629,0,2000,0.03,SALARIED
CUS106873,35,114300,68,21,753,2,31300,0.274,SALARIED
CUS106874,38,42600,25,141,654,2,10200,0.239,SALARIED
CUS106875,43,76900,44,91,712,0,5300,0.069,SALARIED
CUS106876,53,108700,54,92,819,0,16700,0.154,SALARIED
CUS106877,36,64200,70,98,658,1,11300,0.176,SALARIED
CUS106878,58,110800,67,105,699,2,17200,0.155,SALARIED
CUS106879,55,64900,29,103,674,0,1300,0.03,SALARIED
CUS106880,54,64600,95,79,658,3,13300,0.206,SALARIED
CUS106881,48,118800,28,19,703,2,3200,0.03,SALARIED
CUS106882,22,157300,26,65,720,3,23800,0.151,SALARIED
CUS106883,50,61700,34,96,799,2,18300,0.297,SALARIED
CUS106884,33,49300,56,57,706,2,14300,0.29,SALARIED
CUS106885,36,83600,67,52,763,3,19200,0.23,SALARIED
CUS106886,25,104900,117,84,829,2,26100,0.249,SALARIED
CUS106887,48,61500,38,90,844,1,16800,0.273,SALARIED
CUS106888,59,179500,18,59,702,0,20800,0.116,SALARIED
CUS106889,40,79600,87,83,822,1,19300,0.242,SALARIED
CUS106890,44,61200,36,55,766,0,14900,0.243,SALARIED
CUS106891,47,202700,20,44,803,1,25600,0.126,SALARIED
CUS106892,50,150300,41,25,675,0,24700,0.164,SALARIED
CUS106893,47,61300,61,45,715,0,6800,0.111,SALARIED
CUS106894,46,137400,62,31,758,1,20900,0.152,SALARIED
CUS106895,27,63300,7,41,653,0,17300,0.273,SALARIED
CUS106896,58,120100,79,44,698,2,29100,0.242,SALARIED
CUS106897,25,189100,42,134,667,1,25600,0.135,SALARIED
CUS106898,43,49300,38,68,713,1,14300,0.29,SALARIED
CUS106899,48,66700,27,30,722,2,18800,0.282,SALARIED
CUS106900,54,67400,19,109,850,2,14400,0.214,SALARIED
CUS106901,35,95800,90,87,750,0,15300,0.16,SALARIED
CUS106902,52,105200,94,25,655,1,12400,0.118,SALARIED
CUS106903,46,81700,43,89,744,1,17000,0.208,SALARIED
CUS106904,51,39900,30,50,595,1,7200,0.18,SALARIED
CUS106905,39,48800,62,53,778,0,15200,0.311,SALARIED
CUS106906,29,57100,8,43,782,0,10700,0.187,SALARIED
CUS106907,49,109400,51,78,656,0,24300,0.222,SALARIED
CUS106908,59,45400,94,66,759,0,10400,0.229,SALARIED
CUS106909,24,56300,32,78,720,3,16800,0.298,SALARIED
CUS106910,23,51000,100,89,692,2,20800,0.408,SALARIED
CUS106911,49,99100,58,42,816,2,20600,0.208,SALARIED
CUS106912,31,141400,41,75,708,2,23800,0.168,SALARIED
CUS106913,53,91100,43,72,752,0,4700,0.052,SALARIED
CUS106914,58,208500,21,68,716,2,25800,0.124,SALARIED
CUS106915,31,91100,28,69,811,1,19000,0.209,SALARIED
CUS106916,47,81500,41,107,721,2,6400,0.079,SALARIED
CUS106917,53,59700,26,101,699,3,15500,0.26,SALARIED
CUS106918,41,93100,60,93,735,1,20100,0.216,SALARIED
CUS106919,59,58600,74,26,664,1,10800,0.184,SALARIED
CUS106920,51,54700,26,106,841,2,14600,0.267,SALARIED
CUS106921,58,54000,65,69,817,1,19300,0.357,SALARIED
CUS106922,22,76800,35,28,723,2,12000,0.156,SALARIED
CUS106923,47,67900,26,49,692,2,18200,0.268,SALARIED
CUS106924,56,280700,57,102,709,1,13800,0.049,SALARIED
CUS106925,31,93400,94,28,673,0,37800,0.405,SALARIED
CUS106926,38,92700,55,31,702,2,12300,0.133,SALARIED
CUS106927,21,66300,59,57,704,1,14400,0.217,SALARIED
CUS106928,55,337700,78,100,669,1,60600,0.179,SALARIED
CUS106929,55,56100,39,29,796,1,5800,0.103,SALARIED
CUS106930,51,68700,59,43,729,1,11900,0.173,SALARIED
CUS106931,48,133300,32,90,763,2,12300,0.092,SALARIED
CUS106932,59,93100,24,180,718,0,23600,0.253,SALARIED
CUS106933,21,47900,21,124,674,0,5300,0.111,SALARIED
CUS106934,45,86100,31,180,707,2,5400,0.063,SALARIED
CUS106935,58,115400,69,54,701,0,34000,0.295,SALARIED
CUS106936,40,107000,37,54,788,1,35200,0.329,SALARIED
CUS106937,23,114500,58,57,807,2,30500,0.266,SALARIED
CUS106938,22,227300,10,20,665,2,58900,0.259,SALARIED
CUS106939,38,96000,58,67,727,1,11100,0.116,SALARIED
CUS106940,30,121600,99,99,733,1,17900,0.147,SALARIED
CUS106941,25,30000,74,98,705,1,17700,0.59,SALARIED
CUS106942,29,196800,21,68,714,0,52800,0.268,SALARIED
CUS106943,22,87500,61,77,735,2,43100,0.493,SALARIED
CUS106944,54,57500,49,64,667,0,4500,0.078,SALARIED
CUS106945,58,77900,69,90,744,0,14300,0.184,SALARIED
CUS106946,51,114500,29,137,754,0,33200,0.29,SALARIED
CUS106947,30,135400,128,110,667,1,2800,0.03,SALARIED
CUS106948,32,81400,64,177,812,2,35600,0.437,SALARIED
CUS106949,56,111400,90,99,729,1,29600,0.266,SALARIED
CUS106950,41,75500,17,44,810,1,6500,0.086,SALARIED
CUS106951,26,106000,18,122,744,2,45400,0.428,SALARIED
CUS106952,23,93300,92,78,734,1,10900,0.117,SALARIED
CUS106953,30,97300,41,57,789,0,36300,0.373,SALARIED
CUS106954,25,73900,14,79,751,2,20100,0.272,SALARIED
CUS106955,46,101900,61,80,667,0,36100,0.354,SALARIED
CUS106956,41,58600,56,62,740,0,9300,0.159,SALARIED
CUS106957,46,92800,100,58,760,3,26100,0.281,SALARIED
CUS106958,58,63900,30,100,699,1,10100,0.158,SALARIED
CUS106959,46,54400,115,123,805,1,5200,0.096,SALARIED
CUS106960,28,61900,42,69,722,1,20900,0.338,SALARIED
CUS106961,25,77400,58,75,745,0,3500,0.045,SALARIED
CUS106962,35,67000,48,44,730,2,8400,0.125,SALARIED
CUS106963,36,101600,12,69,786,1,17000,0.167,SALARIED
CUS106964,21,88100,24,45,780,0,9000,0.102,SALARIED
CUS106965,36,134200,37,116,728,1,60800,0.453,SALARIED
CUS106966,57,81800,75,68,689,0,26300,0.322,SALARIED
CUS106967,23,92200,69,94,668,1,41900,0.454,SALARIED
CUS106968,51,196800,10,161,714,1,21800,0.111,SALARIED
CUS106969,33,69800,70,64,739,0,38300,0.549,SALARIED
CUS106970,36,74800,64,58,725,0,17900,0.239,SALARIED
CUS106971,41,146100,41,82,720,0,4700,0.032,SALARIED
CUS106972,22,55300,19,88,691,1,5300,0.096,SALARIED
CUS106973,47,153600,89,38,652,2,24500,0.16,SALARIED
CUS106974,58,76400,54,71,729,3,6400,0.084,SALARIED
CUS106975,46,58400,30,74,676,1,21200,0.363,SALARIED
CUS106976,58,127700,35,95,736,2,44200,0.346,SALARIED
CUS106977,45,75900,50,50,750,0,29700,0.391,SALARIED
CUS106978,31,193200,20,82,801,0,33300,0.172,SALARIED
CUS106979,28,88200,68,65,706,1,13500,0.153,SALARIED
CUS106980,28,87900,35,89,660,0,34400,0.391,SALARIED
CUS106981,53,65300,16,99,716,0,5200,0.08,SALARIED
CUS106982,27,79600,52,139,740,1,19100,0.24,SALARIED
CUS106983,58,75200,50,83,800,0,3000,0.04,SALARIED
CUS106984,41,154700,22,31,794,4,43600,0.282,SALARIED
CUS106985,28,96800,29,80,722,2,43300,0.447,SALARIED
CUS106986,41,116800,52,58,716,2,18100,0.155,SALARIED
CUS106987,40,88900,33,50,665,2,17800,0.2,SALARIED
CUS106988,28,70600,85,88,709,1,18400,0.261,SALARIED
CUS106989,51,100400,27,94,758,2,23000,0.229,SALARIED
CUS106990,49,173900,57,160,803,0,43500,0.25,SALARIED
CUS106991,29,53000,72,63,768,1,11500,0.217,SALARIED
CUS106992,35,102700,73,36,698,2,9100,0.089,SALARIED
CUS106993,50,166700,55,69,656,2,23800,0.143,SALARIED
CUS106994,46,58900,23,63,746,3,31700,0.538,SALARIED
CUS106995,30,128700,21,88,712,3,12700,0.099,SALARIED
CUS106996,49,128800,28,158,763,1,63800,0.495,SALARIED
CUS106997,36,47500,67,49,688,3,18400,0.387,SALARIED
CUS106998,56,140100,23,54,824,1,47300,0.338,SALARIED
CUS106999,40,65100,69,52,709,1,34700,0.533,SALARIED
CUS107000,57,99900,74,108,820,2,39600,0.396,SALARIED
CUS107001,42,134800,80,61,772,1,7700,0.057,SALARIED
CUS107002,27,145900,33,62,764,1,17600,0.121,SALARIED
CUS107003,43,42600,44,39,676,3,5700,0.134,SALARIED
CUS107004,60,190100,72,51,662,1,45600,0.24,SALARIED
CUS107005,49,160900,38,37,724,2,47200,0.293,SALARIED
CUS107006,36,136500,47,100,665,3,11500,0.084,SALARIED
CUS107007,58,100000,44,129,787,4,21100,0.211,SALARIED
CUS107008,48,69900,38,41,784,1,14100,0.202,SALARIED
CUS107009,58,52200,91,74,755,3,1000,0.03,SALARIED
CUS107010,51,40900,23,70,700,1,16600,0.406,SALARIED
CUS107011,34,113600,17,26,785,2,13100,0.115,SALARIED
CUS107012,53,136400,65,95,730,1,23100,0.169,SALARIED
CUS107013,29,81800,38,117,691,1,14000,0.171,SALARIED
CUS107014,47,69100,39,47,720,1,9900,0.143,SALARIED
CUS107015,44,87700,11,114,730,3,23900,0.273,SALARIED
CUS107016,33,63700,10,151,757,1,13200,0.207,SALARIED
CUS107017,46,85800,28,25,799,0,26100,0.304,SALARIED
CUS107018,49,62100,28,80,640,1,3500,0.056,SALARIED
CUS107019,48,112000,25,105,832,1,16100,0.144,SALARIED
CUS107020,48,148800,94,105,745,1,39000,0.262,SALARIED
CUS107021,28,106900,7,41,752,0,26200,0.245,SALARIED
CUS107022,43,82000,17,48,761,4,10100,0.123,SALARIED
CUS107023,49,132700,24,97,747,1,27300,0.206,SALARIED
CUS107024,25,85700,29,106,773,1,13600,0.159,SALARIED
CUS107025,27,130800,30,66,850,3,26100,0.2,SALARIED
CUS107026,56,63800,24,29,838,0,18200,0.285,SALARIED
CUS107027,47,67700,5,46,728,1,6900,0.102,SALARIED
CUS107028,22,54500,56,60,830,2,16300,0.299,SALARIED
CUS107029,45,68900,52,31,775,2,20300,0.295,SALARIED
CUS107030,29,132200,59,64,669,2,14900,0.113,SALARIED
CUS107031,47,57400,13,111,667,0,3700,0.064,SALARIED
CUS107032,21,30100,53,92,732,4,10900,0.362,SALARIED
CUS107033,43,70500,29,121,798,0,9200,0.13,SALARIED
CUS107034,30,50100,55,111,738,0,5600,0.112,SALARIED
CUS107035,45,67700,32,35,797,0,11800,0.174,SALARIED
CUS107036,23,219400,21,40,786,0,63600,0.29,SALARIED
CUS107037,26,57000,46,35,761,2,23700,0.416,SALARIED
CUS107038,26,113000,63,94,722,0,17600,0.156,SALARIED
CUS107039,22,82000,110,89,709,0,24100,0.294,SALARIED
CUS107040,38,100500,35,85,714,3,19100,0.19,SALARIED
CUS107041,43,67600,63,101,777,3,22500,0.333,SALARIED
CUS107042,22,143300,6,29,740,2,13800,0.096,SALARIED
CUS107043,32,103000,13,55,737,2,40600,0.394,SALARIED
CUS107044,42,104300,30,68,698,1,47300,0.453,SALARIED
CUS107045,57,88900,47,139,798,1,14100,0.159,SALARIED
CUS107046,40,149600,33,28,781,2,9400,0.063,SALARIED
CUS107047,59,109400,9,144,850,1,33000,0.302,SALARIED
CUS107048,44,100400,65,52,743,1,17100,0.17,SALARIED
CUS107049,40,114000,49,92,830,0,7100,0.062,SALARIED
CUS107050,21,38500,15,95,715,2,8700,0.226,SALARIED
CUS107051,21,92500,30,142,655,2,15000,0.162,SALARIED
CUS107052,37,82600,36,33,691,2,5100,0.062,SALARIED
CUS107053,21,143800,19,51,780,0,7400,0.051,SALARIED
CUS107054,50,62000,43,66,665,1,12800,0.206,SALARIED
CUS107055,23,93100,36,77,725,0,30600,0.329,SALARIED
CUS107056,31,202000,88,37,754,0,18300,0.091,SALARIED
CUS107057,44,84000,46,86,781,3,10800,0.129,SALARIED
CUS107058,42,46700,89,65,681,0,2800,0.06,SALARIED
CUS107059,46,226100,30,176,779,0,71000,0.314,SALARIED
CUS107060,33,61600,37,58,722,2,9000,0.146,SALARIED
CUS107061,21,53200,41,72,786,0,2500,0.047,SALARIED
CUS107062,44,54200,38,126,772,2,10200,0.188,SALARIED
CUS107063,30,117900,26,95,710,2,47200,0.4,SALARIED
CUS107064,55,152400,20,67,676,3,41600,0.273,SALARIED
CUS107065,44,187700,29,57,789,1,51700,0.275,SALARIED
CUS107066,48,85600,61,69,680,0,5700,0.067,SALARIED
CUS107067,56,54500,22,102,738,2,10700,0.196,SALARIED
CUS107068,36,65800,21,60,721,1,2100,0.032,SALARIED
CUS107069,60,86300,61,95,684,2,3000,0.035,SALARIED
CUS107070,36,84200,71,48,698,1,10500,0.125,SALARIED
CUS107071,37,153100,21,98,723,2,14200,0.093,SALARIED
CUS107072,35,47000,41,41,720,1,6000,0.128,SALARIED
CUS107073,36,51500,37,86,738,0,16800,0.326,SALARIED
CUS107074,35,73900,36,36,714,1,33400,0.452,SALARIED
CUS107075,54,100400,14,55,795,1,49100,0.489,SALARIED
CUS107076,31,69600,17,95,807,0,15200,0.218,SALARIED
CUS107077,21,67100,36,131,691,2,16200,0.241,SALARIED
CUS107078,35,144100,62,64,699,2,14700,0.102,SALARIED
CUS107079,46,105100,22,26,744,2,42700,0.406,SALARIED
CUS107080,24,54600,51,99,706,3,6600,0.121,SALARIED
CUS107081,25,67600,5,93,718,2,45100,0.667,SALARIED
CUS107082,55,107300,76,68,724,0,5900,0.055,SALARIED
CUS107083,33,48200,18,23,682,4,8500,0.176,SALARIED
CUS107084,30,107000,69,40,713,1,25900,0.242,SALARIED
CUS107085,31,72800,36,47,670,0,11300,0.155,SALARIED
CUS107086,38,100100,52,95,736,0,14000,0.14,SALARIED
CUS107087,54,89700,156,152,850,0,6800,0.076,SALARIED
CUS107088,59,51400,67,103,700,1,6000,0.117,SALARIED
CUS107089,43,63800,46,46,675,1,5900,0.092,SALARIED
CUS107090,27,163000,28,113,631,2,19600,0.12,SALARIED
CUS107091,59,247100,42,67,716,4,45600,0.185,SALARIED
CUS107092,23,38700,30,147,714,1,5800,0.15,SALARIED
CUS107093,32,135900,29,64,708,2,27600,0.203,SALARIED
CUS107094,27,97100,30,97,828,0,4500,0.046,SALARIED
CUS107095,46,217000,54,74,741,3,36600,0.169,SALARIED
CUS107096,53,66100,68,63,802,3,2300,0.035,SALARIED
CUS107097,57,127300,98,30,788,1,53900,0.423,SALARIED
CUS107098,35,74200,45,77,671,4,22000,0.296,SALARIED
CUS107099,22,151300,69,99,789,0,39300,0.26,SALARIED
CUS107100,27,240500,8,96,731,1,51900,0.216,SALARIED
CUS107101,52,93600,68,96,660,1,3600,0.038,SALARIED
CUS107102,24,50900,47,76,696,3,21300,0.418,SALARIED
CUS107103,40,160600,84,19,799,2,59200,0.369,SALARIED
CUS107104,56,109600,12,58,724,1,34700,0.317,SALARIED
CUS107105,52,100800,22,76,711,1,36400,0.361,SALARIED
CUS107106,48,173300,41,81,785,3,7400,0.043,SALARIED
CUS107107,33,50900,15,110,808,2,11000,0.216,SALARIED
CUS107108,21,61600,46,73,758,1,20400,0.331,SALARIED
CUS107109,55,111100,23,123,717,0,2600,0.03,SALARIED
CUS107110,50,61000,16,31,797,0,10000,0.164,SALARIED
CUS107111,56,73700,13,31,633,1,6200,0.084,SALARIED
CUS107112,45,150900,85,102,742,2,24400,0.162,SALARIED
CUS107113,36,103300,26,81,793,0,19500,0.189,SALARIED
CUS107114,39,50000,30,113,802,0,7100,0.142,SALARIED
CUS107115,21,102100,43,111,832,0,37500,0.367,SALARIED
CUS107116,25,148400,36,113,804,2,52400,0.353,SALARIED
CUS107117,42,91800,34,149,753,0,9900,0.108,SALARIED
CUS107118,44,125800,45,59,687,0,52500,0.417,SALARIED
CUS107119,57,67400,8,55,723,5,8400,0.125,SALARIED
CUS107120,56,95500,21,88,723,4,7100,0.074,SALARIED
CUS107121,56,41800,35,72,690,0,6600,0.158,SALARIED
CUS107122,24,112800,31,70,576,0,21900,0.194,SALARIED
CUS107123,56,100000,51,125,737,1,10200,0.102,SALARIED
CUS107124,38,47600,24,89,682,2,3300,0.069,SALARIED
CUS107125,36,168500,44,85,746,3,46400,0.275,SALARIED
CUS107126,38,109900,86,144,664,0,28600,0.26,SALARIED
CUS107127,42,62200,69,104,658,1,20800,0.334,SALARIED
CUS107128,22,114200,28,45,706,1,21300,0.187,SALARIED
CUS107129,41,54600,24,77,786,3,1900,0.035,SALARIED
CUS107130,56,58100,40,54,745,1,8600,0.148,SALARIED
CUS107131,59,54700,45,121,768,0,13000,0.238,SALARIED
CUS107132,59,54000,14,135,678,3,17800,0.33,SALARIED
CUS107133,49,103500,15,52,740,2,15800,0.153,SALARIED
CUS107134,46,88700,31,157,686,4,29500,0.333,SALARIED
CUS107135,41,119000,48,18,800,4,28300,0.238,SALARIED
CUS107136,37,30000,27,89,802,0,8100,0.27,SALARIED
CUS107137,36,71300,38,32,705,3,20100,0.282,SALARIED
CUS107138,51,71700,22,57,821,1,7700,0.107,SALARIED
CUS107139,29,87000,40,58,726,1,12800,0.147,SALARIED
CUS107140,51,86000,39,110,823,2,19200,0.223,SALARIED
CUS107141,34,94200,63,47,670,2,24000,0.255,SALARIED
CUS107142,57,88500,13,108,671,4,1400,0.03,SALARIED
CUS107143,22,69100,42,60,765,2,6900,0.1,SALARIED
CUS107144,34,71000,73,98,690,3,8300,0.117,SALARIED
CUS107145,53,83000,73,33,757,0,13700,0.165,SALARIED
CUS107146,55,106700,40,44,679,0,15800,0.148,SALARIED
CUS107147,59,88300,25,66,667,0,24900,0.282,SALARIED
CUS107148,40,59700,27,44,788,2,23000,0.385,SALARIED
CUS107149,22,58300,34,46,849,1,8500,0.146,SALARIED
CUS107150,39,106900,26,109,727,2,12500,0.117,SALARIED
CUS107151,57,119500,64,69,770,2,19000,0.159,SALARIED
CUS107152,38,137600,109,141,725,1,102300,0.743,SALARIED
CUS107153,36,68200,46,125,769,2,6100,0.089,SALARIED
CUS107154,24,36500,13,63,560,2,4800,0.132,SALARIED
CUS107155,32,100900,86,43,703,0,9900,0.098,SALARIED
CUS107156,49,61600,32,64,844,2,14200,0.231,SALARIED
CUS107157,27,81100,59,66,757,1,10600,0.131,SALARIED
CUS107158,34,90900,66,22,732,1,1600,0.03,SALARIED
CUS107159,32,109000,14,107,767,2,23000,0.211,SALARIED
CUS107160,55,127100,24,65,785,1,61700,0.485,SALARIED
CUS107161,25,143900,72,24,617,1,8800,0.061,SALARIED
CUS107162,37,153900,33,56,720,1,9100,0.059,SALARIED
CUS107163,52,89100,21,49,666,0,9900,0.111,SALARIED
CUS107164,30,39800,70,72,850,1,9800,0.246,SALARIED
CUS107165,37,64600,65,29,652,2,11200,0.173,SALARIED
CUS107166,25,160200,60,20,725,1,45300,0.283,SALARIED
CUS107167,29,90900,27,73,769,0,31700,0.349,SALARIED
CUS107168,53,226500,69,68,769,0,38400,0.17,SALARIED
CUS107169,56,71700,47,93,676,0,8500,0.119,SALARIED
CUS107170,56,240700,17,138,679,4,70600,0.293,SALARIED
CUS107171,38,84900,15,47,693,0,2400,0.03,SALARIED
CUS107172,29,70400,18,155,707,3,5300,0.075,SALARIED
CUS107173,49,61700,78,53,711,2,18100,0.293,SALARIED
CUS107174,34,114400,36,37,771,1,9600,0.084,SALARIED
CUS107175,45,45000,17,57,702,2,4400,0.098,SALARIED
CUS107176,35,66400,40,56,751,1,8200,0.123,SALARIED
CUS107177,26,83000,31,25,698,1,30100,0.363,SALARIED
CUS107178,49,30800,41,120,760,0,8300,0.269,SALARIED
CUS107179,35,81400,81,48,752,0,12400,0.152,SALARIED
CUS107180,49,184400,55,32,717,0,17300,0.094,SALARIED
CUS107181,24,103200,67,47,688,0,9400,0.091,SALARIED
CUS107182,38,63200,37,72,705,1,7700,0.122,SALARIED
CUS107183,59,68600,29,115,691,1,21700,0.316,SALARIED
CUS107184,36,98900,47,108,739,1,33500,0.339,SALARIED
CUS107185,31,67500,95,68,779,2,4700,0.07,SALARIED
CUS107186,34,105000,62,26,762,2,25800,0.246,SALARIED
CUS107187,23,66700,48,72,780,1,13600,0.204,SALARIED
CUS107188,58,53600,25,48,677,0,4800,0.09,SALARIED
CUS107189,38,144600,75,21,733,2,24100,0.167,SALARIED
CUS107190,40,116900,26,77,698,1,25500,0.218,SALARIED
CUS107191,45,36300,115,48,738,4,5100,0.14,SALARIED
CUS107192,58,73000,26,126,769,3,10200,0.14,SALARIED
CUS107193,33,135900,34,108,710,1,3800,0.03,SALARIED
CUS107194,24,78900,15,30,648,1,37400,0.474,SALARIED
CUS107195,34,65500,53,89,679,1,4700,0.072,SALARIED
CUS107196,53,75900,29,111,623,0,37400,0.493,SALARIED
CUS107197,48,89400,52,79,737,2,11800,0.132,SALARIED
CUS107198,57,78400,12,84,711,0,22900,0.292,SALARIED
CUS107199,28,81900,11,110,703,1,4400,0.054,SALARIED
CUS107200,54,79500,36,100,654,0,1700,0.03,SALARIED
CUS107201,25,54800,47,59,703,1,27000,0.493,SALARIED
CUS107202,25,53600,50,102,728,2,4500,0.084,SALARIED
CUS107203,51,52000,66,60,722,0,13800,0.265,SALARIED
CUS107204,29,88600,28,67,785,3,30700,0.347,SALARIED
CUS107205,52,110500,42,36,688,2,22200,0.201,SALARIED
CUS107206,53,55600,27,54,733,2,14700,0.264,SALARIED
CUS107207,23,43300,22,112,796,0,8700,0.201,SALARIED
CUS107208,50,57400,27,38,790,1,18400,0.321,SALARIED
CUS107209,32,159800,33,75,786,1,41700,0.261,SALARIED
CUS107210,49,73800,34,74,723,0,11900,0.161,SALARIED
CUS107211,23,77200,63,107,729,2,19700,0.255,SALARIED
CUS107212,46,59400,108,23,721,0,3400,0.057,SALARIED
CUS107213,50,109900,30,115,771,0,23400,0.213,SALARIED
CUS107214,29,80400,35,57,681,2,8100,0.101,SALARIED
CUS107215,46,61300,37,48,771,1,25700,0.419,SALARIED
CUS107216,22,53400,78,56,683,5,6900,0.129,SALARIED
CUS107217,23,100800,41,84,769,0,11600,0.115,SALARIED
CUS107218,24,95700,36,61,770,1,6900,0.072,SALARIED
CUS107219,45,48700,20,78,783,1,6100,0.125,SALARIED
CUS107220,33,147700,19,41,768,0,7300,0.049,SALARIED
CUS107221,59,63700,35,40,759,1,18400,0.289,SALARIED
CUS107222,55,31200,41,82,850,5,1600,0.051,SALARIED
CUS107223,43,169100,52,50,662,0,24300,0.144,SALARIED
CUS107224,29,81200,45,114,810,1,8300,0.102,SALARIED
CUS107225,22,103400,42,85,834,3,6800,0.066,SALARIED
CUS107226,51,180400,41,70,715,0,58900,0.326,SALARIED
CUS107227,22,54100,54,48,787,3,8600,0.159,SALARIED
CUS107228,52,105500,22,64,829,0,22400,0.212,SALARIED
CUS107229,38,144300,44,95,732,3,29300,0.203,SALARIED
CUS107230,33,55800,30,101,729,4,9300,0.167,SALARIED
CUS107231,25,164000,71,147,690,1,40200,0.245,SALARIED
CUS107232,30,45100,62,47,850,3,200,0.03,SALARIED
CUS107233,45,81400,25,58,804,0,11500,0.141,SALARIED
CUS107234,54,52400,52,52,683,3,17500,0.334,SALARIED
CUS107235,57,116300,63,31,778,0,24700,0.212,SALARIED
CUS107236,50,55000,45,163,723,1,18700,0.34,SALARIED
CUS107237,27,64400,58,105,653,0,11000,0.171,SALARIED
CUS107238,26,57200,63,80,850,2,15900,0.278,SALARIED
CUS107239,23,49500,67,39,688,1,5900,0.119,SALARIED
CUS107240,33,60200,39,49,714,3,13600,0.226,SALARIED
CUS107241,23,83300,14,37,725,0,18700,0.224,SALARIED
CUS107242,46,81300,33,66,709,0,1200,0.03,SALARIED
CUS107243,44,77100,56,47,732,0,7200,0.093,SALARIED
CUS107244,26,63000,57,95,794,3,15300,0.243,SALARIED
CUS107245,32,72400,19,72,721,0,5700,0.079,SALARIED
CUS107246,56,41600,110,44,770,1,5900,0.142,SALARIED
CUS107247,22,62100,23,127,744,1,20400,0.329,SALARIED
CUS107248,31,76900,49,88,669,0,16500,0.215,SALARIED
CUS107249,59,97000,31,69,763,1,7100,0.073,SALARIED
CUS107250,54,91900,12,42,729,1,6200,0.067,SALARIED
CUS107251,46,48900,68,35,635,0,9500,0.194,SALARIED
CUS107252,38,103000,97,70,670,0,4100,0.04,SALARIED
CUS107253,41,89800,34,70,779,0,11000,0.122,SALARIED
CUS107254,56,162500,56,47,850,2,28100,0.173,SALARIED
CUS107255,60,43400,21,46,744,0,1400,0.032,SALARIED
CUS107256,42,79900,7,22,567,0,12200,0.153,SALARIED
CUS107257,50,135200,57,99,759,0,9700,0.072,SALARIED
CUS107258,50,74400,19,92,649,1,11600,0.156,SALARIED
CUS107259,28,56400,12,42,711,0,21200,0.376,SALARIED
CUS107260,54,58900,7,30,840,1,18300,0.311,SALARIED
CUS107261,29,121000,42,78,695,0,10900,0.09,SALARIED
CUS107262,40,42400,30,30,761,0,14000,0.33,SALARIED
CUS107263,60,73200,31,79,733,0,25900,0.354,SALARIED
CUS107264,45,57300,13,73,750,0,19900,0.347,SALARIED
CUS107265,39,59300,67,169,643,1,16100,0.272,SALARIED
CUS107266,25,103700,89,110,750,0,3300,0.032,SALARIED
CUS107267,31,71100,10,61,803,3,12600,0.177,SALARIED
CUS107268,35,94400,69,137,664,0,14700,0.156,SALARIED
CUS107269,28,48600,19,41,805,3,8000,0.165,SALARIED
CUS107270,39,123500,70,31,684,1,27500,0.223,SALARIED
CUS107271,43,93500,21,40,788,2,16300,0.174,SALARIED
CUS107272,47,148400,23,78,692,1,28000,0.189,SALARIED
CUS107273,60,70800,12,41,676,0,35700,0.504,SALARIED
CUS107274,52,104100,32,75,771,0,12300,0.118,SALARIED
CUS107275,46,120900,17,59,759,1,34500,0.285,SALARIED
CUS107276,47,103100,35,83,654,0,18400,0.178,SALARIED
CUS107277,39,182500,28,83,790,2,54800,0.3,SALARIED
CUS107278,49,40200,26,63,664,1,8000,0.199,SALARIED
CUS107279,59,91900,22,44,711,1,7900,0.086,SALARIED
CUS107280,53,70800,22,70,747,1,4400,0.062,SALARIED
CUS107281,39,68600,27,101,693,1,25600,0.373,SALARIED
CUS107282,57,166500,99,57,782,2,17600,0.106,SALARIED
CUS107283,39,64300,42,33,768,1,14500,0.226,SALARIED
CUS107284,53,124800,31,29,734,2,7900,0.063,SALARIED
CUS107285,36,52900,77,73,609,1,5700,0.108,SALARIED
CUS107286,43,134500,37,114,803,0,32600,0.242,SALARIED
CUS107287,27,84100,54,34,740,1,23500,0.279,SALARIED
CUS107288,46,74800,37,51,708,2,23200,0.31,SALARIED
CUS107289,52,42600,54,61,741,0,15100,0.354,SALARIED
CUS107290,32,74900,36,63,791,1,7200,0.096,SALARIED
CUS107291,28,62400,84,70,754,0,8000,0.128,SALARIED
CUS107292,25,186600,29,60,749,0,58600,0.314,SALARIED
CUS107293,48,87000,9,29,646,2,15400,0.177,SALARIED
CUS107294,25,65000,48,121,642,2,13500,0.208,SALARIED
CUS107295,46,63800,33,8,722,2,18200,0.285,SALARIED
CUS107296,25,46100,23,122,768,3,3800,0.082,SALARIED
CUS107297,42,168600,21,41,798,2,6300,0.037,SALARIED
CUS107298,35,149600,53,45,819,0,29600,0.198,SALARIED
CUS107299,33,82500,22,114,850,0,21500,0.261,SALARIED
CUS107300,48,226600,17,100,722,1,14200,0.063,SALARIED
CUS107301,53,84500,37,110,759,1,15400,0.182,SALARIED
CUS107302,43,139200,24,56,747,3,41400,0.297,SALARIED
CUS107303,53,109700,75,90,705,1,4000,0.036,SALARIED
CUS107304,38,65600,59,53,799,0,6300,0.096,SALARIED
CUS107305,50,92300,87,74,784,1,23200,0.251,SALARIED
CUS107306,46,100500,39,34,727,1,33500,0.333,SALARIED
CUS107307,36,47300,47,84,685,0,13500,0.285,SALARIED
CUS107308,33,96800,40,37,670,1,35000,0.362,SALARIED
CUS107309,59,142000,40,53,697,0,8500,0.06,SALARIED
CUS107310,53,62300,10,180,753,1,15900,0.255,SALARIED
CUS107311,46,77300,25,50,702,1,7900,0.102,SALARIED
CUS107312,21,51600,51,68,746,1,2200,0.043,SALARIED
CUS107313,58,68400,11,37,716,2,19300,0.282,SALARIED
CUS107314,22,70800,61,46,723,0,4700,0.066,SALARIED
CUS107315,26,172900,106,92,756,1,17100,0.099,SALARIED
CUS107316,58,73700,58,46,726,2,8500,0.115,SALARIED
CUS107317,44,67000,39,180,674,1,1900,0.03,SALARIED
CUS107318,38,81500,85,53,708,2,3300,0.04,SALARIED
CUS107319,47,39400,42,102,774,1,10800,0.274,SALARIED
CUS107320,28,30000,22,51,751,1,9500,0.317,SALARIED
CUS107321,48,45600,14,26,739,1,11600,0.254,SALARIED
CUS107322,30,98300,30,41,725,1,14300,0.145,SALARIED
CUS107323,37,84900,29,127,687,1,19000,0.224,SALARIED
CUS107324,49,125700,17,67,655,0,16800,0.134,SALARIED
CUS107325,26,42900,34,78,752,1,3900,0.091,SALARIED
CUS107326,34,77500,24,37,724,1,9000,0.116,SALARIED
CUS107327,42,41500,44,112,749,2,8400,0.202,SALARIED
CUS107328,26,95900,45,83,785,1,11600,0.121,SALARIED
CUS107329,46,45700,56,34,677,2,3700,0.081,SALARIED
CUS107330,59,76200,29,134,565,0,8600,0.113,SALARIED
CUS107331,32,93300,59,78,766,2,6200,0.066,SALARIED
CUS107332,55,71300,23,77,809,0,14300,0.201,SALARIED
CUS107333,34,30700,38,100,726,0,10200,0.332,SALARIED
CUS107334,42,179600,39,61,730,4,14200,0.079,SALARIED
CUS107335,43,68000,43,87,713,3,9300,0.137,SALARIED
CUS107336,27,41200,25,108,766,0,8200,0.199,SALARIED
CUS107337,60,119700,40,180,666,1,8500,0.071,SALARIED
CUS107338,45,121800,48,76,805,3,4600,0.038,SALARIED
CUS107339,33,74200,36,37,742,2,29200,0.394,SALARIED
CUS107340,41,169700,81,98,721,0,71100,0.419,SALARIED
CUS107341,30,60900,14,81,702,1,15000,0.246,SALARIED
CUS107342,29,92000,28,87,786,0,16400,0.178,SALARIED
CUS107343,35,107000,76,53,723,1,44600,0.417,SALARIED
CUS107344,22,168000,47,77,816,1,53000,0.315,SALARIED
CUS107345,45,35500,80,79,781,3,4100,0.115,SALARIED
CUS107346,33,238400,53,46,808,2,36800,0.154,SALARIED
CUS107347,54,144200,37,89,724,0,29200,0.202,SALARIED
CUS107348,54,104100,79,56,763,2,23400,0.225,SALARIED
CUS107349,55,59300,31,71,746,3,6800,0.115,SALARIED
CUS107350,58,57100,43,48,720,1,7000,0.123,SALARIED
CUS107351,23,96800,33,84,678,1,23700,0.245,SALARIED
CUS107352,26,106200,44,20,850,0,23000,0.217,SALARIED
CUS107353,39,100200,40,111,706,1,8000,0.08,SALARIED
CUS107354,23,91300,44,72,773,0,8900,0.097,SALARIED
CUS107355,38,103200,21,52,796,0,46200,0.448,SALARIED
CUS107356,59,31800,25,59,696,4,3000,0.094,SALARIED
CUS107357,29,75400,18,36,661,1,21200,0.281,SALARIED
CUS107358,32,45600,41,54,758,1,19000,0.417,SALARIED
CUS107359,25,83500,18,98,711,1,14500,0.174,SALARIED
CUS107360,23,153000,72,92,692,2,59300,0.388,SALARIED
CUS107361,31,56500,32,19,706,0,15400,0.273,SALARIED
CUS107362,50,61800,18,98,754,1,7300,0.118,SALARIED
CUS107363,24,58000,29,86,653,0,3200,0.055,SALARIED
CUS107364,25,61600,48,48,725,1,27300,0.443,SALARIED
CUS107365,21,109100,46,54,670,0,19300,0.177,SALARIED
CUS107366,47,121100,45,34,812,2,14500,0.12,SALARIED
CUS107367,48,164600,22,35,727,0,13200,0.08,SALARIED
CUS107368,49,54100,46,94,800,1,6800,0.126,SALARIED
CUS107369,38,115600,25,32,789,1,3100,0.03,SALARIED
CUS107370,32,124600,64,115,740,2,20300,0.163,SALARIED
CUS107371,33,178900,25,49,772,2,56900,0.318,SALARIED
CUS107372,22,55900,67,74,767,0,11500,0.206,SALARIED
CUS107373,57,34500,22,78,791,0,4000,0.116,SALARIED
CUS107374,36,75000,92,33,730,2,43800,0.584,SALARIED
CUS107375,44,300800,36,62,749,0,38100,0.127,SALARIED
CUS107376,55,51900,15,117,678,1,8800,0.17,SALARIED
CUS107377,42,105800,63,110,688,2,26700,0.252,SALARIED
CUS107378,56,31300,116,74,770,2,7800,0.249,SALARIED
CUS107379,31,192400,30,40,763,1,39400,0.205,SALARIED
CUS107380,49,36500,37,58,684,2,4400,0.121,SALARIED
CUS107381,55,30000,35,31,738,4,8800,0.293,SALARIED
CUS107382,35,88900,35,66,665,2,10200,0.115,SALARIED
CUS107383,51,89700,43,63,655,0,2300,0.03,SALARIED
CUS107384,36,161000,24,31,747,0,5000,0.031,SALARIED
CUS107385,30,124600,78,180,698,2,31500,0.253,SALARIED
CUS107386,52,34500,40,76,749,2,6800,0.197,SALARIED
CUS107387,22,79400,28,61,711,2,26700,0.336,SALARIED
CUS107388,44,62100,39,103,696,1,15900,0.256,SALARIED
CUS107389,43,46600,39,43,803,0,4600,0.099,SALARIED
CUS107390,22,103300,33,40,775,0,13900,0.135,SALARIED
CUS107391,58,135900,5,100,703,2,29400,0.216,SALARIED
CUS107392,51,59200,37,144,809,2,9800,0.166,SALARIED
CUS107393,60,73200,10,51,679,1,8100,0.111,SALARIED
CUS107394,46,75400,58,97,678,0,7000,0.093,SALARIED
CUS107395,49,63100,34,59,682,0,6200,0.098,SALARIED
CUS107396,23,70100,7,68,703,3,22300,0.318,SALARIED
CUS107397,34,63100,36,45,686,1,20100,0.319,SALARIED
CUS107398,45,89900,19,109,722,1,17300,0.192,SALARIED
CUS107399,21,65300,16,40,687,2,9000,0.138,SALARIED
CUS107400,23,103000,123,67,705,0,17900,0.174,SALARIED
CUS107401,46,65200,58,82,731,0,16200,0.248,SALARIED
CUS107402,38,113700,49,51,780,2,32500,0.286,SALARIED
CUS107403,29,64500,55,131,753,1,5800,0.09,SALARIED
CUS107404,58,111600,33,91,802,1,40400,0.362,SALARIED
CUS107405,43,58000,48,54,730,1,8800,0.152,SALARIED
CUS107406,41,126600,50,101,724,0,12100,0.096,SALARIED
CUS107407,21,38200,30,72,817,0,9100,0.238,SALARIED
CUS107408,41,84800,21,91,781,2,8400,0.099,SALARIED
CUS107409,47,65900,22,55,792,3,19000,0.288,SALARIED
CUS107410,26,83300,36,50,850,0,40900,0.491,SALARIED
CUS107411,56,49800,6,90,684,2,10200,0.205,SALARIED
CUS107412,48,77900,38,114,643,1,16600,0.213,SALARIED
CUS107413,37,51600,41,105,754,1,7800,0.151,SALARIED
CUS107414,60,76400,66,38,740,3,15800,0.207,SALARIED
CUS107415,23,73200,48,58,685,1,6000,0.082,SALARIED
CUS107416,32,98600,22,94,750,1,22800,0.231,SALARIED
CUS107417,59,87600,8,95,724,2,200,0.03,SALARIED
CUS107418,32,197900,43,24,751,1,55300,0.279,SALARIED
CUS107419,22,67600,56,66,772,0,25000,0.37,SALARIED
CUS107420,42,80100,54,100,778,1,17600,0.22,SALARIED
CUS107421,43,356200,12,112,772,0,157800,0.443,SALARIED
CUS107422,50,76900,49,81,595,2,14100,0.183,SALARIED
CUS107423,25,130500,62,141,776,0,25100,0.192,SALARIED
CUS107424,29,110200,54,63,680,1,16000,0.145,SALARIED
CUS107425,41,243100,16,73,732,0,84900,0.349,SALARIED
CUS107426,31,44700,29,40,754,0,5400,0.121,SALARIED
CUS107427,25,42400,60,76,789,0,6000,0.142,SALARIED
CUS107428,55,51400,57,38,716,3,13100,0.255,SALARIED
CUS107429,47,91900,39,107,740,3,6600,0.072,SALARIED
CUS107430,22,54100,28,57,718,0,14100,0.261,SALARIED
CUS107431,44,32500,23,103,735,1,3300,0.102,SALARIED
CUS107432,51,56100,51,55,726,2,8300,0.148,SALARIED
CUS107433,53,100300,22,106,775,1,8200,0.082,SALARIED
CUS107434,59,56600,59,75,813,2,3200,0.057,SALARIED
CUS107435,50,142100,69,36,654,3,55100,0.388,SALARIED
CUS107436,57,51200,16,78,795,0,6700,0.131,SALARIED
CUS107437,48,85500,37,68,789,1,2500,0.03,SALARIED
CUS107438,51,71300,74,42,755,0,4300,0.06,SALARIED
CUS107439,31,92500,30,48,850,2,15600,0.169,SALARIED
CUS107440,43,96800,26,27,721,1,21900,0.226,SALARIED
CUS107441,22,173500,26,54,701,0,17200,0.099,SALARIED
CUS107442,60,115900,56,36,850,0,23300,0.201,SALARIED
CUS107443,47,70300,88,59,638,5,6100,0.087,SALARIED
CUS107444,55,112000,44,32,648,2,11500,0.103,SALARIED
CUS107445,22,119100,64,75,779,3,22900,0.192,SALARIED
CUS107446,59,213300,82,49,750,0,45800,0.215,SALARIED
CUS107447,57,79200,77,116,664,0,6500,0.082,SALARIED
CUS107448,41,81900,98,36,780,3,8000,0.098,SALARIED
CUS107449,25,153400,28,26,717,0,10700,0.07,SALARIED
CUS107450,41,34600,16,115,631,1,11500,0.332,SALARIED
CUS107451,49,77500,37,167,771,0,21000,0.271,SALARIED
CUS107452,40,116200,61,104,789,0,15600,0.134,SALARIED
CUS107453,58,136200,30,39,664,1,33600,0.247,SALARIED
CUS107454,40,31500,43,13,654,1,3600,0.114,SALARIED
CUS107455,45,46500,21,111,595,2,6500,0.14,SALARIED
CUS107456,22,30000,28,88,729,1,3200,0.107,SALARIED
CUS107457,52,125900,61,85,707,0,38600,0.307,SALARIED
CUS107458,46,93200,16,43,701,1,19000,0.204,SALARIED
CUS107459,26,161000,39,53,792,0,15400,0.096,SALARIED
CUS107460,23,86100,67,172,707,1,10500,0.122,SALARIED
CUS107461,53,233000,48,59,661,2,37800,0.162,SALARIED
CUS107462,21,55600,33,49,728,0,28100,0.505,SALARIED
CUS107463,25,72100,72,71,750,0,5200,0.072,SALARIED
CUS107464,33,102400,51,31,672,1,35600,0.348,SALARIED
CUS107465,39,61700,34,59,668,3,900,0.03,SALARIED
CUS107466,32,102600,35,86,791,0,6300,0.061,SALARIED
CUS107467,45,80900,36,44,645,2,8000,0.099,SALARIED
CUS107468,55,78800,24,92,681,4,37600,0.477,SALARIED
CUS107469,32,80300,44,176,687,1,25100,0.313,SALARIED
CUS107470,50,116800,27,14,728,2,22400,0.192,SALARIED
CUS107471,25,72800,43,46,765,1,4400,0.06,SALARIED
CUS107472,54,51400,39,103,752,0,8600,0.167,SALARIED
CUS107473,42,87600,18,146,733,3,6300,0.072,SALARIED
CUS107474,59,63900,44,95,846,1,7800,0.122,SALARIED
CUS107475,33,54200,99,69,716,0,22700,0.419,SALARIED
CUS107476,23,39000,48,101,648,1,3300,0.085,SALARIED
CUS107477,40,129200,89,73,762,1,17500,0.135,SALARIED
CUS107478,51,114500,76,35,730,0,17900,0.156,SALARIED
CUS107479,25,160100,94,92,729,1,97000,0.606,SALARIED
CUS107480,44,85100,50,79,715,2,16600,0.195,SALARIED
CUS107481,60,138100,7,75,752,1,13300,0.096,SALARIED
CUS107482,53,55600,35,61,813,5,20600,0.371,SALARIED
CUS107483,28,36000,47,41,818,1,8600,0.239,SALARIED
CUS107484,44,60600,59,91,850,2,18400,0.304,SALARIED
CUS107485,40,77500,19,42,774,2,10800,0.139,SALARIED
CUS107486,36,100000,59,25,816,1,2900,0.03,SALARIED
CUS107487,32,151300,13,85,767,2,3200,0.03,SALARIED
CUS107488,33,98300,38,74,714,0,24100,0.245,SALARIED
CUS107489,59,234700,48,63,837,3,6600,0.03,SALARIED
CUS107490,45,89700,63,118,710,0,8700,0.097,SALARIED
CUS107491,52,88900,52,59,719,0,22100,0.249,SALARIED
CUS107492,44,99000,9,49,766,3,22400,0.226,SALARIED
CUS107493,29,100800,55,48,742,2,16400,0.163,SALARIED
CUS107494,60,100200,74,55,674,2,15500,0.155,SALARIED
CUS107495,43,48800,66,73,804,0,4400,0.09,SALARIED
CUS107496,33,124700,21,70,709,5,18400,0.148,SALARIED
CUS107497,52,262500,71,54,801,2,59600,0.227,SALARIED
CUS107498,35,57100,35,53,738,1,14200,0.249,SALARIED
CUS107499,56,83400,19,85,735,0,15600,0.187,SALARIED
CUS107500,25,45800,72,14,709,4,14400,0.314,SALARIED
CUS107501,42,119200,64,101,767,1,17600,0.148,SALARIED
CUS107502,36,119200,17,63,707,0,24500,0.206,SALARIED
CUS107503,30,43200,40,180,850,0,21900,0.507,SALARIED
CUS107504,44,47100,93,180,791,1,22300,0.473,SALARIED
CUS107505,38,33300,31,133,796,0,3000,0.09,SALARIED
CUS107506,38,172300,27,58,672,2,25000,0.145,SALARIED
CUS107507,27,58300,52,53,783,0,8700,0.149,SALARIED
CUS107508,24,80000,75,87,758,0,21000,0.262,SALARIED
CUS107509,46,72100,5,39,703,0,29600,0.411,SALARIED
CUS107510,25,132600,14,65,850,0,2900,0.03,SALARIED
CUS107511,36,114400,37,62,669,4,31200,0.273,SALARIED
CUS107512,55,111700,51,42,690,0,27000,0.242,SALARIED
CUS107513,46,59000,149,78,734,3,5300,0.09,SALARIED
CUS107514,38,115500,44,35,815,0,21500,0.186,SALARIED
CUS107515,49,129100,64,31,708,0,6800,0.053,SALARIED
CUS107516,43,114000,83,71,674,1,32800,0.288,SALARIED
CUS107517,34,47600,81,26,702,0,1000,0.03,SALARIED
CUS107518,35,51100,51,68,701,0,3900,0.076,SALARIED
CUS107519,53,185700,38,98,747,1,2100,0.03,SALARIED
CUS107520,45,203900,29,107,701,0,28500,0.14,SALARIED
CUS107521,41,82400,21,66,704,3,31400,0.381,SALARIED
CUS107522,37,82300,58,105,726,3,22900,0.278,SALARIED
CUS107523,43,91200,37,59,662,1,5200,0.057,SALARIED
CUS107524,37,110300,70,65,789,1,22500,0.204,SALARIED
CUS107525,34,44400,38,32,725,1,4000,0.09,SALARIED
CUS107526,49,94300,51,114,697,1,49600,0.526,SALARIED
CUS107527,40,53500,32,39,751,0,18900,0.353,SALARIED
CUS107528,50,84200,47,41,756,1,21400,0.254,SALARIED
CUS107529,39,57100,98,61,718,1,4100,0.072,SALARIED
CUS107530,59,63500,61,61,703,0,7900,0.124,SALARIED
CUS107531,33,92200,37,117,749,1,17400,0.189,SALARIED
CUS107532,38,64400,68,63,640,1,9200,0.143,SALARIED
CUS107533,43,51800,52,41,742,0,14800,0.286,SALARIED
CUS107534,53,163500,25,40,726,3,49200,0.301,SALARIED
CUS107535,59,52200,69,28,780,0,16000,0.307,SALARIED
CUS107536,60,30100,36,71,758,3,9300,0.309,SALARIED
CUS107537,38,109800,66,58,766,1,7200,0.066,SALARIED
CUS107538,29,74600,65,41,663,1,23800,0.319,SALARIED
CUS107539,53,83900,40,52,829,2,30200,0.36,SALARIED
CUS107540,52,91300,65,37,756,2,13700,0.15,SALARIED
CUS107541,37,150600,14,106,655,0,30000,0.199,SALARIED
CUS107542,39,196600,30,48,665,3,17500,0.089,SALARIED
CUS107543,47,95300,144,75,734,2,40700,0.427,SALARIED
CUS107544,26,50100,47,74,707,2,4200,0.084,SALARIED
CUS107545,55,90800,72,31,818,0,35800,0.394,SALARIED
CUS107546,57,110800,33,112,768,2,13000,0.117,SALARIED
CUS107547,54,133500,38,61,726,0,5900,0.044,SALARIED
CUS107548,40,90400,29,131,691,0,32500,0.36,SALARIED
CUS107549,45,66000,57,93,691,1,10700,0.162,SALARIED
CUS107550,24,56500,68,71,698,1,7300,0.129,SALARIED
CUS107551,30,80700,84,79,696,1,22900,0.284,SALARIED
CUS107552,30,43300,68,119,664,4,23100,0.533,SALARIED
CUS107553,44,101500,35,65,710,0,21700,0.214,SALARIED
CUS107554,41,92100,67,159,825,1,6600,0.072,SALARIED
CUS107555,31,91900,51,42,725,1,7600,0.083,SALARIED
CUS107556,47,117400,17,100,706,1,3600,0.031,SALARIED
CUS107557,36,163300,68,74,724,0,29000,0.178,SALARIED
CUS107558,46,82300,28,70,720,0,39500,0.48,SALARIED
CUS107559,50,88000,40,109,751,3,16700,0.19,SALARIED
CUS107560,36,72000,31,77,784,2,4500,0.062,SALARIED
CUS107561,27,108900,6,79,696,1,22700,0.208,SALARIED
CUS107562,36,84700,73,71,705,2,9400,0.111,SALARIED
CUS107563,55,142900,56,54,674,2,11100,0.078,SALARIED
CUS107564,36,141600,34,55,792,1,39900,0.282,SALARIED
CUS107565,60,98000,39,60,832,1,12900,0.132,SALARIED
CUS107566,32,82000,86,87,731,0,14200,0.173,SALARIED
CUS107567,55,75200,54,63,771,1,19100,0.254,SALARIED
CUS107568,41,105500,43,41,747,0,20000,0.19,SALARIED
CUS107569,56,105600,63,32,699,1,20300,0.192,SALARIED
CUS107570,37,75200,71,48,710,0,39700,0.528,SALARIED
CUS107571,52,96800,50,50,743,2,14600,0.151,SALARIED
CUS107572,26,60000,9,56,777,2,5300,0.088,SALARIED
CUS107573,44,104100,27,80,705,2,8900,0.085,SALARIED
CUS107574,47,62300,42,24,844,0,5700,0.091,SALARIED
CUS107575,40,120300,22,33,690,2,44800,0.372,SALARIED
CUS107576,45,73700,96,27,718,0,21300,0.289,SALARIED
CUS107577,22,180500,25,24,760,0,53100,0.294,SALARIED
CUS107578,29,86500,16,41,658,3,17600,0.203,SALARIED
CUS107579,48,94600,41,114,694,1,18200,0.192,SALARIED
CUS107580,58,45300,22,79,715,1,12700,0.28,SALARIED
CUS107581,23,160100,48,110,749,3,3300,0.03,SALARIED
CUS107582,40,83600,28,58,836,0,22700,0.272,SALARIED
CUS107583,26,185900,60,37,740,2,20500,0.11,SALARIED
CUS107584,59,86900,26,61,721,1,18500,0.213,SALARIED
CUS107585,53,77200,32,77,756,0,24400,0.316,SALARIED
CUS107586,21,67500,30,111,762,0,17500,0.259,SALARIED
CUS107587,57,113500,14,53,723,1,48400,0.426,SALARIED
CUS107588,26,107400,57,76,767,1,38500,0.358,SALARIED
CUS107589,54,46600,135,54,749,1,18000,0.386,SALARIED
CUS107590,35,65800,40,108,708,1,8300,0.126,SALARIED
CUS107591,46,117700,72,35,719,2,19700,0.167,SALARIED
CUS107592,34,63600,34,90,771,1,12600,0.198,SALARIED
CUS107593,27,58800,44,76,785,0,4700,0.08,SALARIED
CUS107594,51,92800,68,79,680,0,20500,0.221,SALARIED
CUS107595,44,88400,34,67,778,1,24800,0.281,SALARIED
CUS107596,51,69000,15,83,764,0,5600,0.081,SALARIED
CUS107597,49,188300,37,59,702,0,18600,0.099,SALARIED
CUS107598,52,79500,88,36,816,4,12400,0.156,SALARIED
CUS107599,37,48100,81,83,808,1,6100,0.127,SALARIED
CUS107600,34,41000,60,61,717,1,6800,0.166,SALARIED
CUS107601,60,134700,35,24,706,2,35500,0.264,SALARIED
CUS107602,56,51900,59,45,718,3,12300,0.237,SALARIED
CUS107603,44,86200,53,76,737,1,5000,0.058,SALARIED
CUS107604,47,57400,49,15,652,2,17000,0.296,SALARIED
CUS107605,45,81200,49,136,695,2,13300,0.164,SALARIED
CUS107606,52,99400,40,4,742,2,22400,0.225,SALARIED
CUS107607,38,46000,49,75,793,0,18200,0.396,SALARIED
CUS107608,38,69200,36,39,689,1,31900,0.461,SALARIED
CUS107609,57,62800,43,77,670,1,31000,0.494,SALARIED
CUS107610,46,55000,9,95,738,0,8900,0.162,SALARIED
CUS107611,29,71800,28,102,694,1,9000,0.125,SALARIED
CUS107612,55,64200,65,39,762,2,14200,0.221,SALARIED
CUS107613,28,125900,22,29,728,2,14600,0.116,SALARIED
CUS107614,40,61600,60,82,686,2,5300,0.086,SALARIED
CUS107615,42,104100,71,90,738,1,48100,0.462,SALARIED
CUS107616,39,102500,48,78,807,2,34800,0.34,SALARIED
CUS107617,50,43300,37,82,677,0,13000,0.3,SALARIED
CUS107618,48,67700,3,32,746,1,19800,0.292,SALARIED
CUS107619,55,80900,52,44,701,0,5400,0.067,SALARIED
CUS107620,31,95800,17,61,715,2,7000,0.073,SALARIED
CUS107621,51,76400,16,108,708,0,2700,0.035,SALARIED
CUS107622,59,135800,28,81,662,0,18500,0.136,SALARIED
CUS107623,56,89100,83,104,798,3,15900,0.178,SALARIED
CUS107624,50,103900,21,81,785,1,3400,0.033,SALARIED
CUS107625,43,65100,13,155,637,0,21100,0.324,SALARIED
CUS107626,39,104600,82,68,709,0,8800,0.084,SALARIED
CUS107627,32,203200,83,62,720,2,57300,0.282,SALARIED
CUS107628,35,107700,65,84,808,1,26800,0.249,SALARIED
CUS107629,51,139600,47,65,644,0,38800,0.278,SALARIED
CUS107630,57,74500,33,50,759,1,1000,0.03,SALARIED
CUS107631,57,128800,3,34,680,0,10200,0.079,SALARIED
CUS107632,35,134000,24,57,788,3,3900,0.03,SALARIED
CUS107633,49,94900,52,79,753,0,3400,0.036,SALARIED
CUS107634,46,82200,73,87,686,0,2900,0.035,SALARIED
CUS107635,22,43400,33,103,711,0,6100,0.141,SALARIED
CUS107636,40,83800,31,55,734,3,16400,0.196,SALARIED
CUS107637,35,109600,46,112,656,0,20600,0.188,SALARIED
CUS107638,24,60200,26,55,791,0,5600,0.093,SALARIED
CUS107639,42,48000,10,57,682,0,11100,0.231,SALARIED
CUS107640,58,89000,41,87,733,0,17900,0.201,SALARIED
CUS107641,43,94300,24,75,707,3,3300,0.035,SALARIED
CUS107642,46,46400,28,38,685,1,11300,0.244,SALARIED
CUS107643,31,86600,31,63,708,2,24300,0.281,SALARIED
CUS107644,48,96800,59,38,771,1,5800,0.06,SALARIED
CUS107645,22,154000,31,34,682,0,6900,0.045,SALARIED
CUS107646,28,68600,16,94,706,0,28200,0.411,SALARIED
CUS107647,49,217400,42,49,825,3,26200,0.121,SALARIED
CUS107648,31,87100,38,31,692,2,200,0.03,SALARIED
CUS107649,57,49500,15,52,738,0,18300,0.37,SALARIED
CUS107650,38,73300,76,100,772,0,12400,0.169,SALARIED
CUS107651,34,51500,45,45,740,1,7800,0.151,SALARIED
CUS107652,30,78800,21,60,630,1,10000,0.127,SALARIED
CUS107653,55,104900,22,39,756,1,30800,0.294,SALARIED
CUS107654,29,95900,59,48,691,0,42400,0.442,SALARIED
CUS107655,55,51100,67,29,757,0,24200,0.474,SALARIED
CUS107656,31,48300,87,24,726,2,4700,0.097,SALARIED
CUS107657,32,102700,50,113,718,3,15700,0.153,SALARIED
CUS107658,23,113600,65,94,850,1,22200,0.195,SALARIED
CUS107659,59,68200,38,59,721,1,9300,0.136,SALARIED
CUS107660,34,30000,26,71,726,2,11700,0.39,SALARIED
CUS107661,48,50500,59,54,751,1,12300,0.244,SALARIED
CUS107662,31,132500,46,50,663,0,20600,0.155,SALARIED
CUS107663,59,61000,62,102,720,1,9400,0.154,SALARIED
CUS107664,45,72700,67,115,736,1,36400,0.501,SALARIED
CUS107665,41,109000,30,41,747,1,38500,0.353,SALARIED
CUS107666,30,74100,28,51,711,1,2800,0.038,SALARIED
CUS107667,35,159400,47,171,670,1,27400,0.172,SALARIED
CUS107668,39,71900,51,81,769,3,3700,0.051,SALARIED
CUS107669,42,57700,59,99,787,2,13000,0.225,SALARIED
CUS107670,41,144700,41,81,691,0,22900,0.158,SALARIED
CUS107671,52,86800,120,43,799,1,50700,0.584,SALARIED
CUS107672,43,52300,63,68,730,2,20100,0.384,SALARIED
CUS107673,33,105100,87,100,683,2,7100,0.068,SALARIED
CUS107674,25,74500,55,100,733,1,23800,0.319,SALARIED
CUS107675,24,50800,12,55,667,1,10600,0.209,SALARIED
CUS107676,48,88700,32,136,769,2,43800,0.494,SALARIED
CUS107677,34,79200,78,88,752,3,21900,0.277,SALARIED
CUS107678,28,39800,39,43,677,2,11300,0.284,SALARIED
CUS107679,29,52800,8,37,668,1,13000,0.246,SALARIED
CUS107680,55,196800,16,42,614,1,55200,0.28,SALARIED
CUS107681,57,88200,32,61,713,2,22800,0.259,SALARIED
CUS107682,41,155800,28,78,703,1,27800,0.178,SALARIED
CUS107683,38,97700,78,45,719,2,20300,0.208,SALARIED
CUS107684,53,148300,63,41,697,1,54000,0.364,SALARIED
CUS107685,28,109200,74,47,792,1,23300,0.213,SALARIED
CUS107686,37,55500,23,41,696,0,8600,0.155,SALARIED
CUS107687,51,111700,28,134,805,0,23700,0.212,SALARIED
CUS107688,54,55400,55,64,708,0,13600,0.245,SALARIED
CUS107689,26,129100,60,27,696,1,60100,0.466,SALARIED
CUS107690,42,93700,35,36,711,1,27100,0.289,SALARIED
CUS107691,34,85700,25,65,715,4,13500,0.158,SALARIED
CUS107692,23,69800,7,88,850,1,3200,0.046,SALARIED
CUS107693,32,121700,19,74,640,2,55300,0.454,SALARIED
CUS107694,56,79200,30,66,802,1,23300,0.294,SALARIED
CUS107695,32,36000,19,83,759,2,9300,0.258,SALARIED
CUS107696,22,39300,76,156,724,1,3400,0.087,SALARIED
CUS107697,22,48000,107,104,665,1,4300,0.09,SALARIED
CUS107698,35,121000,66,73,810,0,32700,0.27,SALARIED
CUS107699,43,125200,34,67,659,0,25200,0.201,SALARIED
CUS107700,49,98400,13,42,753,1,16100,0.164,SALARIED
CUS107701,37,97900,25,28,683,1,32300,0.33,SALARIED
CUS107702,52,162900,13,95,796,2,71200,0.437,SALARIED
CUS107703,27,99200,22,94,690,2,24500,0.247,SALARIED
CUS107704,50,113300,40,46,759,2,13400,0.118,SALARIED
CUS107705,48,84600,93,45,715,1,6800,0.08,SALARIED
CUS107706,34,69100,22,139,686,1,12200,0.177,SALARIED
CUS107707,50,74900,65,42,652,2,700,0.03,SALARIED
CUS107708,37,213900,44,87,787,2,25800,0.121,SALARIED
CUS107709,52,52100,47,105,763,1,9300,0.179,SALARIED
CUS107710,26,97900,42,62,697,1,33200,0.339,SALARIED
CUS107711,44,43000,18,74,713,1,14300,0.333,SALARIED
CUS107712,26,64600,41,56,662,0,4800,0.074,SALARIED
CUS107713,47,120400,5,28,686,2,57100,0.474,SALARIED
CUS107714,38,37600,38,87,739,2,5700,0.152,SALARIED
CUS107715,44,127700,78,17,673,1,14600,0.114,SALARIED
CUS107716,57,213600,52,88,732,0,58300,0.273,SALARIED
CUS107717,44,100200,11,88,772,2,11300,0.113,SALARIED
CUS107718,58,150000,56,75,744,3,7000,0.047,SALARIED
CUS107719,54,95000,35,75,660,2,2100,0.03,SALARIED
CUS107720,60,117100,46,46,733,1,66100,0.564,SALARIED
CUS107721,35,104300,16,42,825,3,42400,0.407,SALARIED
CUS107722,31,67600,9,77,815,2,4500,0.067,SALARIED
CUS107723,42,64900,40,24,718,1,10600,0.163,SALARIED
CUS107724,44,144600,89,65,708,1,47700,0.33,SALARIED
CUS107725,21,83400,31,51,779,1,12300,0.147,SALARIED
CUS107726,38,79700,49,50,712,1,11400,0.143,SALARIED
CUS107727,32,79000,44,58,653,1,2000,0.03,SALARIED
CUS107728,48,97600,27,92,762,1,20000,0.205,SALARIED
CUS107729,60,49900,19,43,690,0,3700,0.074,SALARIED
CUS107730,27,78300,11,40,711,0,18100,0.231,SALARIED
CUS107731,43,97700,31,56,736,1,18600,0.19,SALARIED
CUS107732,41,47800,44,53,702,0,1100,0.03,SALARIED
CUS107733,54,93400,18,91,774,2,8500,0.091,SALARIED
CUS107734,31,56800,24,61,774,1,16300,0.287,SALARIED
CUS107735,42,97800,45,61,774,1,12800,0.131,SALARIED
CUS107736,55,224500,16,20,806,2,58300,0.26,SALARIED
CUS107737,49,80500,11,57,731,4,15900,0.198,SALARIED
CUS107738,48,52300,38,116,693,3,9900,0.189,SALARIED
CUS107739,38,94600,25,65,682,3,22500,0.238,SALARIED
CUS107740,34,105200,45,70,677,0,7500,0.071,SALARIED
CUS107741,38,55800,12,61,654,0,7300,0.131,SALARIED
CUS107742,48,39200,84,94,677,1,4900,0.125,SALARIED
CUS107743,44,55800,94,147,764,0,13300,0.238,SALARIED
CUS107744,28,83200,121,19,726,0,12700,0.153,SALARIED
CUS107745,28,69300,31,22,774,0,10400,0.15,SALARIED
CUS107746,24,138000,19,44,658,1,3100,0.03,SALARIED
CUS107747,47,107300,111,83,707,3,18200,0.17,SALARIED
CUS107748,56,89000,37,56,850,2,12900,0.145,SALARIED
CUS107749,25,38800,26,83,810,2,9800,0.253,SALARIED
CUS107750,53,112900,19,62,850,1,31000,0.275,SALARIED
CUS107751,54,207100,39,65,838,0,26500,0.128,SALARIED
CUS107752,50,125300,39,57,731,2,68000,0.543,SALARIED
CUS107753,28,63200,43,51,749,1,6300,0.1,SALARIED
CUS107754,59,79900,49,109,741,1,22600,0.283,SALARIED
CUS107755,46,104500,25,38,704,1,9300,0.089,SALARIED
CUS107756,57,158600,64,88,823,3,24800,0.156,SALARIED
CUS107757,54,61900,29,118,795,1,9900,0.16,SALARIED
CUS107758,27,68900,31,77,803,1,9300,0.135,SALARIED
CUS107759,60,83400,66,135,668,1,17300,0.207,SALARIED
CUS107760,48,80100,11,29,694,1,36900,0.461,SALARIED
CUS107761,59,121400,29,35,749,0,10000,0.082,SALARIED
CUS107762,59,95600,17,104,669,1,4000,0.042,SALARIED
CUS107763,48,45300,64,59,734,0,1800,0.04,SALARIED
CUS107764,34,63300,36,92,662,3,22900,0.362,SALARIED
CUS107765,58,64100,44,53,665,0,7000,0.109,SALARIED
CUS107766,24,31400,28,85,823,2,10000,0.318,SALARIED
CUS107767,38,129200,88,61,850,1,5500,0.043,SALARIED
CUS107768,45,90200,22,29,787,1,16700,0.185,SALARIED
CUS107769,27,66600,50,91,701,2,12800,0.192,SALARIED
CUS107770,58,127600,33,41,729,0,14500,0.114,SALARIED
CUS107771,48,97300,21,25,763,1,16400,0.169,SALARIED
CUS107772,25,47700,93,33,776,2,5700,0.119,SALARIED
CUS107773,23,111800,46,86,735,2,21000,0.188,SALARIED
CUS107774,51,157700,28,47,780,1,6000,0.038,SALARIED
CUS107775,40,79800,52,60,745,2,19200,0.241,SALARIED
CUS107776,39,82500,37,92,686,1,23200,0.281,SALARIED
CUS107777,31,89200,41,135,760,3,36400,0.408,SALARIED
CUS107778,60,49100,40,56,799,2,3600,0.073,SALARIED
CUS107779,23,90600,52,117,756,1,24100,0.266,SALARIED
CUS107780,43,56900,66,39,688,1,12700,0.223,SALARIED
CUS107781,27,84800,32,65,742,0,16400,0.193,SALARIED
CUS107782,43,91600,101,126,700,1,51800,0.566,SALARIED
CUS107783,27,107900,25,31,679,2,19000,0.176,SALARIED
CUS107784,54,109700,48,87,679,1,27000,0.246,SALARIED
CUS107785,39,56000,76,42,691,2,26300,0.47,SALARIED
CUS107786,29,92500,93,75,752,2,4400,0.048,SALARIED
CUS107787,38,130700,20,63,814,1,33700,0.258,SALARIED
CUS107788,45,50600,9,98,788,2,10900,0.215,SALARIED
CUS107789,34,186400,49,99,758,1,14900,0.08,SALARIED
CUS107790,45,54900,25,47,783,0,21100,0.384,SALARIED
CUS107791,39,176800,39,81,806,0,8900,0.05,SALARIED
CUS107792,59,55300,25,51,805,0,9300,0.168,SALARIED
CUS107793,35,82900,32,17,731,1,4600,0.055,SALARIED
CUS107794,36,77900,25,83,705,0,7500,0.096,SALARIED
CUS107795,47,46000,30,37,843,0,6200,0.135,SALARIED
CUS107796,60,116400,44,59,769,2,11200,0.096,SALARIED
CUS107797,30,119100,77,117,790,3,10000,0.084,SALARIED
CUS107798,24,112300,70,82,670,3,15400,0.137,SALARIED
CUS107799,39,76000,24,49,820,0,18700,0.246,SALARIED
CUS107800,48,62000,56,40,694,1,15700,0.253,SALARIED
CUS107801,41,139400,40,71,703,1,22100,0.159,SALARIED
CUS107802,34,93600,44,155,684,1,44400,0.474,SALARIED
CUS107803,53,60500,41,51,732,1,7500,0.124,SALARIED
CUS107804,30,93600,60,124,739,0,8300,0.089,SALARIED
CUS107805,39,40000,55,109,725,0,5800,0.145,SALARIED
CUS107806,50,89200,15,43,737,1,23300,0.261,SALARIED
CUS107807,42,114200,96,84,674,1,33400,0.292,SALARIED
CUS107808,23,78400,54,83,771,2,1300,0.03,SALARIED
CUS107809,57,117000,25,69,843,2,3600,0.031,SALARIED
CUS107810,38,122600,78,31,694,1,14000,0.114,SALARIED
CUS107811,31,96200,57,44,689,1,29600,0.308,SALARIED
CUS107812,22,188300,33,48,724,1,80000,0.425,SALARIED
CUS107813,32,156300,76,35,721,3,35400,0.226,SALARIED
CUS107814,26,112700,52,73,669,0,17700,0.157,SALARIED
CUS107815,60,99700,54,51,653,4,26000,0.261,SALARIED
CUS107816,49,75700,64,149,801,2,9800,0.129,SALARIED
CUS107817,50,63500,102,33,635,1,10200,0.161,SALARIED
CUS107818,22,121700,18,68,735,0,46400,0.381,SALARIED
CUS107819,29,77700,35,15,673,0,23000,0.296,SALARIED
CUS107820,22,53900,29,30,804,0,15700,0.291,SALARIED
CUS107821,49,59200,106,83,660,1,1500,0.03,SALARIED
CUS107822,53,62900,10,32,688,0,7000,0.111,SALARIED
CUS107823,30,187100,48,41,662,1,31700,0.169,SALARIED
CUS107824,54,124500,41,53,692,0,27400,0.22,SALARIED
CUS107825,28,86300,100,71,674,1,6400,0.074,SALARIED
CUS107826,57,102400,67,60,764,0,13100,0.128,SALARIED
CUS107827,53,107900,23,38,760,1,30900,0.286,SALARIED
CUS107828,26,57500,92,27,850,1,18600,0.323,SALARIED
CUS107829,60,50300,25,113,623,0,15300,0.304,SALARIED
CUS107830,39,136400,54,40,777,0,42400,0.311,SALARIED
CUS107831,52,46300,9,46,713,2,5800,0.125,SALARIED
CUS107832,47,84300,31,57,775,3,14200,0.168,SALARIED
CUS107833,21,61400,50,114,721,0,14000,0.228,SALARIED
CUS107834,53,93900,18,41,790,2,4600,0.049,SALARIED
CUS107835,60,75900,33,40,844,1,23700,0.312,SALARIED
CUS107836,52,108100,56,64,692,0,25000,0.231,SALARIED
CUS107837,25,30000,23,32,678,1,8500,0.283,SALARIED
CUS107838,37,140700,99,70,670,1,12400,0.088,SALARIED
CUS107839,28,118300,48,82,652,0,9000,0.076,SALARIED
CUS107840,54,134000,36,92,698,2,9600,0.072,SALARIED
CUS107841,29,127200,23,64,705,0,42200,0.332,SALARIED
CUS107842,43,97900,23,136,742,2,17800,0.182,SALARIED
CUS107843,55,63700,104,59,708,3,5900,0.093,SALARIED
CUS107844,27,103500,42,37,703,0,42600,0.412,SALARIED
CUS107845,35,96800,16,85,744,3,24800,0.256,SALARIED
CUS107846,40,126100,28,55,723,2,5200,0.041,SALARIED
CUS107847,45,112400,19,139,800,2,21400,0.19,SALARIED
CUS107848,23,88700,33,59,799,2,3000,0.034,SALARIED
CUS107849,44,103300,39,8,703,1,34200,0.331,SALARIED
CUS107850,54,107500,115,71,663,0,30300,0.282,SALARIED
CUS107851,42,138700,45,50,719,1,35800,0.258,SALARIED
CUS107852,31,185600,77,110,719,0,76900,0.414,SALARIED
CUS107853,28,111200,20,27,848,1,33200,0.299,SALARIED
CUS107854,59,107700,19,42,732,2,43100,0.4,SALARIED
CUS107855,55,76900,29,38,720,2,12600,0.164,SALARIED
CUS107856,58,72800,18,40,625,1,26600,0.365,SALARIED
CUS107857,28,61300,74,26,771,0,6000,0.098,SALARIED
CUS107858,57,30000,94,60,722,1,6200,0.207,SALARIED
CUS107859,47,58300,35,140,785,0,21900,0.376,SALARIED
CUS107860,48,78600,70,121,816,1,42300,0.538,SALARIED
CUS107861,60,74100,42,120,684,0,16700,0.225,SALARIED
CUS107862,54,104400,100,44,786,2,20100,0.193,SALARIED
CUS107863,52,59200,47,50,772,3,12700,0.215,SALARIED
CUS107864,35,60400,23,63,709,0,2700,0.045,SALARIED
CUS107865,37,32800,29,133,677,1,2500,0.076,SALARIED
CUS107866,53,105100,28,80,678,0,4500,0.043,SALARIED
CUS107867,36,57000,31,70,708,5,13300,0.233,SALARIED
CUS107868,49,61600,45,50,739,0,9200,0.149,SALARIED
CUS107869,29,109600,14,147,796,0,13200,0.12,SALARIED
CUS107870,53,57100,67,31,802,1,24600,0.431,SALARIED
CUS107871,49,100900,32,80,719,3,19400,0.192,SALARIED
CUS107872,33,49400,43,72,655,1,22400,0.453,SALARIED
CUS107873,41,84200,57,42,688,1,26100,0.31,SALARIED
CUS107874,41,64600,40,55,721,0,3300,0.051,SALARIED
CUS107875,25,75400,22,51,703,2,12000,0.159,SALARIED
CUS107876,30,167800,67,142,811,2,14100,0.084,SALARIED
CUS107877,26,40600,19,93,705,1,8700,0.214,SALARIED
CUS107878,33,161200,28,86,626,2,16800,0.104,SALARIED
CUS107879,21,56200,32,58,793,1,4400,0.078,SALARIED
CUS107880,40,125700,38,114,771,5,15500,0.123,SALARIED
CUS107881,28,137400,11,65,682,2,8300,0.06,SALARIED
CUS107882,30,103200,44,80,729,1,17300,0.168,SALARIED
CUS107883,29,49100,16,42,688,1,7700,0.157,SALARIED
CUS107884,23,96100,46,89,835,3,20100,0.209,SALARIED
CUS107885,31,268900,20,102,641,0,66200,0.246,SALARIED
CUS107886,32,85400,42,80,680,0,26900,0.315,SALARIED
CUS107887,30,81200,81,71,709,2,17900,0.22,SALARIED
CUS107888,45,77800,35,67,761,2,3300,0.042,SALARIED
CUS107889,45,107200,23,86,794,0,15000,0.14,SALARIED
CUS107890,31,81700,28,128,787,4,33100,0.405,SALARIED
CUS107891,56,96600,80,123,764,0,29800,0.308,SALARIED
CUS107892,59,74500,37,73,634,1,3200,0.043,SALARIED
CUS107893,46,53300,80,83,696,1,6400,0.12,SALARIED
CUS107894,34,241700,75,99,758,1,100200,0.415,SALARIED
CUS107895,59,81400,29,117,764,0,37900,0.466,SALARIED
CUS107896,60,358500,110,77,691,0,110600,0.309,SALARIED
CUS107897,21,102900,15,59,704,1,49100,0.477,SALARIED
CUS107898,24,111300,25,22,718,2,34300,0.308,SALARIED
CUS107899,50,74000,50,83,812,2,12100,0.164,SALARIED
CUS107900,32,65100,23,33,740,0,8800,0.135,SALARIED
CUS107901,55,74700,21,84,676,0,13700,0.183,SALARIED
CUS107902,33,58400,102,34,687,1,8100,0.139,SALARIED
CUS107903,51,56100,11,98,729,1,15300,0.273,SALARIED
CUS107904,58,189800,49,48,655,0,8600,0.045,SALARIED
CUS107905,43,121800,18,97,676,2,22100,0.181,SALARIED
CUS107906,24,166800,143,41,747,1,45900,0.275,SALARIED
CUS107907,36,141000,67,129,743,3,27000,0.191,SALARIED
CUS107908,27,64800,49,115,812,1,7300,0.113,SALARIED
CUS107909,42,42500,16,87,680,2,8300,0.195,SALARIED
CUS107910,49,69100,17,86,744,2,23000,0.333,SALARIED
CUS107911,31,88600,27,48,818,0,32000,0.361,SALARIED
CUS107912,53,142300,49,40,792,2,35600,0.25,SALARIED
CUS107913,49,82900,39,44,825,1,5100,0.062,SALARIED
CUS107914,59,323000,103,19,648,1,210100,0.65,SALARIED
CUS107915,32,70000,65,42,771,0,8900,0.127,SALARIED
CUS107916,27,110900,51,75,665,1,19100,0.172,SALARIED
CUS107917,59,64900,76,67,850,1,18700,0.288,SALARIED
CUS107918,46,102100,101,59,789,0,31400,0.308,SALARIED
CUS107919,60,80300,35,58,778,0,27800,0.346,SALARIED
CUS107920,29,76000,52,79,698,1,7900,0.104,SALARIED
CUS107921,54,64300,16,121,754,2,26000,0.404,SALARIED
CUS107922,33,90800,25,51,761,1,17300,0.191,SALARIED
CUS107923,56,123800,99,90,699,0,39800,0.321,SALARIED
CUS107924,45,54800,33,63,739,1,20500,0.374,SALARIED
CUS107925,44,83200,32,101,594,1,33300,0.4,SALARIED
CUS107926,37,106100,34,75,840,1,46800,0.441,SALARIED
CUS107927,22,115600,64,75,767,1,26100,0.226,SALARIED
CUS107928,33,196600,21,67,708,2,31500,0.16,SALARIED
CUS107929,51,110300,42,80,778,1,7000,0.063,SALARIED
CUS107930,49,71000,12,49,638,2,27600,0.389,SALARIED
CUS107931,48,65800,79,108,792,1,4400,0.067,SALARIED
CUS107932,47,65500,23,107,728,2,5600,0.085,SALARIED
CUS107933,35,63800,24,85,636,1,35500,0.556,SALARIED
CUS107934,51,93700,67,120,735,3,24500,0.261,SALARIED
CUS107935,60,102700,100,85,786,1,27300,0.266,SALARIED
CUS107936,35,123200,50,102,777,0,4400,0.036,SALARIED
CUS107937,53,114700,56,92,737,4,28300,0.247,SALARIED
CUS107938,40,148900,36,77,738,1,24900,0.167,SALARIED
CUS107939,32,62900,45,68,671,1,22100,0.351,SALARIED
CUS107940,57,177500,67,50,732,1,36700,0.207,SALARIED
CUS107941,29,64000,31,26,762,0,2100,0.033,SALARIED
CUS107942,43,99400,45,51,811,2,45000,0.453,SALARIED
CUS107943,28,77900,30,76,664,1,11000,0.141,SALARIED
CUS107944,52,84100,23,88,707,0,31800,0.378,SALARIED
CUS107945,34,115000,75,57,759,2,28100,0.244,SALARIED
CUS107946,47,44500,16,76,621,2,2800,0.063,SALARIED
CUS107947,45,58500,65,58,710,2,8000,0.137,SALARIED
CUS107948,33,119100,26,48,825,1,24300,0.204,SALARIED
CUS107949,41,84900,139,74,662,0,13800,0.163,SALARIED
CUS107950,51,75700,60,46,766,3,25800,0.341,SALARIED
CUS107951,57,51300,19,27,740,2,5600,0.109,SALARIED
CUS107952,25,76000,28,29,741,2,30000,0.395,SALARIED
CUS107953,33,115500,16,94,762,0,11200,0.097,SALARIED
CUS107954,48,66000,20,139,704,0,22800,0.345,SALARIED
CUS107955,45,157000,22,180,723,0,46800,0.298,SALARIED
CUS107956,55,138000,31,79,732,1,54800,0.397,SALARIED
CUS107957,59,72600,49,18,778,2,4500,0.062,SALARIED
CUS107958,27,65100,29,112,765,5,9200,0.141,SALARIED
CUS107959,58,30000,60,97,742,0,7300,0.243,SALARIED
CUS107960,52,52400,28,49,693,1,17900,0.342,SALARIED
CUS107961,23,50900,48,65,687,2,7100,0.139,SALARIED
CUS107962,59,44600,43,63,666,4,9500,0.213,SALARIED
CUS107963,57,83600,34,80,695,3,27700,0.331,SALARIED
CUS107964,42,97800,119,66,753,1,15800,0.162,SALARIED
CUS107965,28,192300,91,73,809,0,19600,0.102,SALARIED
CUS107966,37,87600,9,41,743,1,28800,0.329,SALARIED
CUS107967,47,34000,27,159,695,3,1700,0.05,SALARIED
CUS107968,53,60700,158,116,735,2,4400,0.072,SALARIED
CUS107969,37,111900,37,64,701,0,26200,0.234,SALARIED
CUS107970,32,81900,57,138,774,0,18600,0.227,SALARIED
CUS107971,47,125000,52,81,666,4,16400,0.131,SALARIED
CUS107972,28,67500,29,74,783,2,2300,0.034,SALARIED
CUS107973,43,142700,34,55,769,1,26700,0.187,SALARIED
CUS107974,49,95000,35,26,695,2,42000,0.442,SALARIED
CUS107975,40,96000,18,120,694,2,18700,0.195,SALARIED
CUS107976,36,90900,21,81,711,1,7500,0.083,SALARIED
CUS107977,37,60200,49,77,763,0,5600,0.093,SALARIED
CUS107978,36,82800,21,55,683,3,10700,0.129,SALARIED
CUS107979,39,97000,21,137,656,1,6500,0.067,SALARIED
CUS107980,28,45300,32,99,723,1,11200,0.247,SALARIED
CUS107981,58,88100,42,65,775,2,26400,0.3,SALARIED
CUS107982,58,146800,26,66,641,3,26900,0.183,SALARIED
CUS107983,49,103300,67,58,597,2,23400,0.227,SALARIED
CUS107984,56,157300,28,69,773,0,59000,0.375,SALARIED
CUS107985,46,102100,38,98,742,2,15300,0.15,SALARIED
CUS107986,51,56800,64,137,733,2,8300,0.146,SALARIED
CUS107987,32,121300,22,89,720,3,28500,0.235,SALARIED
CUS107988,37,50900,120,72,735,2,6800,0.134,SALARIED
CUS107989,35,77400,20,46,774,0,21200,0.274,SALARIED
CUS107990,29,75100,58,26,828,2,4500,0.06,SALARIED
CUS107991,59,62600,94,57,762,0,10200,0.163,SALARIED
CUS107992,32,247900,25,88,691,2,20700,0.084,SALARIED
CUS107993,52,82300,21,17,719,0,27700,0.337,SALARIED
CUS107994,45,191900,30,54,735,3,66400,0.346,SALARIED
CUS107995,59,99200,65,67,754,1,3700,0.037,SALARIED
CUS107996,38,58700,23,50,755,4,17400,0.296,SALARIED
CUS107997,35,70700,43,87,747,0,23000,0.325,SALARIED
CUS107998,52,83500,65,19,821,2,25400,0.304,SALARIED
CUS107999,26,72900,20,32,768,1,6100,0.084,SALARIED
CUS108000,55,75100,23,61,668,2,18100,0.241,SALARIED
CUS108001,54,110000,93,89,734,0,5800,0.053,SALARIED
CUS108002,58,100200,24,83,801,1,11800,0.118,SALARIED
CUS108003,25,115900,30,90,706,0,13700,0.118,SALARIED
CUS108004,38,169000,66,30,704,3,20900,0.124,SALARIED
CUS108005,36,68800,53,60,728,1,1000,0.03,SALARIED
CUS108006,28,140300,45,24,725,0,5900,0.042,SALARIED
CUS108007,45,159100,58,29,718,1,6200,0.039,SALARIED
CUS108008,52,152200,44,26,705,1,62700,0.412,SALARIED
CUS108009,46,38500,37,117,804,1,9500,0.247,SALARIED
CUS108010,42,190900,62,80,752,2,17800,0.093,SALARIED
CUS108011,51,63800,55,62,682,1,13700,0.215,SALARIED
CUS108012,30,37100,40,43,664,1,7900,0.213,SALARIED
CUS108013,32,188800,12,83,721,3,73500,0.389,SALARIED
CUS108014,48,107100,84,76,755,1,1100,0.03,SALARIED
CUS108015,26,109100,51,35,749,4,45100,0.413,SALARIED
CUS108016,40,73200,29,56,754,0,32700,0.447,SALARIED
CUS108017,25,92300,54,70,776,2,10800,0.117,SALARIED
CUS108018,43,79800,73,72,723,0,26400,0.331,SALARIED
CUS108019,29,64200,37,37,813,1,3700,0.058,SALARIED
CUS108020,49,85900,59,85,719,1,31500,0.367,SALARIED
CUS108021,36,89400,66,88,693,1,17800,0.199,SALARIED
CUS108022,42,46900,27,118,585,2,3400,0.072,SALARIED
CUS108023,28,87200,20,34,782,0,17900,0.205,SALARIED
CUS108024,40,38000,69,55,662,1,18100,0.476,SALARIED
CUS108025,34,201700,72,72,809,1,13100,0.065,SALARIED
CUS108026,59,81200,25,87,576,1,10800,0.133,SALARIED
CUS108027,57,52500,18,161,744,2,7700,0.147,SALARIED
CUS108028,54,107100,59,46,677,0,26500,0.247,SALARIED
CUS108029,31,60700,40,47,761,2,2900,0.048,SALARIED
CUS108030,60,83900,32,5,695,0,18100,0.216,SALARIED
CUS108031,53,104300,70,64,813,1,13400,0.128,SALARIED
CUS108032,51,53800,22,117,669,1,21400,0.398,SALARIED
CUS108033,54,204400,31,54,744,1,21300,0.104,SALARIED
CUS108034,27,213300,18,147,747,1,29800,0.14,SALARIED
CUS108035,43,67100,24,38,699,1,15900,0.237,SALARIED
CUS108036,27,51300,22,73,784,2,7300,0.142,SALARIED
CUS108037,45,67000,13,62,666,1,17800,0.266,SALARIED
CUS108038,23,68600,62,54,755,0,9700,0.141,SALARIED
CUS108039,58,140100,70,29,775,2,4600,0.033,SALARIED
CUS108040,40,67500,19,44,682,1,12300,0.182,SALARIED
CUS108041,54,50400,49,112,786,1,900,0.03,SALARIED
CUS108042,50,89000,28,56,723,1,10300,0.116,SALARIED
CUS108043,37,43500,50,62,693,0,3100,0.071,SALARIED
CUS108044,30,137400,22,76,734,5,53900,0.392,SALARIED
CUS108045,55,111300,72,97,678,3,18800,0.169,SALARIED
CUS108046,40,64900,14,44,722,1,13000,0.2,SALARIED
CUS108047,38,68200,47,65,625,2,20300,0.298,SALARIED
CUS108048,47,95100,18,38,785,1,19700,0.207,SALARIED
CUS108049,56,51700,13,42,781,1,12600,0.244,SALARIED
CUS108050,43,59600,38,86,850,2,5700,0.096,SALARIED
CUS108051,52,76800,58,84,724,1,5800,0.076,SALARIED
CUS108052,30,47000,36,50,767,2,16600,0.353,SALARIED
CUS108053,31,69300,57,43,728,2,13800,0.199,SALARIED
CUS108054,58,52400,93,76,755,0,17200,0.328,SALARIED
CUS108055,26,161500,28,17,832,0,12600,0.078,SALARIED
CUS108056,54,70900,36,72,784,1,13300,0.188,SALARIED
CUS108057,56,55500,25,54,757,2,13400,0.241,SALARIED
CUS108058,57,115100,43,62,635,1,36000,0.313,SALARIED
CUS108059,37,64100,49,12,756,2,41900,0.654,SALARIED
CUS108060,60,51800,57,113,658,0,11100,0.214,SALARIED
CUS108061,60,126700,40,42,757,1,15600,0.123,SALARIED
CUS108062,32,73500,19,65,751,0,11900,0.162,SALARIED
CUS108063,41,124100,28,98,680,1,33800,0.272,SALARIED
CUS108064,60,84400,68,50,708,0,13700,0.162,SALARIED
CUS108065,39,90100,48,67,797,1,28400,0.315,SALARIED
CUS108066,23,109500,46,77,797,0,33600,0.307,SALARIED
CUS108067,38,63900,24,60,847,0,7200,0.113,SALARIED
CUS108068,39,59000,31,40,661,3,31000,0.525,SALARIED
CUS108069,26,146000,32,79,771,1,11100,0.076,SALARIED
CUS108070,36,110300,42,105,781,4,54500,0.494,SALARIED
CUS108071,28,82500,38,32,800,0,26600,0.322,SALARIED
CUS108072,38,121600,58,37,804,0,24100,0.198,SALARIED
CUS108073,59,108400,92,150,775,0,25000,0.231,SALARIED
CUS108074,32,129900,36,45,818,1,30900,0.238,SALARIED
CUS108075,30,50800,31,39,744,0,4500,0.089,SALARIED
CUS108076,27,82600,45,70,691,1,13700,0.166,SALARIED
CUS108077,21,141300,14,77,646,1,17200,0.122,SALARIED
CUS108078,56,180800,20,39,652,1,85700,0.474,SALARIED
CUS108079,41,66800,50,108,761,0,11900,0.178,SALARIED
CUS108080,57,91300,37,36,649,1,7800,0.085,SALARIED
CUS108081,44,85700,62,93,735,0,6400,0.075,SALARIED
CUS108082,45,48600,60,33,718,0,6800,0.14,SALARIED
CUS108083,27,74700,37,49,701,1,4800,0.064,SALARIED
CUS108084,37,41800,42,80,772,1,2000,0.048,SALARIED
CUS108085,49,78800,81,117,716,1,800,0.03,SALARIED
CUS108086,50,53300,61,127,711,0,17400,0.326,SALARIED
CUS108087,27,91800,72,36,730,0,10900,0.119,SALARIED
CUS108088,53,73900,48,78,728,1,3500,0.047,SALARIED
CUS108089,27,73400,25,83,744,3,7400,0.101,SALARIED
CUS108090,44,171000,90,43,798,2,48300,0.282,SALARIED
CUS108091,31,87800,39,49,722,1,20700,0.236,SALARIED
CUS108092,29,197900,32,72,770,1,139000,0.702,SALARIED
CUS108093,32,103900,28,44,704,1,7600,0.073,SALARIED
CUS108094,55,122700,21,86,685,2,23300,0.19,SALARIED
CUS108095,24,57500,27,79,742,0,6800,0.118,SALARIED
CUS108096,56,62200,26,29,727,2,12800,0.206,SALARIED
CUS108097,48,85700,10,58,696,3,19200,0.224,SALARIED
CUS108098,33,146700,47,55,767,0,55400,0.378,SALARIED
CUS108099,43,72200,8,89,638,0,21800,0.302,SALARIED
CUS108100,39,44600,50,59,755,0,3300,0.074,SALARIED
CUS108101,57,101700,34,92,714,3,41500,0.408,SALARIED
CUS108102,59,87500,42,154,705,1,11700,0.134,SALARIED
CUS108103,44,66300,44,98,827,0,11500,0.173,SALARIED
CUS108104,36,71900,62,61,796,0,4100,0.057,SALARIED
CUS108105,53,57400,34,49,766,1,5500,0.096,SALARIED
CUS108106,32,128800,46,43,699,1,25500,0.198,SALARIED
CUS108107,54,85900,97,50,640,1,27400,0.319,SALARIED
CUS108108,27,94700,38,63,836,3,5300,0.056,SALARIED
CUS108109,31,65000,112,103,660,0,9400,0.145,SALARIED
CUS108110,51,155100,55,78,800,2,28000,0.181,SALARIED
CUS108111,49,93900,14,41,750,1,5100,0.054,SALARIED
CUS108112,33,32400,25,90,726,2,2700,0.083,SALARIED
CUS108113,51,104500,75,79,732,1,10000,0.096,SALARIED
CUS108114,22,75500,51,62,787,4,16900,0.224,SALARIED
CUS108115,59,79000,45,121,826,1,17300,0.219,SALARIED
CUS108116,35,132900,58,45,795,1,7700,0.058,SALARIED
CUS108117,31,88500,35,107,756,0,15600,0.176,SALARIED
CUS108118,54,183700,39,46,850,1,34600,0.188,SALARIED
CUS108119,59,89100,24,67,773,0,12600,0.141,SALARIED
CUS108120,24,68900,14,40,717,0,29900,0.434,SALARIED
CUS108121,31,37600,23,29,783,1,13300,0.354,SALARIED
CUS108122,49,61500,22,68,742,1,22200,0.361,SALARIED
CUS108123,22,73500,17,90,761,1,33100,0.45,SALARIED
CUS108124,36,164400,27,49,792,0,40300,0.245,SALARIED
CUS108125,59,69100,65,20,763,0,8100,0.117,SALARIED
CUS108126,33,178000,57,59,749,0,15200,0.085,SALARIED
CUS108127,57,50700,51,124,705,0,6700,0.132,SALARIED
CUS108128,37,60000,57,94,850,3,15200,0.253,SALARIED
CUS108129,41,141100,67,79,755,3,3000,0.03,SALARIED
CUS108130,39,65000,33,10,733,2,15600,0.24,SALARIED
CUS108131,27,139400,41,150,779,3,74900,0.537,SALARIED
CUS108132,58,58600,15,59,799,1,13000,0.222,SALARIED
CUS108133,28,61300,29,51,745,0,19500,0.318,SALARIED
CUS108134,33,113500,58,44,688,1,51300,0.452,SALARIED
CUS108135,57,59000,41,59,711,2,2800,0.047,SALARIED
CUS108136,22,75100,64,54,668,0,31300,0.417,SALARIED
CUS108137,31,101500,37,125,724,1,5500,0.054,SALARIED
CUS108138,44,75900,53,174,736,1,16200,0.213,SALARIED
CUS108139,26,66000,10,76,725,3,1500,0.03,SALARIED
CUS108140,46,49400,64,81,795,3,700,0.03,SALARIED
CUS108141,27,163200,54,82,668,0,29500,0.181,SALARIED
CUS108142,59,177500,26,158,763,1,27300,0.154,SALARIED
CUS108143,39,98600,24,24,677,3,15600,0.158,SALARIED
CUS108144,26,76600,53,25,797,0,11400,0.149,SALARIED
CUS108145,49,78500,113,21,624,0,2400,0.031,SALARIED
CUS108146,59,123600,28,114,745,2,17600,0.142,SALARIED
CUS108147,22,135200,28,48,789,1,7100,0.053,SALARIED
CUS108148,39,66700,16,44,757,0,15400,0.231,SALARIED
CUS108149,24,137900,30,85,675,1,4500,0.033,SALARIED
CUS108150,26,112100,22,88,761,2,34000,0.303,SALARIED
CUS108151,57,136800,33,92,743,2,5300,0.039,SALARIED
CUS108152,48,41300,28,20,644,2,2500,0.061,SALARIED
CUS108153,50,70400,27,64,689,3,16300,0.232,SALARIED
CUS108154,27,78600,43,63,701,3,34400,0.438,SALARIED
CUS108155,29,68800,35,64,661,2,26400,0.384,SALARIED
CUS108156,45,201400,69,99,751,3,71700,0.356,SALARIED
CUS108157,53,70700,56,80,850,3,9600,0.136,SALARIED
CUS108158,21,104900,33,38,734,2,13600,0.13,SALARIED
CUS108159,26,91100,22,98,697,1,12900,0.142,SALARIED
CUS108160,38,74600,45,95,708,2,27600,0.37,SALARIED
CUS108161,30,61800,29,71,612,2,17100,0.277,SALARIED
CUS108162,48,214400,24,61,644,0,64600,0.301,SALARIED
CUS108163,31,76900,48,18,768,1,29200,0.38,SALARIED
CUS108164,53,126000,22,80,715,4,49800,0.395,SALARIED
CUS108165,21,84600,70,103,646,1,18600,0.22,SALARIED
CUS108166,33,69100,15,40,745,1,18700,0.271,SALARIED
CUS108167,57,89200,46,49,720,0,9300,0.104,SALARIED
CUS108168,40,97600,9,66,771,1,20400,0.209,SALARIED
CUS108169,21,68800,16,56,694,3,9500,0.138,SALARIED
CUS108170,23,60300,31,84,848,3,13200,0.219,SALARIED
CUS108171,38,105300,23,68,661,0,23600,0.224,SALARIED
CUS108172,34,89600,53,68,685,0,26000,0.29,SALARIED
CUS108173,51,63400,7,69,640,0,23700,0.374,SALARIED
CUS108174,47,55700,45,87,701,1,8500,0.153,SALARIED
CUS108175,37,99500,17,153,729,0,9600,0.096,SALARIED
CUS108176,49,35900,24,23,777,0,7500,0.209,SALARIED
CUS108177,56,75600,40,24,727,2,17200,0.228,SALARIED
CUS108178,57,90300,48,47,764,2,22800,0.252,SALARIED
CUS108179,46,185800,40,76,778,2,34300,0.185,SALARIED
CUS108180,37,85400,64,80,702,1,26800,0.314,SALARIED
CUS108181,42,74200,56,89,666,0,27400,0.369,SALARIED
CUS108182,45,96600,56,66,739,1,27500,0.285,SALARIED
CUS108183,22,61600,138,63,794,0,6500,0.106,SALARIED
CUS108184,42,77000,122,98,818,2,36000,0.468,SALARIED
CUS108185,25,86100,78,109,624,0,5700,0.066,SALARIED
CUS108186,24,112800,39,35,644,1,12100,0.107,SALARIED
CUS108187,56,62800,37,116,651,0,18600,0.296,SALARIED
CUS108188,26,84800,44,42,801,1,10100,0.119,SALARIED
CUS108189,41,38000,61,56,799,3,2800,0.074,SALARIED
CUS108190,33,107200,56,64,726,1,20400,0.19,SALARIED
CUS108191,57,76600,25,126,734,1,16000,0.209,SALARIED
CUS108192,45,198500,50,61,771,0,67000,0.338,SALARIED
CUS108193,46,99600,43,16,758,2,42800,0.43,SALARIED
CUS108194,59,57500,33,13,835,0,4600,0.08,SALARIED
CUS108195,40,52000,30,39,713,0,9200,0.177,SALARIED
CUS108196,53,114500,49,40,769,2,27500,0.24,SALARIED
CUS108197,34,190800,46,80,738,0,11300,0.059,SALARIED
CUS108198,56,166200,53,31,797,3,12900,0.078,SALARIED
CUS108199,37,49300,93,82,769,2,11500,0.233,SALARIED
CUS108200,41,93100,37,88,732,1,9400,0.101,SALARIED
CUS108201,36,141100,33,57,707,0,64300,0.456,SALARIED
CUS108202,36,46500,16,98,722,0,15700,0.338,SALARIED
CUS108203,40,135600,32,122,670,0,21000,0.155,SALARIED
CUS108204,49,62000,16,57,782,1,35400,0.571,SALARIED
CUS108205,48,77100,22,64,707,2,44200,0.573,SALARIED
CUS108206,28,96300,44,78,744,1,22600,0.235,SALARIED
CUS108207,44,137500,31,92,651,0,17500,0.127,SALARIED
CUS108208,23,169400,31,95,755,0,32900,0.194,SALARIED
CUS108209,45,73500,11,96,708,1,11200,0.152,SALARIED
CUS108210,39,68500,34,62,850,1,12800,0.187,SALARIED
CUS108211,53,66500,75,71,771,0,8800,0.132,SALARIED
CUS108212,22,120700,89,81,618,3,31000,0.257,SALARIED
CUS108213,35,133000,34,63,802,1,16000,0.12,SALARIED
CUS108214,42,127100,70,127,747,1,51100,0.402,SALARIED
CUS108215,30,96000,84,75,648,0,24400,0.254,SALARIED
CUS108216,38,100300,85,62,668,1,3400,0.034,SALARIED
CUS108217,42,76600,54,69,677,3,9800,0.128,SALARIED
CUS108218,47,79900,24,48,816,0,42000,0.526,SALARIED
CUS108219,33,124800,49,27,663,1,33200,0.266,SALARIED
CUS108220,53,95700,19,64,737,1,18500,0.193,SALARIED
CUS108221,25,68700,25,89,686,0,2400,0.035,SALARIED
CUS108222,46,139400,17,36,699,1,25200,0.181,SALARIED
CUS108223,33,64700,27,68,758,2,6000,0.093,SALARIED
CUS108224,47,90800,88,59,761,0,18300,0.202,SALARIED
CUS108225,34,48600,25,68,672,0,3700,0.076,SALARIED
CUS108226,44,55500,22,98,621,3,19000,0.342,SALARIED
CUS108227,23,85700,68,73,664,2,6100,0.071,SALARIED
CUS108228,50,62100,18,42,714,0,17300,0.279,SALARIED
CUS108229,55,76700,69,72,766,0,14100,0.184,SALARIED
CUS108230,34,146700,18,33,762,2,19100,0.13,SALARIED
CUS108231,32,80400,32,38,815,3,9700,0.121,SALARIED
CUS108232,48,127400,103,126,771,1,19500,0.153,SALARIED
CUS108233,49,59800,32,30,694,2,9700,0.162,SALARIED
CUS108234,37,108800,40,101,751,4,6100,0.056,SALARIED
CUS108235,60,54200,12,100,624,2,8700,0.161,SALARIED
CUS108236,41,76000,126,25,772,0,40200,0.529,SALARIED
CUS108237,43,110800,32,27,772,1,10800,0.097,SALARIED
CUS108238,40,85500,15,86,673,1,27700,0.324,SALARIED
CUS108239,31,129900,84,36,834,2,19800,0.152,SALARIED
CUS108240,54,114800,17,115,779,1,7400,0.064,SALARIED
CUS108241,30,74000,32,114,808,1,5300,0.072,SALARIED
CUS108242,30,152400,89,143,792,2,20900,0.137,SALARIED
CUS108243,26,103400,41,65,699,1,24400,0.236,SALARIED
CUS108244,56,76200,45,148,708,2,29600,0.388,SALARIED
CUS108245,44,90800,37,131,687,4,23000,0.253,SALARIED
CUS108246,32,88500,58,70,604,0,9200,0.104,SALARIED
CUS108247,43,93100,109,46,769,3,20400,0.219,SALARIED
CUS108248,47,79700,25,61,808,1,9000,0.113,SALARIED
CUS108249,57,100500,70,91,730,1,19900,0.198,SALARIED
CUS108250,26,121300,46,87,850,1,13000,0.107,SALARIED
CUS108251,21,102900,44,81,703,2,18200,0.177,SALARIED
CUS108252,26,101400,39,46,665,1,23000,0.227,SALARIED
CUS108253,42,81200,46,39,756,1,33700,0.415,SALARIED
CUS108254,44,57000,42,50,739,0,13700,0.24,SALARIED
CUS108255,45,51100,25,30,784,1,10700,0.209,SALARIED
CUS108256,35,61800,19,36,757,2,6600,0.107,SALARIED
CUS108257,46,70400,43,52,805,0,10600,0.151,SALARIED
CUS108258,28,180400,25,25,650,1,12500,0.069,SALARIED
CUS108259,44,149300,20,18,734,0,31300,0.21,SALARIED
CUS108260,58,65100,16,42,715,2,7800,0.12,SALARIED
CUS108261,26,104100,39,80,784,0,16600,0.159,SALARIED
CUS108262,55,82500,31,87,690,1,4800,0.058,SALARIED
CUS108263,21,94500,77,45,681,0,9200,0.097,SALARIED
CUS108264,56,66400,60,91,732,1,12900,0.194,SALARIED
CUS108265,32,233100,48,81,748,1,29500,0.127,SALARIED
CUS108266,58,196700,40,39,762,1,22200,0.113,SALARIED
CUS108267,31,74500,92,143,685,2,7800,0.105,SALARIED
CUS108268,32,65000,16,142,777,0,8500,0.131,SALARIED
CUS108269,59,128900,71,98,668,1,15300,0.119,SALARIED
CUS108270,27,49300,49,44,696,0,4900,0.099,SALARIED
CUS108271,31,124400,34,48,729,0,48500,0.39,SALARIED
CUS108272,56,89900,24,51,792,0,8100,0.09,SALARIED
CUS108273,51,44600,30,108,665,0,2000,0.045,SALARIED
CUS108274,53,79400,18,73,781,1,32300,0.407,SALARIED
CUS108275,33,63300,27,106,733,0,8500,0.134,SALARIED
CUS108276,38,91400,19,97,762,2,7600,0.083,SALARIED
CUS108277,44,87200,32,49,697,0,7400,0.085,SALARIED
CUS108278,29,46400,35,49,728,0,6900,0.149,SALARIED
CUS108279,51,73100,89,125,755,0,8800,0.12,SALARIED
CUS108280,30,110100,30,70,835,2,20700,0.188,SALARIED
CUS108281,22,119000,13,95,656,2,12400,0.104,SALARIED
CUS108282,58,72200,134,107,700,1,20900,0.289,SALARIED
CUS108283,35,104400,38,60,705,3,25000,0.239,SALARIED
CUS108284,23,95800,47,52,747,0,33500,0.35,SALARIED
CUS108285,51,83000,63,19,652,2,9500,0.114,SALARIED
CUS108286,26,104700,39,30,660,1,32700,0.312,SALARIED
CUS108287,23,56100,17,24,840,1,9100,0.162,SALARIED
CUS108288,31,85000,8,145,725,1,2600,0.031,SALARIED
CUS108289,35,41300,43,103,710,1,3100,0.075,SALARIED
CUS108290,48,83000,32,53,850,1,9000,0.108,SALARIED
CUS108291,30,161400,50,52,708,1,9200,0.057,SALARIED
CUS108292,58,73600,31,37,710,1,12800,0.174,SALARIED
CUS108293,27,154300,125,114,741,1,19900,0.129,SALARIED
CUS108294,35,74100,72,73,781,1,15100,0.204,SALARIED
CUS108295,38,52200,35,69,646,2,10800,0.207,SALARIED
CUS108296,38,114700,17,33,840,3,1600,0.03,SALARIED
CUS108297,44,104700,80,86,785,1,11800,0.113,SALARIED
CUS108298,22,241300,21,129,770,1,83900,0.348,SALARIED
CUS108299,60,54700,14,35,702,0,17900,0.327,SALARIED
CUS108300,40,99800,71,42,729,3,38000,0.381,SALARIED
CUS108301,54,101400,47,58,775,0,16900,0.167,SALARIED
CUS108302,46,136800,12,71,704,1,22000,0.161,SALARIED
CUS108303,27,107900,36,127,790,5,9600,0.089,SALARIED
CUS108304,58,74700,63,61,744,0,2800,0.037,SALARIED
CUS108305,50,52500,47,45,651,2,9900,0.189,SALARIED
CUS108306,25,99300,53,88,681,0,2700,0.03,SALARIED
CUS108307,31,100600,60,81,702,1,38800,0.386,SALARIED
CUS108308,21,112900,37,85,722,1,37000,0.328,SALARIED
CUS108309,54,74600,22,54,727,0,3600,0.048,SALARIED
CUS108310,21,96300,28,48,702,2,14900,0.155,SALARIED
CUS108311,39,42400,52,112,697,0,8400,0.198,SALARIED
CUS108312,22,53500,34,40,726,1,7400,0.138,SALARIED
CUS108313,41,129500,62,54,724,3,26000,0.201,SALARIED
CUS108314,40,92200,58,98,662,1,35400,0.384,SALARIED
CUS108315,43,105300,17,74,740,1,12500,0.119,SALARIED
CUS108316,41,64900,32,41,766,2,2300,0.035,SALARIED
CUS108317,44,61300,31,86,750,0,3800,0.062,SALARIED
CUS108318,24,70200,28,51,711,3,13900,0.198,SALARIED
CUS108319,32,94600,19,89,752,1,11300,0.119,SALARIED
CUS108320,42,115700,32,42,755,0,21500,0.186,SALARIED
CUS108321,40,76000,25,80,761,0,18900,0.249,SALARIED
CUS108322,38,40300,33,145,762,1,3500,0.087,SALARIED
CUS108323,21,101800,13,101,761,1,26700,0.262,SALARIED
CUS108324,50,95900,36,119,659,1,5600,0.058,SALARIED
CUS108325,53,105500,105,66,709,1,2100,0.03,SALARIED
CUS108326,44,125000,80,68,683,2,15200,0.122,SALARIED
CUS108327,34,120600,29,79,648,1,22800,0.189,SALARIED
CUS108328,56,156800,47,28,630,1,12100,0.077,SALARIED
CUS108329,25,86100,71,50,814,0,6000,0.07,SALARIED
CUS108330,31,70000,54,62,718,0,20000,0.286,SALARIED
CUS108331,44,135800,32,35,818,2,30500,0.225,SALARIED
CUS108332,51,127900,78,74,806,1,12900,0.101,SALARIED
CUS108333,33,76500,74,125,696,2,9400,0.123,SALARIED
CUS108334,36,139800,54,56,771,0,45000,0.322,SALARIED
CUS108335,44,87900,13,88,799,0,24200,0.275,SALARIED
CUS108336,33,151000,53,45,729,1,23600,0.156,SALARIED
CUS108337,44,185100,1,107,772,1,30800,0.166,SALARIED
CUS108338,46,279000,91,59,755,1,40100,0.144,SALARIED
CUS108339,22,87400,73,69,820,2,26200,0.3,SALARIED
CUS108340,36,160700,74,27,720,1,14700,0.091,SALARIED
CUS108341,58,124800,45,118,769,1,22700,0.182,SALARIED
CUS108342,21,130200,32,63,713,0,34200,0.263,SALARIED
CUS108343,31,102900,78,37,680,3,8300,0.081,SALARIED
CUS108344,55,130400,60,56,665,0,13600,0.104,SALARIED
CUS108345,49,45800,41,20,788,4,7800,0.17,SALARIED
CUS108346,57,83900,35,48,782,2,13000,0.155,SALARIED
CUS108347,37,63300,67,83,766,1,18400,0.291,SALARIED
CUS108348,59,61000,48,115,781,2,10700,0.175,SALARIED
CUS108349,48,44600,12,74,736,0,5200,0.117,SALARIED
CUS108350,49,67100,109,54,737,0,12200,0.182,SALARIED
CUS108351,23,78600,76,20,770,2,8500,0.108,SALARIED
CUS108352,30,92400,86,111,752,2,20400,0.221,SALARIED
CUS108353,34,84500,51,31,692,2,4700,0.056,SALARIED
CUS108354,32,136500,34,61,762,0,24700,0.181,SALARIED
CUS108355,50,56800,37,64,782,0,13600,0.239,SALARIED
CUS108356,52,35400,73,44,704,2,4700,0.133,SALARIED
CUS108357,52,108000,52,65,727,0,5600,0.052,SALARIED
CUS108358,52,83200,23,53,819,0,11200,0.135,SALARIED
CUS108359,46,82500,34,64,718,1,6900,0.084,SALARIED
CUS108360,21,61700,19,26,701,2,7900,0.128,SALARIED
CUS108361,22,128000,14,179,821,0,43500,0.34,SALARIED
CUS108362,37,70400,22,57,727,0,19300,0.274,SALARIED
CUS108363,50,57100,13,70,776,2,9300,0.163,SALARIED
CUS108364,59,180600,37,78,661,0,14100,0.078,SALARIED
CUS108365,27,116000,50,90,735,5,25200,0.217,SALARIED
CUS108366,47,83500,48,42,714,1,3900,0.047,SALARIED
CUS108367,29,30000,56,85,777,1,3500,0.117,SALARIED
CUS108368,42,76500,20,133,781,1,25600,0.335,SALARIED
CUS108369,54,84200,20,87,672,1,13300,0.158,SALARIED
CUS108370,21,164200,34,93,793,0,20700,0.126,SALARIED
CUS108371,29,38700,21,86,769,1,13700,0.354,SALARIED
CUS108372,40,171500,16,59,801,1,16800,0.098,SALARIED
CUS108373,39,103500,61,92,779,2,36200,0.35,SALARIED
CUS108374,56,49400,51,19,797,4,17100,0.346,SALARIED
CUS108375,60,128700,40,89,666,3,23800,0.185,SALARIED
CUS108376,24,76200,19,47,753,1,6200,0.081,SALARIED
CUS108377,29,40200,62,61,830,2,7500,0.187,SALARIED
CUS108378,42,69600,44,58,722,1,27200,0.391,SALARIED
CUS108379,38,95300,58,66,752,0,17100,0.179,SALARIED
CUS108380,32,87400,39,27,745,0,17800,0.204,SALARIED
CUS108381,59,113500,35,42,810,2,39300,0.346,SALARIED
CUS108382,29,139300,60,72,767,1,5800,0.042,SALARIED
CUS108383,26,51800,120,42,635,1,13900,0.268,SALARIED
CUS108384,39,84200,47,76,715,1,25500,0.303,SALARIED
CUS108385,27,64600,73,116,686,2,4200,0.065,SALARIED
CUS108386,36,48500,62,63,734,2,7500,0.155,SALARIED
CUS108387,25,83000,87,69,724,0,10800,0.13,SALARIED
CUS108388,36,103200,47,29,760,2,2000,0.03,SALARIED
CUS108389,21,106000,66,96,849,3,24100,0.227,SALARIED
CUS108390,57,71200,45,19,706,3,21400,0.301,SALARIED
CUS108391,59,54000,11,55,635,0,12100,0.224,SALARIED
CUS108392,39,63600,47,61,737,2,1700,0.03,SALARIED
CUS108393,57,36500,49,28,720,0,2300,0.063,SALARIED
CUS108394,37,49800,35,32,691,0,6500,0.131,SALARIED
CUS108395,46,51800,17,27,730,0,19600,0.378,SALARIED
CUS108396,42,124300,100,42,658,2,7400,0.06,SALARIED
CUS108397,28,124300,9,50,699,0,18100,0.146,SALARIED
CUS108398,53,221600,34,28,679,1,12000,0.054,SALARIED
CUS108399,22,94700,32,43,671,0,30500,0.322,SALARIED
CUS108400,50,68400,44,38,739,0,23600,0.345,SALARIED
CUS108401,40,85500,26,33,715,0,23800,0.278,SALARIED
CUS108402,38,78800,35,128,787,2,28600,0.363,SALARIED
CUS108403,30,64000,90,81,762,0,25800,0.403,SALARIED
CUS108404,44,98200,68,26,755,1,23900,0.243,SALARIED
CUS108405,24,92700,22,96,819,2,41700,0.45,SALARIED
CUS108406,57,81900,43,132,714,1,21500,0.263,SALARIED
CUS108407,24,74500,98,144,808,1,9700,0.13,SALARIED
CUS108408,33,113000,24,96,738,1,4400,0.039,SALARIED
CUS108409,45,66300,31,102,760,1,9400,0.142,SALARIED
CUS108410,33,70900,48,41,823,2,22900,0.323,SALARIED
CUS108411,38,105300,56,58,804,2,16300,0.155,SALARIED
CUS108412,44,134000,52,33,727,1,39900,0.298,SALARIED
CUS108413,22,128600,21,82,764,3,26500,0.206,SALARIED
CUS108414,53,75600,34,33,714,1,21800,0.288,SALARIED
CUS108415,39,48100,6,60,763,0,3700,0.077,SALARIED
CUS108416,29,74600,31,82,774,0,8500,0.114,SALARIED
CUS108417,48,87900,41,180,690,3,15700,0.179,SALARIED
CUS108418,55,51500,20,52,722,0,16300,0.317,SALARIED
CUS108419,59,74000,58,65,838,0,1700,0.03,SALARIED
CUS108420,30,146300,26,79,746,0,54100,0.37,SALARIED
CUS108421,21,90800,80,121,764,1,35200,0.388,SALARIED
CUS108422,41,66600,24,105,742,2,4700,0.071,SALARIED
CUS108423,29,86100,70,82,678,2,8300,0.096,SALARIED
CUS108424,35,88300,84,64,621,1,3500,0.04,SALARIED
CUS108425,55,71900,8,93,761,2,32700,0.455,SALARIED
CUS108426,25,120300,31,53,651,0,16400,0.136,SALARIED
CUS108427,42,37300,65,82,725,0,700,0.03,SALARIED
CUS108428,43,105100,59,33,763,1,13500,0.128,SALARIED
CUS108429,27,65700,52,73,719,1,25500,0.388,SALARIED
CUS108430,43,136100,43,47,688,1,11800,0.087,SALARIED
CUS108431,45,47900,61,82,753,2,7200,0.15,SALARIED
CUS108432,47,129700,36,85,709,1,29200,0.225,SALARIED
CUS108433,26,59600,23,53,787,6,18200,0.305,SALARIED
CUS108434,54,98300,80,164,732,1,34600,0.352,SALARIED
CUS108435,29,69000,23,57,742,1,11800,0.171,SALARIED
CUS108436,53,141200,59,46,799,1,20500,0.145,SALARIED
CUS108437,26,78000,22,76,720,1,14100,0.181,SALARIED
CUS108438,57,61400,57,53,669,0,3800,0.062,SALARIED
CUS108439,51,159500,11,52,656,1,38600,0.242,SALARIED
CUS108440,54,74900,46,69,749,3,8700,0.116,SALARIED
CUS108441,49,107500,23,43,746,0,28300,0.263,SALARIED
CUS108442,34,129700,8,163,747,0,13800,0.106,SALARIED
CUS108443,56,57200,68,99,778,1,9100,0.159,SALARIED
CUS108444,56,102800,57,36,729,1,9800,0.095,SALARIED
CUS108445,35,109200,39,26,850,2,8000,0.073,SALARIED
CUS108446,28,42400,46,46,771,1,4500,0.106,SALARIED
CUS108447,46,98300,36,114,723,3,12600,0.128,SALARIED
CUS108448,56,72500,39,119,651,0,29400,0.406,SALARIED
CUS108449,41,176200,38,137,695,0,72400,0.411,SALARIED
CUS108450,48,125500,37,53,804,2,5800,0.046,SALARIED
CUS108451,24,103600,36,51,813,1,12100,0.117,SALARIED
CUS108452,36,33900,33,59,798,2,7100,0.209,SALARIED
CUS108453,42,103800,71,35,691,1,40200,0.387,SALARIED
CUS108454,32,60400,21,114,740,0,6700,0.111,SALARIED
CUS108455,36,125900,50,19,762,1,27500,0.218,SALARIED
CUS108456,60,79100,37,68,811,1,11100,0.14,SALARIED
CUS108457,58,67300,63,18,748,1,8800,0.131,SALARIED
CUS108458,57,69800,38,111,710,1,20200,0.289,SALARIED
CUS108459,49,72000,23,67,678,1,14300,0.199,SALARIED
CUS108460,38,46400,39,59,768,1,8500,0.183,SALARIED
CUS108461,30,49200,67,66,626,2,6600,0.134,SALARIED
CUS108462,59,73100,45,28,738,2,14800,0.202,SALARIED
CUS108463,38,171100,13,43,802,2,5800,0.034,SALARIED
CUS108464,21,117200,25,73,763,2,17600,0.15,SALARIED
CUS108465,59,122100,74,29,764,1,13400,0.11,SALARIED
CUS108466,41,145700,71,90,675,0,25200,0.173,SALARIED
CUS108467,21,96500,51,82,662,0,14100,0.146,SALARIED
CUS108468,35,69200,17,48,719,0,7900,0.114,SALARIED
CUS108469,24,70600,21,113,687,1,20400,0.289,SALARIED
CUS108470,40,58600,24,144,723,1,10300,0.176,SALARIED
CUS108471,30,122400,27,84,773,1,44500,0.364,SALARIED
CUS108472,43,55800,22,61,760,1,8400,0.151,SALARIED
CUS108473,54,217700,23,37,717,2,6800,0.031,SALARIED
CUS108474,53,56600,96,72,722,1,13400,0.237,SALARIED
CUS108475,54,147400,76,55,710,3,14400,0.098,SALARIED
CUS108476,59,147700,11,112,761,1,11600,0.079,SALARIED
CUS108477,30,112600,51,159,850,1,22600,0.201,SALARIED
CUS108478,40,176300,52,22,699,2,42100,0.239,SALARIED
CUS108479,21,77800,5,125,693,0,1800,0.03,SALARIED
CUS108480,33,90100,54,59,743,0,37900,0.421,SALARIED
CUS108481,21,94000,4,98,679,2,27400,0.291,SALARIED
CUS108482,25,110900,34,70,765,1,30900,0.279,SALARIED
CUS108483,36,37500,24,100,850,1,9000,0.24,SALARIED
CUS108484,35,81000,75,70,848,0,24500,0.302,SALARIED
CUS108485,48,125100,15,53,712,0,21700,0.173,SALARIED
CUS108486,51,71900,55,28,683,1,11100,0.154,SALARIED
CUS108487,43,205300,100,68,791,3,35300,0.172,SALARIED
CUS108488,37,90000,39,80,778,0,17500,0.194,SALARIED
CUS108489,54,107100,33,138,761,0,7400,0.069,SALARIED
CUS108490,33,170800,42,28,727,3,26200,0.153,SALARIED
CUS108491,34,90100,42,90,764,1,18000,0.2,SALARIED
CUS108492,31,169600,11,49,722,1,26900,0.159,SALARIED
CUS108493,48,110500,26,68,772,0,50200,0.454,SALARIED
CUS108494,52,110600,21,92,754,3,33600,0.304,SALARIED
CUS108495,55,57000,48,27,730,1,6500,0.114,SALARIED
CUS108496,51,139800,52,108,779,1,17500,0.125,SALARIED
CUS108497,37,64700,46,17,669,0,19800,0.306,SALARIED
CUS108498,29,78200,54,68,781,1,13700,0.175,SALARIED
CUS108499,30,149800,35,152,785,0,28900,0.193,SALARIED
CUS108500,28,72100,37,102,689,3,5200,0.072,SALARIED
CUS108501,41,99400,78,81,686,2,10300,0.104,SALARIED
CUS108502,33,83000,104,48,640,3,6800,0.082,SALARIED
CUS108503,25,84300,48,35,783,0,20600,0.244,SALARIED
CUS108504,26,79500,44,67,738,1,20100,0.253,SALARIED
CUS108505,50,53300,41,71,679,0,9200,0.173,SALARIED
CUS108506,51,108600,43,23,791,4,10500,0.097,SALARIED
CUS108507,37,113100,76,66,713,1,6000,0.053,SALARIED
CUS108508,31,65400,66,127,696,1,4400,0.067,SALARIED
CUS108509,40,69700,34,73,802,2,8900,0.128,SALARIED
CUS108510,29,128200,20,25,687,1,53300,0.416,SALARIED
CUS108511,22,75500,26,46,730,0,10200,0.135,SALARIED
CUS108512,57,88600,59,20,718,1,16000,0.181,SALARIED
CUS108513,21,57200,53,69,722,1,6800,0.119,SALARIED
CUS108514,24,82600,35,88,697,1,15300,0.185,SALARIED
CUS108515,56,57300,21,116,787,0,17800,0.311,SALARIED
CUS108516,45,64700,37,68,726,0,16300,0.252,SALARIED
CUS108517,23,60300,25,104,713,0,23000,0.381,SALARIED
CUS108518,29,125400,54,68,732,4,1700,0.03,SALARIED
CUS108519,42,46700,44,41,698,1,13100,0.281,SALARIED
CUS108520,43,95800,39,84,769,1,18400,0.192,SALARIED
CUS108521,32,76900,31,75,721,1,19400,0.252,SALARIED
CUS108522,30,159300,30,41,795,0,34100,0.214,SALARIED
CUS108523,54,120700,38,71,850,1,36200,0.3,SALARIED
CUS108524,30,48700,46,55,688,4,8600,0.177,SALARIED
CUS108525,50,66100,86,60,619,2,5400,0.082,SALARIED
CUS108526,42,84500,45,29,726,1,6100,0.072,SALARIED
CUS108527,26,66000,32,30,690,1,19100,0.289,SALARIED
CUS108528,22,127900,28,81,686,3,65400,0.511,SALARIED
CUS108529,50,91800,59,24,700,3,21900,0.239,SALARIED
CUS108530,22,77900,63,88,753,1,4900,0.063,SALARIED
CUS108531,52,132200,12,30,623,1,48100,0.364,SALARIED
CUS108532,36,50000,10,58,792,5,4000,0.08,SALARIED
CUS108533,32,75400,76,39,808,1,14300,0.19,SALARIED
CUS108534,21,95000,42,113,685,1,6000,0.063,SALARIED
CUS108535,28,79800,8,34,690,0,11800,0.148,SALARIED
CUS108536,33,30000,19,56,735,3,19300,0.643,SALARIED
CUS108537,35,99000,23,82,721,1,14600,0.147,SALARIED
CUS108538,28,106600,43,50,733,1,33100,0.311,SALARIED
CUS108539,30,53900,53,79,734,1,9300,0.173,SALARIED
CUS108540,25,31800,25,51,696,1,6800,0.214,SALARIED
CUS108541,39,62700,20,60,729,3,8700,0.139,SALARIED
CUS108542,58,77600,50,65,690,3,12600,0.162,SALARIED
CUS108543,31,80900,45,94,764,0,25500,0.315,SALARIED
CUS108544,40,35100,42,134,705,1,6500,0.185,SALARIED
CUS108545,40,93100,65,84,660,0,18100,0.194,SALARIED
CUS108546,41,135100,32,60,653,1,31600,0.234,SALARIED
CUS108547,38,130700,24,66,736,1,7000,0.054,SALARIED
CUS108548,30,147300,38,93,731,0,21600,0.147,SALARIED
CUS108549,54,49200,24,119,694,3,2800,0.057,SALARIED
CUS108550,46,126200,68,149,782,0,15800,0.125,SALARIED
CUS108551,50,55800,10,22,820,1,28400,0.509,SALARIED
CUS108552,29,121200,32,23,803,3,9900,0.082,SALARIED
CUS108553,51,61000,60,70,815,1,27700,0.454,SALARIED
CUS108554,24,99600,29,42,787,1,19300,0.194,SALARIED
CUS108555,26,169600,45,21,773,2,83700,0.494,SALARIED
CUS108556,34,129300,54,97,777,1,35800,0.277,SALARIED
CUS108557,24,56100,27,152,772,0,7200,0.128,SALARIED
CUS108558,46,50900,78,81,741,2,3800,0.075,SALARIED
CUS108559,59,120500,81,112,753,2,4400,0.037,SALARIED
CUS108560,37,153900,110,88,748,2,11100,0.072,SALARIED
CUS108561,39,103100,81,19,840,1,14700,0.143,SALARIED
CUS108562,26,67500,73,58,739,2,26900,0.399,SALARIED
CUS108563,49,86600,25,54,742,0,38100,0.44,SALARIED
CUS108564,31,103300,45,119,796,2,16900,0.164,SALARIED
CUS108565,36,81600,3,81,756,1,3100,0.038,SALARIED
CUS108566,50,56200,93,55,770,1,13700,0.244,SALARIED
CUS108567,45,137200,63,119,742,0,36600,0.267,SALARIED
CUS108568,60,197900,57,101,739,0,48100,0.243,SALARIED
CUS108569,31,161500,10,34,787,1,31500,0.195,SALARIED
CUS108570,27,32000,54,67,642,1,10900,0.341,SALARIED
CUS108571,46,143000,22,56,747,0,3100,0.03,SALARIED
CUS108572,42,110300,28,32,639,0,36400,0.33,SALARIED
CUS108573,45,63200,67,31,642,2,13300,0.21,SALARIED
CUS108574,39,35200,11,75,612,4,10300,0.293,SALARIED
CUS108575,51,80800,37,59,764,0,900,0.03,SALARIED
CUS108576,46,100100,28,43,667,4,27600,0.276,SALARIED
CUS108577,56,51700,65,51,699,3,13800,0.267,SALARIED
CUS108578,43,148000,38,89,781,2,24900,0.168,SALARIED
CUS108579,33,146400,45,125,715,2,29000,0.198,SALARIED
CUS108580,45,104900,31,43,705,0,25600,0.244,SALARIED
CUS108581,22,45800,93,59,799,2,14700,0.321,SALARIED
CUS108582,22,75500,32,76,759,0,36800,0.487,SALARIED
CUS108583,36,117700,19,37,712,3,10600,0.09,SALARIED
CUS108584,29,114300,18,142,753,3,22100,0.193,SALARIED
CUS108585,48,62100,33,45,671,0,8500,0.137,SALARIED
CUS108586,33,66300,36,32,700,2,18100,0.273,SALARIED
CUS108587,55,61300,6,43,817,1,8100,0.132,SALARIED
CUS108588,33,74800,142,36,661,3,16200,0.217,SALARIED
CUS108589,51,68300,26,81,697,0,5900,0.086,SALARIED
CUS108590,41,62900,6,20,713,3,27000,0.429,SALARIED
CUS108591,52,79900,52,80,700,3,28400,0.355,SALARIED
CUS108592,54,86500,47,35,754,1,17000,0.197,SALARIED
CUS108593,28,138600,42,72,743,3,40500,0.292,SALARIED
CUS108594,22,38100,39,64,764,4,1000,0.03,SALARIED
CUS108595,58,147100,31,30,771,1,18700,0.127,SALARIED
CUS108596,52,60700,33,66,764,3,25300,0.417,SALARIED
CUS108597,60,196300,10,75,810,1,49500,0.252,SALARIED
CUS108598,48,115100,65,66,788,1,13500,0.117,SALARIED
CUS108599,57,108700,36,33,722,1,18500,0.17,SALARIED
CUS108600,21,81100,94,112,814,0,19600,0.242,SALARIED
CUS108601,30,215100,51,123,702,2,8600,0.04,SALARIED
CUS108602,24,83800,81,86,711,2,9800,0.117,SALARIED
CUS108603,55,167800,6,71,739,0,21600,0.129,SALARIED
CUS108604,30,65600,11,54,780,1,4700,0.072,SALARIED
CUS108605,31,117300,19,36,751,1,23400,0.199,SALARIED
CUS108606,34,199700,45,96,727,5,31500,0.158,SALARIED
CUS108607,58,58000,24,94,727,3,6300,0.109,SALARIED
CUS108608,32,106000,55,71,798,2,7200,0.068,SALARIED
CUS108609,37,61900,73,95,731,0,21600,0.349,SALARIED
CUS108610,36,103100,81,17,774,1,18700,0.181,SALARIED
CUS108611,55,199300,64,139,612,0,105600,0.53,SALARIED
CUS108612,22,55800,19,56,633,0,12500,0.224,SALARIED
CUS108613,31,91200,18,42,806,0,14200,0.156,SALARIED
CUS108614,23,58400,75,82,603,2,14200,0.243,SALARIED
CUS108615,49,80200,30,94,634,0,15700,0.196,SALARIED
CUS108616,38,112400,57,43,735,1,15600,0.139,SALARIED
CUS108617,40,74300,55,120,783,0,300,0.03,SALARIED
CUS108618,34,172600,13,105,615,3,52400,0.304,SALARIED
CUS108619,54,105700,20,162,733,1,10700,0.101,SALARIED
CUS108620,51,46900,121,120,777,2,4700,0.1,SALARIED
CUS108621,60,98200,53,90,705,1,26100,0.266,SALARIED
CUS108622,38,164000,71,44,719,0,6400,0.039,SALARIED
CUS108623,50,108500,24,64,779,0,7000,0.065,SALARIED
CUS108624,45,95600,34,60,745,1,7600,0.079,SALARIED
CUS108625,39,74300,10,39,729,2,16400,0.221,SALARIED
CUS108626,28,81400,52,164,690,2,7200,0.088,SALARIED
CUS108627,48,85400,143,38,696,2,13400,0.157,SALARIED
CUS108628,28,30000,36,31,751,4,11900,0.397,SALARIED
CUS108629,51,104700,46,64,718,0,23100,0.221,SALARIED
CUS108630,23,133100,25,76,683,3,40900,0.307,SALARIED
CUS108631,23,60700,128,159,670,0,21900,0.361,SALARIED
CUS108632,42,94400,19,39,612,3,38800,0.411,SALARIED
CUS108633,37,99700,32,40,696,3,34200,0.343,SALARIED
CUS108634,56,122400,32,99,734,0,42700,0.349,SALARIED
CUS108635,37,85500,59,102,803,0,7800,0.091,SALARIED
CUS108636,34,108400,32,78,782,1,30900,0.285,SALARIED
CUS108637,29,50400,84,69,714,2,26300,0.522,SALARIED
CUS108638,50,53900,31,79,708,0,2000,0.037,SALARIED
CUS108639,41,103200,57,42,701,4,29100,0.282,SALARIED
CUS108640,32,76700,56,31,646,1,14300,0.186,SALARIED
CUS108641,57,41700,40,43,663,0,14500,0.348,SALARIED
CUS108642,52,99400,25,39,711,1,47000,0.473,SALARIED
CUS108643,31,47900,26,96,724,1,9900,0.207,SALARIED
CUS108644,40,286800,42,38,713,5,60200,0.21,SALARIED
CUS108645,55,31900,26,40,671,1,7200,0.226,SALARIED
CUS108646,31,87000,61,60,707,0,25200,0.29,SALARIED
CUS108647,28,51400,77,66,682,0,12000,0.233,SALARIED
CUS108648,24,128400,82,97,802,2,27300,0.213,SALARIED
CUS108649,47,70900,51,71,777,1,5300,0.075,SALARIED
CUS108650,60,134100,130,29,725,1,21700,0.162,SALARIED
CUS108651,58,120100,99,32,799,2,12100,0.101,SALARIED
CUS108652,50,52600,32,55,757,3,8400,0.16,SALARIED
CUS108653,47,61300,43,41,744,0,22200,0.362,SALARIED
CUS108654,41,72800,27,49,739,2,24100,0.331,SALARIED
CUS108655,40,82500,40,28,650,0,7300,0.088,SALARIED
CUS108656,24,77800,10,57,759,0,29600,0.38,SALARIED
CUS108657,31,118000,14,112,786,1,32200,0.273,SALARIED
CUS108658,33,94400,30,40,766,1,5800,0.061,SALARIED
CUS108659,29,64500,103,28,740,2,27600,0.428,SALARIED
CUS108660,24,56400,25,68,755,0,7700,0.137,SALARIED
CUS108661,32,58900,31,25,766,0,7300,0.124,SALARIED
CUS108662,29,98600,10,49,782,1,33000,0.335,SALARIED
CUS108663,33,77900,49,69,762,1,20400,0.262,SALARIED
CUS108664,46,216800,30,80,811,1,91900,0.424,SALARIED
CUS108665,58,85000,67,44,708,2,36400,0.428,SALARIED
CUS108666,33,92500,53,121,721,1,19200,0.208,SALARIED
CUS108667,59,37800,50,106,779,0,3600,0.095,SALARIED
CUS108668,48,46500,17,71,764,1,3300,0.071,SALARIED
CUS108669,39,51300,28,103,757,0,12400,0.242,SALARIED
CUS108670,44,66900,49,56,799,3,15400,0.23,SALARIED
CUS108671,39,43600,72,57,660,3,13800,0.317,SALARIED
CUS108672,33,50500,26,119,758,0,13300,0.263,SALARIED
CUS108673,33,114600,42,92,706,0,8400,0.073,SALARIED
CUS108674,48,57700,64,61,774,1,8200,0.142,SALARIED
CUS108675,22,83400,56,48,706,5,13400,0.161,SALARIED
CUS108676,30,111000,10,51,786,1,24900,0.224,SALARIED
CUS108677,42,130100,54,135,801,1,12300,0.095,SALARIED
CUS108678,33,97000,26,111,697,3,50000,0.515,SALARIED
CUS108679,29,99600,12,54,669,0,52900,0.531,SALARIED
CUS108680,53,132000,25,14,755,2,3200,0.03,SALARIED
CUS108681,34,102400,46,59,804,0,25000,0.244,SALARIED
CUS108682,40,135400,78,120,818,0,26700,0.197,SALARIED
CUS108683,35,32400,13,81,830,4,2300,0.071,SALARIED
CUS108684,52,81900,28,127,683,0,12300,0.15,SALARIED
CUS108685,53,87200,62,36,717,2,24600,0.282,SALARIED
CUS108686,37,80600,7,33,695,2,39900,0.495,SALARIED
CUS108687,44,89800,66,71,727,2,35100,0.391,SALARIED
CUS108688,50,70700,27,82,746,3,6000,0.085,SALARIED
CUS108689,33,121200,71,92,784,1,22900,0.189,SALARIED
CUS108690,36,66800,30,53,768,1,15700,0.235,SALARIED
CUS108691,22,77100,38,35,803,2,26200,0.34,SALARIED
CUS108692,37,162800,28,72,715,1,4700,0.03,SALARIED
CUS108693,52,152900,34,81,814,0,38500,0.252,SALARIED
CUS108694,28,91200,40,80,733,2,22000,0.241,SALARIED
CUS108695,23,63800,40,76,756,3,19800,0.31,SALARIED
CUS108696,32,40700,43,97,820,3,4000,0.098,SALARIED
CUS108697,40,80100,39,137,632,1,23200,0.29,SALARIED
CUS108698,36,106800,76,23,739,2,24700,0.231,SALARIED
CUS108699,34,61400,33,71,639,1,16000,0.261,SALARIED
CUS108700,36,85200,43,50,656,0,16800,0.197,SALARIED
CUS108701,53,72700,21,143,738,1,12800,0.176,SALARIED
CUS108702,50,39200,25,98,682,2,4600,0.117,SALARIED
CUS108703,32,89600,28,70,759,2,18500,0.206,SALARIED
CUS108704,35,103400,20,114,739,3,14400,0.139,SALARIED
CUS108705,38,91300,51,75,695,1,38000,0.416,SALARIED
CUS108706,48,175600,16,82,649,0,45000,0.256,SALARIED
CUS108707,43,73500,44,38,798,1,2900,0.039,SALARIED
CUS108708,34,71000,58,54,744,2,17100,0.241,SALARIED
CUS108709,50,225300,19,78,688,2,22500,0.1,SALARIED
CUS108710,53,48500,22,63,692,4,8800,0.181,SALARIED
CUS108711,35,64300,48,59,676,1,16700,0.26,SALARIED
CUS108712,27,100000,42,5,740,2,30400,0.304,SALARIED
CUS108713,35,141000,61,57,778,0,66500,0.472,SALARIED
CUS108714,58,129500,21,68,758,0,28000,0.216,SALARIED
CUS108715,31,53200,29,107,802,1,1100,0.03,SALARIED
CUS108716,49,176800,6,96,751,0,10100,0.057,SALARIED
CUS108717,51,104700,45,124,818,1,2200,0.03,SALARIED
CUS108718,45,58800,24,55,732,0,18700,0.318,SALARIED
CUS108719,44,61100,23,39,632,0,4800,0.079,SALARIED
CUS108720,39,87800,55,127,664,2,21900,0.249,SALARIED
CUS108721,22,223900,26,82,715,0,124400,0.556,SALARIED
CUS108722,42,93500,58,58,717,3,9800,0.105,SALARIED
CUS108723,40,223000,26,92,696,4,63500,0.285,SALARIED
CUS108724,53,126200,30,59,764,0,71200,0.564,SALARIED
CUS108725,28,48200,46,107,796,1,9100,0.189,SALARIED
CUS108726,45,160100,54,123,611,1,26900,0.168,SALARIED
CUS108727,29,55600,46,33,776,0,25500,0.459,SALARIED
CUS108728,54,64400,20,39,706,2,27300,0.424,SALARIED
CUS108729,43,96200,31,63,641,1,10300,0.107,SALARIED
CUS108730,25,83900,25,58,662,2,28000,0.334,SALARIED
CUS108731,45,127100,68,44,706,1,18100,0.142,SALARIED
CUS108732,28,106500,45,60,702,1,19000,0.178,SALARIED
CUS108733,36,80600,22,133,683,1,43500,0.54,SALARIED
CUS108734,35,182600,34,37,662,1,3200,0.03,SALARIED
CUS108735,21,68700,9,38,839,0,5700,0.083,SALARIED
CUS108736,42,54200,10,39,738,1,11800,0.218,SALARIED
CUS108737,23,104700,23,101,767,2,10900,0.104,SALARIED
CUS108738,58,84300,9,72,789,4,7800,0.093,SALARIED
CUS108739,34,94900,111,89,705,1,22000,0.232,SALARIED
CUS108740,56,118500,49,180,722,1,36300,0.306,SALARIED
CUS108741,38,78200,55,30,744,0,4300,0.055,SALARIED
CUS108742,38,196200,33,50,674,1,43600,0.222,SALARIED
CUS108743,23,95800,70,55,676,0,18100,0.189,SALARIED
CUS108744,30,69400,35,121,850,3,12600,0.182,SALARIED
CUS108745,59,110800,28,33,850,1,49000,0.442,SALARIED
CUS108746,21,81800,36,92,649,1,15100,0.185,SALARIED
CUS108747,47,89400,11,71,765,2,18500,0.207,SALARIED
CUS108748,47,51700,51,108,764,0,12100,0.234,SALARIED
CUS108749,31,54400,53,43,749,0,18500,0.34,SALARIED
CUS108750,25,137100,30,56,686,2,36600,0.267,SALARIED
CUS108751,27,48800,91,164,680,0,14400,0.295,SALARIED
CUS108752,39,80400,45,82,805,0,23600,0.294,SALARIED
CUS108753,49,98400,35,76,833,0,7500,0.076,SALARIED
CUS108754,35,160500,40,84,732,1,34500,0.215,SALARIED
CUS108755,55,68400,36,66,658,1,8900,0.13,SALARIED
CUS108756,57,119600,30,35,723,2,2700,0.03,SALARIED
CUS108757,32,80500,79,35,708,3,3300,0.041,SALARIED
CUS108758,50,31900,52,66,691,4,3100,0.097,SALARIED
CUS108759,40,86800,44,83,721,1,10000,0.115,SALARIED
CUS108760,57,82500,52,44,780,2,12900,0.156,SALARIED
CUS108761,23,102900,44,67,782,2,20100,0.195,SALARIED
CUS108762,29,63700,20,91,748,0,11600,0.182,SALARIED
CUS108763,59,66800,55,80,756,1,3200,0.048,SALARIED
CUS108764,46,145900,61,116,748,1,27700,0.19,SALARIED
CUS108765,22,73100,94,17,699,2,7100,0.097,SALARIED
CUS108766,43,35900,38,40,805,2,8000,0.223,SALARIED
CUS108767,43,106000,43,36,660,0,9600,0.091,SALARIED
CUS108768,41,125300,49,26,757,1,9300,0.074,SALARIED
CUS108769,36,124800,36,43,754,2,18600,0.149,SALARIED
CUS108770,29,64400,81,52,843,1,8200,0.127,SALARIED
CUS108771,33,85000,108,36,668,2,16600,0.195,SALARIED
CUS108772,48,108000,50,89,723,1,43800,0.406,SALARIED
CUS108773,47,131200,43,26,685,2,19500,0.149,SALARIED
CUS108774,37,106500,24,38,807,0,3500,0.033,SALARIED
CUS108775,58,120500,59,49,691,5,11900,0.099,SALARIED
CUS108776,56,61100,105,27,710,1,6800,0.111,SALARIED
CUS108777,21,30300,22,88,816,0,7900,0.261,SALARIED
CUS108778,38,136600,44,11,678,0,49700,0.364,SALARIED
CUS108779,29,55500,59,90,712,2,12900,0.232,SALARIED
CUS108780,33,78700,118,68,791,2,13500,0.172,SALARIED
CUS108781,60,122300,47,91,821,6,33400,0.273,SALARIED
CUS108782,35,86000,9,34,700,0,23800,0.277,SALARIED
CUS108783,24,116600,34,53,798,1,12000,0.103,SALARIED
CUS108784,53,256600,123,37,742,0,31200,0.122,SALARIED
CUS108785,44,108900,43,57,718,0,7200,0.066,SALARIED
CUS108786,56,61200,40,33,787,0,14900,0.243,SALARIED
CUS108787,30,44300,20,71,708,0,15400,0.348,SALARIED
CUS108788,56,115300,57,6,658,6,28000,0.243,SALARIED
CUS108789,40,88200,33,172,624,2,22100,0.251,SALARIED
CUS108790,31,45700,64,109,751,2,2800,0.061,SALARIED
CUS108791,32,144500,35,74,751,0,9500,0.066,SALARIED
CUS108792,38,117700,16,36,746,4,37500,0.319,SALARIED
CUS108793,50,84600,87,82,685,2,7100,0.084,SALARIED
CUS108794,57,227400,36,55,780,0,36400,0.16,SALARIED
CUS108795,40,134700,15,52,774,1,28400,0.211,SALARIED
CUS108796,45,54400,35,63,795,0,8700,0.16,SALARIED
CUS108797,32,144100,67,175,726,3,26400,0.183,SALARIED
CUS108798,41,95300,15,57,754,2,21700,0.228,SALARIED
CUS108799,45,199300,25,156,734,2,81300,0.408,SALARIED
CUS108800,31,129900,60,81,669,1,8600,0.066,SALARIED
CUS108801,29,105700,16,61,751,2,16000,0.151,SALARIED
CUS108802,45,103000,30,134,720,1,22500,0.218,SALARIED
CUS108803,55,49800,14,112,696,2,3200,0.064,SALARIED
CUS108804,52,67500,26,129,832,0,7600,0.113,SALARIED
CUS108805,34,93400,58,18,642,0,2400,0.03,SALARIED
CUS108806,21,45800,119,63,733,1,5200,0.114,SALARIED
CUS108807,37,104900,12,104,730,4,11200,0.107,SALARIED
CUS108808,45,60800,26,120,751,1,12300,0.202,SALARIED
CUS108809,28,71200,50,30,703,1,9800,0.138,SALARIED
CUS108810,25,117000,53,87,609,1,19500,0.167,SALARIED
CUS108811,25,66200,70,69,701,2,9000,0.136,SALARIED
CUS108812,55,105000,53,93,703,1,29300,0.279,SALARIED
CUS108813,39,90700,21,118,811,2,1500,0.03,SALARIED
CUS108814,43,52800,33,64,763,0,1000,0.03,SALARIED
CUS108815,29,126400,9,49,757,0,27400,0.217,SALARIED
CUS108816,50,129300,25,86,821,1,38600,0.299,SALARIED
CUS108817,36,132500,49,131,785,0,34400,0.26,SALARIED
CUS108818,53,200600,55,82,844,0,82100,0.409,SALARIED
CUS108819,22,70600,31,123,719,2,14400,0.204,SALARIED
CUS108820,34,35400,139,37,787,1,11300,0.319,SALARIED
CUS108821,21,63200,22,80,725,1,23400,0.37,SALARIED
CUS108822,46,130900,41,80,679,3,50800,0.388,SALARIED
CUS108823,45,81900,54,80,699,0,8200,0.1,SALARIED
CUS108824,36,45200,18,56,742,4,10700,0.237,SALARIED
CUS108825,35,39800,25,28,784,0,7100,0.178,SALARIED
CUS108826,46,161100,20,86,806,1,10500,0.065,SALARIED
CUS108827,36,111800,52,133,667,1,19100,0.171,SALARIED
CUS108828,34,68000,13,136,725,2,13100,0.193,SALARIED
CUS108829,49,198300,72,6,713,1,67600,0.341,SALARIED
CUS108830,44,280000,22,40,850,1,65000,0.232,SALARIED
CUS108831,35,135400,96,46,727,1,6500,0.048,SALARIED
CUS108832,39,119400,29,106,701,0,15600,0.131,SALARIED
CUS108833,28,107800,112,45,728,1,13600,0.126,SALARIED
CUS108834,54,124900,53,73,771,2,17200,0.138,SALARIED
CUS108835,22,205200,34,11,826,2,36000,0.175,SALARIED
CUS108836,47,54900,28,46,624,1,7500,0.137,SALARIED
CUS108837,30,73000,63,70,711,1,14400,0.197,SALARIED
CUS108838,55,83200,44,62,724,2,16400,0.197,SALARIED
CUS108839,43,110100,46,110,728,2,15200,0.138,SALARIED
CUS108840,28,171900,33,66,850,1,52100,0.303,SALARIED
CUS108841,48,102400,40,49,721,1,17700,0.173,SALARIED
CUS108842,43,112600,59,62,844,2,32200,0.286,SALARIED
CUS108843,24,115300,55,94,700,1,1800,0.03,SALARIED
CUS108844,34,85900,31,61,658,1,12700,0.148,SALARIED
CUS108845,49,70500,73,39,770,3,4400,0.062,SALARIED
CUS108846,21,87900,13,21,724,1,35900,0.408,SALARIED
CUS108847,24,63300,28,81,659,2,20100,0.318,SALARIED
CUS108848,52,63800,94,35,782,0,12500,0.196,SALARIED
CUS108849,53,100300,48,64,804,1,27900,0.278,SALARIED
CUS108850,46,68500,43,17,757,3,6700,0.098,SALARIED
CUS108851,37,195100,50,61,753,3,33800,0.173,SALARIED
CUS108852,59,90800,23,58,748,3,47400,0.522,SALARIED
CUS108853,43,156700,20,43,772,0,2800,0.03,SALARIED
CUS108854,52,48500,27,44,790,1,5800,0.12,SALARIED
CUS108855,35,49200,139,97,671,0,7000,0.142,SALARIED
CUS108856,33,80900,73,133,712,2,27000,0.334,SALARIED
CUS108857,22,129600,12,78,740,2,11900,0.092,SALARIED
CUS108858,39,68200,153,62,729,0,13900,0.204,SALARIED
CUS108859,44,81200,72,101,755,1,9700,0.119,SALARIED
CUS108860,44,133300,33,125,749,1,21800,0.164,SALARIED
CUS108861,31,71400,86,42,746,1,22700,0.318,SALARIED
CUS108862,42,60400,31,87,701,0,26300,0.435,SALARIED
CUS108863,35,116900,19,23,700,4,12100,0.104,SALARIED
CUS108864,30,47300,28,68,823,3,8300,0.175,SALARIED
CUS108865,47,71800,87,74,715,0,15400,0.214,SALARIED
CUS108866,29,89500,59,81,850,1,9500,0.106,SALARIED
CUS108867,48,107800,23,28,640,1,12500,0.116,SALARIED
CUS108868,21,123100,66,50,705,1,22200,0.18,SALARIED
CUS108869,37,132000,50,156,763,1,33300,0.252,SALARIED
CUS108870,51,74200,19,33,759,3,8300,0.112,SALARIED
CUS108871,30,130800,83,107,681,0,36900,0.282,SALARIED
CUS108872,57,106700,34,17,850,1,16300,0.153,SALARIED
CUS108873,49,117600,38,77,700,2,18000,0.153,SALARIED
CUS108874,38,63900,68,108,691,5,13900,0.218,SALARIED
CUS108875,58,114700,13,34,730,2,18300,0.16,SALARIED
CUS108876,59,79400,24,74,672,3,24800,0.312,SALARIED
CUS108877,26,86900,32,75,690,2,8500,0.098,SALARIED
CUS108878,60,91600,58,65,697,1,11700,0.128,SALARIED
CUS108879,32,220000,20,83,655,1,100000,0.455,SALARIED
CUS108880,34,56300,27,109,749,2,5200,0.092,SALARIED
CUS108881,30,145200,107,43,673,1,9300,0.064,SALARIED
CUS108882,40,161800,43,61,751,1,15800,0.098,SALARIED
CUS108883,35,123200,32,31,678,0,30600,0.248,SALARIED
CUS108884,51,66800,45,95,795,2,4000,0.06,SALARIED
CUS108885,27,182400,17,63,775,1,24300,0.133,SALARIED
CUS108886,30,73200,82,49,770,3,6100,0.083,SALARIED
CUS108887,30,115800,65,79,731,1,19600,0.169,SALARIED
CUS108888,59,89800,39,28,811,3,24500,0.273,SALARIED
CUS108889,48,72000,52,73,754,0,5200,0.072,SALARIED
CUS108890,50,108700,24,51,708,1,18000,0.166,SALARIED
CUS108891,57,198000,94,19,672,2,17200,0.087,SALARIED
CUS108892,23,95400,31,63,762,1,6700,0.07,SALARIED
CUS108893,35,207000,90,52,684,1,21100,0.102,SALARIED
CUS108894,41,78300,30,73,763,0,10300,0.132,SALARIED
CUS108895,57,88000,47,87,731,2,36000,0.409,SALARIED
CUS108896,32,49000,47,81,736,0,3300,0.067,SALARIED
CUS108897,24,66100,36,106,781,2,18600,0.281,SALARIED
CUS108898,29,77000,38,60,791,0,13800,0.179,SALARIED
CUS108899,59,73300,65,51,717,1,16200,0.221,SALARIED
CUS108900,48,55200,11,55,741,0,13200,0.239,SALARIED
CUS108901,43,60300,74,123,798,1,9000,0.149,SALARIED
CUS108902,60,74700,29,34,822,0,4700,0.063,SALARIED
CUS108903,42,145000,28,52,770,0,1300,0.03,SALARIED
CUS108904,44,43400,32,35,850,1,7600,0.175,SALARIED
CUS108905,46,33300,60,35,672,1,4200,0.126,SALARIED
CUS108906,50,38500,35,105,695,1,14900,0.387,SALARIED
CUS108907,53,58100,10,46,613,0,6800,0.117,SALARIED
CUS108908,36,113200,12,66,689,3,52500,0.464,SALARIED
CUS108909,42,72400,29,35,673,1,13800,0.191,SALARIED
CUS108910,38,72000,59,33,785,2,28800,0.4,SALARIED
CUS108911,27,71200,64,88,742,1,12300,0.173,SALARIED
CUS108912,46,36500,51,138,840,1,1900,0.052,SALARIED
CUS108913,28,125200,94,42,762,1,45900,0.367,SALARIED
CUS108914,26,153300,31,62,644,1,9100,0.059,SALARIED
CUS108915,50,73100,67,56,659,3,27100,0.371,SALARIED
CUS108916,59,88300,36,57,721,2,33200,0.376,SALARIED
CUS108917,43,89700,67,32,715,0,8300,0.093,SALARIED
CUS108918,52,52600,18,28,750,1,3300,0.063,SALARIED
CUS108919,42,69700,34,72,658,1,17800,0.255,SALARIED
CUS108920,29,189900,49,42,716,0,20300,0.107,SALARIED
CUS108921,51,84800,24,22,796,0,18800,0.222,SALARIED
CUS108922,27,94000,47,76,743,1,26200,0.279,SALARIED
CUS108923,29,62200,103,46,739,1,7200,0.116,SALARIED
CUS108924,33,70000,18,69,789,0,800,0.03,SALARIED
CUS108925,23,113700,55,43,701,0,5600,0.049,SALARIED
CUS108926,55,58300,37,73,659,1,8200,0.141,SALARIED
CUS108927,53,176200,8,85,673,1,46700,0.265,SALARIED
CUS108928,41,41100,49,100,790,1,16500,0.401,SALARIED
CUS108929,51,63900,67,153,709,1,14000,0.219,SALARIED
CUS108930,54,43700,36,41,694,0,3900,0.089,SALARIED
CUS108931,52,154300,59,59,715,2,77900,0.505,SALARIED
CUS108932,55,83600,33,54,701,1,8700,0.104,SALARIED
CUS108933,35,74700,61,25,721,0,8900,0.119,SALARIED
CUS108934,52,101700,28,73,751,1,23600,0.232,SALARIED
CUS108935,26,159500,78,65,679,3,62900,0.394,SALARIED
CUS108936,41,93700,67,50,617,1,30300,0.323,SALARIED
CUS108937,53,142100,77,50,700,2,40900,0.288,SALARIED
CUS108938,52,74500,11,71,715,0,6800,0.091,SALARIED
CUS108939,39,55100,80,64,790,0,6200,0.113,SALARIED
CUS108940,53,94400,18,51,757,0,11800,0.125,SALARIED
CUS108941,48,62100,41,107,695,0,13200,0.213,SALARIED
CUS108942,51,115900,54,135,753,0,3600,0.031,SALARIED
CUS108943,41,70700,30,18,824,1,13700,0.194,SALARIED
CUS108944,54,81800,57,35,803,4,23500,0.287,SALARIED
CUS108945,35,31000,58,56,710,2,11300,0.365,SALARIED
CUS108946,34,80400,5,34,746,1,7600,0.095,SALARIED
CUS108947,39,76200,44,51,781,1,10400,0.136,SALARIED
CUS108948,35,143400,123,125,822,1,20500,0.143,SALARIED
CUS108949,26,125700,72,61,730,0,24000,0.191,SALARIED
CUS108950,29,85900,26,74,741,1,27500,0.32,SALARIED
CUS108951,57,40800,55,33,721,2,3300,0.081,SALARIED
CUS108952,40,69700,45,55,689,1,13900,0.199,SALARIED
CUS108953,54,143500,26,75,713,1,46100,0.321,SALARIED
CUS108954,58,77700,70,27,771,1,4300,0.055,SALARIED
CUS108955,46,52600,78,44,849,0,9600,0.183,SALARIED
CUS108956,38,142700,34,19,677,0,35800,0.251,SALARIED
CUS108957,48,40900,79,70,799,1,3700,0.09,SALARIED
CUS108958,29,80800,30,31,830,3,27000,0.334,SALARIED
CUS108959,52,109300,38,64,725,1,30600,0.28,SALARIED
CUS108960,26,90000,45,45,743,0,5200,0.058,SALARIED
CUS108961,34,48600,72,85,737,3,2100,0.043,SALARIED
CUS108962,48,56000,50,119,829,2,1500,0.03,SALARIED
CUS108963,44,62100,48,157,676,2,12000,0.193,SALARIED
CUS108964,33,121000,41,92,729,3,86900,0.718,SALARIED
CUS108965,32,91800,42,50,765,2,36400,0.397,SALARIED
CUS108966,39,71400,91,90,698,0,13300,0.186,SALARIED
CUS108967,41,102200,67,124,644,1,21900,0.214,SALARIED
CUS108968,47,60600,48,95,686,2,12000,0.198,SALARIED
CUS108969,39,118500,75,131,664,1,19100,0.161,SALARIED
CUS108970,44,104100,60,130,755,1,34000,0.327,SALARIED
CUS108971,46,76800,23,76,801,1,16200,0.211,SALARIED
CUS108972,48,79000,48,100,751,1,27400,0.347,SALARIED
CUS108973,38,72900,69,113,672,1,29800,0.409,SALARIED
CUS108974,56,133100,28,46,764,0,27200,0.204,SALARIED
CUS108975,49,93700,56,46,721,0,36600,0.391,SALARIED
CUS108976,37,77100,44,53,825,0,6700,0.087,SALARIED
CUS108977,24,54900,40,93,717,3,11400,0.208,SALARIED
CUS108978,49,110800,53,33,694,3,28600,0.258,SALARIED
CUS108979,24,108500,43,41,769,0,16300,0.15,SALARIED
CUS108980,30,67100,59,68,709,0,29000,0.432,SALARIED
CUS108981,45,70400,21,42,739,3,29400,0.418,SALARIED
CUS108982,51,80600,43,114,650,1,10400,0.129,SALARIED
CUS108983,23,50600,33,93,709,1,18700,0.37,SALARIED
CUS108984,22,87900,29,45,744,1,7100,0.081,SALARIED
CUS108985,45,40500,9,63,755,0,6500,0.16,SALARIED
CUS108986,26,47800,29,47,710,2,3000,0.063,SALARIED
CUS108987,46,67600,51,37,806,0,12800,0.189,SALARIED
CUS108988,28,64100,61,62,680,0,5700,0.089,SALARIED
CUS108989,55,104100,42,25,773,3,14000,0.134,SALARIED
CUS108990,47,96500,57,50,805,2,15000,0.155,SALARIED
CUS108991,45,157900,49,90,726,4,6200,0.039,SALARIED
CUS108992,38,88600,19,45,850,0,12100,0.137,SALARIED
CUS108993,21,93300,32,42,676,2,30800,0.33,SALARIED
CUS108994,59,50400,74,76,717,1,15700,0.312,SALARIED
CUS108995,23,50400,50,53,739,0,13300,0.264,SALARIED
CUS108996,24,87500,41,101,747,0,11700,0.134,SALARIED
CUS108997,57,88200,14,58,760,3,13600,0.154,SALARIED
CUS108998,35,96800,31,180,712,0,47000,0.486,SALARIED
CUS108999,28,150500,13,41,765,3,25700,0.171,SALARIED
CUS109000,58,51400,73,94,774,0,7300,0.142,SALARIED
CUS109001,39,181800,34,148,684,2,83700,0.46,SALARIED
CUS109002,46,43500,20,89,771,2,3700,0.085,SALARIED
CUS109003,59,100500,84,65,761,1,16300,0.162,SALARIED
CUS109004,30,48500,21,20,786,3,4900,0.101,SALARIED
CUS109005,58,117700,22,48,722,0,21700,0.184,SALARIED
CUS109006,34,43600,55,67,607,0,15000,0.344,SALARIED
CUS109007,39,30000,72,76,604,1,6000,0.2,SALARIED
CUS109008,50,90800,30,15,738,2,17500,0.193,SALARIED
CUS109009,25,80400,72,24,699,0,18600,0.231,SALARIED
CUS109010,51,139800,40,47,761,2,38700,0.277,SALARIED
CUS109011,27,88000,43,78,730,1,10700,0.122,SALARIED
CUS109012,39,60800,28,31,721,0,16200,0.266,SALARIED
CUS109013,51,66700,46,50,774,2,9100,0.136,SALARIED
CUS109014,59,361400,17,68,740,1,60000,0.166,SALARIED
CUS109015,44,57300,47,81,725,0,10900,0.19,SALARIED
CUS109016,54,107600,14,47,676,0,11200,0.104,SALARIED
CUS109017,43,101900,21,63,687,0,9300,0.091,SALARIED
CUS109018,60,108800,58,77,747,1,56200,0.517,SALARIED
CUS109019,26,104800,39,96,758,0,16100,0.154,SALARIED
CUS109020,58,75400,90,47,830,2,12100,0.16,SALARIED
CUS109021,56,38500,56,51,774,1,5900,0.153,SALARIED
CUS109022,47,91200,20,115,700,3,12200,0.134,SALARIED
CUS109023,31,84500,48,73,786,0,27000,0.32,SALARIED
CUS109024,25,89900,61,48,815,1,20400,0.227,SALARIED
CUS109025,37,109600,44,70,773,2,18000,0.164,SALARIED
CUS109026,27,70600,46,87,682,1,8300,0.118,SALARIED
CUS109027,47,64300,25,86,841,1,33400,0.519,SALARIED
CUS109028,35,127500,28,150,850,0,16400,0.129,SALARIED
CUS109029,33,73300,46,52,611,5,12700,0.173,SALARIED
CUS109030,31,68100,30,91,729,0,5000,0.073,SALARIED
CUS109031,46,65500,14,81,697,2,8300,0.127,SALARIED
CUS109032,42,111100,86,75,823,0,30200,0.272,SALARIED
CUS109033,48,77300,15,88,749,2,7800,0.101,SALARIED
CUS109034,44,230100,63,32,709,1,42700,0.186,SALARIED
CUS109035,49,87200,58,157,704,1,8000,0.092,SALARIED
CUS109036,29,49400,30,64,682,2,10700,0.217,SALARIED
CUS109037,24,69800,16,123,850,1,14400,0.206,SALARIED
CUS109038,38,114200,69,40,737,1,10800,0.095,SALARIED
CUS109039,36,64900,63,41,716,3,4100,0.063,SALARIED
CUS109040,53,84300,48,103,634,1,26900,0.319,SALARIED
CUS109041,49,132000,8,62,761,2,13700,0.104,SALARIED
CUS109042,59,141300,47,82,672,0,15800,0.112,SALARIED
CUS109043,30,67100,34,79,771,1,9000,0.134,SALARIED
CUS109044,29,75700,12,128,705,1,36500,0.482,SALARIED
CUS109045,51,88800,82,160,819,3,4600,0.052,SALARIED
CUS109046,48,155500,9,111,693,0,37200,0.239,SALARIED
CUS109047,23,51800,62,64,728,1,13800,0.266,SALARIED
CUS109048,34,99900,45,100,790,3,9200,0.092,SALARIED
CUS109049,45,87100,21,97,785,1,28900,0.332,SALARIED
CUS109050,35,56800,42,118,760,1,13500,0.238,SALARIED
CUS109051,22,148300,23,61,761,1,41100,0.277,SALARIED
CUS109052,44,132700,46,68,718,1,37800,0.285,SALARIED
CUS109053,34,169800,56,85,680,0,21000,0.124,SALARIED
CUS109054,27,144600,16,89,731,1,5000,0.035,SALARIED
CUS109055,56,85400,100,57,719,0,12900,0.151,SALARIED
CUS109056,44,112300,42,35,759,1,41900,0.373,SALARIED
CUS109057,47,98700,55,70,767,0,12200,0.124,SALARIED
CUS109058,57,56500,15,84,726,0,10600,0.188,SALARIED
CUS109059,58,47300,33,68,777,1,22400,0.474,SALARIED
CUS109060,50,100400,60,17,741,1,10400,0.104,SALARIED
CUS109061,47,88800,100,56,755,2,13800,0.155,SALARIED
CUS109062,59,73100,42,66,733,0,12500,0.171,SALARIED
CUS109063,35,81500,59,96,766,0,4000,0.049,SALARIED
CUS109064,46,188500,41,90,728,1,78700,0.418,SALARIED
CUS109065,21,31900,14,68,705,1,9000,0.282,SALARIED
CUS109066,24,113400,64,102,767,0,24400,0.215,SALARIED
CUS109067,49,124200,29,32,724,0,13600,0.11,SALARIED
CUS109068,21,131400,9,44,749,1,28800,0.219,SALARIED
CUS109069,42,45700,39,63,755,5,5900,0.129,SALARIED
CUS109070,31,74500,50,114,654,1,31100,0.417,SALARIED
CUS109071,30,72800,34,6,711,1,16700,0.229,SALARIED
CUS109072,37,96900,66,69,668,2,20800,0.215,SALARIED
CUS109073,56,51100,16,54,747,2,16600,0.325,SALARIED
CUS109074,46,100800,26,71,667,0,25100,0.249,SALARIED
CUS109075,41,57100,19,67,662,1,4600,0.081,SALARIED
CUS109076,33,74300,7,48,764,1,17400,0.234,SALARIED
CUS109077,29,155700,47,80,791,0,15400,0.099,SALARIED
CUS109078,31,124200,57,71,686,2,28000,0.225,SALARIED
CUS109079,31,89900,35,180,730,0,7600,0.085,SALARIED
CUS109080,26,45400,25,87,688,1,7600,0.167,SALARIED
CUS109081,21,98700,16,74,697,2,5100,0.052,SALARIED
CUS109082,26,101700,69,110,645,1,2100,0.03,SALARIED
CUS109083,33,33000,50,34,752,3,7000,0.212,SALARIED
CUS109084,42,99500,28,44,721,0,32800,0.33,SALARIED
CUS109085,51,52400,95,65,715,1,7500,0.143,SALARIED
CUS109086,42,43700,62,118,771,0,13800,0.316,SALARIED
CUS109087,57,51300,91,33,801,0,2200,0.043,SALARIED
CUS109088,47,32100,52,77,666,0,7200,0.224,SALARIED
CUS109089,34,70800,77,63,774,2,16800,0.237,SALARIED
CUS109090,25,54100,37,55,720,0,6000,0.111,SALARIED
CUS109091,56,142000,61,132,705,2,21000,0.148,SALARIED
CUS109092,52,72300,22,45,798,0,21000,0.29,SALARIED
CUS109093,54,61500,76,109,705,0,9100,0.148,SALARIED
CUS109094,27,41500,33,89,730,1,6400,0.154,SALARIED
CUS109095,30,70100,77,77,733,3,10300,0.147,SALARIED
CUS109096,37,156300,58,30,764,2,17800,0.114,SALARIED
CUS109097,50,170500,190,22,712,0,26200,0.154,SALARIED
CUS109098,41,72100,11,76,709,2,9900,0.137,SALARIED
CUS109099,33,82400,34,119,846,2,10500,0.127,SALARIED
CUS109100,21,116600,14,50,718,1,28900,0.248,SALARIED
CUS109101,21,53600,69,61,607,1,13500,0.252,SALARIED
CUS109102,53,100400,44,65,693,1,23900,0.238,SALARIED
CUS109103,58,246600,96,70,741,1,13700,0.056,SALARIED
CUS109104,45,119900,18,95,752,1,33000,0.275,SALARIED
CUS109105,46,118200,32,170,827,3,11600,0.098,SALARIED
CUS109106,33,155600,13,155,690,0,65400,0.42,SALARIED
CUS109107,48,127700,81,53,705,1,56100,0.439,SALARIED
CUS109108,53,75900,70,44,802,0,17800,0.235,SALARIED
CUS109109,57,50000,12,17,850,3,26800,0.536,SALARIED
CUS109110,50,80000,36,69,714,3,31600,0.395,SALARIED
CUS109111,28,54900,44,70,675,2,3600,0.066,SALARIED
CUS109112,21,74900,54,17,760,0,14700,0.196,SALARIED
CUS109113,32,57400,27,34,641,0,16600,0.289,SALARIED
CUS109114,25,71300,55,72,734,1,3200,0.045,SALARIED
CUS109115,44,43600,35,27,735,0,1500,0.034,SALARIED
CUS109116,26,62200,41,87,783,1,11700,0.188,SALARIED
CUS109117,45,102000,64,51,676,2,31000,0.304,SALARIED
CUS109118,21,114300,49,100,714,1,35100,0.307,SALARIED
CUS109119,45,103700,30,87,806,1,17900,0.173,SALARIED
CUS109120,21,71800,97,59,709,4,8900,0.124,SALARIED
CUS109121,52,89900,21,83,715,1,18800,0.209,SALARIED
CUS109122,23,203900,57,25,697,2,27500,0.135,SALARIED
CUS109123,39,61500,27,59,674,1,13500,0.22,SALARIED
CUS109124,49,175000,56,40,768,1,35400,0.202,SALARIED
CUS109125,22,44400,65,47,689,2,2500,0.056,SALARIED
CUS109126,29,39400,46,75,637,1,9100,0.231,SALARIED
CUS109127,37,79500,37,68,685,0,12600,0.158,SALARIED
CUS109128,56,83600,64,52,670,0,19400,0.232,SALARIED
CUS109129,37,51100,43,104,850,0,10400,0.204,SALARIED
CUS109130,32,73300,27,98,730,2,7200,0.098,SALARIED
CUS109131,40,101900,51,53,775,2,41900,0.411,SALARIED
CUS109132,23,54800,10,122,683,3,7700,0.141,SALARIED
CUS109133,24,134300,104,104,750,1,31800,0.237,SALARIED
CUS109134,37,141000,88,66,741,2,24300,0.172,SALARIED
CUS109135,57,148800,22,43,611,1,30900,0.208,SALARIED
CUS109136,35,56500,67,17,693,1,22600,0.4,SALARIED
CUS109137,53,59900,28,92,660,0,2100,0.035,SALARIED
CUS109138,36,78600,40,77,658,5,7200,0.092,SALARIED
CUS109139,31,75200,29,22,726,2,7500,0.1,SALARIED
CUS109140,40,73400,44,52,706,0,20900,0.285,SALARIED
CUS109141,58,119400,26,62,769,1,45100,0.378,SALARIED
CUS109142,44,111900,18,109,669,1,31800,0.284,SALARIED
CUS109143,36,57300,27,79,750,1,16700,0.291,SALARIED
CUS109144,50,50900,28,81,779,3,20700,0.407,SALARIED
CUS109145,54,48700,35,71,653,1,11300,0.232,SALARIED
CUS109146,21,57200,40,100,719,1,6900,0.121,SALARIED
CUS109147,44,124400,57,56,800,1,75000,0.603,SALARIED
CUS109148,44,90700,20,43,744,1,8800,0.097,SALARIED
CUS109149,29,128900,61,44,664,3,33700,0.261,SALARIED
CUS109150,42,39600,47,56,663,2,21200,0.535,SALARIED
CUS109151,32,96100,21,39,732,3,7400,0.077,SALARIED
CUS109152,37,95600,23,83,769,2,20000,0.209,SALARIED
CUS109153,45,145900,28,81,769,3,16500,0.113,SALARIED
CUS109154,48,70700,13,47,757,0,5500,0.078,SALARIED
CUS109155,35,68500,125,70,717,0,20300,0.296,SALARIED
CUS109156,50,167400,32,121,706,0,19400,0.116,SALARIED
CUS109157,47,78700,38,51,630,1,25100,0.319,SALARIED
CUS109158,42,92100,48,131,736,0,4400,0.048,SALARIED
CUS109159,30,105300,20,30,726,1,28500,0.271,SALARIED
CUS109160,51,40100,30,71,729,2,4300,0.107,SALARIED
CUS109161,47,86600,61,180,808,1,24200,0.279,SALARIED
CUS109162,32,48500,59,111,716,2,6200,0.128,SALARIED
CUS109163,51,81700,4,101,722,0,32400,0.397,SALARIED
CUS109164,52,74400,38,74,667,2,10900,0.147,SALARIED
CUS109165,52,67700,41,105,761,0,20700,0.306,SALARIED
CUS109166,55,112700,34,59,709,0,12800,0.114,SALARIED
CUS109167,41,88800,53,66,850,3,22100,0.249,SALARIED
CUS109168,30,52700,52,84,776,1,3300,0.063,SALARIED
CUS109169,36,51900,49,84,850,0,12400,0.239,SALARIED
CUS109170,27,124100,51,49,713,1,20100,0.162,SALARIED
CUS109171,24,83600,10,117,711,1,8400,0.1,SALARIED
CUS109172,47,44800,42,122,783,1,7800,0.174,SALARIED
CUS109173,45,70500,60,43,753,1,21300,0.302,SALARIED
CUS109174,51,79200,19,37,786,3,4500,0.057,SALARIED
CUS109175,31,48800,76,142,757,3,11100,0.227,SALARIED
CUS109176,40,63800,67,67,723,1,5200,0.082,SALARIED
CUS109177,56,128500,43,27,742,1,16600,0.129,SALARIED
CUS109178,37,260600,40,57,701,4,47600,0.183,SALARIED
CUS109179,31,97400,30,51,645,0,30200,0.31,SALARIED
CUS109180,50,46200,28,146,757,0,2600,0.056,SALARIED
CUS109181,55,77100,46,18,796,5,4100,0.053,SALARIED
CUS109182,58,89800,26,65,715,1,21600,0.241,SALARIED
CUS109183,42,121100,45,107,710,1,4600,0.038,SALARIED
CUS109184,47,122400,30,59,739,3,30100,0.246,SALARIED
CUS109185,57,157100,49,180,741,0,65900,0.419,SALARIED
CUS109186,55,84900,50,54,794,2,11500,0.135,SALARIED
CUS109187,24,85700,66,53,770,1,33200,0.387,SALARIED
CUS109188,36,36300,16,68,686,2,2900,0.08,SALARIED
CUS109189,36,53900,42,28,660,1,12400,0.23,SALARIED
CUS109190,41,46000,18,52,743,0,6100,0.133,SALARIED
CUS109191,46,58200,53,92,806,3,1900,0.033,SALARIED
CUS109192,56,50600,8,73,810,4,10500,0.208,SALARIED
CUS109193,39,52200,64,88,629,0,8700,0.167,SALARIED
CUS109194,37,138800,28,59,764,0,7200,0.052,SALARIED
CUS109195,46,35800,75,21,738,1,15200,0.425,SALARIED
CUS109196,42,77700,45,60,630,0,32000,0.412,SALARIED
CUS109197,48,125400,52,142,776,2,45000,0.359,SALARIED
CUS109198,21,74200,39,44,820,0,11200,0.151,SALARIED
CUS109199,56,154400,48,180,770,0,19200,0.124,SALARIED
CUS109200,57,64900,27,67,827,0,15500,0.239,SALARIED
CUS109201,22,186900,33,14,759,1,26700,0.143,SALARIED
CUS109202,37,42000,23,66,723,0,7000,0.167,SALARIED
CUS109203,60,154600,16,38,758,0,17500,0.113,SALARIED
CUS109204,58,56800,38,131,684,0,17900,0.315,SALARIED
CUS109205,41,162900,12,175,696,2,6400,0.039,SALARIED
CUS109206,29,68900,33,112,749,2,10300,0.149,SALARIED
CUS109207,33,139700,11,86,723,1,24300,0.174,SALARIED
CUS109208,31,150800,59,47,837,1,6700,0.044,SALARIED
CUS109209,36,65500,8,52,723,3,8600,0.131,SALARIED
CUS109210,36,134600,39,136,735,3,38600,0.287,SALARIED
CUS109211,22,83900,23,137,748,1,11800,0.141,SALARIED
CUS109212,28,44000,23,60,782,2,14900,0.339,SALARIED
CUS109213,33,106800,38,105,648,1,25600,0.24,SALARIED
CUS109214,37,53800,15,42,817,2,2900,0.054,SALARIED
CUS109215,59,63400,85,48,782,2,1300,0.03,SALARIED
CUS109216,44,56900,9,129,764,0,19600,0.344,SALARIED
CUS109217,23,100800,84,79,850,0,11800,0.117,SALARIED
CUS109218,50,54600,30,129,716,1,11000,0.201,SALARIED
CUS109219,33,48900,34,58,703,2,6900,0.141,SALARIED
CUS109220,39,53200,43,98,671,0,11500,0.216,SALARIED
CUS109221,27,61800,36,42,849,0,21300,0.345,SALARIED
CUS109222,29,106300,31,94,713,1,13200,0.124,SALARIED
CUS109223,39,128000,54,52,850,2,12600,0.098,SALARIED
CUS109224,60,127100,20,59,769,1,30100,0.237,SALARIED
CUS109225,42,83700,17,72,754,1,14700,0.176,SALARIED
CUS109226,38,82700,16,49,753,5,18900,0.229,SALARIED
CUS109227,43,78300,33,45,676,0,10900,0.139,SALARIED
CUS109228,22,103800,133,44,766,1,14100,0.136,SALARIED
CUS109229,31,140700,39,57,757,0,20900,0.149,SALARIED
CUS109230,51,79400,76,127,813,1,9700,0.122,SALARIED
CUS109231,53,108000,37,65,772,0,8700,0.081,SALARIED
CUS109232,34,48600,80,121,739,4,8700,0.179,SALARIED
CUS109233,36,124800,25,32,701,2,18500,0.148,SALARIED
CUS109234,31,93700,58,67,764,1,10000,0.107,SALARIED
CUS109235,53,53400,61,76,732,1,5000,0.094,SALARIED
CUS109236,27,137500,61,29,757,1,3800,0.03,SALARIED
CUS109237,51,48600,27,49,716,1,6900,0.142,SALARIED
CUS109238,34,30500,54,48,734,0,10900,0.357,SALARIED
CUS109239,48,124400,53,20,667,1,10900,0.088,SALARIED
CUS109240,36,101100,59,47,691,1,20000,0.198,SALARIED
CUS109241,39,49300,60,32,642,0,4600,0.093,SALARIED
CUS109242,37,99700,45,89,715,0,25000,0.251,SALARIED
CUS109243,46,143900,16,148,672,2,25500,0.177,SALARIED
CUS109244,26,95600,28,77,726,2,17000,0.178,SALARIED
CUS109245,29,254700,28,92,742,0,77800,0.305,SALARIED
CUS109246,37,58000,8,112,755,3,24300,0.419,SALARIED
CUS109247,51,31100,43,30,629,1,3100,0.1,SALARIED
CUS109248,32,45000,44,43,692,0,2000,0.044,SALARIED
CUS109249,43,30300,21,80,759,1,13600,0.449,SALARIED
CUS109250,25,222600,71,135,755,1,45900,0.206,SALARIED
CUS109251,56,84800,23,34,757,1,26700,0.315,SALARIED
CUS109252,56,203400,45,79,794,1,19900,0.098,SALARIED
CUS109253,23,72500,59,24,677,2,10200,0.141,SALARIED
CUS109254,44,56600,9,93,682,1,17000,0.3,SALARIED
CUS109255,37,39000,12,128,705,0,16100,0.413,SALARIED
CUS109256,59,71100,53,25,712,4,38000,0.534,SALARIED
CUS109257,46,124300,67,82,792,0,29400,0.237,SALARIED
CUS109258,24,76800,80,133,718,1,11000,0.143,SALARIED
CUS109259,32,41400,29,74,760,3,3300,0.08,SALARIED
CUS109260,21,114000,39,102,685,1,10000,0.088,SALARIED
CUS109261,41,124000,22,12,787,1,37400,0.302,SALARIED
CUS109262,39,67000,19,98,681,2,14900,0.222,SALARIED
CUS109263,41,63300,67,53,701,0,2400,0.038,SALARIED
CUS109264,38,39400,19,70,708,3,3000,0.076,SALARIED
CUS109265,23,112800,54,47,814,1,10400,0.092,SALARIED
CUS109266,52,69000,15,41,792,2,33200,0.481,SALARIED
CUS109267,30,30000,41,27,738,6,5000,0.167,SALARIED
CUS109268,60,43600,46,66,660,2,3900,0.089,SALARIED
CUS109269,35,109500,24,57,755,0,18000,0.164,SALARIED
CUS109270,25,72900,25,15,775,1,8600,0.118,SALARIED
CUS109271,24,51000,30,100,800,1,2100,0.041,SALARIED
CUS109272,48,87100,17,59,786,1,11400,0.131,SALARIED
CUS109273,24,58200,28,30,672,0,18900,0.325,SALARIED
CUS109274,35,63700,44,57,703,1,5100,0.08,SALARIED
CUS109275,37,75300,47,68,779,0,6500,0.086,SALARIED
CUS109276,23,181500,82,100,768,2,19300,0.106,SALARIED
CUS109277,30,181100,32,48,742,2,61900,0.342,SALARIED
CUS109278,43,35000,29,99,745,2,11000,0.314,SALARIED
CUS109279,38,82600,26,74,710,1,12700,0.154,SALARIED
CUS109280,21,44200,32,142,619,0,1700,0.038,SALARIED
CUS109281,55,52700,48,109,746,0,16600,0.315,SALARIED
CUS109282,51,36800,9,36,817,0,8400,0.228,SALARIED
CUS109283,21,57500,69,85,772,1,2800,0.049,SALARIED
CUS109284,23,49700,27,81,740,0,3700,0.074,SALARIED
CUS109285,23,134800,21,74,702,0,33300,0.247,SALARIED
CUS109286,57,58200,26,88,779,2,5300,0.091,SALARIED
CUS109287,39,35400,34,104,703,2,6000,0.169,SALARIED
CUS109288,49,84900,39,64,850,1,15000,0.177,SALARIED
CUS109289,45,78500,42,123,756,2,5700,0.073,SALARIED
CUS109290,53,75500,24,48,725,0,10800,0.143,SALARIED
CUS109291,56,111800,36,98,797,1,17500,0.157,SALARIED
CUS109292,49,148000,19,109,762,1,36200,0.245,SALARIED
CUS109293,46,75000,173,114,661,1,11400,0.152,SALARIED
CUS109294,24,95800,10,71,725,0,8600,0.09,SALARIED
CUS109295,34,75900,48,120,752,0,30400,0.401,SALARIED
CUS109296,47,106800,20,86,757,2,18800,0.176,SALARIED
CUS109297,53,43900,30,76,693,1,6300,0.144,SALARIED
CUS109298,42,112200,41,75,773,1,7200,0.064,SALARIED
CUS109299,23,96500,31,50,624,2,5200,0.054,SALARIED
CUS109300,43,55200,34,75,749,1,11500,0.208,SALARIED
CUS109301,41,229600,73,62,772,2,52100,0.227,SALARIED
CUS109302,43,46100,38,83,850,2,17400,0.377,SALARIED
CUS109303,24,98600,5,60,759,1,11000,0.112,SALARIED
CUS109304,41,55300,98,118,673,2,22900,0.414,SALARIED
CUS109305,57,110300,51,180,752,0,19100,0.173,SALARIED
CUS109306,51,209000,30,40,665,3,20800,0.1,SALARIED
CUS109307,41,120500,46,46,777,1,45500,0.378,SALARIED
CUS109308,46,80700,32,55,773,3,12900,0.16,SALARIED
CUS109309,55,129100,57,112,693,0,13800,0.107,SALARIED
CUS109310,58,65200,56,155,654,2,21200,0.325,SALARIED
CUS109311,44,105900,37,80,850,3,8500,0.08,SALARIED
CUS109312,31,88400,34,53,716,0,17300,0.196,SALARIED
CUS109313,49,49200,18,89,744,0,11900,0.242,SALARIED
CUS109314,23,183400,16,59,753,2,76900,0.419,SALARIED
CUS109315,21,148800,42,83,727,1,58800,0.395,SALARIED
CUS109316,39,57800,47,39,751,0,5200,0.09,SALARIED
CUS109317,42,134900,43,65,772,2,6100,0.045,SALARIED
CUS109318,34,50000,53,61,820,2,10400,0.208,SALARIED
CUS109319,34,104700,57,28,682,3,26700,0.255,SALARIED
CUS109320,36,86800,56,45,698,0,40900,0.471,SALARIED
CUS109321,53,180900,67,39,748,0,21500,0.119,SALARIED
CUS109322,33,98700,85,38,819,1,10800,0.109,SALARIED
CUS109323,58,42400,56,42,637,2,17200,0.406,SALARIED
CUS109324,32,134500,27,44,755,0,14000,0.104,SALARIED
CUS109325,58,69700,63,86,790,0,15000,0.215,SALARIED
CUS109326,59,68200,30,73,831,0,18400,0.27,SALARIED
CUS109327,53,86100,69,38,803,0,13200,0.153,SALARIED
CUS109328,53,65600,109,53,710,2,4500,0.069,SALARIED
CUS109329,49,190600,66,57,795,0,56900,0.299,SALARIED
CUS109330,25,122100,65,39,644,1,35900,0.294,SALARIED
CUS109331,26,50800,37,83,810,2,10700,0.211,SALARIED
CUS109332,51,61300,32,55,798,1,14200,0.232,SALARIED
CUS109333,36,47100,21,34,716,2,5700,0.121,SALARIED
CUS109334,51,131400,102,73,755,3,30100,0.229,SALARIED
CUS109335,45,82500,36,56,722,0,14400,0.175,SALARIED
CUS109336,53,54800,44,57,717,0,2200,0.04,SALARIED
CUS109337,33,172400,19,72,781,2,25700,0.149,SALARIED
CUS109338,30,106700,24,75,777,3,6900,0.065,SALARIED
CUS109339,44,92400,57,52,735,0,12900,0.14,SALARIED
CUS109340,30,90500,52,62,756,0,11400,0.126,SALARIED
CUS109341,51,46100,61,45,850,3,2800,0.061,SALARIED
CUS109342,33,109300,37,57,775,1,26800,0.245,SALARIED
CUS109343,23,70400,72,113,699,0,21000,0.298,SALARIED
CUS109344,54,125800,22,54,746,3,14600,0.116,SALARIED
CUS109345,48,113300,73,42,579,3,23300,0.206,SALARIED
CUS109346,39,82700,49,102,770,3,6700,0.081,SALARIED
CUS109347,43,80100,35,26,712,1,7600,0.095,SALARIED
CUS109348,52,179300,34,106,644,2,37100,0.207,SALARIED
CUS109349,33,46600,26,88,781,1,5300,0.114,SALARIED
CUS109350,53,65700,22,59,762,2,14400,0.219,SALARIED
CUS109351,54,141800,36,80,758,0,21500,0.152,SALARIED
CUS109352,53,165800,10,56,811,2,1000,0.03,SALARIED
CUS109353,25,79900,56,122,752,1,3800,0.048,SALARIED
CUS109354,23,62100,54,59,770,1,3200,0.052,SALARIED
CUS109355,27,62600,76,41,716,2,13100,0.209,SALARIED
CUS109356,44,44600,32,48,797,2,8900,0.2,SALARIED
CUS109357,42,209200,55,57,710,1,22700,0.109,SALARIED
CUS109358,43,79500,46,63,747,0,21100,0.265,SALARIED
CUS109359,50,104800,18,52,742,3,28100,0.268,SALARIED
CUS109360,38,105300,53,111,759,2,48900,0.464,SALARIED
CUS109361,52,165700,45,66,732,0,52100,0.314,SALARIED
CUS109362,27,70400,48,40,799,1,5300,0.075,SALARIED
CUS109363,53,72700,38,80,735,2,10300,0.142,SALARIED
CUS109364,25,123500,35,21,707,1,59100,0.479,SALARIED
CUS109365,48,37900,46,63,721,0,19600,0.517,SALARIED
CUS109366,28,166200,67,48,742,2,62000,0.373,SALARIED
CUS109367,35,185800,51,42,750,2,13500,0.073,SALARIED
CUS109368,24,94900,67,45,684,1,17800,0.188,SALARIED
CUS109369,54,55700,60,75,730,2,14800,0.266,SALARIED
CUS109370,25,124800,56,48,794,0,19100,0.153,SALARIED
CUS109371,53,78000,60,60,712,3,10700,0.137,SALARIED
CUS109372,25,90600,73,116,804,1,28700,0.317,SALARIED
CUS109373,58,93800,89,62,726,2,26800,0.286,SALARIED
CUS109374,54,63200,87,64,744,2,19600,0.31,SALARIED
CUS109375,46,99400,67,92,775,2,19000,0.191,SALARIED
CUS109376,21,44000,51,98,850,3,500,0.03,SALARIED
CUS109377,24,31600,13,166,721,2,5900,0.187,SALARIED
CUS109378,59,100100,64,73,714,2,7300,0.073,SALARIED
CUS109379,46,135900,19,64,821,1,22000,0.162,SALARIED
CUS109380,53,67500,36,49,730,2,11800,0.175,SALARIED
CUS109381,53,65800,54,76,749,0,1600,0.03,SALARIED
CUS109382,28,113800,73,50,759,1,26600,0.234,SALARIED
CUS109383,40,84200,24,61,703,1,9500,0.113,SALARIED
CUS109384,36,65900,42,40,718,1,6700,0.102,SALARIED
CUS109385,41,97500,25,60,618,1,40200,0.412,SALARIED
CUS109386,46,85200,37,39,754,1,27300,0.32,SALARIED
CUS109387,43,48400,80,52,623,1,15400,0.318,SALARIED
CUS109388,38,80900,29,61,804,0,25400,0.314,SALARIED
CUS109389,51,92300,35,103,776,0,18400,0.199,SALARIED
CUS109390,32,66800,36,69,723,0,22600,0.338,SALARIED
CUS109391,21,128900,36,78,802,2,6700,0.052,SALARIED
CUS109392,29,105700,20,62,801,0,12600,0.119,SALARIED
CUS109393,23,75000,102,18,719,0,900,0.03,SALARIED
CUS109394,46,90300,115,34,680,1,9500,0.105,SALARIED
CUS109395,29,71800,55,16,756,2,10500,0.146,SALARIED
CUS109396,36,76800,31,52,818,2,8600,0.112,SALARIED
CUS109397,44,78100,40,30,760,1,25000,0.32,SALARIED
CUS109398,34,38300,16,55,733,0,5000,0.131,SALARIED
CUS109399,23,86100,45,98,729,2,10000,0.116,SALARIED
CUS109400,54,98100,54,142,729,2,9000,0.092,SALARIED
CUS109401,53,257300,54,80,624,1,84800,0.33,SALARIED
CUS109402,44,103600,23,57,809,1,19900,0.192,SALARIED
CUS109403,29,63400,76,128,850,1,7800,0.123,SALARIED
CUS109404,33,40600,78,135,673,1,7200,0.177,SALARIED
CUS109405,22,52800,48,30,714,1,9600,0.182,SALARIED
CUS109406,27,67900,42,91,701,1,13300,0.196,SALARIED
CUS109407,41,68400,39,43,659,0,6800,0.099,SALARIED
CUS109408,39,76400,29,85,744,0,4800,0.063,SALARIED
CUS109409,45,70900,119,98,760,2,5700,0.08,SALARIED
CUS109410,42,76600,30,115,765,0,13100,0.171,SALARIED
CUS109411,31,70300,49,58,723,1,25900,0.368,SALARIED
CUS109412,53,85700,10,105,850,2,39000,0.455,SALARIED
CUS109413,52,56600,16,43,738,0,5700,0.101,SALARIED
CUS109414,41,48200,63,48,741,1,7100,0.147,SALARIED
CUS109415,59,76400,36,92,677,1,22900,0.3,SALARIED
CUS109416,40,103300,20,44,723,2,19500,0.189,SALARIED
CUS109417,28,51400,86,48,714,1,8200,0.16,SALARIED
CUS109418,57,65600,40,139,683,0,24700,0.377,SALARIED
CUS109419,29,79600,34,96,783,0,6500,0.082,SALARIED
CUS109420,45,78700,79,43,698,2,16700,0.212,SALARIED
CUS109421,45,119300,33,22,716,1,16800,0.141,SALARIED
CUS109422,53,129700,54,76,786,0,10400,0.08,SALARIED
CUS109423,22,93900,53,96,726,2,17800,0.19,SALARIED
CUS109424,39,146500,43,64,784,1,17600,0.12,SALARIED
CUS109425,40,72000,9,90,695,0,31700,0.44,SALARIED
CUS109426,49,124100,25,87,646,2,25300,0.204,SALARIED
CUS109427,26,64500,55,96,748,2,14000,0.217,SALARIED
CUS109428,37,97100,74,180,805,0,51800,0.533,SALARIED
CUS109429,45,113600,52,56,801,2,23800,0.21,SALARIED
CUS109430,58,87200,42,58,757,1,22400,0.257,SALARIED
CUS109431,24,55100,13,62,750,1,16700,0.303,SALARIED
CUS109432,50,40000,17,23,751,1,9500,0.238,SALARIED
CUS109433,40,109200,121,51,606,3,19800,0.181,SALARIED
CUS109434,23,75200,4,15,749,0,23400,0.311,SALARIED
CUS109435,43,77600,10,45,711,1,11200,0.144,SALARIED
CUS109436,38,167000,75,64,820,2,25600,0.153,SALARIED
CUS109437,46,55500,29,118,731,0,7800,0.141,SALARIED
CUS109438,56,118600,14,56,750,0,13500,0.114,SALARIED
CUS109439,28,61000,55,22,672,1,18000,0.295,SALARIED
CUS109440,37,78500,50,72,792,1,16100,0.205,SALARIED
CUS109441,51,52100,29,45,745,0,22900,0.44,SALARIED
CUS109442,57,60800,8,112,744,1,17000,0.28,SALARIED
CUS109443,53,102400,35,46,850,1,14000,0.137,SALARIED
CUS109444,47,152200,70,180,758,2,30200,0.198,SALARIED
CUS109445,24,102800,45,48,850,1,29700,0.289,SALARIED
CUS109446,42,97500,43,34,611,1,19100,0.196,SALARIED
CUS109447,46,267700,44,21,765,1,118200,0.442,SALARIED
CUS109448,52,109400,65,88,769,1,7800,0.071,SALARIED
CUS109449,44,55800,18,131,674,0,17000,0.305,SALARIED
CUS109450,55,39900,25,93,753,1,16300,0.409,SALARIED
CUS109451,57,100800,52,39,690,0,15200,0.151,SALARIED
CUS109452,52,45100,18,107,725,0,4000,0.089,SALARIED
CUS109453,27,54200,67,59,712,2,17200,0.317,SALARIED
CUS109454,53,97400,12,95,705,1,38900,0.399,SALARIED
CUS109455,51,135700,65,76,697,2,42300,0.312,SALARIED
CUS109456,32,74700,39,45,629,1,1900,0.03,SALARIED
CUS109457,31,49400,23,35,731,0,8400,0.17,SALARIED
CUS109458,44,79600,51,47,762,0,16200,0.204,SALARIED
CUS109459,28,75200,38,31,765,1,21700,0.289,SALARIED
CUS109460,52,89600,34,99,600,0,6500,0.073,SALARIED
CUS109461,58,49500,11,105,667,1,4900,0.099,SALARIED
CUS109462,42,58300,36,168,785,0,15100,0.259,SALARIED
CUS109463,54,134700,22,46,663,0,7400,0.055,SALARIED
CUS109464,39,119700,33,109,793,3,10300,0.086,SALARIED
CUS109465,40,143500,47,80,803,2,21100,0.147,SALARIED
CUS109466,34,37000,82,70,807,0,16400,0.443,SALARIED
CUS109467,53,57000,14,40,616,0,26800,0.47,SALARIED
CUS109468,30,132800,36,180,787,0,12800,0.096,SALARIED
CUS109469,36,111000,32,131,750,0,28200,0.254,SALARIED
CUS109470,24,102100,18,132,701,2,36400,0.357,SALARIED
CUS109471,47,72200,51,87,754,1,2800,0.039,SALARIED
CUS109472,48,64300,70,38,729,0,19800,0.308,SALARIED
CUS109473,36,86200,39,19,612,3,6100,0.071,SALARIED
CUS109474,53,69500,31,74,642,0,8400,0.121,SALARIED
CUS109475,39,107800,86,57,679,4,42900,0.398,SALARIED
CUS109476,41,86400,58,70,787,1,25000,0.289,SALARIED
CUS109477,42,54900,79,75,777,3,6300,0.115,SALARIED
CUS109478,29,113100,48,98,740,2,19200,0.17,SALARIED
CUS109479,29,149500,24,75,669,0,2100,0.03,SALARIED
CUS109480,29,154000,41,18,672,1,14000,0.091,SALARIED
CUS109481,47,115100,28,56,712,5,10600,0.092,SALARIED
CUS109482,37,115800,25,40,829,1,8100,0.07,SALARIED
CUS109483,28,50400,28,91,683,2,18200,0.361,SALARIED
CUS109484,36,62800,24,60,674,3,14700,0.234,SALARIED
CUS109485,38,78800,12,48,760,3,13900,0.176,SALARIED
CUS109486,53,111000,62,30,792,0,3900,0.035,SALARIED
CUS109487,21,64900,66,82,713,0,14600,0.225,SALARIED
CUS109488,32,74000,37,78,809,0,2700,0.036,SALARIED
CUS109489,26,109300,19,62,729,1,46300,0.424,SALARIED
CUS109490,25,90400,54,55,716,1,14600,0.162,SALARIED
CUS109491,36,98800,24,51,667,0,16100,0.163,SALARIED
CUS109492,38,59900,42,25,773,1,5700,0.095,SALARIED
CUS109493,38,73600,9,33,663,3,15800,0.215,SALARIED
CUS109494,21,68800,55,113,635,1,13600,0.198,SALARIED
CUS109495,39,85000,49,79,732,3,15500,0.182,SALARIED
CUS109496,28,69900,31,72,681,0,25700,0.368,SALARIED
CUS109497,23,65800,20,62,695,1,11400,0.173,SALARIED
CUS109498,45,89900,68,86,790,0,35600,0.396,SALARIED
CUS109499,25,218400,141,105,761,0,27000,0.124,SALARIED
CUS109500,60,110500,42,31,792,0,6600,0.06,SALARIED
CUS109501,39,38200,13,41,743,1,8300,0.217,SALARIED
CUS109502,38,99600,18,81,589,2,10100,0.101,SALARIED
CUS109503,51,67400,36,116,721,1,14900,0.221,SALARIED
CUS109504,53,55700,24,180,782,0,18500,0.332,SALARIED
CUS109505,38,116700,22,88,800,0,3400,0.03,SALARIED
CUS109506,59,88000,34,59,774,2,20800,0.236,SALARIED
CUS109507,36,260200,46,97,765,0,37900,0.146,SALARIED
CUS109508,36,80700,28,64,779,2,12000,0.149,SALARIED
CUS109509,58,76800,20,77,841,1,17600,0.229,SALARIED
CUS109510,27,145700,81,94,736,0,26200,0.18,SALARIED
CUS109511,34,85800,92,96,733,2,16500,0.192,SALARIED
CUS109512,45,52800,15,107,771,0,10500,0.199,SALARIED
CUS109513,52,57200,119,99,682,2,18500,0.323,SALARIED
CUS109514,58,73300,6,83,793,0,20800,0.284,SALARIED
CUS109515,42,114300,17,65,695,2,41800,0.366,SALARIED
CUS109516,36,150700,54,148,743,0,20300,0.135,SALARIED
CUS109517,49,121900,47,100,600,2,23100,0.189,SALARIED
CUS109518,36,109800,130,173,707,0,30700,0.28,SALARIED
CUS109519,32,139200,54,42,699,1,36400,0.261,SALARIED
CUS109520,37,112400,44,66,709,0,18700,0.166,SALARIED
CUS109521,57,56600,29,87,764,2,9200,0.163,SALARIED
CUS109522,47,77000,26,32,725,2,8900,0.116,SALARIED
CUS109523,45,67400,54,99,656,2,19000,0.282,SALARIED
CUS109524,33,150000,38,48,739,3,56200,0.375,SALARIED
CUS109525,28,55300,20,40,707,2,17700,0.32,SALARIED
CUS109526,25,55800,70,97,776,1,8400,0.151,SALARIED
CUS109527,32,91800,20,113,739,1,21400,0.233,SALARIED
CUS109528,23,202500,25,68,779,4,93600,0.462,SALARIED
CUS109529,55,118300,54,57,693,2,34200,0.289,SALARIED
CUS109530,53,135800,19,57,795,3,32900,0.242,SALARIED
CUS109531,42,51700,111,43,761,2,17500,0.338,SALARIED
CUS109532,29,114800,52,91,782,1,20400,0.178,SALARIED
CUS109533,38,51600,74,39,708,0,5800,0.112,SALARIED
CUS109534,49,118100,34,12,727,3,23400,0.198,SALARIED
CUS109535,59,41900,72,56,728,3,4700,0.112,SALARIED
CUS109536,47,73000,28,92,710,0,7500,0.103,SALARIED
CUS109537,56,33700,32,162,698,0,12900,0.383,SALARIED
CUS109538,37,57100,119,49,668,2,21700,0.38,SALARIED
CUS109539,54,44800,98,81,692,0,18200,0.406,SALARIED
CUS109540,23,113900,44,47,725,2,17100,0.15,SALARIED
CUS109541,25,88700,58,34,645,2,31500,0.355,SALARIED
CUS109542,34,68900,43,66,798,1,8800,0.128,SALARIED
CUS109543,23,89600,13,108,813,0,22300,0.249,SALARIED
CUS109544,43,58500,28,109,697,1,7700,0.132,SALARIED
CUS109545,59,98200,138,85,785,4,24100,0.245,SALARIED
CUS109546,50,82100,77,61,702,1,8000,0.097,SALARIED
CUS109547,43,237200,51,37,674,1,74100,0.312,SALARIED
CUS109548,47,177300,36,47,780,3,26400,0.149,SALARIED
CUS109549,30,129800,35,78,811,2,17000,0.131,SALARIED
CUS109550,45,97000,85,56,725,1,13500,0.139,SALARIED
CUS109551,33,102700,47,60,776,1,6100,0.059,SALARIED
CUS109552,36,148600,36,45,571,2,49600,0.334,SALARIED
CUS109553,54,96800,32,53,688,0,12300,0.127,SALARIED
CUS109554,57,99500,22,48,767,0,27700,0.278,SALARIED
CUS109555,42,65600,25,53,799,0,8100,0.123,SALARIED
CUS109556,37,62400,68,54,740,4,17100,0.274,SALARIED
CUS109557,43,81000,33,82,711,1,15700,0.194,SALARIED
CUS109558,56,30000,38,63,763,2,7400,0.247,SALARIED
CUS109559,29,83900,34,37,744,1,7600,0.091,SALARIED
CUS109560,22,76200,68,65,703,0,22100,0.29,SALARIED
CUS109561,52,126200,40,51,641,1,36300,0.288,SALARIED
CUS109562,42,147500,120,20,709,1,49000,0.332,SALARIED
CUS109563,33,270400,24,53,756,0,59600,0.22,SALARIED
CUS109564,28,110300,47,23,726,0,17200,0.156,SALARIED
CUS109565,21,91000,39,67,819,1,5100,0.056,SALARIED
CUS109566,37,65900,13,60,781,1,200,0.03,SALARIED
CUS109567,32,53000,50,91,667,1,12700,0.24,SALARIED
CUS109568,24,128300,17,51,695,2,36200,0.282,SALARIED
CUS109569,33,84000,40,22,626,3,23300,0.277,SALARIED
CUS109570,51,102900,13,56,698,0,7300,0.071,SALARIED
CUS109571,27,85700,36,98,632,2,36400,0.425,SALARIED
CUS109572,43,86700,44,100,782,1,5000,0.058,SALARIED
CUS109573,44,93800,40,59,727,1,18100,0.193,SALARIED
CUS109574,25,102800,30,94,833,1,40800,0.397,SALARIED
CUS109575,25,129800,24,71,653,0,1900,0.03,SALARIED
CUS109576,37,48800,14,95,674,0,11800,0.242,SALARIED
CUS109577,50,110700,49,180,728,2,27700,0.25,SALARIED
CUS109578,29,47600,46,25,691,1,14200,0.298,SALARIED
CUS109579,26,116500,4,49,694,0,8100,0.07,SALARIED
CUS109580,45,98200,40,90,693,0,11800,0.12,SALARIED
CUS109581,39,82100,99,62,751,2,20000,0.244,SALARIED
CUS109582,36,83600,37,37,728,2,41200,0.493,SALARIED
CUS109583,41,90400,83,66,716,1,35700,0.395,SALARIED
CUS109584,22,138900,39,68,650,0,12000,0.086,SALARIED
CUS109585,30,133500,31,76,695,4,35600,0.267,SALARIED
CUS109586,36,126600,73,99,651,1,12500,0.099,SALARIED
CUS109587,57,46400,56,81,749,1,15200,0.328,SALARIED
CUS109588,35,110200,33,62,802,0,33800,0.307,SALARIED
CUS109589,33,30000,16,34,709,5,4900,0.163,SALARIED
CUS109590,33,32600,16,139,589,0,10700,0.328,SALARIED
CUS109591,52,141000,26,34,687,3,47000,0.333,SALARIED
CUS109592,28,44300,50,45,698,2,12000,0.271,SALARIED
CUS109593,38,78400,68,53,769,3,11800,0.151,SALARIED
CUS109594,56,159900,62,90,702,2,41200,0.258,SALARIED
CUS109595,46,110500,53,74,823,1,17900,0.162,SALARIED
CUS109596,30,100400,28,58,602,1,9400,0.094,SALARIED
CUS109597,51,82900,24,15,649,2,8900,0.107,SALARIED
CUS109598,53,90000,28,120,784,1,4200,0.047,SALARIED
CUS109599,49,64200,45,73,748,1,15800,0.246,SALARIED
CUS109600,25,68500,59,79,782,0,5900,0.086,SALARIED
CUS109601,33,88400,40,99,736,0,16400,0.186,SALARIED
CUS109602,21,94400,47,43,787,2,5900,0.062,SALARIED
CUS109603,43,79200,5,54,781,3,21800,0.275,SALARIED
CUS109604,60,31100,91,106,709,2,4700,0.151,SALARIED
CUS109605,23,171900,57,121,729,1,21100,0.123,SALARIED
CUS109606,23,129600,60,69,639,1,9600,0.074,SALARIED
CUS109607,27,77500,51,147,770,1,7500,0.097,SALARIED
CUS109608,56,131400,62,180,693,3,10300,0.078,SALARIED
CUS109609,55,72300,29,28,772,1,8100,0.112,SALARIED
CUS109610,35,98100,31,21,751,3,9900,0.101,SALARIED
CUS109611,60,35800,19,180,727,1,1100,0.031,SALARIED
CUS109612,23,95400,45,59,792,2,17100,0.179,SALARIED
CUS109613,49,74900,33,111,723,1,15000,0.2,SALARIED
CUS109614,50,93800,61,52,795,1,27100,0.289,SALARIED
CUS109615,59,183500,60,34,703,0,11800,0.064,SALARIED
CUS109616,38,84300,24,38,801,3,19600,0.233,SALARIED
CUS109617,31,69200,26,30,782,1,4200,0.061,SALARIED
CUS109618,58,69500,18,44,686,1,24000,0.345,SALARIED
CUS109619,60,44900,2,125,745,1,11200,0.249,SALARIED
CUS109620,21,102000,56,58,583,1,20600,0.202,SALARIED
CUS109621,49,108100,46,129,721,0,10100,0.093,SALARIED
CUS109622,30,87500,39,16,662,1,44600,0.51,SALARIED
CUS109623,48,128600,38,84,742,2,35100,0.273,SALARIED
CUS109624,51,129100,147,64,822,3,38300,0.297,SALARIED
CUS109625,39,87700,22,39,850,0,15400,0.176,SALARIED
CUS109626,23,110600,32,46,777,0,15600,0.141,SALARIED
CUS109627,56,226000,41,60,756,2,48300,0.214,SALARIED
CUS109628,35,58700,42,64,711,1,15700,0.267,SALARIED
CUS109629,53,120400,88,64,653,0,30500,0.253,SALARIED
CUS109630,46,88400,10,59,691,3,17700,0.2,SALARIED
CUS109631,36,136100,24,56,699,0,64800,0.476,SALARIED
CUS109632,56,59500,41,62,790,1,24400,0.41,SALARIED
CUS109633,53,93000,30,26,584,0,19900,0.214,SALARIED
CUS109634,40,62600,40,35,737,2,5600,0.089,SALARIED
CUS109635,33,38400,31,90,760,3,7100,0.185,SALARIED
CUS109636,53,159900,72,59,818,2,41300,0.258,SALARIED
CUS109637,25,69900,70,124,681,1,8000,0.114,SALARIED
CUS109638,57,58200,49,91,719,1,13100,0.225,SALARIED
CUS109639,34,65600,73,34,763,1,3700,0.056,SALARIED
CUS109640,47,193200,18,101,692,0,28500,0.148,SALARIED
CUS109641,43,153300,60,38,731,2,37700,0.246,SALARIED
CUS109642,34,77100,83,56,708,1,13600,0.176,SALARIED
CUS109643,60,125200,44,129,691,1,53900,0.431,SALARIED
CUS109644,24,52400,51,69,810,1,6600,0.126,SALARIED
CUS109645,59,107600,21,115,802,1,14600,0.136,SALARIED
CUS109646,39,70000,26,50,772,1,23900,0.341,SALARIED
CUS109647,24,103400,30,67,719,2,15600,0.151,SALARIED
CUS109648,50,45800,77,37,757,1,14000,0.306,SALARIED
CUS109649,39,65000,12,34,763,4,9000,0.138,SALARIED
CUS109650,51,92300,43,78,833,2,24600,0.267,SALARIED
CUS109651,51,91800,45,74,607,0,24800,0.27,SALARIED
CUS109652,29,44000,52,47,671,0,8100,0.184,SALARIED
CUS109653,33,54900,89,22,726,1,3900,0.071,SALARIED
CUS109654,34,102800,25,35,746,2,13300,0.129,SALARIED
CUS109655,30,97500,43,50,668,1,3400,0.035,SALARIED
CUS109656,51,114200,55,62,744,0,11300,0.099,SALARIED
CUS109657,57,92600,100,60,667,0,17800,0.192,SALARIED
CUS109658,43,52900,15,37,578,2,1300,0.03,SALARIED
CUS109659,47,72500,51,84,688,1,7800,0.108,SALARIED
CUS109660,26,107900,18,71,772,1,34500,0.32,SALARIED
CUS109661,46,54200,77,79,735,1,4200,0.077,SALARIED
CUS109662,22,51200,12,96,631,3,4800,0.094,SALARIED
CUS109663,33,74200,66,134,750,0,26600,0.358,SALARIED
CUS109664,39,96000,14,49,823,2,24200,0.252,SALARIED
CUS109665,21,37100,33,122,768,2,16500,0.445,SALARIED
CUS109666,60,76200,21,38,797,0,16100,0.211,SALARIED
CUS109667,52,107300,25,95,748,2,21300,0.199,SALARIED
CUS109668,42,117300,16,47,767,2,23400,0.199,SALARIED
CUS109669,49,54100,58,18,694,0,17400,0.322,SALARIED
CUS109670,22,100500,27,60,719,1,29500,0.294,SALARIED
CUS109671,60,132900,43,28,673,1,18100,0.136,SALARIED
CUS109672,58,111700,53,56,733,1,19800,0.177,SALARIED
CUS109673,31,70600,49,49,688,0,11400,0.161,SALARIED
CUS109674,37,30000,85,46,641,0,13900,0.463,SALARIED
CUS109675,28,93400,68,41,713,1,22300,0.239,SALARIED
CUS109676,42,173000,107,63,688,1,27100,0.157,SALARIED
CUS109677,24,123200,24,35,701,5,35500,0.288,SALARIED
CUS109678,31,119400,63,55,791,0,43000,0.36,SALARIED
CUS109679,28,91700,57,48,742,1,7400,0.081,SALARIED
CUS109680,29,127300,42,87,725,1,43900,0.345,SALARIED
CUS109681,46,97400,49,71,781,2,14500,0.149,SALARIED
CUS109682,22,38700,20,36,723,1,7200,0.186,SALARIED
CUS109683,36,127000,17,52,779,1,9700,0.076,SALARIED
CUS109684,51,57700,57,65,742,3,7700,0.133,SALARIED
CUS109685,26,87600,44,79,728,0,37400,0.427,SALARIED
CUS109686,41,118500,31,113,719,1,16000,0.135,SALARIED
CUS109687,46,60700,25,95,736,1,18000,0.297,SALARIED
CUS109688,39,54600,118,180,792,1,15100,0.277,SALARIED
CUS109689,48,105400,14,83,711,1,25400,0.241,SALARIED
CUS109690,28,51500,42,61,732,0,4100,0.08,SALARIED
CUS109691,34,77900,45,134,744,3,11100,0.142,SALARIED
CUS109692,44,141200,50,63,757,1,9800,0.069,SALARIED
CUS109693,57,176700,14,41,680,1,56500,0.32,SALARIED
CUS109694,46,38100,16,51,746,1,11200,0.294,SALARIED
CUS109695,51,77000,66,78,719,1,11400,0.148,SALARIED
CUS109696,52,150500,52,58,708,1,29100,0.193,SALARIED
CUS109697,22,71100,56,44,805,1,12800,0.18,SALARIED
CUS109698,45,121400,62,55,650,1,16800,0.138,SALARIED
CUS109699,22,125600,37,106,763,0,19600,0.156,SALARIED
CUS109700,21,64600,78,65,686,4,11800,0.183,SALARIED
CUS109701,56,103100,62,38,678,1,13000,0.126,SALARIED
CUS109702,32,105900,23,42,723,3,15000,0.142,SALARIED
CUS109703,29,128000,45,58,824,0,6900,0.054,SALARIED
CUS109704,56,40900,42,100,738,0,6600,0.161,SALARIED
CUS109705,48,152100,70,139,783,2,41400,0.272,SALARIED
CUS109706,58,115800,15,16,668,1,19400,0.168,SALARIED
CUS109707,53,51100,6,61,737,1,2200,0.043,SALARIED
CUS109708,42,80200,42,30,734,2,31000,0.387,SALARIED
CUS109709,45,123900,32,121,615,1,9300,0.075,SALARIED
CUS109710,38,52400,39,62,776,2,10400,0.198,SALARIED
CUS109711,26,56100,51,62,687,1,7400,0.132,SALARIED
CUS109712,38,85700,55,36,796,2,5600,0.065,SALARIED
CUS109713,36,69800,3,88,681,0,2800,0.04,SALARIED
CUS109714,35,95200,65,91,797,0,27200,0.286,SALARIED
CUS109715,28,123100,57,47,762,2,8800,0.071,SALARIED
CUS109716,33,96100,9,84,848,2,300,0.03,SALARIED
CUS109717,27,84600,51,43,777,0,5500,0.065,SALARIED
CUS109718,37,123400,52,38,731,4,10800,0.088,SALARIED
CUS109719,52,81100,61,109,808,1,16100,0.199,SALARIED
CUS109720,42,60800,20,55,720,4,32100,0.528,SALARIED
CUS109721,33,143000,26,43,653,0,44600,0.312,SALARIED
CUS109722,43,30000,37,108,693,0,400,0.03,SALARIED
CUS109723,49,87500,17,43,716,2,10600,0.121,SALARIED
CUS109724,42,72200,73,125,778,1,26900,0.373,SALARIED
CUS109725,21,56100,52,63,731,2,7500,0.134,SALARIED
CUS109726,49,97200,51,36,757,1,21500,0.221,SALARIED
CUS109727,25,104500,11,173,743,1,55100,0.527,SALARIED
CUS109728,55,58500,22,29,759,1,23300,0.398,SALARIED
CUS109729,30,45400,41,82,709,3,5700,0.126,SALARIED
CUS109730,39,47200,55,13,689,0,1100,0.03,SALARIED
CUS109731,57,192200,41,147,729,1,53900,0.28,SALARIED
CUS109732,27,202000,52,55,771,0,39900,0.198,SALARIED
CUS109733,55,86100,35,59,726,0,20800,0.242,SALARIED
CUS109734,33,45900,17,27,710,1,11300,0.246,SALARIED
CUS109735,30,79600,22,68,733,0,17900,0.225,SALARIED
CUS109736,22,31600,88,103,708,1,2400,0.076,SALARIED
CUS109737,26,97900,21,52,770,2,4700,0.048,SALARIED
CUS109738,28,54300,61,49,726,1,10700,0.197,SALARIED
CUS109739,56,49300,46,51,783,1,9500,0.193,SALARIED
CUS109740,45,132000,44,72,749,2,40600,0.308,SALARIED
CUS109741,60,79300,70,63,699,2,12200,0.154,SALARIED
CUS109742,27,125500,67,116,690,1,35300,0.281,SALARIED
CUS109743,43,146300,20,42,647,3,57900,0.396,SALARIED
CUS109744,39,81600,68,72,747,1,23700,0.29,SALARIED
CUS109745,42,84800,52,124,718,0,31600,0.373,SALARIED
CUS109746,33,136800,20,15,719,0,17100,0.125,SALARIED
CUS109747,41,66700,37,13,703,0,13800,0.207,SALARIED
CUS109748,21,142900,29,78,731,4,9900,0.069,SALARIED
CUS109749,39,34200,26,51,673,1,11000,0.322,SALARIED
CUS109750,53,72500,33,52,779,3,13400,0.185,SALARIED
CUS109751,24,92500,62,80,726,2,4200,0.045,SALARIED
CUS109752,23,49400,26,97,694,1,3100,0.063,SALARIED
CUS109753,47,100400,53,70,765,2,11400,0.114,SALARIED
CUS109754,55,91800,48,36,714,3,25500,0.278,SALARIED
CUS109755,48,61100,65,46,597,1,19300,0.316,SALARIED
CUS109756,26,60100,21,65,850,1,9100,0.151,SALARIED
CUS109757,26,57400,68,61,771,1,14300,0.249,SALARIED
CUS109758,43,42000,75,60,800,0,14300,0.34,SALARIED
CUS109759,53,175400,25,81,689,1,41500,0.237,SALARIED
CUS109760,36,77300,6,109,765,1,24900,0.322,SALARIED
CUS109761,44,46200,53,20,714,1,5200,0.113,SALARIED
CUS109762,25,80400,71,112,760,2,22700,0.282,SALARIED
CUS109763,33,94700,63,81,710,0,30300,0.32,SALARIED
CUS109764,32,58800,46,144,811,0,1100,0.03,SALARIED
CUS109765,25,72100,29,78,749,0,11300,0.157,SALARIED
CUS109766,57,152800,50,41,732,0,19600,0.128,SALARIED
CUS109767,51,50300,21,82,738,0,13700,0.272,SALARIED
CUS109768,48,65400,101,67,712,2,10700,0.164,SALARIED
CUS109769,48,34500,57,40,708,0,2800,0.081,SALARIED
CUS109770,50,193100,51,54,823,1,61700,0.32,SALARIED
CUS109771,38,114300,11,60,664,0,35600,0.311,SALARIED
CUS109772,47,83100,27,156,793,4,17000,0.205,SALARIED
CUS109773,55,61500,21,86,684,0,8300,0.135,SALARIED
CUS109774,46,60200,45,36,701,1,5700,0.095,SALARIED
CUS109775,59,75300,45,100,764,3,8600,0.114,SALARIED
CUS109776,38,106300,42,42,708,5,22500,0.212,SALARIED
CUS109777,53,52700,68,50,735,1,11000,0.209,SALARIED
CUS109778,45,69000,15,60,694,3,15600,0.226,SALARIED
CUS109779,51,125000,24,67,765,2,31200,0.25,SALARIED
CUS109780,57,175300,30,44,674,1,20100,0.115,SALARIED
CUS109781,22,108600,25,135,751,0,7500,0.069,SALARIED
CUS109782,53,63100,38,89,811,0,6600,0.105,SALARIED
CUS109783,59,79300,23,140,819,0,28600,0.361,SALARIED
CUS109784,52,102300,21,60,813,1,5500,0.054,SALARIED
CUS109785,38,74600,13,36,656,1,15900,0.213,SALARIED
CUS109786,37,117100,9,44,755,0,15400,0.132,SALARIED
CUS109787,54,61200,23,30,800,1,16100,0.263,SALARIED
CUS109788,59,175700,50,36,772,0,34000,0.194,SALARIED
CUS109789,27,81700,63,49,644,2,3700,0.045,SALARIED
CUS109790,55,64000,59,99,664,2,7100,0.111,SALARIED
CUS109791,50,110900,53,95,747,0,34900,0.315,SALARIED
CUS109792,32,54700,39,65,768,2,10200,0.186,SALARIED
CUS109793,55,90900,73,44,767,0,13000,0.143,SALARIED
CUS109794,31,159700,51,95,733,0,27000,0.169,SALARIED
CUS109795,24,49200,19,79,712,3,8300,0.169,SALARIED
CUS109796,45,145300,89,102,678,2,20400,0.14,SALARIED
CUS109797,52,47500,38,32,745,1,13800,0.291,SALARIED
CUS109798,40,123000,65,71,850,0,27200,0.221,SALARIED
CUS109799,51,55500,26,96,815,2,11100,0.2,SALARIED
CUS109800,24,145300,35,143,763,1,14500,0.1,SALARIED
CUS109801,58,65600,48,118,792,1,20100,0.306,SALARIED
CUS109802,21,72400,65,32,806,1,6100,0.084,SALARIED
CUS109803,23,55700,50,113,786,0,8000,0.144,SALARIED
CUS109804,57,30000,44,80,774,1,2400,0.08,SALARIED
CUS109805,42,50800,46,111,771,1,8700,0.171,SALARIED
CUS109806,37,39800,15,94,679,2,1700,0.043,SALARIED
CUS109807,34,33900,64,35,804,0,16800,0.496,SALARIED
CUS109808,55,97000,25,76,790,2,22200,0.229,SALARIED
CUS109809,33,168800,51,84,690,4,30000,0.178,SALARIED
CUS109810,55,190800,71,89,682,0,12900,0.068,SALARIED
CUS109811,22,50400,53,95,702,1,6700,0.133,SALARIED
CUS109812,33,80900,49,68,807,0,13300,0.164,SALARIED
CUS109813,36,143600,52,126,711,0,26600,0.185,SALARIED
CUS109814,38,47100,75,44,710,1,24900,0.529,SALARIED
CUS109815,27,146100,46,123,765,3,17900,0.123,SALARIED
CUS109816,56,147200,11,47,719,2,67700,0.46,SALARIED
CUS109817,50,35400,22,117,697,1,9100,0.257,SALARIED
CUS109818,27,30000,25,84,613,1,4600,0.153,SALARIED
CUS109819,35,71000,22,14,807,3,16400,0.231,SALARIED
CUS109820,60,129600,31,92,717,0,20400,0.157,SALARIED
CUS109821,39,42900,20,56,795,1,2600,0.061,SALARIED
CUS109822,57,34000,51,118,713,0,1900,0.056,SALARIED
CUS109823,22,87500,29,71,646,1,17800,0.203,SALARIED
CUS109824,33,113000,64,35,729,2,8300,0.073,SALARIED
CUS109825,60,62600,31,88,627,4,12700,0.203,SALARIED
CUS109826,51,64900,16,93,663,0,9200,0.142,SALARIED
CUS109827,36,112700,13,107,708,1,4200,0.037,SALARIED
CUS109828,26,57500,45,36,716,0,4700,0.082,SALARIED
CUS109829,48,59400,70,31,738,2,22100,0.372,SALARIED
CUS109830,52,96300,21,76,803,0,37000,0.384,SALARIED
CUS109831,30,101300,87,99,711,2,20100,0.198,SALARIED
CUS109832,38,76900,42,178,651,3,13600,0.177,SALARIED
CUS109833,24,165800,35,70,819,0,35800,0.216,SALARIED
CUS109834,29,119100,15,63,775,1,4500,0.038,SALARIED
CUS109835,27,72600,64,68,661,2,12600,0.174,SALARIED
CUS109836,28,47600,36,87,768,2,10300,0.216,SALARIED
CUS109837,27,132800,47,109,718,3,20300,0.153,SALARIED
CUS109838,60,134900,16,93,693,2,14500,0.107,SALARIED
CUS109839,23,81300,27,127,738,0,6900,0.085,SALARIED
CUS109840,37,96300,45,125,734,1,14400,0.15,SALARIED
CUS109841,22,116500,62,39,738,1,16400,0.141,SALARIED
CUS109842,35,174900,50,29,725,2,36800,0.21,SALARIED
CUS109843,49,126700,21,45,671,4,35800,0.283,SALARIED
CUS109844,42,103800,16,34,737,3,10900,0.105,SALARIED
CUS109845,24,129200,49,54,695,2,7400,0.057,SALARIED
CUS109846,26,142700,35,93,682,1,22200,0.156,SALARIED
CUS109847,58,96000,18,98,700,1,7300,0.076,SALARIED
CUS109848,46,128400,31,107,681,2,31700,0.247,SALARIED
CUS109849,31,62700,82,90,694,1,6200,0.099,SALARIED
CUS109850,46,135400,96,34,689,1,38500,0.284,SALARIED
CUS109851,37,62900,43,48,619,1,6000,0.095,SALARIED
CUS109852,44,54000,73,56,747,1,8300,0.154,SALARIED
CUS109853,48,80200,71,80,707,2,13100,0.163,SALARIED
CUS109854,55,46500,28,48,734,2,5700,0.123,SALARIED
CUS109855,51,65000,19,60,747,3,15100,0.232,SALARIED
CUS109856,33,100800,17,27,742,1,5400,0.054,SALARIED
CUS109857,55,96300,49,102,752,1,19500,0.202,SALARIED
CUS109858,36,113300,8,96,731,1,19700,0.174,SALARIED
CUS109859,35,114100,103,174,746,1,21500,0.188,SALARIED
CUS109860,38,100600,27,70,655,3,8000,0.08,SALARIED
CUS109861,57,57900,28,55,731,3,3700,0.064,SALARIED
CUS109862,47,128800,86,35,730,0,59200,0.46,SALARIED
CUS109863,55,80900,38,96,717,1,26900,0.333,SALARIED
CUS109864,55,94700,41,115,733,0,11500,0.121,SALARIED
CUS109865,48,89100,65,39,669,0,5800,0.065,SALARIED
CUS109866,59,172600,43,42,722,1,29100,0.169,SALARIED
CUS109867,58,49600,86,63,732,0,31600,0.637,SALARIED
CUS109868,29,72800,36,69,801,2,5600,0.077,SALARIED
CUS109869,32,108000,78,128,731,1,42800,0.396,SALARIED
CUS109870,35,85800,59,39,693,2,15400,0.179,SALARIED
CUS109871,41,68300,27,91,631,0,7600,0.111,SALARIED
CUS109872,55,35900,29,133,725,1,6700,0.187,SALARIED
CUS109873,53,74700,68,54,751,0,21500,0.288,SALARIED
CUS109874,39,100100,36,77,731,2,29100,0.291,SALARIED
CUS109875,43,108600,20,66,779,2,26500,0.244,SALARIED
CUS109876,33,78800,77,24,672,1,10900,0.138,SALARIED
CUS109877,21,92100,77,61,687,2,21500,0.233,SALARIED
CUS109878,49,50800,30,69,835,0,8800,0.173,SALARIED
CUS109879,44,101300,8,74,734,2,2200,0.03,SALARIED
CUS109880,36,85400,58,24,712,1,12600,0.148,SALARIED
CUS109881,45,91600,34,53,716,0,1900,0.03,SALARIED
CUS109882,43,77000,39,100,701,2,3300,0.043,SALARIED
CUS109883,48,93500,72,61,778,0,5400,0.058,SALARIED
CUS109884,36,113100,27,101,691,3,8300,0.073,SALARIED
CUS109885,58,95400,19,50,722,1,19800,0.208,SALARIED
CUS109886,31,37400,56,127,679,0,11800,0.316,SALARIED
CUS109887,23,96200,20,101,582,2,19500,0.203,SALARIED
CUS109888,35,71400,28,26,711,2,8000,0.112,SALARIED
CUS109889,21,61800,13,101,726,3,13400,0.217,SALARIED
CUS109890,27,156000,57,71,722,2,47000,0.301,SALARIED
CUS109891,21,55900,34,38,813,2,5300,0.095,SALARIED
CUS109892,52,58800,53,63,740,1,18900,0.321,SALARIED
CUS109893,29,31000,26,57,760,1,900,0.03,SALARIED
CUS109894,49,162500,56,50,839,0,22500,0.138,SALARIED
CUS109895,46,126900,34,44,774,2,16200,0.128,SALARIED
CUS109896,43,73200,25,34,685,1,2100,0.03,SALARIED
CUS109897,49,112000,43,21,687,2,12500,0.112,SALARIED
CUS109898,58,31200,125,94,662,2,6400,0.205,SALARIED
CUS109899,53,105300,40,50,794,0,50500,0.48,SALARIED
CUS109900,27,57800,26,106,850,1,18500,0.32,SALARIED
CUS109901,32,180500,34,66,757,1,17700,0.098,SALARIED
CUS109902,51,100300,20,79,719,1,26100,0.26,SALARIED
CUS109903,52,90200,28,56,816,1,21600,0.239,SALARIED
CUS109904,40,58800,40,14,791,0,12300,0.209,SALARIED
CUS109905,37,58900,26,136,687,1,2500,0.042,SALARIED
CUS109906,56,111000,57,102,732,0,7800,0.07,SALARIED
CUS109907,23,58500,34,141,745,1,21900,0.374,SALARIED
CUS109908,21,57500,53,102,716,1,3800,0.066,SALARIED
CUS109909,47,160100,28,57,708,2,24300,0.152,SALARIED
CUS109910,60,96700,36,78,777,1,28700,0.297,SALARIED
CUS109911,53,51900,74,73,807,3,6700,0.129,SALARIED
CUS109912,40,109000,43,48,795,2,20500,0.188,SALARIED
CUS109913,34,75000,14,107,773,1,22300,0.297,SALARIED
CUS109914,56,38400,78,162,829,0,2300,0.06,SALARIED
CUS109915,25,67900,80,157,708,0,6600,0.097,SALARIED
CUS109916,43,53000,12,86,713,2,4900,0.092,SALARIED
CUS109917,35,95400,32,41,765,1,38800,0.407,SALARIED
CUS109918,26,63300,89,94,759,2,15500,0.245,SALARIED
CUS109919,53,88500,76,180,700,0,4900,0.055,SALARIED
CUS109920,39,114700,43,60,721,0,26700,0.233,SALARIED
CUS109921,33,245900,8,108,715,0,16700,0.068,SALARIED
CUS109922,49,207200,100,93,722,0,16800,0.081,SALARIED
CUS109923,26,94000,76,77,765,2,14500,0.154,SALARIED
CUS109924,35,83000,122,77,734,2,12900,0.155,SALARIED
CUS109925,36,65000,18,67,623,1,4500,0.069,SALARIED
CUS109926,44,40600,34,63,746,1,2100,0.052,SALARIED
CUS109927,43,30400,97,45,747,0,8100,0.266,SALARIED
CUS109928,30,58200,15,115,779,2,6700,0.115,SALARIED
CUS109929,37,177600,27,75,745,2,13300,0.075,SALARIED
CUS109930,50,174900,67,114,757,3,56400,0.322,SALARIED
CUS109931,30,87800,50,91,633,1,6300,0.072,SALARIED
CUS109932,39,104800,25,90,736,2,3900,0.037,SALARIED
CUS109933,49,64700,19,63,739,2,22500,0.348,SALARIED
CUS109934,22,83900,71,23,773,1,9200,0.11,SALARIED
CUS109935,56,59900,23,91,786,2,3600,0.06,SALARIED
CUS109936,39,59900,28,78,719,1,32900,0.549,SALARIED
CUS109937,27,112000,35,44,827,2,13500,0.121,SALARIED
CUS109938,46,64700,76,24,748,1,15900,0.246,SALARIED
CUS109939,35,106100,119,105,751,1,32600,0.307,SALARIED
CUS109940,58,79600,40,80,734,1,41000,0.515,SALARIED
CUS109941,23,160900,21,34,689,1,20500,0.127,SALARIED
CUS109942,58,109000,6,56,724,0,16900,0.155,SALARIED
CUS109943,36,94900,46,56,758,0,24100,0.254,SALARIED
CUS109944,22,44700,44,112,767,1,21300,0.477,SALARIED
CUS109945,51,68200,5,156,736,2,13400,0.196,SALARIED
CUS109946,48,83100,27,97,676,1,25600,0.308,SALARIED
CUS109947,27,87100,41,95,688,0,23800,0.273,SALARIED
CUS109948,50,114600,43,100,829,1,18300,0.16,SALARIED
CUS109949,27,93300,45,133,740,1,12900,0.138,SALARIED
CUS109950,56,53400,24,90,795,2,15800,0.296,SALARIED
CUS109951,49,111000,25,103,850,0,8800,0.079,SALARIED
CUS109952,44,69100,32,147,667,0,22000,0.318,SALARIED
CUS109953,59,63500,63,44,684,1,19200,0.302,SALARIED
CUS109954,24,51800,63,73,737,1,1300,0.03,SALARIED
CUS109955,49,72600,33,77,695,0,1500,0.03,SALARIED
CUS109956,25,66100,52,56,734,2,20100,0.304,SALARIED
CUS109957,49,143300,15,10,693,1,39500,0.276,SALARIED
CUS109958,50,75400,38,104,715,1,16600,0.22,SALARIED
CUS109959,49,108000,27,75,737,1,30100,0.279,SALARIED
CUS109960,46,37800,34,106,689,0,5500,0.146,SALARIED
CUS109961,39,118800,57,129,745,1,29300,0.247,SALARIED
CUS109962,46,113400,47,28,703,4,34300,0.302,SALARIED
CUS109963,57,44100,34,61,714,0,2800,0.063,SALARIED
CUS109964,47,57400,55,55,766,2,18700,0.326,SALARIED
CUS109965,50,63100,20,99,746,0,4200,0.067,SALARIED
CUS109966,50,77600,39,53,768,2,12400,0.16,SALARIED
CUS109967,23,61900,68,62,759,2,2200,0.036,SALARIED
CUS109968,27,76100,26,101,679,0,6700,0.088,SALARIED
CUS109969,29,114100,48,59,724,3,19800,0.174,SALARIED
CUS109970,33,66100,40,94,702,0,11400,0.172,SALARIED
CUS109971,35,97200,54,171,733,2,12100,0.124,SALARIED
CUS109972,25,92000,36,98,718,0,20000,0.217,SALARIED
CUS109973,49,30000,28,49,764,0,4400,0.147,SALARIED
CUS109974,55,59100,70,67,783,0,10000,0.169,SALARIED
CUS109975,47,132400,31,20,706,0,29400,0.222,SALARIED
CUS109976,47,56800,46,52,707,0,5400,0.095,SALARIED
CUS109977,28,52500,19,103,791,2,4200,0.08,SALARIED
CUS109978,52,135500,25,67,803,0,72700,0.537,SALARIED
CUS109979,40,91100,34,55,758,0,31700,0.348,SALARIED
CUS109980,30,163800,36,45,687,4,18000,0.11,SALARIED
CUS109981,33,69000,84,58,773,0,14400,0.209,SALARIED
CUS109982,49,146000,56,29,775,2,55100,0.377,SALARIED
CUS109983,55,57000,125,69,803,2,7100,0.125,SALARIED
CUS109984,28,30000,19,101,714,2,6700,0.223,SALARIED
CUS109985,49,115100,71,106,823,1,40000,0.348,SALARIED
CUS109986,51,110000,50,55,668,0,12400,0.113,SALARIED
CUS109987,50,115100,30,90,778,1,39000,0.339,SALARIED
CUS109988,42,77500,28,170,779,0,17200,0.222,SALARIED
CUS109989,41,164500,48,107,783,0,41100,0.25,SALARIED
CUS109990,32,125500,37,115,631,1,15800,0.126,SALARIED
CUS109991,31,123200,46,46,660,1,32700,0.265,SALARIED
CUS109992,22,89800,70,66,767,0,22100,0.246,SALARIED
CUS109993,22,46400,63,101,781,2,16900,0.364,SALARIED
CUS109994,54,87600,24,61,713,0,18100,0.207,SALARIED
CUS109995,23,99900,52,39,725,0,44300,0.443,SALARIED
CUS109996,36,212200,30,49,723,1,16000,0.075,SALARIED
CUS109997,24,95800,17,62,703,1,20700,0.216,SALARIED
CUS109998,43,53100,70,43,850,0,2100,0.04,SALARIED
CUS109999,40,104900,16,93,786,2,21400,0.204,SALARIED
