application_id,routing_decision,routing_reason,human_review_required
APP200000,AUTO_APPROVE,STANDARD_STRAIGHT_THROUGH,False
APP200001,AUTO_APPROVE,STANDARD_STRAIGHT_THROUGH,False
APP200002,AUTO_APPROVE,STANDARD_STRAIGHT_THROUGH,False
APP200003,AUTO_APPROVE,STANDARD_STRAIGHT_THROUGH,False
APP200004,AUTO_APPROVE,STANDARD_STRAIGHT_THROUGH,False
APP200005,AUTO_APPROVE,STANDARD_STRAIGHT_THROUGH,False
APP200006,AUTO_APPROVE,STANDARD_STRAIGHT_THROUGH,False
APP200007,AUTO_APPROVE,STANDARD_STRAIGHT_THROUGH,False
APP200008,AUTO_APPROVE,STANDARD_STRAIGHT_THROUGH,False
APP200009,AUTO_APPROVE,STANDARD_STRAIGHT_THROUGH,False
APP200010,DECLINE,POLICY_FAILURE,False
APP200011,DECLINE,POLICY_FAILURE,False
APP200012,AUTO_APPROVE,STANDARD_STRAIGHT_THROUGH,False
APP200013,AUTO_APPROVE,STANDARD_STRAIGHT_THROUGH,False
APP200014,AUTO_APPROVE,STANDARD_STRAIGHT_THROUGH,False
APP200015,AUTO_APPROVE,STANDARD_STRAIGHT_THROUGH,False
APP200016,DECLINE,POLICY_FAILURE,False
APP200017,AUTO_APPROVE,STANDARD_STRAIGHT_THROUGH,False
APP200018,AUTO_APPROVE,STANDARD_STRAIGHT_THROUGH,False
APP200019,DECLINE,POLICY_FAILURE,False
APP200020,AUTO_APPROVE,STANDARD_STRAIGHT_THROUGH,False
APP200021,DECLINE,POLICY_FAILURE,False
APP200022,AUTO_APPROVE,STANDARD_STRAIGHT_THROUGH,False
APP200023,DECLINE,POLICY_FAILURE,False
APP200024,AUTO_APPROVE,STANDARD_STRAIGHT_THROUGH,False
APP200025,DECLINE,POLICY_FAILURE,False
APP200026,DECLINE,POLICY_FAILURE,False
APP200027,DECLINE,POLICY_FAILURE,False
APP200028,AUTO_APPROVE,STANDARD_STRAIGHT_THROUGH,False
APP200029,AUTO_APPROVE,STANDARD_STRAIGHT_THROUGH,False
APP200030,DECLINE,POLICY_FAILURE,False
APP200031,HUMAN_REVIEW,LOW_DOCUMENT_CONFIDENCE,True
APP200032,AUTO_APPROVE,STANDARD_STRAIGHT_THROUGH,False
APP200033,DECLINE,POLICY_FAILURE,False
APP200034,DECLINE,POLICY_FAILURE,False
APP200035,AUTO_APPROVE,STANDARD_STRAIGHT_THROUGH,False
APP200036,AUTO_APPROVE,STANDARD_STRAIGHT_THROUGH,False
APP200037,DECLINE,POLICY_FAILURE,False
APP200038,AUTO_APPROVE,STANDARD_STRAIGHT_THROUGH,False
APP200039,DECLINE,POLICY_FAILURE,False
APP200040,AUTO_APPROVE,STANDARD_STRAIGHT_THROUGH,False
APP200041,AUTO_APPROVE,STANDARD_STRAIGHT_THROUGH,False
APP200042,DECLINE,POLICY_FAILURE,False
APP200043,AUTO_APPROVE,STANDARD_STRAIGHT_THROUGH,False
APP200044,AUTO_APPROVE,STANDARD_STRAIGHT_THROUGH,False
APP200045,AUTO_APPROVE,STANDARD_STRAIGHT_THROUGH,False
APP200046,DECLINE,POLICY_FAILURE,False
APP200047,DECLINE,POLICY_FAILURE,False
APP200048,DECLINE,POLICY_FAILURE,False
APP200049,AUTO_APPROVE,STANDARD_STRAIGHT_THROUGH,False
APP200050,DECLINE,POLICY_FAILURE,False
APP200051,DECLINE,POLICY_FAILURE,False
APP200052,DECLINE,POLICY_FAILURE,False
APP200053,AUTO_APPROVE,STANDARD_STRAIGHT_THROUGH,False
APP200054,DECLINE,POLICY_FAILURE,False
APP200055,AUTO_APPROVE,STANDARD_STRAIGHT_THROUGH,False
APP200056,DECLINE,POLICY_FAILURE,False
APP200057,AUTO_APPROVE,STANDARD_STRAIGHT_THROUGH,False
APP200058,DECLINE,POLICY_FAILURE,False
APP200059,AUTO_APPROVE,STANDARD_STRAIGHT_THROUGH,False
APP200060,AUTO_APPROVE,STANDARD_STRAIGHT_THROUGH,False
APP200061,AUTO_APPROVE,STANDARD_STRAIGHT_THROUGH,False
APP200062,AUTO_APPROVE,STANDARD_STRAIGHT_THROUGH,False
APP200063,DECLINE,POLICY_FAILURE,False
APP200064,DECLINE,POLICY_FAILURE,False
APP200065,DECLINE,POLICY_FAILURE,False
APP200066,AUTO_APPROVE,STANDARD_STRAIGHT_THROUGH,False
APP200067,DECLINE,POLICY_FAILURE,False
APP200068,DECLINE,POLICY_FAILURE,False
APP200069,AUTO_APPROVE,STANDARD_STRAIGHT_THROUGH,False
APP200070,DECLINE,POLICY_FAILURE,False
APP200071,AUTO_APPROVE,STANDARD_STRAIGHT_THROUGH,False
APP200072,AUTO_APPROVE,STANDARD_STRAIGHT_THROUGH,False
APP200073,AUTO_APPROVE,STANDARD_STRAIGHT_THROUGH,False
APP200074,AUTO_APPROVE,STANDARD_STRAIGHT_THROUGH,False
APP200075,DECLINE,POLICY_FAILURE,False
APP200076,DECLINE,POLICY_FAILURE,False
APP200077,DECLINE,POLICY_FAILURE,False
APP200078,DECLINE,POLICY_FAILURE,False
APP200079,AUTO_APPROVE,STANDARD_STRAIGHT_THROUGH,False
APP200080,AUTO_APPROVE,STANDARD_STRAIGHT_THROUGH,False
APP200081,AUTO_APPROVE,STANDARD_STRAIGHT_THROUGH,False
APP200082,HUMAN_REVIEW,LOW_DOCUMENT_CONFIDENCE,True
APP200083,DECLINE,POLICY_FAILURE,False
APP200084,AUTO_APPROVE,STANDARD_STRAIGHT_THROUGH,False
APP200085,AUTO_APPROVE,STANDARD_STRAIGHT_THROUGH,False
APP200086,AUTO_APPROVE,STANDARD_STRAIGHT_THROUGH,False
APP200087,AUTO_APPROVE,STANDARD_STRAIGHT_THROUGH,False
APP200088,DECLINE,POLICY_FAILURE,False
APP200089,AUTO_APPROVE,STANDARD_STRAIGHT_THROUGH,False
APP200090,AUTO_APPROVE,STANDARD_STRAIGHT_THROUGH,False
APP200091,DECLINE,POLICY_FAILURE,False
APP200092,DECLINE,POLICY_FAILURE,False
APP200093,DECLINE,POLICY_FAILURE,False
APP200094,DECLINE,POLICY_FAILURE,False
APP200095,AUTO_APPROVE,STANDARD_STRAIGHT_THROUGH,False
APP200096,DECLINE,POLICY_FAILURE,False
APP200097,AUTO_APPROVE,STANDARD_STRAIGHT_THROUGH,False
APP200098,DECLINE,POLICY_FAILURE,False
APP200099,AUTO_APPROVE,STANDARD_STRAIGHT_THROUGH,False
APP200100,AUTO_APPROVE,STANDARD_STRAIGHT_THROUGH,False
APP200101,AUTO_APPROVE,STANDARD_STRAIGHT_THROUGH,False
APP200102,AUTO_APPROVE,STANDARD_STRAIGHT_THROUGH,False
APP200103,AUTO_APPROVE,STANDARD_STRAIGHT_THROUGH,False
APP200104,AUTO_APPROVE,STANDARD_STRAIGHT_THROUGH,False
APP200105,AUTO_APPROVE,STANDARD_STRAIGHT_THROUGH,False
APP200106,AUTO_APPROVE,STANDARD_STRAIGHT_THROUGH,False
APP200107,AUTO_APPROVE,STANDARD_STRAIGHT_THROUGH,False
APP200108,DECLINE,POLICY_FAILURE,False
APP200109,AUTO_APPROVE,STANDARD_STRAIGHT_THROUGH,False
APP200110,AUTO_APPROVE,STANDARD_STRAIGHT_THROUGH,False
APP200111,DECLINE,POLICY_FAILURE,False
APP200112,DECLINE,POLICY_FAILURE,False
APP200113,AUTO_APPROVE,STANDARD_STRAIGHT_THROUGH,False
APP200114,AUTO_APPROVE,STANDARD_STRAIGHT_THROUGH,False
APP200115,AUTO_APPROVE,STANDARD_STRAIGHT_THROUGH,False
APP200116,AUTO_APPROVE,STANDARD_STRAIGHT_THROUGH,False
APP200117,AUTO_APPROVE,STANDARD_STRAIGHT_THROUGH,False
APP200118,AUTO_APPROVE,STANDARD_STRAIGHT_THROUGH,False
APP200119,DECLINE,POLICY_FAILURE,False
APP200120,DECLINE,POLICY_FAILURE,False
APP200121,DECLINE,POLICY_FAILURE,False
APP200122,AUTO_APPROVE,STANDARD_STRAIGHT_THROUGH,False
APP200123,DECLINE,POLICY_FAILURE,False
APP200124,DECLINE,POLICY_FAILURE,False
APP200125,AUTO_APPROVE,STANDARD_STRAIGHT_THROUGH,False
APP200126,DECLINE,POLICY_FAILURE,False
APP200127,DECLINE,POLICY_FAILURE,False
APP200128,AUTO_APPROVE,STANDARD_STRAIGHT_THROUGH,False
APP200129,AUTO_APPROVE,STANDARD_STRAIGHT_THROUGH,False
APP200130,DECLINE,POLICY_FAILURE,False
APP200131,AUTO_APPROVE,STANDARD_STRAIGHT_THROUGH,False
APP200132,AUTO_APPROVE,STANDARD_STRAIGHT_THROUGH,False
APP200133,AUTO_APPROVE,STANDARD_STRAIGHT_THROUGH,False
APP200134,DECLINE,POLICY_FAILURE,False
APP200135,DECLINE,POLICY_FAILURE,False
APP200136,DECLINE,POLICY_FAILURE,False
APP200137,DECLINE,POLICY_FAILURE,False
APP200138,AUTO_APPROVE,STANDARD_STRAIGHT_THROUGH,False
APP200139,AUTO_APPROVE,STANDARD_STRAIGHT_THROUGH,False
APP200140,AUTO_APPROVE,STANDARD_STRAIGHT_THROUGH,False
APP200141,AUTO_APPROVE,STANDARD_STRAIGHT_THROUGH,False
APP200142,AUTO_APPROVE,STANDARD_STRAIGHT_THROUGH,False
APP200143,DECLINE,POLICY_FAILURE,False
APP200144,DECLINE,POLICY_FAILURE,False
APP200145,AUTO_APPROVE,STANDARD_STRAIGHT_THROUGH,False
APP200146,DECLINE,POLICY_FAILURE,False
APP200147,AUTO_APPROVE,STANDARD_STRAIGHT_THROUGH,False
APP200148,DECLINE,POLICY_FAILURE,False
APP200149,DECLINE,POLICY_FAILURE,False
APP200150,AUTO_APPROVE,STANDARD_STRAIGHT_THROUGH,False
APP200151,AUTO_APPROVE,STANDARD_STRAIGHT_THROUGH,False
APP200152,AUTO_APPROVE,STANDARD_STRAIGHT_THROUGH,False
APP200153,DECLINE,POLICY_FAILURE,False
APP200154,AUTO_APPROVE,STANDARD_STRAIGHT_THROUGH,False
APP200155,DECLINE,POLICY_FAILURE,False
APP200156,AUTO_APPROVE,STANDARD_STRAIGHT_THROUGH,False
APP200157,DECLINE,POLICY_FAILURE,False
APP200158,DECLINE,POLICY_FAILURE,False
APP200159,AUTO_APPROVE,STANDARD_STRAIGHT_THROUGH,False
APP200160,AUTO_APPROVE,STANDARD_STRAIGHT_THROUGH,False
APP200161,DECLINE,POLICY_FAILURE,False
APP200162,DECLINE,POLICY_FAILURE,False
APP200163,DECLINE,POLICY_FAILURE,False
APP200164,AUTO_APPROVE,STANDARD_STRAIGHT_THROUGH,False
APP200165,AUTO_APPROVE,STANDARD_STRAIGHT_THROUGH,False
APP200166,DECLINE,POLICY_FAILURE,False
APP200167,AUTO_APPROVE,STANDARD_STRAIGHT_THROUGH,False
APP200168,DECLINE,POLICY_FAILURE,False
APP200169,DECLINE,POLICY_FAILURE,False
APP200170,AUTO_APPROVE,STANDARD_STRAIGHT_THROUGH,False
APP200171,DECLINE,POLICY_FAILURE,False
APP200172,AUTO_APPROVE,STANDARD_STRAIGHT_THROUGH,False
APP200173,AUTO_APPROVE,STANDARD_STRAIGHT_THROUGH,False
APP200174,AUTO_APPROVE,STANDARD_STRAIGHT_THROUGH,False
APP200175,AUTO_APPROVE,STANDARD_STRAIGHT_THROUGH,False
APP200176,DECLINE,POLICY_FAILURE,False
APP200177,AUTO_APPROVE,STANDARD_STRAIGHT_THROUGH,False
APP200178,DECLINE,POLICY_FAILURE,False
APP200179,AUTO_APPROVE,STANDARD_STRAIGHT_THROUGH,False
APP200180,AUTO_APPROVE,STANDARD_STRAIGHT_THROUGH,False
APP200181,AUTO_APPROVE,STANDARD_STRAIGHT_THROUGH,False
APP200182,AUTO_APPROVE,STANDARD_STRAIGHT_THROUGH,False
APP200183,AUTO_APPROVE,STANDARD_STRAIGHT_THROUGH,False
APP200184,DECLINE,POLICY_FAILURE,False
APP200185,AUTO_APPROVE,STANDARD_STRAIGHT_THROUGH,False
APP200186,AUTO_APPROVE,STANDARD_STRAIGHT_THROUGH,False
APP200187,AUTO_APPROVE,STANDARD_STRAIGHT_THROUGH,False
APP200188,AUTO_APPROVE,STANDARD_STRAIGHT_THROUGH,False
APP200189,DECLINE,POLICY_FAILURE,False
APP200190,AUTO_APPROVE,STANDARD_STRAIGHT_THROUGH,False
APP200191,AUTO_APPROVE,STANDARD_STRAIGHT_THROUGH,False
APP200192,AUTO_APPROVE,STANDARD_STRAIGHT_THROUGH,False
APP200193,DECLINE,POLICY_FAILURE,False
APP200194,DECLINE,POLICY_FAILURE,False
APP200195,AUTO_APPROVE,STANDARD_STRAIGHT_THROUGH,False
APP200196,AUTO_APPROVE,STANDARD_STRAIGHT_THROUGH,False
APP200197,DECLINE,POLICY_FAILURE,False
APP200198,DECLINE,POLICY_FAILURE,False
APP200199,AUTO_APPROVE,STANDARD_STRAIGHT_THROUGH,False
APP200200,DECLINE,POLICY_FAILURE,False
APP200201,AUTO_APPROVE,STANDARD_STRAIGHT_THROUGH,False
APP200202,DECLINE,POLICY_FAILURE,False
APP200203,AUTO_APPROVE,STANDARD_STRAIGHT_THROUGH,False
APP200204,DECLINE,POLICY_FAILURE,False
APP200205,DECLINE,POLICY_FAILURE,False
APP200206,AUTO_APPROVE,STANDARD_STRAIGHT_THROUGH,False
APP200207,DECLINE,POLICY_FAILURE,False
APP200208,DECLINE,POLICY_FAILURE,False
APP200209,AUTO_APPROVE,STANDARD_STRAIGHT_THROUGH,False
APP200210,DECLINE,POLICY_FAILURE,False
APP200211,DECLINE,POLICY_FAILURE,False
APP200212,DECLINE,POLICY_FAILURE,False
APP200213,DECLINE,POLICY_FAILURE,False
APP200214,AUTO_APPROVE,STANDARD_STRAIGHT_THROUGH,False
APP200215,AUTO_APPROVE,STANDARD_STRAIGHT_THROUGH,False
APP200216,AUTO_APPROVE,STANDARD_STRAIGHT_THROUGH,False
APP200217,AUTO_APPROVE,STANDARD_STRAIGHT_THROUGH,False
APP200218,DECLINE,POLICY_FAILURE,False
APP200219,DECLINE,POLICY_FAILURE,False
APP200220,AUTO_APPROVE,STANDARD_STRAIGHT_THROUGH,False
APP200221,AUTO_APPROVE,STANDARD_STRAIGHT_THROUGH,False
APP200222,DECLINE,POLICY_FAILURE,False
APP200223,AUTO_APPROVE,STANDARD_STRAIGHT_THROUGH,False
APP200224,AUTO_APPROVE,STANDARD_STRAIGHT_THROUGH,False
APP200225,AUTO_APPROVE,STANDARD_STRAIGHT_THROUGH,False
APP200226,DECLINE,POLICY_FAILURE,False
APP200227,AUTO_APPROVE,STANDARD_STRAIGHT_THROUGH,False
APP200228,DECLINE,POLICY_FAILURE,False
APP200229,AUTO_APPROVE,STANDARD_STRAIGHT_THROUGH,False
APP200230,AUTO_APPROVE,STANDARD_STRAIGHT_THROUGH,False
APP200231,AUTO_APPROVE,STANDARD_STRAIGHT_THROUGH,False
APP200232,DECLINE,POLICY_FAILURE,False
APP200233,DECLINE,POLICY_FAILURE,False
APP200234,AUTO_APPROVE,STANDARD_STRAIGHT_THROUGH,False
APP200235,AUTO_APPROVE,STANDARD_STRAIGHT_THROUGH,False
APP200236,AUTO_APPROVE,STANDARD_STRAIGHT_THROUGH,False
APP200237,DECLINE,POLICY_FAILURE,False
APP200238,DECLINE,POLICY_FAILURE,False
APP200239,AUTO_APPROVE,STANDARD_STRAIGHT_THROUGH,False
APP200240,DECLINE,POLICY_FAILURE,False
APP200241,DECLINE,POLICY_FAILURE,False
APP200242,AUTO_APPROVE,STANDARD_STRAIGHT_THROUGH,False
APP200243,DECLINE,POLICY_FAILURE,False
APP200244,DECLINE,POLICY_FAILURE,False
APP200245,AUTO_APPROVE,STANDARD_STRAIGHT_THROUGH,False
APP200246,DECLINE,POLICY_FAILURE,False
APP200247,AUTO_APPROVE,STANDARD_STRAIGHT_THROUGH,False
APP200248,AUTO_APPROVE,STANDARD_STRAIGHT_THROUGH,False
APP200249,AUTO_APPROVE,STANDARD_STRAIGHT_THROUGH,False
APP200250,DECLINE,POLICY_FAILURE,False
APP200251,DECLINE,POLICY_FAILURE,False
APP200252,AUTO_APPROVE,STANDARD_STRAIGHT_THROUGH,False
APP200253,DECLINE,POLICY_FAILURE,False
APP200254,AUTO_APPROVE,STANDARD_STRAIGHT_THROUGH,False
APP200255,DECLINE,POLICY_FAILURE,False
APP200256,DECLINE,POLICY_FAILURE,False
APP200257,DECLINE,POLICY_FAILURE,False
APP200258,DECLINE,POLICY_FAILURE,False
APP200259,AUTO_APPROVE,STANDARD_STRAIGHT_THROUGH,False
APP200260,AUTO_APPROVE,STANDARD_STRAIGHT_THROUGH,False
APP200261,AUTO_APPROVE,STANDARD_STRAIGHT_THROUGH,False
APP200262,AUTO_APPROVE,STANDARD_STRAIGHT_THROUGH,False
APP200263,HUMAN_REVIEW,LOW_DOCUMENT_CONFIDENCE,True
APP200264,AUTO_APPROVE,STANDARD_STRAIGHT_THROUGH,False
APP200265,AUTO_APPROVE,STANDARD_STRAIGHT_THROUGH,False
APP200266,AUTO_APPROVE,STANDARD_STRAIGHT_THROUGH,False
APP200267,DECLINE,POLICY_FAILURE,False
APP200268,AUTO_APPROVE,STANDARD_STRAIGHT_THROUGH,False
APP200269,DECLINE,POLICY_FAILURE,False
APP200270,DECLINE,POLICY_FAILURE,False
APP200271,AUTO_APPROVE,STANDARD_STRAIGHT_THROUGH,False
APP200272,AUTO_APPROVE,STANDARD_STRAIGHT_THROUGH,False
APP200273,AUTO_APPROVE,STANDARD_STRAIGHT_THROUGH,False
APP200274,DECLINE,POLICY_FAILURE,False
APP200275,AUTO_APPROVE,STANDARD_STRAIGHT_THROUGH,False
APP200276,AUTO_APPROVE,STANDARD_STRAIGHT_THROUGH,False
APP200277,DECLINE,POLICY_FAILURE,False
APP200278,DECLINE,POLICY_FAILURE,False
APP200279,AUTO_APPROVE,STANDARD_STRAIGHT_THROUGH,False
APP200280,AUTO_APPROVE,STANDARD_STRAIGHT_THROUGH,False
APP200281,AUTO_APPROVE,STANDARD_STRAIGHT_THROUGH,False
APP200282,DECLINE,POLICY_FAILURE,False
APP200283,AUTO_APPROVE,STANDARD_STRAIGHT_THROUGH,False
APP200284,DECLINE,POLICY_FAILURE,False
APP200285,HUMAN_REVIEW,LOW_DOCUMENT_CONFIDENCE,True
APP200286,DECLINE,POLICY_FAILURE,False
APP200287,AUTO_APPROVE,STANDARD_STRAIGHT_THROUGH,False
APP200288,AUTO_APPROVE,STANDARD_STRAIGHT_THROUGH,False
APP200289,DECLINE,POLICY_FAILURE,False
APP200290,AUTO_APPROVE,STANDARD_STRAIGHT_THROUGH,False
APP200291,AUTO_APPROVE,STANDARD_STRAIGHT_THROUGH,False
APP200292,DECLINE,POLICY_FAILURE,False
APP200293,DECLINE,POLICY_FAILURE,False
APP200294,DECLINE,POLICY_FAILURE,False
APP200295,AUTO_APPROVE,STANDARD_STRAIGHT_THROUGH,False
APP200296,DECLINE,POLICY_FAILURE,False
APP200297,AUTO_APPROVE,STANDARD_STRAIGHT_THROUGH,False
APP200298,DECLINE,POLICY_FAILURE,False
APP200299,AUTO_APPROVE,STANDARD_STRAIGHT_THROUGH,False
APP200300,AUTO_APPROVE,STANDARD_STRAIGHT_THROUGH,False
APP200301,AUTO_APPROVE,STANDARD_STRAIGHT_THROUGH,False
APP200302,AUTO_APPROVE,STANDARD_STRAIGHT_THROUGH,False
APP200303,AUTO_APPROVE,STANDARD_STRAIGHT_THROUGH,False
APP200304,AUTO_APPROVE,STANDARD_STRAIGHT_THROUGH,False
APP200305,AUTO_APPROVE,STANDARD_STRAIGHT_THROUGH,False
APP200306,DECLINE,POLICY_FAILURE,False
APP200307,AUTO_APPROVE,STANDARD_STRAIGHT_THROUGH,False
APP200308,AUTO_APPROVE,STANDARD_STRAIGHT_THROUGH,False
APP200309,AUTO_APPROVE,STANDARD_STRAIGHT_THROUGH,False
APP200310,DECLINE,POLICY_FAILURE,False
APP200311,AUTO_APPROVE,STANDARD_STRAIGHT_THROUGH,False
APP200312,DECLINE,POLICY_FAILURE,False
APP200313,DECLINE,POLICY_FAILURE,False
APP200314,DECLINE,POLICY_FAILURE,False
APP200315,AUTO_APPROVE,STANDARD_STRAIGHT_THROUGH,False
APP200316,AUTO_APPROVE,STANDARD_STRAIGHT_THROUGH,False
APP200317,AUTO_APPROVE,STANDARD_STRAIGHT_THROUGH,False
APP200318,AUTO_APPROVE,STANDARD_STRAIGHT_THROUGH,False
APP200319,DECLINE,POLICY_FAILURE,False
APP200320,DECLINE,POLICY_FAILURE,False
APP200321,DECLINE,POLICY_FAILURE,False
APP200322,AUTO_APPROVE,STANDARD_STRAIGHT_THROUGH,False
APP200323,AUTO_APPROVE,STANDARD_STRAIGHT_THROUGH,False
APP200324,DECLINE,POLICY_FAILURE,False
APP200325,AUTO_APPROVE,STANDARD_STRAIGHT_THROUGH,False
APP200326,AUTO_APPROVE,STANDARD_STRAIGHT_THROUGH,False
APP200327,DECLINE,POLICY_FAILURE,False
APP200328,AUTO_APPROVE,STANDARD_STRAIGHT_THROUGH,False
APP200329,AUTO_APPROVE,STANDARD_STRAIGHT_THROUGH,False
APP200330,AUTO_APPROVE,STANDARD_STRAIGHT_THROUGH,False
APP200331,DECLINE,POLICY_FAILURE,False
APP200332,AUTO_APPROVE,STANDARD_STRAIGHT_THROUGH,False
APP200333,DECLINE,POLICY_FAILURE,False
APP200334,AUTO_APPROVE,STANDARD_STRAIGHT_THROUGH,False
APP200335,AUTO_APPROVE,STANDARD_STRAIGHT_THROUGH,False
APP200336,AUTO_APPROVE,STANDARD_STRAIGHT_THROUGH,False
APP200337,AUTO_APPROVE,STANDARD_STRAIGHT_THROUGH,False
APP200338,AUTO_APPROVE,STANDARD_STRAIGHT_THROUGH,False
APP200339,DECLINE,POLICY_FAILURE,False
APP200340,AUTO_APPROVE,STANDARD_STRAIGHT_THROUGH,False
APP200341,AUTO_APPROVE,STANDARD_STRAIGHT_THROUGH,False
APP200342,AUTO_APPROVE,STANDARD_STRAIGHT_THROUGH,False
APP200343,AUTO_APPROVE,STANDARD_STRAIGHT_THROUGH,False
APP200344,AUTO_APPROVE,STANDARD_STRAIGHT_THROUGH,False
APP200345,AUTO_APPROVE,STANDARD_STRAIGHT_THROUGH,False
APP200346,DECLINE,POLICY_FAILURE,False
APP200347,AUTO_APPROVE,STANDARD_STRAIGHT_THROUGH,False
APP200348,AUTO_APPROVE,STANDARD_STRAIGHT_THROUGH,False
APP200349,AUTO_APPROVE,STANDARD_STRAIGHT_THROUGH,False
APP200350,DECLINE,POLICY_FAILURE,False
APP200351,AUTO_APPROVE,STANDARD_STRAIGHT_THROUGH,False
APP200352,DECLINE,POLICY_FAILURE,False
APP200353,AUTO_APPROVE,STANDARD_STRAIGHT_THROUGH,False
APP200354,AUTO_APPROVE,STANDARD_STRAIGHT_THROUGH,False
APP200355,DECLINE,POLICY_FAILURE,False
APP200356,DECLINE,POLICY_FAILURE,False
APP200357,AUTO_APPROVE,STANDARD_STRAIGHT_THROUGH,False
APP200358,AUTO_APPROVE,STANDARD_STRAIGHT_THROUGH,False
APP200359,DECLINE,POLICY_FAILURE,False
APP200360,AUTO_APPROVE,STANDARD_STRAIGHT_THROUGH,False
APP200361,AUTO_APPROVE,STANDARD_STRAIGHT_THROUGH,False
APP200362,AUTO_APPROVE,STANDARD_STRAIGHT_THROUGH,False
APP200363,AUTO_APPROVE,STANDARD_STRAIGHT_THROUGH,False
APP200364,AUTO_APPROVE,STANDARD_STRAIGHT_THROUGH,False
APP200365,DECLINE,POLICY_FAILURE,False
APP200366,AUTO_APPROVE,STANDARD_STRAIGHT_THROUGH,False
APP200367,AUTO_APPROVE,STANDARD_STRAIGHT_THROUGH,False
APP200368,AUTO_APPROVE,STANDARD_STRAIGHT_THROUGH,False
APP200369,DECLINE,POLICY_FAILURE,False
APP200370,AUTO_APPROVE,STANDARD_STRAIGHT_THROUGH,False
APP200371,AUTO_APPROVE,STANDARD_STRAIGHT_THROUGH,False
APP200372,AUTO_APPROVE,STANDARD_STRAIGHT_THROUGH,False
APP200373,AUTO_APPROVE,STANDARD_STRAIGHT_THROUGH,False
APP200374,AUTO_APPROVE,STANDARD_STRAIGHT_THROUGH,False
APP200375,AUTO_APPROVE,STANDARD_STRAIGHT_THROUGH,False
APP200376,AUTO_APPROVE,STANDARD_STRAIGHT_THROUGH,False
APP200377,AUTO_APPROVE,STANDARD_STRAIGHT_THROUGH,False
APP200378,AUTO_APPROVE,STANDARD_STRAIGHT_THROUGH,False
APP200379,AUTO_APPROVE,STANDARD_STRAIGHT_THROUGH,False
APP200380,DECLINE,POLICY_FAILURE,False
APP200381,AUTO_APPROVE,STANDARD_STRAIGHT_THROUGH,False
APP200382,DECLINE,POLICY_FAILURE,False
APP200383,DECLINE,POLICY_FAILURE,False
APP200384,HUMAN_REVIEW,LOW_DOCUMENT_CONFIDENCE,True
APP200385,DECLINE,POLICY_FAILURE,False
APP200386,AUTO_APPROVE,STANDARD_STRAIGHT_THROUGH,False
APP200387,DECLINE,POLICY_FAILURE,False
APP200388,AUTO_APPROVE,STANDARD_STRAIGHT_THROUGH,False
APP200389,AUTO_APPROVE,STANDARD_STRAIGHT_THROUGH,False
APP200390,DECLINE,POLICY_FAILURE,False
APP200391,AUTO_APPROVE,STANDARD_STRAIGHT_THROUGH,False
APP200392,AUTO_APPROVE,STANDARD_STRAIGHT_THROUGH,False
APP200393,AUTO_APPROVE,STANDARD_STRAIGHT_THROUGH,False
APP200394,AUTO_APPROVE,STANDARD_STRAIGHT_THROUGH,False
APP200395,DECLINE,POLICY_FAILURE,False
APP200396,DECLINE,POLICY_FAILURE,False
APP200397,DECLINE,POLICY_FAILURE,False
APP200398,AUTO_APPROVE,STANDARD_STRAIGHT_THROUGH,False
APP200399,AUTO_APPROVE,STANDARD_STRAIGHT_THROUGH,False
APP200400,AUTO_APPROVE,STANDARD_STRAIGHT_THROUGH,False
APP200401,AUTO_APPROVE,STANDARD_STRAIGHT_THROUGH,False
APP200402,AUTO_APPROVE,STANDARD_STRAIGHT_THROUGH,False
APP200403,AUTO_APPROVE,STANDARD_STRAIGHT_THROUGH,False
APP200404,DECLINE,POLICY_FAILURE,False
APP200405,AUTO_APPROVE,STANDARD_STRAIGHT_THROUGH,False
APP200406,DECLINE,POLICY_FAILURE,False
APP200407,AUTO_APPROVE,STANDARD_STRAIGHT_THROUGH,False
APP200408,AUTO_APPROVE,STANDARD_STRAIGHT_THROUGH,False
APP200409,DECLINE,POLICY_FAILURE,False
APP200410,DECLINE,POLICY_FAILURE,False
APP200411,AUTO_APPROVE,STANDARD_STRAIGHT_THROUGH,False
APP200412,AUTO_APPROVE,STANDARD_STRAIGHT_THROUGH,False
APP200413,AUTO_APPROVE,STANDARD_STRAIGHT_THROUGH,False
APP200414,AUTO_APPROVE,STANDARD_STRAIGHT_THROUGH,False
APP200415,AUTO_APPROVE,STANDARD_STRAIGHT_THROUGH,False
APP200416,AUTO_APPROVE,STANDARD_STRAIGHT_THROUGH,False
APP200417,AUTO_APPROVE,STANDARD_STRAIGHT_THROUGH,False
APP200418,AUTO_APPROVE,STANDARD_STRAIGHT_THROUGH,False
APP200419,DECLINE,POLICY_FAILURE,False
APP200420,AUTO_APPROVE,STANDARD_STRAIGHT_THROUGH,False
APP200421,AUTO_APPROVE,STANDARD_STRAIGHT_THROUGH,False
APP200422,DECLINE,POLICY_FAILURE,False
APP200423,AUTO_APPROVE,STANDARD_STRAIGHT_THROUGH,False
APP200424,AUTO_APPROVE,STANDARD_STRAIGHT_THROUGH,False
APP200425,AUTO_APPROVE,STANDARD_STRAIGHT_THROUGH,False
APP200426,AUTO_APPROVE,STANDARD_STRAIGHT_THROUGH,False
APP200427,DECLINE,POLICY_FAILURE,False
APP200428,DECLINE,POLICY_FAILURE,False
APP200429,AUTO_APPROVE,STANDARD_STRAIGHT_THROUGH,False
APP200430,AUTO_APPROVE,STANDARD_STRAIGHT_THROUGH,False
APP200431,AUTO_APPROVE,STANDARD_STRAIGHT_THROUGH,False
APP200432,DECLINE,POLICY_FAILURE,False
APP200433,AUTO_APPROVE,STANDARD_STRAIGHT_THROUGH,False
APP200434,DECLINE,POLICY_FAILURE,False
APP200435,DECLINE,POLICY_FAILURE,False
APP200436,DECLINE,POLICY_FAILURE,False
APP200437,AUTO_APPROVE,STANDARD_STRAIGHT_THROUGH,False
APP200438,AUTO_APPROVE,STANDARD_STRAIGHT_THROUGH,False
APP200439,AUTO_APPROVE,STANDARD_STRAIGHT_THROUGH,False
APP200440,AUTO_APPROVE,STANDARD_STRAIGHT_THROUGH,False
APP200441,AUTO_APPROVE,STANDARD_STRAIGHT_THROUGH,False
APP200442,DECLINE,POLICY_FAILURE,False
APP200443,DECLINE,POLICY_FAILURE,False
APP200444,AUTO_APPROVE,STANDARD_STRAIGHT_THROUGH,False
APP200445,AUTO_APPROVE,STANDARD_STRAIGHT_THROUGH,False
APP200446,AUTO_APPROVE,STANDARD_STRAIGHT_THROUGH,False
APP200447,AUTO_APPROVE,STANDARD_STRAIGHT_THROUGH,False
APP200448,DECLINE,POLICY_FAILURE,False
APP200449,AUTO_APPROVE,STANDARD_STRAIGHT_THROUGH,False
APP200450,AUTO_APPROVE,STANDARD_STRAIGHT_THROUGH,False
APP200451,AUTO_APPROVE,STANDARD_STRAIGHT_THROUGH,False
APP200452,DECLINE,POLICY_FAILURE,False
APP200453,AUTO_APPROVE,STANDARD_STRAIGHT_THROUGH,False
APP200454,DECLINE,POLICY_FAILURE,False
APP200455,HUMAN_REVIEW,MEDIUM_FRAUD_RISK,True
APP200456,AUTO_APPROVE,STANDARD_STRAIGHT_THROUGH,False
APP200457,DECLINE,POLICY_FAILURE,False
APP200458,DECLINE,POLICY_FAILURE,False
APP200459,AUTO_APPROVE,STANDARD_STRAIGHT_THROUGH,False
APP200460,AUTO_APPROVE,STANDARD_STRAIGHT_THROUGH,False
APP200461,AUTO_APPROVE,STANDARD_STRAIGHT_THROUGH,False
APP200462,AUTO_APPROVE,STANDARD_STRAIGHT_THROUGH,False
APP200463,AUTO_APPROVE,STANDARD_STRAIGHT_THROUGH,False
APP200464,AUTO_APPROVE,STANDARD_STRAIGHT_THROUGH,False
APP200465,DECLINE,POLICY_FAILURE,False
APP200466,AUTO_APPROVE,STANDARD_STRAIGHT_THROUGH,False
APP200467,AUTO_APPROVE,STANDARD_STRAIGHT_THROUGH,False
APP200468,AUTO_APPROVE,STANDARD_STRAIGHT_THROUGH,False
APP200469,DECLINE,POLICY_FAILURE,False
APP200470,DECLINE,POLICY_FAILURE,False
APP200471,AUTO_APPROVE,STANDARD_STRAIGHT_THROUGH,False
APP200472,AUTO_APPROVE,STANDARD_STRAIGHT_THROUGH,False
APP200473,DECLINE,POLICY_FAILURE,False
APP200474,DECLINE,POLICY_FAILURE,False
APP200475,AUTO_APPROVE,STANDARD_STRAIGHT_THROUGH,False
APP200476,DECLINE,POLICY_FAILURE,False
APP200477,AUTO_APPROVE,STANDARD_STRAIGHT_THROUGH,False
APP200478,DECLINE,POLICY_FAILURE,False
APP200479,DECLINE,POLICY_FAILURE,False
APP200480,AUTO_APPROVE,STANDARD_STRAIGHT_THROUGH,False
APP200481,DECLINE,POLICY_FAILURE,False
APP200482,AUTO_APPROVE,STANDARD_STRAIGHT_THROUGH,False
APP200483,AUTO_APPROVE,STANDARD_STRAIGHT_THROUGH,False
APP200484,AUTO_APPROVE,STANDARD_STRAIGHT_THROUGH,False
APP200485,DECLINE,POLICY_FAILURE,False
APP200486,DECLINE,POLICY_FAILURE,False
APP200487,AUTO_APPROVE,STANDARD_STRAIGHT_THROUGH,False
APP200488,AUTO_APPROVE,STANDARD_STRAIGHT_THROUGH,False
APP200489,DECLINE,POLICY_FAILURE,False
APP200490,AUTO_APPROVE,STANDARD_STRAIGHT_THROUGH,False
APP200491,AUTO_APPROVE,STANDARD_STRAIGHT_THROUGH,False
APP200492,AUTO_APPROVE,STANDARD_STRAIGHT_THROUGH,False
APP200493,AUTO_APPROVE,STANDARD_STRAIGHT_THROUGH,False
APP200494,HUMAN_REVIEW,LOW_DOCUMENT_CONFIDENCE,True
APP200495,AUTO_APPROVE,STANDARD_STRAIGHT_THROUGH,False
APP200496,AUTO_APPROVE,STANDARD_STRAIGHT_THROUGH,False
APP200497,AUTO_APPROVE,STANDARD_STRAIGHT_THROUGH,False
APP200498,AUTO_APPROVE,STANDARD_STRAIGHT_THROUGH,False
APP200499,AUTO_APPROVE,STANDARD_STRAIGHT_THROUGH,False
APP200500,AUTO_APPROVE,STANDARD_STRAIGHT_THROUGH,False
APP200501,DECLINE,POLICY_FAILURE,False
APP200502,AUTO_APPROVE,STANDARD_STRAIGHT_THROUGH,False
APP200503,AUTO_APPROVE,STANDARD_STRAIGHT_THROUGH,False
APP200504,AUTO_APPROVE,STANDARD_STRAIGHT_THROUGH,False
APP200505,AUTO_APPROVE,STANDARD_STRAIGHT_THROUGH,False
APP200506,AUTO_APPROVE,STANDARD_STRAIGHT_THROUGH,False
APP200507,HUMAN_REVIEW,LOW_DOCUMENT_CONFIDENCE,True
APP200508,DECLINE,POLICY_FAILURE,False
APP200509,AUTO_APPROVE,STANDARD_STRAIGHT_THROUGH,False
APP200510,DECLINE,POLICY_FAILURE,False
APP200511,DECLINE,POLICY_FAILURE,False
APP200512,AUTO_APPROVE,STANDARD_STRAIGHT_THROUGH,False
APP200513,DECLINE,POLICY_FAILURE,False
APP200514,AUTO_APPROVE,STANDARD_STRAIGHT_THROUGH,False
APP200515,AUTO_APPROVE,STANDARD_STRAIGHT_THROUGH,False
APP200516,DECLINE,POLICY_FAILURE,False
APP200517,AUTO_APPROVE,STANDARD_STRAIGHT_THROUGH,False
APP200518,AUTO_APPROVE,STANDARD_STRAIGHT_THROUGH,False
APP200519,AUTO_APPROVE,STANDARD_STRAIGHT_THROUGH,False
APP200520,DECLINE,POLICY_FAILURE,False
APP200521,AUTO_APPROVE,STANDARD_STRAIGHT_THROUGH,False
APP200522,AUTO_APPROVE,STANDARD_STRAIGHT_THROUGH,False
APP200523,DECLINE,POLICY_FAILURE,False
APP200524,AUTO_APPROVE,STANDARD_STRAIGHT_THROUGH,False
APP200525,DECLINE,POLICY_FAILURE,False
APP200526,AUTO_APPROVE,STANDARD_STRAIGHT_THROUGH,False
APP200527,DECLINE,POLICY_FAILURE,False
APP200528,AUTO_APPROVE,STANDARD_STRAIGHT_THROUGH,False
APP200529,DECLINE,POLICY_FAILURE,False
APP200530,DECLINE,POLICY_FAILURE,False
APP200531,AUTO_APPROVE,STANDARD_STRAIGHT_THROUGH,False
APP200532,DECLINE,POLICY_FAILURE,False
APP200533,AUTO_APPROVE,STANDARD_STRAIGHT_THROUGH,False
APP200534,AUTO_APPROVE,STANDARD_STRAIGHT_THROUGH,False
APP200535,AUTO_APPROVE,STANDARD_STRAIGHT_THROUGH,False
APP200536,AUTO_APPROVE,STANDARD_STRAIGHT_THROUGH,False
APP200537,DECLINE,POLICY_FAILURE,False
APP200538,AUTO_APPROVE,STANDARD_STRAIGHT_THROUGH,False
APP200539,DECLINE,POLICY_FAILURE,False
APP200540,AUTO_APPROVE,STANDARD_STRAIGHT_THROUGH,False
APP200541,AUTO_APPROVE,STANDARD_STRAIGHT_THROUGH,False
APP200542,AUTO_APPROVE,STANDARD_STRAIGHT_THROUGH,False
APP200543,DECLINE,POLICY_FAILURE,False
APP200544,AUTO_APPROVE,STANDARD_STRAIGHT_THROUGH,False
APP200545,AUTO_APPROVE,STANDARD_STRAIGHT_THROUGH,False
APP200546,AUTO_APPROVE,STANDARD_STRAIGHT_THROUGH,False
APP200547,AUTO_APPROVE,STANDARD_STRAIGHT_THROUGH,False
APP200548,DECLINE,POLICY_FAILURE,False
APP200549,AUTO_APPROVE,STANDARD_STRAIGHT_THROUGH,False
APP200550,DECLINE,POLICY_FAILURE,False
APP200551,DECLINE,POLICY_FAILURE,False
APP200552,AUTO_APPROVE,STANDARD_STRAIGHT_THROUGH,False
APP200553,AUTO_APPROVE,STANDARD_STRAIGHT_THROUGH,False
APP200554,AUTO_APPROVE,STANDARD_STRAIGHT_THROUGH,False
APP200555,AUTO_APPROVE,STANDARD_STRAIGHT_THROUGH,False
APP200556,DECLINE,POLICY_FAILURE,False
APP200557,AUTO_APPROVE,STANDARD_STRAIGHT_THROUGH,False
APP200558,AUTO_APPROVE,STANDARD_STRAIGHT_THROUGH,False
APP200559,AUTO_APPROVE,STANDARD_STRAIGHT_THROUGH,False
APP200560,DECLINE,POLICY_FAILURE,False
APP200561,AUTO_APPROVE,STANDARD_STRAIGHT_THROUGH,False
APP200562,DECLINE,POLICY_FAILURE,False
APP200563,AUTO_APPROVE,STANDARD_STRAIGHT_THROUGH,False
APP200564,AUTO_APPROVE,STANDARD_STRAIGHT_THROUGH,False
APP200565,AUTO_APPROVE,STANDARD_STRAIGHT_THROUGH,False
APP200566,AUTO_APPROVE,STANDARD_STRAIGHT_THROUGH,False
APP200567,DECLINE,POLICY_FAILURE,False
APP200568,AUTO_APPROVE,STANDARD_STRAIGHT_THROUGH,False
APP200569,AUTO_APPROVE,STANDARD_STRAIGHT_THROUGH,False
APP200570,AUTO_APPROVE,STANDARD_STRAIGHT_THROUGH,False
APP200571,DECLINE,POLICY_FAILURE,False
APP200572,DECLINE,POLICY_FAILURE,False
APP200573,AUTO_APPROVE,STANDARD_STRAIGHT_THROUGH,False
APP200574,AUTO_APPROVE,STANDARD_STRAIGHT_THROUGH,False
APP200575,DECLINE,POLICY_FAILURE,False
APP200576,AUTO_APPROVE,STANDARD_STRAIGHT_THROUGH,False
APP200577,DECLINE,POLICY_FAILURE,False
APP200578,AUTO_APPROVE,STANDARD_STRAIGHT_THROUGH,False
APP200579,DECLINE,POLICY_FAILURE,False
APP200580,AUTO_APPROVE,STANDARD_STRAIGHT_THROUGH,False
APP200581,AUTO_APPROVE,STANDARD_STRAIGHT_THROUGH,False
APP200582,AUTO_APPROVE,STANDARD_STRAIGHT_THROUGH,False
APP200583,AUTO_APPROVE,STANDARD_STRAIGHT_THROUGH,False
APP200584,AUTO_APPROVE,STANDARD_STRAIGHT_THROUGH,False
APP200585,AUTO_APPROVE,STANDARD_STRAIGHT_THROUGH,False
APP200586,AUTO_APPROVE,STANDARD_STRAIGHT_THROUGH,False
APP200587,AUTO_APPROVE,STANDARD_STRAIGHT_THROUGH,False
APP200588,AUTO_APPROVE,STANDARD_STRAIGHT_THROUGH,False
APP200589,AUTO_APPROVE,STANDARD_STRAIGHT_THROUGH,False
APP200590,DECLINE,POLICY_FAILURE,False
APP200591,DECLINE,POLICY_FAILURE,False
APP200592,AUTO_APPROVE,STANDARD_STRAIGHT_THROUGH,False
APP200593,AUTO_APPROVE,STANDARD_STRAIGHT_THROUGH,False
APP200594,AUTO_APPROVE,STANDARD_STRAIGHT_THROUGH,False
APP200595,AUTO_APPROVE,STANDARD_STRAIGHT_THROUGH,False
APP200596,AUTO_APPROVE,STANDARD_STRAIGHT_THROUGH,False
APP200597,DECLINE,POLICY_FAILURE,False
APP200598,DECLINE,POLICY_FAILURE,False
APP200599,AUTO_APPROVE,STANDARD_STRAIGHT_THROUGH,False
APP200600,DECLINE,POLICY_FAILURE,False
APP200601,AUTO_APPROVE,STANDARD_STRAIGHT_THROUGH,False
APP200602,DECLINE,POLICY_FAILURE,False
APP200603,DECLINE,POLICY_FAILURE,False
APP200604,DECLINE,POLICY_FAILURE,False
APP200605,AUTO_APPROVE,STANDARD_STRAIGHT_THROUGH,False
APP200606,AUTO_APPROVE,STANDARD_STRAIGHT_THROUGH,False
APP200607,DECLINE,POLICY_FAILURE,False
APP200608,DECLINE,POLICY_FAILURE,False
APP200609,AUTO_APPROVE,STANDARD_STRAIGHT_THROUGH,False
APP200610,AUTO_APPROVE,STANDARD_STRAIGHT_THROUGH,False
APP200611,AUTO_APPROVE,STANDARD_STRAIGHT_THROUGH,False
APP200612,DECLINE,POLICY_FAILURE,False
APP200613,AUTO_APPROVE,STANDARD_STRAIGHT_THROUGH,False
APP200614,AUTO_APPROVE,STANDARD_STRAIGHT_THROUGH,False
APP200615,DECLINE,POLICY_FAILURE,False
APP200616,DECLINE,POLICY_FAILURE,False
APP200617,DECLINE,POLICY_FAILURE,False
APP200618,DECLINE,POLICY_FAILURE,False
APP200619,AUTO_APPROVE,STANDARD_STRAIGHT_THROUGH,False
APP200620,AUTO_APPROVE,STANDARD_STRAIGHT_THROUGH,False
APP200621,DECLINE,POLICY_FAILURE,False
APP200622,AUTO_APPROVE,STANDARD_STRAIGHT_THROUGH,False
APP200623,DECLINE,POLICY_FAILURE,False
APP200624,DECLINE,POLICY_FAILURE,False
APP200625,AUTO_APPROVE,STANDARD_STRAIGHT_THROUGH,False
APP200626,DECLINE,POLICY_FAILURE,False
APP200627,DECLINE,POLICY_FAILURE,False
APP200628,DECLINE,POLICY_FAILURE,False
APP200629,AUTO_APPROVE,STANDARD_STRAIGHT_THROUGH,False
APP200630,AUTO_APPROVE,STANDARD_STRAIGHT_THROUGH,False
APP200631,AUTO_APPROVE,STANDARD_STRAIGHT_THROUGH,False
APP200632,AUTO_APPROVE,STANDARD_STRAIGHT_THROUGH,False
APP200633,AUTO_APPROVE,STANDARD_STRAIGHT_THROUGH,False
APP200634,AUTO_APPROVE,STANDARD_STRAIGHT_THROUGH,False
APP200635,AUTO_APPROVE,STANDARD_STRAIGHT_THROUGH,False
APP200636,AUTO_APPROVE,STANDARD_STRAIGHT_THROUGH,False
APP200637,AUTO_APPROVE,STANDARD_STRAIGHT_THROUGH,False
APP200638,DECLINE,POLICY_FAILURE,False
APP200639,AUTO_APPROVE,STANDARD_STRAIGHT_THROUGH,False
APP200640,DECLINE,POLICY_FAILURE,False
APP200641,AUTO_APPROVE,STANDARD_STRAIGHT_THROUGH,False
APP200642,DECLINE,POLICY_FAILURE,False
APP200643,DECLINE,POLICY_FAILURE,False
APP200644,AUTO_APPROVE,STANDARD_STRAIGHT_THROUGH,False
APP200645,HUMAN_REVIEW,LOW_DOCUMENT_CONFIDENCE,True
APP200646,AUTO_APPROVE,STANDARD_STRAIGHT_THROUGH,False
APP200647,DECLINE,POLICY_FAILURE,False
APP200648,AUTO_APPROVE,STANDARD_STRAIGHT_THROUGH,False
APP200649,AUTO_APPROVE,STANDARD_STRAIGHT_THROUGH,False
APP200650,AUTO_APPROVE,STANDARD_STRAIGHT_THROUGH,False
APP200651,AUTO_APPROVE,STANDARD_STRAIGHT_THROUGH,False
APP200652,DECLINE,POLICY_FAILURE,False
APP200653,DECLINE,POLICY_FAILURE,False
APP200654,AUTO_APPROVE,STANDARD_STRAIGHT_THROUGH,False
APP200655,AUTO_APPROVE,STANDARD_STRAIGHT_THROUGH,False
APP200656,AUTO_APPROVE,STANDARD_STRAIGHT_THROUGH,False
APP200657,DECLINE,POLICY_FAILURE,False
APP200658,DECLINE,POLICY_FAILURE,False
APP200659,DECLINE,POLICY_FAILURE,False
APP200660,AUTO_APPROVE,STANDARD_STRAIGHT_THROUGH,False
APP200661,AUTO_APPROVE,STANDARD_STRAIGHT_THROUGH,False
APP200662,AUTO_APPROVE,STANDARD_STRAIGHT_THROUGH,False
APP200663,AUTO_APPROVE,STANDARD_STRAIGHT_THROUGH,False
APP200664,AUTO_APPROVE,STANDARD_STRAIGHT_THROUGH,False
APP200665,AUTO_APPROVE,STANDARD_STRAIGHT_THROUGH,False
APP200666,DECLINE,POLICY_FAILURE,False
APP200667,AUTO_APPROVE,STANDARD_STRAIGHT_THROUGH,False
APP200668,AUTO_APPROVE,STANDARD_STRAIGHT_THROUGH,False
APP200669,AUTO_APPROVE,STANDARD_STRAIGHT_THROUGH,False
APP200670,DECLINE,POLICY_FAILURE,False
APP200671,AUTO_APPROVE,STANDARD_STRAIGHT_THROUGH,False
APP200672,DECLINE,POLICY_FAILURE,False
APP200673,DECLINE,POLICY_FAILURE,False
APP200674,AUTO_APPROVE,STANDARD_STRAIGHT_THROUGH,False
APP200675,DECLINE,POLICY_FAILURE,False
APP200676,AUTO_APPROVE,STANDARD_STRAIGHT_THROUGH,False
APP200677,AUTO_APPROVE,STANDARD_STRAIGHT_THROUGH,False
APP200678,AUTO_APPROVE,STANDARD_STRAIGHT_THROUGH,False
APP200679,DECLINE,POLICY_FAILURE,False
APP200680,AUTO_APPROVE,STANDARD_STRAIGHT_THROUGH,False
APP200681,AUTO_APPROVE,STANDARD_STRAIGHT_THROUGH,False
APP200682,AUTO_APPROVE,STANDARD_STRAIGHT_THROUGH,False
APP200683,DECLINE,POLICY_FAILURE,False
APP200684,AUTO_APPROVE,STANDARD_STRAIGHT_THROUGH,False
APP200685,AUTO_APPROVE,STANDARD_STRAIGHT_THROUGH,False
APP200686,AUTO_APPROVE,STANDARD_STRAIGHT_THROUGH,False
APP200687,DECLINE,POLICY_FAILURE,False
APP200688,AUTO_APPROVE,STANDARD_STRAIGHT_THROUGH,False
APP200689,DECLINE,POLICY_FAILURE,False
APP200690,DECLINE,POLICY_FAILURE,False
APP200691,DECLINE,POLICY_FAILURE,False
APP200692,DECLINE,POLICY_FAILURE,False
APP200693,AUTO_APPROVE,STANDARD_STRAIGHT_THROUGH,False
APP200694,HUMAN_REVIEW,LOW_DOCUMENT_CONFIDENCE,True
APP200695,AUTO_APPROVE,STANDARD_STRAIGHT_THROUGH,False
APP200696,AUTO_APPROVE,STANDARD_STRAIGHT_THROUGH,False
APP200697,DECLINE,POLICY_FAILURE,False
APP200698,AUTO_APPROVE,STANDARD_STRAIGHT_THROUGH,False
APP200699,AUTO_APPROVE,STANDARD_STRAIGHT_THROUGH,False
APP200700,DECLINE,POLICY_FAILURE,False
APP200701,AUTO_APPROVE,STANDARD_STRAIGHT_THROUGH,False
APP200702,AUTO_APPROVE,STANDARD_STRAIGHT_THROUGH,False
APP200703,AUTO_APPROVE,STANDARD_STRAIGHT_THROUGH,False
APP200704,AUTO_APPROVE,STANDARD_STRAIGHT_THROUGH,False
APP200705,AUTO_APPROVE,STANDARD_STRAIGHT_THROUGH,False
APP200706,AUTO_APPROVE,STANDARD_STRAIGHT_THROUGH,False
APP200707,DECLINE,POLICY_FAILURE,False
APP200708,AUTO_APPROVE,STANDARD_STRAIGHT_THROUGH,False
APP200709,AUTO_APPROVE,STANDARD_STRAIGHT_THROUGH,False
APP200710,AUTO_APPROVE,STANDARD_STRAIGHT_THROUGH,False
APP200711,AUTO_APPROVE,STANDARD_STRAIGHT_THROUGH,False
APP200712,AUTO_APPROVE,STANDARD_STRAIGHT_THROUGH,False
APP200713,AUTO_APPROVE,STANDARD_STRAIGHT_THROUGH,False
APP200714,AUTO_APPROVE,STANDARD_STRAIGHT_THROUGH,False
APP200715,AUTO_APPROVE,STANDARD_STRAIGHT_THROUGH,False
APP200716,AUTO_APPROVE,STANDARD_STRAIGHT_THROUGH,False
APP200717,DECLINE,POLICY_FAILURE,False
APP200718,AUTO_APPROVE,STANDARD_STRAIGHT_THROUGH,False
APP200719,DECLINE,POLICY_FAILURE,False
APP200720,AUTO_APPROVE,STANDARD_STRAIGHT_THROUGH,False
APP200721,AUTO_APPROVE,STANDARD_STRAIGHT_THROUGH,False
APP200722,DECLINE,POLICY_FAILURE,False
APP200723,AUTO_APPROVE,STANDARD_STRAIGHT_THROUGH,False
APP200724,DECLINE,POLICY_FAILURE,False
APP200725,DECLINE,POLICY_FAILURE,False
APP200726,AUTO_APPROVE,STANDARD_STRAIGHT_THROUGH,False
APP200727,AUTO_APPROVE,STANDARD_STRAIGHT_THROUGH,False
APP200728,AUTO_APPROVE,STANDARD_STRAIGHT_THROUGH,False
APP200729,AUTO_APPROVE,STANDARD_STRAIGHT_THROUGH,False
APP200730,DECLINE,POLICY_FAILURE,False
APP200731,AUTO_APPROVE,STANDARD_STRAIGHT_THROUGH,False
APP200732,AUTO_APPROVE,STANDARD_STRAIGHT_THROUGH,False
APP200733,DECLINE,POLICY_FAILURE,False
APP200734,DECLINE,POLICY_FAILURE,False
APP200735,AUTO_APPROVE,STANDARD_STRAIGHT_THROUGH,False
APP200736,DECLINE,POLICY_FAILURE,False
APP200737,DECLINE,POLICY_FAILURE,False
APP200738,AUTO_APPROVE,STANDARD_STRAIGHT_THROUGH,False
APP200739,AUTO_APPROVE,STANDARD_STRAIGHT_THROUGH,False
APP200740,AUTO_APPROVE,STANDARD_STRAIGHT_THROUGH,False
APP200741,AUTO_APPROVE,STANDARD_STRAIGHT_THROUGH,False
APP200742,DECLINE,POLICY_FAILURE,False
APP200743,AUTO_APPROVE,STANDARD_STRAIGHT_THROUGH,False
APP200744,AUTO_APPROVE,STANDARD_STRAIGHT_THROUGH,False
APP200745,AUTO_APPROVE,STANDARD_STRAIGHT_THROUGH,False
APP200746,DECLINE,POLICY_FAILURE,False
APP200747,AUTO_APPROVE,STANDARD_STRAIGHT_THROUGH,False
APP200748,DECLINE,POLICY_FAILURE,False
APP200749,AUTO_APPROVE,STANDARD_STRAIGHT_THROUGH,False
APP200750,DECLINE,POLICY_FAILURE,False
APP200751,AUTO_APPROVE,STANDARD_STRAIGHT_THROUGH,False
APP200752,AUTO_APPROVE,STANDARD_STRAIGHT_THROUGH,False
APP200753,DECLINE,POLICY_FAILURE,False
APP200754,AUTO_APPROVE,STANDARD_STRAIGHT_THROUGH,False
APP200755,AUTO_APPROVE,STANDARD_STRAIGHT_THROUGH,False
APP200756,AUTO_APPROVE,STANDARD_STRAIGHT_THROUGH,False
APP200757,DECLINE,POLICY_FAILURE,False
APP200758,AUTO_APPROVE,STANDARD_STRAIGHT_THROUGH,False
APP200759,DECLINE,POLICY_FAILURE,False
APP200760,AUTO_APPROVE,STANDARD_STRAIGHT_THROUGH,False
APP200761,DECLINE,POLICY_FAILURE,False
APP200762,DECLINE,POLICY_FAILURE,False
APP200763,DECLINE,POLICY_FAILURE,False
APP200764,AUTO_APPROVE,STANDARD_STRAIGHT_THROUGH,False
APP200765,AUTO_APPROVE,STANDARD_STRAIGHT_THROUGH,False
APP200766,DECLINE,POLICY_FAILURE,False
APP200767,AUTO_APPROVE,STANDARD_STRAIGHT_THROUGH,False
APP200768,DECLINE,POLICY_FAILURE,False
APP200769,DECLINE,POLICY_FAILURE,False
APP200770,AUTO_APPROVE,STANDARD_STRAIGHT_THROUGH,False
APP200771,AUTO_APPROVE,STANDARD_STRAIGHT_THROUGH,False
APP200772,DECLINE,POLICY_FAILURE,False
APP200773,DECLINE,POLICY_FAILURE,False
APP200774,DECLINE,POLICY_FAILURE,False
APP200775,HUMAN_REVIEW,LOW_DOCUMENT_CONFIDENCE,True
APP200776,AUTO_APPROVE,STANDARD_STRAIGHT_THROUGH,False
APP200777,AUTO_APPROVE,STANDARD_STRAIGHT_THROUGH,False
APP200778,AUTO_APPROVE,STANDARD_STRAIGHT_THROUGH,False
APP200779,AUTO_APPROVE,STANDARD_STRAIGHT_THROUGH,False
APP200780,AUTO_APPROVE,STANDARD_STRAIGHT_THROUGH,False
APP200781,AUTO_APPROVE,STANDARD_STRAIGHT_THROUGH,False
APP200782,DECLINE,POLICY_FAILURE,False
APP200783,DECLINE,POLICY_FAILURE,False
APP200784,AUTO_APPROVE,STANDARD_STRAIGHT_THROUGH,False
APP200785,AUTO_APPROVE,STANDARD_STRAIGHT_THROUGH,False
APP200786,AUTO_APPROVE,STANDARD_STRAIGHT_THROUGH,False
APP200787,DECLINE,POLICY_FAILURE,False
APP200788,AUTO_APPROVE,STANDARD_STRAIGHT_THROUGH,False
APP200789,AUTO_APPROVE,STANDARD_STRAIGHT_THROUGH,False
APP200790,DECLINE,POLICY_FAILURE,False
APP200791,DECLINE,POLICY_FAILURE,False
APP200792,DECLINE,POLICY_FAILURE,False
APP200793,DECLINE,POLICY_FAILURE,False
APP200794,AUTO_APPROVE,STANDARD_STRAIGHT_THROUGH,False
APP200795,DECLINE,POLICY_FAILURE,False
APP200796,AUTO_APPROVE,STANDARD_STRAIGHT_THROUGH,False
APP200797,AUTO_APPROVE,STANDARD_STRAIGHT_THROUGH,False
APP200798,AUTO_APPROVE,STANDARD_STRAIGHT_THROUGH,False
APP200799,AUTO_APPROVE,STANDARD_STRAIGHT_THROUGH,False
APP200800,AUTO_APPROVE,STANDARD_STRAIGHT_THROUGH,False
APP200801,AUTO_APPROVE,STANDARD_STRAIGHT_THROUGH,False
APP200802,AUTO_APPROVE,STANDARD_STRAIGHT_THROUGH,False
APP200803,AUTO_APPROVE,STANDARD_STRAIGHT_THROUGH,False
APP200804,DECLINE,POLICY_FAILURE,False
APP200805,AUTO_APPROVE,STANDARD_STRAIGHT_THROUGH,False
APP200806,AUTO_APPROVE,STANDARD_STRAIGHT_THROUGH,False
APP200807,AUTO_APPROVE,STANDARD_STRAIGHT_THROUGH,False
APP200808,DECLINE,POLICY_FAILURE,False
APP200809,AUTO_APPROVE,STANDARD_STRAIGHT_THROUGH,False
APP200810,AUTO_APPROVE,STANDARD_STRAIGHT_THROUGH,False
APP200811,AUTO_APPROVE,STANDARD_STRAIGHT_THROUGH,False
APP200812,AUTO_APPROVE,STANDARD_STRAIGHT_THROUGH,False
APP200813,AUTO_APPROVE,STANDARD_STRAIGHT_THROUGH,False
APP200814,AUTO_APPROVE,STANDARD_STRAIGHT_THROUGH,False
APP200815,AUTO_APPROVE,STANDARD_STRAIGHT_THROUGH,False
APP200816,AUTO_APPROVE,STANDARD_STRAIGHT_THROUGH,False
APP200817,DECLINE,POLICY_FAILURE,False
APP200818,DECLINE,POLICY_FAILURE,False
APP200819,AUTO_APPROVE,STANDARD_STRAIGHT_THROUGH,False
APP200820,AUTO_APPROVE,STANDARD_STRAIGHT_THROUGH,False
APP200821,DECLINE,POLICY_FAILURE,False
APP200822,DECLINE,POLICY_FAILURE,False
APP200823,HUMAN_REVIEW,LOW_DOCUMENT_CONFIDENCE,True
APP200824,HUMAN_REVIEW,LOW_DOCUMENT_CONFIDENCE,True
APP200825,AUTO_APPROVE,STANDARD_STRAIGHT_THROUGH,False
APP200826,AUTO_APPROVE,STANDARD_STRAIGHT_THROUGH,False
APP200827,DECLINE,POLICY_FAILURE,False
APP200828,DECLINE,POLICY_FAILURE,False
APP200829,DECLINE,POLICY_FAILURE,False
APP200830,AUTO_APPROVE,STANDARD_STRAIGHT_THROUGH,False
APP200831,DECLINE,POLICY_FAILURE,False
APP200832,AUTO_APPROVE,STANDARD_STRAIGHT_THROUGH,False
APP200833,AUTO_APPROVE,STANDARD_STRAIGHT_THROUGH,False
APP200834,AUTO_APPROVE,STANDARD_STRAIGHT_THROUGH,False
APP200835,AUTO_APPROVE,STANDARD_STRAIGHT_THROUGH,False
APP200836,DECLINE,POLICY_FAILURE,False
APP200837,AUTO_APPROVE,STANDARD_STRAIGHT_THROUGH,False
APP200838,DECLINE,POLICY_FAILURE,False
APP200839,AUTO_APPROVE,STANDARD_STRAIGHT_THROUGH,False
APP200840,DECLINE,POLICY_FAILURE,False
APP200841,AUTO_APPROVE,STANDARD_STRAIGHT_THROUGH,False
APP200842,DECLINE,POLICY_FAILURE,False
APP200843,DECLINE,POLICY_FAILURE,False
APP200844,AUTO_APPROVE,STANDARD_STRAIGHT_THROUGH,False
APP200845,DECLINE,POLICY_FAILURE,False
APP200846,AUTO_APPROVE,STANDARD_STRAIGHT_THROUGH,False
APP200847,DECLINE,POLICY_FAILURE,False
APP200848,AUTO_APPROVE,STANDARD_STRAIGHT_THROUGH,False
APP200849,AUTO_APPROVE,STANDARD_STRAIGHT_THROUGH,False
APP200850,DECLINE,POLICY_FAILURE,False
APP200851,AUTO_APPROVE,STANDARD_STRAIGHT_THROUGH,False
APP200852,AUTO_APPROVE,STANDARD_STRAIGHT_THROUGH,False
APP200853,AUTO_APPROVE,STANDARD_STRAIGHT_THROUGH,False
APP200854,AUTO_APPROVE,STANDARD_STRAIGHT_THROUGH,False
APP200855,DECLINE,POLICY_FAILURE,False
APP200856,AUTO_APPROVE,STANDARD_STRAIGHT_THROUGH,False
APP200857,DECLINE,POLICY_FAILURE,False
APP200858,AUTO_APPROVE,STANDARD_STRAIGHT_THROUGH,False
APP200859,DECLINE,POLICY_FAILURE,False
APP200860,AUTO_APPROVE,STANDARD_STRAIGHT_THROUGH,False
APP200861,AUTO_APPROVE,STANDARD_STRAIGHT_THROUGH,False
APP200862,AUTO_APPROVE,STANDARD_STRAIGHT_THROUGH,False
APP200863,DECLINE,POLICY_FAILURE,False
APP200864,AUTO_APPROVE,STANDARD_STRAIGHT_THROUGH,False
APP200865,DECLINE,POLICY_FAILURE,False
APP200866,AUTO_APPROVE,STANDARD_STRAIGHT_THROUGH,False
APP200867,DECLINE,POLICY_FAILURE,False
APP200868,AUTO_APPROVE,STANDARD_STRAIGHT_THROUGH,False
APP200869,AUTO_APPROVE,STANDARD_STRAIGHT_THROUGH,False
APP200870,DECLINE,POLICY_FAILURE,False
APP200871,AUTO_APPROVE,STANDARD_STRAIGHT_THROUGH,False
APP200872,AUTO_APPROVE,STANDARD_STRAIGHT_THROUGH,False
APP200873,AUTO_APPROVE,STANDARD_STRAIGHT_THROUGH,False
APP200874,AUTO_APPROVE,STANDARD_STRAIGHT_THROUGH,False
APP200875,AUTO_APPROVE,STANDARD_STRAIGHT_THROUGH,False
APP200876,AUTO_APPROVE,STANDARD_STRAIGHT_THROUGH,False
APP200877,AUTO_APPROVE,STANDARD_STRAIGHT_THROUGH,False
APP200878,AUTO_APPROVE,STANDARD_STRAIGHT_THROUGH,False
APP200879,DECLINE,POLICY_FAILURE,False
APP200880,AUTO_APPROVE,STANDARD_STRAIGHT_THROUGH,False
APP200881,AUTO_APPROVE,STANDARD_STRAIGHT_THROUGH,False
APP200882,AUTO_APPROVE,STANDARD_STRAIGHT_THROUGH,False
APP200883,AUTO_APPROVE,STANDARD_STRAIGHT_THROUGH,False
APP200884,DECLINE,POLICY_FAILURE,False
APP200885,AUTO_APPROVE,STANDARD_STRAIGHT_THROUGH,False
APP200886,AUTO_APPROVE,STANDARD_STRAIGHT_THROUGH,False
APP200887,AUTO_APPROVE,STANDARD_STRAIGHT_THROUGH,False
APP200888,AUTO_APPROVE,STANDARD_STRAIGHT_THROUGH,False
APP200889,AUTO_APPROVE,STANDARD_STRAIGHT_THROUGH,False
APP200890,DECLINE,POLICY_FAILURE,False
APP200891,AUTO_APPROVE,STANDARD_STRAIGHT_THROUGH,False
APP200892,AUTO_APPROVE,STANDARD_STRAIGHT_THROUGH,False
APP200893,AUTO_APPROVE,STANDARD_STRAIGHT_THROUGH,False
APP200894,AUTO_APPROVE,STANDARD_STRAIGHT_THROUGH,False
APP200895,DECLINE,POLICY_FAILURE,False
APP200896,AUTO_APPROVE,STANDARD_STRAIGHT_THROUGH,False
APP200897,DECLINE,POLICY_FAILURE,False
APP200898,AUTO_APPROVE,STANDARD_STRAIGHT_THROUGH,False
APP200899,AUTO_APPROVE,STANDARD_STRAIGHT_THROUGH,False
APP200900,DECLINE,POLICY_FAILURE,False
APP200901,DECLINE,POLICY_FAILURE,False
APP200902,AUTO_APPROVE,STANDARD_STRAIGHT_THROUGH,False
APP200903,AUTO_APPROVE,STANDARD_STRAIGHT_THROUGH,False
APP200904,AUTO_APPROVE,STANDARD_STRAIGHT_THROUGH,False
APP200905,AUTO_APPROVE,STANDARD_STRAIGHT_THROUGH,False
APP200906,AUTO_APPROVE,STANDARD_STRAIGHT_THROUGH,False
APP200907,DECLINE,POLICY_FAILURE,False
APP200908,AUTO_APPROVE,STANDARD_STRAIGHT_THROUGH,False
APP200909,DECLINE,POLICY_FAILURE,False
APP200910,AUTO_APPROVE,STANDARD_STRAIGHT_THROUGH,False
APP200911,HUMAN_REVIEW,LOW_DOCUMENT_CONFIDENCE,True
APP200912,AUTO_APPROVE,STANDARD_STRAIGHT_THROUGH,False
APP200913,AUTO_APPROVE,STANDARD_STRAIGHT_THROUGH,False
APP200914,DECLINE,POLICY_FAILURE,False
APP200915,AUTO_APPROVE,STANDARD_STRAIGHT_THROUGH,False
APP200916,AUTO_APPROVE,STANDARD_STRAIGHT_THROUGH,False
APP200917,AUTO_APPROVE,STANDARD_STRAIGHT_THROUGH,False
APP200918,HUMAN_REVIEW,LOW_DOCUMENT_CONFIDENCE,True
APP200919,DECLINE,POLICY_FAILURE,False
APP200920,AUTO_APPROVE,STANDARD_STRAIGHT_THROUGH,False
APP200921,AUTO_APPROVE,STANDARD_STRAIGHT_THROUGH,False
APP200922,DECLINE,POLICY_FAILURE,False
APP200923,AUTO_APPROVE,STANDARD_STRAIGHT_THROUGH,False
APP200924,AUTO_APPROVE,STANDARD_STRAIGHT_THROUGH,False
APP200925,AUTO_APPROVE,STANDARD_STRAIGHT_THROUGH,False
APP200926,AUTO_APPROVE,STANDARD_STRAIGHT_THROUGH,False
APP200927,AUTO_APPROVE,STANDARD_STRAIGHT_THROUGH,False
APP200928,AUTO_APPROVE,STANDARD_STRAIGHT_THROUGH,False
APP200929,DECLINE,POLICY_FAILURE,False
APP200930,DECLINE,POLICY_FAILURE,False
APP200931,HUMAN_REVIEW,LOW_DOCUMENT_CONFIDENCE,True
APP200932,AUTO_APPROVE,STANDARD_STRAIGHT_THROUGH,False
APP200933,DECLINE,POLICY_FAILURE,False
APP200934,DECLINE,POLICY_FAILURE,False
APP200935,AUTO_APPROVE,STANDARD_STRAIGHT_THROUGH,False
APP200936,AUTO_APPROVE,STANDARD_STRAIGHT_THROUGH,False
APP200937,AUTO_APPROVE,STANDARD_STRAIGHT_THROUGH,False
APP200938,DECLINE,POLICY_FAILURE,False
APP200939,DECLINE,POLICY_FAILURE,False
APP200940,DECLINE,POLICY_FAILURE,False
APP200941,AUTO_APPROVE,STANDARD_STRAIGHT_THROUGH,False
APP200942,DECLINE,POLICY_FAILURE,False
APP200943,AUTO_APPROVE,STANDARD_STRAIGHT_THROUGH,False
APP200944,DECLINE,POLICY_FAILURE,False
APP200945,AUTO_APPROVE,STANDARD_STRAIGHT_THROUGH,False
APP200946,AUTO_APPROVE,STANDARD_STRAIGHT_THROUGH,False
APP200947,DECLINE,POLICY_FAILURE,False
APP200948,AUTO_APPROVE,STANDARD_STRAIGHT_THROUGH,False
APP200949,AUTO_APPROVE,STANDARD_STRAIGHT_THROUGH,False
APP200950,DECLINE,POLICY_FAILURE,False
APP200951,AUTO_APPROVE,STANDARD_STRAIGHT_THROUGH,False
APP200952,DECLINE,POLICY_FAILURE,False
APP200953,AUTO_APPROVE,STANDARD_STRAIGHT_THROUGH,False
APP200954,DECLINE,POLICY_FAILURE,False
APP200955,DECLINE,POLICY_FAILURE,False
APP200956,DECLINE,POLICY_FAILURE,False
APP200957,DECLINE,POLICY_FAILURE,False
APP200958,DECLINE,POLICY_FAILURE,False
APP200959,AUTO_APPROVE,STANDARD_STRAIGHT_THROUGH,False
APP200960,AUTO_APPROVE,STANDARD_STRAIGHT_THROUGH,False
APP200961,DECLINE,POLICY_FAILURE,False
APP200962,AUTO_APPROVE,STANDARD_STRAIGHT_THROUGH,False
APP200963,AUTO_APPROVE,STANDARD_STRAIGHT_THROUGH,False
APP200964,AUTO_APPROVE,STANDARD_STRAIGHT_THROUGH,False
APP200965,DECLINE,POLICY_FAILURE,False
APP200966,HUMAN_REVIEW,MEDIUM_FRAUD_RISK,True
APP200967,AUTO_APPROVE,STANDARD_STRAIGHT_THROUGH,False
APP200968,DECLINE,POLICY_FAILURE,False
APP200969,DECLINE,POLICY_FAILURE,False
APP200970,AUTO_APPROVE,STANDARD_STRAIGHT_THROUGH,False
APP200971,AUTO_APPROVE,STANDARD_STRAIGHT_THROUGH,False
APP200972,DECLINE,POLICY_FAILURE,False
APP200973,DECLINE,POLICY_FAILURE,False
APP200974,AUTO_APPROVE,STANDARD_STRAIGHT_THROUGH,False
APP200975,AUTO_APPROVE,STANDARD_STRAIGHT_THROUGH,False
APP200976,DECLINE,POLICY_FAILURE,False
APP200977,AUTO_APPROVE,STANDARD_STRAIGHT_THROUGH,False
APP200978,AUTO_APPROVE,STANDARD_STRAIGHT_THROUGH,False
APP200979,AUTO_APPROVE,STANDARD_STRAIGHT_THROUGH,False
APP200980,AUTO_APPROVE,STANDARD_STRAIGHT_THROUGH,False
APP200981,AUTO_APPROVE,STANDARD_STRAIGHT_THROUGH,False
APP200982,AUTO_APPROVE,STANDARD_STRAIGHT_THROUGH,False
APP200983,DECLINE,POLICY_FAILURE,False
APP200984,AUTO_APPROVE,STANDARD_STRAIGHT_THROUGH,False
APP200985,AUTO_APPROVE,STANDARD_STRAIGHT_THROUGH,False
APP200986,AUTO_APPROVE,STANDARD_STRAIGHT_THROUGH,False
APP200987,AUTO_APPROVE,STANDARD_STRAIGHT_THROUGH,False
APP200988,HUMAN_REVIEW,LOW_DOCUMENT_CONFIDENCE,True
APP200989,AUTO_APPROVE,STANDARD_STRAIGHT_THROUGH,False
APP200990,AUTO_APPROVE,STANDARD_STRAIGHT_THROUGH,False
APP200991,DECLINE,POLICY_FAILURE,False
APP200992,DECLINE,POLICY_FAILURE,False
APP200993,AUTO_APPROVE,STANDARD_STRAIGHT_THROUGH,False
APP200994,AUTO_APPROVE,STANDARD_STRAIGHT_THROUGH,False
APP200995,DECLINE,POLICY_FAILURE,False
APP200996,AUTO_APPROVE,STANDARD_STRAIGHT_THROUGH,False
APP200997,AUTO_APPROVE,STANDARD_STRAIGHT_THROUGH,False
APP200998,AUTO_APPROVE,STANDARD_STRAIGHT_THROUGH,False
APP200999,DECLINE,POLICY_FAILURE,False
APP201000,AUTO_APPROVE,STANDARD_STRAIGHT_THROUGH,False
APP201001,DECLINE,POLICY_FAILURE,False
APP201002,AUTO_APPROVE,STANDARD_STRAIGHT_THROUGH,False
APP201003,DECLINE,POLICY_FAILURE,False
APP201004,DECLINE,POLICY_FAILURE,False
APP201005,HUMAN_REVIEW,LOW_DOCUMENT_CONFIDENCE,True
APP201006,DECLINE,POLICY_FAILURE,False
APP201007,AUTO_APPROVE,STANDARD_STRAIGHT_THROUGH,False
APP201008,HUMAN_REVIEW,LOW_DOCUMENT_CONFIDENCE,True
APP201009,DECLINE,POLICY_FAILURE,False
APP201010,AUTO_APPROVE,STANDARD_STRAIGHT_THROUGH,False
APP201011,AUTO_APPROVE,STANDARD_STRAIGHT_THROUGH,False
APP201012,AUTO_APPROVE,STANDARD_STRAIGHT_THROUGH,False
APP201013,DECLINE,POLICY_FAILURE,False
APP201014,AUTO_APPROVE,STANDARD_STRAIGHT_THROUGH,False
APP201015,DECLINE,POLICY_FAILURE,False
APP201016,AUTO_APPROVE,STANDARD_STRAIGHT_THROUGH,False
APP201017,AUTO_APPROVE,STANDARD_STRAIGHT_THROUGH,False
APP201018,AUTO_APPROVE,STANDARD_STRAIGHT_THROUGH,False
APP201019,DECLINE,POLICY_FAILURE,False
APP201020,AUTO_APPROVE,STANDARD_STRAIGHT_THROUGH,False
APP201021,AUTO_APPROVE,STANDARD_STRAIGHT_THROUGH,False
APP201022,AUTO_APPROVE,STANDARD_STRAIGHT_THROUGH,False
APP201023,DECLINE,POLICY_FAILURE,False
APP201024,AUTO_APPROVE,STANDARD_STRAIGHT_THROUGH,False
APP201025,DECLINE,POLICY_FAILURE,False
APP201026,DECLINE,POLICY_FAILURE,False
APP201027,DECLINE,POLICY_FAILURE,False
APP201028,AUTO_APPROVE,STANDARD_STRAIGHT_THROUGH,False
APP201029,AUTO_APPROVE,STANDARD_STRAIGHT_THROUGH,False
APP201030,AUTO_APPROVE,STANDARD_STRAIGHT_THROUGH,False
APP201031,DECLINE,POLICY_FAILURE,False
APP201032,AUTO_APPROVE,STANDARD_STRAIGHT_THROUGH,False
APP201033,AUTO_APPROVE,STANDARD_STRAIGHT_THROUGH,False
APP201034,AUTO_APPROVE,STANDARD_STRAIGHT_THROUGH,False
APP201035,AUTO_APPROVE,STANDARD_STRAIGHT_THROUGH,False
APP201036,AUTO_APPROVE,STANDARD_STRAIGHT_THROUGH,False
APP201037,AUTO_APPROVE,STANDARD_STRAIGHT_THROUGH,False
APP201038,DECLINE,POLICY_FAILURE,False
APP201039,AUTO_APPROVE,STANDARD_STRAIGHT_THROUGH,False
APP201040,AUTO_APPROVE,STANDARD_STRAIGHT_THROUGH,False
APP201041,DECLINE,POLICY_FAILURE,False
APP201042,AUTO_APPROVE,STANDARD_STRAIGHT_THROUGH,False
APP201043,DECLINE,POLICY_FAILURE,False
APP201044,AUTO_APPROVE,STANDARD_STRAIGHT_THROUGH,False
APP201045,DECLINE,POLICY_FAILURE,False
APP201046,DECLINE,POLICY_FAILURE,False
APP201047,AUTO_APPROVE,STANDARD_STRAIGHT_THROUGH,False
APP201048,AUTO_APPROVE,STANDARD_STRAIGHT_THROUGH,False
APP201049,DECLINE,POLICY_FAILURE,False
APP201050,AUTO_APPROVE,STANDARD_STRAIGHT_THROUGH,False
APP201051,AUTO_APPROVE,STANDARD_STRAIGHT_THROUGH,False
APP201052,DECLINE,POLICY_FAILURE,False
APP201053,AUTO_APPROVE,STANDARD_STRAIGHT_THROUGH,False
APP201054,AUTO_APPROVE,STANDARD_STRAIGHT_THROUGH,False
APP201055,AUTO_APPROVE,STANDARD_STRAIGHT_THROUGH,False
APP201056,AUTO_APPROVE,STANDARD_STRAIGHT_THROUGH,False
APP201057,AUTO_APPROVE,STANDARD_STRAIGHT_THROUGH,False
APP201058,DECLINE,POLICY_FAILURE,False
APP201059,DECLINE,POLICY_FAILURE,False
APP201060,AUTO_APPROVE,STANDARD_STRAIGHT_THROUGH,False
APP201061,DECLINE,POLICY_FAILURE,False
APP201062,DECLINE,POLICY_FAILURE,False
APP201063,DECLINE,POLICY_FAILURE,False
APP201064,AUTO_APPROVE,STANDARD_STRAIGHT_THROUGH,False
APP201065,DECLINE,POLICY_FAILURE,False
APP201066,DECLINE,POLICY_FAILURE,False
APP201067,DECLINE,POLICY_FAILURE,False
APP201068,AUTO_APPROVE,STANDARD_STRAIGHT_THROUGH,False
APP201069,AUTO_APPROVE,STANDARD_STRAIGHT_THROUGH,False
APP201070,AUTO_APPROVE,STANDARD_STRAIGHT_THROUGH,False
APP201071,DECLINE,POLICY_FAILURE,False
APP201072,DECLINE,POLICY_FAILURE,False
APP201073,AUTO_APPROVE,STANDARD_STRAIGHT_THROUGH,False
APP201074,AUTO_APPROVE,STANDARD_STRAIGHT_THROUGH,False
APP201075,DECLINE,POLICY_FAILURE,False
APP201076,AUTO_APPROVE,STANDARD_STRAIGHT_THROUGH,False
APP201077,AUTO_APPROVE,STANDARD_STRAIGHT_THROUGH,False
APP201078,DECLINE,POLICY_FAILURE,False
APP201079,AUTO_APPROVE,STANDARD_STRAIGHT_THROUGH,False
APP201080,AUTO_APPROVE,STANDARD_STRAIGHT_THROUGH,False
APP201081,AUTO_APPROVE,STANDARD_STRAIGHT_THROUGH,False
APP201082,DECLINE,POLICY_FAILURE,False
APP201083,AUTO_APPROVE,STANDARD_STRAIGHT_THROUGH,False
APP201084,DECLINE,POLICY_FAILURE,False
APP201085,DECLINE,POLICY_FAILURE,False
APP201086,AUTO_APPROVE,STANDARD_STRAIGHT_THROUGH,False
APP201087,DECLINE,POLICY_FAILURE,False
APP201088,AUTO_APPROVE,STANDARD_STRAIGHT_THROUGH,False
APP201089,AUTO_APPROVE,STANDARD_STRAIGHT_THROUGH,False
APP201090,AUTO_APPROVE,STANDARD_STRAIGHT_THROUGH,False
APP201091,DECLINE,POLICY_FAILURE,False
APP201092,AUTO_APPROVE,STANDARD_STRAIGHT_THROUGH,False
APP201093,DECLINE,POLICY_FAILURE,False
APP201094,DECLINE,POLICY_FAILURE,False
APP201095,AUTO_APPROVE,STANDARD_STRAIGHT_THROUGH,False
APP201096,AUTO_APPROVE,STANDARD_STRAIGHT_THROUGH,False
APP201097,AUTO_APPROVE,STANDARD_STRAIGHT_THROUGH,False
APP201098,DECLINE,POLICY_FAILURE,False
APP201099,AUTO_APPROVE,STANDARD_STRAIGHT_THROUGH,False
APP201100,AUTO_APPROVE,STANDARD_STRAIGHT_THROUGH,False
APP201101,AUTO_APPROVE,STANDARD_STRAIGHT_THROUGH,False
APP201102,AUTO_APPROVE,STANDARD_STRAIGHT_THROUGH,False
APP201103,AUTO_APPROVE,STANDARD_STRAIGHT_THROUGH,False
APP201104,DECLINE,POLICY_FAILURE,False
APP201105,DECLINE,POLICY_FAILURE,False
APP201106,AUTO_APPROVE,STANDARD_STRAIGHT_THROUGH,False
APP201107,DECLINE,POLICY_FAILURE,False
APP201108,AUTO_APPROVE,STANDARD_STRAIGHT_THROUGH,False
APP201109,AUTO_APPROVE,STANDARD_STRAIGHT_THROUGH,False
APP201110,DECLINE,POLICY_FAILURE,False
APP201111,AUTO_APPROVE,STANDARD_STRAIGHT_THROUGH,False
APP201112,DECLINE,POLICY_FAILURE,False
APP201113,HUMAN_REVIEW,LOW_DOCUMENT_CONFIDENCE,True
APP201114,AUTO_APPROVE,STANDARD_STRAIGHT_THROUGH,False
APP201115,AUTO_APPROVE,STANDARD_STRAIGHT_THROUGH,False
APP201116,AUTO_APPROVE,STANDARD_STRAIGHT_THROUGH,False
APP201117,DECLINE,POLICY_FAILURE,False
APP201118,DECLINE,POLICY_FAILURE,False
APP201119,DECLINE,POLICY_FAILURE,False
APP201120,AUTO_APPROVE,STANDARD_STRAIGHT_THROUGH,False
APP201121,AUTO_APPROVE,STANDARD_STRAIGHT_THROUGH,False
APP201122,AUTO_APPROVE,STANDARD_STRAIGHT_THROUGH,False
APP201123,AUTO_APPROVE,STANDARD_STRAIGHT_THROUGH,False
APP201124,AUTO_APPROVE,STANDARD_STRAIGHT_THROUGH,False
APP201125,AUTO_APPROVE,STANDARD_STRAIGHT_THROUGH,False
APP201126,DECLINE,POLICY_FAILURE,False
APP201127,DECLINE,POLICY_FAILURE,False
APP201128,DECLINE,POLICY_FAILURE,False
APP201129,AUTO_APPROVE,STANDARD_STRAIGHT_THROUGH,False
APP201130,AUTO_APPROVE,STANDARD_STRAIGHT_THROUGH,False
APP201131,DECLINE,POLICY_FAILURE,False
APP201132,AUTO_APPROVE,STANDARD_STRAIGHT_THROUGH,False
APP201133,AUTO_APPROVE,STANDARD_STRAIGHT_THROUGH,False
APP201134,AUTO_APPROVE,STANDARD_STRAIGHT_THROUGH,False
APP201135,AUTO_APPROVE,STANDARD_STRAIGHT_THROUGH,False
APP201136,DECLINE,POLICY_FAILURE,False
APP201137,DECLINE,POLICY_FAILURE,False
APP201138,AUTO_APPROVE,STANDARD_STRAIGHT_THROUGH,False
APP201139,DECLINE,POLICY_FAILURE,False
APP201140,AUTO_APPROVE,STANDARD_STRAIGHT_THROUGH,False
APP201141,DECLINE,POLICY_FAILURE,False
APP201142,AUTO_APPROVE,STANDARD_STRAIGHT_THROUGH,False
APP201143,AUTO_APPROVE,STANDARD_STRAIGHT_THROUGH,False
APP201144,AUTO_APPROVE,STANDARD_STRAIGHT_THROUGH,False
APP201145,DECLINE,POLICY_FAILURE,False
APP201146,AUTO_APPROVE,STANDARD_STRAIGHT_THROUGH,False
APP201147,DECLINE,POLICY_FAILURE,False
APP201148,DECLINE,POLICY_FAILURE,False
APP201149,AUTO_APPROVE,STANDARD_STRAIGHT_THROUGH,False
APP201150,AUTO_APPROVE,STANDARD_STRAIGHT_THROUGH,False
APP201151,DECLINE,POLICY_FAILURE,False
APP201152,AUTO_APPROVE,STANDARD_STRAIGHT_THROUGH,False
APP201153,DECLINE,POLICY_FAILURE,False
APP201154,DECLINE,POLICY_FAILURE,False
APP201155,AUTO_APPROVE,STANDARD_STRAIGHT_THROUGH,False
APP201156,AUTO_APPROVE,STANDARD_STRAIGHT_THROUGH,False
APP201157,AUTO_APPROVE,STANDARD_STRAIGHT_THROUGH,False
APP201158,AUTO_APPROVE,STANDARD_STRAIGHT_THROUGH,False
APP201159,AUTO_APPROVE,STANDARD_STRAIGHT_THROUGH,False
APP201160,AUTO_APPROVE,STANDARD_STRAIGHT_THROUGH,False
APP201161,AUTO_APPROVE,STANDARD_STRAIGHT_THROUGH,False
APP201162,AUTO_APPROVE,STANDARD_STRAIGHT_THROUGH,False
APP201163,DECLINE,POLICY_FAILURE,False
APP201164,AUTO_APPROVE,STANDARD_STRAIGHT_THROUGH,False
APP201165,DECLINE,POLICY_FAILURE,False
APP201166,AUTO_APPROVE,STANDARD_STRAIGHT_THROUGH,False
APP201167,DECLINE,POLICY_FAILURE,False
APP201168,DECLINE,POLICY_FAILURE,False
APP201169,DECLINE,POLICY_FAILURE,False
APP201170,AUTO_APPROVE,STANDARD_STRAIGHT_THROUGH,False
APP201171,DECLINE,POLICY_FAILURE,False
APP201172,AUTO_APPROVE,STANDARD_STRAIGHT_THROUGH,False
APP201173,DECLINE,POLICY_FAILURE,False
APP201174,AUTO_APPROVE,STANDARD_STRAIGHT_THROUGH,False
APP201175,DECLINE,POLICY_FAILURE,False
APP201176,AUTO_APPROVE,STANDARD_STRAIGHT_THROUGH,False
APP201177,DECLINE,POLICY_FAILURE,False
APP201178,AUTO_APPROVE,STANDARD_STRAIGHT_THROUGH,False
APP201179,AUTO_APPROVE,STANDARD_STRAIGHT_THROUGH,False
APP201180,AUTO_APPROVE,STANDARD_STRAIGHT_THROUGH,False
APP201181,DECLINE,POLICY_FAILURE,False
APP201182,AUTO_APPROVE,STANDARD_STRAIGHT_THROUGH,False
APP201183,AUTO_APPROVE,STANDARD_STRAIGHT_THROUGH,False
APP201184,AUTO_APPROVE,STANDARD_STRAIGHT_THROUGH,False
APP201185,DECLINE,POLICY_FAILURE,False
APP201186,DECLINE,POLICY_FAILURE,False
APP201187,AUTO_APPROVE,STANDARD_STRAIGHT_THROUGH,False
APP201188,DECLINE,POLICY_FAILURE,False
APP201189,DECLINE,POLICY_FAILURE,False
APP201190,AUTO_APPROVE,STANDARD_STRAIGHT_THROUGH,False
APP201191,AUTO_APPROVE,STANDARD_STRAIGHT_THROUGH,False
APP201192,AUTO_APPROVE,STANDARD_STRAIGHT_THROUGH,False
APP201193,AUTO_APPROVE,STANDARD_STRAIGHT_THROUGH,False
APP201194,DECLINE,POLICY_FAILURE,False
APP201195,AUTO_APPROVE,STANDARD_STRAIGHT_THROUGH,False
APP201196,DECLINE,POLICY_FAILURE,False
APP201197,DECLINE,POLICY_FAILURE,False
APP201198,AUTO_APPROVE,STANDARD_STRAIGHT_THROUGH,False
APP201199,AUTO_APPROVE,STANDARD_STRAIGHT_THROUGH,False
APP201200,DECLINE,POLICY_FAILURE,False
APP201201,AUTO_APPROVE,STANDARD_STRAIGHT_THROUGH,False
APP201202,HUMAN_REVIEW,LOW_DOCUMENT_CONFIDENCE,True
APP201203,DECLINE,POLICY_FAILURE,False
APP201204,AUTO_APPROVE,STANDARD_STRAIGHT_THROUGH,False
APP201205,AUTO_APPROVE,STANDARD_STRAIGHT_THROUGH,False
APP201206,AUTO_APPROVE,STANDARD_STRAIGHT_THROUGH,False
APP201207,AUTO_APPROVE,STANDARD_STRAIGHT_THROUGH,False
APP201208,AUTO_APPROVE,STANDARD_STRAIGHT_THROUGH,False
APP201209,AUTO_APPROVE,STANDARD_STRAIGHT_THROUGH,False
APP201210,AUTO_APPROVE,STANDARD_STRAIGHT_THROUGH,False
APP201211,AUTO_APPROVE,STANDARD_STRAIGHT_THROUGH,False
APP201212,DECLINE,POLICY_FAILURE,False
APP201213,AUTO_APPROVE,STANDARD_STRAIGHT_THROUGH,False
APP201214,AUTO_APPROVE,STANDARD_STRAIGHT_THROUGH,False
APP201215,DECLINE,POLICY_FAILURE,False
APP201216,DECLINE,POLICY_FAILURE,False
APP201217,DECLINE,POLICY_FAILURE,False
APP201218,DECLINE,POLICY_FAILURE,False
APP201219,AUTO_APPROVE,STANDARD_STRAIGHT_THROUGH,False
APP201220,AUTO_APPROVE,STANDARD_STRAIGHT_THROUGH,False
APP201221,AUTO_APPROVE,STANDARD_STRAIGHT_THROUGH,False
APP201222,AUTO_APPROVE,STANDARD_STRAIGHT_THROUGH,False
APP201223,AUTO_APPROVE,STANDARD_STRAIGHT_THROUGH,False
APP201224,AUTO_APPROVE,STANDARD_STRAIGHT_THROUGH,False
APP201225,AUTO_APPROVE,STANDARD_STRAIGHT_THROUGH,False
APP201226,AUTO_APPROVE,STANDARD_STRAIGHT_THROUGH,False
APP201227,DECLINE,POLICY_FAILURE,False
APP201228,AUTO_APPROVE,STANDARD_STRAIGHT_THROUGH,False
APP201229,AUTO_APPROVE,STANDARD_STRAIGHT_THROUGH,False
APP201230,AUTO_APPROVE,STANDARD_STRAIGHT_THROUGH,False
APP201231,AUTO_APPROVE,STANDARD_STRAIGHT_THROUGH,False
APP201232,AUTO_APPROVE,STANDARD_STRAIGHT_THROUGH,False
APP201233,AUTO_APPROVE,STANDARD_STRAIGHT_THROUGH,False
APP201234,AUTO_APPROVE,STANDARD_STRAIGHT_THROUGH,False
APP201235,AUTO_APPROVE,STANDARD_STRAIGHT_THROUGH,False
APP201236,DECLINE,POLICY_FAILURE,False
APP201237,DECLINE,POLICY_FAILURE,False
APP201238,DECLINE,POLICY_FAILURE,False
APP201239,AUTO_APPROVE,STANDARD_STRAIGHT_THROUGH,False
APP201240,AUTO_APPROVE,STANDARD_STRAIGHT_THROUGH,False
APP201241,AUTO_APPROVE,STANDARD_STRAIGHT_THROUGH,False
APP201242,AUTO_APPROVE,STANDARD_STRAIGHT_THROUGH,False
APP201243,DECLINE,POLICY_FAILURE,False
APP201244,AUTO_APPROVE,STANDARD_STRAIGHT_THROUGH,False
APP201245,AUTO_APPROVE,STANDARD_STRAIGHT_THROUGH,False
APP201246,DECLINE,POLICY_FAILURE,False
APP201247,DECLINE,POLICY_FAILURE,False
APP201248,AUTO_APPROVE,STANDARD_STRAIGHT_THROUGH,False
APP201249,DECLINE,POLICY_FAILURE,False
APP201250,AUTO_APPROVE,STANDARD_STRAIGHT_THROUGH,False
APP201251,DECLINE,POLICY_FAILURE,False
APP201252,DECLINE,POLICY_FAILURE,False
APP201253,HUMAN_REVIEW,LOW_DOCUMENT_CONFIDENCE,True
APP201254,AUTO_APPROVE,STANDARD_STRAIGHT_THROUGH,False
APP201255,AUTO_APPROVE,STANDARD_STRAIGHT_THROUGH,False
APP201256,AUTO_APPROVE,STANDARD_STRAIGHT_THROUGH,False
APP201257,AUTO_APPROVE,STANDARD_STRAIGHT_THROUGH,False
APP201258,DECLINE,POLICY_FAILURE,False
APP201259,AUTO_APPROVE,STANDARD_STRAIGHT_THROUGH,False
APP201260,DECLINE,POLICY_FAILURE,False
APP201261,AUTO_APPROVE,STANDARD_STRAIGHT_THROUGH,False
APP201262,DECLINE,POLICY_FAILURE,False
APP201263,AUTO_APPROVE,STANDARD_STRAIGHT_THROUGH,False
APP201264,DECLINE,POLICY_FAILURE,False
APP201265,DECLINE,POLICY_FAILURE,False
APP201266,AUTO_APPROVE,STANDARD_STRAIGHT_THROUGH,False
APP201267,AUTO_APPROVE,STANDARD_STRAIGHT_THROUGH,False
APP201268,DECLINE,POLICY_FAILURE,False
APP201269,AUTO_APPROVE,STANDARD_STRAIGHT_THROUGH,False
APP201270,AUTO_APPROVE,STANDARD_STRAIGHT_THROUGH,False
APP201271,DECLINE,POLICY_FAILURE,False
APP201272,AUTO_APPROVE,STANDARD_STRAIGHT_THROUGH,False
APP201273,AUTO_APPROVE,STANDARD_STRAIGHT_THROUGH,False
APP201274,HUMAN_REVIEW,LOW_DOCUMENT_CONFIDENCE,True
APP201275,AUTO_APPROVE,STANDARD_STRAIGHT_THROUGH,False
APP201276,AUTO_APPROVE,STANDARD_STRAIGHT_THROUGH,False
APP201277,DECLINE,POLICY_FAILURE,False
APP201278,DECLINE,POLICY_FAILURE,False
APP201279,AUTO_APPROVE,STANDARD_STRAIGHT_THROUGH,False
APP201280,AUTO_APPROVE,STANDARD_STRAIGHT_THROUGH,False
APP201281,DECLINE,POLICY_FAILURE,False
APP201282,DECLINE,POLICY_FAILURE,False
APP201283,AUTO_APPROVE,STANDARD_STRAIGHT_THROUGH,False
APP201284,DECLINE,POLICY_FAILURE,False
APP201285,AUTO_APPROVE,STANDARD_STRAIGHT_THROUGH,False
APP201286,AUTO_APPROVE,STANDARD_STRAIGHT_THROUGH,False
APP201287,DECLINE,POLICY_FAILURE,False
APP201288,DECLINE,POLICY_FAILURE,False
APP201289,DECLINE,POLICY_FAILURE,False
APP201290,DECLINE,POLICY_FAILURE,False
APP201291,DECLINE,POLICY_FAILURE,False
APP201292,AUTO_APPROVE,STANDARD_STRAIGHT_THROUGH,False
APP201293,AUTO_APPROVE,STANDARD_STRAIGHT_THROUGH,False
APP201294,AUTO_APPROVE,STANDARD_STRAIGHT_THROUGH,False
APP201295,AUTO_APPROVE,STANDARD_STRAIGHT_THROUGH,False
APP201296,AUTO_APPROVE,STANDARD_STRAIGHT_THROUGH,False
APP201297,AUTO_APPROVE,STANDARD_STRAIGHT_THROUGH,False
APP201298,DECLINE,POLICY_FAILURE,False
APP201299,AUTO_APPROVE,STANDARD_STRAIGHT_THROUGH,False
APP201300,AUTO_APPROVE,STANDARD_STRAIGHT_THROUGH,False
APP201301,AUTO_APPROVE,STANDARD_STRAIGHT_THROUGH,False
APP201302,DECLINE,POLICY_FAILURE,False
APP201303,AUTO_APPROVE,STANDARD_STRAIGHT_THROUGH,False
APP201304,AUTO_APPROVE,STANDARD_STRAIGHT_THROUGH,False
APP201305,DECLINE,POLICY_FAILURE,False
APP201306,AUTO_APPROVE,STANDARD_STRAIGHT_THROUGH,False
APP201307,DECLINE,POLICY_FAILURE,False
APP201308,AUTO_APPROVE,STANDARD_STRAIGHT_THROUGH,False
APP201309,DECLINE,POLICY_FAILURE,False
APP201310,AUTO_APPROVE,STANDARD_STRAIGHT_THROUGH,False
APP201311,AUTO_APPROVE,STANDARD_STRAIGHT_THROUGH,False
APP201312,AUTO_APPROVE,STANDARD_STRAIGHT_THROUGH,False
APP201313,AUTO_APPROVE,STANDARD_STRAIGHT_THROUGH,False
APP201314,AUTO_APPROVE,STANDARD_STRAIGHT_THROUGH,False
APP201315,AUTO_APPROVE,STANDARD_STRAIGHT_THROUGH,False
APP201316,AUTO_APPROVE,STANDARD_STRAIGHT_THROUGH,False
APP201317,DECLINE,POLICY_FAILURE,False
APP201318,AUTO_APPROVE,STANDARD_STRAIGHT_THROUGH,False
APP201319,AUTO_APPROVE,STANDARD_STRAIGHT_THROUGH,False
APP201320,AUTO_APPROVE,STANDARD_STRAIGHT_THROUGH,False
APP201321,AUTO_APPROVE,STANDARD_STRAIGHT_THROUGH,False
APP201322,AUTO_APPROVE,STANDARD_STRAIGHT_THROUGH,False
APP201323,DECLINE,POLICY_FAILURE,False
APP201324,AUTO_APPROVE,STANDARD_STRAIGHT_THROUGH,False
APP201325,AUTO_APPROVE,STANDARD_STRAIGHT_THROUGH,False
APP201326,DECLINE,POLICY_FAILURE,False
APP201327,DECLINE,POLICY_FAILURE,False
APP201328,AUTO_APPROVE,STANDARD_STRAIGHT_THROUGH,False
APP201329,AUTO_APPROVE,STANDARD_STRAIGHT_THROUGH,False
APP201330,DECLINE,POLICY_FAILURE,False
APP201331,DECLINE,POLICY_FAILURE,False
APP201332,AUTO_APPROVE,STANDARD_STRAIGHT_THROUGH,False
APP201333,DECLINE,POLICY_FAILURE,False
APP201334,AUTO_APPROVE,STANDARD_STRAIGHT_THROUGH,False
APP201335,AUTO_APPROVE,STANDARD_STRAIGHT_THROUGH,False
APP201336,DECLINE,POLICY_FAILURE,False
APP201337,AUTO_APPROVE,STANDARD_STRAIGHT_THROUGH,False
APP201338,AUTO_APPROVE,STANDARD_STRAIGHT_THROUGH,False
APP201339,AUTO_APPROVE,STANDARD_STRAIGHT_THROUGH,False
APP201340,DECLINE,POLICY_FAILURE,False
APP201341,DECLINE,POLICY_FAILURE,False
APP201342,AUTO_APPROVE,STANDARD_STRAIGHT_THROUGH,False
APP201343,AUTO_APPROVE,STANDARD_STRAIGHT_THROUGH,False
APP201344,DECLINE,POLICY_FAILURE,False
APP201345,AUTO_APPROVE,STANDARD_STRAIGHT_THROUGH,False
APP201346,DECLINE,POLICY_FAILURE,False
APP201347,DECLINE,POLICY_FAILURE,False
APP201348,DECLINE,POLICY_FAILURE,False
APP201349,DECLINE,POLICY_FAILURE,False
APP201350,DECLINE,POLICY_FAILURE,False
APP201351,DECLINE,POLICY_FAILURE,False
APP201352,AUTO_APPROVE,STANDARD_STRAIGHT_THROUGH,False
APP201353,DECLINE,POLICY_FAILURE,False
APP201354,DECLINE,POLICY_FAILURE,False
APP201355,DECLINE,POLICY_FAILURE,False
APP201356,AUTO_APPROVE,STANDARD_STRAIGHT_THROUGH,False
APP201357,AUTO_APPROVE,STANDARD_STRAIGHT_THROUGH,False
APP201358,AUTO_APPROVE,STANDARD_STRAIGHT_THROUGH,False
APP201359,DECLINE,POLICY_FAILURE,False
APP201360,AUTO_APPROVE,STANDARD_STRAIGHT_THROUGH,False
APP201361,DECLINE,POLICY_FAILURE,False
APP201362,DECLINE,POLICY_FAILURE,False
APP201363,DECLINE,POLICY_FAILURE,False
APP201364,AUTO_APPROVE,STANDARD_STRAIGHT_THROUGH,False
APP201365,DECLINE,POLICY_FAILURE,False
APP201366,AUTO_APPROVE,STANDARD_STRAIGHT_THROUGH,False
APP201367,AUTO_APPROVE,STANDARD_STRAIGHT_THROUGH,False
APP201368,AUTO_APPROVE,STANDARD_STRAIGHT_THROUGH,False
APP201369,DECLINE,POLICY_FAILURE,False
APP201370,DECLINE,POLICY_FAILURE,False
APP201371,AUTO_APPROVE,STANDARD_STRAIGHT_THROUGH,False
APP201372,DECLINE,POLICY_FAILURE,False
APP201373,DECLINE,POLICY_FAILURE,False
APP201374,DECLINE,POLICY_FAILURE,False
APP201375,AUTO_APPROVE,STANDARD_STRAIGHT_THROUGH,False
APP201376,AUTO_APPROVE,STANDARD_STRAIGHT_THROUGH,False
APP201377,AUTO_APPROVE,STANDARD_STRAIGHT_THROUGH,False
APP201378,DECLINE,POLICY_FAILURE,False
APP201379,AUTO_APPROVE,STANDARD_STRAIGHT_THROUGH,False
APP201380,DECLINE,POLICY_FAILURE,False
APP201381,DECLINE,POLICY_FAILURE,False
APP201382,AUTO_APPROVE,STANDARD_STRAIGHT_THROUGH,False
APP201383,AUTO_APPROVE,STANDARD_STRAIGHT_THROUGH,False
APP201384,AUTO_APPROVE,STANDARD_STRAIGHT_THROUGH,False
APP201385,DECLINE,POLICY_FAILURE,False
APP201386,AUTO_APPROVE,STANDARD_STRAIGHT_THROUGH,False
APP201387,AUTO_APPROVE,STANDARD_STRAIGHT_THROUGH,False
APP201388,DECLINE,POLICY_FAILURE,False
APP201389,AUTO_APPROVE,STANDARD_STRAIGHT_THROUGH,False
APP201390,DECLINE,POLICY_FAILURE,False
APP201391,AUTO_APPROVE,STANDARD_STRAIGHT_THROUGH,False
APP201392,AUTO_APPROVE,STANDARD_STRAIGHT_THROUGH,False
APP201393,AUTO_APPROVE,STANDARD_STRAIGHT_THROUGH,False
APP201394,AUTO_APPROVE,STANDARD_STRAIGHT_THROUGH,False
APP201395,AUTO_APPROVE,STANDARD_STRAIGHT_THROUGH,False
APP201396,AUTO_APPROVE,STANDARD_STRAIGHT_THROUGH,False
APP201397,AUTO_APPROVE,STANDARD_STRAIGHT_THROUGH,False
APP201398,AUTO_APPROVE,STANDARD_STRAIGHT_THROUGH,False
APP201399,DECLINE,POLICY_FAILURE,False
APP201400,AUTO_APPROVE,STANDARD_STRAIGHT_THROUGH,False
APP201401,AUTO_APPROVE,STANDARD_STRAIGHT_THROUGH,False
APP201402,AUTO_APPROVE,STANDARD_STRAIGHT_THROUGH,False
APP201403,DECLINE,POLICY_FAILURE,False
APP201404,DECLINE,POLICY_FAILURE,False
APP201405,DECLINE,POLICY_FAILURE,False
APP201406,AUTO_APPROVE,STANDARD_STRAIGHT_THROUGH,False
APP201407,AUTO_APPROVE,STANDARD_STRAIGHT_THROUGH,False
APP201408,DECLINE,POLICY_FAILURE,False
APP201409,DECLINE,POLICY_FAILURE,False
APP201410,AUTO_APPROVE,STANDARD_STRAIGHT_THROUGH,False
APP201411,DECLINE,POLICY_FAILURE,False
APP201412,AUTO_APPROVE,STANDARD_STRAIGHT_THROUGH,False
APP201413,AUTO_APPROVE,STANDARD_STRAIGHT_THROUGH,False
APP201414,AUTO_APPROVE,STANDARD_STRAIGHT_THROUGH,False
APP201415,AUTO_APPROVE,STANDARD_STRAIGHT_THROUGH,False
APP201416,DECLINE,POLICY_FAILURE,False
APP201417,DECLINE,POLICY_FAILURE,False
APP201418,AUTO_APPROVE,STANDARD_STRAIGHT_THROUGH,False
APP201419,AUTO_APPROVE,STANDARD_STRAIGHT_THROUGH,False
APP201420,AUTO_APPROVE,STANDARD_STRAIGHT_THROUGH,False
APP201421,AUTO_APPROVE,STANDARD_STRAIGHT_THROUGH,False
APP201422,DECLINE,POLICY_FAILURE,False
APP201423,AUTO_APPROVE,STANDARD_STRAIGHT_THROUGH,False
APP201424,AUTO_APPROVE,STANDARD_STRAIGHT_THROUGH,False
APP201425,AUTO_APPROVE,STANDARD_STRAIGHT_THROUGH,False
APP201426,AUTO_APPROVE,STANDARD_STRAIGHT_THROUGH,False
APP201427,DECLINE,POLICY_FAILURE,False
APP201428,AUTO_APPROVE,STANDARD_STRAIGHT_THROUGH,False
APP201429,AUTO_APPROVE,STANDARD_STRAIGHT_THROUGH,False
APP201430,AUTO_APPROVE,STANDARD_STRAIGHT_THROUGH,False
APP201431,AUTO_APPROVE,STANDARD_STRAIGHT_THROUGH,False
APP201432,AUTO_APPROVE,STANDARD_STRAIGHT_THROUGH,False
APP201433,DECLINE,POLICY_FAILURE,False
APP201434,DECLINE,POLICY_FAILURE,False
APP201435,DECLINE,POLICY_FAILURE,False
APP201436,AUTO_APPROVE,STANDARD_STRAIGHT_THROUGH,False
APP201437,AUTO_APPROVE,STANDARD_STRAIGHT_THROUGH,False
APP201438,DECLINE,POLICY_FAILURE,False
APP201439,AUTO_APPROVE,STANDARD_STRAIGHT_THROUGH,False
APP201440,DECLINE,POLICY_FAILURE,False
APP201441,AUTO_APPROVE,STANDARD_STRAIGHT_THROUGH,False
APP201442,AUTO_APPROVE,STANDARD_STRAIGHT_THROUGH,False
APP201443,AUTO_APPROVE,STANDARD_STRAIGHT_THROUGH,False
APP201444,AUTO_APPROVE,STANDARD_STRAIGHT_THROUGH,False
APP201445,DECLINE,POLICY_FAILURE,False
APP201446,DECLINE,POLICY_FAILURE,False
APP201447,DECLINE,POLICY_FAILURE,False
APP201448,AUTO_APPROVE,STANDARD_STRAIGHT_THROUGH,False
APP201449,AUTO_APPROVE,STANDARD_STRAIGHT_THROUGH,False
APP201450,AUTO_APPROVE,STANDARD_STRAIGHT_THROUGH,False
APP201451,DECLINE,POLICY_FAILURE,False
APP201452,AUTO_APPROVE,STANDARD_STRAIGHT_THROUGH,False
APP201453,DECLINE,POLICY_FAILURE,False
APP201454,DECLINE,POLICY_FAILURE,False
APP201455,AUTO_APPROVE,STANDARD_STRAIGHT_THROUGH,False
APP201456,DECLINE,POLICY_FAILURE,False
APP201457,AUTO_APPROVE,STANDARD_STRAIGHT_THROUGH,False
APP201458,AUTO_APPROVE,STANDARD_STRAIGHT_THROUGH,False
APP201459,DECLINE,POLICY_FAILURE,False
APP201460,AUTO_APPROVE,STANDARD_STRAIGHT_THROUGH,False
APP201461,AUTO_APPROVE,STANDARD_STRAIGHT_THROUGH,False
APP201462,AUTO_APPROVE,STANDARD_STRAIGHT_THROUGH,False
APP201463,AUTO_APPROVE,STANDARD_STRAIGHT_THROUGH,False
APP201464,DECLINE,POLICY_FAILURE,False
APP201465,DECLINE,POLICY_FAILURE,False
APP201466,AUTO_APPROVE,STANDARD_STRAIGHT_THROUGH,False
APP201467,AUTO_APPROVE,STANDARD_STRAIGHT_THROUGH,False
APP201468,AUTO_APPROVE,STANDARD_STRAIGHT_THROUGH,False
APP201469,AUTO_APPROVE,STANDARD_STRAIGHT_THROUGH,False
APP201470,DECLINE,POLICY_FAILURE,False
APP201471,AUTO_APPROVE,STANDARD_STRAIGHT_THROUGH,False
APP201472,AUTO_APPROVE,STANDARD_STRAIGHT_THROUGH,False
APP201473,AUTO_APPROVE,STANDARD_STRAIGHT_THROUGH,False
APP201474,AUTO_APPROVE,STANDARD_STRAIGHT_THROUGH,False
APP201475,AUTO_APPROVE,STANDARD_STRAIGHT_THROUGH,False
APP201476,AUTO_APPROVE,STANDARD_STRAIGHT_THROUGH,False
APP201477,AUTO_APPROVE,STANDARD_STRAIGHT_THROUGH,False
APP201478,AUTO_APPROVE,STANDARD_STRAIGHT_THROUGH,False
APP201479,AUTO_APPROVE,STANDARD_STRAIGHT_THROUGH,False
APP201480,DECLINE,POLICY_FAILURE,False
APP201481,HUMAN_REVIEW,LOW_DOCUMENT_CONFIDENCE,True
APP201482,AUTO_APPROVE,STANDARD_STRAIGHT_THROUGH,False
APP201483,DECLINE,POLICY_FAILURE,False
APP201484,AUTO_APPROVE,STANDARD_STRAIGHT_THROUGH,False
APP201485,DECLINE,POLICY_FAILURE,False
APP201486,AUTO_APPROVE,STANDARD_STRAIGHT_THROUGH,False
APP201487,DECLINE,POLICY_FAILURE,False
APP201488,DECLINE,POLICY_FAILURE,False
APP201489,DECLINE,POLICY_FAILURE,False
APP201490,AUTO_APPROVE,STANDARD_STRAIGHT_THROUGH,False
APP201491,AUTO_APPROVE,STANDARD_STRAIGHT_THROUGH,False
APP201492,HUMAN_REVIEW,LOW_DOCUMENT_CONFIDENCE,True
APP201493,AUTO_APPROVE,STANDARD_STRAIGHT_THROUGH,False
APP201494,DECLINE,POLICY_FAILURE,False
APP201495,DECLINE,POLICY_FAILURE,False
APP201496,AUTO_APPROVE,STANDARD_STRAIGHT_THROUGH,False
APP201497,DECLINE,POLICY_FAILURE,False
APP201498,AUTO_APPROVE,STANDARD_STRAIGHT_THROUGH,False
APP201499,DECLINE,POLICY_FAILURE,False
APP201500,DECLINE,POLICY_FAILURE,False
APP201501,AUTO_APPROVE,STANDARD_STRAIGHT_THROUGH,False
APP201502,DECLINE,POLICY_FAILURE,False
APP201503,AUTO_APPROVE,STANDARD_STRAIGHT_THROUGH,False
APP201504,AUTO_APPROVE,STANDARD_STRAIGHT_THROUGH,False
APP201505,DECLINE,POLICY_FAILURE,False
APP201506,AUTO_APPROVE,STANDARD_STRAIGHT_THROUGH,False
APP201507,DECLINE,POLICY_FAILURE,False
APP201508,DECLINE,POLICY_FAILURE,False
APP201509,AUTO_APPROVE,STANDARD_STRAIGHT_THROUGH,False
APP201510,DECLINE,POLICY_FAILURE,False
APP201511,AUTO_APPROVE,STANDARD_STRAIGHT_THROUGH,False
APP201512,AUTO_APPROVE,STANDARD_STRAIGHT_THROUGH,False
APP201513,AUTO_APPROVE,STANDARD_STRAIGHT_THROUGH,False
APP201514,AUTO_APPROVE,STANDARD_STRAIGHT_THROUGH,False
APP201515,DECLINE,POLICY_FAILURE,False
APP201516,DECLINE,POLICY_FAILURE,False
APP201517,AUTO_APPROVE,STANDARD_STRAIGHT_THROUGH,False
APP201518,HUMAN_REVIEW,LOW_DOCUMENT_CONFIDENCE,True
APP201519,HUMAN_REVIEW,LOW_DOCUMENT_CONFIDENCE,True
APP201520,AUTO_APPROVE,STANDARD_STRAIGHT_THROUGH,False
APP201521,AUTO_APPROVE,STANDARD_STRAIGHT_THROUGH,False
APP201522,HUMAN_REVIEW,LOW_DOCUMENT_CONFIDENCE,True
APP201523,DECLINE,POLICY_FAILURE,False
APP201524,AUTO_APPROVE,STANDARD_STRAIGHT_THROUGH,False
APP201525,AUTO_APPROVE,STANDARD_STRAIGHT_THROUGH,False
APP201526,DECLINE,POLICY_FAILURE,False
APP201527,DECLINE,POLICY_FAILURE,False
APP201528,AUTO_APPROVE,STANDARD_STRAIGHT_THROUGH,False
APP201529,DECLINE,POLICY_FAILURE,False
APP201530,AUTO_APPROVE,STANDARD_STRAIGHT_THROUGH,False
APP201531,AUTO_APPROVE,STANDARD_STRAIGHT_THROUGH,False
APP201532,AUTO_APPROVE,STANDARD_STRAIGHT_THROUGH,False
APP201533,AUTO_APPROVE,STANDARD_STRAIGHT_THROUGH,False
APP201534,AUTO_APPROVE,STANDARD_STRAIGHT_THROUGH,False
APP201535,AUTO_APPROVE,STANDARD_STRAIGHT_THROUGH,False
APP201536,AUTO_APPROVE,STANDARD_STRAIGHT_THROUGH,False
APP201537,DECLINE,POLICY_FAILURE,False
APP201538,DECLINE,POLICY_FAILURE,False
APP201539,AUTO_APPROVE,STANDARD_STRAIGHT_THROUGH,False
APP201540,DECLINE,POLICY_FAILURE,False
APP201541,AUTO_APPROVE,STANDARD_STRAIGHT_THROUGH,False
APP201542,AUTO_APPROVE,STANDARD_STRAIGHT_THROUGH,False
APP201543,AUTO_APPROVE,STANDARD_STRAIGHT_THROUGH,False
APP201544,AUTO_APPROVE,STANDARD_STRAIGHT_THROUGH,False
APP201545,AUTO_APPROVE,STANDARD_STRAIGHT_THROUGH,False
APP201546,DECLINE,POLICY_FAILURE,False
APP201547,AUTO_APPROVE,STANDARD_STRAIGHT_THROUGH,False
APP201548,AUTO_APPROVE,STANDARD_STRAIGHT_THROUGH,False
APP201549,AUTO_APPROVE,STANDARD_STRAIGHT_THROUGH,False
APP201550,AUTO_APPROVE,STANDARD_STRAIGHT_THROUGH,False
APP201551,DECLINE,POLICY_FAILURE,False
APP201552,AUTO_APPROVE,STANDARD_STRAIGHT_THROUGH,False
APP201553,AUTO_APPROVE,STANDARD_STRAIGHT_THROUGH,False
APP201554,AUTO_APPROVE,STANDARD_STRAIGHT_THROUGH,False
APP201555,AUTO_APPROVE,STANDARD_STRAIGHT_THROUGH,False
APP201556,AUTO_APPROVE,STANDARD_STRAIGHT_THROUGH,False
APP201557,DECLINE,POLICY_FAILURE,False
APP201558,AUTO_APPROVE,STANDARD_STRAIGHT_THROUGH,False
APP201559,AUTO_APPROVE,STANDARD_STRAIGHT_THROUGH,False
APP201560,AUTO_APPROVE,STANDARD_STRAIGHT_THROUGH,False
APP201561,DECLINE,POLICY_FAILURE,False
APP201562,AUTO_APPROVE,STANDARD_STRAIGHT_THROUGH,False
APP201563,AUTO_APPROVE,STANDARD_STRAIGHT_THROUGH,False
APP201564,AUTO_APPROVE,STANDARD_STRAIGHT_THROUGH,False
APP201565,AUTO_APPROVE,STANDARD_STRAIGHT_THROUGH,False
APP201566,DECLINE,POLICY_FAILURE,False
APP201567,AUTO_APPROVE,STANDARD_STRAIGHT_THROUGH,False
APP201568,AUTO_APPROVE,STANDARD_STRAIGHT_THROUGH,False
APP201569,AUTO_APPROVE,STANDARD_STRAIGHT_THROUGH,False
APP201570,DECLINE,POLICY_FAILURE,False
APP201571,AUTO_APPROVE,STANDARD_STRAIGHT_THROUGH,False
APP201572,AUTO_APPROVE,STANDARD_STRAIGHT_THROUGH,False
APP201573,DECLINE,POLICY_FAILURE,False
APP201574,AUTO_APPROVE,STANDARD_STRAIGHT_THROUGH,False
APP201575,DECLINE,POLICY_FAILURE,False
APP201576,AUTO_APPROVE,STANDARD_STRAIGHT_THROUGH,False
APP201577,AUTO_APPROVE,STANDARD_STRAIGHT_THROUGH,False
APP201578,DECLINE,POLICY_FAILURE,False
APP201579,DECLINE,POLICY_FAILURE,False
APP201580,DECLINE,POLICY_FAILURE,False
APP201581,AUTO_APPROVE,STANDARD_STRAIGHT_THROUGH,False
APP201582,AUTO_APPROVE,STANDARD_STRAIGHT_THROUGH,False
APP201583,DECLINE,POLICY_FAILURE,False
APP201584,DECLINE,POLICY_FAILURE,False
APP201585,AUTO_APPROVE,STANDARD_STRAIGHT_THROUGH,False
APP201586,AUTO_APPROVE,STANDARD_STRAIGHT_THROUGH,False
APP201587,DECLINE,POLICY_FAILURE,False
APP201588,DECLINE,POLICY_FAILURE,False
APP201589,DECLINE,POLICY_FAILURE,False
APP201590,AUTO_APPROVE,STANDARD_STRAIGHT_THROUGH,False
APP201591,AUTO_APPROVE,STANDARD_STRAIGHT_THROUGH,False
APP201592,AUTO_APPROVE,STANDARD_STRAIGHT_THROUGH,False
APP201593,DECLINE,POLICY_FAILURE,False
APP201594,AUTO_APPROVE,STANDARD_STRAIGHT_THROUGH,False
APP201595,DECLINE,POLICY_FAILURE,False
APP201596,DECLINE,POLICY_FAILURE,False
APP201597,AUTO_APPROVE,STANDARD_STRAIGHT_THROUGH,False
APP201598,AUTO_APPROVE,STANDARD_STRAIGHT_THROUGH,False
APP201599,HUMAN_REVIEW,LOW_DOCUMENT_CONFIDENCE,True
APP201600,AUTO_APPROVE,STANDARD_STRAIGHT_THROUGH,False
APP201601,DECLINE,POLICY_FAILURE,False
APP201602,AUTO_APPROVE,STANDARD_STRAIGHT_THROUGH,False
APP201603,AUTO_APPROVE,STANDARD_STRAIGHT_THROUGH,False
APP201604,AUTO_APPROVE,STANDARD_STRAIGHT_THROUGH,False
APP201605,AUTO_APPROVE,STANDARD_STRAIGHT_THROUGH,False
APP201606,AUTO_APPROVE,STANDARD_STRAIGHT_THROUGH,False
APP201607,AUTO_APPROVE,STANDARD_STRAIGHT_THROUGH,False
APP201608,DECLINE,POLICY_FAILURE,False
APP201609,AUTO_APPROVE,STANDARD_STRAIGHT_THROUGH,False
APP201610,DECLINE,POLICY_FAILURE,False
APP201611,AUTO_APPROVE,STANDARD_STRAIGHT_THROUGH,False
APP201612,AUTO_APPROVE,STANDARD_STRAIGHT_THROUGH,False
APP201613,AUTO_APPROVE,STANDARD_STRAIGHT_THROUGH,False
APP201614,AUTO_APPROVE,STANDARD_STRAIGHT_THROUGH,False
APP201615,AUTO_APPROVE,STANDARD_STRAIGHT_THROUGH,False
APP201616,DECLINE,POLICY_FAILURE,False
APP201617,AUTO_APPROVE,STANDARD_STRAIGHT_THROUGH,False
APP201618,AUTO_APPROVE,STANDARD_STRAIGHT_THROUGH,False
APP201619,DECLINE,POLICY_FAILURE,False
APP201620,DECLINE,POLICY_FAILURE,False
APP201621,AUTO_APPROVE,STANDARD_STRAIGHT_THROUGH,False
APP201622,AUTO_APPROVE,STANDARD_STRAIGHT_THROUGH,False
APP201623,DECLINE,POLICY_FAILURE,False
APP201624,AUTO_APPROVE,STANDARD_STRAIGHT_THROUGH,False
APP201625,AUTO_APPROVE,STANDARD_STRAIGHT_THROUGH,False
APP201626,DECLINE,POLICY_FAILURE,False
APP201627,AUTO_APPROVE,STANDARD_STRAIGHT_THROUGH,False
APP201628,AUTO_APPROVE,STANDARD_STRAIGHT_THROUGH,False
APP201629,DECLINE,POLICY_FAILURE,False
APP201630,AUTO_APPROVE,STANDARD_STRAIGHT_THROUGH,False
APP201631,DECLINE,POLICY_FAILURE,False
APP201632,AUTO_APPROVE,STANDARD_STRAIGHT_THROUGH,False
APP201633,DECLINE,POLICY_FAILURE,False
APP201634,AUTO_APPROVE,STANDARD_STRAIGHT_THROUGH,False
APP201635,DECLINE,POLICY_FAILURE,False
APP201636,DECLINE,POLICY_FAILURE,False
APP201637,AUTO_APPROVE,STANDARD_STRAIGHT_THROUGH,False
APP201638,AUTO_APPROVE,STANDARD_STRAIGHT_THROUGH,False
APP201639,AUTO_APPROVE,STANDARD_STRAIGHT_THROUGH,False
APP201640,DECLINE,POLICY_FAILURE,False
APP201641,DECLINE,POLICY_FAILURE,False
APP201642,DECLINE,POLICY_FAILURE,False
APP201643,HUMAN_REVIEW,LOW_DOCUMENT_CONFIDENCE,True
APP201644,DECLINE,POLICY_FAILURE,False
APP201645,AUTO_APPROVE,STANDARD_STRAIGHT_THROUGH,False
APP201646,AUTO_APPROVE,STANDARD_STRAIGHT_THROUGH,False
APP201647,HUMAN_REVIEW,LOW_DOCUMENT_CONFIDENCE,True
APP201648,AUTO_APPROVE,STANDARD_STRAIGHT_THROUGH,False
APP201649,AUTO_APPROVE,STANDARD_STRAIGHT_THROUGH,False
APP201650,AUTO_APPROVE,STANDARD_STRAIGHT_THROUGH,False
APP201651,AUTO_APPROVE,STANDARD_STRAIGHT_THROUGH,False
APP201652,AUTO_APPROVE,STANDARD_STRAIGHT_THROUGH,False
APP201653,AUTO_APPROVE,STANDARD_STRAIGHT_THROUGH,False
APP201654,DECLINE,POLICY_FAILURE,False
APP201655,AUTO_APPROVE,STANDARD_STRAIGHT_THROUGH,False
APP201656,AUTO_APPROVE,STANDARD_STRAIGHT_THROUGH,False
APP201657,DECLINE,POLICY_FAILURE,False
APP201658,DECLINE,POLICY_FAILURE,False
APP201659,AUTO_APPROVE,STANDARD_STRAIGHT_THROUGH,False
APP201660,DECLINE,POLICY_FAILURE,False
APP201661,AUTO_APPROVE,STANDARD_STRAIGHT_THROUGH,False
APP201662,DECLINE,POLICY_FAILURE,False
APP201663,DECLINE,POLICY_FAILURE,False
APP201664,AUTO_APPROVE,STANDARD_STRAIGHT_THROUGH,False
APP201665,AUTO_APPROVE,STANDARD_STRAIGHT_THROUGH,False
APP201666,AUTO_APPROVE,STANDARD_STRAIGHT_THROUGH,False
APP201667,DECLINE,POLICY_FAILURE,False
APP201668,AUTO_APPROVE,STANDARD_STRAIGHT_THROUGH,False
APP201669,AUTO_APPROVE,STANDARD_STRAIGHT_THROUGH,False
APP201670,AUTO_APPROVE,STANDARD_STRAIGHT_THROUGH,False
APP201671,DECLINE,POLICY_FAILURE,False
APP201672,AUTO_APPROVE,STANDARD_STRAIGHT_THROUGH,False
APP201673,AUTO_APPROVE,STANDARD_STRAIGHT_THROUGH,False
APP201674,DECLINE,POLICY_FAILURE,False
APP201675,AUTO_APPROVE,STANDARD_STRAIGHT_THROUGH,False
APP201676,AUTO_APPROVE,STANDARD_STRAIGHT_THROUGH,False
APP201677,DECLINE,POLICY_FAILURE,False
APP201678,DECLINE,POLICY_FAILURE,False
APP201679,AUTO_APPROVE,STANDARD_STRAIGHT_THROUGH,False
APP201680,AUTO_APPROVE,STANDARD_STRAIGHT_THROUGH,False
APP201681,AUTO_APPROVE,STANDARD_STRAIGHT_THROUGH,False
APP201682,AUTO_APPROVE,STANDARD_STRAIGHT_THROUGH,False
APP201683,DECLINE,POLICY_FAILURE,False
APP201684,AUTO_APPROVE,STANDARD_STRAIGHT_THROUGH,False
APP201685,AUTO_APPROVE,STANDARD_STRAIGHT_THROUGH,False
APP201686,AUTO_APPROVE,STANDARD_STRAIGHT_THROUGH,False
APP201687,AUTO_APPROVE,STANDARD_STRAIGHT_THROUGH,False
APP201688,DECLINE,POLICY_FAILURE,False
APP201689,DECLINE,POLICY_FAILURE,False
APP201690,DECLINE,POLICY_FAILURE,False
APP201691,DECLINE,POLICY_FAILURE,False
APP201692,DECLINE,POLICY_FAILURE,False
APP201693,AUTO_APPROVE,STANDARD_STRAIGHT_THROUGH,False
APP201694,AUTO_APPROVE,STANDARD_STRAIGHT_THROUGH,False
APP201695,DECLINE,POLICY_FAILURE,False
APP201696,DECLINE,POLICY_FAILURE,False
APP201697,AUTO_APPROVE,STANDARD_STRAIGHT_THROUGH,False
APP201698,AUTO_APPROVE,STANDARD_STRAIGHT_THROUGH,False
APP201699,AUTO_APPROVE,STANDARD_STRAIGHT_THROUGH,False
APP201700,AUTO_APPROVE,STANDARD_STRAIGHT_THROUGH,False
APP201701,AUTO_APPROVE,STANDARD_STRAIGHT_THROUGH,False
APP201702,AUTO_APPROVE,STANDARD_STRAIGHT_THROUGH,False
APP201703,DECLINE,POLICY_FAILURE,False
APP201704,AUTO_APPROVE,STANDARD_STRAIGHT_THROUGH,False
APP201705,DECLINE,POLICY_FAILURE,False
APP201706,HUMAN_REVIEW,LOW_DOCUMENT_CONFIDENCE,True
APP201707,AUTO_APPROVE,STANDARD_STRAIGHT_THROUGH,False
APP201708,AUTO_APPROVE,STANDARD_STRAIGHT_THROUGH,False
APP201709,AUTO_APPROVE,STANDARD_STRAIGHT_THROUGH,False
APP201710,AUTO_APPROVE,STANDARD_STRAIGHT_THROUGH,False
APP201711,AUTO_APPROVE,STANDARD_STRAIGHT_THROUGH,False
APP201712,AUTO_APPROVE,STANDARD_STRAIGHT_THROUGH,False
APP201713,DECLINE,POLICY_FAILURE,False
APP201714,AUTO_APPROVE,STANDARD_STRAIGHT_THROUGH,False
APP201715,AUTO_APPROVE,STANDARD_STRAIGHT_THROUGH,False
APP201716,AUTO_APPROVE,STANDARD_STRAIGHT_THROUGH,False
APP201717,AUTO_APPROVE,STANDARD_STRAIGHT_THROUGH,False
APP201718,AUTO_APPROVE,STANDARD_STRAIGHT_THROUGH,False
APP201719,DECLINE,POLICY_FAILURE,False
APP201720,AUTO_APPROVE,STANDARD_STRAIGHT_THROUGH,False
APP201721,AUTO_APPROVE,STANDARD_STRAIGHT_THROUGH,False
APP201722,AUTO_APPROVE,STANDARD_STRAIGHT_THROUGH,False
APP201723,AUTO_APPROVE,STANDARD_STRAIGHT_THROUGH,False
APP201724,AUTO_APPROVE,STANDARD_STRAIGHT_THROUGH,False
APP201725,DECLINE,POLICY_FAILURE,False
APP201726,DECLINE,POLICY_FAILURE,False
APP201727,DECLINE,POLICY_FAILURE,False
APP201728,AUTO_APPROVE,STANDARD_STRAIGHT_THROUGH,False
APP201729,AUTO_APPROVE,STANDARD_STRAIGHT_THROUGH,False
APP201730,DECLINE,POLICY_FAILURE,False
APP201731,AUTO_APPROVE,STANDARD_STRAIGHT_THROUGH,False
APP201732,DECLINE,POLICY_FAILURE,False
APP201733,DECLINE,POLICY_FAILURE,False
APP201734,AUTO_APPROVE,STANDARD_STRAIGHT_THROUGH,False
APP201735,DECLINE,POLICY_FAILURE,False
APP201736,AUTO_APPROVE,STANDARD_STRAIGHT_THROUGH,False
APP201737,AUTO_APPROVE,STANDARD_STRAIGHT_THROUGH,False
APP201738,AUTO_APPROVE,STANDARD_STRAIGHT_THROUGH,False
APP201739,AUTO_APPROVE,STANDARD_STRAIGHT_THROUGH,False
APP201740,DECLINE,POLICY_FAILURE,False
APP201741,AUTO_APPROVE,STANDARD_STRAIGHT_THROUGH,False
APP201742,DECLINE,POLICY_FAILURE,False
APP201743,DECLINE,POLICY_FAILURE,False
APP201744,DECLINE,POLICY_FAILURE,False
APP201745,AUTO_APPROVE,STANDARD_STRAIGHT_THROUGH,False
APP201746,DECLINE,POLICY_FAILURE,False
APP201747,AUTO_APPROVE,STANDARD_STRAIGHT_THROUGH,False
APP201748,AUTO_APPROVE,STANDARD_STRAIGHT_THROUGH,False
APP201749,AUTO_APPROVE,STANDARD_STRAIGHT_THROUGH,False
APP201750,DECLINE,POLICY_FAILURE,False
APP201751,AUTO_APPROVE,STANDARD_STRAIGHT_THROUGH,False
APP201752,AUTO_APPROVE,STANDARD_STRAIGHT_THROUGH,False
APP201753,AUTO_APPROVE,STANDARD_STRAIGHT_THROUGH,False
APP201754,AUTO_APPROVE,STANDARD_STRAIGHT_THROUGH,False
APP201755,AUTO_APPROVE,STANDARD_STRAIGHT_THROUGH,False
APP201756,DECLINE,POLICY_FAILURE,False
APP201757,AUTO_APPROVE,STANDARD_STRAIGHT_THROUGH,False
APP201758,DECLINE,POLICY_FAILURE,False
APP201759,DECLINE,POLICY_FAILURE,False
APP201760,AUTO_APPROVE,STANDARD_STRAIGHT_THROUGH,False
APP201761,AUTO_APPROVE,STANDARD_STRAIGHT_THROUGH,False
APP201762,AUTO_APPROVE,STANDARD_STRAIGHT_THROUGH,False
APP201763,AUTO_APPROVE,STANDARD_STRAIGHT_THROUGH,False
APP201764,AUTO_APPROVE,STANDARD_STRAIGHT_THROUGH,False
APP201765,AUTO_APPROVE,STANDARD_STRAIGHT_THROUGH,False
APP201766,AUTO_APPROVE,STANDARD_STRAIGHT_THROUGH,False
APP201767,AUTO_APPROVE,STANDARD_STRAIGHT_THROUGH,False
APP201768,AUTO_APPROVE,STANDARD_STRAIGHT_THROUGH,False
APP201769,DECLINE,POLICY_FAILURE,False
APP201770,DECLINE,POLICY_FAILURE,False
APP201771,AUTO_APPROVE,STANDARD_STRAIGHT_THROUGH,False
APP201772,AUTO_APPROVE,STANDARD_STRAIGHT_THROUGH,False
APP201773,DECLINE,POLICY_FAILURE,False
APP201774,AUTO_APPROVE,STANDARD_STRAIGHT_THROUGH,False
APP201775,AUTO_APPROVE,STANDARD_STRAIGHT_THROUGH,False
APP201776,AUTO_APPROVE,STANDARD_STRAIGHT_THROUGH,False
APP201777,AUTO_APPROVE,STANDARD_STRAIGHT_THROUGH,False
APP201778,AUTO_APPROVE,STANDARD_STRAIGHT_THROUGH,False
APP201779,DECLINE,POLICY_FAILURE,False
APP201780,DECLINE,POLICY_FAILURE,False
APP201781,AUTO_APPROVE,STANDARD_STRAIGHT_THROUGH,False
APP201782,DECLINE,POLICY_FAILURE,False
APP201783,AUTO_APPROVE,STANDARD_STRAIGHT_THROUGH,False
APP201784,AUTO_APPROVE,STANDARD_STRAIGHT_THROUGH,False
APP201785,AUTO_APPROVE,STANDARD_STRAIGHT_THROUGH,False
APP201786,AUTO_APPROVE,STANDARD_STRAIGHT_THROUGH,False
APP201787,DECLINE,POLICY_FAILURE,False
APP201788,AUTO_APPROVE,STANDARD_STRAIGHT_THROUGH,False
APP201789,AUTO_APPROVE,STANDARD_STRAIGHT_THROUGH,False
APP201790,DECLINE,POLICY_FAILURE,False
APP201791,AUTO_APPROVE,STANDARD_STRAIGHT_THROUGH,False
APP201792,AUTO_APPROVE,STANDARD_STRAIGHT_THROUGH,False
APP201793,DECLINE,POLICY_FAILURE,False
APP201794,AUTO_APPROVE,STANDARD_STRAIGHT_THROUGH,False
APP201795,AUTO_APPROVE,STANDARD_STRAIGHT_THROUGH,False
APP201796,DECLINE,POLICY_FAILURE,False
APP201797,AUTO_APPROVE,STANDARD_STRAIGHT_THROUGH,False
APP201798,AUTO_APPROVE,STANDARD_STRAIGHT_THROUGH,False
APP201799,AUTO_APPROVE,STANDARD_STRAIGHT_THROUGH,False
APP201800,AUTO_APPROVE,STANDARD_STRAIGHT_THROUGH,False
APP201801,DECLINE,POLICY_FAILURE,False
APP201802,AUTO_APPROVE,STANDARD_STRAIGHT_THROUGH,False
APP201803,DECLINE,POLICY_FAILURE,False
APP201804,AUTO_APPROVE,STANDARD_STRAIGHT_THROUGH,False
APP201805,DECLINE,POLICY_FAILURE,False
APP201806,AUTO_APPROVE,STANDARD_STRAIGHT_THROUGH,False
APP201807,DECLINE,POLICY_FAILURE,False
APP201808,DECLINE,POLICY_FAILURE,False
APP201809,DECLINE,POLICY_FAILURE,False
APP201810,DECLINE,POLICY_FAILURE,False
APP201811,DECLINE,POLICY_FAILURE,False
APP201812,AUTO_APPROVE,STANDARD_STRAIGHT_THROUGH,False
APP201813,AUTO_APPROVE,STANDARD_STRAIGHT_THROUGH,False
APP201814,AUTO_APPROVE,STANDARD_STRAIGHT_THROUGH,False
APP201815,DECLINE,POLICY_FAILURE,False
APP201816,DECLINE,POLICY_FAILURE,False
APP201817,AUTO_APPROVE,STANDARD_STRAIGHT_THROUGH,False
APP201818,DECLINE,POLICY_FAILURE,False
APP201819,AUTO_APPROVE,STANDARD_STRAIGHT_THROUGH,False
APP201820,AUTO_APPROVE,STANDARD_STRAIGHT_THROUGH,False
APP201821,AUTO_APPROVE,STANDARD_STRAIGHT_THROUGH,False
APP201822,DECLINE,POLICY_FAILURE,False
APP201823,AUTO_APPROVE,STANDARD_STRAIGHT_THROUGH,False
APP201824,AUTO_APPROVE,STANDARD_STRAIGHT_THROUGH,False
APP201825,AUTO_APPROVE,STANDARD_STRAIGHT_THROUGH,False
APP201826,DECLINE,POLICY_FAILURE,False
APP201827,AUTO_APPROVE,STANDARD_STRAIGHT_THROUGH,False
APP201828,AUTO_APPROVE,STANDARD_STRAIGHT_THROUGH,False
APP201829,AUTO_APPROVE,STANDARD_STRAIGHT_THROUGH,False
APP201830,AUTO_APPROVE,STANDARD_STRAIGHT_THROUGH,False
APP201831,DECLINE,POLICY_FAILURE,False
APP201832,AUTO_APPROVE,STANDARD_STRAIGHT_THROUGH,False
APP201833,AUTO_APPROVE,STANDARD_STRAIGHT_THROUGH,False
APP201834,DECLINE,POLICY_FAILURE,False
APP201835,AUTO_APPROVE,STANDARD_STRAIGHT_THROUGH,False
APP201836,DECLINE,POLICY_FAILURE,False
APP201837,DECLINE,POLICY_FAILURE,False
APP201838,AUTO_APPROVE,STANDARD_STRAIGHT_THROUGH,False
APP201839,AUTO_APPROVE,STANDARD_STRAIGHT_THROUGH,False
APP201840,DECLINE,POLICY_FAILURE,False
APP201841,AUTO_APPROVE,STANDARD_STRAIGHT_THROUGH,False
APP201842,DECLINE,POLICY_FAILURE,False
APP201843,DECLINE,POLICY_FAILURE,False
APP201844,AUTO_APPROVE,STANDARD_STRAIGHT_THROUGH,False
APP201845,AUTO_APPROVE,STANDARD_STRAIGHT_THROUGH,False
APP201846,AUTO_APPROVE,STANDARD_STRAIGHT_THROUGH,False
APP201847,AUTO_APPROVE,STANDARD_STRAIGHT_THROUGH,False
APP201848,AUTO_APPROVE,STANDARD_STRAIGHT_THROUGH,False
APP201849,AUTO_APPROVE,STANDARD_STRAIGHT_THROUGH,False
APP201850,DECLINE,POLICY_FAILURE,False
APP201851,AUTO_APPROVE,STANDARD_STRAIGHT_THROUGH,False
APP201852,AUTO_APPROVE,STANDARD_STRAIGHT_THROUGH,False
APP201853,DECLINE,POLICY_FAILURE,False
APP201854,DECLINE,POLICY_FAILURE,False
APP201855,DECLINE,POLICY_FAILURE,False
APP201856,DECLINE,POLICY_FAILURE,False
APP201857,AUTO_APPROVE,STANDARD_STRAIGHT_THROUGH,False
APP201858,AUTO_APPROVE,STANDARD_STRAIGHT_THROUGH,False
APP201859,DECLINE,POLICY_FAILURE,False
APP201860,AUTO_APPROVE,STANDARD_STRAIGHT_THROUGH,False
APP201861,DECLINE,POLICY_FAILURE,False
APP201862,DECLINE,POLICY_FAILURE,False
APP201863,DECLINE,POLICY_FAILURE,False
APP201864,DECLINE,POLICY_FAILURE,False
APP201865,AUTO_APPROVE,STANDARD_STRAIGHT_THROUGH,False
APP201866,AUTO_APPROVE,STANDARD_STRAIGHT_THROUGH,False
APP201867,AUTO_APPROVE,STANDARD_STRAIGHT_THROUGH,False
APP201868,AUTO_APPROVE,STANDARD_STRAIGHT_THROUGH,False
APP201869,AUTO_APPROVE,STANDARD_STRAIGHT_THROUGH,False
APP201870,AUTO_APPROVE,STANDARD_STRAIGHT_THROUGH,False
APP201871,AUTO_APPROVE,STANDARD_STRAIGHT_THROUGH,False
APP201872,DECLINE,POLICY_FAILURE,False
APP201873,AUTO_APPROVE,STANDARD_STRAIGHT_THROUGH,False
APP201874,AUTO_APPROVE,STANDARD_STRAIGHT_THROUGH,False
APP201875,AUTO_APPROVE,STANDARD_STRAIGHT_THROUGH,False
APP201876,DECLINE,POLICY_FAILURE,False
APP201877,AUTO_APPROVE,STANDARD_STRAIGHT_THROUGH,False
APP201878,DECLINE,POLICY_FAILURE,False
APP201879,DECLINE,POLICY_FAILURE,False
APP201880,AUTO_APPROVE,STANDARD_STRAIGHT_THROUGH,False
APP201881,AUTO_APPROVE,STANDARD_STRAIGHT_THROUGH,False
APP201882,AUTO_APPROVE,STANDARD_STRAIGHT_THROUGH,False
APP201883,AUTO_APPROVE,STANDARD_STRAIGHT_THROUGH,False
APP201884,AUTO_APPROVE,STANDARD_STRAIGHT_THROUGH,False
APP201885,AUTO_APPROVE,STANDARD_STRAIGHT_THROUGH,False
APP201886,AUTO_APPROVE,STANDARD_STRAIGHT_THROUGH,False
APP201887,AUTO_APPROVE,STANDARD_STRAIGHT_THROUGH,False
APP201888,DECLINE,POLICY_FAILURE,False
APP201889,AUTO_APPROVE,STANDARD_STRAIGHT_THROUGH,False
APP201890,DECLINE,POLICY_FAILURE,False
APP201891,DECLINE,POLICY_FAILURE,False
APP201892,DECLINE,POLICY_FAILURE,False
APP201893,AUTO_APPROVE,STANDARD_STRAIGHT_THROUGH,False
APP201894,DECLINE,POLICY_FAILURE,False
APP201895,AUTO_APPROVE,STANDARD_STRAIGHT_THROUGH,False
APP201896,AUTO_APPROVE,STANDARD_STRAIGHT_THROUGH,False
APP201897,DECLINE,POLICY_FAILURE,False
APP201898,AUTO_APPROVE,STANDARD_STRAIGHT_THROUGH,False
APP201899,HUMAN_REVIEW,LOW_DOCUMENT_CONFIDENCE,True
APP201900,DECLINE,POLICY_FAILURE,False
APP201901,AUTO_APPROVE,STANDARD_STRAIGHT_THROUGH,False
APP201902,AUTO_APPROVE,STANDARD_STRAIGHT_THROUGH,False
APP201903,AUTO_APPROVE,STANDARD_STRAIGHT_THROUGH,False
APP201904,DECLINE,POLICY_FAILURE,False
APP201905,DECLINE,POLICY_FAILURE,False
APP201906,DECLINE,POLICY_FAILURE,False
APP201907,DECLINE,POLICY_FAILURE,False
APP201908,DECLINE,POLICY_FAILURE,False
APP201909,AUTO_APPROVE,STANDARD_STRAIGHT_THROUGH,False
APP201910,AUTO_APPROVE,STANDARD_STRAIGHT_THROUGH,False
APP201911,AUTO_APPROVE,STANDARD_STRAIGHT_THROUGH,False
APP201912,DECLINE,POLICY_FAILURE,False
APP201913,AUTO_APPROVE,STANDARD_STRAIGHT_THROUGH,False
APP201914,AUTO_APPROVE,STANDARD_STRAIGHT_THROUGH,False
APP201915,DECLINE,POLICY_FAILURE,False
APP201916,AUTO_APPROVE,STANDARD_STRAIGHT_THROUGH,False
APP201917,DECLINE,POLICY_FAILURE,False
APP201918,AUTO_APPROVE,STANDARD_STRAIGHT_THROUGH,False
APP201919,AUTO_APPROVE,STANDARD_STRAIGHT_THROUGH,False
APP201920,AUTO_APPROVE,STANDARD_STRAIGHT_THROUGH,False
APP201921,HUMAN_REVIEW,LOW_DOCUMENT_CONFIDENCE,True
APP201922,DECLINE,POLICY_FAILURE,False
APP201923,DECLINE,POLICY_FAILURE,False
APP201924,AUTO_APPROVE,STANDARD_STRAIGHT_THROUGH,False
APP201925,DECLINE,POLICY_FAILURE,False
APP201926,AUTO_APPROVE,STANDARD_STRAIGHT_THROUGH,False
APP201927,AUTO_APPROVE,STANDARD_STRAIGHT_THROUGH,False
APP201928,DECLINE,POLICY_FAILURE,False
APP201929,DECLINE,POLICY_FAILURE,False
APP201930,AUTO_APPROVE,STANDARD_STRAIGHT_THROUGH,False
APP201931,AUTO_APPROVE,STANDARD_STRAIGHT_THROUGH,False
APP201932,AUTO_APPROVE,STANDARD_STRAIGHT_THROUGH,False
APP201933,AUTO_APPROVE,STANDARD_STRAIGHT_THROUGH,False
APP201934,AUTO_APPROVE,STANDARD_STRAIGHT_THROUGH,False
APP201935,AUTO_APPROVE,STANDARD_STRAIGHT_THROUGH,False
APP201936,AUTO_APPROVE,STANDARD_STRAIGHT_THROUGH,False
APP201937,AUTO_APPROVE,STANDARD_STRAIGHT_THROUGH,False
APP201938,AUTO_APPROVE,STANDARD_STRAIGHT_THROUGH,False
APP201939,DECLINE,POLICY_FAILURE,False
APP201940,AUTO_APPROVE,STANDARD_STRAIGHT_THROUGH,False
APP201941,AUTO_APPROVE,STANDARD_STRAIGHT_THROUGH,False
APP201942,AUTO_APPROVE,STANDARD_STRAIGHT_THROUGH,False
APP201943,DECLINE,POLICY_FAILURE,False
APP201944,AUTO_APPROVE,STANDARD_STRAIGHT_THROUGH,False
APP201945,DECLINE,POLICY_FAILURE,False
APP201946,AUTO_APPROVE,STANDARD_STRAIGHT_THROUGH,False
APP201947,AUTO_APPROVE,STANDARD_STRAIGHT_THROUGH,False
APP201948,DECLINE,POLICY_FAILURE,False
APP201949,AUTO_APPROVE,STANDARD_STRAIGHT_THROUGH,False
APP201950,AUTO_APPROVE,STANDARD_STRAIGHT_THROUGH,False
APP201951,DECLINE,POLICY_FAILURE,False
APP201952,AUTO_APPROVE,STANDARD_STRAIGHT_THROUGH,False
APP201953,DECLINE,POLICY_FAILURE,False
APP201954,DECLINE,POLICY_FAILURE,False
APP201955,AUTO_APPROVE,STANDARD_STRAIGHT_THROUGH,False
APP201956,AUTO_APPROVE,STANDARD_STRAIGHT_THROUGH,False
APP201957,DECLINE,POLICY_FAILURE,False
APP201958,AUTO_APPROVE,STANDARD_STRAIGHT_THROUGH,False
APP201959,AUTO_APPROVE,STANDARD_STRAIGHT_THROUGH,False
APP201960,AUTO_APPROVE,STANDARD_STRAIGHT_THROUGH,False
APP201961,AUTO_APPROVE,STANDARD_STRAIGHT_THROUGH,False
APP201962,DECLINE,POLICY_FAILURE,False
APP201963,AUTO_APPROVE,STANDARD_STRAIGHT_THROUGH,False
APP201964,AUTO_APPROVE,STANDARD_STRAIGHT_THROUGH,False
APP201965,DECLINE,POLICY_FAILURE,False
APP201966,AUTO_APPROVE,STANDARD_STRAIGHT_THROUGH,False
APP201967,DECLINE,POLICY_FAILURE,False
APP201968,AUTO_APPROVE,STANDARD_STRAIGHT_THROUGH,False
APP201969,AUTO_APPROVE,STANDARD_STRAIGHT_THROUGH,False
APP201970,DECLINE,POLICY_FAILURE,False
APP201971,AUTO_APPROVE,STANDARD_STRAIGHT_THROUGH,False
APP201972,DECLINE,POLICY_FAILURE,False
APP201973,AUTO_APPROVE,STANDARD_STRAIGHT_THROUGH,False
APP201974,AUTO_APPROVE,STANDARD_STRAIGHT_THROUGH,False
APP201975,DECLINE,POLICY_FAILURE,False
APP201976,DECLINE,POLICY_FAILURE,False
APP201977,AUTO_APPROVE,STANDARD_STRAIGHT_THROUGH,False
APP201978,AUTO_APPROVE,STANDARD_STRAIGHT_THROUGH,False
APP201979,DECLINE,POLICY_FAILURE,False
APP201980,AUTO_APPROVE,STANDARD_STRAIGHT_THROUGH,False
APP201981,DECLINE,POLICY_FAILURE,False
APP201982,DECLINE,POLICY_FAILURE,False
APP201983,AUTO_APPROVE,STANDARD_STRAIGHT_THROUGH,False
APP201984,AUTO_APPROVE,STANDARD_STRAIGHT_THROUGH,False
APP201985,DECLINE,POLICY_FAILURE,False
APP201986,AUTO_APPROVE,STANDARD_STRAIGHT_THROUGH,False
APP201987,AUTO_APPROVE,STANDARD_STRAIGHT_THROUGH,False
APP201988,AUTO_APPROVE,STANDARD_STRAIGHT_THROUGH,False
APP201989,AUTO_APPROVE,STANDARD_STRAIGHT_THROUGH,False
APP201990,AUTO_APPROVE,STANDARD_STRAIGHT_THROUGH,False
APP201991,DECLINE,POLICY_FAILURE,False
APP201992,DECLINE,POLICY_FAILURE,False
APP201993,AUTO_APPROVE,STANDARD_STRAIGHT_THROUGH,False
APP201994,AUTO_APPROVE,STANDARD_STRAIGHT_THROUGH,False
APP201995,DECLINE,POLICY_FAILURE,False
APP201996,DECLINE,POLICY_FAILURE,False
APP201997,AUTO_APPROVE,STANDARD_STRAIGHT_THROUGH,False
APP201998,AUTO_APPROVE,STANDARD_STRAIGHT_THROUGH,False
APP201999,AUTO_APPROVE,STANDARD_STRAIGHT_THROUGH,False
APP202000,AUTO_APPROVE,STANDARD_STRAIGHT_THROUGH,False
APP202001,AUTO_APPROVE,STANDARD_STRAIGHT_THROUGH,False
APP202002,AUTO_APPROVE,STANDARD_STRAIGHT_THROUGH,False
APP202003,AUTO_APPROVE,STANDARD_STRAIGHT_THROUGH,False
APP202004,AUTO_APPROVE,STANDARD_STRAIGHT_THROUGH,False
APP202005,DECLINE,POLICY_FAILURE,False
APP202006,DECLINE,POLICY_FAILURE,False
APP202007,AUTO_APPROVE,STANDARD_STRAIGHT_THROUGH,False
APP202008,AUTO_APPROVE,STANDARD_STRAIGHT_THROUGH,False
APP202009,DECLINE,POLICY_FAILURE,False
APP202010,DECLINE,POLICY_FAILURE,False
APP202011,AUTO_APPROVE,STANDARD_STRAIGHT_THROUGH,False
APP202012,DECLINE,POLICY_FAILURE,False
APP202013,DECLINE,POLICY_FAILURE,False
APP202014,DECLINE,POLICY_FAILURE,False
APP202015,AUTO_APPROVE,STANDARD_STRAIGHT_THROUGH,False
APP202016,AUTO_APPROVE,STANDARD_STRAIGHT_THROUGH,False
APP202017,AUTO_APPROVE,STANDARD_STRAIGHT_THROUGH,False
APP202018,AUTO_APPROVE,STANDARD_STRAIGHT_THROUGH,False
APP202019,DECLINE,POLICY_FAILURE,False
APP202020,AUTO_APPROVE,STANDARD_STRAIGHT_THROUGH,False
APP202021,AUTO_APPROVE,STANDARD_STRAIGHT_THROUGH,False
APP202022,DECLINE,POLICY_FAILURE,False
APP202023,AUTO_APPROVE,STANDARD_STRAIGHT_THROUGH,False
APP202024,AUTO_APPROVE,STANDARD_STRAIGHT_THROUGH,False
APP202025,AUTO_APPROVE,STANDARD_STRAIGHT_THROUGH,False
APP202026,AUTO_APPROVE,STANDARD_STRAIGHT_THROUGH,False
APP202027,AUTO_APPROVE,STANDARD_STRAIGHT_THROUGH,False
APP202028,AUTO_APPROVE,STANDARD_STRAIGHT_THROUGH,False
APP202029,DECLINE,POLICY_FAILURE,False
APP202030,AUTO_APPROVE,STANDARD_STRAIGHT_THROUGH,False
APP202031,AUTO_APPROVE,STANDARD_STRAIGHT_THROUGH,False
APP202032,AUTO_APPROVE,STANDARD_STRAIGHT_THROUGH,False
APP202033,AUTO_APPROVE,STANDARD_STRAIGHT_THROUGH,False
APP202034,AUTO_APPROVE,STANDARD_STRAIGHT_THROUGH,False
APP202035,DECLINE,POLICY_FAILURE,False
APP202036,DECLINE,POLICY_FAILURE,False
APP202037,AUTO_APPROVE,STANDARD_STRAIGHT_THROUGH,False
APP202038,AUTO_APPROVE,STANDARD_STRAIGHT_THROUGH,False
APP202039,AUTO_APPROVE,STANDARD_STRAIGHT_THROUGH,False
APP202040,DECLINE,POLICY_FAILURE,False
APP202041,AUTO_APPROVE,STANDARD_STRAIGHT_THROUGH,False
APP202042,AUTO_APPROVE,STANDARD_STRAIGHT_THROUGH,False
APP202043,AUTO_APPROVE,STANDARD_STRAIGHT_THROUGH,False
APP202044,DECLINE,POLICY_FAILURE,False
APP202045,DECLINE,POLICY_FAILURE,False
APP202046,AUTO_APPROVE,STANDARD_STRAIGHT_THROUGH,False
APP202047,AUTO_APPROVE,STANDARD_STRAIGHT_THROUGH,False
APP202048,DECLINE,POLICY_FAILURE,False
APP202049,AUTO_APPROVE,STANDARD_STRAIGHT_THROUGH,False
APP202050,DECLINE,POLICY_FAILURE,False
APP202051,DECLINE,POLICY_FAILURE,False
APP202052,AUTO_APPROVE,STANDARD_STRAIGHT_THROUGH,False
APP202053,AUTO_APPROVE,STANDARD_STRAIGHT_THROUGH,False
APP202054,AUTO_APPROVE,STANDARD_STRAIGHT_THROUGH,False
APP202055,AUTO_APPROVE,STANDARD_STRAIGHT_THROUGH,False
APP202056,DECLINE,POLICY_FAILURE,False
APP202057,AUTO_APPROVE,STANDARD_STRAIGHT_THROUGH,False
APP202058,AUTO_APPROVE,STANDARD_STRAIGHT_THROUGH,False
APP202059,DECLINE,POLICY_FAILURE,False
APP202060,DECLINE,POLICY_FAILURE,False
APP202061,AUTO_APPROVE,STANDARD_STRAIGHT_THROUGH,False
APP202062,DECLINE,POLICY_FAILURE,False
APP202063,DECLINE,POLICY_FAILURE,False
APP202064,AUTO_APPROVE,STANDARD_STRAIGHT_THROUGH,False
APP202065,AUTO_APPROVE,STANDARD_STRAIGHT_THROUGH,False
APP202066,AUTO_APPROVE,STANDARD_STRAIGHT_THROUGH,False
APP202067,AUTO_APPROVE,STANDARD_STRAIGHT_THROUGH,False
APP202068,DECLINE,POLICY_FAILURE,False
APP202069,DECLINE,POLICY_FAILURE,False
APP202070,AUTO_APPROVE,STANDARD_STRAIGHT_THROUGH,False
APP202071,AUTO_APPROVE,STANDARD_STRAIGHT_THROUGH,False
APP202072,AUTO_APPROVE,STANDARD_STRAIGHT_THROUGH,False
APP202073,AUTO_APPROVE,STANDARD_STRAIGHT_THROUGH,False
APP202074,DECLINE,POLICY_FAILURE,False
APP202075,DECLINE,POLICY_FAILURE,False
APP202076,AUTO_APPROVE,STANDARD_STRAIGHT_THROUGH,False
APP202077,HUMAN_REVIEW,MEDIUM_FRAUD_RISK,True
APP202078,AUTO_APPROVE,STANDARD_STRAIGHT_THROUGH,False
APP202079,AUTO_APPROVE,STANDARD_STRAIGHT_THROUGH,False
APP202080,AUTO_APPROVE,STANDARD_STRAIGHT_THROUGH,False
APP202081,DECLINE,POLICY_FAILURE,False
APP202082,AUTO_APPROVE,STANDARD_STRAIGHT_THROUGH,False
APP202083,AUTO_APPROVE,STANDARD_STRAIGHT_THROUGH,False
APP202084,DECLINE,POLICY_FAILURE,False
APP202085,AUTO_APPROVE,STANDARD_STRAIGHT_THROUGH,False
APP202086,AUTO_APPROVE,STANDARD_STRAIGHT_THROUGH,False
APP202087,AUTO_APPROVE,STANDARD_STRAIGHT_THROUGH,False
APP202088,DECLINE,POLICY_FAILURE,False
APP202089,AUTO_APPROVE,STANDARD_STRAIGHT_THROUGH,False
APP202090,AUTO_APPROVE,STANDARD_STRAIGHT_THROUGH,False
APP202091,AUTO_APPROVE,STANDARD_STRAIGHT_THROUGH,False
APP202092,AUTO_APPROVE,STANDARD_STRAIGHT_THROUGH,False
APP202093,AUTO_APPROVE,STANDARD_STRAIGHT_THROUGH,False
APP202094,DECLINE,POLICY_FAILURE,False
APP202095,AUTO_APPROVE,STANDARD_STRAIGHT_THROUGH,False
APP202096,AUTO_APPROVE,STANDARD_STRAIGHT_THROUGH,False
APP202097,AUTO_APPROVE,STANDARD_STRAIGHT_THROUGH,False
APP202098,AUTO_APPROVE,STANDARD_STRAIGHT_THROUGH,False
APP202099,AUTO_APPROVE,STANDARD_STRAIGHT_THROUGH,False
APP202100,DECLINE,POLICY_FAILURE,False
APP202101,DECLINE,POLICY_FAILURE,False
APP202102,DECLINE,POLICY_FAILURE,False
APP202103,AUTO_APPROVE,STANDARD_STRAIGHT_THROUGH,False
APP202104,AUTO_APPROVE,STANDARD_STRAIGHT_THROUGH,False
APP202105,AUTO_APPROVE,STANDARD_STRAIGHT_THROUGH,False
APP202106,AUTO_APPROVE,STANDARD_STRAIGHT_THROUGH,False
APP202107,AUTO_APPROVE,STANDARD_STRAIGHT_THROUGH,False
APP202108,DECLINE,POLICY_FAILURE,False
APP202109,AUTO_APPROVE,STANDARD_STRAIGHT_THROUGH,False
APP202110,DECLINE,POLICY_FAILURE,False
APP202111,DECLINE,POLICY_FAILURE,False
APP202112,AUTO_APPROVE,STANDARD_STRAIGHT_THROUGH,False
APP202113,DECLINE,POLICY_FAILURE,False
APP202114,AUTO_APPROVE,STANDARD_STRAIGHT_THROUGH,False
APP202115,AUTO_APPROVE,STANDARD_STRAIGHT_THROUGH,False
APP202116,DECLINE,POLICY_FAILURE,False
APP202117,DECLINE,POLICY_FAILURE,False
APP202118,DECLINE,POLICY_FAILURE,False
APP202119,AUTO_APPROVE,STANDARD_STRAIGHT_THROUGH,False
APP202120,AUTO_APPROVE,STANDARD_STRAIGHT_THROUGH,False
APP202121,AUTO_APPROVE,STANDARD_STRAIGHT_THROUGH,False
APP202122,AUTO_APPROVE,STANDARD_STRAIGHT_THROUGH,False
APP202123,DECLINE,POLICY_FAILURE,False
APP202124,AUTO_APPROVE,STANDARD_STRAIGHT_THROUGH,False
APP202125,AUTO_APPROVE,STANDARD_STRAIGHT_THROUGH,False
APP202126,DECLINE,POLICY_FAILURE,False
APP202127,DECLINE,POLICY_FAILURE,False
APP202128,AUTO_APPROVE,STANDARD_STRAIGHT_THROUGH,False
APP202129,DECLINE,POLICY_FAILURE,False
APP202130,DECLINE,POLICY_FAILURE,False
APP202131,AUTO_APPROVE,STANDARD_STRAIGHT_THROUGH,False
APP202132,AUTO_APPROVE,STANDARD_STRAIGHT_THROUGH,False
APP202133,DECLINE,POLICY_FAILURE,False
APP202134,AUTO_APPROVE,STANDARD_STRAIGHT_THROUGH,False
APP202135,AUTO_APPROVE,STANDARD_STRAIGHT_THROUGH,False
APP202136,AUTO_APPROVE,STANDARD_STRAIGHT_THROUGH,False
APP202137,DECLINE,POLICY_FAILURE,False
APP202138,AUTO_APPROVE,STANDARD_STRAIGHT_THROUGH,False
APP202139,DECLINE,POLICY_FAILURE,False
APP202140,AUTO_APPROVE,STANDARD_STRAIGHT_THROUGH,False
APP202141,AUTO_APPROVE,STANDARD_STRAIGHT_THROUGH,False
APP202142,AUTO_APPROVE,STANDARD_STRAIGHT_THROUGH,False
APP202143,DECLINE,POLICY_FAILURE,False
APP202144,AUTO_APPROVE,STANDARD_STRAIGHT_THROUGH,False
APP202145,DECLINE,POLICY_FAILURE,False
APP202146,AUTO_APPROVE,STANDARD_STRAIGHT_THROUGH,False
APP202147,DECLINE,POLICY_FAILURE,False
APP202148,HUMAN_REVIEW,LOW_DOCUMENT_CONFIDENCE,True
APP202149,AUTO_APPROVE,STANDARD_STRAIGHT_THROUGH,False
APP202150,AUTO_APPROVE,STANDARD_STRAIGHT_THROUGH,False
APP202151,DECLINE,POLICY_FAILURE,False
APP202152,AUTO_APPROVE,STANDARD_STRAIGHT_THROUGH,False
APP202153,AUTO_APPROVE,STANDARD_STRAIGHT_THROUGH,False
APP202154,AUTO_APPROVE,STANDARD_STRAIGHT_THROUGH,False
APP202155,AUTO_APPROVE,STANDARD_STRAIGHT_THROUGH,False
APP202156,AUTO_APPROVE,STANDARD_STRAIGHT_THROUGH,False
APP202157,AUTO_APPROVE,STANDARD_STRAIGHT_THROUGH,False
APP202158,AUTO_APPROVE,STANDARD_STRAIGHT_THROUGH,False
APP202159,AUTO_APPROVE,STANDARD_STRAIGHT_THROUGH,False
APP202160,DECLINE,POLICY_FAILURE,False
APP202161,DECLINE,POLICY_FAILURE,False
APP202162,AUTO_APPROVE,STANDARD_STRAIGHT_THROUGH,False
APP202163,AUTO_APPROVE,STANDARD_STRAIGHT_THROUGH,False
APP202164,DECLINE,POLICY_FAILURE,False
APP202165,DECLINE,POLICY_FAILURE,False
APP202166,AUTO_APPROVE,STANDARD_STRAIGHT_THROUGH,False
APP202167,AUTO_APPROVE,STANDARD_STRAIGHT_THROUGH,False
APP202168,AUTO_APPROVE,STANDARD_STRAIGHT_THROUGH,False
APP202169,AUTO_APPROVE,STANDARD_STRAIGHT_THROUGH,False
APP202170,DECLINE,POLICY_FAILURE,False
APP202171,DECLINE,POLICY_FAILURE,False
APP202172,DECLINE,POLICY_FAILURE,False
APP202173,AUTO_APPROVE,STANDARD_STRAIGHT_THROUGH,False
APP202174,DECLINE,POLICY_FAILURE,False
APP202175,AUTO_APPROVE,STANDARD_STRAIGHT_THROUGH,False
APP202176,AUTO_APPROVE,STANDARD_STRAIGHT_THROUGH,False
APP202177,AUTO_APPROVE,STANDARD_STRAIGHT_THROUGH,False
APP202178,DECLINE,POLICY_FAILURE,False
APP202179,DECLINE,POLICY_FAILURE,False
APP202180,DECLINE,POLICY_FAILURE,False
APP202181,DECLINE,POLICY_FAILURE,False
APP202182,AUTO_APPROVE,STANDARD_STRAIGHT_THROUGH,False
APP202183,AUTO_APPROVE,STANDARD_STRAIGHT_THROUGH,False
APP202184,AUTO_APPROVE,STANDARD_STRAIGHT_THROUGH,False
APP202185,AUTO_APPROVE,STANDARD_STRAIGHT_THROUGH,False
APP202186,AUTO_APPROVE,STANDARD_STRAIGHT_THROUGH,False
APP202187,AUTO_APPROVE,STANDARD_STRAIGHT_THROUGH,False
APP202188,AUTO_APPROVE,STANDARD_STRAIGHT_THROUGH,False
APP202189,DECLINE,POLICY_FAILURE,False
APP202190,DECLINE,POLICY_FAILURE,False
APP202191,AUTO_APPROVE,STANDARD_STRAIGHT_THROUGH,False
APP202192,DECLINE,POLICY_FAILURE,False
APP202193,DECLINE,POLICY_FAILURE,False
APP202194,AUTO_APPROVE,STANDARD_STRAIGHT_THROUGH,False
APP202195,DECLINE,POLICY_FAILURE,False
APP202196,AUTO_APPROVE,STANDARD_STRAIGHT_THROUGH,False
APP202197,DECLINE,POLICY_FAILURE,False
APP202198,DECLINE,POLICY_FAILURE,False
APP202199,AUTO_APPROVE,STANDARD_STRAIGHT_THROUGH,False
APP202200,AUTO_APPROVE,STANDARD_STRAIGHT_THROUGH,False
APP202201,AUTO_APPROVE,STANDARD_STRAIGHT_THROUGH,False
APP202202,AUTO_APPROVE,STANDARD_STRAIGHT_THROUGH,False
APP202203,AUTO_APPROVE,STANDARD_STRAIGHT_THROUGH,False
APP202204,AUTO_APPROVE,STANDARD_STRAIGHT_THROUGH,False
APP202205,AUTO_APPROVE,STANDARD_STRAIGHT_THROUGH,False
APP202206,DECLINE,POLICY_FAILURE,False
APP202207,AUTO_APPROVE,STANDARD_STRAIGHT_THROUGH,False
APP202208,AUTO_APPROVE,STANDARD_STRAIGHT_THROUGH,False
APP202209,AUTO_APPROVE,STANDARD_STRAIGHT_THROUGH,False
APP202210,DECLINE,POLICY_FAILURE,False
APP202211,AUTO_APPROVE,STANDARD_STRAIGHT_THROUGH,False
APP202212,AUTO_APPROVE,STANDARD_STRAIGHT_THROUGH,False
APP202213,AUTO_APPROVE,STANDARD_STRAIGHT_THROUGH,False
APP202214,DECLINE,POLICY_FAILURE,False
APP202215,AUTO_APPROVE,STANDARD_STRAIGHT_THROUGH,False
APP202216,AUTO_APPROVE,STANDARD_STRAIGHT_THROUGH,False
APP202217,AUTO_APPROVE,STANDARD_STRAIGHT_THROUGH,False
APP202218,DECLINE,POLICY_FAILURE,False
APP202219,AUTO_APPROVE,STANDARD_STRAIGHT_THROUGH,False
APP202220,AUTO_APPROVE,STANDARD_STRAIGHT_THROUGH,False
APP202221,AUTO_APPROVE,STANDARD_STRAIGHT_THROUGH,False
APP202222,AUTO_APPROVE,STANDARD_STRAIGHT_THROUGH,False
APP202223,AUTO_APPROVE,STANDARD_STRAIGHT_THROUGH,False
APP202224,DECLINE,POLICY_FAILURE,False
APP202225,AUTO_APPROVE,STANDARD_STRAIGHT_THROUGH,False
APP202226,AUTO_APPROVE,STANDARD_STRAIGHT_THROUGH,False
APP202227,AUTO_APPROVE,STANDARD_STRAIGHT_THROUGH,False
APP202228,DECLINE,POLICY_FAILURE,False
APP202229,AUTO_APPROVE,STANDARD_STRAIGHT_THROUGH,False
APP202230,DECLINE,POLICY_FAILURE,False
APP202231,DECLINE,POLICY_FAILURE,False
APP202232,AUTO_APPROVE,STANDARD_STRAIGHT_THROUGH,False
APP202233,AUTO_APPROVE,STANDARD_STRAIGHT_THROUGH,False
APP202234,AUTO_APPROVE,STANDARD_STRAIGHT_THROUGH,False
APP202235,DECLINE,POLICY_FAILURE,False
APP202236,AUTO_APPROVE,STANDARD_STRAIGHT_THROUGH,False
APP202237,AUTO_APPROVE,STANDARD_STRAIGHT_THROUGH,False
APP202238,DECLINE,POLICY_FAILURE,False
APP202239,AUTO_APPROVE,STANDARD_STRAIGHT_THROUGH,False
APP202240,AUTO_APPROVE,STANDARD_STRAIGHT_THROUGH,False
APP202241,AUTO_APPROVE,STANDARD_STRAIGHT_THROUGH,False
APP202242,DECLINE,POLICY_FAILURE,False
APP202243,DECLINE,POLICY_FAILURE,False
APP202244,AUTO_APPROVE,STANDARD_STRAIGHT_THROUGH,False
APP202245,AUTO_APPROVE,STANDARD_STRAIGHT_THROUGH,False
APP202246,AUTO_APPROVE,STANDARD_STRAIGHT_THROUGH,False
APP202247,AUTO_APPROVE,STANDARD_STRAIGHT_THROUGH,False
APP202248,AUTO_APPROVE,STANDARD_STRAIGHT_THROUGH,False
APP202249,AUTO_APPROVE,STANDARD_STRAIGHT_THROUGH,False
APP202250,AUTO_APPROVE,STANDARD_STRAIGHT_THROUGH,False
APP202251,AUTO_APPROVE,STANDARD_STRAIGHT_THROUGH,False
APP202252,AUTO_APPROVE,STANDARD_STRAIGHT_THROUGH,False
APP202253,AUTO_APPROVE,STANDARD_STRAIGHT_THROUGH,False
APP202254,DECLINE,POLICY_FAILURE,False
APP202255,DECLINE,POLICY_FAILURE,False
APP202256,DECLINE,POLICY_FAILURE,False
APP202257,DECLINE,POLICY_FAILURE,False
APP202258,AUTO_APPROVE,STANDARD_STRAIGHT_THROUGH,False
APP202259,AUTO_APPROVE,STANDARD_STRAIGHT_THROUGH,False
APP202260,AUTO_APPROVE,STANDARD_STRAIGHT_THROUGH,False
APP202261,AUTO_APPROVE,STANDARD_STRAIGHT_THROUGH,False
APP202262,AUTO_APPROVE,STANDARD_STRAIGHT_THROUGH,False
APP202263,AUTO_APPROVE,STANDARD_STRAIGHT_THROUGH,False
APP202264,AUTO_APPROVE,STANDARD_STRAIGHT_THROUGH,False
APP202265,DECLINE,POLICY_FAILURE,False
APP202266,AUTO_APPROVE,STANDARD_STRAIGHT_THROUGH,False
APP202267,DECLINE,POLICY_FAILURE,False
APP202268,AUTO_APPROVE,STANDARD_STRAIGHT_THROUGH,False
APP202269,DECLINE,POLICY_FAILURE,False
APP202270,AUTO_APPROVE,STANDARD_STRAIGHT_THROUGH,False
APP202271,AUTO_APPROVE,STANDARD_STRAIGHT_THROUGH,False
APP202272,DECLINE,POLICY_FAILURE,False
APP202273,DECLINE,POLICY_FAILURE,False
APP202274,DECLINE,POLICY_FAILURE,False
APP202275,AUTO_APPROVE,STANDARD_STRAIGHT_THROUGH,False
APP202276,AUTO_APPROVE,STANDARD_STRAIGHT_THROUGH,False
APP202277,HUMAN_REVIEW,LOW_DOCUMENT_CONFIDENCE,True
APP202278,DECLINE,POLICY_FAILURE,False
APP202279,DECLINE,POLICY_FAILURE,False
APP202280,AUTO_APPROVE,STANDARD_STRAIGHT_THROUGH,False
APP202281,AUTO_APPROVE,STANDARD_STRAIGHT_THROUGH,False
APP202282,AUTO_APPROVE,STANDARD_STRAIGHT_THROUGH,False
APP202283,DECLINE,POLICY_FAILURE,False
APP202284,DECLINE,POLICY_FAILURE,False
APP202285,HUMAN_REVIEW,LOW_DOCUMENT_CONFIDENCE,True
APP202286,AUTO_APPROVE,STANDARD_STRAIGHT_THROUGH,False
APP202287,AUTO_APPROVE,STANDARD_STRAIGHT_THROUGH,False
APP202288,AUTO_APPROVE,STANDARD_STRAIGHT_THROUGH,False
APP202289,AUTO_APPROVE,STANDARD_STRAIGHT_THROUGH,False
APP202290,DECLINE,POLICY_FAILURE,False
APP202291,AUTO_APPROVE,STANDARD_STRAIGHT_THROUGH,False
APP202292,DECLINE,POLICY_FAILURE,False
APP202293,DECLINE,POLICY_FAILURE,False
APP202294,DECLINE,POLICY_FAILURE,False
APP202295,DECLINE,POLICY_FAILURE,False
APP202296,DECLINE,POLICY_FAILURE,False
APP202297,DECLINE,POLICY_FAILURE,False
APP202298,AUTO_APPROVE,STANDARD_STRAIGHT_THROUGH,False
APP202299,AUTO_APPROVE,STANDARD_STRAIGHT_THROUGH,False
APP202300,AUTO_APPROVE,STANDARD_STRAIGHT_THROUGH,False
APP202301,DECLINE,POLICY_FAILURE,False
APP202302,DECLINE,POLICY_FAILURE,False
APP202303,DECLINE,POLICY_FAILURE,False
APP202304,DECLINE,POLICY_FAILURE,False
APP202305,AUTO_APPROVE,STANDARD_STRAIGHT_THROUGH,False
APP202306,DECLINE,POLICY_FAILURE,False
APP202307,AUTO_APPROVE,STANDARD_STRAIGHT_THROUGH,False
APP202308,DECLINE,POLICY_FAILURE,False
APP202309,DECLINE,POLICY_FAILURE,False
APP202310,AUTO_APPROVE,STANDARD_STRAIGHT_THROUGH,False
APP202311,AUTO_APPROVE,STANDARD_STRAIGHT_THROUGH,False
APP202312,AUTO_APPROVE,STANDARD_STRAIGHT_THROUGH,False
APP202313,DECLINE,POLICY_FAILURE,False
APP202314,AUTO_APPROVE,STANDARD_STRAIGHT_THROUGH,False
APP202315,AUTO_APPROVE,STANDARD_STRAIGHT_THROUGH,False
APP202316,DECLINE,POLICY_FAILURE,False
APP202317,AUTO_APPROVE,STANDARD_STRAIGHT_THROUGH,False
APP202318,AUTO_APPROVE,STANDARD_STRAIGHT_THROUGH,False
APP202319,DECLINE,POLICY_FAILURE,False
APP202320,AUTO_APPROVE,STANDARD_STRAIGHT_THROUGH,False
APP202321,DECLINE,POLICY_FAILURE,False
APP202322,DECLINE,POLICY_FAILURE,False
APP202323,AUTO_APPROVE,STANDARD_STRAIGHT_THROUGH,False
APP202324,AUTO_APPROVE,STANDARD_STRAIGHT_THROUGH,False
APP202325,AUTO_APPROVE,STANDARD_STRAIGHT_THROUGH,False
APP202326,AUTO_APPROVE,STANDARD_STRAIGHT_THROUGH,False
APP202327,AUTO_APPROVE,STANDARD_STRAIGHT_THROUGH,False
APP202328,DECLINE,POLICY_FAILURE,False
APP202329,AUTO_APPROVE,STANDARD_STRAIGHT_THROUGH,False
APP202330,AUTO_APPROVE,STANDARD_STRAIGHT_THROUGH,False
APP202331,AUTO_APPROVE,STANDARD_STRAIGHT_THROUGH,False
APP202332,DECLINE,POLICY_FAILURE,False
APP202333,AUTO_APPROVE,STANDARD_STRAIGHT_THROUGH,False
APP202334,AUTO_APPROVE,STANDARD_STRAIGHT_THROUGH,False
APP202335,DECLINE,POLICY_FAILURE,False
APP202336,AUTO_APPROVE,STANDARD_STRAIGHT_THROUGH,False
APP202337,AUTO_APPROVE,STANDARD_STRAIGHT_THROUGH,False
APP202338,DECLINE,POLICY_FAILURE,False
APP202339,AUTO_APPROVE,STANDARD_STRAIGHT_THROUGH,False
APP202340,AUTO_APPROVE,STANDARD_STRAIGHT_THROUGH,False
APP202341,AUTO_APPROVE,STANDARD_STRAIGHT_THROUGH,False
APP202342,AUTO_APPROVE,STANDARD_STRAIGHT_THROUGH,False
APP202343,AUTO_APPROVE,STANDARD_STRAIGHT_THROUGH,False
APP202344,AUTO_APPROVE,STANDARD_STRAIGHT_THROUGH,False
APP202345,AUTO_APPROVE,STANDARD_STRAIGHT_THROUGH,False
APP202346,AUTO_APPROVE,STANDARD_STRAIGHT_THROUGH,False
APP202347,DECLINE,POLICY_FAILURE,False
APP202348,DECLINE,POLICY_FAILURE,False
APP202349,AUTO_APPROVE,STANDARD_STRAIGHT_THROUGH,False
APP202350,AUTO_APPROVE,STANDARD_STRAIGHT_THROUGH,False
APP202351,DECLINE,POLICY_FAILURE,False
APP202352,AUTO_APPROVE,STANDARD_STRAIGHT_THROUGH,False
APP202353,AUTO_APPROVE,STANDARD_STRAIGHT_THROUGH,False
APP202354,DECLINE,POLICY_FAILURE,False
APP202355,DECLINE,POLICY_FAILURE,False
APP202356,HUMAN_REVIEW,LOW_DOCUMENT_CONFIDENCE,True
APP202357,AUTO_APPROVE,STANDARD_STRAIGHT_THROUGH,False
APP202358,AUTO_APPROVE,STANDARD_STRAIGHT_THROUGH,False
APP202359,DECLINE,POLICY_FAILURE,False
APP202360,AUTO_APPROVE,STANDARD_STRAIGHT_THROUGH,False
APP202361,DECLINE,POLICY_FAILURE,False
APP202362,DECLINE,POLICY_FAILURE,False
APP202363,DECLINE,POLICY_FAILURE,False
APP202364,AUTO_APPROVE,STANDARD_STRAIGHT_THROUGH,False
APP202365,DECLINE,POLICY_FAILURE,False
APP202366,AUTO_APPROVE,STANDARD_STRAIGHT_THROUGH,False
APP202367,DECLINE,POLICY_FAILURE,False
APP202368,AUTO_APPROVE,STANDARD_STRAIGHT_THROUGH,False
APP202369,DECLINE,POLICY_FAILURE,False
APP202370,AUTO_APPROVE,STANDARD_STRAIGHT_THROUGH,False
APP202371,AUTO_APPROVE,STANDARD_STRAIGHT_THROUGH,False
APP202372,DECLINE,POLICY_FAILURE,False
APP202373,AUTO_APPROVE,STANDARD_STRAIGHT_THROUGH,False
APP202374,DECLINE,POLICY_FAILURE,False
APP202375,DECLINE,POLICY_FAILURE,False
APP202376,AUTO_APPROVE,STANDARD_STRAIGHT_THROUGH,False
APP202377,AUTO_APPROVE,STANDARD_STRAIGHT_THROUGH,False
APP202378,AUTO_APPROVE,STANDARD_STRAIGHT_THROUGH,False
APP202379,AUTO_APPROVE,STANDARD_STRAIGHT_THROUGH,False
APP202380,AUTO_APPROVE,STANDARD_STRAIGHT_THROUGH,False
APP202381,AUTO_APPROVE,STANDARD_STRAIGHT_THROUGH,False
APP202382,DECLINE,POLICY_FAILURE,False
APP202383,DECLINE,POLICY_FAILURE,False
APP202384,DECLINE,POLICY_FAILURE,False
APP202385,DECLINE,POLICY_FAILURE,False
APP202386,DECLINE,POLICY_FAILURE,False
APP202387,DECLINE,POLICY_FAILURE,False
APP202388,DECLINE,POLICY_FAILURE,False
APP202389,DECLINE,POLICY_FAILURE,False
APP202390,DECLINE,POLICY_FAILURE,False
APP202391,AUTO_APPROVE,STANDARD_STRAIGHT_THROUGH,False
APP202392,AUTO_APPROVE,STANDARD_STRAIGHT_THROUGH,False
APP202393,DECLINE,POLICY_FAILURE,False
APP202394,AUTO_APPROVE,STANDARD_STRAIGHT_THROUGH,False
APP202395,AUTO_APPROVE,STANDARD_STRAIGHT_THROUGH,False
APP202396,DECLINE,POLICY_FAILURE,False
APP202397,DECLINE,POLICY_FAILURE,False
APP202398,AUTO_APPROVE,STANDARD_STRAIGHT_THROUGH,False
APP202399,AUTO_APPROVE,STANDARD_STRAIGHT_THROUGH,False
APP202400,DECLINE,POLICY_FAILURE,False
APP202401,AUTO_APPROVE,STANDARD_STRAIGHT_THROUGH,False
APP202402,HUMAN_REVIEW,LOW_DOCUMENT_CONFIDENCE,True
APP202403,AUTO_APPROVE,STANDARD_STRAIGHT_THROUGH,False
APP202404,AUTO_APPROVE,STANDARD_STRAIGHT_THROUGH,False
APP202405,DECLINE,POLICY_FAILURE,False
APP202406,DECLINE,POLICY_FAILURE,False
APP202407,DECLINE,POLICY_FAILURE,False
APP202408,AUTO_APPROVE,STANDARD_STRAIGHT_THROUGH,False
APP202409,AUTO_APPROVE,STANDARD_STRAIGHT_THROUGH,False
APP202410,AUTO_APPROVE,STANDARD_STRAIGHT_THROUGH,False
APP202411,AUTO_APPROVE,STANDARD_STRAIGHT_THROUGH,False
APP202412,DECLINE,POLICY_FAILURE,False
APP202413,AUTO_APPROVE,STANDARD_STRAIGHT_THROUGH,False
APP202414,DECLINE,POLICY_FAILURE,False
APP202415,DECLINE,POLICY_FAILURE,False
APP202416,AUTO_APPROVE,STANDARD_STRAIGHT_THROUGH,False
APP202417,DECLINE,POLICY_FAILURE,False
APP202418,DECLINE,POLICY_FAILURE,False
APP202419,AUTO_APPROVE,STANDARD_STRAIGHT_THROUGH,False
APP202420,AUTO_APPROVE,STANDARD_STRAIGHT_THROUGH,False
APP202421,DECLINE,POLICY_FAILURE,False
APP202422,AUTO_APPROVE,STANDARD_STRAIGHT_THROUGH,False
APP202423,DECLINE,POLICY_FAILURE,False
APP202424,DECLINE,POLICY_FAILURE,False
APP202425,AUTO_APPROVE,STANDARD_STRAIGHT_THROUGH,False
APP202426,DECLINE,POLICY_FAILURE,False
APP202427,AUTO_APPROVE,STANDARD_STRAIGHT_THROUGH,False
APP202428,AUTO_APPROVE,STANDARD_STRAIGHT_THROUGH,False
APP202429,DECLINE,POLICY_FAILURE,False
APP202430,AUTO_APPROVE,STANDARD_STRAIGHT_THROUGH,False
APP202431,DECLINE,POLICY_FAILURE,False
APP202432,AUTO_APPROVE,STANDARD_STRAIGHT_THROUGH,False
APP202433,AUTO_APPROVE,STANDARD_STRAIGHT_THROUGH,False
APP202434,AUTO_APPROVE,STANDARD_STRAIGHT_THROUGH,False
APP202435,AUTO_APPROVE,STANDARD_STRAIGHT_THROUGH,False
APP202436,AUTO_APPROVE,STANDARD_STRAIGHT_THROUGH,False
APP202437,AUTO_APPROVE,STANDARD_STRAIGHT_THROUGH,False
APP202438,DECLINE,POLICY_FAILURE,False
APP202439,DECLINE,POLICY_FAILURE,False
APP202440,DECLINE,POLICY_FAILURE,False
APP202441,AUTO_APPROVE,STANDARD_STRAIGHT_THROUGH,False
APP202442,DECLINE,POLICY_FAILURE,False
APP202443,AUTO_APPROVE,STANDARD_STRAIGHT_THROUGH,False
APP202444,DECLINE,POLICY_FAILURE,False
APP202445,AUTO_APPROVE,STANDARD_STRAIGHT_THROUGH,False
APP202446,DECLINE,POLICY_FAILURE,False
APP202447,AUTO_APPROVE,STANDARD_STRAIGHT_THROUGH,False
APP202448,DECLINE,POLICY_FAILURE,False
APP202449,AUTO_APPROVE,STANDARD_STRAIGHT_THROUGH,False
APP202450,AUTO_APPROVE,STANDARD_STRAIGHT_THROUGH,False
APP202451,AUTO_APPROVE,STANDARD_STRAIGHT_THROUGH,False
APP202452,AUTO_APPROVE,STANDARD_STRAIGHT_THROUGH,False
APP202453,HUMAN_REVIEW,MEDIUM_FRAUD_RISK,True
APP202454,AUTO_APPROVE,STANDARD_STRAIGHT_THROUGH,False
APP202455,AUTO_APPROVE,STANDARD_STRAIGHT_THROUGH,False
APP202456,AUTO_APPROVE,STANDARD_STRAIGHT_THROUGH,False
APP202457,DECLINE,POLICY_FAILURE,False
APP202458,AUTO_APPROVE,STANDARD_STRAIGHT_THROUGH,False
APP202459,AUTO_APPROVE,STANDARD_STRAIGHT_THROUGH,False
APP202460,AUTO_APPROVE,STANDARD_STRAIGHT_THROUGH,False
APP202461,AUTO_APPROVE,STANDARD_STRAIGHT_THROUGH,False
APP202462,DECLINE,POLICY_FAILURE,False
APP202463,AUTO_APPROVE,STANDARD_STRAIGHT_THROUGH,False
APP202464,DECLINE,POLICY_FAILURE,False
APP202465,AUTO_APPROVE,STANDARD_STRAIGHT_THROUGH,False
APP202466,AUTO_APPROVE,STANDARD_STRAIGHT_THROUGH,False
APP202467,AUTO_APPROVE,STANDARD_STRAIGHT_THROUGH,False
APP202468,AUTO_APPROVE,STANDARD_STRAIGHT_THROUGH,False
APP202469,DECLINE,POLICY_FAILURE,False
APP202470,AUTO_APPROVE,STANDARD_STRAIGHT_THROUGH,False
APP202471,DECLINE,POLICY_FAILURE,False
APP202472,AUTO_APPROVE,STANDARD_STRAIGHT_THROUGH,False
APP202473,AUTO_APPROVE,STANDARD_STRAIGHT_THROUGH,False
APP202474,DECLINE,POLICY_FAILURE,False
APP202475,AUTO_APPROVE,STANDARD_STRAIGHT_THROUGH,False
APP202476,AUTO_APPROVE,STANDARD_STRAIGHT_THROUGH,False
APP202477,AUTO_APPROVE,STANDARD_STRAIGHT_THROUGH,False
APP202478,AUTO_APPROVE,STANDARD_STRAIGHT_THROUGH,False
APP202479,AUTO_APPROVE,STANDARD_STRAIGHT_THROUGH,False
APP202480,AUTO_APPROVE,STANDARD_STRAIGHT_THROUGH,False
APP202481,AUTO_APPROVE,STANDARD_STRAIGHT_THROUGH,False
APP202482,DECLINE,POLICY_FAILURE,False
APP202483,AUTO_APPROVE,STANDARD_STRAIGHT_THROUGH,False
APP202484,DECLINE,POLICY_FAILURE,False
APP202485,DECLINE,POLICY_FAILURE,False
APP202486,AUTO_APPROVE,STANDARD_STRAIGHT_THROUGH,False
APP202487,AUTO_APPROVE,STANDARD_STRAIGHT_THROUGH,False
APP202488,DECLINE,POLICY_FAILURE,False
APP202489,AUTO_APPROVE,STANDARD_STRAIGHT_THROUGH,False
APP202490,AUTO_APPROVE,STANDARD_STRAIGHT_THROUGH,False
APP202491,DECLINE,POLICY_FAILURE,False
APP202492,AUTO_APPROVE,STANDARD_STRAIGHT_THROUGH,False
APP202493,AUTO_APPROVE,STANDARD_STRAIGHT_THROUGH,False
APP202494,AUTO_APPROVE,STANDARD_STRAIGHT_THROUGH,False
APP202495,AUTO_APPROVE,STANDARD_STRAIGHT_THROUGH,False
APP202496,AUTO_APPROVE,STANDARD_STRAIGHT_THROUGH,False
APP202497,AUTO_APPROVE,STANDARD_STRAIGHT_THROUGH,False
APP202498,AUTO_APPROVE,STANDARD_STRAIGHT_THROUGH,False
APP202499,AUTO_APPROVE,STANDARD_STRAIGHT_THROUGH,False
APP202500,AUTO_APPROVE,STANDARD_STRAIGHT_THROUGH,False
APP202501,AUTO_APPROVE,STANDARD_STRAIGHT_THROUGH,False
APP202502,DECLINE,POLICY_FAILURE,False
APP202503,AUTO_APPROVE,STANDARD_STRAIGHT_THROUGH,False
APP202504,DECLINE,POLICY_FAILURE,False
APP202505,AUTO_APPROVE,STANDARD_STRAIGHT_THROUGH,False
APP202506,AUTO_APPROVE,STANDARD_STRAIGHT_THROUGH,False
APP202507,AUTO_APPROVE,STANDARD_STRAIGHT_THROUGH,False
APP202508,AUTO_APPROVE,STANDARD_STRAIGHT_THROUGH,False
APP202509,DECLINE,POLICY_FAILURE,False
APP202510,AUTO_APPROVE,STANDARD_STRAIGHT_THROUGH,False
APP202511,AUTO_APPROVE,STANDARD_STRAIGHT_THROUGH,False
APP202512,AUTO_APPROVE,STANDARD_STRAIGHT_THROUGH,False
APP202513,AUTO_APPROVE,STANDARD_STRAIGHT_THROUGH,False
APP202514,AUTO_APPROVE,STANDARD_STRAIGHT_THROUGH,False
APP202515,AUTO_APPROVE,STANDARD_STRAIGHT_THROUGH,False
APP202516,DECLINE,POLICY_FAILURE,False
APP202517,AUTO_APPROVE,STANDARD_STRAIGHT_THROUGH,False
APP202518,DECLINE,POLICY_FAILURE,False
APP202519,AUTO_APPROVE,STANDARD_STRAIGHT_THROUGH,False
APP202520,AUTO_APPROVE,STANDARD_STRAIGHT_THROUGH,False
APP202521,DECLINE,POLICY_FAILURE,False
APP202522,DECLINE,POLICY_FAILURE,False
APP202523,DECLINE,POLICY_FAILURE,False
APP202524,AUTO_APPROVE,STANDARD_STRAIGHT_THROUGH,False
APP202525,AUTO_APPROVE,STANDARD_STRAIGHT_THROUGH,False
APP202526,AUTO_APPROVE,STANDARD_STRAIGHT_THROUGH,False
APP202527,DECLINE,POLICY_FAILURE,False
APP202528,DECLINE,POLICY_FAILURE,False
APP202529,AUTO_APPROVE,STANDARD_STRAIGHT_THROUGH,False
APP202530,AUTO_APPROVE,STANDARD_STRAIGHT_THROUGH,False
APP202531,AUTO_APPROVE,STANDARD_STRAIGHT_THROUGH,False
APP202532,AUTO_APPROVE,STANDARD_STRAIGHT_THROUGH,False
APP202533,AUTO_APPROVE,STANDARD_STRAIGHT_THROUGH,False
APP202534,DECLINE,POLICY_FAILURE,False
APP202535,DECLINE,POLICY_FAILURE,False
APP202536,AUTO_APPROVE,STANDARD_STRAIGHT_THROUGH,False
APP202537,AUTO_APPROVE,STANDARD_STRAIGHT_THROUGH,False
APP202538,AUTO_APPROVE,STANDARD_STRAIGHT_THROUGH,False
APP202539,AUTO_APPROVE,STANDARD_STRAIGHT_THROUGH,False
APP202540,DECLINE,POLICY_FAILURE,False
APP202541,AUTO_APPROVE,STANDARD_STRAIGHT_THROUGH,False
APP202542,AUTO_APPROVE,STANDARD_STRAIGHT_THROUGH,False
APP202543,AUTO_APPROVE,STANDARD_STRAIGHT_THROUGH,False
APP202544,DECLINE,POLICY_FAILURE,False
APP202545,AUTO_APPROVE,STANDARD_STRAIGHT_THROUGH,False
APP202546,AUTO_APPROVE,STANDARD_STRAIGHT_THROUGH,False
APP202547,DECLINE,POLICY_FAILURE,False
APP202548,AUTO_APPROVE,STANDARD_STRAIGHT_THROUGH,False
APP202549,AUTO_APPROVE,STANDARD_STRAIGHT_THROUGH,False
APP202550,AUTO_APPROVE,STANDARD_STRAIGHT_THROUGH,False
APP202551,AUTO_APPROVE,STANDARD_STRAIGHT_THROUGH,False
APP202552,AUTO_APPROVE,STANDARD_STRAIGHT_THROUGH,False
APP202553,DECLINE,POLICY_FAILURE,False
APP202554,AUTO_APPROVE,STANDARD_STRAIGHT_THROUGH,False
APP202555,DECLINE,POLICY_FAILURE,False
APP202556,DECLINE,POLICY_FAILURE,False
APP202557,AUTO_APPROVE,STANDARD_STRAIGHT_THROUGH,False
APP202558,AUTO_APPROVE,STANDARD_STRAIGHT_THROUGH,False
APP202559,AUTO_APPROVE,STANDARD_STRAIGHT_THROUGH,False
APP202560,DECLINE,POLICY_FAILURE,False
APP202561,AUTO_APPROVE,STANDARD_STRAIGHT_THROUGH,False
APP202562,DECLINE,POLICY_FAILURE,False
APP202563,AUTO_APPROVE,STANDARD_STRAIGHT_THROUGH,False
APP202564,DECLINE,POLICY_FAILURE,False
APP202565,AUTO_APPROVE,STANDARD_STRAIGHT_THROUGH,False
APP202566,AUTO_APPROVE,STANDARD_STRAIGHT_THROUGH,False
APP202567,AUTO_APPROVE,STANDARD_STRAIGHT_THROUGH,False
APP202568,AUTO_APPROVE,STANDARD_STRAIGHT_THROUGH,False
APP202569,AUTO_APPROVE,STANDARD_STRAIGHT_THROUGH,False
APP202570,DECLINE,POLICY_FAILURE,False
APP202571,DECLINE,POLICY_FAILURE,False
APP202572,DECLINE,POLICY_FAILURE,False
APP202573,AUTO_APPROVE,STANDARD_STRAIGHT_THROUGH,False
APP202574,AUTO_APPROVE,STANDARD_STRAIGHT_THROUGH,False
APP202575,AUTO_APPROVE,STANDARD_STRAIGHT_THROUGH,False
APP202576,AUTO_APPROVE,STANDARD_STRAIGHT_THROUGH,False
APP202577,AUTO_APPROVE,STANDARD_STRAIGHT_THROUGH,False
APP202578,AUTO_APPROVE,STANDARD_STRAIGHT_THROUGH,False
APP202579,DECLINE,POLICY_FAILURE,False
APP202580,AUTO_APPROVE,STANDARD_STRAIGHT_THROUGH,False
APP202581,AUTO_APPROVE,STANDARD_STRAIGHT_THROUGH,False
APP202582,DECLINE,POLICY_FAILURE,False
APP202583,DECLINE,POLICY_FAILURE,False
APP202584,DECLINE,POLICY_FAILURE,False
APP202585,AUTO_APPROVE,STANDARD_STRAIGHT_THROUGH,False
APP202586,AUTO_APPROVE,STANDARD_STRAIGHT_THROUGH,False
APP202587,AUTO_APPROVE,STANDARD_STRAIGHT_THROUGH,False
APP202588,AUTO_APPROVE,STANDARD_STRAIGHT_THROUGH,False
APP202589,AUTO_APPROVE,STANDARD_STRAIGHT_THROUGH,False
APP202590,DECLINE,POLICY_FAILURE,False
APP202591,AUTO_APPROVE,STANDARD_STRAIGHT_THROUGH,False
APP202592,DECLINE,POLICY_FAILURE,False
APP202593,AUTO_APPROVE,STANDARD_STRAIGHT_THROUGH,False
APP202594,AUTO_APPROVE,STANDARD_STRAIGHT_THROUGH,False
APP202595,AUTO_APPROVE,STANDARD_STRAIGHT_THROUGH,False
APP202596,AUTO_APPROVE,STANDARD_STRAIGHT_THROUGH,False
APP202597,AUTO_APPROVE,STANDARD_STRAIGHT_THROUGH,False
APP202598,AUTO_APPROVE,STANDARD_STRAIGHT_THROUGH,False
APP202599,DECLINE,POLICY_FAILURE,False
APP202600,AUTO_APPROVE,STANDARD_STRAIGHT_THROUGH,False
APP202601,HUMAN_REVIEW,LOW_DOCUMENT_CONFIDENCE,True
APP202602,AUTO_APPROVE,STANDARD_STRAIGHT_THROUGH,False
APP202603,HUMAN_REVIEW,LOW_DOCUMENT_CONFIDENCE,True
APP202604,DECLINE,POLICY_FAILURE,False
APP202605,DECLINE,POLICY_FAILURE,False
APP202606,DECLINE,POLICY_FAILURE,False
APP202607,DECLINE,POLICY_FAILURE,False
APP202608,DECLINE,POLICY_FAILURE,False
APP202609,AUTO_APPROVE,STANDARD_STRAIGHT_THROUGH,False
APP202610,AUTO_APPROVE,STANDARD_STRAIGHT_THROUGH,False
APP202611,DECLINE,POLICY_FAILURE,False
APP202612,HUMAN_REVIEW,LOW_DOCUMENT_CONFIDENCE,True
APP202613,AUTO_APPROVE,STANDARD_STRAIGHT_THROUGH,False
APP202614,AUTO_APPROVE,STANDARD_STRAIGHT_THROUGH,False
APP202615,AUTO_APPROVE,STANDARD_STRAIGHT_THROUGH,False
APP202616,AUTO_APPROVE,STANDARD_STRAIGHT_THROUGH,False
APP202617,AUTO_APPROVE,STANDARD_STRAIGHT_THROUGH,False
APP202618,AUTO_APPROVE,STANDARD_STRAIGHT_THROUGH,False
APP202619,AUTO_APPROVE,STANDARD_STRAIGHT_THROUGH,False
APP202620,DECLINE,POLICY_FAILURE,False
APP202621,AUTO_APPROVE,STANDARD_STRAIGHT_THROUGH,False
APP202622,AUTO_APPROVE,STANDARD_STRAIGHT_THROUGH,False
APP202623,DECLINE,POLICY_FAILURE,False
APP202624,AUTO_APPROVE,STANDARD_STRAIGHT_THROUGH,False
APP202625,AUTO_APPROVE,STANDARD_STRAIGHT_THROUGH,False
APP202626,DECLINE,POLICY_FAILURE,False
APP202627,AUTO_APPROVE,STANDARD_STRAIGHT_THROUGH,False
APP202628,AUTO_APPROVE,STANDARD_STRAIGHT_THROUGH,False
APP202629,AUTO_APPROVE,STANDARD_STRAIGHT_THROUGH,False
APP202630,HUMAN_REVIEW,LOW_DOCUMENT_CONFIDENCE,True
APP202631,AUTO_APPROVE,STANDARD_STRAIGHT_THROUGH,False
APP202632,DECLINE,POLICY_FAILURE,False
APP202633,DECLINE,POLICY_FAILURE,False
APP202634,DECLINE,POLICY_FAILURE,False
APP202635,AUTO_APPROVE,STANDARD_STRAIGHT_THROUGH,False
APP202636,DECLINE,POLICY_FAILURE,False
APP202637,DECLINE,POLICY_FAILURE,False
APP202638,DECLINE,POLICY_FAILURE,False
APP202639,AUTO_APPROVE,STANDARD_STRAIGHT_THROUGH,False
APP202640,AUTO_APPROVE,STANDARD_STRAIGHT_THROUGH,False
APP202641,DECLINE,POLICY_FAILURE,False
APP202642,DECLINE,POLICY_FAILURE,False
APP202643,AUTO_APPROVE,STANDARD_STRAIGHT_THROUGH,False
APP202644,DECLINE,POLICY_FAILURE,False
APP202645,AUTO_APPROVE,STANDARD_STRAIGHT_THROUGH,False
APP202646,AUTO_APPROVE,STANDARD_STRAIGHT_THROUGH,False
APP202647,AUTO_APPROVE,STANDARD_STRAIGHT_THROUGH,False
APP202648,DECLINE,POLICY_FAILURE,False
APP202649,DECLINE,POLICY_FAILURE,False
APP202650,AUTO_APPROVE,STANDARD_STRAIGHT_THROUGH,False
APP202651,AUTO_APPROVE,STANDARD_STRAIGHT_THROUGH,False
APP202652,DECLINE,POLICY_FAILURE,False
APP202653,DECLINE,POLICY_FAILURE,False
APP202654,AUTO_APPROVE,STANDARD_STRAIGHT_THROUGH,False
APP202655,AUTO_APPROVE,STANDARD_STRAIGHT_THROUGH,False
APP202656,DECLINE,POLICY_FAILURE,False
APP202657,AUTO_APPROVE,STANDARD_STRAIGHT_THROUGH,False
APP202658,AUTO_APPROVE,STANDARD_STRAIGHT_THROUGH,False
APP202659,DECLINE,POLICY_FAILURE,False
APP202660,DECLINE,POLICY_FAILURE,False
APP202661,AUTO_APPROVE,STANDARD_STRAIGHT_THROUGH,False
APP202662,DECLINE,POLICY_FAILURE,False
APP202663,AUTO_APPROVE,STANDARD_STRAIGHT_THROUGH,False
APP202664,AUTO_APPROVE,STANDARD_STRAIGHT_THROUGH,False
APP202665,AUTO_APPROVE,STANDARD_STRAIGHT_THROUGH,False
APP202666,DECLINE,POLICY_FAILURE,False
APP202667,DECLINE,POLICY_FAILURE,False
APP202668,AUTO_APPROVE,STANDARD_STRAIGHT_THROUGH,False
APP202669,AUTO_APPROVE,STANDARD_STRAIGHT_THROUGH,False
APP202670,DECLINE,POLICY_FAILURE,False
APP202671,AUTO_APPROVE,STANDARD_STRAIGHT_THROUGH,False
APP202672,AUTO_APPROVE,STANDARD_STRAIGHT_THROUGH,False
APP202673,AUTO_APPROVE,STANDARD_STRAIGHT_THROUGH,False
APP202674,AUTO_APPROVE,STANDARD_STRAIGHT_THROUGH,False
APP202675,DECLINE,POLICY_FAILURE,False
APP202676,AUTO_APPROVE,STANDARD_STRAIGHT_THROUGH,False
APP202677,AUTO_APPROVE,STANDARD_STRAIGHT_THROUGH,False
APP202678,AUTO_APPROVE,STANDARD_STRAIGHT_THROUGH,False
APP202679,AUTO_APPROVE,STANDARD_STRAIGHT_THROUGH,False
APP202680,AUTO_APPROVE,STANDARD_STRAIGHT_THROUGH,False
APP202681,AUTO_APPROVE,STANDARD_STRAIGHT_THROUGH,False
APP202682,DECLINE,POLICY_FAILURE,False
APP202683,AUTO_APPROVE,STANDARD_STRAIGHT_THROUGH,False
APP202684,AUTO_APPROVE,STANDARD_STRAIGHT_THROUGH,False
APP202685,DECLINE,POLICY_FAILURE,False
APP202686,AUTO_APPROVE,STANDARD_STRAIGHT_THROUGH,False
APP202687,DECLINE,POLICY_FAILURE,False
APP202688,AUTO_APPROVE,STANDARD_STRAIGHT_THROUGH,False
APP202689,AUTO_APPROVE,STANDARD_STRAIGHT_THROUGH,False
APP202690,DECLINE,POLICY_FAILURE,False
APP202691,AUTO_APPROVE,STANDARD_STRAIGHT_THROUGH,False
APP202692,AUTO_APPROVE,STANDARD_STRAIGHT_THROUGH,False
APP202693,AUTO_APPROVE,STANDARD_STRAIGHT_THROUGH,False
APP202694,AUTO_APPROVE,STANDARD_STRAIGHT_THROUGH,False
APP202695,AUTO_APPROVE,STANDARD_STRAIGHT_THROUGH,False
APP202696,DECLINE,POLICY_FAILURE,False
APP202697,AUTO_APPROVE,STANDARD_STRAIGHT_THROUGH,False
APP202698,AUTO_APPROVE,STANDARD_STRAIGHT_THROUGH,False
APP202699,AUTO_APPROVE,STANDARD_STRAIGHT_THROUGH,False
APP202700,AUTO_APPROVE,STANDARD_STRAIGHT_THROUGH,False
APP202701,DECLINE,POLICY_FAILURE,False
APP202702,DECLINE,POLICY_FAILURE,False
APP202703,AUTO_APPROVE,STANDARD_STRAIGHT_THROUGH,False
APP202704,DECLINE,POLICY_FAILURE,False
APP202705,AUTO_APPROVE,STANDARD_STRAIGHT_THROUGH,False
APP202706,AUTO_APPROVE,STANDARD_STRAIGHT_THROUGH,False
APP202707,DECLINE,POLICY_FAILURE,False
APP202708,AUTO_APPROVE,STANDARD_STRAIGHT_THROUGH,False
APP202709,AUTO_APPROVE,STANDARD_STRAIGHT_THROUGH,False
APP202710,AUTO_APPROVE,STANDARD_STRAIGHT_THROUGH,False
APP202711,DECLINE,POLICY_FAILURE,False
APP202712,DECLINE,POLICY_FAILURE,False
APP202713,DECLINE,POLICY_FAILURE,False
APP202714,AUTO_APPROVE,STANDARD_STRAIGHT_THROUGH,False
APP202715,DECLINE,POLICY_FAILURE,False
APP202716,AUTO_APPROVE,STANDARD_STRAIGHT_THROUGH,False
APP202717,AUTO_APPROVE,STANDARD_STRAIGHT_THROUGH,False
APP202718,DECLINE,POLICY_FAILURE,False
APP202719,AUTO_APPROVE,STANDARD_STRAIGHT_THROUGH,False
APP202720,AUTO_APPROVE,STANDARD_STRAIGHT_THROUGH,False
APP202721,AUTO_APPROVE,STANDARD_STRAIGHT_THROUGH,False
APP202722,DECLINE,POLICY_FAILURE,False
APP202723,AUTO_APPROVE,STANDARD_STRAIGHT_THROUGH,False
APP202724,DECLINE,POLICY_FAILURE,False
APP202725,AUTO_APPROVE,STANDARD_STRAIGHT_THROUGH,False
APP202726,DECLINE,POLICY_FAILURE,False
APP202727,AUTO_APPROVE,STANDARD_STRAIGHT_THROUGH,False
APP202728,AUTO_APPROVE,STANDARD_STRAIGHT_THROUGH,False
APP202729,DECLINE,POLICY_FAILURE,False
APP202730,DECLINE,POLICY_FAILURE,False
APP202731,AUTO_APPROVE,STANDARD_STRAIGHT_THROUGH,False
APP202732,AUTO_APPROVE,STANDARD_STRAIGHT_THROUGH,False
APP202733,DECLINE,POLICY_FAILURE,False
APP202734,DECLINE,POLICY_FAILURE,False
APP202735,DECLINE,POLICY_FAILURE,False
APP202736,DECLINE,POLICY_FAILURE,False
APP202737,AUTO_APPROVE,STANDARD_STRAIGHT_THROUGH,False
APP202738,DECLINE,POLICY_FAILURE,False
APP202739,DECLINE,POLICY_FAILURE,False
APP202740,AUTO_APPROVE,STANDARD_STRAIGHT_THROUGH,False
APP202741,AUTO_APPROVE,STANDARD_STRAIGHT_THROUGH,False
APP202742,AUTO_APPROVE,STANDARD_STRAIGHT_THROUGH,False
APP202743,AUTO_APPROVE,STANDARD_STRAIGHT_THROUGH,False
APP202744,AUTO_APPROVE,STANDARD_STRAIGHT_THROUGH,False
APP202745,DECLINE,POLICY_FAILURE,False
APP202746,AUTO_APPROVE,STANDARD_STRAIGHT_THROUGH,False
APP202747,DECLINE,POLICY_FAILURE,False
APP202748,AUTO_APPROVE,STANDARD_STRAIGHT_THROUGH,False
APP202749,DECLINE,POLICY_FAILURE,False
APP202750,AUTO_APPROVE,STANDARD_STRAIGHT_THROUGH,False
APP202751,DECLINE,POLICY_FAILURE,False
APP202752,DECLINE,POLICY_FAILURE,False
APP202753,AUTO_APPROVE,STANDARD_STRAIGHT_THROUGH,False
APP202754,DECLINE,POLICY_FAILURE,False
APP202755,AUTO_APPROVE,STANDARD_STRAIGHT_THROUGH,False
APP202756,AUTO_APPROVE,STANDARD_STRAIGHT_THROUGH,False
APP202757,AUTO_APPROVE,STANDARD_STRAIGHT_THROUGH,False
APP202758,AUTO_APPROVE,STANDARD_STRAIGHT_THROUGH,False
APP202759,HUMAN_REVIEW,LOW_DOCUMENT_CONFIDENCE,True
APP202760,AUTO_APPROVE,STANDARD_STRAIGHT_THROUGH,False
APP202761,AUTO_APPROVE,STANDARD_STRAIGHT_THROUGH,False
APP202762,AUTO_APPROVE,STANDARD_STRAIGHT_THROUGH,False
APP202763,AUTO_APPROVE,STANDARD_STRAIGHT_THROUGH,False
APP202764,DECLINE,POLICY_FAILURE,False
APP202765,AUTO_APPROVE,STANDARD_STRAIGHT_THROUGH,False
APP202766,DECLINE,POLICY_FAILURE,False
APP202767,DECLINE,POLICY_FAILURE,False
APP202768,DECLINE,POLICY_FAILURE,False
APP202769,AUTO_APPROVE,STANDARD_STRAIGHT_THROUGH,False
APP202770,DECLINE,POLICY_FAILURE,False
APP202771,AUTO_APPROVE,STANDARD_STRAIGHT_THROUGH,False
APP202772,AUTO_APPROVE,STANDARD_STRAIGHT_THROUGH,False
APP202773,DECLINE,POLICY_FAILURE,False
APP202774,DECLINE,POLICY_FAILURE,False
APP202775,HUMAN_REVIEW,LOW_DOCUMENT_CONFIDENCE,True
APP202776,AUTO_APPROVE,STANDARD_STRAIGHT_THROUGH,False
APP202777,DECLINE,POLICY_FAILURE,False
APP202778,DECLINE,POLICY_FAILURE,False
APP202779,DECLINE,POLICY_FAILURE,False
APP202780,DECLINE,POLICY_FAILURE,False
APP202781,AUTO_APPROVE,STANDARD_STRAIGHT_THROUGH,False
APP202782,DECLINE,POLICY_FAILURE,False
APP202783,DECLINE,POLICY_FAILURE,False
APP202784,AUTO_APPROVE,STANDARD_STRAIGHT_THROUGH,False
APP202785,DECLINE,POLICY_FAILURE,False
APP202786,AUTO_APPROVE,STANDARD_STRAIGHT_THROUGH,False
APP202787,AUTO_APPROVE,STANDARD_STRAIGHT_THROUGH,False
APP202788,DECLINE,POLICY_FAILURE,False
APP202789,AUTO_APPROVE,STANDARD_STRAIGHT_THROUGH,False
APP202790,DECLINE,POLICY_FAILURE,False
APP202791,AUTO_APPROVE,STANDARD_STRAIGHT_THROUGH,False
APP202792,DECLINE,POLICY_FAILURE,False
APP202793,DECLINE,POLICY_FAILURE,False
APP202794,DECLINE,POLICY_FAILURE,False
APP202795,DECLINE,POLICY_FAILURE,False
APP202796,DECLINE,POLICY_FAILURE,False
APP202797,AUTO_APPROVE,STANDARD_STRAIGHT_THROUGH,False
APP202798,AUTO_APPROVE,STANDARD_STRAIGHT_THROUGH,False
APP202799,AUTO_APPROVE,STANDARD_STRAIGHT_THROUGH,False
APP202800,DECLINE,POLICY_FAILURE,False
APP202801,AUTO_APPROVE,STANDARD_STRAIGHT_THROUGH,False
APP202802,DECLINE,POLICY_FAILURE,False
APP202803,AUTO_APPROVE,STANDARD_STRAIGHT_THROUGH,False
APP202804,DECLINE,POLICY_FAILURE,False
APP202805,DECLINE,POLICY_FAILURE,False
APP202806,AUTO_APPROVE,STANDARD_STRAIGHT_THROUGH,False
APP202807,AUTO_APPROVE,STANDARD_STRAIGHT_THROUGH,False
APP202808,AUTO_APPROVE,STANDARD_STRAIGHT_THROUGH,False
APP202809,AUTO_APPROVE,STANDARD_STRAIGHT_THROUGH,False
APP202810,AUTO_APPROVE,STANDARD_STRAIGHT_THROUGH,False
APP202811,DECLINE,POLICY_FAILURE,False
APP202812,DECLINE,POLICY_FAILURE,False
APP202813,AUTO_APPROVE,STANDARD_STRAIGHT_THROUGH,False
APP202814,DECLINE,POLICY_FAILURE,False
APP202815,AUTO_APPROVE,STANDARD_STRAIGHT_THROUGH,False
APP202816,DECLINE,POLICY_FAILURE,False
APP202817,DECLINE,POLICY_FAILURE,False
APP202818,AUTO_APPROVE,STANDARD_STRAIGHT_THROUGH,False
APP202819,AUTO_APPROVE,STANDARD_STRAIGHT_THROUGH,False
APP202820,AUTO_APPROVE,STANDARD_STRAIGHT_THROUGH,False
APP202821,DECLINE,POLICY_FAILURE,False
APP202822,AUTO_APPROVE,STANDARD_STRAIGHT_THROUGH,False
APP202823,AUTO_APPROVE,STANDARD_STRAIGHT_THROUGH,False
APP202824,AUTO_APPROVE,STANDARD_STRAIGHT_THROUGH,False
APP202825,AUTO_APPROVE,STANDARD_STRAIGHT_THROUGH,False
APP202826,AUTO_APPROVE,STANDARD_STRAIGHT_THROUGH,False
APP202827,DECLINE,POLICY_FAILURE,False
APP202828,AUTO_APPROVE,STANDARD_STRAIGHT_THROUGH,False
APP202829,AUTO_APPROVE,STANDARD_STRAIGHT_THROUGH,False
APP202830,AUTO_APPROVE,STANDARD_STRAIGHT_THROUGH,False
APP202831,AUTO_APPROVE,STANDARD_STRAIGHT_THROUGH,False
APP202832,AUTO_APPROVE,STANDARD_STRAIGHT_THROUGH,False
APP202833,AUTO_APPROVE,STANDARD_STRAIGHT_THROUGH,False
APP202834,DECLINE,POLICY_FAILURE,False
APP202835,AUTO_APPROVE,STANDARD_STRAIGHT_THROUGH,False
APP202836,DECLINE,POLICY_FAILURE,False
APP202837,AUTO_APPROVE,STANDARD_STRAIGHT_THROUGH,False
APP202838,AUTO_APPROVE,STANDARD_STRAIGHT_THROUGH,False
APP202839,AUTO_APPROVE,STANDARD_STRAIGHT_THROUGH,False
APP202840,DECLINE,POLICY_FAILURE,False
APP202841,AUTO_APPROVE,STANDARD_STRAIGHT_THROUGH,False
APP202842,HUMAN_REVIEW,MEDIUM_FRAUD_RISK,True
APP202843,AUTO_APPROVE,STANDARD_STRAIGHT_THROUGH,False
APP202844,DECLINE,POLICY_FAILURE,False
APP202845,AUTO_APPROVE,STANDARD_STRAIGHT_THROUGH,False
APP202846,DECLINE,POLICY_FAILURE,False
APP202847,DECLINE,POLICY_FAILURE,False
APP202848,DECLINE,POLICY_FAILURE,False
APP202849,AUTO_APPROVE,STANDARD_STRAIGHT_THROUGH,False
APP202850,AUTO_APPROVE,STANDARD_STRAIGHT_THROUGH,False
APP202851,AUTO_APPROVE,STANDARD_STRAIGHT_THROUGH,False
APP202852,AUTO_APPROVE,STANDARD_STRAIGHT_THROUGH,False
APP202853,DECLINE,POLICY_FAILURE,False
APP202854,AUTO_APPROVE,STANDARD_STRAIGHT_THROUGH,False
APP202855,AUTO_APPROVE,STANDARD_STRAIGHT_THROUGH,False
APP202856,DECLINE,POLICY_FAILURE,False
APP202857,AUTO_APPROVE,STANDARD_STRAIGHT_THROUGH,False
APP202858,AUTO_APPROVE,STANDARD_STRAIGHT_THROUGH,False
APP202859,DECLINE,POLICY_FAILURE,False
APP202860,DECLINE,POLICY_FAILURE,False
APP202861,AUTO_APPROVE,STANDARD_STRAIGHT_THROUGH,False
APP202862,AUTO_APPROVE,STANDARD_STRAIGHT_THROUGH,False
APP202863,DECLINE,POLICY_FAILURE,False
APP202864,DECLINE,POLICY_FAILURE,False
APP202865,AUTO_APPROVE,STANDARD_STRAIGHT_THROUGH,False
APP202866,DECLINE,POLICY_FAILURE,False
APP202867,AUTO_APPROVE,STANDARD_STRAIGHT_THROUGH,False
APP202868,AUTO_APPROVE,STANDARD_STRAIGHT_THROUGH,False
APP202869,DECLINE,POLICY_FAILURE,False
APP202870,AUTO_APPROVE,STANDARD_STRAIGHT_THROUGH,False
APP202871,DECLINE,POLICY_FAILURE,False
APP202872,DECLINE,POLICY_FAILURE,False
APP202873,AUTO_APPROVE,STANDARD_STRAIGHT_THROUGH,False
APP202874,DECLINE,POLICY_FAILURE,False
APP202875,DECLINE,POLICY_FAILURE,False
APP202876,DECLINE,POLICY_FAILURE,False
APP202877,AUTO_APPROVE,STANDARD_STRAIGHT_THROUGH,False
APP202878,AUTO_APPROVE,STANDARD_STRAIGHT_THROUGH,False
APP202879,AUTO_APPROVE,STANDARD_STRAIGHT_THROUGH,False
APP202880,DECLINE,POLICY_FAILURE,False
APP202881,AUTO_APPROVE,STANDARD_STRAIGHT_THROUGH,False
APP202882,AUTO_APPROVE,STANDARD_STRAIGHT_THROUGH,False
APP202883,AUTO_APPROVE,STANDARD_STRAIGHT_THROUGH,False
APP202884,AUTO_APPROVE,STANDARD_STRAIGHT_THROUGH,False
APP202885,AUTO_APPROVE,STANDARD_STRAIGHT_THROUGH,False
APP202886,DECLINE,POLICY_FAILURE,False
APP202887,AUTO_APPROVE,STANDARD_STRAIGHT_THROUGH,False
APP202888,AUTO_APPROVE,STANDARD_STRAIGHT_THROUGH,False
APP202889,HUMAN_REVIEW,LOW_DOCUMENT_CONFIDENCE,True
APP202890,DECLINE,POLICY_FAILURE,False
APP202891,AUTO_APPROVE,STANDARD_STRAIGHT_THROUGH,False
APP202892,DECLINE,POLICY_FAILURE,False
APP202893,AUTO_APPROVE,STANDARD_STRAIGHT_THROUGH,False
APP202894,DECLINE,POLICY_FAILURE,False
APP202895,DECLINE,POLICY_FAILURE,False
APP202896,DECLINE,POLICY_FAILURE,False
APP202897,DECLINE,POLICY_FAILURE,False
APP202898,AUTO_APPROVE,STANDARD_STRAIGHT_THROUGH,False
APP202899,DECLINE,POLICY_FAILURE,False
APP202900,AUTO_APPROVE,STANDARD_STRAIGHT_THROUGH,False
APP202901,DECLINE,POLICY_FAILURE,False
APP202902,DECLINE,POLICY_FAILURE,False
APP202903,AUTO_APPROVE,STANDARD_STRAIGHT_THROUGH,False
APP202904,DECLINE,POLICY_FAILURE,False
APP202905,AUTO_APPROVE,STANDARD_STRAIGHT_THROUGH,False
APP202906,DECLINE,POLICY_FAILURE,False
APP202907,AUTO_APPROVE,STANDARD_STRAIGHT_THROUGH,False
APP202908,DECLINE,POLICY_FAILURE,False
APP202909,DECLINE,POLICY_FAILURE,False
APP202910,AUTO_APPROVE,STANDARD_STRAIGHT_THROUGH,False
APP202911,AUTO_APPROVE,STANDARD_STRAIGHT_THROUGH,False
APP202912,DECLINE,POLICY_FAILURE,False
APP202913,AUTO_APPROVE,STANDARD_STRAIGHT_THROUGH,False
APP202914,AUTO_APPROVE,STANDARD_STRAIGHT_THROUGH,False
APP202915,DECLINE,POLICY_FAILURE,False
APP202916,AUTO_APPROVE,STANDARD_STRAIGHT_THROUGH,False
APP202917,AUTO_APPROVE,STANDARD_STRAIGHT_THROUGH,False
APP202918,AUTO_APPROVE,STANDARD_STRAIGHT_THROUGH,False
APP202919,AUTO_APPROVE,STANDARD_STRAIGHT_THROUGH,False
APP202920,AUTO_APPROVE,STANDARD_STRAIGHT_THROUGH,False
APP202921,AUTO_APPROVE,STANDARD_STRAIGHT_THROUGH,False
APP202922,DECLINE,POLICY_FAILURE,False
APP202923,AUTO_APPROVE,STANDARD_STRAIGHT_THROUGH,False
APP202924,AUTO_APPROVE,STANDARD_STRAIGHT_THROUGH,False
APP202925,AUTO_APPROVE,STANDARD_STRAIGHT_THROUGH,False
APP202926,AUTO_APPROVE,STANDARD_STRAIGHT_THROUGH,False
APP202927,AUTO_APPROVE,STANDARD_STRAIGHT_THROUGH,False
APP202928,AUTO_APPROVE,STANDARD_STRAIGHT_THROUGH,False
APP202929,AUTO_APPROVE,STANDARD_STRAIGHT_THROUGH,False
APP202930,AUTO_APPROVE,STANDARD_STRAIGHT_THROUGH,False
APP202931,AUTO_APPROVE,STANDARD_STRAIGHT_THROUGH,False
APP202932,AUTO_APPROVE,STANDARD_STRAIGHT_THROUGH,False
APP202933,AUTO_APPROVE,STANDARD_STRAIGHT_THROUGH,False
APP202934,AUTO_APPROVE,STANDARD_STRAIGHT_THROUGH,False
APP202935,AUTO_APPROVE,STANDARD_STRAIGHT_THROUGH,False
APP202936,AUTO_APPROVE,STANDARD_STRAIGHT_THROUGH,False
APP202937,AUTO_APPROVE,STANDARD_STRAIGHT_THROUGH,False
APP202938,AUTO_APPROVE,STANDARD_STRAIGHT_THROUGH,False
APP202939,AUTO_APPROVE,STANDARD_STRAIGHT_THROUGH,False
APP202940,AUTO_APPROVE,STANDARD_STRAIGHT_THROUGH,False
APP202941,AUTO_APPROVE,STANDARD_STRAIGHT_THROUGH,False
APP202942,AUTO_APPROVE,STANDARD_STRAIGHT_THROUGH,False
APP202943,AUTO_APPROVE,STANDARD_STRAIGHT_THROUGH,False
APP202944,AUTO_APPROVE,STANDARD_STRAIGHT_THROUGH,False
APP202945,DECLINE,POLICY_FAILURE,False
APP202946,AUTO_APPROVE,STANDARD_STRAIGHT_THROUGH,False
APP202947,AUTO_APPROVE,STANDARD_STRAIGHT_THROUGH,False
APP202948,DECLINE,POLICY_FAILURE,False
APP202949,AUTO_APPROVE,STANDARD_STRAIGHT_THROUGH,False
APP202950,AUTO_APPROVE,STANDARD_STRAIGHT_THROUGH,False
APP202951,AUTO_APPROVE,STANDARD_STRAIGHT_THROUGH,False
APP202952,AUTO_APPROVE,STANDARD_STRAIGHT_THROUGH,False
APP202953,DECLINE,POLICY_FAILURE,False
APP202954,DECLINE,POLICY_FAILURE,False
APP202955,AUTO_APPROVE,STANDARD_STRAIGHT_THROUGH,False
APP202956,AUTO_APPROVE,STANDARD_STRAIGHT_THROUGH,False
APP202957,DECLINE,POLICY_FAILURE,False
APP202958,AUTO_APPROVE,STANDARD_STRAIGHT_THROUGH,False
APP202959,DECLINE,POLICY_FAILURE,False
APP202960,AUTO_APPROVE,STANDARD_STRAIGHT_THROUGH,False
APP202961,AUTO_APPROVE,STANDARD_STRAIGHT_THROUGH,False
APP202962,DECLINE,POLICY_FAILURE,False
APP202963,DECLINE,POLICY_FAILURE,False
APP202964,DECLINE,POLICY_FAILURE,False
APP202965,AUTO_APPROVE,STANDARD_STRAIGHT_THROUGH,False
APP202966,AUTO_APPROVE,STANDARD_STRAIGHT_THROUGH,False
APP202967,AUTO_APPROVE,STANDARD_STRAIGHT_THROUGH,False
APP202968,DECLINE,POLICY_FAILURE,False
APP202969,HUMAN_REVIEW,LOW_DOCUMENT_CONFIDENCE,True
APP202970,AUTO_APPROVE,STANDARD_STRAIGHT_THROUGH,False
APP202971,AUTO_APPROVE,STANDARD_STRAIGHT_THROUGH,False
APP202972,AUTO_APPROVE,STANDARD_STRAIGHT_THROUGH,False
APP202973,DECLINE,POLICY_FAILURE,False
APP202974,DECLINE,POLICY_FAILURE,False
APP202975,AUTO_APPROVE,STANDARD_STRAIGHT_THROUGH,False
APP202976,AUTO_APPROVE,STANDARD_STRAIGHT_THROUGH,False
APP202977,HUMAN_REVIEW,LOW_DOCUMENT_CONFIDENCE,True
APP202978,AUTO_APPROVE,STANDARD_STRAIGHT_THROUGH,False
APP202979,AUTO_APPROVE,STANDARD_STRAIGHT_THROUGH,False
APP202980,AUTO_APPROVE,STANDARD_STRAIGHT_THROUGH,False
APP202981,AUTO_APPROVE,STANDARD_STRAIGHT_THROUGH,False
APP202982,AUTO_APPROVE,STANDARD_STRAIGHT_THROUGH,False
APP202983,AUTO_APPROVE,STANDARD_STRAIGHT_THROUGH,False
APP202984,AUTO_APPROVE,STANDARD_STRAIGHT_THROUGH,False
APP202985,AUTO_APPROVE,STANDARD_STRAIGHT_THROUGH,False
APP202986,AUTO_APPROVE,STANDARD_STRAIGHT_THROUGH,False
APP202987,AUTO_APPROVE,STANDARD_STRAIGHT_THROUGH,False
APP202988,AUTO_APPROVE,STANDARD_STRAIGHT_THROUGH,False
APP202989,AUTO_APPROVE,STANDARD_STRAIGHT_THROUGH,False
APP202990,AUTO_APPROVE,STANDARD_STRAIGHT_THROUGH,False
APP202991,AUTO_APPROVE,STANDARD_STRAIGHT_THROUGH,False
APP202992,AUTO_APPROVE,STANDARD_STRAIGHT_THROUGH,False
APP202993,HUMAN_REVIEW,LOW_DOCUMENT_CONFIDENCE,True
APP202994,DECLINE,POLICY_FAILURE,False
APP202995,DECLINE,POLICY_FAILURE,False
APP202996,DECLINE,POLICY_FAILURE,False
APP202997,DECLINE,POLICY_FAILURE,False
APP202998,AUTO_APPROVE,STANDARD_STRAIGHT_THROUGH,False
APP202999,DECLINE,POLICY_FAILURE,False
APP203000,AUTO_APPROVE,STANDARD_STRAIGHT_THROUGH,False
APP203001,AUTO_APPROVE,STANDARD_STRAIGHT_THROUGH,False
APP203002,AUTO_APPROVE,STANDARD_STRAIGHT_THROUGH,False
APP203003,DECLINE,POLICY_FAILURE,False
APP203004,AUTO_APPROVE,STANDARD_STRAIGHT_THROUGH,False
APP203005,DECLINE,POLICY_FAILURE,False
APP203006,AUTO_APPROVE,STANDARD_STRAIGHT_THROUGH,False
APP203007,DECLINE,POLICY_FAILURE,False
APP203008,AUTO_APPROVE,STANDARD_STRAIGHT_THROUGH,False
APP203009,DECLINE,POLICY_FAILURE,False
APP203010,AUTO_APPROVE,STANDARD_STRAIGHT_THROUGH,False
APP203011,DECLINE,POLICY_FAILURE,False
APP203012,AUTO_APPROVE,STANDARD_STRAIGHT_THROUGH,False
APP203013,DECLINE,POLICY_FAILURE,False
APP203014,DECLINE,POLICY_FAILURE,False
APP203015,DECLINE,POLICY_FAILURE,False
APP203016,DECLINE,POLICY_FAILURE,False
APP203017,AUTO_APPROVE,STANDARD_STRAIGHT_THROUGH,False
APP203018,AUTO_APPROVE,STANDARD_STRAIGHT_THROUGH,False
APP203019,AUTO_APPROVE,STANDARD_STRAIGHT_THROUGH,False
APP203020,DECLINE,POLICY_FAILURE,False
APP203021,DECLINE,POLICY_FAILURE,False
APP203022,DECLINE,POLICY_FAILURE,False
APP203023,DECLINE,POLICY_FAILURE,False
APP203024,AUTO_APPROVE,STANDARD_STRAIGHT_THROUGH,False
APP203025,AUTO_APPROVE,STANDARD_STRAIGHT_THROUGH,False
APP203026,DECLINE,POLICY_FAILURE,False
APP203027,DECLINE,POLICY_FAILURE,False
APP203028,DECLINE,POLICY_FAILURE,False
APP203029,AUTO_APPROVE,STANDARD_STRAIGHT_THROUGH,False
APP203030,DECLINE,POLICY_FAILURE,False
APP203031,HUMAN_REVIEW,LOW_DOCUMENT_CONFIDENCE,True
APP203032,DECLINE,POLICY_FAILURE,False
APP203033,AUTO_APPROVE,STANDARD_STRAIGHT_THROUGH,False
APP203034,AUTO_APPROVE,STANDARD_STRAIGHT_THROUGH,False
APP203035,DECLINE,POLICY_FAILURE,False
APP203036,DECLINE,POLICY_FAILURE,False
APP203037,AUTO_APPROVE,STANDARD_STRAIGHT_THROUGH,False
APP203038,DECLINE,POLICY_FAILURE,False
APP203039,DECLINE,POLICY_FAILURE,False
APP203040,DECLINE,POLICY_FAILURE,False
APP203041,DECLINE,POLICY_FAILURE,False
APP203042,AUTO_APPROVE,STANDARD_STRAIGHT_THROUGH,False
APP203043,AUTO_APPROVE,STANDARD_STRAIGHT_THROUGH,False
APP203044,DECLINE,POLICY_FAILURE,False
APP203045,AUTO_APPROVE,STANDARD_STRAIGHT_THROUGH,False
APP203046,AUTO_APPROVE,STANDARD_STRAIGHT_THROUGH,False
APP203047,DECLINE,POLICY_FAILURE,False
APP203048,AUTO_APPROVE,STANDARD_STRAIGHT_THROUGH,False
APP203049,DECLINE,POLICY_FAILURE,False
APP203050,AUTO_APPROVE,STANDARD_STRAIGHT_THROUGH,False
APP203051,AUTO_APPROVE,STANDARD_STRAIGHT_THROUGH,False
APP203052,AUTO_APPROVE,STANDARD_STRAIGHT_THROUGH,False
APP203053,AUTO_APPROVE,STANDARD_STRAIGHT_THROUGH,False
APP203054,AUTO_APPROVE,STANDARD_STRAIGHT_THROUGH,False
APP203055,AUTO_APPROVE,STANDARD_STRAIGHT_THROUGH,False
APP203056,DECLINE,POLICY_FAILURE,False
APP203057,AUTO_APPROVE,STANDARD_STRAIGHT_THROUGH,False
APP203058,DECLINE,POLICY_FAILURE,False
APP203059,DECLINE,POLICY_FAILURE,False
APP203060,AUTO_APPROVE,STANDARD_STRAIGHT_THROUGH,False
APP203061,AUTO_APPROVE,STANDARD_STRAIGHT_THROUGH,False
APP203062,AUTO_APPROVE,STANDARD_STRAIGHT_THROUGH,False
APP203063,AUTO_APPROVE,STANDARD_STRAIGHT_THROUGH,False
APP203064,DECLINE,POLICY_FAILURE,False
APP203065,DECLINE,POLICY_FAILURE,False
APP203066,AUTO_APPROVE,STANDARD_STRAIGHT_THROUGH,False
APP203067,AUTO_APPROVE,STANDARD_STRAIGHT_THROUGH,False
APP203068,AUTO_APPROVE,STANDARD_STRAIGHT_THROUGH,False
APP203069,DECLINE,POLICY_FAILURE,False
APP203070,AUTO_APPROVE,STANDARD_STRAIGHT_THROUGH,False
APP203071,DECLINE,POLICY_FAILURE,False
APP203072,DECLINE,POLICY_FAILURE,False
APP203073,AUTO_APPROVE,STANDARD_STRAIGHT_THROUGH,False
APP203074,AUTO_APPROVE,STANDARD_STRAIGHT_THROUGH,False
APP203075,AUTO_APPROVE,STANDARD_STRAIGHT_THROUGH,False
APP203076,AUTO_APPROVE,STANDARD_STRAIGHT_THROUGH,False
APP203077,AUTO_APPROVE,STANDARD_STRAIGHT_THROUGH,False
APP203078,AUTO_APPROVE,STANDARD_STRAIGHT_THROUGH,False
APP203079,AUTO_APPROVE,STANDARD_STRAIGHT_THROUGH,False
APP203080,DECLINE,POLICY_FAILURE,False
APP203081,AUTO_APPROVE,STANDARD_STRAIGHT_THROUGH,False
APP203082,AUTO_APPROVE,STANDARD_STRAIGHT_THROUGH,False
APP203083,AUTO_APPROVE,STANDARD_STRAIGHT_THROUGH,False
APP203084,AUTO_APPROVE,STANDARD_STRAIGHT_THROUGH,False
APP203085,AUTO_APPROVE,STANDARD_STRAIGHT_THROUGH,False
APP203086,AUTO_APPROVE,STANDARD_STRAIGHT_THROUGH,False
APP203087,AUTO_APPROVE,STANDARD_STRAIGHT_THROUGH,False
APP203088,AUTO_APPROVE,STANDARD_STRAIGHT_THROUGH,False
APP203089,DECLINE,POLICY_FAILURE,False
APP203090,DECLINE,POLICY_FAILURE,False
APP203091,AUTO_APPROVE,STANDARD_STRAIGHT_THROUGH,False
APP203092,AUTO_APPROVE,STANDARD_STRAIGHT_THROUGH,False
APP203093,AUTO_APPROVE,STANDARD_STRAIGHT_THROUGH,False
APP203094,AUTO_APPROVE,STANDARD_STRAIGHT_THROUGH,False
APP203095,AUTO_APPROVE,STANDARD_STRAIGHT_THROUGH,False
APP203096,AUTO_APPROVE,STANDARD_STRAIGHT_THROUGH,False
APP203097,AUTO_APPROVE,STANDARD_STRAIGHT_THROUGH,False
APP203098,DECLINE,POLICY_FAILURE,False
APP203099,AUTO_APPROVE,STANDARD_STRAIGHT_THROUGH,False
APP203100,AUTO_APPROVE,STANDARD_STRAIGHT_THROUGH,False
APP203101,AUTO_APPROVE,STANDARD_STRAIGHT_THROUGH,False
APP203102,AUTO_APPROVE,STANDARD_STRAIGHT_THROUGH,False
APP203103,DECLINE,POLICY_FAILURE,False
APP203104,DECLINE,POLICY_FAILURE,False
APP203105,AUTO_APPROVE,STANDARD_STRAIGHT_THROUGH,False
APP203106,DECLINE,POLICY_FAILURE,False
APP203107,AUTO_APPROVE,STANDARD_STRAIGHT_THROUGH,False
APP203108,AUTO_APPROVE,STANDARD_STRAIGHT_THROUGH,False
APP203109,AUTO_APPROVE,STANDARD_STRAIGHT_THROUGH,False
APP203110,AUTO_APPROVE,STANDARD_STRAIGHT_THROUGH,False
APP203111,AUTO_APPROVE,STANDARD_STRAIGHT_THROUGH,False
APP203112,AUTO_APPROVE,STANDARD_STRAIGHT_THROUGH,False
APP203113,DECLINE,POLICY_FAILURE,False
APP203114,AUTO_APPROVE,STANDARD_STRAIGHT_THROUGH,False
APP203115,AUTO_APPROVE,STANDARD_STRAIGHT_THROUGH,False
APP203116,DECLINE,POLICY_FAILURE,False
APP203117,DECLINE,POLICY_FAILURE,False
APP203118,AUTO_APPROVE,STANDARD_STRAIGHT_THROUGH,False
APP203119,AUTO_APPROVE,STANDARD_STRAIGHT_THROUGH,False
APP203120,DECLINE,POLICY_FAILURE,False
APP203121,AUTO_APPROVE,STANDARD_STRAIGHT_THROUGH,False
APP203122,DECLINE,POLICY_FAILURE,False
APP203123,DECLINE,POLICY_FAILURE,False
APP203124,DECLINE,POLICY_FAILURE,False
APP203125,AUTO_APPROVE,STANDARD_STRAIGHT_THROUGH,False
APP203126,DECLINE,POLICY_FAILURE,False
APP203127,AUTO_APPROVE,STANDARD_STRAIGHT_THROUGH,False
APP203128,AUTO_APPROVE,STANDARD_STRAIGHT_THROUGH,False
APP203129,DECLINE,POLICY_FAILURE,False
APP203130,AUTO_APPROVE,STANDARD_STRAIGHT_THROUGH,False
APP203131,AUTO_APPROVE,STANDARD_STRAIGHT_THROUGH,False
APP203132,DECLINE,POLICY_FAILURE,False
APP203133,AUTO_APPROVE,STANDARD_STRAIGHT_THROUGH,False
APP203134,AUTO_APPROVE,STANDARD_STRAIGHT_THROUGH,False
APP203135,AUTO_APPROVE,STANDARD_STRAIGHT_THROUGH,False
APP203136,AUTO_APPROVE,STANDARD_STRAIGHT_THROUGH,False
APP203137,AUTO_APPROVE,STANDARD_STRAIGHT_THROUGH,False
APP203138,AUTO_APPROVE,STANDARD_STRAIGHT_THROUGH,False
APP203139,DECLINE,POLICY_FAILURE,False
APP203140,AUTO_APPROVE,STANDARD_STRAIGHT_THROUGH,False
APP203141,AUTO_APPROVE,STANDARD_STRAIGHT_THROUGH,False
APP203142,AUTO_APPROVE,STANDARD_STRAIGHT_THROUGH,False
APP203143,DECLINE,POLICY_FAILURE,False
APP203144,AUTO_APPROVE,STANDARD_STRAIGHT_THROUGH,False
APP203145,AUTO_APPROVE,STANDARD_STRAIGHT_THROUGH,False
APP203146,AUTO_APPROVE,STANDARD_STRAIGHT_THROUGH,False
APP203147,AUTO_APPROVE,STANDARD_STRAIGHT_THROUGH,False
APP203148,AUTO_APPROVE,STANDARD_STRAIGHT_THROUGH,False
APP203149,AUTO_APPROVE,STANDARD_STRAIGHT_THROUGH,False
APP203150,AUTO_APPROVE,STANDARD_STRAIGHT_THROUGH,False
APP203151,DECLINE,POLICY_FAILURE,False
APP203152,AUTO_APPROVE,STANDARD_STRAIGHT_THROUGH,False
APP203153,AUTO_APPROVE,STANDARD_STRAIGHT_THROUGH,False
APP203154,AUTO_APPROVE,STANDARD_STRAIGHT_THROUGH,False
APP203155,AUTO_APPROVE,STANDARD_STRAIGHT_THROUGH,False
APP203156,AUTO_APPROVE,STANDARD_STRAIGHT_THROUGH,False
APP203157,DECLINE,POLICY_FAILURE,False
APP203158,DECLINE,POLICY_FAILURE,False
APP203159,AUTO_APPROVE,STANDARD_STRAIGHT_THROUGH,False
APP203160,AUTO_APPROVE,STANDARD_STRAIGHT_THROUGH,False
APP203161,DECLINE,POLICY_FAILURE,False
APP203162,DECLINE,POLICY_FAILURE,False
APP203163,DECLINE,POLICY_FAILURE,False
APP203164,DECLINE,POLICY_FAILURE,False
APP203165,DECLINE,POLICY_FAILURE,False
APP203166,DECLINE,POLICY_FAILURE,False
APP203167,AUTO_APPROVE,STANDARD_STRAIGHT_THROUGH,False
APP203168,AUTO_APPROVE,STANDARD_STRAIGHT_THROUGH,False
APP203169,DECLINE,POLICY_FAILURE,False
APP203170,AUTO_APPROVE,STANDARD_STRAIGHT_THROUGH,False
APP203171,AUTO_APPROVE,STANDARD_STRAIGHT_THROUGH,False
APP203172,AUTO_APPROVE,STANDARD_STRAIGHT_THROUGH,False
APP203173,AUTO_APPROVE,STANDARD_STRAIGHT_THROUGH,False
APP203174,DECLINE,POLICY_FAILURE,False
APP203175,AUTO_APPROVE,STANDARD_STRAIGHT_THROUGH,False
APP203176,DECLINE,POLICY_FAILURE,False
APP203177,AUTO_APPROVE,STANDARD_STRAIGHT_THROUGH,False
APP203178,AUTO_APPROVE,STANDARD_STRAIGHT_THROUGH,False
APP203179,AUTO_APPROVE,STANDARD_STRAIGHT_THROUGH,False
APP203180,AUTO_APPROVE,STANDARD_STRAIGHT_THROUGH,False
APP203181,AUTO_APPROVE,STANDARD_STRAIGHT_THROUGH,False
APP203182,AUTO_APPROVE,STANDARD_STRAIGHT_THROUGH,False
APP203183,AUTO_APPROVE,STANDARD_STRAIGHT_THROUGH,False
APP203184,DECLINE,POLICY_FAILURE,False
APP203185,AUTO_APPROVE,STANDARD_STRAIGHT_THROUGH,False
APP203186,AUTO_APPROVE,STANDARD_STRAIGHT_THROUGH,False
APP203187,DECLINE,POLICY_FAILURE,False
APP203188,DECLINE,POLICY_FAILURE,False
APP203189,DECLINE,POLICY_FAILURE,False
APP203190,AUTO_APPROVE,STANDARD_STRAIGHT_THROUGH,False
APP203191,AUTO_APPROVE,STANDARD_STRAIGHT_THROUGH,False
APP203192,HUMAN_REVIEW,LOW_DOCUMENT_CONFIDENCE,True
APP203193,AUTO_APPROVE,STANDARD_STRAIGHT_THROUGH,False
APP203194,AUTO_APPROVE,STANDARD_STRAIGHT_THROUGH,False
APP203195,AUTO_APPROVE,STANDARD_STRAIGHT_THROUGH,False
APP203196,DECLINE,POLICY_FAILURE,False
APP203197,DECLINE,POLICY_FAILURE,False
APP203198,AUTO_APPROVE,STANDARD_STRAIGHT_THROUGH,False
APP203199,AUTO_APPROVE,STANDARD_STRAIGHT_THROUGH,False
APP203200,AUTO_APPROVE,STANDARD_STRAIGHT_THROUGH,False
APP203201,AUTO_APPROVE,STANDARD_STRAIGHT_THROUGH,False
APP203202,AUTO_APPROVE,STANDARD_STRAIGHT_THROUGH,False
APP203203,AUTO_APPROVE,STANDARD_STRAIGHT_THROUGH,False
APP203204,DECLINE,POLICY_FAILURE,False
APP203205,DECLINE,POLICY_FAILURE,False
APP203206,AUTO_APPROVE,STANDARD_STRAIGHT_THROUGH,False
APP203207,AUTO_APPROVE,STANDARD_STRAIGHT_THROUGH,False
APP203208,AUTO_APPROVE,STANDARD_STRAIGHT_THROUGH,False
APP203209,AUTO_APPROVE,STANDARD_STRAIGHT_THROUGH,False
APP203210,DECLINE,POLICY_FAILURE,False
APP203211,DECLINE,POLICY_FAILURE,False
APP203212,AUTO_APPROVE,STANDARD_STRAIGHT_THROUGH,False
APP203213,AUTO_APPROVE,STANDARD_STRAIGHT_THROUGH,False
APP203214,AUTO_APPROVE,STANDARD_STRAIGHT_THROUGH,False
APP203215,AUTO_APPROVE,STANDARD_STRAIGHT_THROUGH,False
APP203216,DECLINE,POLICY_FAILURE,False
APP203217,AUTO_APPROVE,STANDARD_STRAIGHT_THROUGH,False
APP203218,AUTO_APPROVE,STANDARD_STRAIGHT_THROUGH,False
APP203219,DECLINE,POLICY_FAILURE,False
APP203220,AUTO_APPROVE,STANDARD_STRAIGHT_THROUGH,False
APP203221,DECLINE,POLICY_FAILURE,False
APP203222,DECLINE,POLICY_FAILURE,False
APP203223,AUTO_APPROVE,STANDARD_STRAIGHT_THROUGH,False
APP203224,AUTO_APPROVE,STANDARD_STRAIGHT_THROUGH,False
APP203225,AUTO_APPROVE,STANDARD_STRAIGHT_THROUGH,False
APP203226,AUTO_APPROVE,STANDARD_STRAIGHT_THROUGH,False
APP203227,DECLINE,POLICY_FAILURE,False
APP203228,AUTO_APPROVE,STANDARD_STRAIGHT_THROUGH,False
APP203229,AUTO_APPROVE,STANDARD_STRAIGHT_THROUGH,False
APP203230,AUTO_APPROVE,STANDARD_STRAIGHT_THROUGH,False
APP203231,AUTO_APPROVE,STANDARD_STRAIGHT_THROUGH,False
APP203232,AUTO_APPROVE,STANDARD_STRAIGHT_THROUGH,False
APP203233,AUTO_APPROVE,STANDARD_STRAIGHT_THROUGH,False
APP203234,AUTO_APPROVE,STANDARD_STRAIGHT_THROUGH,False
APP203235,DECLINE,POLICY_FAILURE,False
APP203236,DECLINE,POLICY_FAILURE,False
APP203237,DECLINE,POLICY_FAILURE,False
APP203238,AUTO_APPROVE,STANDARD_STRAIGHT_THROUGH,False
APP203239,AUTO_APPROVE,STANDARD_STRAIGHT_THROUGH,False
APP203240,AUTO_APPROVE,STANDARD_STRAIGHT_THROUGH,False
APP203241,DECLINE,POLICY_FAILURE,False
APP203242,DECLINE,POLICY_FAILURE,False
APP203243,DECLINE,POLICY_FAILURE,False
APP203244,HUMAN_REVIEW,LOW_DOCUMENT_CONFIDENCE,True
APP203245,AUTO_APPROVE,STANDARD_STRAIGHT_THROUGH,False
APP203246,DECLINE,POLICY_FAILURE,False
APP203247,AUTO_APPROVE,STANDARD_STRAIGHT_THROUGH,False
APP203248,DECLINE,POLICY_FAILURE,False
APP203249,AUTO_APPROVE,STANDARD_STRAIGHT_THROUGH,False
APP203250,DECLINE,POLICY_FAILURE,False
APP203251,DECLINE,POLICY_FAILURE,False
APP203252,DECLINE,POLICY_FAILURE,False
APP203253,DECLINE,POLICY_FAILURE,False
APP203254,AUTO_APPROVE,STANDARD_STRAIGHT_THROUGH,False
APP203255,AUTO_APPROVE,STANDARD_STRAIGHT_THROUGH,False
APP203256,DECLINE,POLICY_FAILURE,False
APP203257,DECLINE,POLICY_FAILURE,False
APP203258,DECLINE,POLICY_FAILURE,False
APP203259,AUTO_APPROVE,STANDARD_STRAIGHT_THROUGH,False
APP203260,DECLINE,POLICY_FAILURE,False
APP203261,AUTO_APPROVE,STANDARD_STRAIGHT_THROUGH,False
APP203262,AUTO_APPROVE,STANDARD_STRAIGHT_THROUGH,False
APP203263,AUTO_APPROVE,STANDARD_STRAIGHT_THROUGH,False
APP203264,AUTO_APPROVE,STANDARD_STRAIGHT_THROUGH,False
APP203265,AUTO_APPROVE,STANDARD_STRAIGHT_THROUGH,False
APP203266,AUTO_APPROVE,STANDARD_STRAIGHT_THROUGH,False
APP203267,AUTO_APPROVE,STANDARD_STRAIGHT_THROUGH,False
APP203268,AUTO_APPROVE,STANDARD_STRAIGHT_THROUGH,False
APP203269,AUTO_APPROVE,STANDARD_STRAIGHT_THROUGH,False
APP203270,AUTO_APPROVE,STANDARD_STRAIGHT_THROUGH,False
APP203271,AUTO_APPROVE,STANDARD_STRAIGHT_THROUGH,False
APP203272,DECLINE,POLICY_FAILURE,False
APP203273,DECLINE,POLICY_FAILURE,False
APP203274,DECLINE,POLICY_FAILURE,False
APP203275,AUTO_APPROVE,STANDARD_STRAIGHT_THROUGH,False
APP203276,DECLINE,POLICY_FAILURE,False
APP203277,AUTO_APPROVE,STANDARD_STRAIGHT_THROUGH,False
APP203278,AUTO_APPROVE,STANDARD_STRAIGHT_THROUGH,False
APP203279,AUTO_APPROVE,STANDARD_STRAIGHT_THROUGH,False
APP203280,AUTO_APPROVE,STANDARD_STRAIGHT_THROUGH,False
APP203281,DECLINE,POLICY_FAILURE,False
APP203282,DECLINE,POLICY_FAILURE,False
APP203283,DECLINE,POLICY_FAILURE,False
APP203284,DECLINE,POLICY_FAILURE,False
APP203285,AUTO_APPROVE,STANDARD_STRAIGHT_THROUGH,False
APP203286,DECLINE,POLICY_FAILURE,False
APP203287,DECLINE,POLICY_FAILURE,False
APP203288,AUTO_APPROVE,STANDARD_STRAIGHT_THROUGH,False
APP203289,DECLINE,POLICY_FAILURE,False
APP203290,DECLINE,POLICY_FAILURE,False
APP203291,DECLINE,POLICY_FAILURE,False
APP203292,AUTO_APPROVE,STANDARD_STRAIGHT_THROUGH,False
APP203293,DECLINE,POLICY_FAILURE,False
APP203294,DECLINE,POLICY_FAILURE,False
APP203295,AUTO_APPROVE,STANDARD_STRAIGHT_THROUGH,False
APP203296,AUTO_APPROVE,STANDARD_STRAIGHT_THROUGH,False
APP203297,DECLINE,POLICY_FAILURE,False
APP203298,AUTO_APPROVE,STANDARD_STRAIGHT_THROUGH,False
APP203299,DECLINE,POLICY_FAILURE,False
APP203300,DECLINE,POLICY_FAILURE,False
APP203301,AUTO_APPROVE,STANDARD_STRAIGHT_THROUGH,False
APP203302,AUTO_APPROVE,STANDARD_STRAIGHT_THROUGH,False
APP203303,AUTO_APPROVE,STANDARD_STRAIGHT_THROUGH,False
APP203304,AUTO_APPROVE,STANDARD_STRAIGHT_THROUGH,False
APP203305,DECLINE,POLICY_FAILURE,False
APP203306,AUTO_APPROVE,STANDARD_STRAIGHT_THROUGH,False
APP203307,AUTO_APPROVE,STANDARD_STRAIGHT_THROUGH,False
APP203308,DECLINE,POLICY_FAILURE,False
APP203309,DECLINE,POLICY_FAILURE,False
APP203310,AUTO_APPROVE,STANDARD_STRAIGHT_THROUGH,False
APP203311,DECLINE,POLICY_FAILURE,False
APP203312,DECLINE,POLICY_FAILURE,False
APP203313,DECLINE,POLICY_FAILURE,False
APP203314,DECLINE,POLICY_FAILURE,False
APP203315,DECLINE,POLICY_FAILURE,False
APP203316,AUTO_APPROVE,STANDARD_STRAIGHT_THROUGH,False
APP203317,AUTO_APPROVE,STANDARD_STRAIGHT_THROUGH,False
APP203318,AUTO_APPROVE,STANDARD_STRAIGHT_THROUGH,False
APP203319,AUTO_APPROVE,STANDARD_STRAIGHT_THROUGH,False
APP203320,DECLINE,POLICY_FAILURE,False
APP203321,AUTO_APPROVE,STANDARD_STRAIGHT_THROUGH,False
APP203322,DECLINE,POLICY_FAILURE,False
APP203323,DECLINE,POLICY_FAILURE,False
APP203324,DECLINE,POLICY_FAILURE,False
APP203325,DECLINE,POLICY_FAILURE,False
APP203326,DECLINE,POLICY_FAILURE,False
APP203327,DECLINE,POLICY_FAILURE,False
APP203328,HUMAN_REVIEW,LOW_DOCUMENT_CONFIDENCE,True
APP203329,AUTO_APPROVE,STANDARD_STRAIGHT_THROUGH,False
APP203330,AUTO_APPROVE,STANDARD_STRAIGHT_THROUGH,False
APP203331,AUTO_APPROVE,STANDARD_STRAIGHT_THROUGH,False
APP203332,DECLINE,POLICY_FAILURE,False
APP203333,DECLINE,POLICY_FAILURE,False
APP203334,AUTO_APPROVE,STANDARD_STRAIGHT_THROUGH,False
APP203335,DECLINE,POLICY_FAILURE,False
APP203336,DECLINE,POLICY_FAILURE,False
APP203337,AUTO_APPROVE,STANDARD_STRAIGHT_THROUGH,False
APP203338,AUTO_APPROVE,STANDARD_STRAIGHT_THROUGH,False
APP203339,AUTO_APPROVE,STANDARD_STRAIGHT_THROUGH,False
APP203340,AUTO_APPROVE,STANDARD_STRAIGHT_THROUGH,False
APP203341,AUTO_APPROVE,STANDARD_STRAIGHT_THROUGH,False
APP203342,AUTO_APPROVE,STANDARD_STRAIGHT_THROUGH,False
APP203343,AUTO_APPROVE,STANDARD_STRAIGHT_THROUGH,False
APP203344,AUTO_APPROVE,STANDARD_STRAIGHT_THROUGH,False
APP203345,AUTO_APPROVE,STANDARD_STRAIGHT_THROUGH,False
APP203346,AUTO_APPROVE,STANDARD_STRAIGHT_THROUGH,False
APP203347,AUTO_APPROVE,STANDARD_STRAIGHT_THROUGH,False
APP203348,AUTO_APPROVE,STANDARD_STRAIGHT_THROUGH,False
APP203349,DECLINE,POLICY_FAILURE,False
APP203350,AUTO_APPROVE,STANDARD_STRAIGHT_THROUGH,False
APP203351,AUTO_APPROVE,STANDARD_STRAIGHT_THROUGH,False
APP203352,AUTO_APPROVE,STANDARD_STRAIGHT_THROUGH,False
APP203353,DECLINE,POLICY_FAILURE,False
APP203354,AUTO_APPROVE,STANDARD_STRAIGHT_THROUGH,False
APP203355,HUMAN_REVIEW,LOW_DOCUMENT_CONFIDENCE,True
APP203356,AUTO_APPROVE,STANDARD_STRAIGHT_THROUGH,False
APP203357,AUTO_APPROVE,STANDARD_STRAIGHT_THROUGH,False
APP203358,DECLINE,POLICY_FAILURE,False
APP203359,AUTO_APPROVE,STANDARD_STRAIGHT_THROUGH,False
APP203360,DECLINE,POLICY_FAILURE,False
APP203361,DECLINE,POLICY_FAILURE,False
APP203362,DECLINE,POLICY_FAILURE,False
APP203363,DECLINE,POLICY_FAILURE,False
APP203364,AUTO_APPROVE,STANDARD_STRAIGHT_THROUGH,False
APP203365,DECLINE,POLICY_FAILURE,False
APP203366,AUTO_APPROVE,STANDARD_STRAIGHT_THROUGH,False
APP203367,AUTO_APPROVE,STANDARD_STRAIGHT_THROUGH,False
APP203368,DECLINE,POLICY_FAILURE,False
APP203369,DECLINE,POLICY_FAILURE,False
APP203370,AUTO_APPROVE,STANDARD_STRAIGHT_THROUGH,False
APP203371,AUTO_APPROVE,STANDARD_STRAIGHT_THROUGH,False
APP203372,AUTO_APPROVE,STANDARD_STRAIGHT_THROUGH,False
APP203373,AUTO_APPROVE,STANDARD_STRAIGHT_THROUGH,False
APP203374,DECLINE,POLICY_FAILURE,False
APP203375,DECLINE,POLICY_FAILURE,False
APP203376,AUTO_APPROVE,STANDARD_STRAIGHT_THROUGH,False
APP203377,AUTO_APPROVE,STANDARD_STRAIGHT_THROUGH,False
APP203378,AUTO_APPROVE,STANDARD_STRAIGHT_THROUGH,False
APP203379,DECLINE,POLICY_FAILURE,False
APP203380,AUTO_APPROVE,STANDARD_STRAIGHT_THROUGH,False
APP203381,AUTO_APPROVE,STANDARD_STRAIGHT_THROUGH,False
APP203382,AUTO_APPROVE,STANDARD_STRAIGHT_THROUGH,False
APP203383,AUTO_APPROVE,STANDARD_STRAIGHT_THROUGH,False
APP203384,AUTO_APPROVE,STANDARD_STRAIGHT_THROUGH,False
APP203385,AUTO_APPROVE,STANDARD_STRAIGHT_THROUGH,False
APP203386,AUTO_APPROVE,STANDARD_STRAIGHT_THROUGH,False
APP203387,AUTO_APPROVE,STANDARD_STRAIGHT_THROUGH,False
APP203388,AUTO_APPROVE,STANDARD_STRAIGHT_THROUGH,False
APP203389,DECLINE,POLICY_FAILURE,False
APP203390,DECLINE,POLICY_FAILURE,False
APP203391,DECLINE,POLICY_FAILURE,False
APP203392,AUTO_APPROVE,STANDARD_STRAIGHT_THROUGH,False
APP203393,AUTO_APPROVE,STANDARD_STRAIGHT_THROUGH,False
APP203394,DECLINE,POLICY_FAILURE,False
APP203395,DECLINE,POLICY_FAILURE,False
APP203396,DECLINE,POLICY_FAILURE,False
APP203397,AUTO_APPROVE,STANDARD_STRAIGHT_THROUGH,False
APP203398,DECLINE,POLICY_FAILURE,False
APP203399,AUTO_APPROVE,STANDARD_STRAIGHT_THROUGH,False
APP203400,AUTO_APPROVE,STANDARD_STRAIGHT_THROUGH,False
APP203401,DECLINE,POLICY_FAILURE,False
APP203402,AUTO_APPROVE,STANDARD_STRAIGHT_THROUGH,False
APP203403,AUTO_APPROVE,STANDARD_STRAIGHT_THROUGH,False
APP203404,AUTO_APPROVE,STANDARD_STRAIGHT_THROUGH,False
APP203405,DECLINE,POLICY_FAILURE,False
APP203406,AUTO_APPROVE,STANDARD_STRAIGHT_THROUGH,False
APP203407,DECLINE,POLICY_FAILURE,False
APP203408,AUTO_APPROVE,STANDARD_STRAIGHT_THROUGH,False
APP203409,DECLINE,POLICY_FAILURE,False
APP203410,HUMAN_REVIEW,LOW_DOCUMENT_CONFIDENCE,True
APP203411,AUTO_APPROVE,STANDARD_STRAIGHT_THROUGH,False
APP203412,DECLINE,POLICY_FAILURE,False
APP203413,DECLINE,POLICY_FAILURE,False
APP203414,DECLINE,POLICY_FAILURE,False
APP203415,DECLINE,POLICY_FAILURE,False
APP203416,DECLINE,POLICY_FAILURE,False
APP203417,DECLINE,POLICY_FAILURE,False
APP203418,AUTO_APPROVE,STANDARD_STRAIGHT_THROUGH,False
APP203419,AUTO_APPROVE,STANDARD_STRAIGHT_THROUGH,False
APP203420,AUTO_APPROVE,STANDARD_STRAIGHT_THROUGH,False
APP203421,AUTO_APPROVE,STANDARD_STRAIGHT_THROUGH,False
APP203422,AUTO_APPROVE,STANDARD_STRAIGHT_THROUGH,False
APP203423,DECLINE,POLICY_FAILURE,False
APP203424,DECLINE,POLICY_FAILURE,False
APP203425,DECLINE,POLICY_FAILURE,False
APP203426,AUTO_APPROVE,STANDARD_STRAIGHT_THROUGH,False
APP203427,AUTO_APPROVE,STANDARD_STRAIGHT_THROUGH,False
APP203428,AUTO_APPROVE,STANDARD_STRAIGHT_THROUGH,False
APP203429,DECLINE,POLICY_FAILURE,False
APP203430,DECLINE,POLICY_FAILURE,False
APP203431,AUTO_APPROVE,STANDARD_STRAIGHT_THROUGH,False
APP203432,AUTO_APPROVE,STANDARD_STRAIGHT_THROUGH,False
APP203433,DECLINE,POLICY_FAILURE,False
APP203434,AUTO_APPROVE,STANDARD_STRAIGHT_THROUGH,False
APP203435,DECLINE,POLICY_FAILURE,False
APP203436,DECLINE,POLICY_FAILURE,False
APP203437,AUTO_APPROVE,STANDARD_STRAIGHT_THROUGH,False
APP203438,AUTO_APPROVE,STANDARD_STRAIGHT_THROUGH,False
APP203439,AUTO_APPROVE,STANDARD_STRAIGHT_THROUGH,False
APP203440,DECLINE,POLICY_FAILURE,False
APP203441,AUTO_APPROVE,STANDARD_STRAIGHT_THROUGH,False
APP203442,DECLINE,POLICY_FAILURE,False
APP203443,DECLINE,POLICY_FAILURE,False
APP203444,AUTO_APPROVE,STANDARD_STRAIGHT_THROUGH,False
APP203445,DECLINE,POLICY_FAILURE,False
APP203446,DECLINE,POLICY_FAILURE,False
APP203447,AUTO_APPROVE,STANDARD_STRAIGHT_THROUGH,False
APP203448,AUTO_APPROVE,STANDARD_STRAIGHT_THROUGH,False
APP203449,DECLINE,POLICY_FAILURE,False
APP203450,AUTO_APPROVE,STANDARD_STRAIGHT_THROUGH,False
APP203451,AUTO_APPROVE,STANDARD_STRAIGHT_THROUGH,False
APP203452,DECLINE,POLICY_FAILURE,False
APP203453,DECLINE,POLICY_FAILURE,False
APP203454,AUTO_APPROVE,STANDARD_STRAIGHT_THROUGH,False
APP203455,AUTO_APPROVE,STANDARD_STRAIGHT_THROUGH,False
APP203456,AUTO_APPROVE,STANDARD_STRAIGHT_THROUGH,False
APP203457,DECLINE,POLICY_FAILURE,False
APP203458,DECLINE,POLICY_FAILURE,False
APP203459,AUTO_APPROVE,STANDARD_STRAIGHT_THROUGH,False
APP203460,AUTO_APPROVE,STANDARD_STRAIGHT_THROUGH,False
APP203461,AUTO_APPROVE,STANDARD_STRAIGHT_THROUGH,False
APP203462,AUTO_APPROVE,STANDARD_STRAIGHT_THROUGH,False
APP203463,DECLINE,POLICY_FAILURE,False
APP203464,AUTO_APPROVE,STANDARD_STRAIGHT_THROUGH,False
APP203465,DECLINE,POLICY_FAILURE,False
APP203466,DECLINE,POLICY_FAILURE,False
APP203467,DECLINE,POLICY_FAILURE,False
APP203468,DECLINE,POLICY_FAILURE,False
APP203469,DECLINE,POLICY_FAILURE,False
APP203470,AUTO_APPROVE,STANDARD_STRAIGHT_THROUGH,False
APP203471,DECLINE,POLICY_FAILURE,False
APP203472,DECLINE,POLICY_FAILURE,False
APP203473,DECLINE,POLICY_FAILURE,False
APP203474,AUTO_APPROVE,STANDARD_STRAIGHT_THROUGH,False
APP203475,AUTO_APPROVE,STANDARD_STRAIGHT_THROUGH,False
APP203476,AUTO_APPROVE,STANDARD_STRAIGHT_THROUGH,False
APP203477,AUTO_APPROVE,STANDARD_STRAIGHT_THROUGH,False
APP203478,DECLINE,POLICY_FAILURE,False
APP203479,DECLINE,POLICY_FAILURE,False
APP203480,DECLINE,POLICY_FAILURE,False
APP203481,DECLINE,POLICY_FAILURE,False
APP203482,AUTO_APPROVE,STANDARD_STRAIGHT_THROUGH,False
APP203483,DECLINE,POLICY_FAILURE,False
APP203484,AUTO_APPROVE,STANDARD_STRAIGHT_THROUGH,False
APP203485,AUTO_APPROVE,STANDARD_STRAIGHT_THROUGH,False
APP203486,DECLINE,POLICY_FAILURE,False
APP203487,DECLINE,POLICY_FAILURE,False
APP203488,AUTO_APPROVE,STANDARD_STRAIGHT_THROUGH,False
APP203489,DECLINE,POLICY_FAILURE,False
APP203490,DECLINE,POLICY_FAILURE,False
APP203491,AUTO_APPROVE,STANDARD_STRAIGHT_THROUGH,False
APP203492,AUTO_APPROVE,STANDARD_STRAIGHT_THROUGH,False
APP203493,DECLINE,POLICY_FAILURE,False
APP203494,AUTO_APPROVE,STANDARD_STRAIGHT_THROUGH,False
APP203495,AUTO_APPROVE,STANDARD_STRAIGHT_THROUGH,False
APP203496,AUTO_APPROVE,STANDARD_STRAIGHT_THROUGH,False
APP203497,DECLINE,POLICY_FAILURE,False
APP203498,AUTO_APPROVE,STANDARD_STRAIGHT_THROUGH,False
APP203499,DECLINE,POLICY_FAILURE,False
APP203500,AUTO_APPROVE,STANDARD_STRAIGHT_THROUGH,False
APP203501,AUTO_APPROVE,STANDARD_STRAIGHT_THROUGH,False
APP203502,DECLINE,POLICY_FAILURE,False
APP203503,DECLINE,POLICY_FAILURE,False
APP203504,AUTO_APPROVE,STANDARD_STRAIGHT_THROUGH,False
APP203505,DECLINE,POLICY_FAILURE,False
APP203506,DECLINE,POLICY_FAILURE,False
APP203507,DECLINE,POLICY_FAILURE,False
APP203508,AUTO_APPROVE,STANDARD_STRAIGHT_THROUGH,False
APP203509,DECLINE,POLICY_FAILURE,False
APP203510,AUTO_APPROVE,STANDARD_STRAIGHT_THROUGH,False
APP203511,AUTO_APPROVE,STANDARD_STRAIGHT_THROUGH,False
APP203512,DECLINE,POLICY_FAILURE,False
APP203513,DECLINE,POLICY_FAILURE,False
APP203514,DECLINE,POLICY_FAILURE,False
APP203515,HUMAN_REVIEW,LOW_DOCUMENT_CONFIDENCE,True
APP203516,AUTO_APPROVE,STANDARD_STRAIGHT_THROUGH,False
APP203517,AUTO_APPROVE,STANDARD_STRAIGHT_THROUGH,False
APP203518,DECLINE,POLICY_FAILURE,False
APP203519,DECLINE,POLICY_FAILURE,False
APP203520,AUTO_APPROVE,STANDARD_STRAIGHT_THROUGH,False
APP203521,AUTO_APPROVE,STANDARD_STRAIGHT_THROUGH,False
APP203522,DECLINE,POLICY_FAILURE,False
APP203523,AUTO_APPROVE,STANDARD_STRAIGHT_THROUGH,False
APP203524,DECLINE,POLICY_FAILURE,False
APP203525,DECLINE,POLICY_FAILURE,False
APP203526,DECLINE,POLICY_FAILURE,False
APP203527,DECLINE,POLICY_FAILURE,False
APP203528,AUTO_APPROVE,STANDARD_STRAIGHT_THROUGH,False
APP203529,DECLINE,POLICY_FAILURE,False
APP203530,DECLINE,POLICY_FAILURE,False
APP203531,DECLINE,POLICY_FAILURE,False
APP203532,AUTO_APPROVE,STANDARD_STRAIGHT_THROUGH,False
APP203533,DECLINE,POLICY_FAILURE,False
APP203534,DECLINE,POLICY_FAILURE,False
APP203535,AUTO_APPROVE,STANDARD_STRAIGHT_THROUGH,False
APP203536,AUTO_APPROVE,STANDARD_STRAIGHT_THROUGH,False
APP203537,AUTO_APPROVE,STANDARD_STRAIGHT_THROUGH,False
APP203538,DECLINE,POLICY_FAILURE,False
APP203539,DECLINE,POLICY_FAILURE,False
APP203540,DECLINE,POLICY_FAILURE,False
APP203541,AUTO_APPROVE,STANDARD_STRAIGHT_THROUGH,False
APP203542,AUTO_APPROVE,STANDARD_STRAIGHT_THROUGH,False
APP203543,DECLINE,POLICY_FAILURE,False
APP203544,DECLINE,POLICY_FAILURE,False
APP203545,DECLINE,POLICY_FAILURE,False
APP203546,AUTO_APPROVE,STANDARD_STRAIGHT_THROUGH,False
APP203547,AUTO_APPROVE,STANDARD_STRAIGHT_THROUGH,False
APP203548,AUTO_APPROVE,STANDARD_STRAIGHT_THROUGH,False
APP203549,DECLINE,POLICY_FAILURE,False
APP203550,AUTO_APPROVE,STANDARD_STRAIGHT_THROUGH,False
APP203551,AUTO_APPROVE,STANDARD_STRAIGHT_THROUGH,False
APP203552,AUTO_APPROVE,STANDARD_STRAIGHT_THROUGH,False
APP203553,DECLINE,POLICY_FAILURE,False
APP203554,DECLINE,POLICY_FAILURE,False
APP203555,AUTO_APPROVE,STANDARD_STRAIGHT_THROUGH,False
APP203556,AUTO_APPROVE,STANDARD_STRAIGHT_THROUGH,False
APP203557,AUTO_APPROVE,STANDARD_STRAIGHT_THROUGH,False
APP203558,AUTO_APPROVE,STANDARD_STRAIGHT_THROUGH,False
APP203559,DECLINE,POLICY_FAILURE,False
APP203560,AUTO_APPROVE,STANDARD_STRAIGHT_THROUGH,False
APP203561,AUTO_APPROVE,STANDARD_STRAIGHT_THROUGH,False
APP203562,DECLINE,POLICY_FAILURE,False
APP203563,AUTO_APPROVE,STANDARD_STRAIGHT_THROUGH,False
APP203564,DECLINE,POLICY_FAILURE,False
APP203565,DECLINE,POLICY_FAILURE,False
APP203566,DECLINE,POLICY_FAILURE,False
APP203567,DECLINE,POLICY_FAILURE,False
APP203568,DECLINE,POLICY_FAILURE,False
APP203569,DECLINE,POLICY_FAILURE,False
APP203570,AUTO_APPROVE,STANDARD_STRAIGHT_THROUGH,False
APP203571,DECLINE,POLICY_FAILURE,False
APP203572,AUTO_APPROVE,STANDARD_STRAIGHT_THROUGH,False
APP203573,AUTO_APPROVE,STANDARD_STRAIGHT_THROUGH,False
APP203574,AUTO_APPROVE,STANDARD_STRAIGHT_THROUGH,False
APP203575,AUTO_APPROVE,STANDARD_STRAIGHT_THROUGH,False
APP203576,AUTO_APPROVE,STANDARD_STRAIGHT_THROUGH,False
APP203577,DECLINE,POLICY_FAILURE,False
APP203578,DECLINE,POLICY_FAILURE,False
APP203579,AUTO_APPROVE,STANDARD_STRAIGHT_THROUGH,False
APP203580,DECLINE,POLICY_FAILURE,False
APP203581,DECLINE,POLICY_FAILURE,False
APP203582,AUTO_APPROVE,STANDARD_STRAIGHT_THROUGH,False
APP203583,DECLINE,POLICY_FAILURE,False
APP203584,AUTO_APPROVE,STANDARD_STRAIGHT_THROUGH,False
APP203585,AUTO_APPROVE,STANDARD_STRAIGHT_THROUGH,False
APP203586,AUTO_APPROVE,STANDARD_STRAIGHT_THROUGH,False
APP203587,AUTO_APPROVE,STANDARD_STRAIGHT_THROUGH,False
APP203588,DECLINE,POLICY_FAILURE,False
APP203589,AUTO_APPROVE,STANDARD_STRAIGHT_THROUGH,False
APP203590,DECLINE,POLICY_FAILURE,False
APP203591,AUTO_APPROVE,STANDARD_STRAIGHT_THROUGH,False
APP203592,DECLINE,POLICY_FAILURE,False
APP203593,AUTO_APPROVE,STANDARD_STRAIGHT_THROUGH,False
APP203594,AUTO_APPROVE,STANDARD_STRAIGHT_THROUGH,False
APP203595,AUTO_APPROVE,STANDARD_STRAIGHT_THROUGH,False
APP203596,DECLINE,POLICY_FAILURE,False
APP203597,AUTO_APPROVE,STANDARD_STRAIGHT_THROUGH,False
APP203598,AUTO_APPROVE,STANDARD_STRAIGHT_THROUGH,False
APP203599,DECLINE,POLICY_FAILURE,False
APP203600,AUTO_APPROVE,STANDARD_STRAIGHT_THROUGH,False
APP203601,DECLINE,POLICY_FAILURE,False
APP203602,AUTO_APPROVE,STANDARD_STRAIGHT_THROUGH,False
APP203603,AUTO_APPROVE,STANDARD_STRAIGHT_THROUGH,False
APP203604,AUTO_APPROVE,STANDARD_STRAIGHT_THROUGH,False
APP203605,AUTO_APPROVE,STANDARD_STRAIGHT_THROUGH,False
APP203606,AUTO_APPROVE,STANDARD_STRAIGHT_THROUGH,False
APP203607,AUTO_APPROVE,STANDARD_STRAIGHT_THROUGH,False
APP203608,AUTO_APPROVE,STANDARD_STRAIGHT_THROUGH,False
APP203609,DECLINE,POLICY_FAILURE,False
APP203610,DECLINE,POLICY_FAILURE,False
APP203611,AUTO_APPROVE,STANDARD_STRAIGHT_THROUGH,False
APP203612,DECLINE,POLICY_FAILURE,False
APP203613,AUTO_APPROVE,STANDARD_STRAIGHT_THROUGH,False
APP203614,DECLINE,POLICY_FAILURE,False
APP203615,DECLINE,POLICY_FAILURE,False
APP203616,DECLINE,POLICY_FAILURE,False
APP203617,AUTO_APPROVE,STANDARD_STRAIGHT_THROUGH,False
APP203618,AUTO_APPROVE,STANDARD_STRAIGHT_THROUGH,False
APP203619,AUTO_APPROVE,STANDARD_STRAIGHT_THROUGH,False
APP203620,AUTO_APPROVE,STANDARD_STRAIGHT_THROUGH,False
APP203621,AUTO_APPROVE,STANDARD_STRAIGHT_THROUGH,False
APP203622,DECLINE,POLICY_FAILURE,False
APP203623,AUTO_APPROVE,STANDARD_STRAIGHT_THROUGH,False
APP203624,AUTO_APPROVE,STANDARD_STRAIGHT_THROUGH,False
APP203625,AUTO_APPROVE,STANDARD_STRAIGHT_THROUGH,False
APP203626,AUTO_APPROVE,STANDARD_STRAIGHT_THROUGH,False
APP203627,AUTO_APPROVE,STANDARD_STRAIGHT_THROUGH,False
APP203628,AUTO_APPROVE,STANDARD_STRAIGHT_THROUGH,False
APP203629,AUTO_APPROVE,STANDARD_STRAIGHT_THROUGH,False
APP203630,DECLINE,POLICY_FAILURE,False
APP203631,AUTO_APPROVE,STANDARD_STRAIGHT_THROUGH,False
APP203632,AUTO_APPROVE,STANDARD_STRAIGHT_THROUGH,False
APP203633,DECLINE,POLICY_FAILURE,False
APP203634,AUTO_APPROVE,STANDARD_STRAIGHT_THROUGH,False
APP203635,DECLINE,POLICY_FAILURE,False
APP203636,DECLINE,POLICY_FAILURE,False
APP203637,AUTO_APPROVE,STANDARD_STRAIGHT_THROUGH,False
APP203638,AUTO_APPROVE,STANDARD_STRAIGHT_THROUGH,False
APP203639,DECLINE,POLICY_FAILURE,False
APP203640,AUTO_APPROVE,STANDARD_STRAIGHT_THROUGH,False
APP203641,DECLINE,POLICY_FAILURE,False
APP203642,DECLINE,POLICY_FAILURE,False
APP203643,AUTO_APPROVE,STANDARD_STRAIGHT_THROUGH,False
APP203644,AUTO_APPROVE,STANDARD_STRAIGHT_THROUGH,False
APP203645,DECLINE,POLICY_FAILURE,False
APP203646,AUTO_APPROVE,STANDARD_STRAIGHT_THROUGH,False
APP203647,AUTO_APPROVE,STANDARD_STRAIGHT_THROUGH,False
APP203648,AUTO_APPROVE,STANDARD_STRAIGHT_THROUGH,False
APP203649,DECLINE,POLICY_FAILURE,False
APP203650,AUTO_APPROVE,STANDARD_STRAIGHT_THROUGH,False
APP203651,DECLINE,POLICY_FAILURE,False
APP203652,AUTO_APPROVE,STANDARD_STRAIGHT_THROUGH,False
APP203653,DECLINE,POLICY_FAILURE,False
APP203654,AUTO_APPROVE,STANDARD_STRAIGHT_THROUGH,False
APP203655,AUTO_APPROVE,STANDARD_STRAIGHT_THROUGH,False
APP203656,DECLINE,POLICY_FAILURE,False
APP203657,AUTO_APPROVE,STANDARD_STRAIGHT_THROUGH,False
APP203658,AUTO_APPROVE,STANDARD_STRAIGHT_THROUGH,False
APP203659,AUTO_APPROVE,STANDARD_STRAIGHT_THROUGH,False
APP203660,AUTO_APPROVE,STANDARD_STRAIGHT_THROUGH,False
APP203661,DECLINE,POLICY_FAILURE,False
APP203662,AUTO_APPROVE,STANDARD_STRAIGHT_THROUGH,False
APP203663,AUTO_APPROVE,STANDARD_STRAIGHT_THROUGH,False
APP203664,AUTO_APPROVE,STANDARD_STRAIGHT_THROUGH,False
APP203665,AUTO_APPROVE,STANDARD_STRAIGHT_THROUGH,False
APP203666,DECLINE,POLICY_FAILURE,False
APP203667,AUTO_APPROVE,STANDARD_STRAIGHT_THROUGH,False
APP203668,DECLINE,POLICY_FAILURE,False
APP203669,AUTO_APPROVE,STANDARD_STRAIGHT_THROUGH,False
APP203670,DECLINE,POLICY_FAILURE,False
APP203671,AUTO_APPROVE,STANDARD_STRAIGHT_THROUGH,False
APP203672,AUTO_APPROVE,STANDARD_STRAIGHT_THROUGH,False
APP203673,DECLINE,POLICY_FAILURE,False
APP203674,AUTO_APPROVE,STANDARD_STRAIGHT_THROUGH,False
APP203675,AUTO_APPROVE,STANDARD_STRAIGHT_THROUGH,False
APP203676,DECLINE,POLICY_FAILURE,False
APP203677,DECLINE,POLICY_FAILURE,False
APP203678,DECLINE,POLICY_FAILURE,False
APP203679,DECLINE,POLICY_FAILURE,False
APP203680,AUTO_APPROVE,STANDARD_STRAIGHT_THROUGH,False
APP203681,DECLINE,POLICY_FAILURE,False
APP203682,DECLINE,POLICY_FAILURE,False
APP203683,AUTO_APPROVE,STANDARD_STRAIGHT_THROUGH,False
APP203684,AUTO_APPROVE,STANDARD_STRAIGHT_THROUGH,False
APP203685,AUTO_APPROVE,STANDARD_STRAIGHT_THROUGH,False
APP203686,AUTO_APPROVE,STANDARD_STRAIGHT_THROUGH,False
APP203687,DECLINE,POLICY_FAILURE,False
APP203688,AUTO_APPROVE,STANDARD_STRAIGHT_THROUGH,False
APP203689,DECLINE,POLICY_FAILURE,False
APP203690,AUTO_APPROVE,STANDARD_STRAIGHT_THROUGH,False
APP203691,DECLINE,POLICY_FAILURE,False
APP203692,DECLINE,POLICY_FAILURE,False
APP203693,DECLINE,POLICY_FAILURE,False
APP203694,AUTO_APPROVE,STANDARD_STRAIGHT_THROUGH,False
APP203695,AUTO_APPROVE,STANDARD_STRAIGHT_THROUGH,False
APP203696,AUTO_APPROVE,STANDARD_STRAIGHT_THROUGH,False
APP203697,AUTO_APPROVE,STANDARD_STRAIGHT_THROUGH,False
APP203698,AUTO_APPROVE,STANDARD_STRAIGHT_THROUGH,False
APP203699,DECLINE,POLICY_FAILURE,False
APP203700,AUTO_APPROVE,STANDARD_STRAIGHT_THROUGH,False
APP203701,AUTO_APPROVE,STANDARD_STRAIGHT_THROUGH,False
APP203702,AUTO_APPROVE,STANDARD_STRAIGHT_THROUGH,False
APP203703,AUTO_APPROVE,STANDARD_STRAIGHT_THROUGH,False
APP203704,AUTO_APPROVE,STANDARD_STRAIGHT_THROUGH,False
APP203705,AUTO_APPROVE,STANDARD_STRAIGHT_THROUGH,False
APP203706,AUTO_APPROVE,STANDARD_STRAIGHT_THROUGH,False
APP203707,DECLINE,POLICY_FAILURE,False
APP203708,AUTO_APPROVE,STANDARD_STRAIGHT_THROUGH,False
APP203709,DECLINE,POLICY_FAILURE,False
APP203710,AUTO_APPROVE,STANDARD_STRAIGHT_THROUGH,False
APP203711,DECLINE,POLICY_FAILURE,False
APP203712,DECLINE,POLICY_FAILURE,False
APP203713,AUTO_APPROVE,STANDARD_STRAIGHT_THROUGH,False
APP203714,AUTO_APPROVE,STANDARD_STRAIGHT_THROUGH,False
APP203715,DECLINE,POLICY_FAILURE,False
APP203716,DECLINE,POLICY_FAILURE,False
APP203717,DECLINE,POLICY_FAILURE,False
APP203718,DECLINE,POLICY_FAILURE,False
APP203719,DECLINE,POLICY_FAILURE,False
APP203720,AUTO_APPROVE,STANDARD_STRAIGHT_THROUGH,False
APP203721,AUTO_APPROVE,STANDARD_STRAIGHT_THROUGH,False
APP203722,AUTO_APPROVE,STANDARD_STRAIGHT_THROUGH,False
APP203723,AUTO_APPROVE,STANDARD_STRAIGHT_THROUGH,False
APP203724,AUTO_APPROVE,STANDARD_STRAIGHT_THROUGH,False
APP203725,AUTO_APPROVE,STANDARD_STRAIGHT_THROUGH,False
APP203726,DECLINE,POLICY_FAILURE,False
APP203727,AUTO_APPROVE,STANDARD_STRAIGHT_THROUGH,False
APP203728,DECLINE,POLICY_FAILURE,False
APP203729,AUTO_APPROVE,STANDARD_STRAIGHT_THROUGH,False
APP203730,AUTO_APPROVE,STANDARD_STRAIGHT_THROUGH,False
APP203731,AUTO_APPROVE,STANDARD_STRAIGHT_THROUGH,False
APP203732,HUMAN_REVIEW,MEDIUM_FRAUD_RISK,True
APP203733,AUTO_APPROVE,STANDARD_STRAIGHT_THROUGH,False
APP203734,AUTO_APPROVE,STANDARD_STRAIGHT_THROUGH,False
APP203735,AUTO_APPROVE,STANDARD_STRAIGHT_THROUGH,False
APP203736,AUTO_APPROVE,STANDARD_STRAIGHT_THROUGH,False
APP203737,AUTO_APPROVE,STANDARD_STRAIGHT_THROUGH,False
APP203738,DECLINE,POLICY_FAILURE,False
APP203739,AUTO_APPROVE,STANDARD_STRAIGHT_THROUGH,False
APP203740,DECLINE,POLICY_FAILURE,False
APP203741,AUTO_APPROVE,STANDARD_STRAIGHT_THROUGH,False
APP203742,AUTO_APPROVE,STANDARD_STRAIGHT_THROUGH,False
APP203743,AUTO_APPROVE,STANDARD_STRAIGHT_THROUGH,False
APP203744,DECLINE,POLICY_FAILURE,False
APP203745,DECLINE,POLICY_FAILURE,False
APP203746,AUTO_APPROVE,STANDARD_STRAIGHT_THROUGH,False
APP203747,DECLINE,POLICY_FAILURE,False
APP203748,DECLINE,POLICY_FAILURE,False
APP203749,AUTO_APPROVE,STANDARD_STRAIGHT_THROUGH,False
APP203750,DECLINE,POLICY_FAILURE,False
APP203751,AUTO_APPROVE,STANDARD_STRAIGHT_THROUGH,False
APP203752,DECLINE,POLICY_FAILURE,False
APP203753,AUTO_APPROVE,STANDARD_STRAIGHT_THROUGH,False
APP203754,AUTO_APPROVE,STANDARD_STRAIGHT_THROUGH,False
APP203755,AUTO_APPROVE,STANDARD_STRAIGHT_THROUGH,False
APP203756,DECLINE,POLICY_FAILURE,False
APP203757,AUTO_APPROVE,STANDARD_STRAIGHT_THROUGH,False
APP203758,AUTO_APPROVE,STANDARD_STRAIGHT_THROUGH,False
APP203759,AUTO_APPROVE,STANDARD_STRAIGHT_THROUGH,False
APP203760,AUTO_APPROVE,STANDARD_STRAIGHT_THROUGH,False
APP203761,AUTO_APPROVE,STANDARD_STRAIGHT_THROUGH,False
APP203762,DECLINE,POLICY_FAILURE,False
APP203763,DECLINE,POLICY_FAILURE,False
APP203764,AUTO_APPROVE,STANDARD_STRAIGHT_THROUGH,False
APP203765,DECLINE,POLICY_FAILURE,False
APP203766,DECLINE,POLICY_FAILURE,False
APP203767,AUTO_APPROVE,STANDARD_STRAIGHT_THROUGH,False
APP203768,AUTO_APPROVE,STANDARD_STRAIGHT_THROUGH,False
APP203769,DECLINE,POLICY_FAILURE,False
APP203770,AUTO_APPROVE,STANDARD_STRAIGHT_THROUGH,False
APP203771,AUTO_APPROVE,STANDARD_STRAIGHT_THROUGH,False
APP203772,DECLINE,POLICY_FAILURE,False
APP203773,AUTO_APPROVE,STANDARD_STRAIGHT_THROUGH,False
APP203774,AUTO_APPROVE,STANDARD_STRAIGHT_THROUGH,False
APP203775,DECLINE,POLICY_FAILURE,False
APP203776,AUTO_APPROVE,STANDARD_STRAIGHT_THROUGH,False
APP203777,DECLINE,POLICY_FAILURE,False
APP203778,AUTO_APPROVE,STANDARD_STRAIGHT_THROUGH,False
APP203779,AUTO_APPROVE,STANDARD_STRAIGHT_THROUGH,False
APP203780,DECLINE,POLICY_FAILURE,False
APP203781,DECLINE,POLICY_FAILURE,False
APP203782,AUTO_APPROVE,STANDARD_STRAIGHT_THROUGH,False
APP203783,DECLINE,POLICY_FAILURE,False
APP203784,AUTO_APPROVE,STANDARD_STRAIGHT_THROUGH,False
APP203785,DECLINE,POLICY_FAILURE,False
APP203786,DECLINE,POLICY_FAILURE,False
APP203787,AUTO_APPROVE,STANDARD_STRAIGHT_THROUGH,False
APP203788,DECLINE,POLICY_FAILURE,False
APP203789,AUTO_APPROVE,STANDARD_STRAIGHT_THROUGH,False
APP203790,DECLINE,POLICY_FAILURE,False
APP203791,DECLINE,POLICY_FAILURE,False
APP203792,DECLINE,POLICY_FAILURE,False
APP203793,DECLINE,POLICY_FAILURE,False
APP203794,AUTO_APPROVE,STANDARD_STRAIGHT_THROUGH,False
APP203795,AUTO_APPROVE,STANDARD_STRAIGHT_THROUGH,False
APP203796,AUTO_APPROVE,STANDARD_STRAIGHT_THROUGH,False
APP203797,AUTO_APPROVE,STANDARD_STRAIGHT_THROUGH,False
APP203798,AUTO_APPROVE,STANDARD_STRAIGHT_THROUGH,False
APP203799,DECLINE,POLICY_FAILURE,False
APP203800,AUTO_APPROVE,STANDARD_STRAIGHT_THROUGH,False
APP203801,AUTO_APPROVE,STANDARD_STRAIGHT_THROUGH,False
APP203802,DECLINE,POLICY_FAILURE,False
APP203803,AUTO_APPROVE,STANDARD_STRAIGHT_THROUGH,False
APP203804,AUTO_APPROVE,STANDARD_STRAIGHT_THROUGH,False
APP203805,DECLINE,POLICY_FAILURE,False
APP203806,AUTO_APPROVE,STANDARD_STRAIGHT_THROUGH,False
APP203807,AUTO_APPROVE,STANDARD_STRAIGHT_THROUGH,False
APP203808,DECLINE,POLICY_FAILURE,False
APP203809,AUTO_APPROVE,STANDARD_STRAIGHT_THROUGH,False
APP203810,AUTO_APPROVE,STANDARD_STRAIGHT_THROUGH,False
APP203811,DECLINE,POLICY_FAILURE,False
APP203812,AUTO_APPROVE,STANDARD_STRAIGHT_THROUGH,False
APP203813,AUTO_APPROVE,STANDARD_STRAIGHT_THROUGH,False
APP203814,AUTO_APPROVE,STANDARD_STRAIGHT_THROUGH,False
APP203815,DECLINE,POLICY_FAILURE,False
APP203816,DECLINE,POLICY_FAILURE,False
APP203817,AUTO_APPROVE,STANDARD_STRAIGHT_THROUGH,False
APP203818,AUTO_APPROVE,STANDARD_STRAIGHT_THROUGH,False
APP203819,AUTO_APPROVE,STANDARD_STRAIGHT_THROUGH,False
APP203820,DECLINE,POLICY_FAILURE,False
APP203821,AUTO_APPROVE,STANDARD_STRAIGHT_THROUGH,False
APP203822,DECLINE,POLICY_FAILURE,False
APP203823,AUTO_APPROVE,STANDARD_STRAIGHT_THROUGH,False
APP203824,HUMAN_REVIEW,LOW_DOCUMENT_CONFIDENCE,True
APP203825,AUTO_APPROVE,STANDARD_STRAIGHT_THROUGH,False
APP203826,DECLINE,POLICY_FAILURE,False
APP203827,AUTO_APPROVE,STANDARD_STRAIGHT_THROUGH,False
APP203828,DECLINE,POLICY_FAILURE,False
APP203829,AUTO_APPROVE,STANDARD_STRAIGHT_THROUGH,False
APP203830,AUTO_APPROVE,STANDARD_STRAIGHT_THROUGH,False
APP203831,AUTO_APPROVE,STANDARD_STRAIGHT_THROUGH,False
APP203832,AUTO_APPROVE,STANDARD_STRAIGHT_THROUGH,False
APP203833,AUTO_APPROVE,STANDARD_STRAIGHT_THROUGH,False
APP203834,DECLINE,POLICY_FAILURE,False
APP203835,DECLINE,POLICY_FAILURE,False
APP203836,AUTO_APPROVE,STANDARD_STRAIGHT_THROUGH,False
APP203837,DECLINE,POLICY_FAILURE,False
APP203838,DECLINE,POLICY_FAILURE,False
APP203839,DECLINE,POLICY_FAILURE,False
APP203840,AUTO_APPROVE,STANDARD_STRAIGHT_THROUGH,False
APP203841,AUTO_APPROVE,STANDARD_STRAIGHT_THROUGH,False
APP203842,AUTO_APPROVE,STANDARD_STRAIGHT_THROUGH,False
APP203843,DECLINE,POLICY_FAILURE,False
APP203844,DECLINE,POLICY_FAILURE,False
APP203845,DECLINE,POLICY_FAILURE,False
APP203846,AUTO_APPROVE,STANDARD_STRAIGHT_THROUGH,False
APP203847,AUTO_APPROVE,STANDARD_STRAIGHT_THROUGH,False
APP203848,AUTO_APPROVE,STANDARD_STRAIGHT_THROUGH,False
APP203849,DECLINE,POLICY_FAILURE,False
APP203850,AUTO_APPROVE,STANDARD_STRAIGHT_THROUGH,False
APP203851,DECLINE,POLICY_FAILURE,False
APP203852,DECLINE,POLICY_FAILURE,False
APP203853,AUTO_APPROVE,STANDARD_STRAIGHT_THROUGH,False
APP203854,DECLINE,POLICY_FAILURE,False
APP203855,DECLINE,POLICY_FAILURE,False
APP203856,DECLINE,POLICY_FAILURE,False
APP203857,AUTO_APPROVE,STANDARD_STRAIGHT_THROUGH,False
APP203858,DECLINE,POLICY_FAILURE,False
APP203859,AUTO_APPROVE,STANDARD_STRAIGHT_THROUGH,False
APP203860,AUTO_APPROVE,STANDARD_STRAIGHT_THROUGH,False
APP203861,AUTO_APPROVE,STANDARD_STRAIGHT_THROUGH,False
APP203862,AUTO_APPROVE,STANDARD_STRAIGHT_THROUGH,False
APP203863,DECLINE,POLICY_FAILURE,False
APP203864,HUMAN_REVIEW,LOW_DOCUMENT_CONFIDENCE,True
APP203865,DECLINE,POLICY_FAILURE,False
APP203866,AUTO_APPROVE,STANDARD_STRAIGHT_THROUGH,False
APP203867,AUTO_APPROVE,STANDARD_STRAIGHT_THROUGH,False
APP203868,DECLINE,POLICY_FAILURE,False
APP203869,AUTO_APPROVE,STANDARD_STRAIGHT_THROUGH,False
APP203870,AUTO_APPROVE,STANDARD_STRAIGHT_THROUGH,False
APP203871,AUTO_APPROVE,STANDARD_STRAIGHT_THROUGH,False
APP203872,AUTO_APPROVE,STANDARD_STRAIGHT_THROUGH,False
APP203873,AUTO_APPROVE,STANDARD_STRAIGHT_THROUGH,False
APP203874,DECLINE,POLICY_FAILURE,False
APP203875,AUTO_APPROVE,STANDARD_STRAIGHT_THROUGH,False
APP203876,AUTO_APPROVE,STANDARD_STRAIGHT_THROUGH,False
APP203877,AUTO_APPROVE,STANDARD_STRAIGHT_THROUGH,False
APP203878,DECLINE,POLICY_FAILURE,False
APP203879,AUTO_APPROVE,STANDARD_STRAIGHT_THROUGH,False
APP203880,AUTO_APPROVE,STANDARD_STRAIGHT_THROUGH,False
APP203881,DECLINE,POLICY_FAILURE,False
APP203882,AUTO_APPROVE,STANDARD_STRAIGHT_THROUGH,False
APP203883,AUTO_APPROVE,STANDARD_STRAIGHT_THROUGH,False
APP203884,DECLINE,POLICY_FAILURE,False
APP203885,AUTO_APPROVE,STANDARD_STRAIGHT_THROUGH,False
APP203886,DECLINE,POLICY_FAILURE,False
APP203887,AUTO_APPROVE,STANDARD_STRAIGHT_THROUGH,False
APP203888,AUTO_APPROVE,STANDARD_STRAIGHT_THROUGH,False
APP203889,DECLINE,POLICY_FAILURE,False
APP203890,AUTO_APPROVE,STANDARD_STRAIGHT_THROUGH,False
APP203891,AUTO_APPROVE,STANDARD_STRAIGHT_THROUGH,False
APP203892,AUTO_APPROVE,STANDARD_STRAIGHT_THROUGH,False
APP203893,AUTO_APPROVE,STANDARD_STRAIGHT_THROUGH,False
APP203894,AUTO_APPROVE,STANDARD_STRAIGHT_THROUGH,False
APP203895,AUTO_APPROVE,STANDARD_STRAIGHT_THROUGH,False
APP203896,AUTO_APPROVE,STANDARD_STRAIGHT_THROUGH,False
APP203897,AUTO_APPROVE,STANDARD_STRAIGHT_THROUGH,False
APP203898,AUTO_APPROVE,STANDARD_STRAIGHT_THROUGH,False
APP203899,DECLINE,POLICY_FAILURE,False
APP203900,AUTO_APPROVE,STANDARD_STRAIGHT_THROUGH,False
APP203901,DECLINE,POLICY_FAILURE,False
APP203902,AUTO_APPROVE,STANDARD_STRAIGHT_THROUGH,False
APP203903,AUTO_APPROVE,STANDARD_STRAIGHT_THROUGH,False
APP203904,AUTO_APPROVE,STANDARD_STRAIGHT_THROUGH,False
APP203905,AUTO_APPROVE,STANDARD_STRAIGHT_THROUGH,False
APP203906,AUTO_APPROVE,STANDARD_STRAIGHT_THROUGH,False
APP203907,AUTO_APPROVE,STANDARD_STRAIGHT_THROUGH,False
APP203908,AUTO_APPROVE,STANDARD_STRAIGHT_THROUGH,False
APP203909,AUTO_APPROVE,STANDARD_STRAIGHT_THROUGH,False
APP203910,AUTO_APPROVE,STANDARD_STRAIGHT_THROUGH,False
APP203911,AUTO_APPROVE,STANDARD_STRAIGHT_THROUGH,False
APP203912,AUTO_APPROVE,STANDARD_STRAIGHT_THROUGH,False
APP203913,DECLINE,POLICY_FAILURE,False
APP203914,AUTO_APPROVE,STANDARD_STRAIGHT_THROUGH,False
APP203915,DECLINE,POLICY_FAILURE,False
APP203916,AUTO_APPROVE,STANDARD_STRAIGHT_THROUGH,False
APP203917,AUTO_APPROVE,STANDARD_STRAIGHT_THROUGH,False
APP203918,AUTO_APPROVE,STANDARD_STRAIGHT_THROUGH,False
APP203919,HUMAN_REVIEW,LOW_DOCUMENT_CONFIDENCE,True
APP203920,AUTO_APPROVE,STANDARD_STRAIGHT_THROUGH,False
APP203921,AUTO_APPROVE,STANDARD_STRAIGHT_THROUGH,False
APP203922,AUTO_APPROVE,STANDARD_STRAIGHT_THROUGH,False
APP203923,AUTO_APPROVE,STANDARD_STRAIGHT_THROUGH,False
APP203924,DECLINE,POLICY_FAILURE,False
APP203925,DECLINE,POLICY_FAILURE,False
APP203926,AUTO_APPROVE,STANDARD_STRAIGHT_THROUGH,False
APP203927,AUTO_APPROVE,STANDARD_STRAIGHT_THROUGH,False
APP203928,DECLINE,POLICY_FAILURE,False
APP203929,AUTO_APPROVE,STANDARD_STRAIGHT_THROUGH,False
APP203930,DECLINE,POLICY_FAILURE,False
APP203931,AUTO_APPROVE,STANDARD_STRAIGHT_THROUGH,False
APP203932,AUTO_APPROVE,STANDARD_STRAIGHT_THROUGH,False
APP203933,AUTO_APPROVE,STANDARD_STRAIGHT_THROUGH,False
APP203934,DECLINE,POLICY_FAILURE,False
APP203935,DECLINE,POLICY_FAILURE,False
APP203936,AUTO_APPROVE,STANDARD_STRAIGHT_THROUGH,False
APP203937,AUTO_APPROVE,STANDARD_STRAIGHT_THROUGH,False
APP203938,AUTO_APPROVE,STANDARD_STRAIGHT_THROUGH,False
APP203939,AUTO_APPROVE,STANDARD_STRAIGHT_THROUGH,False
APP203940,DECLINE,POLICY_FAILURE,False
APP203941,AUTO_APPROVE,STANDARD_STRAIGHT_THROUGH,False
APP203942,AUTO_APPROVE,STANDARD_STRAIGHT_THROUGH,False
APP203943,AUTO_APPROVE,STANDARD_STRAIGHT_THROUGH,False
APP203944,AUTO_APPROVE,STANDARD_STRAIGHT_THROUGH,False
APP203945,AUTO_APPROVE,STANDARD_STRAIGHT_THROUGH,False
APP203946,AUTO_APPROVE,STANDARD_STRAIGHT_THROUGH,False
APP203947,AUTO_APPROVE,STANDARD_STRAIGHT_THROUGH,False
APP203948,AUTO_APPROVE,STANDARD_STRAIGHT_THROUGH,False
APP203949,AUTO_APPROVE,STANDARD_STRAIGHT_THROUGH,False
APP203950,DECLINE,POLICY_FAILURE,False
APP203951,DECLINE,POLICY_FAILURE,False
APP203952,DECLINE,POLICY_FAILURE,False
APP203953,AUTO_APPROVE,STANDARD_STRAIGHT_THROUGH,False
APP203954,AUTO_APPROVE,STANDARD_STRAIGHT_THROUGH,False
APP203955,DECLINE,POLICY_FAILURE,False
APP203956,AUTO_APPROVE,STANDARD_STRAIGHT_THROUGH,False
APP203957,DECLINE,POLICY_FAILURE,False
APP203958,DECLINE,POLICY_FAILURE,False
APP203959,AUTO_APPROVE,STANDARD_STRAIGHT_THROUGH,False
APP203960,AUTO_APPROVE,STANDARD_STRAIGHT_THROUGH,False
APP203961,AUTO_APPROVE,STANDARD_STRAIGHT_THROUGH,False
APP203962,AUTO_APPROVE,STANDARD_STRAIGHT_THROUGH,False
APP203963,AUTO_APPROVE,STANDARD_STRAIGHT_THROUGH,False
APP203964,DECLINE,POLICY_FAILURE,False
APP203965,DECLINE,POLICY_FAILURE,False
APP203966,AUTO_APPROVE,STANDARD_STRAIGHT_THROUGH,False
APP203967,DECLINE,POLICY_FAILURE,False
APP203968,DECLINE,POLICY_FAILURE,False
APP203969,AUTO_APPROVE,STANDARD_STRAIGHT_THROUGH,False
APP203970,DECLINE,POLICY_FAILURE,False
APP203971,AUTO_APPROVE,STANDARD_STRAIGHT_THROUGH,False
APP203972,AUTO_APPROVE,STANDARD_STRAIGHT_THROUGH,False
APP203973,DECLINE,POLICY_FAILURE,False
APP203974,AUTO_APPROVE,STANDARD_STRAIGHT_THROUGH,False
APP203975,DECLINE,POLICY_FAILURE,False
APP203976,AUTO_APPROVE,STANDARD_STRAIGHT_THROUGH,False
APP203977,DECLINE,POLICY_FAILURE,False
APP203978,DECLINE,POLICY_FAILURE,False
APP203979,AUTO_APPROVE,STANDARD_STRAIGHT_THROUGH,False
APP203980,AUTO_APPROVE,STANDARD_STRAIGHT_THROUGH,False
APP203981,AUTO_APPROVE,STANDARD_STRAIGHT_THROUGH,False
APP203982,AUTO_APPROVE,STANDARD_STRAIGHT_THROUGH,False
APP203983,DECLINE,POLICY_FAILURE,False
APP203984,DECLINE,POLICY_FAILURE,False
APP203985,AUTO_APPROVE,STANDARD_STRAIGHT_THROUGH,False
APP203986,AUTO_APPROVE,STANDARD_STRAIGHT_THROUGH,False
APP203987,DECLINE,POLICY_FAILURE,False
APP203988,AUTO_APPROVE,STANDARD_STRAIGHT_THROUGH,False
APP203989,DECLINE,POLICY_FAILURE,False
APP203990,AUTO_APPROVE,STANDARD_STRAIGHT_THROUGH,False
APP203991,DECLINE,POLICY_FAILURE,False
APP203992,DECLINE,POLICY_FAILURE,False
APP203993,AUTO_APPROVE,STANDARD_STRAIGHT_THROUGH,False
APP203994,AUTO_APPROVE,STANDARD_STRAIGHT_THROUGH,False
APP203995,DECLINE,POLICY_FAILURE,False
APP203996,DECLINE,POLICY_FAILURE,False
APP203997,AUTO_APPROVE,STANDARD_STRAIGHT_THROUGH,False
APP203998,AUTO_APPROVE,STANDARD_STRAIGHT_THROUGH,False
APP203999,AUTO_APPROVE,STANDARD_STRAIGHT_THROUGH,False
APP204000,AUTO_APPROVE,STANDARD_STRAIGHT_THROUGH,False
APP204001,DECLINE,POLICY_FAILURE,False
APP204002,DECLINE,POLICY_FAILURE,False
APP204003,DECLINE,POLICY_FAILURE,False
APP204004,AUTO_APPROVE,STANDARD_STRAIGHT_THROUGH,False
APP204005,DECLINE,POLICY_FAILURE,False
APP204006,AUTO_APPROVE,STANDARD_STRAIGHT_THROUGH,False
APP204007,DECLINE,POLICY_FAILURE,False
APP204008,DECLINE,POLICY_FAILURE,False
APP204009,AUTO_APPROVE,STANDARD_STRAIGHT_THROUGH,False
APP204010,AUTO_APPROVE,STANDARD_STRAIGHT_THROUGH,False
APP204011,AUTO_APPROVE,STANDARD_STRAIGHT_THROUGH,False
APP204012,DECLINE,POLICY_FAILURE,False
APP204013,AUTO_APPROVE,STANDARD_STRAIGHT_THROUGH,False
APP204014,AUTO_APPROVE,STANDARD_STRAIGHT_THROUGH,False
APP204015,AUTO_APPROVE,STANDARD_STRAIGHT_THROUGH,False
APP204016,DECLINE,POLICY_FAILURE,False
APP204017,AUTO_APPROVE,STANDARD_STRAIGHT_THROUGH,False
APP204018,DECLINE,POLICY_FAILURE,False
APP204019,DECLINE,POLICY_FAILURE,False
APP204020,DECLINE,POLICY_FAILURE,False
APP204021,AUTO_APPROVE,STANDARD_STRAIGHT_THROUGH,False
APP204022,AUTO_APPROVE,STANDARD_STRAIGHT_THROUGH,False
APP204023,AUTO_APPROVE,STANDARD_STRAIGHT_THROUGH,False
APP204024,DECLINE,POLICY_FAILURE,False
APP204025,AUTO_APPROVE,STANDARD_STRAIGHT_THROUGH,False
APP204026,AUTO_APPROVE,STANDARD_STRAIGHT_THROUGH,False
APP204027,AUTO_APPROVE,STANDARD_STRAIGHT_THROUGH,False
APP204028,AUTO_APPROVE,STANDARD_STRAIGHT_THROUGH,False
APP204029,DECLINE,POLICY_FAILURE,False
APP204030,AUTO_APPROVE,STANDARD_STRAIGHT_THROUGH,False
APP204031,DECLINE,POLICY_FAILURE,False
APP204032,AUTO_APPROVE,STANDARD_STRAIGHT_THROUGH,False
APP204033,DECLINE,POLICY_FAILURE,False
APP204034,AUTO_APPROVE,STANDARD_STRAIGHT_THROUGH,False
APP204035,AUTO_APPROVE,STANDARD_STRAIGHT_THROUGH,False
APP204036,AUTO_APPROVE,STANDARD_STRAIGHT_THROUGH,False
APP204037,AUTO_APPROVE,STANDARD_STRAIGHT_THROUGH,False
APP204038,DECLINE,POLICY_FAILURE,False
APP204039,AUTO_APPROVE,STANDARD_STRAIGHT_THROUGH,False
APP204040,DECLINE,POLICY_FAILURE,False
APP204041,AUTO_APPROVE,STANDARD_STRAIGHT_THROUGH,False
APP204042,HUMAN_REVIEW,LOW_DOCUMENT_CONFIDENCE,True
APP204043,AUTO_APPROVE,STANDARD_STRAIGHT_THROUGH,False
APP204044,AUTO_APPROVE,STANDARD_STRAIGHT_THROUGH,False
APP204045,AUTO_APPROVE,STANDARD_STRAIGHT_THROUGH,False
APP204046,DECLINE,POLICY_FAILURE,False
APP204047,AUTO_APPROVE,STANDARD_STRAIGHT_THROUGH,False
APP204048,AUTO_APPROVE,STANDARD_STRAIGHT_THROUGH,False
APP204049,AUTO_APPROVE,STANDARD_STRAIGHT_THROUGH,False
APP204050,AUTO_APPROVE,STANDARD_STRAIGHT_THROUGH,False
APP204051,DECLINE,POLICY_FAILURE,False
APP204052,AUTO_APPROVE,STANDARD_STRAIGHT_THROUGH,False
APP204053,AUTO_APPROVE,STANDARD_STRAIGHT_THROUGH,False
APP204054,DECLINE,POLICY_FAILURE,False
APP204055,DECLINE,POLICY_FAILURE,False
APP204056,DECLINE,POLICY_FAILURE,False
APP204057,AUTO_APPROVE,STANDARD_STRAIGHT_THROUGH,False
APP204058,DECLINE,POLICY_FAILURE,False
APP204059,DECLINE,POLICY_FAILURE,False
APP204060,DECLINE,POLICY_FAILURE,False
APP204061,AUTO_APPROVE,STANDARD_STRAIGHT_THROUGH,False
APP204062,DECLINE,POLICY_FAILURE,False
APP204063,DECLINE,POLICY_FAILURE,False
APP204064,DECLINE,POLICY_FAILURE,False
APP204065,AUTO_APPROVE,STANDARD_STRAIGHT_THROUGH,False
APP204066,DECLINE,POLICY_FAILURE,False
APP204067,DECLINE,POLICY_FAILURE,False
APP204068,AUTO_APPROVE,STANDARD_STRAIGHT_THROUGH,False
APP204069,HUMAN_REVIEW,LOW_DOCUMENT_CONFIDENCE,True
APP204070,AUTO_APPROVE,STANDARD_STRAIGHT_THROUGH,False
APP204071,DECLINE,POLICY_FAILURE,False
APP204072,AUTO_APPROVE,STANDARD_STRAIGHT_THROUGH,False
APP204073,HUMAN_REVIEW,LOW_DOCUMENT_CONFIDENCE,True
APP204074,DECLINE,POLICY_FAILURE,False
APP204075,AUTO_APPROVE,STANDARD_STRAIGHT_THROUGH,False
APP204076,DECLINE,POLICY_FAILURE,False
APP204077,AUTO_APPROVE,STANDARD_STRAIGHT_THROUGH,False
APP204078,DECLINE,POLICY_FAILURE,False
APP204079,DECLINE,POLICY_FAILURE,False
APP204080,AUTO_APPROVE,STANDARD_STRAIGHT_THROUGH,False
APP204081,AUTO_APPROVE,STANDARD_STRAIGHT_THROUGH,False
APP204082,AUTO_APPROVE,STANDARD_STRAIGHT_THROUGH,False
APP204083,AUTO_APPROVE,STANDARD_STRAIGHT_THROUGH,False
APP204084,AUTO_APPROVE,STANDARD_STRAIGHT_THROUGH,False
APP204085,AUTO_APPROVE,STANDARD_STRAIGHT_THROUGH,False
APP204086,AUTO_APPROVE,STANDARD_STRAIGHT_THROUGH,False
APP204087,AUTO_APPROVE,STANDARD_STRAIGHT_THROUGH,False
APP204088,AUTO_APPROVE,STANDARD_STRAIGHT_THROUGH,False
APP204089,DECLINE,POLICY_FAILURE,False
APP204090,AUTO_APPROVE,STANDARD_STRAIGHT_THROUGH,False
APP204091,AUTO_APPROVE,STANDARD_STRAIGHT_THROUGH,False
APP204092,DECLINE,POLICY_FAILURE,False
APP204093,AUTO_APPROVE,STANDARD_STRAIGHT_THROUGH,False
APP204094,DECLINE,POLICY_FAILURE,False
APP204095,AUTO_APPROVE,STANDARD_STRAIGHT_THROUGH,False
APP204096,AUTO_APPROVE,STANDARD_STRAIGHT_THROUGH,False
APP204097,DECLINE,POLICY_FAILURE,False
APP204098,DECLINE,POLICY_FAILURE,False
APP204099,AUTO_APPROVE,STANDARD_STRAIGHT_THROUGH,False
APP204100,AUTO_APPROVE,STANDARD_STRAIGHT_THROUGH,False
APP204101,DECLINE,POLICY_FAILURE,False
APP204102,DECLINE,POLICY_FAILURE,False
APP204103,AUTO_APPROVE,STANDARD_STRAIGHT_THROUGH,False
APP204104,DECLINE,POLICY_FAILURE,False
APP204105,AUTO_APPROVE,STANDARD_STRAIGHT_THROUGH,False
APP204106,AUTO_APPROVE,STANDARD_STRAIGHT_THROUGH,False
APP204107,DECLINE,POLICY_FAILURE,False
APP204108,AUTO_APPROVE,STANDARD_STRAIGHT_THROUGH,False
APP204109,AUTO_APPROVE,STANDARD_STRAIGHT_THROUGH,False
APP204110,DECLINE,POLICY_FAILURE,False
APP204111,DECLINE,POLICY_FAILURE,False
APP204112,HUMAN_REVIEW,LOW_DOCUMENT_CONFIDENCE,True
APP204113,DECLINE,POLICY_FAILURE,False
APP204114,AUTO_APPROVE,STANDARD_STRAIGHT_THROUGH,False
APP204115,AUTO_APPROVE,STANDARD_STRAIGHT_THROUGH,False
APP204116,AUTO_APPROVE,STANDARD_STRAIGHT_THROUGH,False
APP204117,AUTO_APPROVE,STANDARD_STRAIGHT_THROUGH,False
APP204118,AUTO_APPROVE,STANDARD_STRAIGHT_THROUGH,False
APP204119,AUTO_APPROVE,STANDARD_STRAIGHT_THROUGH,False
APP204120,DECLINE,POLICY_FAILURE,False
APP204121,DECLINE,POLICY_FAILURE,False
APP204122,DECLINE,POLICY_FAILURE,False
APP204123,AUTO_APPROVE,STANDARD_STRAIGHT_THROUGH,False
APP204124,AUTO_APPROVE,STANDARD_STRAIGHT_THROUGH,False
APP204125,AUTO_APPROVE,STANDARD_STRAIGHT_THROUGH,False
APP204126,DECLINE,POLICY_FAILURE,False
APP204127,DECLINE,POLICY_FAILURE,False
APP204128,AUTO_APPROVE,STANDARD_STRAIGHT_THROUGH,False
APP204129,AUTO_APPROVE,STANDARD_STRAIGHT_THROUGH,False
APP204130,DECLINE,POLICY_FAILURE,False
APP204131,AUTO_APPROVE,STANDARD_STRAIGHT_THROUGH,False
APP204132,DECLINE,POLICY_FAILURE,False
APP204133,DECLINE,POLICY_FAILURE,False
APP204134,DECLINE,POLICY_FAILURE,False
APP204135,HUMAN_REVIEW,LOW_DOCUMENT_CONFIDENCE,True
APP204136,DECLINE,POLICY_FAILURE,False
APP204137,AUTO_APPROVE,STANDARD_STRAIGHT_THROUGH,False
APP204138,AUTO_APPROVE,STANDARD_STRAIGHT_THROUGH,False
APP204139,AUTO_APPROVE,STANDARD_STRAIGHT_THROUGH,False
APP204140,AUTO_APPROVE,STANDARD_STRAIGHT_THROUGH,False
APP204141,DECLINE,POLICY_FAILURE,False
APP204142,DECLINE,POLICY_FAILURE,False
APP204143,AUTO_APPROVE,STANDARD_STRAIGHT_THROUGH,False
APP204144,AUTO_APPROVE,STANDARD_STRAIGHT_THROUGH,False
APP204145,DECLINE,POLICY_FAILURE,False
APP204146,DECLINE,POLICY_FAILURE,False
APP204147,DECLINE,POLICY_FAILURE,False
APP204148,AUTO_APPROVE,STANDARD_STRAIGHT_THROUGH,False
APP204149,AUTO_APPROVE,STANDARD_STRAIGHT_THROUGH,False
APP204150,HUMAN_REVIEW,LOW_DOCUMENT_CONFIDENCE,True
APP204151,AUTO_APPROVE,STANDARD_STRAIGHT_THROUGH,False
APP204152,AUTO_APPROVE,STANDARD_STRAIGHT_THROUGH,False
APP204153,AUTO_APPROVE,STANDARD_STRAIGHT_THROUGH,False
APP204154,AUTO_APPROVE,STANDARD_STRAIGHT_THROUGH,False
APP204155,DECLINE,POLICY_FAILURE,False
APP204156,AUTO_APPROVE,STANDARD_STRAIGHT_THROUGH,False
APP204157,AUTO_APPROVE,STANDARD_STRAIGHT_THROUGH,False
APP204158,AUTO_APPROVE,STANDARD_STRAIGHT_THROUGH,False
APP204159,AUTO_APPROVE,STANDARD_STRAIGHT_THROUGH,False
APP204160,AUTO_APPROVE,STANDARD_STRAIGHT_THROUGH,False
APP204161,AUTO_APPROVE,STANDARD_STRAIGHT_THROUGH,False
APP204162,DECLINE,POLICY_FAILURE,False
APP204163,AUTO_APPROVE,STANDARD_STRAIGHT_THROUGH,False
APP204164,AUTO_APPROVE,STANDARD_STRAIGHT_THROUGH,False
APP204165,AUTO_APPROVE,STANDARD_STRAIGHT_THROUGH,False
APP204166,AUTO_APPROVE,STANDARD_STRAIGHT_THROUGH,False
APP204167,AUTO_APPROVE,STANDARD_STRAIGHT_THROUGH,False
APP204168,DECLINE,POLICY_FAILURE,False
APP204169,AUTO_APPROVE,STANDARD_STRAIGHT_THROUGH,False
APP204170,DECLINE,POLICY_FAILURE,False
APP204171,AUTO_APPROVE,STANDARD_STRAIGHT_THROUGH,False
APP204172,DECLINE,POLICY_FAILURE,False
APP204173,AUTO_APPROVE,STANDARD_STRAIGHT_THROUGH,False
APP204174,DECLINE,POLICY_FAILURE,False
APP204175,DECLINE,POLICY_FAILURE,False
APP204176,AUTO_APPROVE,STANDARD_STRAIGHT_THROUGH,False
APP204177,DECLINE,POLICY_FAILURE,False
APP204178,DECLINE,POLICY_FAILURE,False
APP204179,AUTO_APPROVE,STANDARD_STRAIGHT_THROUGH,False
APP204180,AUTO_APPROVE,STANDARD_STRAIGHT_THROUGH,False
APP204181,AUTO_APPROVE,STANDARD_STRAIGHT_THROUGH,False
APP204182,AUTO_APPROVE,STANDARD_STRAIGHT_THROUGH,False
APP204183,AUTO_APPROVE,STANDARD_STRAIGHT_THROUGH,False
APP204184,DECLINE,POLICY_FAILURE,False
APP204185,DECLINE,POLICY_FAILURE,False
APP204186,DECLINE,POLICY_FAILURE,False
APP204187,AUTO_APPROVE,STANDARD_STRAIGHT_THROUGH,False
APP204188,AUTO_APPROVE,STANDARD_STRAIGHT_THROUGH,False
APP204189,AUTO_APPROVE,STANDARD_STRAIGHT_THROUGH,False
APP204190,AUTO_APPROVE,STANDARD_STRAIGHT_THROUGH,False
APP204191,AUTO_APPROVE,STANDARD_STRAIGHT_THROUGH,False
APP204192,AUTO_APPROVE,STANDARD_STRAIGHT_THROUGH,False
APP204193,AUTO_APPROVE,STANDARD_STRAIGHT_THROUGH,False
APP204194,AUTO_APPROVE,STANDARD_STRAIGHT_THROUGH,False
APP204195,AUTO_APPROVE,STANDARD_STRAIGHT_THROUGH,False
APP204196,AUTO_APPROVE,STANDARD_STRAIGHT_THROUGH,False
APP204197,DECLINE,POLICY_FAILURE,False
APP204198,AUTO_APPROVE,STANDARD_STRAIGHT_THROUGH,False
APP204199,AUTO_APPROVE,STANDARD_STRAIGHT_THROUGH,False
APP204200,DECLINE,POLICY_FAILURE,False
APP204201,HUMAN_REVIEW,LOW_DOCUMENT_CONFIDENCE,True
APP204202,AUTO_APPROVE,STANDARD_STRAIGHT_THROUGH,False
APP204203,DECLINE,POLICY_FAILURE,False
APP204204,AUTO_APPROVE,STANDARD_STRAIGHT_THROUGH,False
APP204205,DECLINE,POLICY_FAILURE,False
APP204206,HUMAN_REVIEW,LOW_DOCUMENT_CONFIDENCE,True
APP204207,DECLINE,POLICY_FAILURE,False
APP204208,AUTO_APPROVE,STANDARD_STRAIGHT_THROUGH,False
APP204209,AUTO_APPROVE,STANDARD_STRAIGHT_THROUGH,False
APP204210,AUTO_APPROVE,STANDARD_STRAIGHT_THROUGH,False
APP204211,DECLINE,POLICY_FAILURE,False
APP204212,AUTO_APPROVE,STANDARD_STRAIGHT_THROUGH,False
APP204213,AUTO_APPROVE,STANDARD_STRAIGHT_THROUGH,False
APP204214,DECLINE,POLICY_FAILURE,False
APP204215,AUTO_APPROVE,STANDARD_STRAIGHT_THROUGH,False
APP204216,AUTO_APPROVE,STANDARD_STRAIGHT_THROUGH,False
APP204217,AUTO_APPROVE,STANDARD_STRAIGHT_THROUGH,False
APP204218,AUTO_APPROVE,STANDARD_STRAIGHT_THROUGH,False
APP204219,AUTO_APPROVE,STANDARD_STRAIGHT_THROUGH,False
APP204220,DECLINE,POLICY_FAILURE,False
APP204221,DECLINE,POLICY_FAILURE,False
APP204222,AUTO_APPROVE,STANDARD_STRAIGHT_THROUGH,False
APP204223,DECLINE,POLICY_FAILURE,False
APP204224,AUTO_APPROVE,STANDARD_STRAIGHT_THROUGH,False
APP204225,AUTO_APPROVE,STANDARD_STRAIGHT_THROUGH,False
APP204226,AUTO_APPROVE,STANDARD_STRAIGHT_THROUGH,False
APP204227,AUTO_APPROVE,STANDARD_STRAIGHT_THROUGH,False
APP204228,DECLINE,POLICY_FAILURE,False
APP204229,AUTO_APPROVE,STANDARD_STRAIGHT_THROUGH,False
APP204230,AUTO_APPROVE,STANDARD_STRAIGHT_THROUGH,False
APP204231,DECLINE,POLICY_FAILURE,False
APP204232,AUTO_APPROVE,STANDARD_STRAIGHT_THROUGH,False
APP204233,DECLINE,POLICY_FAILURE,False
APP204234,AUTO_APPROVE,STANDARD_STRAIGHT_THROUGH,False
APP204235,AUTO_APPROVE,STANDARD_STRAIGHT_THROUGH,False
APP204236,DECLINE,POLICY_FAILURE,False
APP204237,DECLINE,POLICY_FAILURE,False
APP204238,AUTO_APPROVE,STANDARD_STRAIGHT_THROUGH,False
APP204239,AUTO_APPROVE,STANDARD_STRAIGHT_THROUGH,False
APP204240,DECLINE,POLICY_FAILURE,False
APP204241,AUTO_APPROVE,STANDARD_STRAIGHT_THROUGH,False
APP204242,AUTO_APPROVE,STANDARD_STRAIGHT_THROUGH,False
APP204243,AUTO_APPROVE,STANDARD_STRAIGHT_THROUGH,False
APP204244,AUTO_APPROVE,STANDARD_STRAIGHT_THROUGH,False
APP204245,AUTO_APPROVE,STANDARD_STRAIGHT_THROUGH,False
APP204246,AUTO_APPROVE,STANDARD_STRAIGHT_THROUGH,False
APP204247,DECLINE,POLICY_FAILURE,False
APP204248,AUTO_APPROVE,STANDARD_STRAIGHT_THROUGH,False
APP204249,AUTO_APPROVE,STANDARD_STRAIGHT_THROUGH,False
APP204250,AUTO_APPROVE,STANDARD_STRAIGHT_THROUGH,False
APP204251,AUTO_APPROVE,STANDARD_STRAIGHT_THROUGH,False
APP204252,DECLINE,POLICY_FAILURE,False
APP204253,AUTO_APPROVE,STANDARD_STRAIGHT_THROUGH,False
APP204254,AUTO_APPROVE,STANDARD_STRAIGHT_THROUGH,False
APP204255,AUTO_APPROVE,STANDARD_STRAIGHT_THROUGH,False
APP204256,DECLINE,POLICY_FAILURE,False
APP204257,AUTO_APPROVE,STANDARD_STRAIGHT_THROUGH,False
APP204258,AUTO_APPROVE,STANDARD_STRAIGHT_THROUGH,False
APP204259,AUTO_APPROVE,STANDARD_STRAIGHT_THROUGH,False
APP204260,DECLINE,POLICY_FAILURE,False
APP204261,AUTO_APPROVE,STANDARD_STRAIGHT_THROUGH,False
APP204262,AUTO_APPROVE,STANDARD_STRAIGHT_THROUGH,False
APP204263,DECLINE,POLICY_FAILURE,False
APP204264,AUTO_APPROVE,STANDARD_STRAIGHT_THROUGH,False
APP204265,HUMAN_REVIEW,LOW_DOCUMENT_CONFIDENCE,True
APP204266,AUTO_APPROVE,STANDARD_STRAIGHT_THROUGH,False
APP204267,HUMAN_REVIEW,LOW_DOCUMENT_CONFIDENCE,True
APP204268,AUTO_APPROVE,STANDARD_STRAIGHT_THROUGH,False
APP204269,DECLINE,POLICY_FAILURE,False
APP204270,AUTO_APPROVE,STANDARD_STRAIGHT_THROUGH,False
APP204271,AUTO_APPROVE,STANDARD_STRAIGHT_THROUGH,False
APP204272,AUTO_APPROVE,STANDARD_STRAIGHT_THROUGH,False
APP204273,AUTO_APPROVE,STANDARD_STRAIGHT_THROUGH,False
APP204274,AUTO_APPROVE,STANDARD_STRAIGHT_THROUGH,False
APP204275,DECLINE,POLICY_FAILURE,False
APP204276,DECLINE,POLICY_FAILURE,False
APP204277,AUTO_APPROVE,STANDARD_STRAIGHT_THROUGH,False
APP204278,AUTO_APPROVE,STANDARD_STRAIGHT_THROUGH,False
APP204279,DECLINE,POLICY_FAILURE,False
APP204280,DECLINE,POLICY_FAILURE,False
APP204281,DECLINE,POLICY_FAILURE,False
APP204282,DECLINE,POLICY_FAILURE,False
APP204283,AUTO_APPROVE,STANDARD_STRAIGHT_THROUGH,False
APP204284,AUTO_APPROVE,STANDARD_STRAIGHT_THROUGH,False
APP204285,AUTO_APPROVE,STANDARD_STRAIGHT_THROUGH,False
APP204286,DECLINE,POLICY_FAILURE,False
APP204287,DECLINE,POLICY_FAILURE,False
APP204288,AUTO_APPROVE,STANDARD_STRAIGHT_THROUGH,False
APP204289,DECLINE,POLICY_FAILURE,False
APP204290,DECLINE,POLICY_FAILURE,False
APP204291,AUTO_APPROVE,STANDARD_STRAIGHT_THROUGH,False
APP204292,DECLINE,POLICY_FAILURE,False
APP204293,AUTO_APPROVE,STANDARD_STRAIGHT_THROUGH,False
APP204294,AUTO_APPROVE,STANDARD_STRAIGHT_THROUGH,False
APP204295,DECLINE,POLICY_FAILURE,False
APP204296,DECLINE,POLICY_FAILURE,False
APP204297,DECLINE,POLICY_FAILURE,False
APP204298,DECLINE,POLICY_FAILURE,False
APP204299,AUTO_APPROVE,STANDARD_STRAIGHT_THROUGH,False
APP204300,DECLINE,POLICY_FAILURE,False
APP204301,AUTO_APPROVE,STANDARD_STRAIGHT_THROUGH,False
APP204302,AUTO_APPROVE,STANDARD_STRAIGHT_THROUGH,False
APP204303,AUTO_APPROVE,STANDARD_STRAIGHT_THROUGH,False
APP204304,AUTO_APPROVE,STANDARD_STRAIGHT_THROUGH,False
APP204305,DECLINE,POLICY_FAILURE,False
APP204306,AUTO_APPROVE,STANDARD_STRAIGHT_THROUGH,False
APP204307,DECLINE,POLICY_FAILURE,False
APP204308,DECLINE,POLICY_FAILURE,False
APP204309,AUTO_APPROVE,STANDARD_STRAIGHT_THROUGH,False
APP204310,HUMAN_REVIEW,LOW_DOCUMENT_CONFIDENCE,True
APP204311,AUTO_APPROVE,STANDARD_STRAIGHT_THROUGH,False
APP204312,AUTO_APPROVE,STANDARD_STRAIGHT_THROUGH,False
APP204313,DECLINE,POLICY_FAILURE,False
APP204314,AUTO_APPROVE,STANDARD_STRAIGHT_THROUGH,False
APP204315,AUTO_APPROVE,STANDARD_STRAIGHT_THROUGH,False
APP204316,AUTO_APPROVE,STANDARD_STRAIGHT_THROUGH,False
APP204317,AUTO_APPROVE,STANDARD_STRAIGHT_THROUGH,False
APP204318,AUTO_APPROVE,STANDARD_STRAIGHT_THROUGH,False
APP204319,DECLINE,POLICY_FAILURE,False
APP204320,AUTO_APPROVE,STANDARD_STRAIGHT_THROUGH,False
APP204321,DECLINE,POLICY_FAILURE,False
APP204322,AUTO_APPROVE,STANDARD_STRAIGHT_THROUGH,False
APP204323,AUTO_APPROVE,STANDARD_STRAIGHT_THROUGH,False
APP204324,AUTO_APPROVE,STANDARD_STRAIGHT_THROUGH,False
APP204325,AUTO_APPROVE,STANDARD_STRAIGHT_THROUGH,False
APP204326,AUTO_APPROVE,STANDARD_STRAIGHT_THROUGH,False
APP204327,DECLINE,POLICY_FAILURE,False
APP204328,AUTO_APPROVE,STANDARD_STRAIGHT_THROUGH,False
APP204329,AUTO_APPROVE,STANDARD_STRAIGHT_THROUGH,False
APP204330,HUMAN_REVIEW,LOW_DOCUMENT_CONFIDENCE,True
APP204331,AUTO_APPROVE,STANDARD_STRAIGHT_THROUGH,False
APP204332,AUTO_APPROVE,STANDARD_STRAIGHT_THROUGH,False
APP204333,AUTO_APPROVE,STANDARD_STRAIGHT_THROUGH,False
APP204334,DECLINE,POLICY_FAILURE,False
APP204335,DECLINE,POLICY_FAILURE,False
APP204336,DECLINE,POLICY_FAILURE,False
APP204337,DECLINE,POLICY_FAILURE,False
APP204338,AUTO_APPROVE,STANDARD_STRAIGHT_THROUGH,False
APP204339,AUTO_APPROVE,STANDARD_STRAIGHT_THROUGH,False
APP204340,AUTO_APPROVE,STANDARD_STRAIGHT_THROUGH,False
APP204341,AUTO_APPROVE,STANDARD_STRAIGHT_THROUGH,False
APP204342,AUTO_APPROVE,STANDARD_STRAIGHT_THROUGH,False
APP204343,AUTO_APPROVE,STANDARD_STRAIGHT_THROUGH,False
APP204344,DECLINE,POLICY_FAILURE,False
APP204345,DECLINE,POLICY_FAILURE,False
APP204346,AUTO_APPROVE,STANDARD_STRAIGHT_THROUGH,False
APP204347,DECLINE,POLICY_FAILURE,False
APP204348,AUTO_APPROVE,STANDARD_STRAIGHT_THROUGH,False
APP204349,AUTO_APPROVE,STANDARD_STRAIGHT_THROUGH,False
APP204350,AUTO_APPROVE,STANDARD_STRAIGHT_THROUGH,False
APP204351,DECLINE,POLICY_FAILURE,False
APP204352,AUTO_APPROVE,STANDARD_STRAIGHT_THROUGH,False
APP204353,DECLINE,POLICY_FAILURE,False
APP204354,DECLINE,POLICY_FAILURE,False
APP204355,DECLINE,POLICY_FAILURE,False
APP204356,AUTO_APPROVE,STANDARD_STRAIGHT_THROUGH,False
APP204357,AUTO_APPROVE,STANDARD_STRAIGHT_THROUGH,False
APP204358,DECLINE,POLICY_FAILURE,False
APP204359,AUTO_APPROVE,STANDARD_STRAIGHT_THROUGH,False
APP204360,AUTO_APPROVE,STANDARD_STRAIGHT_THROUGH,False
APP204361,AUTO_APPROVE,STANDARD_STRAIGHT_THROUGH,False
APP204362,DECLINE,POLICY_FAILURE,False
APP204363,AUTO_APPROVE,STANDARD_STRAIGHT_THROUGH,False
APP204364,DECLINE,POLICY_FAILURE,False
APP204365,AUTO_APPROVE,STANDARD_STRAIGHT_THROUGH,False
APP204366,AUTO_APPROVE,STANDARD_STRAIGHT_THROUGH,False
APP204367,AUTO_APPROVE,STANDARD_STRAIGHT_THROUGH,False
APP204368,AUTO_APPROVE,STANDARD_STRAIGHT_THROUGH,False
APP204369,AUTO_APPROVE,STANDARD_STRAIGHT_THROUGH,False
APP204370,AUTO_APPROVE,STANDARD_STRAIGHT_THROUGH,False
APP204371,AUTO_APPROVE,STANDARD_STRAIGHT_THROUGH,False
APP204372,AUTO_APPROVE,STANDARD_STRAIGHT_THROUGH,False
APP204373,AUTO_APPROVE,STANDARD_STRAIGHT_THROUGH,False
APP204374,AUTO_APPROVE,STANDARD_STRAIGHT_THROUGH,False
APP204375,AUTO_APPROVE,STANDARD_STRAIGHT_THROUGH,False
APP204376,AUTO_APPROVE,STANDARD_STRAIGHT_THROUGH,False
APP204377,DECLINE,POLICY_FAILURE,False
APP204378,DECLINE,POLICY_FAILURE,False
APP204379,DECLINE,POLICY_FAILURE,False
APP204380,DECLINE,POLICY_FAILURE,False
APP204381,AUTO_APPROVE,STANDARD_STRAIGHT_THROUGH,False
APP204382,AUTO_APPROVE,STANDARD_STRAIGHT_THROUGH,False
APP204383,DECLINE,POLICY_FAILURE,False
APP204384,AUTO_APPROVE,STANDARD_STRAIGHT_THROUGH,False
APP204385,AUTO_APPROVE,STANDARD_STRAIGHT_THROUGH,False
APP204386,DECLINE,POLICY_FAILURE,False
APP204387,AUTO_APPROVE,STANDARD_STRAIGHT_THROUGH,False
APP204388,AUTO_APPROVE,STANDARD_STRAIGHT_THROUGH,False
APP204389,AUTO_APPROVE,STANDARD_STRAIGHT_THROUGH,False
APP204390,DECLINE,POLICY_FAILURE,False
APP204391,AUTO_APPROVE,STANDARD_STRAIGHT_THROUGH,False
APP204392,DECLINE,POLICY_FAILURE,False
APP204393,DECLINE,POLICY_FAILURE,False
APP204394,DECLINE,POLICY_FAILURE,False
APP204395,DECLINE,POLICY_FAILURE,False
APP204396,DECLINE,POLICY_FAILURE,False
APP204397,DECLINE,POLICY_FAILURE,False
APP204398,AUTO_APPROVE,STANDARD_STRAIGHT_THROUGH,False
APP204399,AUTO_APPROVE,STANDARD_STRAIGHT_THROUGH,False
APP204400,AUTO_APPROVE,STANDARD_STRAIGHT_THROUGH,False
APP204401,AUTO_APPROVE,STANDARD_STRAIGHT_THROUGH,False
APP204402,AUTO_APPROVE,STANDARD_STRAIGHT_THROUGH,False
APP204403,AUTO_APPROVE,STANDARD_STRAIGHT_THROUGH,False
APP204404,AUTO_APPROVE,STANDARD_STRAIGHT_THROUGH,False
APP204405,DECLINE,POLICY_FAILURE,False
APP204406,AUTO_APPROVE,STANDARD_STRAIGHT_THROUGH,False
APP204407,AUTO_APPROVE,STANDARD_STRAIGHT_THROUGH,False
APP204408,DECLINE,POLICY_FAILURE,False
APP204409,DECLINE,POLICY_FAILURE,False
APP204410,DECLINE,POLICY_FAILURE,False
APP204411,AUTO_APPROVE,STANDARD_STRAIGHT_THROUGH,False
APP204412,AUTO_APPROVE,STANDARD_STRAIGHT_THROUGH,False
APP204413,DECLINE,POLICY_FAILURE,False
APP204414,AUTO_APPROVE,STANDARD_STRAIGHT_THROUGH,False
APP204415,AUTO_APPROVE,STANDARD_STRAIGHT_THROUGH,False
APP204416,AUTO_APPROVE,STANDARD_STRAIGHT_THROUGH,False
APP204417,DECLINE,POLICY_FAILURE,False
APP204418,DECLINE,POLICY_FAILURE,False
APP204419,AUTO_APPROVE,STANDARD_STRAIGHT_THROUGH,False
APP204420,AUTO_APPROVE,STANDARD_STRAIGHT_THROUGH,False
APP204421,DECLINE,POLICY_FAILURE,False
APP204422,AUTO_APPROVE,STANDARD_STRAIGHT_THROUGH,False
APP204423,DECLINE,POLICY_FAILURE,False
APP204424,DECLINE,POLICY_FAILURE,False
APP204425,DECLINE,POLICY_FAILURE,False
APP204426,AUTO_APPROVE,STANDARD_STRAIGHT_THROUGH,False
APP204427,AUTO_APPROVE,STANDARD_STRAIGHT_THROUGH,False
APP204428,AUTO_APPROVE,STANDARD_STRAIGHT_THROUGH,False
APP204429,DECLINE,POLICY_FAILURE,False
APP204430,DECLINE,POLICY_FAILURE,False
APP204431,AUTO_APPROVE,STANDARD_STRAIGHT_THROUGH,False
APP204432,AUTO_APPROVE,STANDARD_STRAIGHT_THROUGH,False
APP204433,AUTO_APPROVE,STANDARD_STRAIGHT_THROUGH,False
APP204434,DECLINE,POLICY_FAILURE,False
APP204435,AUTO_APPROVE,STANDARD_STRAIGHT_THROUGH,False
APP204436,AUTO_APPROVE,STANDARD_STRAIGHT_THROUGH,False
APP204437,AUTO_APPROVE,STANDARD_STRAIGHT_THROUGH,False
APP204438,DECLINE,POLICY_FAILURE,False
APP204439,DECLINE,POLICY_FAILURE,False
APP204440,AUTO_APPROVE,STANDARD_STRAIGHT_THROUGH,False
APP204441,AUTO_APPROVE,STANDARD_STRAIGHT_THROUGH,False
APP204442,HUMAN_REVIEW,LOW_DOCUMENT_CONFIDENCE,True
APP204443,AUTO_APPROVE,STANDARD_STRAIGHT_THROUGH,False
APP204444,AUTO_APPROVE,STANDARD_STRAIGHT_THROUGH,False
APP204445,AUTO_APPROVE,STANDARD_STRAIGHT_THROUGH,False
APP204446,AUTO_APPROVE,STANDARD_STRAIGHT_THROUGH,False
APP204447,DECLINE,POLICY_FAILURE,False
APP204448,AUTO_APPROVE,STANDARD_STRAIGHT_THROUGH,False
APP204449,DECLINE,POLICY_FAILURE,False
APP204450,AUTO_APPROVE,STANDARD_STRAIGHT_THROUGH,False
APP204451,AUTO_APPROVE,STANDARD_STRAIGHT_THROUGH,False
APP204452,DECLINE,POLICY_FAILURE,False
APP204453,AUTO_APPROVE,STANDARD_STRAIGHT_THROUGH,False
APP204454,AUTO_APPROVE,STANDARD_STRAIGHT_THROUGH,False
APP204455,AUTO_APPROVE,STANDARD_STRAIGHT_THROUGH,False
APP204456,DECLINE,POLICY_FAILURE,False
APP204457,AUTO_APPROVE,STANDARD_STRAIGHT_THROUGH,False
APP204458,DECLINE,POLICY_FAILURE,False
APP204459,AUTO_APPROVE,STANDARD_STRAIGHT_THROUGH,False
APP204460,AUTO_APPROVE,STANDARD_STRAIGHT_THROUGH,False
APP204461,AUTO_APPROVE,STANDARD_STRAIGHT_THROUGH,False
APP204462,AUTO_APPROVE,STANDARD_STRAIGHT_THROUGH,False
APP204463,AUTO_APPROVE,STANDARD_STRAIGHT_THROUGH,False
APP204464,AUTO_APPROVE,STANDARD_STRAIGHT_THROUGH,False
APP204465,DECLINE,POLICY_FAILURE,False
APP204466,DECLINE,POLICY_FAILURE,False
APP204467,DECLINE,POLICY_FAILURE,False
APP204468,DECLINE,POLICY_FAILURE,False
APP204469,AUTO_APPROVE,STANDARD_STRAIGHT_THROUGH,False
APP204470,DECLINE,POLICY_FAILURE,False
APP204471,AUTO_APPROVE,STANDARD_STRAIGHT_THROUGH,False
APP204472,DECLINE,POLICY_FAILURE,False
APP204473,DECLINE,POLICY_FAILURE,False
APP204474,AUTO_APPROVE,STANDARD_STRAIGHT_THROUGH,False
APP204475,AUTO_APPROVE,STANDARD_STRAIGHT_THROUGH,False
APP204476,AUTO_APPROVE,STANDARD_STRAIGHT_THROUGH,False
APP204477,DECLINE,POLICY_FAILURE,False
APP204478,DECLINE,POLICY_FAILURE,False
APP204479,AUTO_APPROVE,STANDARD_STRAIGHT_THROUGH,False
APP204480,DECLINE,POLICY_FAILURE,False
APP204481,AUTO_APPROVE,STANDARD_STRAIGHT_THROUGH,False
APP204482,AUTO_APPROVE,STANDARD_STRAIGHT_THROUGH,False
APP204483,AUTO_APPROVE,STANDARD_STRAIGHT_THROUGH,False
APP204484,AUTO_APPROVE,STANDARD_STRAIGHT_THROUGH,False
APP204485,AUTO_APPROVE,STANDARD_STRAIGHT_THROUGH,False
APP204486,AUTO_APPROVE,STANDARD_STRAIGHT_THROUGH,False
APP204487,DECLINE,POLICY_FAILURE,False
APP204488,AUTO_APPROVE,STANDARD_STRAIGHT_THROUGH,False
APP204489,DECLINE,POLICY_FAILURE,False
APP204490,DECLINE,POLICY_FAILURE,False
APP204491,AUTO_APPROVE,STANDARD_STRAIGHT_THROUGH,False
APP204492,DECLINE,POLICY_FAILURE,False
APP204493,AUTO_APPROVE,STANDARD_STRAIGHT_THROUGH,False
APP204494,AUTO_APPROVE,STANDARD_STRAIGHT_THROUGH,False
APP204495,AUTO_APPROVE,STANDARD_STRAIGHT_THROUGH,False
APP204496,AUTO_APPROVE,STANDARD_STRAIGHT_THROUGH,False
APP204497,DECLINE,POLICY_FAILURE,False
APP204498,DECLINE,POLICY_FAILURE,False
APP204499,AUTO_APPROVE,STANDARD_STRAIGHT_THROUGH,False
APP204500,AUTO_APPROVE,STANDARD_STRAIGHT_THROUGH,False
APP204501,DECLINE,POLICY_FAILURE,False
APP204502,DECLINE,POLICY_FAILURE,False
APP204503,DECLINE,POLICY_FAILURE,False
APP204504,AUTO_APPROVE,STANDARD_STRAIGHT_THROUGH,False
APP204505,DECLINE,POLICY_FAILURE,False
APP204506,AUTO_APPROVE,STANDARD_STRAIGHT_THROUGH,False
APP204507,AUTO_APPROVE,STANDARD_STRAIGHT_THROUGH,False
APP204508,AUTO_APPROVE,STANDARD_STRAIGHT_THROUGH,False
APP204509,DECLINE,POLICY_FAILURE,False
APP204510,DECLINE,POLICY_FAILURE,False
APP204511,AUTO_APPROVE,STANDARD_STRAIGHT_THROUGH,False
APP204512,AUTO_APPROVE,STANDARD_STRAIGHT_THROUGH,False
APP204513,DECLINE,POLICY_FAILURE,False
APP204514,AUTO_APPROVE,STANDARD_STRAIGHT_THROUGH,False
APP204515,AUTO_APPROVE,STANDARD_STRAIGHT_THROUGH,False
APP204516,AUTO_APPROVE,STANDARD_STRAIGHT_THROUGH,False
APP204517,DECLINE,POLICY_FAILURE,False
APP204518,AUTO_APPROVE,STANDARD_STRAIGHT_THROUGH,False
APP204519,AUTO_APPROVE,STANDARD_STRAIGHT_THROUGH,False
APP204520,AUTO_APPROVE,STANDARD_STRAIGHT_THROUGH,False
APP204521,AUTO_APPROVE,STANDARD_STRAIGHT_THROUGH,False
APP204522,DECLINE,POLICY_FAILURE,False
APP204523,DECLINE,POLICY_FAILURE,False
APP204524,DECLINE,POLICY_FAILURE,False
APP204525,DECLINE,POLICY_FAILURE,False
APP204526,DECLINE,POLICY_FAILURE,False
APP204527,AUTO_APPROVE,STANDARD_STRAIGHT_THROUGH,False
APP204528,AUTO_APPROVE,STANDARD_STRAIGHT_THROUGH,False
APP204529,DECLINE,POLICY_FAILURE,False
APP204530,AUTO_APPROVE,STANDARD_STRAIGHT_THROUGH,False
APP204531,AUTO_APPROVE,STANDARD_STRAIGHT_THROUGH,False
APP204532,DECLINE,POLICY_FAILURE,False
APP204533,DECLINE,POLICY_FAILURE,False
APP204534,DECLINE,POLICY_FAILURE,False
APP204535,AUTO_APPROVE,STANDARD_STRAIGHT_THROUGH,False
APP204536,AUTO_APPROVE,STANDARD_STRAIGHT_THROUGH,False
APP204537,AUTO_APPROVE,STANDARD_STRAIGHT_THROUGH,False
APP204538,DECLINE,POLICY_FAILURE,False
APP204539,AUTO_APPROVE,STANDARD_STRAIGHT_THROUGH,False
APP204540,AUTO_APPROVE,STANDARD_STRAIGHT_THROUGH,False
APP204541,AUTO_APPROVE,STANDARD_STRAIGHT_THROUGH,False
APP204542,AUTO_APPROVE,STANDARD_STRAIGHT_THROUGH,False
APP204543,AUTO_APPROVE,STANDARD_STRAIGHT_THROUGH,False
APP204544,AUTO_APPROVE,STANDARD_STRAIGHT_THROUGH,False
APP204545,DECLINE,POLICY_FAILURE,False
APP204546,AUTO_APPROVE,STANDARD_STRAIGHT_THROUGH,False
APP204547,AUTO_APPROVE,STANDARD_STRAIGHT_THROUGH,False
APP204548,AUTO_APPROVE,STANDARD_STRAIGHT_THROUGH,False
APP204549,AUTO_APPROVE,STANDARD_STRAIGHT_THROUGH,False
APP204550,AUTO_APPROVE,STANDARD_STRAIGHT_THROUGH,False
APP204551,AUTO_APPROVE,STANDARD_STRAIGHT_THROUGH,False
APP204552,AUTO_APPROVE,STANDARD_STRAIGHT_THROUGH,False
APP204553,AUTO_APPROVE,STANDARD_STRAIGHT_THROUGH,False
APP204554,DECLINE,POLICY_FAILURE,False
APP204555,DECLINE,POLICY_FAILURE,False
APP204556,HUMAN_REVIEW,LOW_DOCUMENT_CONFIDENCE,True
APP204557,AUTO_APPROVE,STANDARD_STRAIGHT_THROUGH,False
APP204558,AUTO_APPROVE,STANDARD_STRAIGHT_THROUGH,False
APP204559,DECLINE,POLICY_FAILURE,False
APP204560,DECLINE,POLICY_FAILURE,False
APP204561,DECLINE,POLICY_FAILURE,False
APP204562,AUTO_APPROVE,STANDARD_STRAIGHT_THROUGH,False
APP204563,AUTO_APPROVE,STANDARD_STRAIGHT_THROUGH,False
APP204564,DECLINE,POLICY_FAILURE,False
APP204565,DECLINE,POLICY_FAILURE,False
APP204566,AUTO_APPROVE,STANDARD_STRAIGHT_THROUGH,False
APP204567,AUTO_APPROVE,STANDARD_STRAIGHT_THROUGH,False
APP204568,AUTO_APPROVE,STANDARD_STRAIGHT_THROUGH,False
APP204569,DECLINE,POLICY_FAILURE,False
APP204570,AUTO_APPROVE,STANDARD_STRAIGHT_THROUGH,False
APP204571,HUMAN_REVIEW,LOW_DOCUMENT_CONFIDENCE,True
APP204572,DECLINE,POLICY_FAILURE,False
APP204573,AUTO_APPROVE,STANDARD_STRAIGHT_THROUGH,False
APP204574,DECLINE,POLICY_FAILURE,False
APP204575,AUTO_APPROVE,STANDARD_STRAIGHT_THROUGH,False
APP204576,DECLINE,POLICY_FAILURE,False
APP204577,DECLINE,POLICY_FAILURE,False
APP204578,DECLINE,POLICY_FAILURE,False
APP204579,AUTO_APPROVE,STANDARD_STRAIGHT_THROUGH,False
APP204580,AUTO_APPROVE,STANDARD_STRAIGHT_THROUGH,False
APP204581,DECLINE,POLICY_FAILURE,False
APP204582,HUMAN_REVIEW,LOW_DOCUMENT_CONFIDENCE,True
APP204583,AUTO_APPROVE,STANDARD_STRAIGHT_THROUGH,False
APP204584,DECLINE,POLICY_FAILURE,False
APP204585,DECLINE,POLICY_FAILURE,False
APP204586,DECLINE,POLICY_FAILURE,False
APP204587,AUTO_APPROVE,STANDARD_STRAIGHT_THROUGH,False
APP204588,AUTO_APPROVE,STANDARD_STRAIGHT_THROUGH,False
APP204589,AUTO_APPROVE,STANDARD_STRAIGHT_THROUGH,False
APP204590,AUTO_APPROVE,STANDARD_STRAIGHT_THROUGH,False
APP204591,AUTO_APPROVE,STANDARD_STRAIGHT_THROUGH,False
APP204592,AUTO_APPROVE,STANDARD_STRAIGHT_THROUGH,False
APP204593,DECLINE,POLICY_FAILURE,False
APP204594,AUTO_APPROVE,STANDARD_STRAIGHT_THROUGH,False
APP204595,DECLINE,POLICY_FAILURE,False
APP204596,AUTO_APPROVE,STANDARD_STRAIGHT_THROUGH,False
APP204597,AUTO_APPROVE,STANDARD_STRAIGHT_THROUGH,False
APP204598,AUTO_APPROVE,STANDARD_STRAIGHT_THROUGH,False
APP204599,AUTO_APPROVE,STANDARD_STRAIGHT_THROUGH,False
APP204600,DECLINE,POLICY_FAILURE,False
APP204601,AUTO_APPROVE,STANDARD_STRAIGHT_THROUGH,False
APP204602,DECLINE,POLICY_FAILURE,False
APP204603,AUTO_APPROVE,STANDARD_STRAIGHT_THROUGH,False
APP204604,AUTO_APPROVE,STANDARD_STRAIGHT_THROUGH,False
APP204605,AUTO_APPROVE,STANDARD_STRAIGHT_THROUGH,False
APP204606,AUTO_APPROVE,STANDARD_STRAIGHT_THROUGH,False
APP204607,AUTO_APPROVE,STANDARD_STRAIGHT_THROUGH,False
APP204608,AUTO_APPROVE,STANDARD_STRAIGHT_THROUGH,False
APP204609,AUTO_APPROVE,STANDARD_STRAIGHT_THROUGH,False
APP204610,AUTO_APPROVE,STANDARD_STRAIGHT_THROUGH,False
APP204611,AUTO_APPROVE,STANDARD_STRAIGHT_THROUGH,False
APP204612,AUTO_APPROVE,STANDARD_STRAIGHT_THROUGH,False
APP204613,DECLINE,POLICY_FAILURE,False
APP204614,DECLINE,POLICY_FAILURE,False
APP204615,AUTO_APPROVE,STANDARD_STRAIGHT_THROUGH,False
APP204616,AUTO_APPROVE,STANDARD_STRAIGHT_THROUGH,False
APP204617,AUTO_APPROVE,STANDARD_STRAIGHT_THROUGH,False
APP204618,AUTO_APPROVE,STANDARD_STRAIGHT_THROUGH,False
APP204619,AUTO_APPROVE,STANDARD_STRAIGHT_THROUGH,False
APP204620,DECLINE,POLICY_FAILURE,False
APP204621,AUTO_APPROVE,STANDARD_STRAIGHT_THROUGH,False
APP204622,AUTO_APPROVE,STANDARD_STRAIGHT_THROUGH,False
APP204623,DECLINE,POLICY_FAILURE,False
APP204624,AUTO_APPROVE,STANDARD_STRAIGHT_THROUGH,False
APP204625,AUTO_APPROVE,STANDARD_STRAIGHT_THROUGH,False
APP204626,AUTO_APPROVE,STANDARD_STRAIGHT_THROUGH,False
APP204627,AUTO_APPROVE,STANDARD_STRAIGHT_THROUGH,False
APP204628,AUTO_APPROVE,STANDARD_STRAIGHT_THROUGH,False
APP204629,DECLINE,POLICY_FAILURE,False
APP204630,AUTO_APPROVE,STANDARD_STRAIGHT_THROUGH,False
APP204631,AUTO_APPROVE,STANDARD_STRAIGHT_THROUGH,False
APP204632,DECLINE,POLICY_FAILURE,False
APP204633,DECLINE,POLICY_FAILURE,False
APP204634,AUTO_APPROVE,STANDARD_STRAIGHT_THROUGH,False
APP204635,AUTO_APPROVE,STANDARD_STRAIGHT_THROUGH,False
APP204636,AUTO_APPROVE,STANDARD_STRAIGHT_THROUGH,False
APP204637,AUTO_APPROVE,STANDARD_STRAIGHT_THROUGH,False
APP204638,AUTO_APPROVE,STANDARD_STRAIGHT_THROUGH,False
APP204639,DECLINE,POLICY_FAILURE,False
APP204640,DECLINE,POLICY_FAILURE,False
APP204641,DECLINE,POLICY_FAILURE,False
APP204642,DECLINE,POLICY_FAILURE,False
APP204643,DECLINE,POLICY_FAILURE,False
APP204644,DECLINE,POLICY_FAILURE,False
APP204645,AUTO_APPROVE,STANDARD_STRAIGHT_THROUGH,False
APP204646,AUTO_APPROVE,STANDARD_STRAIGHT_THROUGH,False
APP204647,DECLINE,POLICY_FAILURE,False
APP204648,AUTO_APPROVE,STANDARD_STRAIGHT_THROUGH,False
APP204649,AUTO_APPROVE,STANDARD_STRAIGHT_THROUGH,False
APP204650,AUTO_APPROVE,STANDARD_STRAIGHT_THROUGH,False
APP204651,DECLINE,POLICY_FAILURE,False
APP204652,AUTO_APPROVE,STANDARD_STRAIGHT_THROUGH,False
APP204653,DECLINE,POLICY_FAILURE,False
APP204654,AUTO_APPROVE,STANDARD_STRAIGHT_THROUGH,False
APP204655,DECLINE,POLICY_FAILURE,False
APP204656,DECLINE,POLICY_FAILURE,False
APP204657,HUMAN_REVIEW,MEDIUM_FRAUD_RISK,True
APP204658,AUTO_APPROVE,STANDARD_STRAIGHT_THROUGH,False
APP204659,DECLINE,POLICY_FAILURE,False
APP204660,AUTO_APPROVE,STANDARD_STRAIGHT_THROUGH,False
APP204661,AUTO_APPROVE,STANDARD_STRAIGHT_THROUGH,False
APP204662,AUTO_APPROVE,STANDARD_STRAIGHT_THROUGH,False
APP204663,AUTO_APPROVE,STANDARD_STRAIGHT_THROUGH,False
APP204664,DECLINE,POLICY_FAILURE,False
APP204665,AUTO_APPROVE,STANDARD_STRAIGHT_THROUGH,False
APP204666,AUTO_APPROVE,STANDARD_STRAIGHT_THROUGH,False
APP204667,AUTO_APPROVE,STANDARD_STRAIGHT_THROUGH,False
APP204668,DECLINE,POLICY_FAILURE,False
APP204669,AUTO_APPROVE,STANDARD_STRAIGHT_THROUGH,False
APP204670,AUTO_APPROVE,STANDARD_STRAIGHT_THROUGH,False
APP204671,AUTO_APPROVE,STANDARD_STRAIGHT_THROUGH,False
APP204672,DECLINE,POLICY_FAILURE,False
APP204673,DECLINE,POLICY_FAILURE,False
APP204674,AUTO_APPROVE,STANDARD_STRAIGHT_THROUGH,False
APP204675,AUTO_APPROVE,STANDARD_STRAIGHT_THROUGH,False
APP204676,AUTO_APPROVE,STANDARD_STRAIGHT_THROUGH,False
APP204677,DECLINE,POLICY_FAILURE,False
APP204678,AUTO_APPROVE,STANDARD_STRAIGHT_THROUGH,False
APP204679,AUTO_APPROVE,STANDARD_STRAIGHT_THROUGH,False
APP204680,AUTO_APPROVE,STANDARD_STRAIGHT_THROUGH,False
APP204681,AUTO_APPROVE,STANDARD_STRAIGHT_THROUGH,False
APP204682,AUTO_APPROVE,STANDARD_STRAIGHT_THROUGH,False
APP204683,AUTO_APPROVE,STANDARD_STRAIGHT_THROUGH,False
APP204684,AUTO_APPROVE,STANDARD_STRAIGHT_THROUGH,False
APP204685,AUTO_APPROVE,STANDARD_STRAIGHT_THROUGH,False
APP204686,DECLINE,POLICY_FAILURE,False
APP204687,AUTO_APPROVE,STANDARD_STRAIGHT_THROUGH,False
APP204688,DECLINE,POLICY_FAILURE,False
APP204689,AUTO_APPROVE,STANDARD_STRAIGHT_THROUGH,False
APP204690,AUTO_APPROVE,STANDARD_STRAIGHT_THROUGH,False
APP204691,DECLINE,POLICY_FAILURE,False
APP204692,AUTO_APPROVE,STANDARD_STRAIGHT_THROUGH,False
APP204693,AUTO_APPROVE,STANDARD_STRAIGHT_THROUGH,False
APP204694,DECLINE,POLICY_FAILURE,False
APP204695,AUTO_APPROVE,STANDARD_STRAIGHT_THROUGH,False
APP204696,DECLINE,POLICY_FAILURE,False
APP204697,AUTO_APPROVE,STANDARD_STRAIGHT_THROUGH,False
APP204698,DECLINE,POLICY_FAILURE,False
APP204699,DECLINE,POLICY_FAILURE,False
APP204700,AUTO_APPROVE,STANDARD_STRAIGHT_THROUGH,False
APP204701,DECLINE,POLICY_FAILURE,False
APP204702,DECLINE,POLICY_FAILURE,False
APP204703,DECLINE,POLICY_FAILURE,False
APP204704,DECLINE,POLICY_FAILURE,False
APP204705,DECLINE,POLICY_FAILURE,False
APP204706,AUTO_APPROVE,STANDARD_STRAIGHT_THROUGH,False
APP204707,AUTO_APPROVE,STANDARD_STRAIGHT_THROUGH,False
APP204708,AUTO_APPROVE,STANDARD_STRAIGHT_THROUGH,False
APP204709,HUMAN_REVIEW,LOW_DOCUMENT_CONFIDENCE,True
APP204710,AUTO_APPROVE,STANDARD_STRAIGHT_THROUGH,False
APP204711,DECLINE,POLICY_FAILURE,False
APP204712,AUTO_APPROVE,STANDARD_STRAIGHT_THROUGH,False
APP204713,DECLINE,POLICY_FAILURE,False
APP204714,DECLINE,POLICY_FAILURE,False
APP204715,AUTO_APPROVE,STANDARD_STRAIGHT_THROUGH,False
APP204716,AUTO_APPROVE,STANDARD_STRAIGHT_THROUGH,False
APP204717,DECLINE,POLICY_FAILURE,False
APP204718,AUTO_APPROVE,STANDARD_STRAIGHT_THROUGH,False
APP204719,AUTO_APPROVE,STANDARD_STRAIGHT_THROUGH,False
APP204720,DECLINE,POLICY_FAILURE,False
APP204721,AUTO_APPROVE,STANDARD_STRAIGHT_THROUGH,False
APP204722,AUTO_APPROVE,STANDARD_STRAIGHT_THROUGH,False
APP204723,AUTO_APPROVE,STANDARD_STRAIGHT_THROUGH,False
APP204724,DECLINE,POLICY_FAILURE,False
APP204725,AUTO_APPROVE,STANDARD_STRAIGHT_THROUGH,False
APP204726,DECLINE,POLICY_FAILURE,False
APP204727,DECLINE,POLICY_FAILURE,False
APP204728,DECLINE,POLICY_FAILURE,False
APP204729,DECLINE,POLICY_FAILURE,False
APP204730,AUTO_APPROVE,STANDARD_STRAIGHT_THROUGH,False
APP204731,AUTO_APPROVE,STANDARD_STRAIGHT_THROUGH,False
APP204732,DECLINE,POLICY_FAILURE,False
APP204733,AUTO_APPROVE,STANDARD_STRAIGHT_THROUGH,False
APP204734,AUTO_APPROVE,STANDARD_STRAIGHT_THROUGH,False
APP204735,DECLINE,POLICY_FAILURE,False
APP204736,AUTO_APPROVE,STANDARD_STRAIGHT_THROUGH,False
APP204737,DECLINE,POLICY_FAILURE,False
APP204738,AUTO_APPROVE,STANDARD_STRAIGHT_THROUGH,False
APP204739,DECLINE,POLICY_FAILURE,False
APP204740,AUTO_APPROVE,STANDARD_STRAIGHT_THROUGH,False
APP204741,HUMAN_REVIEW,LOW_DOCUMENT_CONFIDENCE,True
APP204742,DECLINE,POLICY_FAILURE,False
APP204743,DECLINE,POLICY_FAILURE,False
APP204744,AUTO_APPROVE,STANDARD_STRAIGHT_THROUGH,False
APP204745,DECLINE,POLICY_FAILURE,False
APP204746,AUTO_APPROVE,STANDARD_STRAIGHT_THROUGH,False
APP204747,DECLINE,POLICY_FAILURE,False
APP204748,DECLINE,POLICY_FAILURE,False
APP204749,AUTO_APPROVE,STANDARD_STRAIGHT_THROUGH,False
APP204750,DECLINE,POLICY_FAILURE,False
APP204751,DECLINE,POLICY_FAILURE,False
APP204752,AUTO_APPROVE,STANDARD_STRAIGHT_THROUGH,False
APP204753,AUTO_APPROVE,STANDARD_STRAIGHT_THROUGH,False
APP204754,AUTO_APPROVE,STANDARD_STRAIGHT_THROUGH,False
APP204755,DECLINE,POLICY_FAILURE,False
APP204756,AUTO_APPROVE,STANDARD_STRAIGHT_THROUGH,False
APP204757,AUTO_APPROVE,STANDARD_STRAIGHT_THROUGH,False
APP204758,AUTO_APPROVE,STANDARD_STRAIGHT_THROUGH,False
APP204759,DECLINE,POLICY_FAILURE,False
APP204760,AUTO_APPROVE,STANDARD_STRAIGHT_THROUGH,False
APP204761,DECLINE,POLICY_FAILURE,False
APP204762,AUTO_APPROVE,STANDARD_STRAIGHT_THROUGH,False
APP204763,DECLINE,POLICY_FAILURE,False
APP204764,DECLINE,POLICY_FAILURE,False
APP204765,AUTO_APPROVE,STANDARD_STRAIGHT_THROUGH,False
APP204766,AUTO_APPROVE,STANDARD_STRAIGHT_THROUGH,False
APP204767,DECLINE,POLICY_FAILURE,False
APP204768,DECLINE,POLICY_FAILURE,False
APP204769,DECLINE,POLICY_FAILURE,False
APP204770,DECLINE,POLICY_FAILURE,False
APP204771,DECLINE,POLICY_FAILURE,False
APP204772,AUTO_APPROVE,STANDARD_STRAIGHT_THROUGH,False
APP204773,AUTO_APPROVE,STANDARD_STRAIGHT_THROUGH,False
APP204774,AUTO_APPROVE,STANDARD_STRAIGHT_THROUGH,False
APP204775,AUTO_APPROVE,STANDARD_STRAIGHT_THROUGH,False
APP204776,AUTO_APPROVE,STANDARD_STRAIGHT_THROUGH,False
APP204777,DECLINE,POLICY_FAILURE,False
APP204778,AUTO_APPROVE,STANDARD_STRAIGHT_THROUGH,False
APP204779,DECLINE,POLICY_FAILURE,False
APP204780,AUTO_APPROVE,STANDARD_STRAIGHT_THROUGH,False
APP204781,AUTO_APPROVE,STANDARD_STRAIGHT_THROUGH,False
APP204782,AUTO_APPROVE,STANDARD_STRAIGHT_THROUGH,False
APP204783,AUTO_APPROVE,STANDARD_STRAIGHT_THROUGH,False
APP204784,DECLINE,POLICY_FAILURE,False
APP204785,AUTO_APPROVE,STANDARD_STRAIGHT_THROUGH,False
APP204786,AUTO_APPROVE,STANDARD_STRAIGHT_THROUGH,False
APP204787,AUTO_APPROVE,STANDARD_STRAIGHT_THROUGH,False
APP204788,DECLINE,POLICY_FAILURE,False
APP204789,AUTO_APPROVE,STANDARD_STRAIGHT_THROUGH,False
APP204790,AUTO_APPROVE,STANDARD_STRAIGHT_THROUGH,False
APP204791,AUTO_APPROVE,STANDARD_STRAIGHT_THROUGH,False
APP204792,AUTO_APPROVE,STANDARD_STRAIGHT_THROUGH,False
APP204793,HUMAN_REVIEW,LOW_DOCUMENT_CONFIDENCE,True
APP204794,AUTO_APPROVE,STANDARD_STRAIGHT_THROUGH,False
APP204795,AUTO_APPROVE,STANDARD_STRAIGHT_THROUGH,False
APP204796,AUTO_APPROVE,STANDARD_STRAIGHT_THROUGH,False
APP204797,AUTO_APPROVE,STANDARD_STRAIGHT_THROUGH,False
APP204798,AUTO_APPROVE,STANDARD_STRAIGHT_THROUGH,False
APP204799,HUMAN_REVIEW,LOW_DOCUMENT_CONFIDENCE,True
APP204800,AUTO_APPROVE,STANDARD_STRAIGHT_THROUGH,False
APP204801,DECLINE,POLICY_FAILURE,False
APP204802,DECLINE,POLICY_FAILURE,False
APP204803,AUTO_APPROVE,STANDARD_STRAIGHT_THROUGH,False
APP204804,AUTO_APPROVE,STANDARD_STRAIGHT_THROUGH,False
APP204805,DECLINE,POLICY_FAILURE,False
APP204806,AUTO_APPROVE,STANDARD_STRAIGHT_THROUGH,False
APP204807,DECLINE,POLICY_FAILURE,False
APP204808,AUTO_APPROVE,STANDARD_STRAIGHT_THROUGH,False
APP204809,DECLINE,POLICY_FAILURE,False
APP204810,AUTO_APPROVE,STANDARD_STRAIGHT_THROUGH,False
APP204811,AUTO_APPROVE,STANDARD_STRAIGHT_THROUGH,False
APP204812,DECLINE,POLICY_FAILURE,False
APP204813,AUTO_APPROVE,STANDARD_STRAIGHT_THROUGH,False
APP204814,AUTO_APPROVE,STANDARD_STRAIGHT_THROUGH,False
APP204815,AUTO_APPROVE,STANDARD_STRAIGHT_THROUGH,False
APP204816,AUTO_APPROVE,STANDARD_STRAIGHT_THROUGH,False
APP204817,AUTO_APPROVE,STANDARD_STRAIGHT_THROUGH,False
APP204818,DECLINE,POLICY_FAILURE,False
APP204819,AUTO_APPROVE,STANDARD_STRAIGHT_THROUGH,False
APP204820,AUTO_APPROVE,STANDARD_STRAIGHT_THROUGH,False
APP204821,DECLINE,POLICY_FAILURE,False
APP204822,AUTO_APPROVE,STANDARD_STRAIGHT_THROUGH,False
APP204823,AUTO_APPROVE,STANDARD_STRAIGHT_THROUGH,False
APP204824,AUTO_APPROVE,STANDARD_STRAIGHT_THROUGH,False
APP204825,DECLINE,POLICY_FAILURE,False
APP204826,AUTO_APPROVE,STANDARD_STRAIGHT_THROUGH,False
APP204827,AUTO_APPROVE,STANDARD_STRAIGHT_THROUGH,False
APP204828,AUTO_APPROVE,STANDARD_STRAIGHT_THROUGH,False
APP204829,DECLINE,POLICY_FAILURE,False
APP204830,AUTO_APPROVE,STANDARD_STRAIGHT_THROUGH,False
APP204831,DECLINE,POLICY_FAILURE,False
APP204832,AUTO_APPROVE,STANDARD_STRAIGHT_THROUGH,False
APP204833,AUTO_APPROVE,STANDARD_STRAIGHT_THROUGH,False
APP204834,AUTO_APPROVE,STANDARD_STRAIGHT_THROUGH,False
APP204835,AUTO_APPROVE,STANDARD_STRAIGHT_THROUGH,False
APP204836,DECLINE,POLICY_FAILURE,False
APP204837,AUTO_APPROVE,STANDARD_STRAIGHT_THROUGH,False
APP204838,AUTO_APPROVE,STANDARD_STRAIGHT_THROUGH,False
APP204839,AUTO_APPROVE,STANDARD_STRAIGHT_THROUGH,False
APP204840,AUTO_APPROVE,STANDARD_STRAIGHT_THROUGH,False
APP204841,DECLINE,POLICY_FAILURE,False
APP204842,DECLINE,POLICY_FAILURE,False
APP204843,AUTO_APPROVE,STANDARD_STRAIGHT_THROUGH,False
APP204844,AUTO_APPROVE,STANDARD_STRAIGHT_THROUGH,False
APP204845,DECLINE,POLICY_FAILURE,False
APP204846,DECLINE,POLICY_FAILURE,False
APP204847,DECLINE,POLICY_FAILURE,False
APP204848,AUTO_APPROVE,STANDARD_STRAIGHT_THROUGH,False
APP204849,AUTO_APPROVE,STANDARD_STRAIGHT_THROUGH,False
APP204850,AUTO_APPROVE,STANDARD_STRAIGHT_THROUGH,False
APP204851,DECLINE,POLICY_FAILURE,False
APP204852,DECLINE,POLICY_FAILURE,False
APP204853,DECLINE,POLICY_FAILURE,False
APP204854,AUTO_APPROVE,STANDARD_STRAIGHT_THROUGH,False
APP204855,AUTO_APPROVE,STANDARD_STRAIGHT_THROUGH,False
APP204856,DECLINE,POLICY_FAILURE,False
APP204857,AUTO_APPROVE,STANDARD_STRAIGHT_THROUGH,False
APP204858,DECLINE,POLICY_FAILURE,False
APP204859,AUTO_APPROVE,STANDARD_STRAIGHT_THROUGH,False
APP204860,AUTO_APPROVE,STANDARD_STRAIGHT_THROUGH,False
APP204861,DECLINE,POLICY_FAILURE,False
APP204862,DECLINE,POLICY_FAILURE,False
APP204863,AUTO_APPROVE,STANDARD_STRAIGHT_THROUGH,False
APP204864,AUTO_APPROVE,STANDARD_STRAIGHT_THROUGH,False
APP204865,DECLINE,POLICY_FAILURE,False
APP204866,AUTO_APPROVE,STANDARD_STRAIGHT_THROUGH,False
APP204867,AUTO_APPROVE,STANDARD_STRAIGHT_THROUGH,False
APP204868,AUTO_APPROVE,STANDARD_STRAIGHT_THROUGH,False
APP204869,DECLINE,POLICY_FAILURE,False
APP204870,AUTO_APPROVE,STANDARD_STRAIGHT_THROUGH,False
APP204871,HUMAN_REVIEW,LOW_DOCUMENT_CONFIDENCE,True
APP204872,DECLINE,POLICY_FAILURE,False
APP204873,AUTO_APPROVE,STANDARD_STRAIGHT_THROUGH,False
APP204874,DECLINE,POLICY_FAILURE,False
APP204875,DECLINE,POLICY_FAILURE,False
APP204876,DECLINE,POLICY_FAILURE,False
APP204877,DECLINE,POLICY_FAILURE,False
APP204878,AUTO_APPROVE,STANDARD_STRAIGHT_THROUGH,False
APP204879,AUTO_APPROVE,STANDARD_STRAIGHT_THROUGH,False
APP204880,AUTO_APPROVE,STANDARD_STRAIGHT_THROUGH,False
APP204881,AUTO_APPROVE,STANDARD_STRAIGHT_THROUGH,False
APP204882,AUTO_APPROVE,STANDARD_STRAIGHT_THROUGH,False
APP204883,DECLINE,POLICY_FAILURE,False
APP204884,DECLINE,POLICY_FAILURE,False
APP204885,AUTO_APPROVE,STANDARD_STRAIGHT_THROUGH,False
APP204886,AUTO_APPROVE,STANDARD_STRAIGHT_THROUGH,False
APP204887,AUTO_APPROVE,STANDARD_STRAIGHT_THROUGH,False
APP204888,DECLINE,POLICY_FAILURE,False
APP204889,AUTO_APPROVE,STANDARD_STRAIGHT_THROUGH,False
APP204890,AUTO_APPROVE,STANDARD_STRAIGHT_THROUGH,False
APP204891,AUTO_APPROVE,STANDARD_STRAIGHT_THROUGH,False
APP204892,AUTO_APPROVE,STANDARD_STRAIGHT_THROUGH,False
APP204893,DECLINE,POLICY_FAILURE,False
APP204894,DECLINE,POLICY_FAILURE,False
APP204895,AUTO_APPROVE,STANDARD_STRAIGHT_THROUGH,False
APP204896,DECLINE,POLICY_FAILURE,False
APP204897,AUTO_APPROVE,STANDARD_STRAIGHT_THROUGH,False
APP204898,AUTO_APPROVE,STANDARD_STRAIGHT_THROUGH,False
APP204899,DECLINE,POLICY_FAILURE,False
APP204900,AUTO_APPROVE,STANDARD_STRAIGHT_THROUGH,False
APP204901,DECLINE,POLICY_FAILURE,False
APP204902,AUTO_APPROVE,STANDARD_STRAIGHT_THROUGH,False
APP204903,AUTO_APPROVE,STANDARD_STRAIGHT_THROUGH,False
APP204904,AUTO_APPROVE,STANDARD_STRAIGHT_THROUGH,False
APP204905,DECLINE,POLICY_FAILURE,False
APP204906,DECLINE,POLICY_FAILURE,False
APP204907,AUTO_APPROVE,STANDARD_STRAIGHT_THROUGH,False
APP204908,DECLINE,POLICY_FAILURE,False
APP204909,DECLINE,POLICY_FAILURE,False
APP204910,DECLINE,POLICY_FAILURE,False
APP204911,AUTO_APPROVE,STANDARD_STRAIGHT_THROUGH,False
APP204912,AUTO_APPROVE,STANDARD_STRAIGHT_THROUGH,False
APP204913,AUTO_APPROVE,STANDARD_STRAIGHT_THROUGH,False
APP204914,AUTO_APPROVE,STANDARD_STRAIGHT_THROUGH,False
APP204915,AUTO_APPROVE,STANDARD_STRAIGHT_THROUGH,False
APP204916,DECLINE,POLICY_FAILURE,False
APP204917,AUTO_APPROVE,STANDARD_STRAIGHT_THROUGH,False
APP204918,AUTO_APPROVE,STANDARD_STRAIGHT_THROUGH,False
APP204919,AUTO_APPROVE,STANDARD_STRAIGHT_THROUGH,False
APP204920,DECLINE,POLICY_FAILURE,False
APP204921,AUTO_APPROVE,STANDARD_STRAIGHT_THROUGH,False
APP204922,AUTO_APPROVE,STANDARD_STRAIGHT_THROUGH,False
APP204923,AUTO_APPROVE,STANDARD_STRAIGHT_THROUGH,False
APP204924,DECLINE,POLICY_FAILURE,False
APP204925,AUTO_APPROVE,STANDARD_STRAIGHT_THROUGH,False
APP204926,AUTO_APPROVE,STANDARD_STRAIGHT_THROUGH,False
APP204927,DECLINE,POLICY_FAILURE,False
APP204928,AUTO_APPROVE,STANDARD_STRAIGHT_THROUGH,False
APP204929,AUTO_APPROVE,STANDARD_STRAIGHT_THROUGH,False
APP204930,DECLINE,POLICY_FAILURE,False
APP204931,AUTO_APPROVE,STANDARD_STRAIGHT_THROUGH,False
APP204932,DECLINE,POLICY_FAILURE,False
APP204933,AUTO_APPROVE,STANDARD_STRAIGHT_THROUGH,False
APP204934,DECLINE,POLICY_FAILURE,False
APP204935,DECLINE,POLICY_FAILURE,False
APP204936,AUTO_APPROVE,STANDARD_STRAIGHT_THROUGH,False
APP204937,AUTO_APPROVE,STANDARD_STRAIGHT_THROUGH,False
APP204938,AUTO_APPROVE,STANDARD_STRAIGHT_THROUGH,False
APP204939,AUTO_APPROVE,STANDARD_STRAIGHT_THROUGH,False
APP204940,DECLINE,POLICY_FAILURE,False
APP204941,DECLINE,POLICY_FAILURE,False
APP204942,DECLINE,POLICY_FAILURE,False
APP204943,AUTO_APPROVE,STANDARD_STRAIGHT_THROUGH,False
APP204944,AUTO_APPROVE,STANDARD_STRAIGHT_THROUGH,False
APP204945,DECLINE,POLICY_FAILURE,False
APP204946,AUTO_APPROVE,STANDARD_STRAIGHT_THROUGH,False
APP204947,DECLINE,POLICY_FAILURE,False
APP204948,AUTO_APPROVE,STANDARD_STRAIGHT_THROUGH,False
APP204949,AUTO_APPROVE,STANDARD_STRAIGHT_THROUGH,False
APP204950,DECLINE,POLICY_FAILURE,False
APP204951,AUTO_APPROVE,STANDARD_STRAIGHT_THROUGH,False
APP204952,AUTO_APPROVE,STANDARD_STRAIGHT_THROUGH,False
APP204953,AUTO_APPROVE,STANDARD_STRAIGHT_THROUGH,False
APP204954,AUTO_APPROVE,STANDARD_STRAIGHT_THROUGH,False
APP204955,AUTO_APPROVE,STANDARD_STRAIGHT_THROUGH,False
APP204956,AUTO_APPROVE,STANDARD_STRAIGHT_THROUGH,False
APP204957,AUTO_APPROVE,STANDARD_STRAIGHT_THROUGH,False
APP204958,AUTO_APPROVE,STANDARD_STRAIGHT_THROUGH,False
APP204959,DECLINE,POLICY_FAILURE,False
APP204960,DECLINE,POLICY_FAILURE,False
APP204961,DECLINE,POLICY_FAILURE,False
APP204962,AUTO_APPROVE,STANDARD_STRAIGHT_THROUGH,False
APP204963,DECLINE,POLICY_FAILURE,False
APP204964,DECLINE,POLICY_FAILURE,False
APP204965,AUTO_APPROVE,STANDARD_STRAIGHT_THROUGH,False
APP204966,AUTO_APPROVE,STANDARD_STRAIGHT_THROUGH,False
APP204967,DECLINE,POLICY_FAILURE,False
APP204968,AUTO_APPROVE,STANDARD_STRAIGHT_THROUGH,False
APP204969,DECLINE,POLICY_FAILURE,False
APP204970,AUTO_APPROVE,STANDARD_STRAIGHT_THROUGH,False
APP204971,AUTO_APPROVE,STANDARD_STRAIGHT_THROUGH,False
APP204972,AUTO_APPROVE,STANDARD_STRAIGHT_THROUGH,False
APP204973,AUTO_APPROVE,STANDARD_STRAIGHT_THROUGH,False
APP204974,AUTO_APPROVE,STANDARD_STRAIGHT_THROUGH,False
APP204975,AUTO_APPROVE,STANDARD_STRAIGHT_THROUGH,False
APP204976,DECLINE,POLICY_FAILURE,False
APP204977,AUTO_APPROVE,STANDARD_STRAIGHT_THROUGH,False
APP204978,DECLINE,POLICY_FAILURE,False
APP204979,DECLINE,POLICY_FAILURE,False
APP204980,AUTO_APPROVE,STANDARD_STRAIGHT_THROUGH,False
APP204981,AUTO_APPROVE,STANDARD_STRAIGHT_THROUGH,False
APP204982,AUTO_APPROVE,STANDARD_STRAIGHT_THROUGH,False
APP204983,AUTO_APPROVE,STANDARD_STRAIGHT_THROUGH,False
APP204984,AUTO_APPROVE,STANDARD_STRAIGHT_THROUGH,False
APP204985,DECLINE,POLICY_FAILURE,False
APP204986,DECLINE,POLICY_FAILURE,False
APP204987,AUTO_APPROVE,STANDARD_STRAIGHT_THROUGH,False
APP204988,DECLINE,POLICY_FAILURE,False
APP204989,AUTO_APPROVE,STANDARD_STRAIGHT_THROUGH,False
APP204990,AUTO_APPROVE,STANDARD_STRAIGHT_THROUGH,False
APP204991,AUTO_APPROVE,STANDARD_STRAIGHT_THROUGH,False
APP204992,AUTO_APPROVE,STANDARD_STRAIGHT_THROUGH,False
APP204993,AUTO_APPROVE,STANDARD_STRAIGHT_THROUGH,False
APP204994,DECLINE,POLICY_FAILURE,False
APP204995,AUTO_APPROVE,STANDARD_STRAIGHT_THROUGH,False
APP204996,AUTO_APPROVE,STANDARD_STRAIGHT_THROUGH,False
APP204997,AUTO_APPROVE,STANDARD_STRAIGHT_THROUGH,False
APP204998,DECLINE,POLICY_FAILURE,False
APP204999,AUTO_APPROVE,STANDARD_STRAIGHT_THROUGH,False
APP205000,DECLINE,POLICY_FAILURE,False
APP205001,DECLINE,POLICY_FAILURE,False
APP205002,AUTO_APPROVE,STANDARD_STRAIGHT_THROUGH,False
APP205003,AUTO_APPROVE,STANDARD_STRAIGHT_THROUGH,False
APP205004,DECLINE,POLICY_FAILURE,False
APP205005,HUMAN_REVIEW,LOW_DOCUMENT_CONFIDENCE,True
APP205006,DECLINE,POLICY_FAILURE,False
APP205007,AUTO_APPROVE,STANDARD_STRAIGHT_THROUGH,False
APP205008,DECLINE,POLICY_FAILURE,False
APP205009,AUTO_APPROVE,STANDARD_STRAIGHT_THROUGH,False
APP205010,AUTO_APPROVE,STANDARD_STRAIGHT_THROUGH,False
APP205011,AUTO_APPROVE,STANDARD_STRAIGHT_THROUGH,False
APP205012,AUTO_APPROVE,STANDARD_STRAIGHT_THROUGH,False
APP205013,DECLINE,POLICY_FAILURE,False
APP205014,DECLINE,POLICY_FAILURE,False
APP205015,DECLINE,POLICY_FAILURE,False
APP205016,DECLINE,POLICY_FAILURE,False
APP205017,AUTO_APPROVE,STANDARD_STRAIGHT_THROUGH,False
APP205018,AUTO_APPROVE,STANDARD_STRAIGHT_THROUGH,False
APP205019,DECLINE,POLICY_FAILURE,False
APP205020,DECLINE,POLICY_FAILURE,False
APP205021,AUTO_APPROVE,STANDARD_STRAIGHT_THROUGH,False
APP205022,AUTO_APPROVE,STANDARD_STRAIGHT_THROUGH,False
APP205023,AUTO_APPROVE,STANDARD_STRAIGHT_THROUGH,False
APP205024,AUTO_APPROVE,STANDARD_STRAIGHT_THROUGH,False
APP205025,AUTO_APPROVE,STANDARD_STRAIGHT_THROUGH,False
APP205026,AUTO_APPROVE,STANDARD_STRAIGHT_THROUGH,False
APP205027,DECLINE,POLICY_FAILURE,False
APP205028,AUTO_APPROVE,STANDARD_STRAIGHT_THROUGH,False
APP205029,DECLINE,POLICY_FAILURE,False
APP205030,DECLINE,POLICY_FAILURE,False
APP205031,AUTO_APPROVE,STANDARD_STRAIGHT_THROUGH,False
APP205032,AUTO_APPROVE,STANDARD_STRAIGHT_THROUGH,False
APP205033,AUTO_APPROVE,STANDARD_STRAIGHT_THROUGH,False
APP205034,AUTO_APPROVE,STANDARD_STRAIGHT_THROUGH,False
APP205035,AUTO_APPROVE,STANDARD_STRAIGHT_THROUGH,False
APP205036,AUTO_APPROVE,STANDARD_STRAIGHT_THROUGH,False
APP205037,AUTO_APPROVE,STANDARD_STRAIGHT_THROUGH,False
APP205038,DECLINE,POLICY_FAILURE,False
APP205039,DECLINE,POLICY_FAILURE,False
APP205040,AUTO_APPROVE,STANDARD_STRAIGHT_THROUGH,False
APP205041,AUTO_APPROVE,STANDARD_STRAIGHT_THROUGH,False
APP205042,AUTO_APPROVE,STANDARD_STRAIGHT_THROUGH,False
APP205043,AUTO_APPROVE,STANDARD_STRAIGHT_THROUGH,False
APP205044,AUTO_APPROVE,STANDARD_STRAIGHT_THROUGH,False
APP205045,DECLINE,POLICY_FAILURE,False
APP205046,AUTO_APPROVE,STANDARD_STRAIGHT_THROUGH,False
APP205047,AUTO_APPROVE,STANDARD_STRAIGHT_THROUGH,False
APP205048,AUTO_APPROVE,STANDARD_STRAIGHT_THROUGH,False
APP205049,AUTO_APPROVE,STANDARD_STRAIGHT_THROUGH,False
APP205050,DECLINE,POLICY_FAILURE,False
APP205051,AUTO_APPROVE,STANDARD_STRAIGHT_THROUGH,False
APP205052,AUTO_APPROVE,STANDARD_STRAIGHT_THROUGH,False
APP205053,AUTO_APPROVE,STANDARD_STRAIGHT_THROUGH,False
APP205054,DECLINE,POLICY_FAILURE,False
APP205055,AUTO_APPROVE,STANDARD_STRAIGHT_THROUGH,False
APP205056,DECLINE,POLICY_FAILURE,False
APP205057,AUTO_APPROVE,STANDARD_STRAIGHT_THROUGH,False
APP205058,DECLINE,POLICY_FAILURE,False
APP205059,DECLINE,POLICY_FAILURE,False
APP205060,AUTO_APPROVE,STANDARD_STRAIGHT_THROUGH,False
APP205061,AUTO_APPROVE,STANDARD_STRAIGHT_THROUGH,False
APP205062,DECLINE,POLICY_FAILURE,False
APP205063,AUTO_APPROVE,STANDARD_STRAIGHT_THROUGH,False
APP205064,AUTO_APPROVE,STANDARD_STRAIGHT_THROUGH,False
APP205065,AUTO_APPROVE,STANDARD_STRAIGHT_THROUGH,False
APP205066,AUTO_APPROVE,STANDARD_STRAIGHT_THROUGH,False
APP205067,DECLINE,POLICY_FAILURE,False
APP205068,DECLINE,POLICY_FAILURE,False
APP205069,AUTO_APPROVE,STANDARD_STRAIGHT_THROUGH,False
APP205070,AUTO_APPROVE,STANDARD_STRAIGHT_THROUGH,False
APP205071,DECLINE,POLICY_FAILURE,False
APP205072,DECLINE,POLICY_FAILURE,False
APP205073,AUTO_APPROVE,STANDARD_STRAIGHT_THROUGH,False
APP205074,AUTO_APPROVE,STANDARD_STRAIGHT_THROUGH,False
APP205075,AUTO_APPROVE,STANDARD_STRAIGHT_THROUGH,False
APP205076,AUTO_APPROVE,STANDARD_STRAIGHT_THROUGH,False
APP205077,AUTO_APPROVE,STANDARD_STRAIGHT_THROUGH,False
APP205078,DECLINE,POLICY_FAILURE,False
APP205079,AUTO_APPROVE,STANDARD_STRAIGHT_THROUGH,False
APP205080,AUTO_APPROVE,STANDARD_STRAIGHT_THROUGH,False
APP205081,DECLINE,POLICY_FAILURE,False
APP205082,AUTO_APPROVE,STANDARD_STRAIGHT_THROUGH,False
APP205083,DECLINE,POLICY_FAILURE,False
APP205084,DECLINE,POLICY_FAILURE,False
APP205085,AUTO_APPROVE,STANDARD_STRAIGHT_THROUGH,False
APP205086,DECLINE,POLICY_FAILURE,False
APP205087,AUTO_APPROVE,STANDARD_STRAIGHT_THROUGH,False
APP205088,DECLINE,POLICY_FAILURE,False
APP205089,AUTO_APPROVE,STANDARD_STRAIGHT_THROUGH,False
APP205090,DECLINE,POLICY_FAILURE,False
APP205091,DECLINE,POLICY_FAILURE,False
APP205092,AUTO_APPROVE,STANDARD_STRAIGHT_THROUGH,False
APP205093,AUTO_APPROVE,STANDARD_STRAIGHT_THROUGH,False
APP205094,AUTO_APPROVE,STANDARD_STRAIGHT_THROUGH,False
APP205095,AUTO_APPROVE,STANDARD_STRAIGHT_THROUGH,False
APP205096,AUTO_APPROVE,STANDARD_STRAIGHT_THROUGH,False
APP205097,DECLINE,POLICY_FAILURE,False
APP205098,DECLINE,POLICY_FAILURE,False
APP205099,DECLINE,POLICY_FAILURE,False
APP205100,DECLINE,POLICY_FAILURE,False
APP205101,AUTO_APPROVE,STANDARD_STRAIGHT_THROUGH,False
APP205102,AUTO_APPROVE,STANDARD_STRAIGHT_THROUGH,False
APP205103,AUTO_APPROVE,STANDARD_STRAIGHT_THROUGH,False
APP205104,AUTO_APPROVE,STANDARD_STRAIGHT_THROUGH,False
APP205105,DECLINE,POLICY_FAILURE,False
APP205106,AUTO_APPROVE,STANDARD_STRAIGHT_THROUGH,False
APP205107,AUTO_APPROVE,STANDARD_STRAIGHT_THROUGH,False
APP205108,AUTO_APPROVE,STANDARD_STRAIGHT_THROUGH,False
APP205109,DECLINE,POLICY_FAILURE,False
APP205110,AUTO_APPROVE,STANDARD_STRAIGHT_THROUGH,False
APP205111,AUTO_APPROVE,STANDARD_STRAIGHT_THROUGH,False
APP205112,DECLINE,POLICY_FAILURE,False
APP205113,DECLINE,POLICY_FAILURE,False
APP205114,AUTO_APPROVE,STANDARD_STRAIGHT_THROUGH,False
APP205115,AUTO_APPROVE,STANDARD_STRAIGHT_THROUGH,False
APP205116,AUTO_APPROVE,STANDARD_STRAIGHT_THROUGH,False
APP205117,DECLINE,POLICY_FAILURE,False
APP205118,AUTO_APPROVE,STANDARD_STRAIGHT_THROUGH,False
APP205119,DECLINE,POLICY_FAILURE,False
APP205120,AUTO_APPROVE,STANDARD_STRAIGHT_THROUGH,False
APP205121,AUTO_APPROVE,STANDARD_STRAIGHT_THROUGH,False
APP205122,AUTO_APPROVE,STANDARD_STRAIGHT_THROUGH,False
APP205123,DECLINE,POLICY_FAILURE,False
APP205124,AUTO_APPROVE,STANDARD_STRAIGHT_THROUGH,False
APP205125,DECLINE,POLICY_FAILURE,False
APP205126,AUTO_APPROVE,STANDARD_STRAIGHT_THROUGH,False
APP205127,AUTO_APPROVE,STANDARD_STRAIGHT_THROUGH,False
APP205128,AUTO_APPROVE,STANDARD_STRAIGHT_THROUGH,False
APP205129,DECLINE,POLICY_FAILURE,False
APP205130,AUTO_APPROVE,STANDARD_STRAIGHT_THROUGH,False
APP205131,AUTO_APPROVE,STANDARD_STRAIGHT_THROUGH,False
APP205132,AUTO_APPROVE,STANDARD_STRAIGHT_THROUGH,False
APP205133,DECLINE,POLICY_FAILURE,False
APP205134,DECLINE,POLICY_FAILURE,False
APP205135,AUTO_APPROVE,STANDARD_STRAIGHT_THROUGH,False
APP205136,DECLINE,POLICY_FAILURE,False
APP205137,AUTO_APPROVE,STANDARD_STRAIGHT_THROUGH,False
APP205138,DECLINE,POLICY_FAILURE,False
APP205139,AUTO_APPROVE,STANDARD_STRAIGHT_THROUGH,False
APP205140,DECLINE,POLICY_FAILURE,False
APP205141,AUTO_APPROVE,STANDARD_STRAIGHT_THROUGH,False
APP205142,AUTO_APPROVE,STANDARD_STRAIGHT_THROUGH,False
APP205143,AUTO_APPROVE,STANDARD_STRAIGHT_THROUGH,False
APP205144,AUTO_APPROVE,STANDARD_STRAIGHT_THROUGH,False
APP205145,DECLINE,POLICY_FAILURE,False
APP205146,DECLINE,POLICY_FAILURE,False
APP205147,AUTO_APPROVE,STANDARD_STRAIGHT_THROUGH,False
APP205148,AUTO_APPROVE,STANDARD_STRAIGHT_THROUGH,False
APP205149,AUTO_APPROVE,STANDARD_STRAIGHT_THROUGH,False
APP205150,DECLINE,POLICY_FAILURE,False
APP205151,AUTO_APPROVE,STANDARD_STRAIGHT_THROUGH,False
APP205152,HUMAN_REVIEW,LOW_DOCUMENT_CONFIDENCE,True
APP205153,AUTO_APPROVE,STANDARD_STRAIGHT_THROUGH,False
APP205154,AUTO_APPROVE,STANDARD_STRAIGHT_THROUGH,False
APP205155,DECLINE,POLICY_FAILURE,False
APP205156,AUTO_APPROVE,STANDARD_STRAIGHT_THROUGH,False
APP205157,DECLINE,POLICY_FAILURE,False
APP205158,AUTO_APPROVE,STANDARD_STRAIGHT_THROUGH,False
APP205159,HUMAN_REVIEW,LOW_DOCUMENT_CONFIDENCE,True
APP205160,DECLINE,POLICY_FAILURE,False
APP205161,AUTO_APPROVE,STANDARD_STRAIGHT_THROUGH,False
APP205162,AUTO_APPROVE,STANDARD_STRAIGHT_THROUGH,False
APP205163,AUTO_APPROVE,STANDARD_STRAIGHT_THROUGH,False
APP205164,AUTO_APPROVE,STANDARD_STRAIGHT_THROUGH,False
APP205165,DECLINE,POLICY_FAILURE,False
APP205166,AUTO_APPROVE,STANDARD_STRAIGHT_THROUGH,False
APP205167,AUTO_APPROVE,STANDARD_STRAIGHT_THROUGH,False
APP205168,DECLINE,POLICY_FAILURE,False
APP205169,DECLINE,POLICY_FAILURE,False
APP205170,AUTO_APPROVE,STANDARD_STRAIGHT_THROUGH,False
APP205171,AUTO_APPROVE,STANDARD_STRAIGHT_THROUGH,False
APP205172,DECLINE,POLICY_FAILURE,False
APP205173,AUTO_APPROVE,STANDARD_STRAIGHT_THROUGH,False
APP205174,AUTO_APPROVE,STANDARD_STRAIGHT_THROUGH,False
APP205175,DECLINE,POLICY_FAILURE,False
APP205176,AUTO_APPROVE,STANDARD_STRAIGHT_THROUGH,False
APP205177,AUTO_APPROVE,STANDARD_STRAIGHT_THROUGH,False
APP205178,AUTO_APPROVE,STANDARD_STRAIGHT_THROUGH,False
APP205179,AUTO_APPROVE,STANDARD_STRAIGHT_THROUGH,False
APP205180,AUTO_APPROVE,STANDARD_STRAIGHT_THROUGH,False
APP205181,AUTO_APPROVE,STANDARD_STRAIGHT_THROUGH,False
APP205182,AUTO_APPROVE,STANDARD_STRAIGHT_THROUGH,False
APP205183,AUTO_APPROVE,STANDARD_STRAIGHT_THROUGH,False
APP205184,DECLINE,POLICY_FAILURE,False
APP205185,DECLINE,POLICY_FAILURE,False
APP205186,DECLINE,POLICY_FAILURE,False
APP205187,AUTO_APPROVE,STANDARD_STRAIGHT_THROUGH,False
APP205188,DECLINE,POLICY_FAILURE,False
APP205189,AUTO_APPROVE,STANDARD_STRAIGHT_THROUGH,False
APP205190,DECLINE,POLICY_FAILURE,False
APP205191,DECLINE,POLICY_FAILURE,False
APP205192,DECLINE,POLICY_FAILURE,False
APP205193,DECLINE,POLICY_FAILURE,False
APP205194,AUTO_APPROVE,STANDARD_STRAIGHT_THROUGH,False
APP205195,AUTO_APPROVE,STANDARD_STRAIGHT_THROUGH,False
APP205196,AUTO_APPROVE,STANDARD_STRAIGHT_THROUGH,False
APP205197,DECLINE,POLICY_FAILURE,False
APP205198,AUTO_APPROVE,STANDARD_STRAIGHT_THROUGH,False
APP205199,AUTO_APPROVE,STANDARD_STRAIGHT_THROUGH,False
APP205200,AUTO_APPROVE,STANDARD_STRAIGHT_THROUGH,False
APP205201,AUTO_APPROVE,STANDARD_STRAIGHT_THROUGH,False
APP205202,AUTO_APPROVE,STANDARD_STRAIGHT_THROUGH,False
APP205203,AUTO_APPROVE,STANDARD_STRAIGHT_THROUGH,False
APP205204,DECLINE,POLICY_FAILURE,False
APP205205,AUTO_APPROVE,STANDARD_STRAIGHT_THROUGH,False
APP205206,AUTO_APPROVE,STANDARD_STRAIGHT_THROUGH,False
APP205207,DECLINE,POLICY_FAILURE,False
APP205208,AUTO_APPROVE,STANDARD_STRAIGHT_THROUGH,False
APP205209,AUTO_APPROVE,STANDARD_STRAIGHT_THROUGH,False
APP205210,AUTO_APPROVE,STANDARD_STRAIGHT_THROUGH,False
APP205211,AUTO_APPROVE,STANDARD_STRAIGHT_THROUGH,False
APP205212,AUTO_APPROVE,STANDARD_STRAIGHT_THROUGH,False
APP205213,AUTO_APPROVE,STANDARD_STRAIGHT_THROUGH,False
APP205214,AUTO_APPROVE,STANDARD_STRAIGHT_THROUGH,False
APP205215,AUTO_APPROVE,STANDARD_STRAIGHT_THROUGH,False
APP205216,AUTO_APPROVE,STANDARD_STRAIGHT_THROUGH,False
APP205217,AUTO_APPROVE,STANDARD_STRAIGHT_THROUGH,False
APP205218,AUTO_APPROVE,STANDARD_STRAIGHT_THROUGH,False
APP205219,DECLINE,POLICY_FAILURE,False
APP205220,DECLINE,POLICY_FAILURE,False
APP205221,AUTO_APPROVE,STANDARD_STRAIGHT_THROUGH,False
APP205222,AUTO_APPROVE,STANDARD_STRAIGHT_THROUGH,False
APP205223,DECLINE,POLICY_FAILURE,False
APP205224,DECLINE,POLICY_FAILURE,False
APP205225,AUTO_APPROVE,STANDARD_STRAIGHT_THROUGH,False
APP205226,AUTO_APPROVE,STANDARD_STRAIGHT_THROUGH,False
APP205227,AUTO_APPROVE,STANDARD_STRAIGHT_THROUGH,False
APP205228,DECLINE,POLICY_FAILURE,False
APP205229,AUTO_APPROVE,STANDARD_STRAIGHT_THROUGH,False
APP205230,AUTO_APPROVE,STANDARD_STRAIGHT_THROUGH,False
APP205231,AUTO_APPROVE,STANDARD_STRAIGHT_THROUGH,False
APP205232,AUTO_APPROVE,STANDARD_STRAIGHT_THROUGH,False
APP205233,AUTO_APPROVE,STANDARD_STRAIGHT_THROUGH,False
APP205234,HUMAN_REVIEW,LOW_DOCUMENT_CONFIDENCE,True
APP205235,DECLINE,POLICY_FAILURE,False
APP205236,DECLINE,POLICY_FAILURE,False
APP205237,DECLINE,POLICY_FAILURE,False
APP205238,DECLINE,POLICY_FAILURE,False
APP205239,AUTO_APPROVE,STANDARD_STRAIGHT_THROUGH,False
APP205240,DECLINE,POLICY_FAILURE,False
APP205241,AUTO_APPROVE,STANDARD_STRAIGHT_THROUGH,False
APP205242,AUTO_APPROVE,STANDARD_STRAIGHT_THROUGH,False
APP205243,DECLINE,POLICY_FAILURE,False
APP205244,AUTO_APPROVE,STANDARD_STRAIGHT_THROUGH,False
APP205245,AUTO_APPROVE,STANDARD_STRAIGHT_THROUGH,False
APP205246,AUTO_APPROVE,STANDARD_STRAIGHT_THROUGH,False
APP205247,DECLINE,POLICY_FAILURE,False
APP205248,AUTO_APPROVE,STANDARD_STRAIGHT_THROUGH,False
APP205249,AUTO_APPROVE,STANDARD_STRAIGHT_THROUGH,False
APP205250,AUTO_APPROVE,STANDARD_STRAIGHT_THROUGH,False
APP205251,AUTO_APPROVE,STANDARD_STRAIGHT_THROUGH,False
APP205252,DECLINE,POLICY_FAILURE,False
APP205253,AUTO_APPROVE,STANDARD_STRAIGHT_THROUGH,False
APP205254,AUTO_APPROVE,STANDARD_STRAIGHT_THROUGH,False
APP205255,AUTO_APPROVE,STANDARD_STRAIGHT_THROUGH,False
APP205256,AUTO_APPROVE,STANDARD_STRAIGHT_THROUGH,False
APP205257,AUTO_APPROVE,STANDARD_STRAIGHT_THROUGH,False
APP205258,DECLINE,POLICY_FAILURE,False
APP205259,DECLINE,POLICY_FAILURE,False
APP205260,AUTO_APPROVE,STANDARD_STRAIGHT_THROUGH,False
APP205261,AUTO_APPROVE,STANDARD_STRAIGHT_THROUGH,False
APP205262,AUTO_APPROVE,STANDARD_STRAIGHT_THROUGH,False
APP205263,AUTO_APPROVE,STANDARD_STRAIGHT_THROUGH,False
APP205264,DECLINE,POLICY_FAILURE,False
APP205265,AUTO_APPROVE,STANDARD_STRAIGHT_THROUGH,False
APP205266,AUTO_APPROVE,STANDARD_STRAIGHT_THROUGH,False
APP205267,DECLINE,POLICY_FAILURE,False
APP205268,AUTO_APPROVE,STANDARD_STRAIGHT_THROUGH,False
APP205269,AUTO_APPROVE,STANDARD_STRAIGHT_THROUGH,False
APP205270,AUTO_APPROVE,STANDARD_STRAIGHT_THROUGH,False
APP205271,DECLINE,POLICY_FAILURE,False
APP205272,AUTO_APPROVE,STANDARD_STRAIGHT_THROUGH,False
APP205273,DECLINE,POLICY_FAILURE,False
APP205274,AUTO_APPROVE,STANDARD_STRAIGHT_THROUGH,False
APP205275,DECLINE,POLICY_FAILURE,False
APP205276,AUTO_APPROVE,STANDARD_STRAIGHT_THROUGH,False
APP205277,AUTO_APPROVE,STANDARD_STRAIGHT_THROUGH,False
APP205278,DECLINE,POLICY_FAILURE,False
APP205279,DECLINE,POLICY_FAILURE,False
APP205280,AUTO_APPROVE,STANDARD_STRAIGHT_THROUGH,False
APP205281,DECLINE,POLICY_FAILURE,False
APP205282,HUMAN_REVIEW,LOW_DOCUMENT_CONFIDENCE,True
APP205283,DECLINE,POLICY_FAILURE,False
APP205284,DECLINE,POLICY_FAILURE,False
APP205285,DECLINE,POLICY_FAILURE,False
APP205286,DECLINE,POLICY_FAILURE,False
APP205287,AUTO_APPROVE,STANDARD_STRAIGHT_THROUGH,False
APP205288,AUTO_APPROVE,STANDARD_STRAIGHT_THROUGH,False
APP205289,AUTO_APPROVE,STANDARD_STRAIGHT_THROUGH,False
APP205290,AUTO_APPROVE,STANDARD_STRAIGHT_THROUGH,False
APP205291,DECLINE,POLICY_FAILURE,False
APP205292,DECLINE,POLICY_FAILURE,False
APP205293,DECLINE,POLICY_FAILURE,False
APP205294,DECLINE,POLICY_FAILURE,False
APP205295,AUTO_APPROVE,STANDARD_STRAIGHT_THROUGH,False
APP205296,AUTO_APPROVE,STANDARD_STRAIGHT_THROUGH,False
APP205297,DECLINE,POLICY_FAILURE,False
APP205298,DECLINE,POLICY_FAILURE,False
APP205299,AUTO_APPROVE,STANDARD_STRAIGHT_THROUGH,False
APP205300,AUTO_APPROVE,STANDARD_STRAIGHT_THROUGH,False
APP205301,AUTO_APPROVE,STANDARD_STRAIGHT_THROUGH,False
APP205302,AUTO_APPROVE,STANDARD_STRAIGHT_THROUGH,False
APP205303,AUTO_APPROVE,STANDARD_STRAIGHT_THROUGH,False
APP205304,DECLINE,POLICY_FAILURE,False
APP205305,AUTO_APPROVE,STANDARD_STRAIGHT_THROUGH,False
APP205306,AUTO_APPROVE,STANDARD_STRAIGHT_THROUGH,False
APP205307,AUTO_APPROVE,STANDARD_STRAIGHT_THROUGH,False
APP205308,AUTO_APPROVE,STANDARD_STRAIGHT_THROUGH,False
APP205309,AUTO_APPROVE,STANDARD_STRAIGHT_THROUGH,False
APP205310,AUTO_APPROVE,STANDARD_STRAIGHT_THROUGH,False
APP205311,AUTO_APPROVE,STANDARD_STRAIGHT_THROUGH,False
APP205312,AUTO_APPROVE,STANDARD_STRAIGHT_THROUGH,False
APP205313,DECLINE,POLICY_FAILURE,False
APP205314,AUTO_APPROVE,STANDARD_STRAIGHT_THROUGH,False
APP205315,HUMAN_REVIEW,LOW_DOCUMENT_CONFIDENCE,True
APP205316,DECLINE,POLICY_FAILURE,False
APP205317,AUTO_APPROVE,STANDARD_STRAIGHT_THROUGH,False
APP205318,AUTO_APPROVE,STANDARD_STRAIGHT_THROUGH,False
APP205319,DECLINE,POLICY_FAILURE,False
APP205320,AUTO_APPROVE,STANDARD_STRAIGHT_THROUGH,False
APP205321,AUTO_APPROVE,STANDARD_STRAIGHT_THROUGH,False
APP205322,DECLINE,POLICY_FAILURE,False
APP205323,DECLINE,POLICY_FAILURE,False
APP205324,DECLINE,POLICY_FAILURE,False
APP205325,AUTO_APPROVE,STANDARD_STRAIGHT_THROUGH,False
APP205326,AUTO_APPROVE,STANDARD_STRAIGHT_THROUGH,False
APP205327,AUTO_APPROVE,STANDARD_STRAIGHT_THROUGH,False
APP205328,DECLINE,POLICY_FAILURE,False
APP205329,AUTO_APPROVE,STANDARD_STRAIGHT_THROUGH,False
APP205330,AUTO_APPROVE,STANDARD_STRAIGHT_THROUGH,False
APP205331,AUTO_APPROVE,STANDARD_STRAIGHT_THROUGH,False
APP205332,AUTO_APPROVE,STANDARD_STRAIGHT_THROUGH,False
APP205333,AUTO_APPROVE,STANDARD_STRAIGHT_THROUGH,False
APP205334,AUTO_APPROVE,STANDARD_STRAIGHT_THROUGH,False
APP205335,DECLINE,POLICY_FAILURE,False
APP205336,AUTO_APPROVE,STANDARD_STRAIGHT_THROUGH,False
APP205337,AUTO_APPROVE,STANDARD_STRAIGHT_THROUGH,False
APP205338,DECLINE,POLICY_FAILURE,False
APP205339,DECLINE,POLICY_FAILURE,False
APP205340,DECLINE,POLICY_FAILURE,False
APP205341,AUTO_APPROVE,STANDARD_STRAIGHT_THROUGH,False
APP205342,AUTO_APPROVE,STANDARD_STRAIGHT_THROUGH,False
APP205343,DECLINE,POLICY_FAILURE,False
APP205344,AUTO_APPROVE,STANDARD_STRAIGHT_THROUGH,False
APP205345,DECLINE,POLICY_FAILURE,False
APP205346,AUTO_APPROVE,STANDARD_STRAIGHT_THROUGH,False
APP205347,AUTO_APPROVE,STANDARD_STRAIGHT_THROUGH,False
APP205348,AUTO_APPROVE,STANDARD_STRAIGHT_THROUGH,False
APP205349,AUTO_APPROVE,STANDARD_STRAIGHT_THROUGH,False
APP205350,DECLINE,POLICY_FAILURE,False
APP205351,AUTO_APPROVE,STANDARD_STRAIGHT_THROUGH,False
APP205352,AUTO_APPROVE,STANDARD_STRAIGHT_THROUGH,False
APP205353,DECLINE,POLICY_FAILURE,False
APP205354,AUTO_APPROVE,STANDARD_STRAIGHT_THROUGH,False
APP205355,AUTO_APPROVE,STANDARD_STRAIGHT_THROUGH,False
APP205356,AUTO_APPROVE,STANDARD_STRAIGHT_THROUGH,False
APP205357,DECLINE,POLICY_FAILURE,False
APP205358,HUMAN_REVIEW,LOW_DOCUMENT_CONFIDENCE,True
APP205359,AUTO_APPROVE,STANDARD_STRAIGHT_THROUGH,False
APP205360,AUTO_APPROVE,STANDARD_STRAIGHT_THROUGH,False
APP205361,AUTO_APPROVE,STANDARD_STRAIGHT_THROUGH,False
APP205362,AUTO_APPROVE,STANDARD_STRAIGHT_THROUGH,False
APP205363,AUTO_APPROVE,STANDARD_STRAIGHT_THROUGH,False
APP205364,AUTO_APPROVE,STANDARD_STRAIGHT_THROUGH,False
APP205365,AUTO_APPROVE,STANDARD_STRAIGHT_THROUGH,False
APP205366,AUTO_APPROVE,STANDARD_STRAIGHT_THROUGH,False
APP205367,DECLINE,POLICY_FAILURE,False
APP205368,AUTO_APPROVE,STANDARD_STRAIGHT_THROUGH,False
APP205369,AUTO_APPROVE,STANDARD_STRAIGHT_THROUGH,False
APP205370,DECLINE,POLICY_FAILURE,False
APP205371,AUTO_APPROVE,STANDARD_STRAIGHT_THROUGH,False
APP205372,AUTO_APPROVE,STANDARD_STRAIGHT_THROUGH,False
APP205373,AUTO_APPROVE,STANDARD_STRAIGHT_THROUGH,False
APP205374,DECLINE,POLICY_FAILURE,False
APP205375,AUTO_APPROVE,STANDARD_STRAIGHT_THROUGH,False
APP205376,AUTO_APPROVE,STANDARD_STRAIGHT_THROUGH,False
APP205377,AUTO_APPROVE,STANDARD_STRAIGHT_THROUGH,False
APP205378,DECLINE,POLICY_FAILURE,False
APP205379,AUTO_APPROVE,STANDARD_STRAIGHT_THROUGH,False
APP205380,AUTO_APPROVE,STANDARD_STRAIGHT_THROUGH,False
APP205381,AUTO_APPROVE,STANDARD_STRAIGHT_THROUGH,False
APP205382,AUTO_APPROVE,STANDARD_STRAIGHT_THROUGH,False
APP205383,DECLINE,POLICY_FAILURE,False
APP205384,AUTO_APPROVE,STANDARD_STRAIGHT_THROUGH,False
APP205385,AUTO_APPROVE,STANDARD_STRAIGHT_THROUGH,False
APP205386,AUTO_APPROVE,STANDARD_STRAIGHT_THROUGH,False
APP205387,DECLINE,POLICY_FAILURE,False
APP205388,AUTO_APPROVE,STANDARD_STRAIGHT_THROUGH,False
APP205389,AUTO_APPROVE,STANDARD_STRAIGHT_THROUGH,False
APP205390,DECLINE,POLICY_FAILURE,False
APP205391,DECLINE,POLICY_FAILURE,False
APP205392,AUTO_APPROVE,STANDARD_STRAIGHT_THROUGH,False
APP205393,AUTO_APPROVE,STANDARD_STRAIGHT_THROUGH,False
APP205394,DECLINE,POLICY_FAILURE,False
APP205395,AUTO_APPROVE,STANDARD_STRAIGHT_THROUGH,False
APP205396,AUTO_APPROVE,STANDARD_STRAIGHT_THROUGH,False
APP205397,DECLINE,POLICY_FAILURE,False
APP205398,AUTO_APPROVE,STANDARD_STRAIGHT_THROUGH,False
APP205399,DECLINE,POLICY_FAILURE,False
APP205400,AUTO_APPROVE,STANDARD_STRAIGHT_THROUGH,False
APP205401,AUTO_APPROVE,STANDARD_STRAIGHT_THROUGH,False
APP205402,AUTO_APPROVE,STANDARD_STRAIGHT_THROUGH,False
APP205403,AUTO_APPROVE,STANDARD_STRAIGHT_THROUGH,False
APP205404,AUTO_APPROVE,STANDARD_STRAIGHT_THROUGH,False
APP205405,AUTO_APPROVE,STANDARD_STRAIGHT_THROUGH,False
APP205406,AUTO_APPROVE,STANDARD_STRAIGHT_THROUGH,False
APP205407,DECLINE,POLICY_FAILURE,False
APP205408,DECLINE,POLICY_FAILURE,False
APP205409,AUTO_APPROVE,STANDARD_STRAIGHT_THROUGH,False
APP205410,AUTO_APPROVE,STANDARD_STRAIGHT_THROUGH,False
APP205411,DECLINE,POLICY_FAILURE,False
APP205412,AUTO_APPROVE,STANDARD_STRAIGHT_THROUGH,False
APP205413,DECLINE,POLICY_FAILURE,False
APP205414,DECLINE,POLICY_FAILURE,False
APP205415,AUTO_APPROVE,STANDARD_STRAIGHT_THROUGH,False
APP205416,AUTO_APPROVE,STANDARD_STRAIGHT_THROUGH,False
APP205417,AUTO_APPROVE,STANDARD_STRAIGHT_THROUGH,False
APP205418,AUTO_APPROVE,STANDARD_STRAIGHT_THROUGH,False
APP205419,AUTO_APPROVE,STANDARD_STRAIGHT_THROUGH,False
APP205420,AUTO_APPROVE,STANDARD_STRAIGHT_THROUGH,False
APP205421,AUTO_APPROVE,STANDARD_STRAIGHT_THROUGH,False
APP205422,AUTO_APPROVE,STANDARD_STRAIGHT_THROUGH,False
APP205423,AUTO_APPROVE,STANDARD_STRAIGHT_THROUGH,False
APP205424,AUTO_APPROVE,STANDARD_STRAIGHT_THROUGH,False
APP205425,AUTO_APPROVE,STANDARD_STRAIGHT_THROUGH,False
APP205426,AUTO_APPROVE,STANDARD_STRAIGHT_THROUGH,False
APP205427,DECLINE,POLICY_FAILURE,False
APP205428,AUTO_APPROVE,STANDARD_STRAIGHT_THROUGH,False
APP205429,AUTO_APPROVE,STANDARD_STRAIGHT_THROUGH,False
APP205430,DECLINE,POLICY_FAILURE,False
APP205431,DECLINE,POLICY_FAILURE,False
APP205432,AUTO_APPROVE,STANDARD_STRAIGHT_THROUGH,False
APP205433,AUTO_APPROVE,STANDARD_STRAIGHT_THROUGH,False
APP205434,AUTO_APPROVE,STANDARD_STRAIGHT_THROUGH,False
APP205435,DECLINE,POLICY_FAILURE,False
APP205436,DECLINE,POLICY_FAILURE,False
APP205437,DECLINE,POLICY_FAILURE,False
APP205438,AUTO_APPROVE,STANDARD_STRAIGHT_THROUGH,False
APP205439,DECLINE,POLICY_FAILURE,False
APP205440,AUTO_APPROVE,STANDARD_STRAIGHT_THROUGH,False
APP205441,AUTO_APPROVE,STANDARD_STRAIGHT_THROUGH,False
APP205442,AUTO_APPROVE,STANDARD_STRAIGHT_THROUGH,False
APP205443,DECLINE,POLICY_FAILURE,False
APP205444,DECLINE,POLICY_FAILURE,False
APP205445,AUTO_APPROVE,STANDARD_STRAIGHT_THROUGH,False
APP205446,AUTO_APPROVE,STANDARD_STRAIGHT_THROUGH,False
APP205447,AUTO_APPROVE,STANDARD_STRAIGHT_THROUGH,False
APP205448,DECLINE,POLICY_FAILURE,False
APP205449,DECLINE,POLICY_FAILURE,False
APP205450,DECLINE,POLICY_FAILURE,False
APP205451,AUTO_APPROVE,STANDARD_STRAIGHT_THROUGH,False
APP205452,AUTO_APPROVE,STANDARD_STRAIGHT_THROUGH,False
APP205453,AUTO_APPROVE,STANDARD_STRAIGHT_THROUGH,False
APP205454,AUTO_APPROVE,STANDARD_STRAIGHT_THROUGH,False
APP205455,DECLINE,POLICY_FAILURE,False
APP205456,DECLINE,POLICY_FAILURE,False
APP205457,AUTO_APPROVE,STANDARD_STRAIGHT_THROUGH,False
APP205458,DECLINE,POLICY_FAILURE,False
APP205459,DECLINE,POLICY_FAILURE,False
APP205460,DECLINE,POLICY_FAILURE,False
APP205461,AUTO_APPROVE,STANDARD_STRAIGHT_THROUGH,False
APP205462,AUTO_APPROVE,STANDARD_STRAIGHT_THROUGH,False
APP205463,DECLINE,POLICY_FAILURE,False
APP205464,AUTO_APPROVE,STANDARD_STRAIGHT_THROUGH,False
APP205465,AUTO_APPROVE,STANDARD_STRAIGHT_THROUGH,False
APP205466,AUTO_APPROVE,STANDARD_STRAIGHT_THROUGH,False
APP205467,AUTO_APPROVE,STANDARD_STRAIGHT_THROUGH,False
APP205468,AUTO_APPROVE,STANDARD_STRAIGHT_THROUGH,False
APP205469,DECLINE,POLICY_FAILURE,False
APP205470,AUTO_APPROVE,STANDARD_STRAIGHT_THROUGH,False
APP205471,AUTO_APPROVE,STANDARD_STRAIGHT_THROUGH,False
APP205472,AUTO_APPROVE,STANDARD_STRAIGHT_THROUGH,False
APP205473,AUTO_APPROVE,STANDARD_STRAIGHT_THROUGH,False
APP205474,DECLINE,POLICY_FAILURE,False
APP205475,AUTO_APPROVE,STANDARD_STRAIGHT_THROUGH,False
APP205476,DECLINE,POLICY_FAILURE,False
APP205477,HUMAN_REVIEW,LOW_DOCUMENT_CONFIDENCE,True
APP205478,AUTO_APPROVE,STANDARD_STRAIGHT_THROUGH,False
APP205479,DECLINE,POLICY_FAILURE,False
APP205480,DECLINE,POLICY_FAILURE,False
APP205481,AUTO_APPROVE,STANDARD_STRAIGHT_THROUGH,False
APP205482,AUTO_APPROVE,STANDARD_STRAIGHT_THROUGH,False
APP205483,DECLINE,POLICY_FAILURE,False
APP205484,DECLINE,POLICY_FAILURE,False
APP205485,DECLINE,POLICY_FAILURE,False
APP205486,AUTO_APPROVE,STANDARD_STRAIGHT_THROUGH,False
APP205487,AUTO_APPROVE,STANDARD_STRAIGHT_THROUGH,False
APP205488,DECLINE,POLICY_FAILURE,False
APP205489,AUTO_APPROVE,STANDARD_STRAIGHT_THROUGH,False
APP205490,DECLINE,POLICY_FAILURE,False
APP205491,AUTO_APPROVE,STANDARD_STRAIGHT_THROUGH,False
APP205492,DECLINE,POLICY_FAILURE,False
APP205493,AUTO_APPROVE,STANDARD_STRAIGHT_THROUGH,False
APP205494,AUTO_APPROVE,STANDARD_STRAIGHT_THROUGH,False
APP205495,AUTO_APPROVE,STANDARD_STRAIGHT_THROUGH,False
APP205496,AUTO_APPROVE,STANDARD_STRAIGHT_THROUGH,False
APP205497,AUTO_APPROVE,STANDARD_STRAIGHT_THROUGH,False
APP205498,AUTO_APPROVE,STANDARD_STRAIGHT_THROUGH,False
APP205499,AUTO_APPROVE,STANDARD_STRAIGHT_THROUGH,False
APP205500,DECLINE,POLICY_FAILURE,False
APP205501,DECLINE,POLICY_FAILURE,False
APP205502,AUTO_APPROVE,STANDARD_STRAIGHT_THROUGH,False
APP205503,AUTO_APPROVE,STANDARD_STRAIGHT_THROUGH,False
APP205504,AUTO_APPROVE,STANDARD_STRAIGHT_THROUGH,False
APP205505,AUTO_APPROVE,STANDARD_STRAIGHT_THROUGH,False
APP205506,AUTO_APPROVE,STANDARD_STRAIGHT_THROUGH,False
APP205507,DECLINE,POLICY_FAILURE,False
APP205508,DECLINE,POLICY_FAILURE,False
APP205509,AUTO_APPROVE,STANDARD_STRAIGHT_THROUGH,False
APP205510,DECLINE,POLICY_FAILURE,False
APP205511,AUTO_APPROVE,STANDARD_STRAIGHT_THROUGH,False
APP205512,DECLINE,POLICY_FAILURE,False
APP205513,AUTO_APPROVE,STANDARD_STRAIGHT_THROUGH,False
APP205514,DECLINE,POLICY_FAILURE,False
APP205515,DECLINE,POLICY_FAILURE,False
APP205516,DECLINE,POLICY_FAILURE,False
APP205517,DECLINE,POLICY_FAILURE,False
APP205518,AUTO_APPROVE,STANDARD_STRAIGHT_THROUGH,False
APP205519,DECLINE,POLICY_FAILURE,False
APP205520,AUTO_APPROVE,STANDARD_STRAIGHT_THROUGH,False
APP205521,AUTO_APPROVE,STANDARD_STRAIGHT_THROUGH,False
APP205522,DECLINE,POLICY_FAILURE,False
APP205523,DECLINE,POLICY_FAILURE,False
APP205524,AUTO_APPROVE,STANDARD_STRAIGHT_THROUGH,False
APP205525,DECLINE,POLICY_FAILURE,False
APP205526,HUMAN_REVIEW,LOW_DOCUMENT_CONFIDENCE,True
APP205527,AUTO_APPROVE,STANDARD_STRAIGHT_THROUGH,False
APP205528,AUTO_APPROVE,STANDARD_STRAIGHT_THROUGH,False
APP205529,AUTO_APPROVE,STANDARD_STRAIGHT_THROUGH,False
APP205530,DECLINE,POLICY_FAILURE,False
APP205531,AUTO_APPROVE,STANDARD_STRAIGHT_THROUGH,False
APP205532,AUTO_APPROVE,STANDARD_STRAIGHT_THROUGH,False
APP205533,DECLINE,POLICY_FAILURE,False
APP205534,DECLINE,POLICY_FAILURE,False
APP205535,DECLINE,POLICY_FAILURE,False
APP205536,DECLINE,POLICY_FAILURE,False
APP205537,AUTO_APPROVE,STANDARD_STRAIGHT_THROUGH,False
APP205538,AUTO_APPROVE,STANDARD_STRAIGHT_THROUGH,False
APP205539,AUTO_APPROVE,STANDARD_STRAIGHT_THROUGH,False
APP205540,AUTO_APPROVE,STANDARD_STRAIGHT_THROUGH,False
APP205541,DECLINE,POLICY_FAILURE,False
APP205542,DECLINE,POLICY_FAILURE,False
APP205543,AUTO_APPROVE,STANDARD_STRAIGHT_THROUGH,False
APP205544,AUTO_APPROVE,STANDARD_STRAIGHT_THROUGH,False
APP205545,DECLINE,POLICY_FAILURE,False
APP205546,AUTO_APPROVE,STANDARD_STRAIGHT_THROUGH,False
APP205547,DECLINE,POLICY_FAILURE,False
APP205548,DECLINE,POLICY_FAILURE,False
APP205549,AUTO_APPROVE,STANDARD_STRAIGHT_THROUGH,False
APP205550,AUTO_APPROVE,STANDARD_STRAIGHT_THROUGH,False
APP205551,AUTO_APPROVE,STANDARD_STRAIGHT_THROUGH,False
APP205552,AUTO_APPROVE,STANDARD_STRAIGHT_THROUGH,False
APP205553,DECLINE,POLICY_FAILURE,False
APP205554,AUTO_APPROVE,STANDARD_STRAIGHT_THROUGH,False
APP205555,AUTO_APPROVE,STANDARD_STRAIGHT_THROUGH,False
APP205556,AUTO_APPROVE,STANDARD_STRAIGHT_THROUGH,False
APP205557,AUTO_APPROVE,STANDARD_STRAIGHT_THROUGH,False
APP205558,DECLINE,POLICY_FAILURE,False
APP205559,AUTO_APPROVE,STANDARD_STRAIGHT_THROUGH,False
APP205560,AUTO_APPROVE,STANDARD_STRAIGHT_THROUGH,False
APP205561,AUTO_APPROVE,STANDARD_STRAIGHT_THROUGH,False
APP205562,DECLINE,POLICY_FAILURE,False
APP205563,DECLINE,POLICY_FAILURE,False
APP205564,AUTO_APPROVE,STANDARD_STRAIGHT_THROUGH,False
APP205565,AUTO_APPROVE,STANDARD_STRAIGHT_THROUGH,False
APP205566,DECLINE,POLICY_FAILURE,False
APP205567,DECLINE,POLICY_FAILURE,False
APP205568,AUTO_APPROVE,STANDARD_STRAIGHT_THROUGH,False
APP205569,AUTO_APPROVE,STANDARD_STRAIGHT_THROUGH,False
APP205570,AUTO_APPROVE,STANDARD_STRAIGHT_THROUGH,False
APP205571,AUTO_APPROVE,STANDARD_STRAIGHT_THROUGH,False
APP205572,AUTO_APPROVE,STANDARD_STRAIGHT_THROUGH,False
APP205573,AUTO_APPROVE,STANDARD_STRAIGHT_THROUGH,False
APP205574,HUMAN_REVIEW,LOW_DOCUMENT_CONFIDENCE,True
APP205575,DECLINE,POLICY_FAILURE,False
APP205576,AUTO_APPROVE,STANDARD_STRAIGHT_THROUGH,False
APP205577,DECLINE,POLICY_FAILURE,False
APP205578,DECLINE,POLICY_FAILURE,False
APP205579,AUTO_APPROVE,STANDARD_STRAIGHT_THROUGH,False
APP205580,AUTO_APPROVE,STANDARD_STRAIGHT_THROUGH,False
APP205581,DECLINE,POLICY_FAILURE,False
APP205582,AUTO_APPROVE,STANDARD_STRAIGHT_THROUGH,False
APP205583,AUTO_APPROVE,STANDARD_STRAIGHT_THROUGH,False
APP205584,AUTO_APPROVE,STANDARD_STRAIGHT_THROUGH,False
APP205585,DECLINE,POLICY_FAILURE,False
APP205586,AUTO_APPROVE,STANDARD_STRAIGHT_THROUGH,False
APP205587,DECLINE,POLICY_FAILURE,False
APP205588,AUTO_APPROVE,STANDARD_STRAIGHT_THROUGH,False
APP205589,AUTO_APPROVE,STANDARD_STRAIGHT_THROUGH,False
APP205590,AUTO_APPROVE,STANDARD_STRAIGHT_THROUGH,False
APP205591,AUTO_APPROVE,STANDARD_STRAIGHT_THROUGH,False
APP205592,AUTO_APPROVE,STANDARD_STRAIGHT_THROUGH,False
APP205593,AUTO_APPROVE,STANDARD_STRAIGHT_THROUGH,False
APP205594,AUTO_APPROVE,STANDARD_STRAIGHT_THROUGH,False
APP205595,AUTO_APPROVE,STANDARD_STRAIGHT_THROUGH,False
APP205596,AUTO_APPROVE,STANDARD_STRAIGHT_THROUGH,False
APP205597,AUTO_APPROVE,STANDARD_STRAIGHT_THROUGH,False
APP205598,DECLINE,POLICY_FAILURE,False
APP205599,DECLINE,POLICY_FAILURE,False
APP205600,DECLINE,POLICY_FAILURE,False
APP205601,AUTO_APPROVE,STANDARD_STRAIGHT_THROUGH,False
APP205602,AUTO_APPROVE,STANDARD_STRAIGHT_THROUGH,False
APP205603,DECLINE,POLICY_FAILURE,False
APP205604,DECLINE,POLICY_FAILURE,False
APP205605,DECLINE,POLICY_FAILURE,False
APP205606,AUTO_APPROVE,STANDARD_STRAIGHT_THROUGH,False
APP205607,AUTO_APPROVE,STANDARD_STRAIGHT_THROUGH,False
APP205608,DECLINE,POLICY_FAILURE,False
APP205609,AUTO_APPROVE,STANDARD_STRAIGHT_THROUGH,False
APP205610,AUTO_APPROVE,STANDARD_STRAIGHT_THROUGH,False
APP205611,AUTO_APPROVE,STANDARD_STRAIGHT_THROUGH,False
APP205612,AUTO_APPROVE,STANDARD_STRAIGHT_THROUGH,False
APP205613,AUTO_APPROVE,STANDARD_STRAIGHT_THROUGH,False
APP205614,AUTO_APPROVE,STANDARD_STRAIGHT_THROUGH,False
APP205615,AUTO_APPROVE,STANDARD_STRAIGHT_THROUGH,False
APP205616,DECLINE,POLICY_FAILURE,False
APP205617,DECLINE,POLICY_FAILURE,False
APP205618,AUTO_APPROVE,STANDARD_STRAIGHT_THROUGH,False
APP205619,DECLINE,POLICY_FAILURE,False
APP205620,DECLINE,POLICY_FAILURE,False
APP205621,AUTO_APPROVE,STANDARD_STRAIGHT_THROUGH,False
APP205622,DECLINE,POLICY_FAILURE,False
APP205623,AUTO_APPROVE,STANDARD_STRAIGHT_THROUGH,False
APP205624,DECLINE,POLICY_FAILURE,False
APP205625,DECLINE,POLICY_FAILURE,False
APP205626,AUTO_APPROVE,STANDARD_STRAIGHT_THROUGH,False
APP205627,DECLINE,POLICY_FAILURE,False
APP205628,HUMAN_REVIEW,LOW_DOCUMENT_CONFIDENCE,True
APP205629,DECLINE,POLICY_FAILURE,False
APP205630,DECLINE,POLICY_FAILURE,False
APP205631,AUTO_APPROVE,STANDARD_STRAIGHT_THROUGH,False
APP205632,DECLINE,POLICY_FAILURE,False
APP205633,AUTO_APPROVE,STANDARD_STRAIGHT_THROUGH,False
APP205634,AUTO_APPROVE,STANDARD_STRAIGHT_THROUGH,False
APP205635,AUTO_APPROVE,STANDARD_STRAIGHT_THROUGH,False
APP205636,AUTO_APPROVE,STANDARD_STRAIGHT_THROUGH,False
APP205637,AUTO_APPROVE,STANDARD_STRAIGHT_THROUGH,False
APP205638,AUTO_APPROVE,STANDARD_STRAIGHT_THROUGH,False
APP205639,DECLINE,POLICY_FAILURE,False
APP205640,AUTO_APPROVE,STANDARD_STRAIGHT_THROUGH,False
APP205641,AUTO_APPROVE,STANDARD_STRAIGHT_THROUGH,False
APP205642,AUTO_APPROVE,STANDARD_STRAIGHT_THROUGH,False
APP205643,AUTO_APPROVE,STANDARD_STRAIGHT_THROUGH,False
APP205644,AUTO_APPROVE,STANDARD_STRAIGHT_THROUGH,False
APP205645,DECLINE,POLICY_FAILURE,False
APP205646,DECLINE,POLICY_FAILURE,False
APP205647,AUTO_APPROVE,STANDARD_STRAIGHT_THROUGH,False
APP205648,DECLINE,POLICY_FAILURE,False
APP205649,AUTO_APPROVE,STANDARD_STRAIGHT_THROUGH,False
APP205650,AUTO_APPROVE,STANDARD_STRAIGHT_THROUGH,False
APP205651,AUTO_APPROVE,STANDARD_STRAIGHT_THROUGH,False
APP205652,AUTO_APPROVE,STANDARD_STRAIGHT_THROUGH,False
APP205653,AUTO_APPROVE,STANDARD_STRAIGHT_THROUGH,False
APP205654,AUTO_APPROVE,STANDARD_STRAIGHT_THROUGH,False
APP205655,AUTO_APPROVE,STANDARD_STRAIGHT_THROUGH,False
APP205656,AUTO_APPROVE,STANDARD_STRAIGHT_THROUGH,False
APP205657,DECLINE,POLICY_FAILURE,False
APP205658,AUTO_APPROVE,STANDARD_STRAIGHT_THROUGH,False
APP205659,AUTO_APPROVE,STANDARD_STRAIGHT_THROUGH,False
APP205660,DECLINE,POLICY_FAILURE,False
APP205661,DECLINE,POLICY_FAILURE,False
APP205662,AUTO_APPROVE,STANDARD_STRAIGHT_THROUGH,False
APP205663,DECLINE,POLICY_FAILURE,False
APP205664,DECLINE,POLICY_FAILURE,False
APP205665,AUTO_APPROVE,STANDARD_STRAIGHT_THROUGH,False
APP205666,AUTO_APPROVE,STANDARD_STRAIGHT_THROUGH,False
APP205667,AUTO_APPROVE,STANDARD_STRAIGHT_THROUGH,False
APP205668,AUTO_APPROVE,STANDARD_STRAIGHT_THROUGH,False
APP205669,AUTO_APPROVE,STANDARD_STRAIGHT_THROUGH,False
APP205670,AUTO_APPROVE,STANDARD_STRAIGHT_THROUGH,False
APP205671,AUTO_APPROVE,STANDARD_STRAIGHT_THROUGH,False
APP205672,DECLINE,POLICY_FAILURE,False
APP205673,DECLINE,POLICY_FAILURE,False
APP205674,DECLINE,POLICY_FAILURE,False
APP205675,AUTO_APPROVE,STANDARD_STRAIGHT_THROUGH,False
APP205676,AUTO_APPROVE,STANDARD_STRAIGHT_THROUGH,False
APP205677,AUTO_APPROVE,STANDARD_STRAIGHT_THROUGH,False
APP205678,DECLINE,POLICY_FAILURE,False
APP205679,AUTO_APPROVE,STANDARD_STRAIGHT_THROUGH,False
APP205680,DECLINE,POLICY_FAILURE,False
APP205681,AUTO_APPROVE,STANDARD_STRAIGHT_THROUGH,False
APP205682,DECLINE,POLICY_FAILURE,False
APP205683,DECLINE,POLICY_FAILURE,False
APP205684,DECLINE,POLICY_FAILURE,False
APP205685,DECLINE,POLICY_FAILURE,False
APP205686,AUTO_APPROVE,STANDARD_STRAIGHT_THROUGH,False
APP205687,AUTO_APPROVE,STANDARD_STRAIGHT_THROUGH,False
APP205688,DECLINE,POLICY_FAILURE,False
APP205689,DECLINE,POLICY_FAILURE,False
APP205690,DECLINE,POLICY_FAILURE,False
APP205691,DECLINE,POLICY_FAILURE,False
APP205692,AUTO_APPROVE,STANDARD_STRAIGHT_THROUGH,False
APP205693,AUTO_APPROVE,STANDARD_STRAIGHT_THROUGH,False
APP205694,AUTO_APPROVE,STANDARD_STRAIGHT_THROUGH,False
APP205695,AUTO_APPROVE,STANDARD_STRAIGHT_THROUGH,False
APP205696,AUTO_APPROVE,STANDARD_STRAIGHT_THROUGH,False
APP205697,AUTO_APPROVE,STANDARD_STRAIGHT_THROUGH,False
APP205698,AUTO_APPROVE,STANDARD_STRAIGHT_THROUGH,False
APP205699,DECLINE,POLICY_FAILURE,False
APP205700,DECLINE,POLICY_FAILURE,False
APP205701,DECLINE,POLICY_FAILURE,False
APP205702,AUTO_APPROVE,STANDARD_STRAIGHT_THROUGH,False
APP205703,AUTO_APPROVE,STANDARD_STRAIGHT_THROUGH,False
APP205704,DECLINE,POLICY_FAILURE,False
APP205705,DECLINE,POLICY_FAILURE,False
APP205706,DECLINE,POLICY_FAILURE,False
APP205707,AUTO_APPROVE,STANDARD_STRAIGHT_THROUGH,False
APP205708,AUTO_APPROVE,STANDARD_STRAIGHT_THROUGH,False
APP205709,DECLINE,POLICY_FAILURE,False
APP205710,AUTO_APPROVE,STANDARD_STRAIGHT_THROUGH,False
APP205711,AUTO_APPROVE,STANDARD_STRAIGHT_THROUGH,False
APP205712,AUTO_APPROVE,STANDARD_STRAIGHT_THROUGH,False
APP205713,AUTO_APPROVE,STANDARD_STRAIGHT_THROUGH,False
APP205714,AUTO_APPROVE,STANDARD_STRAIGHT_THROUGH,False
APP205715,AUTO_APPROVE,STANDARD_STRAIGHT_THROUGH,False
APP205716,DECLINE,POLICY_FAILURE,False
APP205717,AUTO_APPROVE,STANDARD_STRAIGHT_THROUGH,False
APP205718,AUTO_APPROVE,STANDARD_STRAIGHT_THROUGH,False
APP205719,AUTO_APPROVE,STANDARD_STRAIGHT_THROUGH,False
APP205720,DECLINE,POLICY_FAILURE,False
APP205721,AUTO_APPROVE,STANDARD_STRAIGHT_THROUGH,False
APP205722,DECLINE,POLICY_FAILURE,False
APP205723,DECLINE,POLICY_FAILURE,False
APP205724,DECLINE,POLICY_FAILURE,False
APP205725,DECLINE,POLICY_FAILURE,False
APP205726,AUTO_APPROVE,STANDARD_STRAIGHT_THROUGH,False
APP205727,DECLINE,POLICY_FAILURE,False
APP205728,DECLINE,POLICY_FAILURE,False
APP205729,AUTO_APPROVE,STANDARD_STRAIGHT_THROUGH,False
APP205730,DECLINE,POLICY_FAILURE,False
APP205731,DECLINE,POLICY_FAILURE,False
APP205732,AUTO_APPROVE,STANDARD_STRAIGHT_THROUGH,False
APP205733,AUTO_APPROVE,STANDARD_STRAIGHT_THROUGH,False
APP205734,DECLINE,POLICY_FAILURE,False
APP205735,DECLINE,POLICY_FAILURE,False
APP205736,AUTO_APPROVE,STANDARD_STRAIGHT_THROUGH,False
APP205737,AUTO_APPROVE,STANDARD_STRAIGHT_THROUGH,False
APP205738,DECLINE,POLICY_FAILURE,False
APP205739,AUTO_APPROVE,STANDARD_STRAIGHT_THROUGH,False
APP205740,DECLINE,POLICY_FAILURE,False
APP205741,DECLINE,POLICY_FAILURE,False
APP205742,DECLINE,POLICY_FAILURE,False
APP205743,AUTO_APPROVE,STANDARD_STRAIGHT_THROUGH,False
APP205744,DECLINE,POLICY_FAILURE,False
APP205745,AUTO_APPROVE,STANDARD_STRAIGHT_THROUGH,False
APP205746,DECLINE,POLICY_FAILURE,False
APP205747,DECLINE,POLICY_FAILURE,False
APP205748,AUTO_APPROVE,STANDARD_STRAIGHT_THROUGH,False
APP205749,AUTO_APPROVE,STANDARD_STRAIGHT_THROUGH,False
APP205750,DECLINE,POLICY_FAILURE,False
APP205751,AUTO_APPROVE,STANDARD_STRAIGHT_THROUGH,False
APP205752,AUTO_APPROVE,STANDARD_STRAIGHT_THROUGH,False
APP205753,AUTO_APPROVE,STANDARD_STRAIGHT_THROUGH,False
APP205754,DECLINE,POLICY_FAILURE,False
APP205755,AUTO_APPROVE,STANDARD_STRAIGHT_THROUGH,False
APP205756,AUTO_APPROVE,STANDARD_STRAIGHT_THROUGH,False
APP205757,DECLINE,POLICY_FAILURE,False
APP205758,DECLINE,POLICY_FAILURE,False
APP205759,DECLINE,POLICY_FAILURE,False
APP205760,AUTO_APPROVE,STANDARD_STRAIGHT_THROUGH,False
APP205761,DECLINE,POLICY_FAILURE,False
APP205762,AUTO_APPROVE,STANDARD_STRAIGHT_THROUGH,False
APP205763,HUMAN_REVIEW,LOW_DOCUMENT_CONFIDENCE,True
APP205764,AUTO_APPROVE,STANDARD_STRAIGHT_THROUGH,False
APP205765,AUTO_APPROVE,STANDARD_STRAIGHT_THROUGH,False
APP205766,AUTO_APPROVE,STANDARD_STRAIGHT_THROUGH,False
APP205767,AUTO_APPROVE,STANDARD_STRAIGHT_THROUGH,False
APP205768,AUTO_APPROVE,STANDARD_STRAIGHT_THROUGH,False
APP205769,DECLINE,POLICY_FAILURE,False
APP205770,AUTO_APPROVE,STANDARD_STRAIGHT_THROUGH,False
APP205771,AUTO_APPROVE,STANDARD_STRAIGHT_THROUGH,False
APP205772,DECLINE,POLICY_FAILURE,False
APP205773,DECLINE,POLICY_FAILURE,False
APP205774,DECLINE,POLICY_FAILURE,False
APP205775,AUTO_APPROVE,STANDARD_STRAIGHT_THROUGH,False
APP205776,DECLINE,POLICY_FAILURE,False
APP205777,AUTO_APPROVE,STANDARD_STRAIGHT_THROUGH,False
APP205778,AUTO_APPROVE,STANDARD_STRAIGHT_THROUGH,False
APP205779,DECLINE,POLICY_FAILURE,False
APP205780,AUTO_APPROVE,STANDARD_STRAIGHT_THROUGH,False
APP205781,AUTO_APPROVE,STANDARD_STRAIGHT_THROUGH,False
APP205782,AUTO_APPROVE,STANDARD_STRAIGHT_THROUGH,False
APP205783,AUTO_APPROVE,STANDARD_STRAIGHT_THROUGH,False
APP205784,AUTO_APPROVE,STANDARD_STRAIGHT_THROUGH,False
APP205785,DECLINE,POLICY_FAILURE,False
APP205786,AUTO_APPROVE,STANDARD_STRAIGHT_THROUGH,False
APP205787,AUTO_APPROVE,STANDARD_STRAIGHT_THROUGH,False
APP205788,DECLINE,POLICY_FAILURE,False
APP205789,DECLINE,POLICY_FAILURE,False
APP205790,AUTO_APPROVE,STANDARD_STRAIGHT_THROUGH,False
APP205791,DECLINE,POLICY_FAILURE,False
APP205792,DECLINE,POLICY_FAILURE,False
APP205793,DECLINE,POLICY_FAILURE,False
APP205794,AUTO_APPROVE,STANDARD_STRAIGHT_THROUGH,False
APP205795,AUTO_APPROVE,STANDARD_STRAIGHT_THROUGH,False
APP205796,AUTO_APPROVE,STANDARD_STRAIGHT_THROUGH,False
APP205797,DECLINE,POLICY_FAILURE,False
APP205798,DECLINE,POLICY_FAILURE,False
APP205799,AUTO_APPROVE,STANDARD_STRAIGHT_THROUGH,False
APP205800,AUTO_APPROVE,STANDARD_STRAIGHT_THROUGH,False
APP205801,AUTO_APPROVE,STANDARD_STRAIGHT_THROUGH,False
APP205802,DECLINE,POLICY_FAILURE,False
APP205803,DECLINE,POLICY_FAILURE,False
APP205804,AUTO_APPROVE,STANDARD_STRAIGHT_THROUGH,False
APP205805,AUTO_APPROVE,STANDARD_STRAIGHT_THROUGH,False
APP205806,DECLINE,POLICY_FAILURE,False
APP205807,AUTO_APPROVE,STANDARD_STRAIGHT_THROUGH,False
APP205808,DECLINE,POLICY_FAILURE,False
APP205809,AUTO_APPROVE,STANDARD_STRAIGHT_THROUGH,False
APP205810,AUTO_APPROVE,STANDARD_STRAIGHT_THROUGH,False
APP205811,AUTO_APPROVE,STANDARD_STRAIGHT_THROUGH,False
APP205812,AUTO_APPROVE,STANDARD_STRAIGHT_THROUGH,False
APP205813,AUTO_APPROVE,STANDARD_STRAIGHT_THROUGH,False
APP205814,DECLINE,POLICY_FAILURE,False
APP205815,DECLINE,POLICY_FAILURE,False
APP205816,AUTO_APPROVE,STANDARD_STRAIGHT_THROUGH,False
APP205817,AUTO_APPROVE,STANDARD_STRAIGHT_THROUGH,False
APP205818,AUTO_APPROVE,STANDARD_STRAIGHT_THROUGH,False
APP205819,AUTO_APPROVE,STANDARD_STRAIGHT_THROUGH,False
APP205820,AUTO_APPROVE,STANDARD_STRAIGHT_THROUGH,False
APP205821,AUTO_APPROVE,STANDARD_STRAIGHT_THROUGH,False
APP205822,AUTO_APPROVE,STANDARD_STRAIGHT_THROUGH,False
APP205823,AUTO_APPROVE,STANDARD_STRAIGHT_THROUGH,False
APP205824,AUTO_APPROVE,STANDARD_STRAIGHT_THROUGH,False
APP205825,DECLINE,POLICY_FAILURE,False
APP205826,AUTO_APPROVE,STANDARD_STRAIGHT_THROUGH,False
APP205827,AUTO_APPROVE,STANDARD_STRAIGHT_THROUGH,False
APP205828,AUTO_APPROVE,STANDARD_STRAIGHT_THROUGH,False
APP205829,AUTO_APPROVE,STANDARD_STRAIGHT_THROUGH,False
APP205830,AUTO_APPROVE,STANDARD_STRAIGHT_THROUGH,False
APP205831,DECLINE,POLICY_FAILURE,False
APP205832,DECLINE,POLICY_FAILURE,False
APP205833,AUTO_APPROVE,STANDARD_STRAIGHT_THROUGH,False
APP205834,HUMAN_REVIEW,LOW_DOCUMENT_CONFIDENCE,True
APP205835,DECLINE,POLICY_FAILURE,False
APP205836,AUTO_APPROVE,STANDARD_STRAIGHT_THROUGH,False
APP205837,AUTO_APPROVE,STANDARD_STRAIGHT_THROUGH,False
APP205838,DECLINE,POLICY_FAILURE,False
APP205839,DECLINE,POLICY_FAILURE,False
APP205840,AUTO_APPROVE,STANDARD_STRAIGHT_THROUGH,False
APP205841,AUTO_APPROVE,STANDARD_STRAIGHT_THROUGH,False
APP205842,AUTO_APPROVE,STANDARD_STRAIGHT_THROUGH,False
APP205843,AUTO_APPROVE,STANDARD_STRAIGHT_THROUGH,False
APP205844,AUTO_APPROVE,STANDARD_STRAIGHT_THROUGH,False
APP205845,DECLINE,POLICY_FAILURE,False
APP205846,AUTO_APPROVE,STANDARD_STRAIGHT_THROUGH,False
APP205847,AUTO_APPROVE,STANDARD_STRAIGHT_THROUGH,False
APP205848,AUTO_APPROVE,STANDARD_STRAIGHT_THROUGH,False
APP205849,AUTO_APPROVE,STANDARD_STRAIGHT_THROUGH,False
APP205850,AUTO_APPROVE,STANDARD_STRAIGHT_THROUGH,False
APP205851,DECLINE,POLICY_FAILURE,False
APP205852,DECLINE,POLICY_FAILURE,False
APP205853,HUMAN_REVIEW,LOW_DOCUMENT_CONFIDENCE,True
APP205854,AUTO_APPROVE,STANDARD_STRAIGHT_THROUGH,False
APP205855,DECLINE,POLICY_FAILURE,False
APP205856,AUTO_APPROVE,STANDARD_STRAIGHT_THROUGH,False
APP205857,DECLINE,POLICY_FAILURE,False
APP205858,DECLINE,POLICY_FAILURE,False
APP205859,DECLINE,POLICY_FAILURE,False
APP205860,AUTO_APPROVE,STANDARD_STRAIGHT_THROUGH,False
APP205861,AUTO_APPROVE,STANDARD_STRAIGHT_THROUGH,False
APP205862,AUTO_APPROVE,STANDARD_STRAIGHT_THROUGH,False
APP205863,HUMAN_REVIEW,LOW_DOCUMENT_CONFIDENCE,True
APP205864,AUTO_APPROVE,STANDARD_STRAIGHT_THROUGH,False
APP205865,AUTO_APPROVE,STANDARD_STRAIGHT_THROUGH,False
APP205866,DECLINE,POLICY_FAILURE,False
APP205867,AUTO_APPROVE,STANDARD_STRAIGHT_THROUGH,False
APP205868,DECLINE,POLICY_FAILURE,False
APP205869,AUTO_APPROVE,STANDARD_STRAIGHT_THROUGH,False
APP205870,AUTO_APPROVE,STANDARD_STRAIGHT_THROUGH,False
APP205871,AUTO_APPROVE,STANDARD_STRAIGHT_THROUGH,False
APP205872,AUTO_APPROVE,STANDARD_STRAIGHT_THROUGH,False
APP205873,AUTO_APPROVE,STANDARD_STRAIGHT_THROUGH,False
APP205874,DECLINE,POLICY_FAILURE,False
APP205875,AUTO_APPROVE,STANDARD_STRAIGHT_THROUGH,False
APP205876,AUTO_APPROVE,STANDARD_STRAIGHT_THROUGH,False
APP205877,AUTO_APPROVE,STANDARD_STRAIGHT_THROUGH,False
APP205878,AUTO_APPROVE,STANDARD_STRAIGHT_THROUGH,False
APP205879,DECLINE,POLICY_FAILURE,False
APP205880,AUTO_APPROVE,STANDARD_STRAIGHT_THROUGH,False
APP205881,DECLINE,POLICY_FAILURE,False
APP205882,DECLINE,POLICY_FAILURE,False
APP205883,AUTO_APPROVE,STANDARD_STRAIGHT_THROUGH,False
APP205884,AUTO_APPROVE,STANDARD_STRAIGHT_THROUGH,False
APP205885,AUTO_APPROVE,STANDARD_STRAIGHT_THROUGH,False
APP205886,AUTO_APPROVE,STANDARD_STRAIGHT_THROUGH,False
APP205887,DECLINE,POLICY_FAILURE,False
APP205888,DECLINE,POLICY_FAILURE,False
APP205889,AUTO_APPROVE,STANDARD_STRAIGHT_THROUGH,False
APP205890,AUTO_APPROVE,STANDARD_STRAIGHT_THROUGH,False
APP205891,HUMAN_REVIEW,LOW_DOCUMENT_CONFIDENCE,True
APP205892,DECLINE,POLICY_FAILURE,False
APP205893,AUTO_APPROVE,STANDARD_STRAIGHT_THROUGH,False
APP205894,AUTO_APPROVE,STANDARD_STRAIGHT_THROUGH,False
APP205895,DECLINE,POLICY_FAILURE,False
APP205896,AUTO_APPROVE,STANDARD_STRAIGHT_THROUGH,False
APP205897,DECLINE,POLICY_FAILURE,False
APP205898,AUTO_APPROVE,STANDARD_STRAIGHT_THROUGH,False
APP205899,HUMAN_REVIEW,LOW_DOCUMENT_CONFIDENCE,True
APP205900,DECLINE,POLICY_FAILURE,False
APP205901,AUTO_APPROVE,STANDARD_STRAIGHT_THROUGH,False
APP205902,AUTO_APPROVE,STANDARD_STRAIGHT_THROUGH,False
APP205903,AUTO_APPROVE,STANDARD_STRAIGHT_THROUGH,False
APP205904,AUTO_APPROVE,STANDARD_STRAIGHT_THROUGH,False
APP205905,AUTO_APPROVE,STANDARD_STRAIGHT_THROUGH,False
APP205906,DECLINE,POLICY_FAILURE,False
APP205907,DECLINE,POLICY_FAILURE,False
APP205908,DECLINE,POLICY_FAILURE,False
APP205909,AUTO_APPROVE,STANDARD_STRAIGHT_THROUGH,False
APP205910,AUTO_APPROVE,STANDARD_STRAIGHT_THROUGH,False
APP205911,AUTO_APPROVE,STANDARD_STRAIGHT_THROUGH,False
APP205912,AUTO_APPROVE,STANDARD_STRAIGHT_THROUGH,False
APP205913,AUTO_APPROVE,STANDARD_STRAIGHT_THROUGH,False
APP205914,AUTO_APPROVE,STANDARD_STRAIGHT_THROUGH,False
APP205915,DECLINE,POLICY_FAILURE,False
APP205916,AUTO_APPROVE,STANDARD_STRAIGHT_THROUGH,False
APP205917,DECLINE,POLICY_FAILURE,False
APP205918,DECLINE,POLICY_FAILURE,False
APP205919,AUTO_APPROVE,STANDARD_STRAIGHT_THROUGH,False
APP205920,DECLINE,POLICY_FAILURE,False
APP205921,AUTO_APPROVE,STANDARD_STRAIGHT_THROUGH,False
APP205922,DECLINE,POLICY_FAILURE,False
APP205923,DECLINE,POLICY_FAILURE,False
APP205924,DECLINE,POLICY_FAILURE,False
APP205925,AUTO_APPROVE,STANDARD_STRAIGHT_THROUGH,False
APP205926,AUTO_APPROVE,STANDARD_STRAIGHT_THROUGH,False
APP205927,AUTO_APPROVE,STANDARD_STRAIGHT_THROUGH,False
APP205928,AUTO_APPROVE,STANDARD_STRAIGHT_THROUGH,False
APP205929,AUTO_APPROVE,STANDARD_STRAIGHT_THROUGH,False
APP205930,AUTO_APPROVE,STANDARD_STRAIGHT_THROUGH,False
APP205931,AUTO_APPROVE,STANDARD_STRAIGHT_THROUGH,False
APP205932,AUTO_APPROVE,STANDARD_STRAIGHT_THROUGH,False
APP205933,AUTO_APPROVE,STANDARD_STRAIGHT_THROUGH,False
APP205934,DECLINE,POLICY_FAILURE,False
APP205935,AUTO_APPROVE,STANDARD_STRAIGHT_THROUGH,False
APP205936,AUTO_APPROVE,STANDARD_STRAIGHT_THROUGH,False
APP205937,AUTO_APPROVE,STANDARD_STRAIGHT_THROUGH,False
APP205938,AUTO_APPROVE,STANDARD_STRAIGHT_THROUGH,False
APP205939,AUTO_APPROVE,STANDARD_STRAIGHT_THROUGH,False
APP205940,AUTO_APPROVE,STANDARD_STRAIGHT_THROUGH,False
APP205941,DECLINE,POLICY_FAILURE,False
APP205942,AUTO_APPROVE,STANDARD_STRAIGHT_THROUGH,False
APP205943,DECLINE,POLICY_FAILURE,False
APP205944,DECLINE,POLICY_FAILURE,False
APP205945,DECLINE,POLICY_FAILURE,False
APP205946,AUTO_APPROVE,STANDARD_STRAIGHT_THROUGH,False
APP205947,DECLINE,POLICY_FAILURE,False
APP205948,DECLINE,POLICY_FAILURE,False
APP205949,AUTO_APPROVE,STANDARD_STRAIGHT_THROUGH,False
APP205950,AUTO_APPROVE,STANDARD_STRAIGHT_THROUGH,False
APP205951,AUTO_APPROVE,STANDARD_STRAIGHT_THROUGH,False
APP205952,AUTO_APPROVE,STANDARD_STRAIGHT_THROUGH,False
APP205953,AUTO_APPROVE,STANDARD_STRAIGHT_THROUGH,False
APP205954,DECLINE,POLICY_FAILURE,False
APP205955,AUTO_APPROVE,STANDARD_STRAIGHT_THROUGH,False
APP205956,AUTO_APPROVE,STANDARD_STRAIGHT_THROUGH,False
APP205957,AUTO_APPROVE,STANDARD_STRAIGHT_THROUGH,False
APP205958,HUMAN_REVIEW,LOW_DOCUMENT_CONFIDENCE,True
APP205959,DECLINE,POLICY_FAILURE,False
APP205960,AUTO_APPROVE,STANDARD_STRAIGHT_THROUGH,False
APP205961,AUTO_APPROVE,STANDARD_STRAIGHT_THROUGH,False
APP205962,DECLINE,POLICY_FAILURE,False
APP205963,AUTO_APPROVE,STANDARD_STRAIGHT_THROUGH,False
APP205964,DECLINE,POLICY_FAILURE,False
APP205965,DECLINE,POLICY_FAILURE,False
APP205966,DECLINE,POLICY_FAILURE,False
APP205967,DECLINE,POLICY_FAILURE,False
APP205968,DECLINE,POLICY_FAILURE,False
APP205969,DECLINE,POLICY_FAILURE,False
APP205970,AUTO_APPROVE,STANDARD_STRAIGHT_THROUGH,False
APP205971,AUTO_APPROVE,STANDARD_STRAIGHT_THROUGH,False
APP205972,DECLINE,POLICY_FAILURE,False
APP205973,AUTO_APPROVE,STANDARD_STRAIGHT_THROUGH,False
APP205974,DECLINE,POLICY_FAILURE,False
APP205975,DECLINE,POLICY_FAILURE,False
APP205976,AUTO_APPROVE,STANDARD_STRAIGHT_THROUGH,False
APP205977,AUTO_APPROVE,STANDARD_STRAIGHT_THROUGH,False
APP205978,DECLINE,POLICY_FAILURE,False
APP205979,AUTO_APPROVE,STANDARD_STRAIGHT_THROUGH,False
APP205980,AUTO_APPROVE,STANDARD_STRAIGHT_THROUGH,False
APP205981,DECLINE,POLICY_FAILURE,False
APP205982,AUTO_APPROVE,STANDARD_STRAIGHT_THROUGH,False
APP205983,AUTO_APPROVE,STANDARD_STRAIGHT_THROUGH,False
APP205984,DECLINE,POLICY_FAILURE,False
APP205985,DECLINE,POLICY_FAILURE,False
APP205986,AUTO_APPROVE,STANDARD_STRAIGHT_THROUGH,False
APP205987,AUTO_APPROVE,STANDARD_STRAIGHT_THROUGH,False
APP205988,AUTO_APPROVE,STANDARD_STRAIGHT_THROUGH,False
APP205989,DECLINE,POLICY_FAILURE,False
APP205990,AUTO_APPROVE,STANDARD_STRAIGHT_THROUGH,False
APP205991,DECLINE,POLICY_FAILURE,False
APP205992,AUTO_APPROVE,STANDARD_STRAIGHT_THROUGH,False
APP205993,DECLINE,POLICY_FAILURE,False
APP205994,DECLINE,POLICY_FAILURE,False
APP205995,AUTO_APPROVE,STANDARD_STRAIGHT_THROUGH,False
APP205996,AUTO_APPROVE,STANDARD_STRAIGHT_THROUGH,False
APP205997,AUTO_APPROVE,STANDARD_STRAIGHT_THROUGH,False
APP205998,AUTO_APPROVE,STANDARD_STRAIGHT_THROUGH,False
APP205999,DECLINE,POLICY_FAILURE,False
APP206000,AUTO_APPROVE,STANDARD_STRAIGHT_THROUGH,False
APP206001,AUTO_APPROVE,STANDARD_STRAIGHT_THROUGH,False
APP206002,DECLINE,POLICY_FAILURE,False
APP206003,AUTO_APPROVE,STANDARD_STRAIGHT_THROUGH,False
APP206004,DECLINE,POLICY_FAILURE,False
APP206005,AUTO_APPROVE,STANDARD_STRAIGHT_THROUGH,False
APP206006,AUTO_APPROVE,STANDARD_STRAIGHT_THROUGH,False
APP206007,AUTO_APPROVE,STANDARD_STRAIGHT_THROUGH,False
APP206008,AUTO_APPROVE,STANDARD_STRAIGHT_THROUGH,False
APP206009,AUTO_APPROVE,STANDARD_STRAIGHT_THROUGH,False
APP206010,AUTO_APPROVE,STANDARD_STRAIGHT_THROUGH,False
APP206011,DECLINE,POLICY_FAILURE,False
APP206012,AUTO_APPROVE,STANDARD_STRAIGHT_THROUGH,False
APP206013,AUTO_APPROVE,STANDARD_STRAIGHT_THROUGH,False
APP206014,AUTO_APPROVE,STANDARD_STRAIGHT_THROUGH,False
APP206015,AUTO_APPROVE,STANDARD_STRAIGHT_THROUGH,False
APP206016,AUTO_APPROVE,STANDARD_STRAIGHT_THROUGH,False
APP206017,AUTO_APPROVE,STANDARD_STRAIGHT_THROUGH,False
APP206018,DECLINE,POLICY_FAILURE,False
APP206019,AUTO_APPROVE,STANDARD_STRAIGHT_THROUGH,False
APP206020,AUTO_APPROVE,STANDARD_STRAIGHT_THROUGH,False
APP206021,DECLINE,POLICY_FAILURE,False
APP206022,AUTO_APPROVE,STANDARD_STRAIGHT_THROUGH,False
APP206023,AUTO_APPROVE,STANDARD_STRAIGHT_THROUGH,False
APP206024,AUTO_APPROVE,STANDARD_STRAIGHT_THROUGH,False
APP206025,AUTO_APPROVE,STANDARD_STRAIGHT_THROUGH,False
APP206026,AUTO_APPROVE,STANDARD_STRAIGHT_THROUGH,False
APP206027,AUTO_APPROVE,STANDARD_STRAIGHT_THROUGH,False
APP206028,AUTO_APPROVE,STANDARD_STRAIGHT_THROUGH,False
APP206029,DECLINE,POLICY_FAILURE,False
APP206030,DECLINE,POLICY_FAILURE,False
APP206031,DECLINE,POLICY_FAILURE,False
APP206032,AUTO_APPROVE,STANDARD_STRAIGHT_THROUGH,False
APP206033,DECLINE,POLICY_FAILURE,False
APP206034,AUTO_APPROVE,STANDARD_STRAIGHT_THROUGH,False
APP206035,DECLINE,POLICY_FAILURE,False
APP206036,AUTO_APPROVE,STANDARD_STRAIGHT_THROUGH,False
APP206037,DECLINE,POLICY_FAILURE,False
APP206038,AUTO_APPROVE,STANDARD_STRAIGHT_THROUGH,False
APP206039,AUTO_APPROVE,STANDARD_STRAIGHT_THROUGH,False
APP206040,AUTO_APPROVE,STANDARD_STRAIGHT_THROUGH,False
APP206041,AUTO_APPROVE,STANDARD_STRAIGHT_THROUGH,False
APP206042,DECLINE,POLICY_FAILURE,False
APP206043,AUTO_APPROVE,STANDARD_STRAIGHT_THROUGH,False
APP206044,AUTO_APPROVE,STANDARD_STRAIGHT_THROUGH,False
APP206045,DECLINE,POLICY_FAILURE,False
APP206046,AUTO_APPROVE,STANDARD_STRAIGHT_THROUGH,False
APP206047,AUTO_APPROVE,STANDARD_STRAIGHT_THROUGH,False
APP206048,DECLINE,POLICY_FAILURE,False
APP206049,AUTO_APPROVE,STANDARD_STRAIGHT_THROUGH,False
APP206050,AUTO_APPROVE,STANDARD_STRAIGHT_THROUGH,False
APP206051,DECLINE,POLICY_FAILURE,False
APP206052,AUTO_APPROVE,STANDARD_STRAIGHT_THROUGH,False
APP206053,AUTO_APPROVE,STANDARD_STRAIGHT_THROUGH,False
APP206054,AUTO_APPROVE,STANDARD_STRAIGHT_THROUGH,False
APP206055,AUTO_APPROVE,STANDARD_STRAIGHT_THROUGH,False
APP206056,AUTO_APPROVE,STANDARD_STRAIGHT_THROUGH,False
APP206057,DECLINE,POLICY_FAILURE,False
APP206058,AUTO_APPROVE,STANDARD_STRAIGHT_THROUGH,False
APP206059,AUTO_APPROVE,STANDARD_STRAIGHT_THROUGH,False
APP206060,DECLINE,POLICY_FAILURE,False
APP206061,DECLINE,POLICY_FAILURE,False
APP206062,DECLINE,POLICY_FAILURE,False
APP206063,DECLINE,POLICY_FAILURE,False
APP206064,AUTO_APPROVE,STANDARD_STRAIGHT_THROUGH,False
APP206065,DECLINE,POLICY_FAILURE,False
APP206066,AUTO_APPROVE,STANDARD_STRAIGHT_THROUGH,False
APP206067,AUTO_APPROVE,STANDARD_STRAIGHT_THROUGH,False
APP206068,DECLINE,POLICY_FAILURE,False
APP206069,AUTO_APPROVE,STANDARD_STRAIGHT_THROUGH,False
APP206070,AUTO_APPROVE,STANDARD_STRAIGHT_THROUGH,False
APP206071,AUTO_APPROVE,STANDARD_STRAIGHT_THROUGH,False
APP206072,AUTO_APPROVE,STANDARD_STRAIGHT_THROUGH,False
APP206073,AUTO_APPROVE,STANDARD_STRAIGHT_THROUGH,False
APP206074,AUTO_APPROVE,STANDARD_STRAIGHT_THROUGH,False
APP206075,AUTO_APPROVE,STANDARD_STRAIGHT_THROUGH,False
APP206076,DECLINE,POLICY_FAILURE,False
APP206077,AUTO_APPROVE,STANDARD_STRAIGHT_THROUGH,False
APP206078,AUTO_APPROVE,STANDARD_STRAIGHT_THROUGH,False
APP206079,AUTO_APPROVE,STANDARD_STRAIGHT_THROUGH,False
APP206080,AUTO_APPROVE,STANDARD_STRAIGHT_THROUGH,False
APP206081,DECLINE,POLICY_FAILURE,False
APP206082,DECLINE,POLICY_FAILURE,False
APP206083,AUTO_APPROVE,STANDARD_STRAIGHT_THROUGH,False
APP206084,AUTO_APPROVE,STANDARD_STRAIGHT_THROUGH,False
APP206085,AUTO_APPROVE,STANDARD_STRAIGHT_THROUGH,False
APP206086,AUTO_APPROVE,STANDARD_STRAIGHT_THROUGH,False
APP206087,AUTO_APPROVE,STANDARD_STRAIGHT_THROUGH,False
APP206088,AUTO_APPROVE,STANDARD_STRAIGHT_THROUGH,False
APP206089,AUTO_APPROVE,STANDARD_STRAIGHT_THROUGH,False
APP206090,AUTO_APPROVE,STANDARD_STRAIGHT_THROUGH,False
APP206091,HUMAN_REVIEW,LOW_DOCUMENT_CONFIDENCE,True
APP206092,DECLINE,POLICY_FAILURE,False
APP206093,AUTO_APPROVE,STANDARD_STRAIGHT_THROUGH,False
APP206094,DECLINE,POLICY_FAILURE,False
APP206095,DECLINE,POLICY_FAILURE,False
APP206096,AUTO_APPROVE,STANDARD_STRAIGHT_THROUGH,False
APP206097,AUTO_APPROVE,STANDARD_STRAIGHT_THROUGH,False
APP206098,AUTO_APPROVE,STANDARD_STRAIGHT_THROUGH,False
APP206099,DECLINE,POLICY_FAILURE,False
APP206100,AUTO_APPROVE,STANDARD_STRAIGHT_THROUGH,False
APP206101,DECLINE,POLICY_FAILURE,False
APP206102,AUTO_APPROVE,STANDARD_STRAIGHT_THROUGH,False
APP206103,DECLINE,POLICY_FAILURE,False
APP206104,AUTO_APPROVE,STANDARD_STRAIGHT_THROUGH,False
APP206105,AUTO_APPROVE,STANDARD_STRAIGHT_THROUGH,False
APP206106,AUTO_APPROVE,STANDARD_STRAIGHT_THROUGH,False
APP206107,AUTO_APPROVE,STANDARD_STRAIGHT_THROUGH,False
APP206108,AUTO_APPROVE,STANDARD_STRAIGHT_THROUGH,False
APP206109,DECLINE,POLICY_FAILURE,False
APP206110,DECLINE,POLICY_FAILURE,False
APP206111,AUTO_APPROVE,STANDARD_STRAIGHT_THROUGH,False
APP206112,DECLINE,POLICY_FAILURE,False
APP206113,AUTO_APPROVE,STANDARD_STRAIGHT_THROUGH,False
APP206114,AUTO_APPROVE,STANDARD_STRAIGHT_THROUGH,False
APP206115,AUTO_APPROVE,STANDARD_STRAIGHT_THROUGH,False
APP206116,AUTO_APPROVE,STANDARD_STRAIGHT_THROUGH,False
APP206117,DECLINE,POLICY_FAILURE,False
APP206118,AUTO_APPROVE,STANDARD_STRAIGHT_THROUGH,False
APP206119,AUTO_APPROVE,STANDARD_STRAIGHT_THROUGH,False
APP206120,DECLINE,POLICY_FAILURE,False
APP206121,AUTO_APPROVE,STANDARD_STRAIGHT_THROUGH,False
APP206122,DECLINE,POLICY_FAILURE,False
APP206123,AUTO_APPROVE,STANDARD_STRAIGHT_THROUGH,False
APP206124,AUTO_APPROVE,STANDARD_STRAIGHT_THROUGH,False
APP206125,AUTO_APPROVE,STANDARD_STRAIGHT_THROUGH,False
APP206126,AUTO_APPROVE,STANDARD_STRAIGHT_THROUGH,False
APP206127,AUTO_APPROVE,STANDARD_STRAIGHT_THROUGH,False
APP206128,AUTO_APPROVE,STANDARD_STRAIGHT_THROUGH,False
APP206129,AUTO_APPROVE,STANDARD_STRAIGHT_THROUGH,False
APP206130,AUTO_APPROVE,STANDARD_STRAIGHT_THROUGH,False
APP206131,DECLINE,POLICY_FAILURE,False
APP206132,DECLINE,POLICY_FAILURE,False
APP206133,AUTO_APPROVE,STANDARD_STRAIGHT_THROUGH,False
APP206134,AUTO_APPROVE,STANDARD_STRAIGHT_THROUGH,False
APP206135,AUTO_APPROVE,STANDARD_STRAIGHT_THROUGH,False
APP206136,DECLINE,POLICY_FAILURE,False
APP206137,AUTO_APPROVE,STANDARD_STRAIGHT_THROUGH,False
APP206138,AUTO_APPROVE,STANDARD_STRAIGHT_THROUGH,False
APP206139,DECLINE,POLICY_FAILURE,False
APP206140,DECLINE,POLICY_FAILURE,False
APP206141,DECLINE,POLICY_FAILURE,False
APP206142,AUTO_APPROVE,STANDARD_STRAIGHT_THROUGH,False
APP206143,AUTO_APPROVE,STANDARD_STRAIGHT_THROUGH,False
APP206144,AUTO_APPROVE,STANDARD_STRAIGHT_THROUGH,False
APP206145,DECLINE,POLICY_FAILURE,False
APP206146,AUTO_APPROVE,STANDARD_STRAIGHT_THROUGH,False
APP206147,DECLINE,POLICY_FAILURE,False
APP206148,DECLINE,POLICY_FAILURE,False
APP206149,DECLINE,POLICY_FAILURE,False
APP206150,DECLINE,POLICY_FAILURE,False
APP206151,AUTO_APPROVE,STANDARD_STRAIGHT_THROUGH,False
APP206152,AUTO_APPROVE,STANDARD_STRAIGHT_THROUGH,False
APP206153,AUTO_APPROVE,STANDARD_STRAIGHT_THROUGH,False
APP206154,DECLINE,POLICY_FAILURE,False
APP206155,DECLINE,POLICY_FAILURE,False
APP206156,AUTO_APPROVE,STANDARD_STRAIGHT_THROUGH,False
APP206157,AUTO_APPROVE,STANDARD_STRAIGHT_THROUGH,False
APP206158,DECLINE,POLICY_FAILURE,False
APP206159,AUTO_APPROVE,STANDARD_STRAIGHT_THROUGH,False
APP206160,DECLINE,POLICY_FAILURE,False
APP206161,AUTO_APPROVE,STANDARD_STRAIGHT_THROUGH,False
APP206162,AUTO_APPROVE,STANDARD_STRAIGHT_THROUGH,False
APP206163,DECLINE,POLICY_FAILURE,False
APP206164,DECLINE,POLICY_FAILURE,False
APP206165,AUTO_APPROVE,STANDARD_STRAIGHT_THROUGH,False
APP206166,DECLINE,POLICY_FAILURE,False
APP206167,AUTO_APPROVE,STANDARD_STRAIGHT_THROUGH,False
APP206168,AUTO_APPROVE,STANDARD_STRAIGHT_THROUGH,False
APP206169,AUTO_APPROVE,STANDARD_STRAIGHT_THROUGH,False
APP206170,AUTO_APPROVE,STANDARD_STRAIGHT_THROUGH,False
APP206171,DECLINE,POLICY_FAILURE,False
APP206172,AUTO_APPROVE,STANDARD_STRAIGHT_THROUGH,False
APP206173,DECLINE,POLICY_FAILURE,False
APP206174,DECLINE,POLICY_FAILURE,False
APP206175,AUTO_APPROVE,STANDARD_STRAIGHT_THROUGH,False
APP206176,AUTO_APPROVE,STANDARD_STRAIGHT_THROUGH,False
APP206177,AUTO_APPROVE,STANDARD_STRAIGHT_THROUGH,False
APP206178,DECLINE,POLICY_FAILURE,False
APP206179,AUTO_APPROVE,STANDARD_STRAIGHT_THROUGH,False
APP206180,DECLINE,POLICY_FAILURE,False
APP206181,AUTO_APPROVE,STANDARD_STRAIGHT_THROUGH,False
APP206182,DECLINE,POLICY_FAILURE,False
APP206183,AUTO_APPROVE,STANDARD_STRAIGHT_THROUGH,False
APP206184,AUTO_APPROVE,STANDARD_STRAIGHT_THROUGH,False
APP206185,DECLINE,POLICY_FAILURE,False
APP206186,AUTO_APPROVE,STANDARD_STRAIGHT_THROUGH,False
APP206187,AUTO_APPROVE,STANDARD_STRAIGHT_THROUGH,False
APP206188,DECLINE,POLICY_FAILURE,False
APP206189,AUTO_APPROVE,STANDARD_STRAIGHT_THROUGH,False
APP206190,DECLINE,POLICY_FAILURE,False
APP206191,DECLINE,POLICY_FAILURE,False
APP206192,DECLINE,POLICY_FAILURE,False
APP206193,DECLINE,POLICY_FAILURE,False
APP206194,AUTO_APPROVE,STANDARD_STRAIGHT_THROUGH,False
APP206195,AUTO_APPROVE,STANDARD_STRAIGHT_THROUGH,False
APP206196,AUTO_APPROVE,STANDARD_STRAIGHT_THROUGH,False
APP206197,DECLINE,POLICY_FAILURE,False
APP206198,AUTO_APPROVE,STANDARD_STRAIGHT_THROUGH,False
APP206199,AUTO_APPROVE,STANDARD_STRAIGHT_THROUGH,False
APP206200,AUTO_APPROVE,STANDARD_STRAIGHT_THROUGH,False
APP206201,AUTO_APPROVE,STANDARD_STRAIGHT_THROUGH,False
APP206202,AUTO_APPROVE,STANDARD_STRAIGHT_THROUGH,False
APP206203,AUTO_APPROVE,STANDARD_STRAIGHT_THROUGH,False
APP206204,DECLINE,POLICY_FAILURE,False
APP206205,AUTO_APPROVE,STANDARD_STRAIGHT_THROUGH,False
APP206206,AUTO_APPROVE,STANDARD_STRAIGHT_THROUGH,False
APP206207,DECLINE,POLICY_FAILURE,False
APP206208,AUTO_APPROVE,STANDARD_STRAIGHT_THROUGH,False
APP206209,DECLINE,POLICY_FAILURE,False
APP206210,DECLINE,POLICY_FAILURE,False
APP206211,AUTO_APPROVE,STANDARD_STRAIGHT_THROUGH,False
APP206212,DECLINE,POLICY_FAILURE,False
APP206213,DECLINE,POLICY_FAILURE,False
APP206214,AUTO_APPROVE,STANDARD_STRAIGHT_THROUGH,False
APP206215,AUTO_APPROVE,STANDARD_STRAIGHT_THROUGH,False
APP206216,AUTO_APPROVE,STANDARD_STRAIGHT_THROUGH,False
APP206217,AUTO_APPROVE,STANDARD_STRAIGHT_THROUGH,False
APP206218,DECLINE,POLICY_FAILURE,False
APP206219,HUMAN_REVIEW,LOW_DOCUMENT_CONFIDENCE,True
APP206220,DECLINE,POLICY_FAILURE,False
APP206221,DECLINE,POLICY_FAILURE,False
APP206222,DECLINE,POLICY_FAILURE,False
APP206223,AUTO_APPROVE,STANDARD_STRAIGHT_THROUGH,False
APP206224,AUTO_APPROVE,STANDARD_STRAIGHT_THROUGH,False
APP206225,AUTO_APPROVE,STANDARD_STRAIGHT_THROUGH,False
APP206226,AUTO_APPROVE,STANDARD_STRAIGHT_THROUGH,False
APP206227,DECLINE,POLICY_FAILURE,False
APP206228,DECLINE,POLICY_FAILURE,False
APP206229,AUTO_APPROVE,STANDARD_STRAIGHT_THROUGH,False
APP206230,AUTO_APPROVE,STANDARD_STRAIGHT_THROUGH,False
APP206231,AUTO_APPROVE,STANDARD_STRAIGHT_THROUGH,False
APP206232,AUTO_APPROVE,STANDARD_STRAIGHT_THROUGH,False
APP206233,AUTO_APPROVE,STANDARD_STRAIGHT_THROUGH,False
APP206234,AUTO_APPROVE,STANDARD_STRAIGHT_THROUGH,False
APP206235,AUTO_APPROVE,STANDARD_STRAIGHT_THROUGH,False
APP206236,AUTO_APPROVE,STANDARD_STRAIGHT_THROUGH,False
APP206237,AUTO_APPROVE,STANDARD_STRAIGHT_THROUGH,False
APP206238,AUTO_APPROVE,STANDARD_STRAIGHT_THROUGH,False
APP206239,AUTO_APPROVE,STANDARD_STRAIGHT_THROUGH,False
APP206240,AUTO_APPROVE,STANDARD_STRAIGHT_THROUGH,False
APP206241,DECLINE,POLICY_FAILURE,False
APP206242,AUTO_APPROVE,STANDARD_STRAIGHT_THROUGH,False
APP206243,AUTO_APPROVE,STANDARD_STRAIGHT_THROUGH,False
APP206244,AUTO_APPROVE,STANDARD_STRAIGHT_THROUGH,False
APP206245,AUTO_APPROVE,STANDARD_STRAIGHT_THROUGH,False
APP206246,DECLINE,POLICY_FAILURE,False
APP206247,AUTO_APPROVE,STANDARD_STRAIGHT_THROUGH,False
APP206248,AUTO_APPROVE,STANDARD_STRAIGHT_THROUGH,False
APP206249,AUTO_APPROVE,STANDARD_STRAIGHT_THROUGH,False
APP206250,DECLINE,POLICY_FAILURE,False
APP206251,AUTO_APPROVE,STANDARD_STRAIGHT_THROUGH,False
APP206252,AUTO_APPROVE,STANDARD_STRAIGHT_THROUGH,False
APP206253,DECLINE,POLICY_FAILURE,False
APP206254,AUTO_APPROVE,STANDARD_STRAIGHT_THROUGH,False
APP206255,AUTO_APPROVE,STANDARD_STRAIGHT_THROUGH,False
APP206256,AUTO_APPROVE,STANDARD_STRAIGHT_THROUGH,False
APP206257,DECLINE,POLICY_FAILURE,False
APP206258,DECLINE,POLICY_FAILURE,False
APP206259,DECLINE,POLICY_FAILURE,False
APP206260,AUTO_APPROVE,STANDARD_STRAIGHT_THROUGH,False
APP206261,AUTO_APPROVE,STANDARD_STRAIGHT_THROUGH,False
APP206262,DECLINE,POLICY_FAILURE,False
APP206263,AUTO_APPROVE,STANDARD_STRAIGHT_THROUGH,False
APP206264,DECLINE,POLICY_FAILURE,False
APP206265,DECLINE,POLICY_FAILURE,False
APP206266,DECLINE,POLICY_FAILURE,False
APP206267,AUTO_APPROVE,STANDARD_STRAIGHT_THROUGH,False
APP206268,AUTO_APPROVE,STANDARD_STRAIGHT_THROUGH,False
APP206269,AUTO_APPROVE,STANDARD_STRAIGHT_THROUGH,False
APP206270,AUTO_APPROVE,STANDARD_STRAIGHT_THROUGH,False
APP206271,AUTO_APPROVE,STANDARD_STRAIGHT_THROUGH,False
APP206272,DECLINE,POLICY_FAILURE,False
APP206273,DECLINE,POLICY_FAILURE,False
APP206274,DECLINE,POLICY_FAILURE,False
APP206275,DECLINE,POLICY_FAILURE,False
APP206276,AUTO_APPROVE,STANDARD_STRAIGHT_THROUGH,False
APP206277,DECLINE,POLICY_FAILURE,False
APP206278,DECLINE,POLICY_FAILURE,False
APP206279,AUTO_APPROVE,STANDARD_STRAIGHT_THROUGH,False
APP206280,DECLINE,POLICY_FAILURE,False
APP206281,DECLINE,POLICY_FAILURE,False
APP206282,AUTO_APPROVE,STANDARD_STRAIGHT_THROUGH,False
APP206283,AUTO_APPROVE,STANDARD_STRAIGHT_THROUGH,False
APP206284,AUTO_APPROVE,STANDARD_STRAIGHT_THROUGH,False
APP206285,AUTO_APPROVE,STANDARD_STRAIGHT_THROUGH,False
APP206286,DECLINE,POLICY_FAILURE,False
APP206287,AUTO_APPROVE,STANDARD_STRAIGHT_THROUGH,False
APP206288,AUTO_APPROVE,STANDARD_STRAIGHT_THROUGH,False
APP206289,AUTO_APPROVE,STANDARD_STRAIGHT_THROUGH,False
APP206290,AUTO_APPROVE,STANDARD_STRAIGHT_THROUGH,False
APP206291,AUTO_APPROVE,STANDARD_STRAIGHT_THROUGH,False
APP206292,DECLINE,POLICY_FAILURE,False
APP206293,AUTO_APPROVE,STANDARD_STRAIGHT_THROUGH,False
APP206294,DECLINE,POLICY_FAILURE,False
APP206295,AUTO_APPROVE,STANDARD_STRAIGHT_THROUGH,False
APP206296,HUMAN_REVIEW,LOW_DOCUMENT_CONFIDENCE,True
APP206297,AUTO_APPROVE,STANDARD_STRAIGHT_THROUGH,False
APP206298,DECLINE,POLICY_FAILURE,False
APP206299,HUMAN_REVIEW,LOW_DOCUMENT_CONFIDENCE,True
APP206300,AUTO_APPROVE,STANDARD_STRAIGHT_THROUGH,False
APP206301,DECLINE,POLICY_FAILURE,False
APP206302,AUTO_APPROVE,STANDARD_STRAIGHT_THROUGH,False
APP206303,AUTO_APPROVE,STANDARD_STRAIGHT_THROUGH,False
APP206304,DECLINE,POLICY_FAILURE,False
APP206305,DECLINE,POLICY_FAILURE,False
APP206306,AUTO_APPROVE,STANDARD_STRAIGHT_THROUGH,False
APP206307,AUTO_APPROVE,STANDARD_STRAIGHT_THROUGH,False
APP206308,DECLINE,POLICY_FAILURE,False
APP206309,AUTO_APPROVE,STANDARD_STRAIGHT_THROUGH,False
APP206310,DECLINE,POLICY_FAILURE,False
APP206311,DECLINE,POLICY_FAILURE,False
APP206312,DECLINE,POLICY_FAILURE,False
APP206313,AUTO_APPROVE,STANDARD_STRAIGHT_THROUGH,False
APP206314,HUMAN_REVIEW,LOW_DOCUMENT_CONFIDENCE,True
APP206315,DECLINE,POLICY_FAILURE,False
APP206316,AUTO_APPROVE,STANDARD_STRAIGHT_THROUGH,False
APP206317,AUTO_APPROVE,STANDARD_STRAIGHT_THROUGH,False
APP206318,DECLINE,POLICY_FAILURE,False
APP206319,AUTO_APPROVE,STANDARD_STRAIGHT_THROUGH,False
APP206320,AUTO_APPROVE,STANDARD_STRAIGHT_THROUGH,False
APP206321,AUTO_APPROVE,STANDARD_STRAIGHT_THROUGH,False
APP206322,DECLINE,POLICY_FAILURE,False
APP206323,DECLINE,POLICY_FAILURE,False
APP206324,AUTO_APPROVE,STANDARD_STRAIGHT_THROUGH,False
APP206325,DECLINE,POLICY_FAILURE,False
APP206326,DECLINE,POLICY_FAILURE,False
APP206327,DECLINE,POLICY_FAILURE,False
APP206328,AUTO_APPROVE,STANDARD_STRAIGHT_THROUGH,False
APP206329,AUTO_APPROVE,STANDARD_STRAIGHT_THROUGH,False
APP206330,DECLINE,POLICY_FAILURE,False
APP206331,AUTO_APPROVE,STANDARD_STRAIGHT_THROUGH,False
APP206332,AUTO_APPROVE,STANDARD_STRAIGHT_THROUGH,False
APP206333,DECLINE,POLICY_FAILURE,False
APP206334,AUTO_APPROVE,STANDARD_STRAIGHT_THROUGH,False
APP206335,DECLINE,POLICY_FAILURE,False
APP206336,AUTO_APPROVE,STANDARD_STRAIGHT_THROUGH,False
APP206337,AUTO_APPROVE,STANDARD_STRAIGHT_THROUGH,False
APP206338,DECLINE,POLICY_FAILURE,False
APP206339,AUTO_APPROVE,STANDARD_STRAIGHT_THROUGH,False
APP206340,AUTO_APPROVE,STANDARD_STRAIGHT_THROUGH,False
APP206341,DECLINE,POLICY_FAILURE,False
APP206342,AUTO_APPROVE,STANDARD_STRAIGHT_THROUGH,False
APP206343,AUTO_APPROVE,STANDARD_STRAIGHT_THROUGH,False
APP206344,DECLINE,POLICY_FAILURE,False
APP206345,AUTO_APPROVE,STANDARD_STRAIGHT_THROUGH,False
APP206346,AUTO_APPROVE,STANDARD_STRAIGHT_THROUGH,False
APP206347,DECLINE,POLICY_FAILURE,False
APP206348,DECLINE,POLICY_FAILURE,False
APP206349,HUMAN_REVIEW,LOW_DOCUMENT_CONFIDENCE,True
APP206350,AUTO_APPROVE,STANDARD_STRAIGHT_THROUGH,False
APP206351,DECLINE,POLICY_FAILURE,False
APP206352,DECLINE,POLICY_FAILURE,False
APP206353,DECLINE,POLICY_FAILURE,False
APP206354,DECLINE,POLICY_FAILURE,False
APP206355,AUTO_APPROVE,STANDARD_STRAIGHT_THROUGH,False
APP206356,AUTO_APPROVE,STANDARD_STRAIGHT_THROUGH,False
APP206357,DECLINE,POLICY_FAILURE,False
APP206358,AUTO_APPROVE,STANDARD_STRAIGHT_THROUGH,False
APP206359,AUTO_APPROVE,STANDARD_STRAIGHT_THROUGH,False
APP206360,AUTO_APPROVE,STANDARD_STRAIGHT_THROUGH,False
APP206361,AUTO_APPROVE,STANDARD_STRAIGHT_THROUGH,False
APP206362,AUTO_APPROVE,STANDARD_STRAIGHT_THROUGH,False
APP206363,DECLINE,POLICY_FAILURE,False
APP206364,DECLINE,POLICY_FAILURE,False
APP206365,AUTO_APPROVE,STANDARD_STRAIGHT_THROUGH,False
APP206366,DECLINE,POLICY_FAILURE,False
APP206367,DECLINE,POLICY_FAILURE,False
APP206368,AUTO_APPROVE,STANDARD_STRAIGHT_THROUGH,False
APP206369,AUTO_APPROVE,STANDARD_STRAIGHT_THROUGH,False
APP206370,DECLINE,POLICY_FAILURE,False
APP206371,DECLINE,POLICY_FAILURE,False
APP206372,AUTO_APPROVE,STANDARD_STRAIGHT_THROUGH,False
APP206373,DECLINE,POLICY_FAILURE,False
APP206374,AUTO_APPROVE,STANDARD_STRAIGHT_THROUGH,False
APP206375,DECLINE,POLICY_FAILURE,False
APP206376,DECLINE,POLICY_FAILURE,False
APP206377,DECLINE,POLICY_FAILURE,False
APP206378,AUTO_APPROVE,STANDARD_STRAIGHT_THROUGH,False
APP206379,DECLINE,POLICY_FAILURE,False
APP206380,AUTO_APPROVE,STANDARD_STRAIGHT_THROUGH,False
APP206381,AUTO_APPROVE,STANDARD_STRAIGHT_THROUGH,False
APP206382,AUTO_APPROVE,STANDARD_STRAIGHT_THROUGH,False
APP206383,AUTO_APPROVE,STANDARD_STRAIGHT_THROUGH,False
APP206384,DECLINE,POLICY_FAILURE,False
APP206385,AUTO_APPROVE,STANDARD_STRAIGHT_THROUGH,False
APP206386,AUTO_APPROVE,STANDARD_STRAIGHT_THROUGH,False
APP206387,DECLINE,POLICY_FAILURE,False
APP206388,AUTO_APPROVE,STANDARD_STRAIGHT_THROUGH,False
APP206389,DECLINE,POLICY_FAILURE,False
APP206390,AUTO_APPROVE,STANDARD_STRAIGHT_THROUGH,False
APP206391,DECLINE,POLICY_FAILURE,False
APP206392,AUTO_APPROVE,STANDARD_STRAIGHT_THROUGH,False
APP206393,AUTO_APPROVE,STANDARD_STRAIGHT_THROUGH,False
APP206394,DECLINE,POLICY_FAILURE,False
APP206395,AUTO_APPROVE,STANDARD_STRAIGHT_THROUGH,False
APP206396,DECLINE,POLICY_FAILURE,False
APP206397,AUTO_APPROVE,STANDARD_STRAIGHT_THROUGH,False
APP206398,DECLINE,POLICY_FAILURE,False
APP206399,AUTO_APPROVE,STANDARD_STRAIGHT_THROUGH,False
APP206400,AUTO_APPROVE,STANDARD_STRAIGHT_THROUGH,False
APP206401,AUTO_APPROVE,STANDARD_STRAIGHT_THROUGH,False
APP206402,DECLINE,POLICY_FAILURE,False
APP206403,AUTO_APPROVE,STANDARD_STRAIGHT_THROUGH,False
APP206404,DECLINE,POLICY_FAILURE,False
APP206405,AUTO_APPROVE,STANDARD_STRAIGHT_THROUGH,False
APP206406,DECLINE,POLICY_FAILURE,False
APP206407,AUTO_APPROVE,STANDARD_STRAIGHT_THROUGH,False
APP206408,DECLINE,POLICY_FAILURE,False
APP206409,DECLINE,POLICY_FAILURE,False
APP206410,AUTO_APPROVE,STANDARD_STRAIGHT_THROUGH,False
APP206411,AUTO_APPROVE,STANDARD_STRAIGHT_THROUGH,False
APP206412,DECLINE,POLICY_FAILURE,False
APP206413,AUTO_APPROVE,STANDARD_STRAIGHT_THROUGH,False
APP206414,AUTO_APPROVE,STANDARD_STRAIGHT_THROUGH,False
APP206415,DECLINE,POLICY_FAILURE,False
APP206416,DECLINE,POLICY_FAILURE,False
APP206417,DECLINE,POLICY_FAILURE,False
APP206418,AUTO_APPROVE,STANDARD_STRAIGHT_THROUGH,False
APP206419,DECLINE,POLICY_FAILURE,False
APP206420,AUTO_APPROVE,STANDARD_STRAIGHT_THROUGH,False
APP206421,AUTO_APPROVE,STANDARD_STRAIGHT_THROUGH,False
APP206422,DECLINE,POLICY_FAILURE,False
APP206423,DECLINE,POLICY_FAILURE,False
APP206424,AUTO_APPROVE,STANDARD_STRAIGHT_THROUGH,False
APP206425,AUTO_APPROVE,STANDARD_STRAIGHT_THROUGH,False
APP206426,DECLINE,POLICY_FAILURE,False
APP206427,DECLINE,POLICY_FAILURE,False
APP206428,DECLINE,POLICY_FAILURE,False
APP206429,AUTO_APPROVE,STANDARD_STRAIGHT_THROUGH,False
APP206430,AUTO_APPROVE,STANDARD_STRAIGHT_THROUGH,False
APP206431,AUTO_APPROVE,STANDARD_STRAIGHT_THROUGH,False
APP206432,AUTO_APPROVE,STANDARD_STRAIGHT_THROUGH,False
APP206433,AUTO_APPROVE,STANDARD_STRAIGHT_THROUGH,False
APP206434,DECLINE,POLICY_FAILURE,False
APP206435,AUTO_APPROVE,STANDARD_STRAIGHT_THROUGH,False
APP206436,DECLINE,POLICY_FAILURE,False
APP206437,DECLINE,POLICY_FAILURE,False
APP206438,AUTO_APPROVE,STANDARD_STRAIGHT_THROUGH,False
APP206439,DECLINE,POLICY_FAILURE,False
APP206440,AUTO_APPROVE,STANDARD_STRAIGHT_THROUGH,False
APP206441,DECLINE,POLICY_FAILURE,False
APP206442,AUTO_APPROVE,STANDARD_STRAIGHT_THROUGH,False
APP206443,AUTO_APPROVE,STANDARD_STRAIGHT_THROUGH,False
APP206444,AUTO_APPROVE,STANDARD_STRAIGHT_THROUGH,False
APP206445,AUTO_APPROVE,STANDARD_STRAIGHT_THROUGH,False
APP206446,AUTO_APPROVE,STANDARD_STRAIGHT_THROUGH,False
APP206447,AUTO_APPROVE,STANDARD_STRAIGHT_THROUGH,False
APP206448,DECLINE,POLICY_FAILURE,False
APP206449,AUTO_APPROVE,STANDARD_STRAIGHT_THROUGH,False
APP206450,DECLINE,POLICY_FAILURE,False
APP206451,AUTO_APPROVE,STANDARD_STRAIGHT_THROUGH,False
APP206452,DECLINE,POLICY_FAILURE,False
APP206453,DECLINE,POLICY_FAILURE,False
APP206454,DECLINE,POLICY_FAILURE,False
APP206455,AUTO_APPROVE,STANDARD_STRAIGHT_THROUGH,False
APP206456,DECLINE,POLICY_FAILURE,False
APP206457,AUTO_APPROVE,STANDARD_STRAIGHT_THROUGH,False
APP206458,AUTO_APPROVE,STANDARD_STRAIGHT_THROUGH,False
APP206459,DECLINE,POLICY_FAILURE,False
APP206460,AUTO_APPROVE,STANDARD_STRAIGHT_THROUGH,False
APP206461,DECLINE,POLICY_FAILURE,False
APP206462,AUTO_APPROVE,STANDARD_STRAIGHT_THROUGH,False
APP206463,DECLINE,POLICY_FAILURE,False
APP206464,AUTO_APPROVE,STANDARD_STRAIGHT_THROUGH,False
APP206465,HUMAN_REVIEW,LOW_DOCUMENT_CONFIDENCE,True
APP206466,AUTO_APPROVE,STANDARD_STRAIGHT_THROUGH,False
APP206467,AUTO_APPROVE,STANDARD_STRAIGHT_THROUGH,False
APP206468,AUTO_APPROVE,STANDARD_STRAIGHT_THROUGH,False
APP206469,AUTO_APPROVE,STANDARD_STRAIGHT_THROUGH,False
APP206470,DECLINE,POLICY_FAILURE,False
APP206471,AUTO_APPROVE,STANDARD_STRAIGHT_THROUGH,False
APP206472,AUTO_APPROVE,STANDARD_STRAIGHT_THROUGH,False
APP206473,AUTO_APPROVE,STANDARD_STRAIGHT_THROUGH,False
APP206474,AUTO_APPROVE,STANDARD_STRAIGHT_THROUGH,False
APP206475,AUTO_APPROVE,STANDARD_STRAIGHT_THROUGH,False
APP206476,AUTO_APPROVE,STANDARD_STRAIGHT_THROUGH,False
APP206477,DECLINE,POLICY_FAILURE,False
APP206478,AUTO_APPROVE,STANDARD_STRAIGHT_THROUGH,False
APP206479,DECLINE,POLICY_FAILURE,False
APP206480,AUTO_APPROVE,STANDARD_STRAIGHT_THROUGH,False
APP206481,AUTO_APPROVE,STANDARD_STRAIGHT_THROUGH,False
APP206482,DECLINE,POLICY_FAILURE,False
APP206483,AUTO_APPROVE,STANDARD_STRAIGHT_THROUGH,False
APP206484,AUTO_APPROVE,STANDARD_STRAIGHT_THROUGH,False
APP206485,DECLINE,POLICY_FAILURE,False
APP206486,AUTO_APPROVE,STANDARD_STRAIGHT_THROUGH,False
APP206487,DECLINE,POLICY_FAILURE,False
APP206488,AUTO_APPROVE,STANDARD_STRAIGHT_THROUGH,False
APP206489,DECLINE,POLICY_FAILURE,False
APP206490,DECLINE,POLICY_FAILURE,False
APP206491,DECLINE,POLICY_FAILURE,False
APP206492,DECLINE,POLICY_FAILURE,False
APP206493,AUTO_APPROVE,STANDARD_STRAIGHT_THROUGH,False
APP206494,AUTO_APPROVE,STANDARD_STRAIGHT_THROUGH,False
APP206495,AUTO_APPROVE,STANDARD_STRAIGHT_THROUGH,False
APP206496,AUTO_APPROVE,STANDARD_STRAIGHT_THROUGH,False
APP206497,AUTO_APPROVE,STANDARD_STRAIGHT_THROUGH,False
APP206498,AUTO_APPROVE,STANDARD_STRAIGHT_THROUGH,False
APP206499,DECLINE,POLICY_FAILURE,False
APP206500,AUTO_APPROVE,STANDARD_STRAIGHT_THROUGH,False
APP206501,AUTO_APPROVE,STANDARD_STRAIGHT_THROUGH,False
APP206502,AUTO_APPROVE,STANDARD_STRAIGHT_THROUGH,False
APP206503,AUTO_APPROVE,STANDARD_STRAIGHT_THROUGH,False
APP206504,AUTO_APPROVE,STANDARD_STRAIGHT_THROUGH,False
APP206505,AUTO_APPROVE,STANDARD_STRAIGHT_THROUGH,False
APP206506,AUTO_APPROVE,STANDARD_STRAIGHT_THROUGH,False
APP206507,AUTO_APPROVE,STANDARD_STRAIGHT_THROUGH,False
APP206508,AUTO_APPROVE,STANDARD_STRAIGHT_THROUGH,False
APP206509,AUTO_APPROVE,STANDARD_STRAIGHT_THROUGH,False
APP206510,AUTO_APPROVE,STANDARD_STRAIGHT_THROUGH,False
APP206511,AUTO_APPROVE,STANDARD_STRAIGHT_THROUGH,False
APP206512,DECLINE,POLICY_FAILURE,False
APP206513,AUTO_APPROVE,STANDARD_STRAIGHT_THROUGH,False
APP206514,DECLINE,POLICY_FAILURE,False
APP206515,AUTO_APPROVE,STANDARD_STRAIGHT_THROUGH,False
APP206516,AUTO_APPROVE,STANDARD_STRAIGHT_THROUGH,False
APP206517,DECLINE,POLICY_FAILURE,False
APP206518,DECLINE,POLICY_FAILURE,False
APP206519,AUTO_APPROVE,STANDARD_STRAIGHT_THROUGH,False
APP206520,AUTO_APPROVE,STANDARD_STRAIGHT_THROUGH,False
APP206521,AUTO_APPROVE,STANDARD_STRAIGHT_THROUGH,False
APP206522,AUTO_APPROVE,STANDARD_STRAIGHT_THROUGH,False
APP206523,AUTO_APPROVE,STANDARD_STRAIGHT_THROUGH,False
APP206524,AUTO_APPROVE,STANDARD_STRAIGHT_THROUGH,False
APP206525,DECLINE,POLICY_FAILURE,False
APP206526,AUTO_APPROVE,STANDARD_STRAIGHT_THROUGH,False
APP206527,HUMAN_REVIEW,LOW_DOCUMENT_CONFIDENCE,True
APP206528,DECLINE,POLICY_FAILURE,False
APP206529,DECLINE,POLICY_FAILURE,False
APP206530,DECLINE,POLICY_FAILURE,False
APP206531,DECLINE,POLICY_FAILURE,False
APP206532,DECLINE,POLICY_FAILURE,False
APP206533,DECLINE,POLICY_FAILURE,False
APP206534,AUTO_APPROVE,STANDARD_STRAIGHT_THROUGH,False
APP206535,AUTO_APPROVE,STANDARD_STRAIGHT_THROUGH,False
APP206536,AUTO_APPROVE,STANDARD_STRAIGHT_THROUGH,False
APP206537,DECLINE,POLICY_FAILURE,False
APP206538,DECLINE,POLICY_FAILURE,False
APP206539,AUTO_APPROVE,STANDARD_STRAIGHT_THROUGH,False
APP206540,AUTO_APPROVE,STANDARD_STRAIGHT_THROUGH,False
APP206541,AUTO_APPROVE,STANDARD_STRAIGHT_THROUGH,False
APP206542,AUTO_APPROVE,STANDARD_STRAIGHT_THROUGH,False
APP206543,DECLINE,POLICY_FAILURE,False
APP206544,DECLINE,POLICY_FAILURE,False
APP206545,DECLINE,POLICY_FAILURE,False
APP206546,DECLINE,POLICY_FAILURE,False
APP206547,DECLINE,POLICY_FAILURE,False
APP206548,DECLINE,POLICY_FAILURE,False
APP206549,AUTO_APPROVE,STANDARD_STRAIGHT_THROUGH,False
APP206550,AUTO_APPROVE,STANDARD_STRAIGHT_THROUGH,False
APP206551,AUTO_APPROVE,STANDARD_STRAIGHT_THROUGH,False
APP206552,AUTO_APPROVE,STANDARD_STRAIGHT_THROUGH,False
APP206553,AUTO_APPROVE,STANDARD_STRAIGHT_THROUGH,False
APP206554,DECLINE,POLICY_FAILURE,False
APP206555,AUTO_APPROVE,STANDARD_STRAIGHT_THROUGH,False
APP206556,AUTO_APPROVE,STANDARD_STRAIGHT_THROUGH,False
APP206557,DECLINE,POLICY_FAILURE,False
APP206558,DECLINE,POLICY_FAILURE,False
APP206559,AUTO_APPROVE,STANDARD_STRAIGHT_THROUGH,False
APP206560,AUTO_APPROVE,STANDARD_STRAIGHT_THROUGH,False
APP206561,DECLINE,POLICY_FAILURE,False
APP206562,DECLINE,POLICY_FAILURE,False
APP206563,DECLINE,POLICY_FAILURE,False
APP206564,AUTO_APPROVE,STANDARD_STRAIGHT_THROUGH,False
APP206565,AUTO_APPROVE,STANDARD_STRAIGHT_THROUGH,False
APP206566,DECLINE,POLICY_FAILURE,False
APP206567,DECLINE,POLICY_FAILURE,False
APP206568,AUTO_APPROVE,STANDARD_STRAIGHT_THROUGH,False
APP206569,AUTO_APPROVE,STANDARD_STRAIGHT_THROUGH,False
APP206570,AUTO_APPROVE,STANDARD_STRAIGHT_THROUGH,False
APP206571,DECLINE,POLICY_FAILURE,False
APP206572,AUTO_APPROVE,STANDARD_STRAIGHT_THROUGH,False
APP206573,AUTO_APPROVE,STANDARD_STRAIGHT_THROUGH,False
APP206574,AUTO_APPROVE,STANDARD_STRAIGHT_THROUGH,False
APP206575,AUTO_APPROVE,STANDARD_STRAIGHT_THROUGH,False
APP206576,AUTO_APPROVE,STANDARD_STRAIGHT_THROUGH,False
APP206577,AUTO_APPROVE,STANDARD_STRAIGHT_THROUGH,False
APP206578,AUTO_APPROVE,STANDARD_STRAIGHT_THROUGH,False
APP206579,AUTO_APPROVE,STANDARD_STRAIGHT_THROUGH,False
APP206580,DECLINE,POLICY_FAILURE,False
APP206581,DECLINE,POLICY_FAILURE,False
APP206582,AUTO_APPROVE,STANDARD_STRAIGHT_THROUGH,False
APP206583,DECLINE,POLICY_FAILURE,False
APP206584,DECLINE,POLICY_FAILURE,False
APP206585,AUTO_APPROVE,STANDARD_STRAIGHT_THROUGH,False
APP206586,AUTO_APPROVE,STANDARD_STRAIGHT_THROUGH,False
APP206587,AUTO_APPROVE,STANDARD_STRAIGHT_THROUGH,False
APP206588,AUTO_APPROVE,STANDARD_STRAIGHT_THROUGH,False
APP206589,AUTO_APPROVE,STANDARD_STRAIGHT_THROUGH,False
APP206590,AUTO_APPROVE,STANDARD_STRAIGHT_THROUGH,False
APP206591,AUTO_APPROVE,STANDARD_STRAIGHT_THROUGH,False
APP206592,AUTO_APPROVE,STANDARD_STRAIGHT_THROUGH,False
APP206593,DECLINE,POLICY_FAILURE,False
APP206594,DECLINE,POLICY_FAILURE,False
APP206595,DECLINE,POLICY_FAILURE,False
APP206596,DECLINE,POLICY_FAILURE,False
APP206597,DECLINE,POLICY_FAILURE,False
APP206598,DECLINE,POLICY_FAILURE,False
APP206599,AUTO_APPROVE,STANDARD_STRAIGHT_THROUGH,False
APP206600,AUTO_APPROVE,STANDARD_STRAIGHT_THROUGH,False
APP206601,DECLINE,POLICY_FAILURE,False
APP206602,AUTO_APPROVE,STANDARD_STRAIGHT_THROUGH,False
APP206603,DECLINE,POLICY_FAILURE,False
APP206604,AUTO_APPROVE,STANDARD_STRAIGHT_THROUGH,False
APP206605,DECLINE,POLICY_FAILURE,False
APP206606,AUTO_APPROVE,STANDARD_STRAIGHT_THROUGH,False
APP206607,AUTO_APPROVE,STANDARD_STRAIGHT_THROUGH,False
APP206608,DECLINE,POLICY_FAILURE,False
APP206609,DECLINE,POLICY_FAILURE,False
APP206610,DECLINE,POLICY_FAILURE,False
APP206611,AUTO_APPROVE,STANDARD_STRAIGHT_THROUGH,False
APP206612,DECLINE,POLICY_FAILURE,False
APP206613,DECLINE,POLICY_FAILURE,False
APP206614,AUTO_APPROVE,STANDARD_STRAIGHT_THROUGH,False
APP206615,AUTO_APPROVE,STANDARD_STRAIGHT_THROUGH,False
APP206616,DECLINE,POLICY_FAILURE,False
APP206617,DECLINE,POLICY_FAILURE,False
APP206618,AUTO_APPROVE,STANDARD_STRAIGHT_THROUGH,False
APP206619,DECLINE,POLICY_FAILURE,False
APP206620,AUTO_APPROVE,STANDARD_STRAIGHT_THROUGH,False
APP206621,AUTO_APPROVE,STANDARD_STRAIGHT_THROUGH,False
APP206622,DECLINE,POLICY_FAILURE,False
APP206623,DECLINE,POLICY_FAILURE,False
APP206624,DECLINE,POLICY_FAILURE,False
APP206625,AUTO_APPROVE,STANDARD_STRAIGHT_THROUGH,False
APP206626,AUTO_APPROVE,STANDARD_STRAIGHT_THROUGH,False
APP206627,DECLINE,POLICY_FAILURE,False
APP206628,AUTO_APPROVE,STANDARD_STRAIGHT_THROUGH,False
APP206629,AUTO_APPROVE,STANDARD_STRAIGHT_THROUGH,False
APP206630,AUTO_APPROVE,STANDARD_STRAIGHT_THROUGH,False
APP206631,AUTO_APPROVE,STANDARD_STRAIGHT_THROUGH,False
APP206632,AUTO_APPROVE,STANDARD_STRAIGHT_THROUGH,False
APP206633,AUTO_APPROVE,STANDARD_STRAIGHT_THROUGH,False
APP206634,DECLINE,POLICY_FAILURE,False
APP206635,AUTO_APPROVE,STANDARD_STRAIGHT_THROUGH,False
APP206636,AUTO_APPROVE,STANDARD_STRAIGHT_THROUGH,False
APP206637,DECLINE,POLICY_FAILURE,False
APP206638,AUTO_APPROVE,STANDARD_STRAIGHT_THROUGH,False
APP206639,AUTO_APPROVE,STANDARD_STRAIGHT_THROUGH,False
APP206640,AUTO_APPROVE,STANDARD_STRAIGHT_THROUGH,False
APP206641,AUTO_APPROVE,STANDARD_STRAIGHT_THROUGH,False
APP206642,DECLINE,POLICY_FAILURE,False
APP206643,DECLINE,POLICY_FAILURE,False
APP206644,AUTO_APPROVE,STANDARD_STRAIGHT_THROUGH,False
APP206645,AUTO_APPROVE,STANDARD_STRAIGHT_THROUGH,False
APP206646,DECLINE,POLICY_FAILURE,False
APP206647,DECLINE,POLICY_FAILURE,False
APP206648,DECLINE,POLICY_FAILURE,False
APP206649,AUTO_APPROVE,STANDARD_STRAIGHT_THROUGH,False
APP206650,AUTO_APPROVE,STANDARD_STRAIGHT_THROUGH,False
APP206651,DECLINE,POLICY_FAILURE,False
APP206652,DECLINE,POLICY_FAILURE,False
APP206653,AUTO_APPROVE,STANDARD_STRAIGHT_THROUGH,False
APP206654,AUTO_APPROVE,STANDARD_STRAIGHT_THROUGH,False
APP206655,DECLINE,POLICY_FAILURE,False
APP206656,AUTO_APPROVE,STANDARD_STRAIGHT_THROUGH,False
APP206657,AUTO_APPROVE,STANDARD_STRAIGHT_THROUGH,False
APP206658,DECLINE,POLICY_FAILURE,False
APP206659,AUTO_APPROVE,STANDARD_STRAIGHT_THROUGH,False
APP206660,AUTO_APPROVE,STANDARD_STRAIGHT_THROUGH,False
APP206661,AUTO_APPROVE,STANDARD_STRAIGHT_THROUGH,False
APP206662,AUTO_APPROVE,STANDARD_STRAIGHT_THROUGH,False
APP206663,AUTO_APPROVE,STANDARD_STRAIGHT_THROUGH,False
APP206664,DECLINE,POLICY_FAILURE,False
APP206665,DECLINE,POLICY_FAILURE,False
APP206666,DECLINE,POLICY_FAILURE,False
APP206667,DECLINE,POLICY_FAILURE,False
APP206668,AUTO_APPROVE,STANDARD_STRAIGHT_THROUGH,False
APP206669,AUTO_APPROVE,STANDARD_STRAIGHT_THROUGH,False
APP206670,AUTO_APPROVE,STANDARD_STRAIGHT_THROUGH,False
APP206671,DECLINE,POLICY_FAILURE,False
APP206672,AUTO_APPROVE,STANDARD_STRAIGHT_THROUGH,False
APP206673,AUTO_APPROVE,STANDARD_STRAIGHT_THROUGH,False
APP206674,AUTO_APPROVE,STANDARD_STRAIGHT_THROUGH,False
APP206675,DECLINE,POLICY_FAILURE,False
APP206676,DECLINE,POLICY_FAILURE,False
APP206677,DECLINE,POLICY_FAILURE,False
APP206678,AUTO_APPROVE,STANDARD_STRAIGHT_THROUGH,False
APP206679,AUTO_APPROVE,STANDARD_STRAIGHT_THROUGH,False
APP206680,DECLINE,POLICY_FAILURE,False
APP206681,AUTO_APPROVE,STANDARD_STRAIGHT_THROUGH,False
APP206682,DECLINE,POLICY_FAILURE,False
APP206683,AUTO_APPROVE,STANDARD_STRAIGHT_THROUGH,False
APP206684,AUTO_APPROVE,STANDARD_STRAIGHT_THROUGH,False
APP206685,DECLINE,POLICY_FAILURE,False
APP206686,AUTO_APPROVE,STANDARD_STRAIGHT_THROUGH,False
APP206687,DECLINE,POLICY_FAILURE,False
APP206688,DECLINE,POLICY_FAILURE,False
APP206689,AUTO_APPROVE,STANDARD_STRAIGHT_THROUGH,False
APP206690,AUTO_APPROVE,STANDARD_STRAIGHT_THROUGH,False
APP206691,DECLINE,POLICY_FAILURE,False
APP206692,AUTO_APPROVE,STANDARD_STRAIGHT_THROUGH,False
APP206693,DECLINE,POLICY_FAILURE,False
APP206694,AUTO_APPROVE,STANDARD_STRAIGHT_THROUGH,False
APP206695,DECLINE,POLICY_FAILURE,False
APP206696,AUTO_APPROVE,STANDARD_STRAIGHT_THROUGH,False
APP206697,AUTO_APPROVE,STANDARD_STRAIGHT_THROUGH,False
APP206698,AUTO_APPROVE,STANDARD_STRAIGHT_THROUGH,False
APP206699,AUTO_APPROVE,STANDARD_STRAIGHT_THROUGH,False
APP206700,AUTO_APPROVE,STANDARD_STRAIGHT_THROUGH,False
APP206701,AUTO_APPROVE,STANDARD_STRAIGHT_THROUGH,False
APP206702,AUTO_APPROVE,STANDARD_STRAIGHT_THROUGH,False
APP206703,AUTO_APPROVE,STANDARD_STRAIGHT_THROUGH,False
APP206704,DECLINE,POLICY_FAILURE,False
APP206705,AUTO_APPROVE,STANDARD_STRAIGHT_THROUGH,False
APP206706,DECLINE,POLICY_FAILURE,False
APP206707,DECLINE,POLICY_FAILURE,False
APP206708,AUTO_APPROVE,STANDARD_STRAIGHT_THROUGH,False
APP206709,AUTO_APPROVE,STANDARD_STRAIGHT_THROUGH,False
APP206710,AUTO_APPROVE,STANDARD_STRAIGHT_THROUGH,False
APP206711,AUTO_APPROVE,STANDARD_STRAIGHT_THROUGH,False
APP206712,DECLINE,POLICY_FAILURE,False
APP206713,AUTO_APPROVE,STANDARD_STRAIGHT_THROUGH,False
APP206714,AUTO_APPROVE,STANDARD_STRAIGHT_THROUGH,False
APP206715,AUTO_APPROVE,STANDARD_STRAIGHT_THROUGH,False
APP206716,DECLINE,POLICY_FAILURE,False
APP206717,AUTO_APPROVE,STANDARD_STRAIGHT_THROUGH,False
APP206718,DECLINE,POLICY_FAILURE,False
APP206719,DECLINE,POLICY_FAILURE,False
APP206720,DECLINE,POLICY_FAILURE,False
APP206721,AUTO_APPROVE,STANDARD_STRAIGHT_THROUGH,False
APP206722,AUTO_APPROVE,STANDARD_STRAIGHT_THROUGH,False
APP206723,AUTO_APPROVE,STANDARD_STRAIGHT_THROUGH,False
APP206724,DECLINE,POLICY_FAILURE,False
APP206725,HUMAN_REVIEW,LOW_DOCUMENT_CONFIDENCE,True
APP206726,DECLINE,POLICY_FAILURE,False
APP206727,AUTO_APPROVE,STANDARD_STRAIGHT_THROUGH,False
APP206728,AUTO_APPROVE,STANDARD_STRAIGHT_THROUGH,False
APP206729,AUTO_APPROVE,STANDARD_STRAIGHT_THROUGH,False
APP206730,AUTO_APPROVE,STANDARD_STRAIGHT_THROUGH,False
APP206731,DECLINE,POLICY_FAILURE,False
APP206732,AUTO_APPROVE,STANDARD_STRAIGHT_THROUGH,False
APP206733,AUTO_APPROVE,STANDARD_STRAIGHT_THROUGH,False
APP206734,AUTO_APPROVE,STANDARD_STRAIGHT_THROUGH,False
APP206735,AUTO_APPROVE,STANDARD_STRAIGHT_THROUGH,False
APP206736,AUTO_APPROVE,STANDARD_STRAIGHT_THROUGH,False
APP206737,DECLINE,POLICY_FAILURE,False
APP206738,AUTO_APPROVE,STANDARD_STRAIGHT_THROUGH,False
APP206739,DECLINE,POLICY_FAILURE,False
APP206740,AUTO_APPROVE,STANDARD_STRAIGHT_THROUGH,False
APP206741,AUTO_APPROVE,STANDARD_STRAIGHT_THROUGH,False
APP206742,DECLINE,POLICY_FAILURE,False
APP206743,DECLINE,POLICY_FAILURE,False
APP206744,AUTO_APPROVE,STANDARD_STRAIGHT_THROUGH,False
APP206745,AUTO_APPROVE,STANDARD_STRAIGHT_THROUGH,False
APP206746,AUTO_APPROVE,STANDARD_STRAIGHT_THROUGH,False
APP206747,AUTO_APPROVE,STANDARD_STRAIGHT_THROUGH,False
APP206748,AUTO_APPROVE,STANDARD_STRAIGHT_THROUGH,False
APP206749,AUTO_APPROVE,STANDARD_STRAIGHT_THROUGH,False
APP206750,AUTO_APPROVE,STANDARD_STRAIGHT_THROUGH,False
APP206751,DECLINE,POLICY_FAILURE,False
APP206752,AUTO_APPROVE,STANDARD_STRAIGHT_THROUGH,False
APP206753,AUTO_APPROVE,STANDARD_STRAIGHT_THROUGH,False
APP206754,DECLINE,POLICY_FAILURE,False
APP206755,AUTO_APPROVE,STANDARD_STRAIGHT_THROUGH,False
APP206756,DECLINE,POLICY_FAILURE,False
APP206757,AUTO_APPROVE,STANDARD_STRAIGHT_THROUGH,False
APP206758,AUTO_APPROVE,STANDARD_STRAIGHT_THROUGH,False
APP206759,DECLINE,POLICY_FAILURE,False
APP206760,AUTO_APPROVE,STANDARD_STRAIGHT_THROUGH,False
APP206761,AUTO_APPROVE,STANDARD_STRAIGHT_THROUGH,False
APP206762,AUTO_APPROVE,STANDARD_STRAIGHT_THROUGH,False
APP206763,DECLINE,POLICY_FAILURE,False
APP206764,AUTO_APPROVE,STANDARD_STRAIGHT_THROUGH,False
APP206765,DECLINE,POLICY_FAILURE,False
APP206766,AUTO_APPROVE,STANDARD_STRAIGHT_THROUGH,False
APP206767,DECLINE,POLICY_FAILURE,False
APP206768,AUTO_APPROVE,STANDARD_STRAIGHT_THROUGH,False
APP206769,AUTO_APPROVE,STANDARD_STRAIGHT_THROUGH,False
APP206770,AUTO_APPROVE,STANDARD_STRAIGHT_THROUGH,False
APP206771,AUTO_APPROVE,STANDARD_STRAIGHT_THROUGH,False
APP206772,AUTO_APPROVE,STANDARD_STRAIGHT_THROUGH,False
APP206773,DECLINE,POLICY_FAILURE,False
APP206774,DECLINE,POLICY_FAILURE,False
APP206775,DECLINE,POLICY_FAILURE,False
APP206776,AUTO_APPROVE,STANDARD_STRAIGHT_THROUGH,False
APP206777,DECLINE,POLICY_FAILURE,False
APP206778,AUTO_APPROVE,STANDARD_STRAIGHT_THROUGH,False
APP206779,AUTO_APPROVE,STANDARD_STRAIGHT_THROUGH,False
APP206780,DECLINE,POLICY_FAILURE,False
APP206781,HUMAN_REVIEW,LOW_DOCUMENT_CONFIDENCE,True
APP206782,DECLINE,POLICY_FAILURE,False
APP206783,AUTO_APPROVE,STANDARD_STRAIGHT_THROUGH,False
APP206784,AUTO_APPROVE,STANDARD_STRAIGHT_THROUGH,False
APP206785,AUTO_APPROVE,STANDARD_STRAIGHT_THROUGH,False
APP206786,DECLINE,POLICY_FAILURE,False
APP206787,AUTO_APPROVE,STANDARD_STRAIGHT_THROUGH,False
APP206788,AUTO_APPROVE,STANDARD_STRAIGHT_THROUGH,False
APP206789,AUTO_APPROVE,STANDARD_STRAIGHT_THROUGH,False
APP206790,AUTO_APPROVE,STANDARD_STRAIGHT_THROUGH,False
APP206791,DECLINE,POLICY_FAILURE,False
APP206792,DECLINE,POLICY_FAILURE,False
APP206793,DECLINE,POLICY_FAILURE,False
APP206794,AUTO_APPROVE,STANDARD_STRAIGHT_THROUGH,False
APP206795,DECLINE,POLICY_FAILURE,False
APP206796,AUTO_APPROVE,STANDARD_STRAIGHT_THROUGH,False
APP206797,AUTO_APPROVE,STANDARD_STRAIGHT_THROUGH,False
APP206798,AUTO_APPROVE,STANDARD_STRAIGHT_THROUGH,False
APP206799,AUTO_APPROVE,STANDARD_STRAIGHT_THROUGH,False
APP206800,AUTO_APPROVE,STANDARD_STRAIGHT_THROUGH,False
APP206801,DECLINE,POLICY_FAILURE,False
APP206802,DECLINE,POLICY_FAILURE,False
APP206803,AUTO_APPROVE,STANDARD_STRAIGHT_THROUGH,False
APP206804,DECLINE,POLICY_FAILURE,False
APP206805,AUTO_APPROVE,STANDARD_STRAIGHT_THROUGH,False
APP206806,DECLINE,POLICY_FAILURE,False
APP206807,DECLINE,POLICY_FAILURE,False
APP206808,DECLINE,POLICY_FAILURE,False
APP206809,AUTO_APPROVE,STANDARD_STRAIGHT_THROUGH,False
APP206810,AUTO_APPROVE,STANDARD_STRAIGHT_THROUGH,False
APP206811,AUTO_APPROVE,STANDARD_STRAIGHT_THROUGH,False
APP206812,DECLINE,POLICY_FAILURE,False
APP206813,DECLINE,POLICY_FAILURE,False
APP206814,AUTO_APPROVE,STANDARD_STRAIGHT_THROUGH,False
APP206815,AUTO_APPROVE,STANDARD_STRAIGHT_THROUGH,False
APP206816,AUTO_APPROVE,STANDARD_STRAIGHT_THROUGH,False
APP206817,AUTO_APPROVE,STANDARD_STRAIGHT_THROUGH,False
APP206818,AUTO_APPROVE,STANDARD_STRAIGHT_THROUGH,False
APP206819,AUTO_APPROVE,STANDARD_STRAIGHT_THROUGH,False
APP206820,AUTO_APPROVE,STANDARD_STRAIGHT_THROUGH,False
APP206821,HUMAN_REVIEW,LOW_DOCUMENT_CONFIDENCE,True
APP206822,AUTO_APPROVE,STANDARD_STRAIGHT_THROUGH,False
APP206823,DECLINE,POLICY_FAILURE,False
APP206824,AUTO_APPROVE,STANDARD_STRAIGHT_THROUGH,False
APP206825,AUTO_APPROVE,STANDARD_STRAIGHT_THROUGH,False
APP206826,AUTO_APPROVE,STANDARD_STRAIGHT_THROUGH,False
APP206827,HUMAN_REVIEW,MEDIUM_FRAUD_RISK,True
APP206828,AUTO_APPROVE,STANDARD_STRAIGHT_THROUGH,False
APP206829,DECLINE,POLICY_FAILURE,False
APP206830,AUTO_APPROVE,STANDARD_STRAIGHT_THROUGH,False
APP206831,AUTO_APPROVE,STANDARD_STRAIGHT_THROUGH,False
APP206832,AUTO_APPROVE,STANDARD_STRAIGHT_THROUGH,False
APP206833,AUTO_APPROVE,STANDARD_STRAIGHT_THROUGH,False
APP206834,DECLINE,POLICY_FAILURE,False
APP206835,AUTO_APPROVE,STANDARD_STRAIGHT_THROUGH,False
APP206836,AUTO_APPROVE,STANDARD_STRAIGHT_THROUGH,False
APP206837,AUTO_APPROVE,STANDARD_STRAIGHT_THROUGH,False
APP206838,DECLINE,POLICY_FAILURE,False
APP206839,AUTO_APPROVE,STANDARD_STRAIGHT_THROUGH,False
APP206840,AUTO_APPROVE,STANDARD_STRAIGHT_THROUGH,False
APP206841,DECLINE,POLICY_FAILURE,False
APP206842,AUTO_APPROVE,STANDARD_STRAIGHT_THROUGH,False
APP206843,DECLINE,POLICY_FAILURE,False
APP206844,AUTO_APPROVE,STANDARD_STRAIGHT_THROUGH,False
APP206845,DECLINE,POLICY_FAILURE,False
APP206846,AUTO_APPROVE,STANDARD_STRAIGHT_THROUGH,False
APP206847,DECLINE,POLICY_FAILURE,False
APP206848,AUTO_APPROVE,STANDARD_STRAIGHT_THROUGH,False
APP206849,AUTO_APPROVE,STANDARD_STRAIGHT_THROUGH,False
APP206850,DECLINE,POLICY_FAILURE,False
APP206851,AUTO_APPROVE,STANDARD_STRAIGHT_THROUGH,False
APP206852,AUTO_APPROVE,STANDARD_STRAIGHT_THROUGH,False
APP206853,AUTO_APPROVE,STANDARD_STRAIGHT_THROUGH,False
APP206854,AUTO_APPROVE,STANDARD_STRAIGHT_THROUGH,False
APP206855,AUTO_APPROVE,STANDARD_STRAIGHT_THROUGH,False
APP206856,AUTO_APPROVE,STANDARD_STRAIGHT_THROUGH,False
APP206857,AUTO_APPROVE,STANDARD_STRAIGHT_THROUGH,False
APP206858,DECLINE,POLICY_FAILURE,False
APP206859,AUTO_APPROVE,STANDARD_STRAIGHT_THROUGH,False
APP206860,AUTO_APPROVE,STANDARD_STRAIGHT_THROUGH,False
APP206861,AUTO_APPROVE,STANDARD_STRAIGHT_THROUGH,False
APP206862,DECLINE,POLICY_FAILURE,False
APP206863,DECLINE,POLICY_FAILURE,False
APP206864,AUTO_APPROVE,STANDARD_STRAIGHT_THROUGH,False
APP206865,DECLINE,POLICY_FAILURE,False
APP206866,DECLINE,POLICY_FAILURE,False
APP206867,AUTO_APPROVE,STANDARD_STRAIGHT_THROUGH,False
APP206868,AUTO_APPROVE,STANDARD_STRAIGHT_THROUGH,False
APP206869,AUTO_APPROVE,STANDARD_STRAIGHT_THROUGH,False
APP206870,AUTO_APPROVE,STANDARD_STRAIGHT_THROUGH,False
APP206871,AUTO_APPROVE,STANDARD_STRAIGHT_THROUGH,False
APP206872,DECLINE,POLICY_FAILURE,False
APP206873,AUTO_APPROVE,STANDARD_STRAIGHT_THROUGH,False
APP206874,DECLINE,POLICY_FAILURE,False
APP206875,AUTO_APPROVE,STANDARD_STRAIGHT_THROUGH,False
APP206876,AUTO_APPROVE,STANDARD_STRAIGHT_THROUGH,False
APP206877,DECLINE,POLICY_FAILURE,False
APP206878,DECLINE,POLICY_FAILURE,False
APP206879,DECLINE,POLICY_FAILURE,False
APP206880,DECLINE,POLICY_FAILURE,False
APP206881,AUTO_APPROVE,STANDARD_STRAIGHT_THROUGH,False
APP206882,AUTO_APPROVE,STANDARD_STRAIGHT_THROUGH,False
APP206883,AUTO_APPROVE,STANDARD_STRAIGHT_THROUGH,False
APP206884,DECLINE,POLICY_FAILURE,False
APP206885,AUTO_APPROVE,STANDARD_STRAIGHT_THROUGH,False
APP206886,AUTO_APPROVE,STANDARD_STRAIGHT_THROUGH,False
APP206887,AUTO_APPROVE,STANDARD_STRAIGHT_THROUGH,False
APP206888,AUTO_APPROVE,STANDARD_STRAIGHT_THROUGH,False
APP206889,AUTO_APPROVE,STANDARD_STRAIGHT_THROUGH,False
APP206890,AUTO_APPROVE,STANDARD_STRAIGHT_THROUGH,False
APP206891,AUTO_APPROVE,STANDARD_STRAIGHT_THROUGH,False
APP206892,DECLINE,POLICY_FAILURE,False
APP206893,AUTO_APPROVE,STANDARD_STRAIGHT_THROUGH,False
APP206894,AUTO_APPROVE,STANDARD_STRAIGHT_THROUGH,False
APP206895,DECLINE,POLICY_FAILURE,False
APP206896,DECLINE,POLICY_FAILURE,False
APP206897,DECLINE,POLICY_FAILURE,False
APP206898,DECLINE,POLICY_FAILURE,False
APP206899,AUTO_APPROVE,STANDARD_STRAIGHT_THROUGH,False
APP206900,AUTO_APPROVE,STANDARD_STRAIGHT_THROUGH,False
APP206901,AUTO_APPROVE,STANDARD_STRAIGHT_THROUGH,False
APP206902,DECLINE,POLICY_FAILURE,False
APP206903,AUTO_APPROVE,STANDARD_STRAIGHT_THROUGH,False
APP206904,DECLINE,POLICY_FAILURE,False
APP206905,DECLINE,POLICY_FAILURE,False
APP206906,AUTO_APPROVE,STANDARD_STRAIGHT_THROUGH,False
APP206907,DECLINE,POLICY_FAILURE,False
APP206908,DECLINE,POLICY_FAILURE,False
APP206909,AUTO_APPROVE,STANDARD_STRAIGHT_THROUGH,False
APP206910,DECLINE,POLICY_FAILURE,False
APP206911,AUTO_APPROVE,STANDARD_STRAIGHT_THROUGH,False
APP206912,HUMAN_REVIEW,LOW_DOCUMENT_CONFIDENCE,True
APP206913,AUTO_APPROVE,STANDARD_STRAIGHT_THROUGH,False
APP206914,AUTO_APPROVE,STANDARD_STRAIGHT_THROUGH,False
APP206915,AUTO_APPROVE,STANDARD_STRAIGHT_THROUGH,False
APP206916,AUTO_APPROVE,STANDARD_STRAIGHT_THROUGH,False
APP206917,DECLINE,POLICY_FAILURE,False
APP206918,AUTO_APPROVE,STANDARD_STRAIGHT_THROUGH,False
APP206919,DECLINE,POLICY_FAILURE,False
APP206920,AUTO_APPROVE,STANDARD_STRAIGHT_THROUGH,False
APP206921,HUMAN_REVIEW,LOW_DOCUMENT_CONFIDENCE,True
APP206922,AUTO_APPROVE,STANDARD_STRAIGHT_THROUGH,False
APP206923,DECLINE,POLICY_FAILURE,False
APP206924,AUTO_APPROVE,STANDARD_STRAIGHT_THROUGH,False
APP206925,DECLINE,POLICY_FAILURE,False
APP206926,AUTO_APPROVE,STANDARD_STRAIGHT_THROUGH,False
APP206927,AUTO_APPROVE,STANDARD_STRAIGHT_THROUGH,False
APP206928,DECLINE,POLICY_FAILURE,False
APP206929,AUTO_APPROVE,STANDARD_STRAIGHT_THROUGH,False
APP206930,AUTO_APPROVE,STANDARD_STRAIGHT_THROUGH,False
APP206931,AUTO_APPROVE,STANDARD_STRAIGHT_THROUGH,False
APP206932,AUTO_APPROVE,STANDARD_STRAIGHT_THROUGH,False
APP206933,DECLINE,POLICY_FAILURE,False
APP206934,AUTO_APPROVE,STANDARD_STRAIGHT_THROUGH,False
APP206935,AUTO_APPROVE,STANDARD_STRAIGHT_THROUGH,False
APP206936,AUTO_APPROVE,STANDARD_STRAIGHT_THROUGH,False
APP206937,AUTO_APPROVE,STANDARD_STRAIGHT_THROUGH,False
APP206938,DECLINE,POLICY_FAILURE,False
APP206939,AUTO_APPROVE,STANDARD_STRAIGHT_THROUGH,False
APP206940,AUTO_APPROVE,STANDARD_STRAIGHT_THROUGH,False
APP206941,DECLINE,POLICY_FAILURE,False
APP206942,AUTO_APPROVE,STANDARD_STRAIGHT_THROUGH,False
APP206943,AUTO_APPROVE,STANDARD_STRAIGHT_THROUGH,False
APP206944,DECLINE,POLICY_FAILURE,False
APP206945,HUMAN_REVIEW,LOW_DOCUMENT_CONFIDENCE,True
APP206946,AUTO_APPROVE,STANDARD_STRAIGHT_THROUGH,False
APP206947,DECLINE,POLICY_FAILURE,False
APP206948,AUTO_APPROVE,STANDARD_STRAIGHT_THROUGH,False
APP206949,AUTO_APPROVE,STANDARD_STRAIGHT_THROUGH,False
APP206950,AUTO_APPROVE,STANDARD_STRAIGHT_THROUGH,False
APP206951,AUTO_APPROVE,STANDARD_STRAIGHT_THROUGH,False
APP206952,AUTO_APPROVE,STANDARD_STRAIGHT_THROUGH,False
APP206953,AUTO_APPROVE,STANDARD_STRAIGHT_THROUGH,False
APP206954,AUTO_APPROVE,STANDARD_STRAIGHT_THROUGH,False
APP206955,DECLINE,POLICY_FAILURE,False
APP206956,AUTO_APPROVE,STANDARD_STRAIGHT_THROUGH,False
APP206957,AUTO_APPROVE,STANDARD_STRAIGHT_THROUGH,False
APP206958,DECLINE,POLICY_FAILURE,False
APP206959,AUTO_APPROVE,STANDARD_STRAIGHT_THROUGH,False
APP206960,AUTO_APPROVE,STANDARD_STRAIGHT_THROUGH,False
APP206961,AUTO_APPROVE,STANDARD_STRAIGHT_THROUGH,False
APP206962,AUTO_APPROVE,STANDARD_STRAIGHT_THROUGH,False
APP206963,AUTO_APPROVE,STANDARD_STRAIGHT_THROUGH,False
APP206964,AUTO_APPROVE,STANDARD_STRAIGHT_THROUGH,False
APP206965,AUTO_APPROVE,STANDARD_STRAIGHT_THROUGH,False
APP206966,DECLINE,POLICY_FAILURE,False
APP206967,DECLINE,POLICY_FAILURE,False
APP206968,AUTO_APPROVE,STANDARD_STRAIGHT_THROUGH,False
APP206969,DECLINE,POLICY_FAILURE,False
APP206970,AUTO_APPROVE,STANDARD_STRAIGHT_THROUGH,False
APP206971,AUTO_APPROVE,STANDARD_STRAIGHT_THROUGH,False
APP206972,DECLINE,POLICY_FAILURE,False
APP206973,DECLINE,POLICY_FAILURE,False
APP206974,AUTO_APPROVE,STANDARD_STRAIGHT_THROUGH,False
APP206975,DECLINE,POLICY_FAILURE,False
APP206976,AUTO_APPROVE,STANDARD_STRAIGHT_THROUGH,False
APP206977,AUTO_APPROVE,STANDARD_STRAIGHT_THROUGH,False
APP206978,AUTO_APPROVE,STANDARD_STRAIGHT_THROUGH,False
APP206979,AUTO_APPROVE,STANDARD_STRAIGHT_THROUGH,False
APP206980,DECLINE,POLICY_FAILURE,False
APP206981,AUTO_APPROVE,STANDARD_STRAIGHT_THROUGH,False
APP206982,AUTO_APPROVE,STANDARD_STRAIGHT_THROUGH,False
APP206983,AUTO_APPROVE,STANDARD_STRAIGHT_THROUGH,False
APP206984,AUTO_APPROVE,STANDARD_STRAIGHT_THROUGH,False
APP206985,AUTO_APPROVE,STANDARD_STRAIGHT_THROUGH,False
APP206986,AUTO_APPROVE,STANDARD_STRAIGHT_THROUGH,False
APP206987,DECLINE,POLICY_FAILURE,False
APP206988,AUTO_APPROVE,STANDARD_STRAIGHT_THROUGH,False
APP206989,AUTO_APPROVE,STANDARD_STRAIGHT_THROUGH,False
APP206990,AUTO_APPROVE,STANDARD_STRAIGHT_THROUGH,False
APP206991,AUTO_APPROVE,STANDARD_STRAIGHT_THROUGH,False
APP206992,DECLINE,POLICY_FAILURE,False
APP206993,DECLINE,POLICY_FAILURE,False
APP206994,DECLINE,POLICY_FAILURE,False
APP206995,AUTO_APPROVE,STANDARD_STRAIGHT_THROUGH,False
APP206996,AUTO_APPROVE,STANDARD_STRAIGHT_THROUGH,False
APP206997,DECLINE,POLICY_FAILURE,False
APP206998,AUTO_APPROVE,STANDARD_STRAIGHT_THROUGH,False
APP206999,DECLINE,POLICY_FAILURE,False
APP207000,AUTO_APPROVE,STANDARD_STRAIGHT_THROUGH,False
APP207001,AUTO_APPROVE,STANDARD_STRAIGHT_THROUGH,False
APP207002,AUTO_APPROVE,STANDARD_STRAIGHT_THROUGH,False
APP207003,DECLINE,POLICY_FAILURE,False
APP207004,DECLINE,POLICY_FAILURE,False
APP207005,AUTO_APPROVE,STANDARD_STRAIGHT_THROUGH,False
APP207006,DECLINE,POLICY_FAILURE,False
APP207007,AUTO_APPROVE,STANDARD_STRAIGHT_THROUGH,False
APP207008,AUTO_APPROVE,STANDARD_STRAIGHT_THROUGH,False
APP207009,AUTO_APPROVE,STANDARD_STRAIGHT_THROUGH,False
APP207010,DECLINE,POLICY_FAILURE,False
APP207011,AUTO_APPROVE,STANDARD_STRAIGHT_THROUGH,False
APP207012,HUMAN_REVIEW,LOW_DOCUMENT_CONFIDENCE,True
APP207013,DECLINE,POLICY_FAILURE,False
APP207014,AUTO_APPROVE,STANDARD_STRAIGHT_THROUGH,False
APP207015,AUTO_APPROVE,STANDARD_STRAIGHT_THROUGH,False
APP207016,AUTO_APPROVE,STANDARD_STRAIGHT_THROUGH,False
APP207017,AUTO_APPROVE,STANDARD_STRAIGHT_THROUGH,False
APP207018,DECLINE,POLICY_FAILURE,False
APP207019,AUTO_APPROVE,STANDARD_STRAIGHT_THROUGH,False
APP207020,AUTO_APPROVE,STANDARD_STRAIGHT_THROUGH,False
APP207021,AUTO_APPROVE,STANDARD_STRAIGHT_THROUGH,False
APP207022,AUTO_APPROVE,STANDARD_STRAIGHT_THROUGH,False
APP207023,AUTO_APPROVE,STANDARD_STRAIGHT_THROUGH,False
APP207024,AUTO_APPROVE,STANDARD_STRAIGHT_THROUGH,False
APP207025,AUTO_APPROVE,STANDARD_STRAIGHT_THROUGH,False
APP207026,AUTO_APPROVE,STANDARD_STRAIGHT_THROUGH,False
APP207027,DECLINE,POLICY_FAILURE,False
APP207028,AUTO_APPROVE,STANDARD_STRAIGHT_THROUGH,False
APP207029,HUMAN_REVIEW,LOW_DOCUMENT_CONFIDENCE,True
APP207030,DECLINE,POLICY_FAILURE,False
APP207031,DECLINE,POLICY_FAILURE,False
APP207032,DECLINE,POLICY_FAILURE,False
APP207033,AUTO_APPROVE,STANDARD_STRAIGHT_THROUGH,False
APP207034,AUTO_APPROVE,STANDARD_STRAIGHT_THROUGH,False
APP207035,AUTO_APPROVE,STANDARD_STRAIGHT_THROUGH,False
APP207036,AUTO_APPROVE,STANDARD_STRAIGHT_THROUGH,False
APP207037,AUTO_APPROVE,STANDARD_STRAIGHT_THROUGH,False
APP207038,AUTO_APPROVE,STANDARD_STRAIGHT_THROUGH,False
APP207039,AUTO_APPROVE,STANDARD_STRAIGHT_THROUGH,False
APP207040,AUTO_APPROVE,STANDARD_STRAIGHT_THROUGH,False
APP207041,AUTO_APPROVE,STANDARD_STRAIGHT_THROUGH,False
APP207042,AUTO_APPROVE,STANDARD_STRAIGHT_THROUGH,False
APP207043,AUTO_APPROVE,STANDARD_STRAIGHT_THROUGH,False
APP207044,DECLINE,POLICY_FAILURE,False
APP207045,AUTO_APPROVE,STANDARD_STRAIGHT_THROUGH,False
APP207046,AUTO_APPROVE,STANDARD_STRAIGHT_THROUGH,False
APP207047,AUTO_APPROVE,STANDARD_STRAIGHT_THROUGH,False
APP207048,AUTO_APPROVE,STANDARD_STRAIGHT_THROUGH,False
APP207049,AUTO_APPROVE,STANDARD_STRAIGHT_THROUGH,False
APP207050,DECLINE,POLICY_FAILURE,False
APP207051,DECLINE,POLICY_FAILURE,False
APP207052,DECLINE,POLICY_FAILURE,False
APP207053,AUTO_APPROVE,STANDARD_STRAIGHT_THROUGH,False
APP207054,DECLINE,POLICY_FAILURE,False
APP207055,AUTO_APPROVE,STANDARD_STRAIGHT_THROUGH,False
APP207056,AUTO_APPROVE,STANDARD_STRAIGHT_THROUGH,False
APP207057,AUTO_APPROVE,STANDARD_STRAIGHT_THROUGH,False
APP207058,DECLINE,POLICY_FAILURE,False
APP207059,AUTO_APPROVE,STANDARD_STRAIGHT_THROUGH,False
APP207060,AUTO_APPROVE,STANDARD_STRAIGHT_THROUGH,False
APP207061,AUTO_APPROVE,STANDARD_STRAIGHT_THROUGH,False
APP207062,AUTO_APPROVE,STANDARD_STRAIGHT_THROUGH,False
APP207063,AUTO_APPROVE,STANDARD_STRAIGHT_THROUGH,False
APP207064,DECLINE,POLICY_FAILURE,False
APP207065,AUTO_APPROVE,STANDARD_STRAIGHT_THROUGH,False
APP207066,DECLINE,POLICY_FAILURE,False
APP207067,AUTO_APPROVE,STANDARD_STRAIGHT_THROUGH,False
APP207068,AUTO_APPROVE,STANDARD_STRAIGHT_THROUGH,False
APP207069,DECLINE,POLICY_FAILURE,False
APP207070,DECLINE,POLICY_FAILURE,False
APP207071,AUTO_APPROVE,STANDARD_STRAIGHT_THROUGH,False
APP207072,DECLINE,POLICY_FAILURE,False
APP207073,AUTO_APPROVE,STANDARD_STRAIGHT_THROUGH,False
APP207074,AUTO_APPROVE,STANDARD_STRAIGHT_THROUGH,False
APP207075,AUTO_APPROVE,STANDARD_STRAIGHT_THROUGH,False
APP207076,AUTO_APPROVE,STANDARD_STRAIGHT_THROUGH,False
APP207077,DECLINE,POLICY_FAILURE,False
APP207078,DECLINE,POLICY_FAILURE,False
APP207079,AUTO_APPROVE,STANDARD_STRAIGHT_THROUGH,False
APP207080,AUTO_APPROVE,STANDARD_STRAIGHT_THROUGH,False
APP207081,DECLINE,POLICY_FAILURE,False
APP207082,AUTO_APPROVE,STANDARD_STRAIGHT_THROUGH,False
APP207083,DECLINE,POLICY_FAILURE,False
APP207084,AUTO_APPROVE,STANDARD_STRAIGHT_THROUGH,False
APP207085,DECLINE,POLICY_FAILURE,False
APP207086,AUTO_APPROVE,STANDARD_STRAIGHT_THROUGH,False
APP207087,AUTO_APPROVE,STANDARD_STRAIGHT_THROUGH,False
APP207088,AUTO_APPROVE,STANDARD_STRAIGHT_THROUGH,False
APP207089,DECLINE,POLICY_FAILURE,False
APP207090,DECLINE,POLICY_FAILURE,False
APP207091,AUTO_APPROVE,STANDARD_STRAIGHT_THROUGH,False
APP207092,DECLINE,POLICY_FAILURE,False
APP207093,HUMAN_REVIEW,LOW_DOCUMENT_CONFIDENCE,True
APP207094,AUTO_APPROVE,STANDARD_STRAIGHT_THROUGH,False
APP207095,AUTO_APPROVE,STANDARD_STRAIGHT_THROUGH,False
APP207096,AUTO_APPROVE,STANDARD_STRAIGHT_THROUGH,False
APP207097,AUTO_APPROVE,STANDARD_STRAIGHT_THROUGH,False
APP207098,DECLINE,POLICY_FAILURE,False
APP207099,AUTO_APPROVE,STANDARD_STRAIGHT_THROUGH,False
APP207100,AUTO_APPROVE,STANDARD_STRAIGHT_THROUGH,False
APP207101,DECLINE,POLICY_FAILURE,False
APP207102,DECLINE,POLICY_FAILURE,False
APP207103,AUTO_APPROVE,STANDARD_STRAIGHT_THROUGH,False
APP207104,AUTO_APPROVE,STANDARD_STRAIGHT_THROUGH,False
APP207105,AUTO_APPROVE,STANDARD_STRAIGHT_THROUGH,False
APP207106,AUTO_APPROVE,STANDARD_STRAIGHT_THROUGH,False
APP207107,AUTO_APPROVE,STANDARD_STRAIGHT_THROUGH,False
APP207108,AUTO_APPROVE,STANDARD_STRAIGHT_THROUGH,False
APP207109,AUTO_APPROVE,STANDARD_STRAIGHT_THROUGH,False
APP207110,AUTO_APPROVE,STANDARD_STRAIGHT_THROUGH,False
APP207111,DECLINE,POLICY_FAILURE,False
APP207112,AUTO_APPROVE,STANDARD_STRAIGHT_THROUGH,False
APP207113,AUTO_APPROVE,STANDARD_STRAIGHT_THROUGH,False
APP207114,AUTO_APPROVE,STANDARD_STRAIGHT_THROUGH,False
APP207115,AUTO_APPROVE,STANDARD_STRAIGHT_THROUGH,False
APP207116,AUTO_APPROVE,STANDARD_STRAIGHT_THROUGH,False
APP207117,AUTO_APPROVE,STANDARD_STRAIGHT_THROUGH,False
APP207118,DECLINE,POLICY_FAILURE,False
APP207119,AUTO_APPROVE,STANDARD_STRAIGHT_THROUGH,False
APP207120,AUTO_APPROVE,STANDARD_STRAIGHT_THROUGH,False
APP207121,DECLINE,POLICY_FAILURE,False
APP207122,DECLINE,POLICY_FAILURE,False
APP207123,AUTO_APPROVE,STANDARD_STRAIGHT_THROUGH,False
APP207124,DECLINE,POLICY_FAILURE,False
APP207125,AUTO_APPROVE,STANDARD_STRAIGHT_THROUGH,False
APP207126,DECLINE,POLICY_FAILURE,False
APP207127,DECLINE,POLICY_FAILURE,False
APP207128,AUTO_APPROVE,STANDARD_STRAIGHT_THROUGH,False
APP207129,AUTO_APPROVE,STANDARD_STRAIGHT_THROUGH,False
APP207130,AUTO_APPROVE,STANDARD_STRAIGHT_THROUGH,False
APP207131,AUTO_APPROVE,STANDARD_STRAIGHT_THROUGH,False
APP207132,DECLINE,POLICY_FAILURE,False
APP207133,AUTO_APPROVE,STANDARD_STRAIGHT_THROUGH,False
APP207134,DECLINE,POLICY_FAILURE,False
APP207135,AUTO_APPROVE,STANDARD_STRAIGHT_THROUGH,False
APP207136,DECLINE,POLICY_FAILURE,False
APP207137,AUTO_APPROVE,STANDARD_STRAIGHT_THROUGH,False
APP207138,AUTO_APPROVE,STANDARD_STRAIGHT_THROUGH,False
APP207139,AUTO_APPROVE,STANDARD_STRAIGHT_THROUGH,False
APP207140,AUTO_APPROVE,STANDARD_STRAIGHT_THROUGH,False
APP207141,DECLINE,POLICY_FAILURE,False
APP207142,DECLINE,POLICY_FAILURE,False
APP207143,AUTO_APPROVE,STANDARD_STRAIGHT_THROUGH,False
APP207144,DECLINE,POLICY_FAILURE,False
APP207145,AUTO_APPROVE,STANDARD_STRAIGHT_THROUGH,False
APP207146,DECLINE,POLICY_FAILURE,False
APP207147,DECLINE,POLICY_FAILURE,False
APP207148,AUTO_APPROVE,STANDARD_STRAIGHT_THROUGH,False
APP207149,AUTO_APPROVE,STANDARD_STRAIGHT_THROUGH,False
APP207150,AUTO_APPROVE,STANDARD_STRAIGHT_THROUGH,False
APP207151,AUTO_APPROVE,STANDARD_STRAIGHT_THROUGH,False
APP207152,DECLINE,POLICY_FAILURE,False
APP207153,AUTO_APPROVE,STANDARD_STRAIGHT_THROUGH,False
APP207154,DECLINE,POLICY_FAILURE,False
APP207155,AUTO_APPROVE,STANDARD_STRAIGHT_THROUGH,False
APP207156,AUTO_APPROVE,STANDARD_STRAIGHT_THROUGH,False
APP207157,AUTO_APPROVE,STANDARD_STRAIGHT_THROUGH,False
APP207158,AUTO_APPROVE,STANDARD_STRAIGHT_THROUGH,False
APP207159,AUTO_APPROVE,STANDARD_STRAIGHT_THROUGH,False
APP207160,AUTO_APPROVE,STANDARD_STRAIGHT_THROUGH,False
APP207161,DECLINE,POLICY_FAILURE,False
APP207162,AUTO_APPROVE,STANDARD_STRAIGHT_THROUGH,False
APP207163,DECLINE,POLICY_FAILURE,False
APP207164,DECLINE,POLICY_FAILURE,False
APP207165,DECLINE,POLICY_FAILURE,False
APP207166,AUTO_APPROVE,STANDARD_STRAIGHT_THROUGH,False
APP207167,AUTO_APPROVE,STANDARD_STRAIGHT_THROUGH,False
APP207168,AUTO_APPROVE,STANDARD_STRAIGHT_THROUGH,False
APP207169,DECLINE,POLICY_FAILURE,False
APP207170,DECLINE,POLICY_FAILURE,False
APP207171,DECLINE,POLICY_FAILURE,False
APP207172,AUTO_APPROVE,STANDARD_STRAIGHT_THROUGH,False
APP207173,AUTO_APPROVE,STANDARD_STRAIGHT_THROUGH,False
APP207174,AUTO_APPROVE,STANDARD_STRAIGHT_THROUGH,False
APP207175,DECLINE,POLICY_FAILURE,False
APP207176,AUTO_APPROVE,STANDARD_STRAIGHT_THROUGH,False
APP207177,DECLINE,POLICY_FAILURE,False
APP207178,DECLINE,POLICY_FAILURE,False
APP207179,AUTO_APPROVE,STANDARD_STRAIGHT_THROUGH,False
APP207180,AUTO_APPROVE,STANDARD_STRAIGHT_THROUGH,False
APP207181,DECLINE,POLICY_FAILURE,False
APP207182,AUTO_APPROVE,STANDARD_STRAIGHT_THROUGH,False
APP207183,DECLINE,POLICY_FAILURE,False
APP207184,AUTO_APPROVE,STANDARD_STRAIGHT_THROUGH,False
APP207185,AUTO_APPROVE,STANDARD_STRAIGHT_THROUGH,False
APP207186,AUTO_APPROVE,STANDARD_STRAIGHT_THROUGH,False
APP207187,AUTO_APPROVE,STANDARD_STRAIGHT_THROUGH,False
APP207188,DECLINE,POLICY_FAILURE,False
APP207189,AUTO_APPROVE,STANDARD_STRAIGHT_THROUGH,False
APP207190,DECLINE,POLICY_FAILURE,False
APP207191,DECLINE,POLICY_FAILURE,False
APP207192,AUTO_APPROVE,STANDARD_STRAIGHT_THROUGH,False
APP207193,AUTO_APPROVE,STANDARD_STRAIGHT_THROUGH,False
APP207194,DECLINE,POLICY_FAILURE,False
APP207195,DECLINE,POLICY_FAILURE,False
APP207196,DECLINE,POLICY_FAILURE,False
APP207197,AUTO_APPROVE,STANDARD_STRAIGHT_THROUGH,False
APP207198,AUTO_APPROVE,STANDARD_STRAIGHT_THROUGH,False
APP207199,AUTO_APPROVE,STANDARD_STRAIGHT_THROUGH,False
APP207200,DECLINE,POLICY_FAILURE,False
APP207201,AUTO_APPROVE,STANDARD_STRAIGHT_THROUGH,False
APP207202,AUTO_APPROVE,STANDARD_STRAIGHT_THROUGH,False
APP207203,AUTO_APPROVE,STANDARD_STRAIGHT_THROUGH,False
APP207204,AUTO_APPROVE,STANDARD_STRAIGHT_THROUGH,False
APP207205,DECLINE,POLICY_FAILURE,False
APP207206,AUTO_APPROVE,STANDARD_STRAIGHT_THROUGH,False
APP207207,DECLINE,POLICY_FAILURE,False
APP207208,AUTO_APPROVE,STANDARD_STRAIGHT_THROUGH,False
APP207209,AUTO_APPROVE,STANDARD_STRAIGHT_THROUGH,False
APP207210,AUTO_APPROVE,STANDARD_STRAIGHT_THROUGH,False
APP207211,AUTO_APPROVE,STANDARD_STRAIGHT_THROUGH,False
APP207212,AUTO_APPROVE,STANDARD_STRAIGHT_THROUGH,False
APP207213,AUTO_APPROVE,STANDARD_STRAIGHT_THROUGH,False
APP207214,DECLINE,POLICY_FAILURE,False
APP207215,AUTO_APPROVE,STANDARD_STRAIGHT_THROUGH,False
APP207216,DECLINE,POLICY_FAILURE,False
APP207217,HUMAN_REVIEW,LOW_DOCUMENT_CONFIDENCE,True
APP207218,AUTO_APPROVE,STANDARD_STRAIGHT_THROUGH,False
APP207219,DECLINE,POLICY_FAILURE,False
APP207220,AUTO_APPROVE,STANDARD_STRAIGHT_THROUGH,False
APP207221,AUTO_APPROVE,STANDARD_STRAIGHT_THROUGH,False
APP207222,DECLINE,POLICY_FAILURE,False
APP207223,DECLINE,POLICY_FAILURE,False
APP207224,AUTO_APPROVE,STANDARD_STRAIGHT_THROUGH,False
APP207225,AUTO_APPROVE,STANDARD_STRAIGHT_THROUGH,False
APP207226,AUTO_APPROVE,STANDARD_STRAIGHT_THROUGH,False
APP207227,AUTO_APPROVE,STANDARD_STRAIGHT_THROUGH,False
APP207228,AUTO_APPROVE,STANDARD_STRAIGHT_THROUGH,False
APP207229,AUTO_APPROVE,STANDARD_STRAIGHT_THROUGH,False
APP207230,AUTO_APPROVE,STANDARD_STRAIGHT_THROUGH,False
APP207231,DECLINE,POLICY_FAILURE,False
APP207232,DECLINE,POLICY_FAILURE,False
APP207233,AUTO_APPROVE,STANDARD_STRAIGHT_THROUGH,False
APP207234,DECLINE,POLICY_FAILURE,False
APP207235,AUTO_APPROVE,STANDARD_STRAIGHT_THROUGH,False
APP207236,AUTO_APPROVE,STANDARD_STRAIGHT_THROUGH,False
APP207237,DECLINE,POLICY_FAILURE,False
APP207238,AUTO_APPROVE,STANDARD_STRAIGHT_THROUGH,False
APP207239,DECLINE,POLICY_FAILURE,False
APP207240,AUTO_APPROVE,STANDARD_STRAIGHT_THROUGH,False
APP207241,AUTO_APPROVE,STANDARD_STRAIGHT_THROUGH,False
APP207242,AUTO_APPROVE,STANDARD_STRAIGHT_THROUGH,False
APP207243,AUTO_APPROVE,STANDARD_STRAIGHT_THROUGH,False
APP207244,AUTO_APPROVE,STANDARD_STRAIGHT_THROUGH,False
APP207245,AUTO_APPROVE,STANDARD_STRAIGHT_THROUGH,False
APP207246,DECLINE,POLICY_FAILURE,False
APP207247,AUTO_APPROVE,STANDARD_STRAIGHT_THROUGH,False
APP207248,DECLINE,POLICY_FAILURE,False
APP207249,AUTO_APPROVE,STANDARD_STRAIGHT_THROUGH,False
APP207250,AUTO_APPROVE,STANDARD_STRAIGHT_THROUGH,False
APP207251,DECLINE,POLICY_FAILURE,False
APP207252,DECLINE,POLICY_FAILURE,False
APP207253,AUTO_APPROVE,STANDARD_STRAIGHT_THROUGH,False
APP207254,AUTO_APPROVE,STANDARD_STRAIGHT_THROUGH,False
APP207255,DECLINE,POLICY_FAILURE,False
APP207256,DECLINE,POLICY_FAILURE,False
APP207257,AUTO_APPROVE,STANDARD_STRAIGHT_THROUGH,False
APP207258,DECLINE,POLICY_FAILURE,False
APP207259,AUTO_APPROVE,STANDARD_STRAIGHT_THROUGH,False
APP207260,AUTO_APPROVE,STANDARD_STRAIGHT_THROUGH,False
APP207261,DECLINE,POLICY_FAILURE,False
APP207262,DECLINE,POLICY_FAILURE,False
APP207263,AUTO_APPROVE,STANDARD_STRAIGHT_THROUGH,False
APP207264,AUTO_APPROVE,STANDARD_STRAIGHT_THROUGH,False
APP207265,DECLINE,POLICY_FAILURE,False
APP207266,AUTO_APPROVE,STANDARD_STRAIGHT_THROUGH,False
APP207267,AUTO_APPROVE,STANDARD_STRAIGHT_THROUGH,False
APP207268,DECLINE,POLICY_FAILURE,False
APP207269,DECLINE,POLICY_FAILURE,False
APP207270,DECLINE,POLICY_FAILURE,False
APP207271,AUTO_APPROVE,STANDARD_STRAIGHT_THROUGH,False
APP207272,DECLINE,POLICY_FAILURE,False
APP207273,DECLINE,POLICY_FAILURE,False
APP207274,AUTO_APPROVE,STANDARD_STRAIGHT_THROUGH,False
APP207275,AUTO_APPROVE,STANDARD_STRAIGHT_THROUGH,False
APP207276,DECLINE,POLICY_FAILURE,False
APP207277,AUTO_APPROVE,STANDARD_STRAIGHT_THROUGH,False
APP207278,DECLINE,POLICY_FAILURE,False
APP207279,AUTO_APPROVE,STANDARD_STRAIGHT_THROUGH,False
APP207280,AUTO_APPROVE,STANDARD_STRAIGHT_THROUGH,False
APP207281,DECLINE,POLICY_FAILURE,False
APP207282,AUTO_APPROVE,STANDARD_STRAIGHT_THROUGH,False
APP207283,AUTO_APPROVE,STANDARD_STRAIGHT_THROUGH,False
APP207284,AUTO_APPROVE,STANDARD_STRAIGHT_THROUGH,False
APP207285,DECLINE,POLICY_FAILURE,False
APP207286,AUTO_APPROVE,STANDARD_STRAIGHT_THROUGH,False
APP207287,AUTO_APPROVE,STANDARD_STRAIGHT_THROUGH,False
APP207288,AUTO_APPROVE,STANDARD_STRAIGHT_THROUGH,False
APP207289,DECLINE,POLICY_FAILURE,False
APP207290,AUTO_APPROVE,STANDARD_STRAIGHT_THROUGH,False
APP207291,AUTO_APPROVE,STANDARD_STRAIGHT_THROUGH,False
APP207292,AUTO_APPROVE,STANDARD_STRAIGHT_THROUGH,False
APP207293,DECLINE,POLICY_FAILURE,False
APP207294,DECLINE,POLICY_FAILURE,False
APP207295,AUTO_APPROVE,STANDARD_STRAIGHT_THROUGH,False
APP207296,DECLINE,POLICY_FAILURE,False
APP207297,AUTO_APPROVE,STANDARD_STRAIGHT_THROUGH,False
APP207298,AUTO_APPROVE,STANDARD_STRAIGHT_THROUGH,False
APP207299,AUTO_APPROVE,STANDARD_STRAIGHT_THROUGH,False
APP207300,AUTO_APPROVE,STANDARD_STRAIGHT_THROUGH,False
APP207301,AUTO_APPROVE,STANDARD_STRAIGHT_THROUGH,False
APP207302,HUMAN_REVIEW,LOW_DOCUMENT_CONFIDENCE,True
APP207303,AUTO_APPROVE,STANDARD_STRAIGHT_THROUGH,False
APP207304,AUTO_APPROVE,STANDARD_STRAIGHT_THROUGH,False
APP207305,AUTO_APPROVE,STANDARD_STRAIGHT_THROUGH,False
APP207306,AUTO_APPROVE,STANDARD_STRAIGHT_THROUGH,False
APP207307,DECLINE,POLICY_FAILURE,False
APP207308,DECLINE,POLICY_FAILURE,False
APP207309,DECLINE,POLICY_FAILURE,False
APP207310,AUTO_APPROVE,STANDARD_STRAIGHT_THROUGH,False
APP207311,AUTO_APPROVE,STANDARD_STRAIGHT_THROUGH,False
APP207312,AUTO_APPROVE,STANDARD_STRAIGHT_THROUGH,False
APP207313,AUTO_APPROVE,STANDARD_STRAIGHT_THROUGH,False
APP207314,AUTO_APPROVE,STANDARD_STRAIGHT_THROUGH,False
APP207315,AUTO_APPROVE,STANDARD_STRAIGHT_THROUGH,False
APP207316,AUTO_APPROVE,STANDARD_STRAIGHT_THROUGH,False
APP207317,DECLINE,POLICY_FAILURE,False
APP207318,AUTO_APPROVE,STANDARD_STRAIGHT_THROUGH,False
APP207319,DECLINE,POLICY_FAILURE,False
APP207320,DECLINE,POLICY_FAILURE,False
APP207321,DECLINE,POLICY_FAILURE,False
APP207322,AUTO_APPROVE,STANDARD_STRAIGHT_THROUGH,False
APP207323,DECLINE,POLICY_FAILURE,False
APP207324,DECLINE,POLICY_FAILURE,False
APP207325,DECLINE,POLICY_FAILURE,False
APP207326,AUTO_APPROVE,STANDARD_STRAIGHT_THROUGH,False
APP207327,DECLINE,POLICY_FAILURE,False
APP207328,AUTO_APPROVE,STANDARD_STRAIGHT_THROUGH,False
APP207329,DECLINE,POLICY_FAILURE,False
APP207330,DECLINE,POLICY_FAILURE,False
APP207331,AUTO_APPROVE,STANDARD_STRAIGHT_THROUGH,False
APP207332,AUTO_APPROVE,STANDARD_STRAIGHT_THROUGH,False
APP207333,DECLINE,POLICY_FAILURE,False
APP207334,AUTO_APPROVE,STANDARD_STRAIGHT_THROUGH,False
APP207335,HUMAN_REVIEW,LOW_DOCUMENT_CONFIDENCE,True
APP207336,DECLINE,POLICY_FAILURE,False
APP207337,DECLINE,POLICY_FAILURE,False
APP207338,AUTO_APPROVE,STANDARD_STRAIGHT_THROUGH,False
APP207339,AUTO_APPROVE,STANDARD_STRAIGHT_THROUGH,False
APP207340,AUTO_APPROVE,STANDARD_STRAIGHT_THROUGH,False
APP207341,AUTO_APPROVE,STANDARD_STRAIGHT_THROUGH,False
APP207342,AUTO_APPROVE,STANDARD_STRAIGHT_THROUGH,False
APP207343,AUTO_APPROVE,STANDARD_STRAIGHT_THROUGH,False
APP207344,AUTO_APPROVE,STANDARD_STRAIGHT_THROUGH,False
APP207345,DECLINE,POLICY_FAILURE,False
APP207346,AUTO_APPROVE,STANDARD_STRAIGHT_THROUGH,False
APP207347,AUTO_APPROVE,STANDARD_STRAIGHT_THROUGH,False
APP207348,AUTO_APPROVE,STANDARD_STRAIGHT_THROUGH,False
APP207349,AUTO_APPROVE,STANDARD_STRAIGHT_THROUGH,False
APP207350,AUTO_APPROVE,STANDARD_STRAIGHT_THROUGH,False
APP207351,DECLINE,POLICY_FAILURE,False
APP207352,AUTO_APPROVE,STANDARD_STRAIGHT_THROUGH,False
APP207353,AUTO_APPROVE,STANDARD_STRAIGHT_THROUGH,False
APP207354,AUTO_APPROVE,STANDARD_STRAIGHT_THROUGH,False
APP207355,AUTO_APPROVE,STANDARD_STRAIGHT_THROUGH,False
APP207356,DECLINE,POLICY_FAILURE,False
APP207357,DECLINE,POLICY_FAILURE,False
APP207358,DECLINE,POLICY_FAILURE,False
APP207359,AUTO_APPROVE,STANDARD_STRAIGHT_THROUGH,False
APP207360,DECLINE,POLICY_FAILURE,False
APP207361,AUTO_APPROVE,STANDARD_STRAIGHT_THROUGH,False
APP207362,HUMAN_REVIEW,LOW_DOCUMENT_CONFIDENCE,True
APP207363,DECLINE,POLICY_FAILURE,False
APP207364,AUTO_APPROVE,STANDARD_STRAIGHT_THROUGH,False
APP207365,DECLINE,POLICY_FAILURE,False
APP207366,AUTO_APPROVE,STANDARD_STRAIGHT_THROUGH,False
APP207367,AUTO_APPROVE,STANDARD_STRAIGHT_THROUGH,False
APP207368,AUTO_APPROVE,STANDARD_STRAIGHT_THROUGH,False
APP207369,AUTO_APPROVE,STANDARD_STRAIGHT_THROUGH,False
APP207370,AUTO_APPROVE,STANDARD_STRAIGHT_THROUGH,False
APP207371,AUTO_APPROVE,STANDARD_STRAIGHT_THROUGH,False
APP207372,AUTO_APPROVE,STANDARD_STRAIGHT_THROUGH,False
APP207373,DECLINE,POLICY_FAILURE,False
APP207374,DECLINE,POLICY_FAILURE,False
APP207375,AUTO_APPROVE,STANDARD_STRAIGHT_THROUGH,False
APP207376,DECLINE,POLICY_FAILURE,False
APP207377,DECLINE,POLICY_FAILURE,False
APP207378,DECLINE,POLICY_FAILURE,False
APP207379,AUTO_APPROVE,STANDARD_STRAIGHT_THROUGH,False
APP207380,DECLINE,POLICY_FAILURE,False
APP207381,DECLINE,POLICY_FAILURE,False
APP207382,DECLINE,POLICY_FAILURE,False
APP207383,DECLINE,POLICY_FAILURE,False
APP207384,AUTO_APPROVE,STANDARD_STRAIGHT_THROUGH,False
APP207385,DECLINE,POLICY_FAILURE,False
APP207386,DECLINE,POLICY_FAILURE,False
APP207387,AUTO_APPROVE,STANDARD_STRAIGHT_THROUGH,False
APP207388,DECLINE,POLICY_FAILURE,False
APP207389,DECLINE,POLICY_FAILURE,False
APP207390,AUTO_APPROVE,STANDARD_STRAIGHT_THROUGH,False
APP207391,DECLINE,POLICY_FAILURE,False
APP207392,AUTO_APPROVE,STANDARD_STRAIGHT_THROUGH,False
APP207393,DECLINE,POLICY_FAILURE,False
APP207394,DECLINE,POLICY_FAILURE,False
APP207395,DECLINE,POLICY_FAILURE,False
APP207396,AUTO_APPROVE,STANDARD_STRAIGHT_THROUGH,False
APP207397,DECLINE,POLICY_FAILURE,False
APP207398,AUTO_APPROVE,STANDARD_STRAIGHT_THROUGH,False
APP207399,DECLINE,POLICY_FAILURE,False
APP207400,AUTO_APPROVE,STANDARD_STRAIGHT_THROUGH,False
APP207401,AUTO_APPROVE,STANDARD_STRAIGHT_THROUGH,False
APP207402,AUTO_APPROVE,STANDARD_STRAIGHT_THROUGH,False
APP207403,AUTO_APPROVE,STANDARD_STRAIGHT_THROUGH,False
APP207404,AUTO_APPROVE,STANDARD_STRAIGHT_THROUGH,False
APP207405,AUTO_APPROVE,STANDARD_STRAIGHT_THROUGH,False
APP207406,AUTO_APPROVE,STANDARD_STRAIGHT_THROUGH,False
APP207407,DECLINE,POLICY_FAILURE,False
APP207408,AUTO_APPROVE,STANDARD_STRAIGHT_THROUGH,False
APP207409,AUTO_APPROVE,STANDARD_STRAIGHT_THROUGH,False
APP207410,AUTO_APPROVE,STANDARD_STRAIGHT_THROUGH,False
APP207411,DECLINE,POLICY_FAILURE,False
APP207412,DECLINE,POLICY_FAILURE,False
APP207413,AUTO_APPROVE,STANDARD_STRAIGHT_THROUGH,False
APP207414,AUTO_APPROVE,STANDARD_STRAIGHT_THROUGH,False
APP207415,DECLINE,POLICY_FAILURE,False
APP207416,AUTO_APPROVE,STANDARD_STRAIGHT_THROUGH,False
APP207417,AUTO_APPROVE,STANDARD_STRAIGHT_THROUGH,False
APP207418,AUTO_APPROVE,STANDARD_STRAIGHT_THROUGH,False
APP207419,AUTO_APPROVE,STANDARD_STRAIGHT_THROUGH,False
APP207420,AUTO_APPROVE,STANDARD_STRAIGHT_THROUGH,False
APP207421,AUTO_APPROVE,STANDARD_STRAIGHT_THROUGH,False
APP207422,DECLINE,POLICY_FAILURE,False
APP207423,AUTO_APPROVE,STANDARD_STRAIGHT_THROUGH,False
APP207424,DECLINE,POLICY_FAILURE,False
APP207425,AUTO_APPROVE,STANDARD_STRAIGHT_THROUGH,False
APP207426,DECLINE,POLICY_FAILURE,False
APP207427,DECLINE,POLICY_FAILURE,False
APP207428,AUTO_APPROVE,STANDARD_STRAIGHT_THROUGH,False
APP207429,AUTO_APPROVE,STANDARD_STRAIGHT_THROUGH,False
APP207430,AUTO_APPROVE,STANDARD_STRAIGHT_THROUGH,False
APP207431,DECLINE,POLICY_FAILURE,False
APP207432,AUTO_APPROVE,STANDARD_STRAIGHT_THROUGH,False
APP207433,AUTO_APPROVE,STANDARD_STRAIGHT_THROUGH,False
APP207434,HUMAN_REVIEW,MEDIUM_FRAUD_RISK,True
APP207435,DECLINE,POLICY_FAILURE,False
APP207436,AUTO_APPROVE,STANDARD_STRAIGHT_THROUGH,False
APP207437,AUTO_APPROVE,STANDARD_STRAIGHT_THROUGH,False
APP207438,AUTO_APPROVE,STANDARD_STRAIGHT_THROUGH,False
APP207439,AUTO_APPROVE,STANDARD_STRAIGHT_THROUGH,False
APP207440,AUTO_APPROVE,STANDARD_STRAIGHT_THROUGH,False
APP207441,AUTO_APPROVE,STANDARD_STRAIGHT_THROUGH,False
APP207442,AUTO_APPROVE,STANDARD_STRAIGHT_THROUGH,False
APP207443,DECLINE,POLICY_FAILURE,False
APP207444,DECLINE,POLICY_FAILURE,False
APP207445,AUTO_APPROVE,STANDARD_STRAIGHT_THROUGH,False
APP207446,AUTO_APPROVE,STANDARD_STRAIGHT_THROUGH,False
APP207447,DECLINE,POLICY_FAILURE,False
APP207448,AUTO_APPROVE,STANDARD_STRAIGHT_THROUGH,False
APP207449,AUTO_APPROVE,STANDARD_STRAIGHT_THROUGH,False
APP207450,DECLINE,POLICY_FAILURE,False
APP207451,AUTO_APPROVE,STANDARD_STRAIGHT_THROUGH,False
APP207452,AUTO_APPROVE,STANDARD_STRAIGHT_THROUGH,False
APP207453,DECLINE,POLICY_FAILURE,False
APP207454,DECLINE,POLICY_FAILURE,False
APP207455,DECLINE,POLICY_FAILURE,False
APP207456,DECLINE,POLICY_FAILURE,False
APP207457,AUTO_APPROVE,STANDARD_STRAIGHT_THROUGH,False
APP207458,AUTO_APPROVE,STANDARD_STRAIGHT_THROUGH,False
APP207459,AUTO_APPROVE,STANDARD_STRAIGHT_THROUGH,False
APP207460,AUTO_APPROVE,STANDARD_STRAIGHT_THROUGH,False
APP207461,DECLINE,POLICY_FAILURE,False
APP207462,DECLINE,POLICY_FAILURE,False
APP207463,AUTO_APPROVE,STANDARD_STRAIGHT_THROUGH,False
APP207464,DECLINE,POLICY_FAILURE,False
APP207465,DECLINE,POLICY_FAILURE,False
APP207466,AUTO_APPROVE,STANDARD_STRAIGHT_THROUGH,False
APP207467,DECLINE,POLICY_FAILURE,False
APP207468,DECLINE,POLICY_FAILURE,False
APP207469,DECLINE,POLICY_FAILURE,False
APP207470,AUTO_APPROVE,STANDARD_STRAIGHT_THROUGH,False
APP207471,AUTO_APPROVE,STANDARD_STRAIGHT_THROUGH,False
APP207472,AUTO_APPROVE,STANDARD_STRAIGHT_THROUGH,False
APP207473,AUTO_APPROVE,STANDARD_STRAIGHT_THROUGH,False
APP207474,AUTO_APPROVE,STANDARD_STRAIGHT_THROUGH,False
APP207475,AUTO_APPROVE,STANDARD_STRAIGHT_THROUGH,False
APP207476,DECLINE,POLICY_FAILURE,False
APP207477,AUTO_APPROVE,STANDARD_STRAIGHT_THROUGH,False
APP207478,AUTO_APPROVE,STANDARD_STRAIGHT_THROUGH,False
APP207479,DECLINE,POLICY_FAILURE,False
APP207480,AUTO_APPROVE,STANDARD_STRAIGHT_THROUGH,False
APP207481,AUTO_APPROVE,STANDARD_STRAIGHT_THROUGH,False
APP207482,AUTO_APPROVE,STANDARD_STRAIGHT_THROUGH,False
APP207483,DECLINE,POLICY_FAILURE,False
APP207484,AUTO_APPROVE,STANDARD_STRAIGHT_THROUGH,False
APP207485,AUTO_APPROVE,STANDARD_STRAIGHT_THROUGH,False
APP207486,AUTO_APPROVE,STANDARD_STRAIGHT_THROUGH,False
APP207487,AUTO_APPROVE,STANDARD_STRAIGHT_THROUGH,False
APP207488,AUTO_APPROVE,STANDARD_STRAIGHT_THROUGH,False
APP207489,AUTO_APPROVE,STANDARD_STRAIGHT_THROUGH,False
APP207490,AUTO_APPROVE,STANDARD_STRAIGHT_THROUGH,False
APP207491,AUTO_APPROVE,STANDARD_STRAIGHT_THROUGH,False
APP207492,AUTO_APPROVE,STANDARD_STRAIGHT_THROUGH,False
APP207493,AUTO_APPROVE,STANDARD_STRAIGHT_THROUGH,False
APP207494,DECLINE,POLICY_FAILURE,False
APP207495,DECLINE,POLICY_FAILURE,False
APP207496,AUTO_APPROVE,STANDARD_STRAIGHT_THROUGH,False
APP207497,AUTO_APPROVE,STANDARD_STRAIGHT_THROUGH,False
APP207498,AUTO_APPROVE,STANDARD_STRAIGHT_THROUGH,False
APP207499,AUTO_APPROVE,STANDARD_STRAIGHT_THROUGH,False
APP207500,DECLINE,POLICY_FAILURE,False
APP207501,AUTO_APPROVE,STANDARD_STRAIGHT_THROUGH,False
APP207502,AUTO_APPROVE,STANDARD_STRAIGHT_THROUGH,False
APP207503,DECLINE,POLICY_FAILURE,False
APP207504,DECLINE,POLICY_FAILURE,False
APP207505,DECLINE,POLICY_FAILURE,False
APP207506,DECLINE,POLICY_FAILURE,False
APP207507,AUTO_APPROVE,STANDARD_STRAIGHT_THROUGH,False
APP207508,AUTO_APPROVE,STANDARD_STRAIGHT_THROUGH,False
APP207509,DECLINE,POLICY_FAILURE,False
APP207510,AUTO_APPROVE,STANDARD_STRAIGHT_THROUGH,False
APP207511,DECLINE,POLICY_FAILURE,False
APP207512,DECLINE,POLICY_FAILURE,False
APP207513,AUTO_APPROVE,STANDARD_STRAIGHT_THROUGH,False
APP207514,HUMAN_REVIEW,LOW_DOCUMENT_CONFIDENCE,True
APP207515,AUTO_APPROVE,STANDARD_STRAIGHT_THROUGH,False
APP207516,DECLINE,POLICY_FAILURE,False
APP207517,DECLINE,POLICY_FAILURE,False
APP207518,AUTO_APPROVE,STANDARD_STRAIGHT_THROUGH,False
APP207519,AUTO_APPROVE,STANDARD_STRAIGHT_THROUGH,False
APP207520,AUTO_APPROVE,STANDARD_STRAIGHT_THROUGH,False
APP207521,AUTO_APPROVE,STANDARD_STRAIGHT_THROUGH,False
APP207522,AUTO_APPROVE,STANDARD_STRAIGHT_THROUGH,False
APP207523,DECLINE,POLICY_FAILURE,False
APP207524,AUTO_APPROVE,STANDARD_STRAIGHT_THROUGH,False
APP207525,DECLINE,POLICY_FAILURE,False
APP207526,DECLINE,POLICY_FAILURE,False
APP207527,AUTO_APPROVE,STANDARD_STRAIGHT_THROUGH,False
APP207528,AUTO_APPROVE,STANDARD_STRAIGHT_THROUGH,False
APP207529,AUTO_APPROVE,STANDARD_STRAIGHT_THROUGH,False
APP207530,AUTO_APPROVE,STANDARD_STRAIGHT_THROUGH,False
APP207531,AUTO_APPROVE,STANDARD_STRAIGHT_THROUGH,False
APP207532,DECLINE,POLICY_FAILURE,False
APP207533,AUTO_APPROVE,STANDARD_STRAIGHT_THROUGH,False
APP207534,AUTO_APPROVE,STANDARD_STRAIGHT_THROUGH,False
APP207535,AUTO_APPROVE,STANDARD_STRAIGHT_THROUGH,False
APP207536,DECLINE,POLICY_FAILURE,False
APP207537,AUTO_APPROVE,STANDARD_STRAIGHT_THROUGH,False
APP207538,DECLINE,POLICY_FAILURE,False
APP207539,AUTO_APPROVE,STANDARD_STRAIGHT_THROUGH,False
APP207540,AUTO_APPROVE,STANDARD_STRAIGHT_THROUGH,False
APP207541,DECLINE,POLICY_FAILURE,False
APP207542,DECLINE,POLICY_FAILURE,False
APP207543,AUTO_APPROVE,STANDARD_STRAIGHT_THROUGH,False
APP207544,AUTO_APPROVE,STANDARD_STRAIGHT_THROUGH,False
APP207545,AUTO_APPROVE,STANDARD_STRAIGHT_THROUGH,False
APP207546,AUTO_APPROVE,STANDARD_STRAIGHT_THROUGH,False
APP207547,AUTO_APPROVE,STANDARD_STRAIGHT_THROUGH,False
APP207548,DECLINE,POLICY_FAILURE,False
APP207549,DECLINE,POLICY_FAILURE,False
APP207550,DECLINE,POLICY_FAILURE,False
APP207551,DECLINE,POLICY_FAILURE,False
APP207552,DECLINE,POLICY_FAILURE,False
APP207553,AUTO_APPROVE,STANDARD_STRAIGHT_THROUGH,False
APP207554,AUTO_APPROVE,STANDARD_STRAIGHT_THROUGH,False
APP207555,AUTO_APPROVE,STANDARD_STRAIGHT_THROUGH,False
APP207556,AUTO_APPROVE,STANDARD_STRAIGHT_THROUGH,False
APP207557,AUTO_APPROVE,STANDARD_STRAIGHT_THROUGH,False
APP207558,AUTO_APPROVE,STANDARD_STRAIGHT_THROUGH,False
APP207559,AUTO_APPROVE,STANDARD_STRAIGHT_THROUGH,False
APP207560,AUTO_APPROVE,STANDARD_STRAIGHT_THROUGH,False
APP207561,DECLINE,POLICY_FAILURE,False
APP207562,AUTO_APPROVE,STANDARD_STRAIGHT_THROUGH,False
APP207563,DECLINE,POLICY_FAILURE,False
APP207564,AUTO_APPROVE,STANDARD_STRAIGHT_THROUGH,False
APP207565,AUTO_APPROVE,STANDARD_STRAIGHT_THROUGH,False
APP207566,AUTO_APPROVE,STANDARD_STRAIGHT_THROUGH,False
APP207567,AUTO_APPROVE,STANDARD_STRAIGHT_THROUGH,False
APP207568,AUTO_APPROVE,STANDARD_STRAIGHT_THROUGH,False
APP207569,DECLINE,POLICY_FAILURE,False
APP207570,DECLINE,POLICY_FAILURE,False
APP207571,AUTO_APPROVE,STANDARD_STRAIGHT_THROUGH,False
APP207572,AUTO_APPROVE,STANDARD_STRAIGHT_THROUGH,False
APP207573,AUTO_APPROVE,STANDARD_STRAIGHT_THROUGH,False
APP207574,AUTO_APPROVE,STANDARD_STRAIGHT_THROUGH,False
APP207575,DECLINE,POLICY_FAILURE,False
APP207576,AUTO_APPROVE,STANDARD_STRAIGHT_THROUGH,False
APP207577,AUTO_APPROVE,STANDARD_STRAIGHT_THROUGH,False
APP207578,DECLINE,POLICY_FAILURE,False
APP207579,DECLINE,POLICY_FAILURE,False
APP207580,DECLINE,POLICY_FAILURE,False
APP207581,AUTO_APPROVE,STANDARD_STRAIGHT_THROUGH,False
APP207582,AUTO_APPROVE,STANDARD_STRAIGHT_THROUGH,False
APP207583,AUTO_APPROVE,STANDARD_STRAIGHT_THROUGH,False
APP207584,AUTO_APPROVE,STANDARD_STRAIGHT_THROUGH,False
APP207585,AUTO_APPROVE,STANDARD_STRAIGHT_THROUGH,False
APP207586,AUTO_APPROVE,STANDARD_STRAIGHT_THROUGH,False
APP207587,AUTO_APPROVE,STANDARD_STRAIGHT_THROUGH,False
APP207588,AUTO_APPROVE,STANDARD_STRAIGHT_THROUGH,False
APP207589,DECLINE,POLICY_FAILURE,False
APP207590,AUTO_APPROVE,STANDARD_STRAIGHT_THROUGH,False
APP207591,AUTO_APPROVE,STANDARD_STRAIGHT_THROUGH,False
APP207592,AUTO_APPROVE,STANDARD_STRAIGHT_THROUGH,False
APP207593,AUTO_APPROVE,STANDARD_STRAIGHT_THROUGH,False
APP207594,DECLINE,POLICY_FAILURE,False
APP207595,AUTO_APPROVE,STANDARD_STRAIGHT_THROUGH,False
APP207596,AUTO_APPROVE,STANDARD_STRAIGHT_THROUGH,False
APP207597,AUTO_APPROVE,STANDARD_STRAIGHT_THROUGH,False
APP207598,AUTO_APPROVE,STANDARD_STRAIGHT_THROUGH,False
APP207599,DECLINE,POLICY_FAILURE,False
APP207600,DECLINE,POLICY_FAILURE,False
APP207601,AUTO_APPROVE,STANDARD_STRAIGHT_THROUGH,False
APP207602,AUTO_APPROVE,STANDARD_STRAIGHT_THROUGH,False
APP207603,AUTO_APPROVE,STANDARD_STRAIGHT_THROUGH,False
APP207604,DECLINE,POLICY_FAILURE,False
APP207605,DECLINE,POLICY_FAILURE,False
APP207606,AUTO_APPROVE,STANDARD_STRAIGHT_THROUGH,False
APP207607,DECLINE,POLICY_FAILURE,False
APP207608,DECLINE,POLICY_FAILURE,False
APP207609,DECLINE,POLICY_FAILURE,False
APP207610,AUTO_APPROVE,STANDARD_STRAIGHT_THROUGH,False
APP207611,DECLINE,POLICY_FAILURE,False
APP207612,AUTO_APPROVE,STANDARD_STRAIGHT_THROUGH,False
APP207613,AUTO_APPROVE,STANDARD_STRAIGHT_THROUGH,False
APP207614,DECLINE,POLICY_FAILURE,False
APP207615,AUTO_APPROVE,STANDARD_STRAIGHT_THROUGH,False
APP207616,AUTO_APPROVE,STANDARD_STRAIGHT_THROUGH,False
APP207617,DECLINE,POLICY_FAILURE,False
APP207618,DECLINE,POLICY_FAILURE,False
APP207619,HUMAN_REVIEW,MEDIUM_FRAUD_RISK,True
APP207620,AUTO_APPROVE,STANDARD_STRAIGHT_THROUGH,False
APP207621,AUTO_APPROVE,STANDARD_STRAIGHT_THROUGH,False
APP207622,DECLINE,POLICY_FAILURE,False
APP207623,AUTO_APPROVE,STANDARD_STRAIGHT_THROUGH,False
APP207624,AUTO_APPROVE,STANDARD_STRAIGHT_THROUGH,False
APP207625,DECLINE,POLICY_FAILURE,False
APP207626,AUTO_APPROVE,STANDARD_STRAIGHT_THROUGH,False
APP207627,AUTO_APPROVE,STANDARD_STRAIGHT_THROUGH,False
APP207628,AUTO_APPROVE,STANDARD_STRAIGHT_THROUGH,False
APP207629,DECLINE,POLICY_FAILURE,False
APP207630,AUTO_APPROVE,STANDARD_STRAIGHT_THROUGH,False
APP207631,DECLINE,POLICY_FAILURE,False
APP207632,AUTO_APPROVE,STANDARD_STRAIGHT_THROUGH,False
APP207633,AUTO_APPROVE,STANDARD_STRAIGHT_THROUGH,False
APP207634,DECLINE,POLICY_FAILURE,False
APP207635,DECLINE,POLICY_FAILURE,False
APP207636,AUTO_APPROVE,STANDARD_STRAIGHT_THROUGH,False
APP207637,DECLINE,POLICY_FAILURE,False
APP207638,AUTO_APPROVE,STANDARD_STRAIGHT_THROUGH,False
APP207639,DECLINE,POLICY_FAILURE,False
APP207640,AUTO_APPROVE,STANDARD_STRAIGHT_THROUGH,False
APP207641,AUTO_APPROVE,STANDARD_STRAIGHT_THROUGH,False
APP207642,DECLINE,POLICY_FAILURE,False
APP207643,AUTO_APPROVE,STANDARD_STRAIGHT_THROUGH,False
APP207644,AUTO_APPROVE,STANDARD_STRAIGHT_THROUGH,False
APP207645,DECLINE,POLICY_FAILURE,False
APP207646,AUTO_APPROVE,STANDARD_STRAIGHT_THROUGH,False
APP207647,AUTO_APPROVE,STANDARD_STRAIGHT_THROUGH,False
APP207648,DECLINE,POLICY_FAILURE,False
APP207649,DECLINE,POLICY_FAILURE,False
APP207650,HUMAN_REVIEW,LOW_DOCUMENT_CONFIDENCE,True
APP207651,AUTO_APPROVE,STANDARD_STRAIGHT_THROUGH,False
APP207652,DECLINE,POLICY_FAILURE,False
APP207653,AUTO_APPROVE,STANDARD_STRAIGHT_THROUGH,False
APP207654,DECLINE,POLICY_FAILURE,False
APP207655,AUTO_APPROVE,STANDARD_STRAIGHT_THROUGH,False
APP207656,DECLINE,POLICY_FAILURE,False
APP207657,AUTO_APPROVE,STANDARD_STRAIGHT_THROUGH,False
APP207658,AUTO_APPROVE,STANDARD_STRAIGHT_THROUGH,False
APP207659,AUTO_APPROVE,STANDARD_STRAIGHT_THROUGH,False
APP207660,DECLINE,POLICY_FAILURE,False
APP207661,AUTO_APPROVE,STANDARD_STRAIGHT_THROUGH,False
APP207662,DECLINE,POLICY_FAILURE,False
APP207663,AUTO_APPROVE,STANDARD_STRAIGHT_THROUGH,False
APP207664,DECLINE,POLICY_FAILURE,False
APP207665,AUTO_APPROVE,STANDARD_STRAIGHT_THROUGH,False
APP207666,AUTO_APPROVE,STANDARD_STRAIGHT_THROUGH,False
APP207667,DECLINE,POLICY_FAILURE,False
APP207668,AUTO_APPROVE,STANDARD_STRAIGHT_THROUGH,False
APP207669,AUTO_APPROVE,STANDARD_STRAIGHT_THROUGH,False
APP207670,DECLINE,POLICY_FAILURE,False
APP207671,DECLINE,POLICY_FAILURE,False
APP207672,AUTO_APPROVE,STANDARD_STRAIGHT_THROUGH,False
APP207673,DECLINE,POLICY_FAILURE,False
APP207674,AUTO_APPROVE,STANDARD_STRAIGHT_THROUGH,False
APP207675,DECLINE,POLICY_FAILURE,False
APP207676,AUTO_APPROVE,STANDARD_STRAIGHT_THROUGH,False
APP207677,AUTO_APPROVE,STANDARD_STRAIGHT_THROUGH,False
APP207678,DECLINE,POLICY_FAILURE,False
APP207679,DECLINE,POLICY_FAILURE,False
APP207680,DECLINE,POLICY_FAILURE,False
APP207681,AUTO_APPROVE,STANDARD_STRAIGHT_THROUGH,False
APP207682,AUTO_APPROVE,STANDARD_STRAIGHT_THROUGH,False
APP207683,AUTO_APPROVE,STANDARD_STRAIGHT_THROUGH,False
APP207684,DECLINE,POLICY_FAILURE,False
APP207685,AUTO_APPROVE,STANDARD_STRAIGHT_THROUGH,False
APP207686,DECLINE,POLICY_FAILURE,False
APP207687,AUTO_APPROVE,STANDARD_STRAIGHT_THROUGH,False
APP207688,AUTO_APPROVE,STANDARD_STRAIGHT_THROUGH,False
APP207689,DECLINE,POLICY_FAILURE,False
APP207690,AUTO_APPROVE,STANDARD_STRAIGHT_THROUGH,False
APP207691,AUTO_APPROVE,STANDARD_STRAIGHT_THROUGH,False
APP207692,AUTO_APPROVE,STANDARD_STRAIGHT_THROUGH,False
APP207693,DECLINE,POLICY_FAILURE,False
APP207694,AUTO_APPROVE,STANDARD_STRAIGHT_THROUGH,False
APP207695,DECLINE,POLICY_FAILURE,False
APP207696,DECLINE,POLICY_FAILURE,False
APP207697,DECLINE,POLICY_FAILURE,False
APP207698,AUTO_APPROVE,STANDARD_STRAIGHT_THROUGH,False
APP207699,DECLINE,POLICY_FAILURE,False
APP207700,AUTO_APPROVE,STANDARD_STRAIGHT_THROUGH,False
APP207701,DECLINE,POLICY_FAILURE,False
APP207702,AUTO_APPROVE,STANDARD_STRAIGHT_THROUGH,False
APP207703,DECLINE,POLICY_FAILURE,False
APP207704,AUTO_APPROVE,STANDARD_STRAIGHT_THROUGH,False
APP207705,AUTO_APPROVE,STANDARD_STRAIGHT_THROUGH,False
APP207706,DECLINE,POLICY_FAILURE,False
APP207707,DECLINE,POLICY_FAILURE,False
APP207708,AUTO_APPROVE,STANDARD_STRAIGHT_THROUGH,False
APP207709,AUTO_APPROVE,STANDARD_STRAIGHT_THROUGH,False
APP207710,DECLINE,POLICY_FAILURE,False
APP207711,DECLINE,POLICY_FAILURE,False
APP207712,DECLINE,POLICY_FAILURE,False
APP207713,DECLINE,POLICY_FAILURE,False
APP207714,DECLINE,POLICY_FAILURE,False
APP207715,DECLINE,POLICY_FAILURE,False
APP207716,AUTO_APPROVE,STANDARD_STRAIGHT_THROUGH,False
APP207717,AUTO_APPROVE,STANDARD_STRAIGHT_THROUGH,False
APP207718,AUTO_APPROVE,STANDARD_STRAIGHT_THROUGH,False
APP207719,DECLINE,POLICY_FAILURE,False
APP207720,DECLINE,POLICY_FAILURE,False
APP207721,AUTO_APPROVE,STANDARD_STRAIGHT_THROUGH,False
APP207722,AUTO_APPROVE,STANDARD_STRAIGHT_THROUGH,False
APP207723,AUTO_APPROVE,STANDARD_STRAIGHT_THROUGH,False
APP207724,AUTO_APPROVE,STANDARD_STRAIGHT_THROUGH,False
APP207725,AUTO_APPROVE,STANDARD_STRAIGHT_THROUGH,False
APP207726,AUTO_APPROVE,STANDARD_STRAIGHT_THROUGH,False
APP207727,DECLINE,POLICY_FAILURE,False
APP207728,AUTO_APPROVE,STANDARD_STRAIGHT_THROUGH,False
APP207729,DECLINE,POLICY_FAILURE,False
APP207730,AUTO_APPROVE,STANDARD_STRAIGHT_THROUGH,False
APP207731,AUTO_APPROVE,STANDARD_STRAIGHT_THROUGH,False
APP207732,DECLINE,POLICY_FAILURE,False
APP207733,AUTO_APPROVE,STANDARD_STRAIGHT_THROUGH,False
APP207734,AUTO_APPROVE,STANDARD_STRAIGHT_THROUGH,False
APP207735,AUTO_APPROVE,STANDARD_STRAIGHT_THROUGH,False
APP207736,AUTO_APPROVE,STANDARD_STRAIGHT_THROUGH,False
APP207737,AUTO_APPROVE,STANDARD_STRAIGHT_THROUGH,False
APP207738,DECLINE,POLICY_FAILURE,False
APP207739,DECLINE,POLICY_FAILURE,False
APP207740,DECLINE,POLICY_FAILURE,False
APP207741,DECLINE,POLICY_FAILURE,False
APP207742,DECLINE,POLICY_FAILURE,False
APP207743,AUTO_APPROVE,STANDARD_STRAIGHT_THROUGH,False
APP207744,AUTO_APPROVE,STANDARD_STRAIGHT_THROUGH,False
APP207745,AUTO_APPROVE,STANDARD_STRAIGHT_THROUGH,False
APP207746,DECLINE,POLICY_FAILURE,False
APP207747,AUTO_APPROVE,STANDARD_STRAIGHT_THROUGH,False
APP207748,AUTO_APPROVE,STANDARD_STRAIGHT_THROUGH,False
APP207749,DECLINE,POLICY_FAILURE,False
APP207750,AUTO_APPROVE,STANDARD_STRAIGHT_THROUGH,False
APP207751,AUTO_APPROVE,STANDARD_STRAIGHT_THROUGH,False
APP207752,DECLINE,POLICY_FAILURE,False
APP207753,AUTO_APPROVE,STANDARD_STRAIGHT_THROUGH,False
APP207754,AUTO_APPROVE,STANDARD_STRAIGHT_THROUGH,False
APP207755,AUTO_APPROVE,STANDARD_STRAIGHT_THROUGH,False
APP207756,AUTO_APPROVE,STANDARD_STRAIGHT_THROUGH,False
APP207757,AUTO_APPROVE,STANDARD_STRAIGHT_THROUGH,False
APP207758,AUTO_APPROVE,STANDARD_STRAIGHT_THROUGH,False
APP207759,DECLINE,POLICY_FAILURE,False
APP207760,DECLINE,POLICY_FAILURE,False
APP207761,AUTO_APPROVE,STANDARD_STRAIGHT_THROUGH,False
APP207762,DECLINE,POLICY_FAILURE,False
APP207763,DECLINE,POLICY_FAILURE,False
APP207764,DECLINE,POLICY_FAILURE,False
APP207765,DECLINE,POLICY_FAILURE,False
APP207766,DECLINE,POLICY_FAILURE,False
APP207767,AUTO_APPROVE,STANDARD_STRAIGHT_THROUGH,False
APP207768,AUTO_APPROVE,STANDARD_STRAIGHT_THROUGH,False
APP207769,AUTO_APPROVE,STANDARD_STRAIGHT_THROUGH,False
APP207770,AUTO_APPROVE,STANDARD_STRAIGHT_THROUGH,False
APP207771,AUTO_APPROVE,STANDARD_STRAIGHT_THROUGH,False
APP207772,DECLINE,POLICY_FAILURE,False
APP207773,AUTO_APPROVE,STANDARD_STRAIGHT_THROUGH,False
APP207774,AUTO_APPROVE,STANDARD_STRAIGHT_THROUGH,False
APP207775,AUTO_APPROVE,STANDARD_STRAIGHT_THROUGH,False
APP207776,DECLINE,POLICY_FAILURE,False
APP207777,AUTO_APPROVE,STANDARD_STRAIGHT_THROUGH,False
APP207778,DECLINE,POLICY_FAILURE,False
APP207779,AUTO_APPROVE,STANDARD_STRAIGHT_THROUGH,False
APP207780,DECLINE,POLICY_FAILURE,False
APP207781,AUTO_APPROVE,STANDARD_STRAIGHT_THROUGH,False
APP207782,DECLINE,POLICY_FAILURE,False
APP207783,DECLINE,POLICY_FAILURE,False
APP207784,DECLINE,POLICY_FAILURE,False
APP207785,DECLINE,POLICY_FAILURE,False
APP207786,AUTO_APPROVE,STANDARD_STRAIGHT_THROUGH,False
APP207787,AUTO_APPROVE,STANDARD_STRAIGHT_THROUGH,False
APP207788,AUTO_APPROVE,STANDARD_STRAIGHT_THROUGH,False
APP207789,AUTO_APPROVE,STANDARD_STRAIGHT_THROUGH,False
APP207790,AUTO_APPROVE,STANDARD_STRAIGHT_THROUGH,False
APP207791,AUTO_APPROVE,STANDARD_STRAIGHT_THROUGH,False
APP207792,AUTO_APPROVE,STANDARD_STRAIGHT_THROUGH,False
APP207793,AUTO_APPROVE,STANDARD_STRAIGHT_THROUGH,False
APP207794,AUTO_APPROVE,STANDARD_STRAIGHT_THROUGH,False
APP207795,DECLINE,POLICY_FAILURE,False
APP207796,AUTO_APPROVE,STANDARD_STRAIGHT_THROUGH,False
APP207797,AUTO_APPROVE,STANDARD_STRAIGHT_THROUGH,False
APP207798,DECLINE,POLICY_FAILURE,False
APP207799,AUTO_APPROVE,STANDARD_STRAIGHT_THROUGH,False
APP207800,DECLINE,POLICY_FAILURE,False
APP207801,AUTO_APPROVE,STANDARD_STRAIGHT_THROUGH,False
APP207802,DECLINE,POLICY_FAILURE,False
APP207803,AUTO_APPROVE,STANDARD_STRAIGHT_THROUGH,False
APP207804,AUTO_APPROVE,STANDARD_STRAIGHT_THROUGH,False
APP207805,DECLINE,POLICY_FAILURE,False
APP207806,AUTO_APPROVE,STANDARD_STRAIGHT_THROUGH,False
APP207807,DECLINE,POLICY_FAILURE,False
APP207808,AUTO_APPROVE,STANDARD_STRAIGHT_THROUGH,False
APP207809,AUTO_APPROVE,STANDARD_STRAIGHT_THROUGH,False
APP207810,DECLINE,POLICY_FAILURE,False
APP207811,DECLINE,POLICY_FAILURE,False
APP207812,AUTO_APPROVE,STANDARD_STRAIGHT_THROUGH,False
APP207813,AUTO_APPROVE,STANDARD_STRAIGHT_THROUGH,False
APP207814,DECLINE,POLICY_FAILURE,False
APP207815,DECLINE,POLICY_FAILURE,False
APP207816,AUTO_APPROVE,STANDARD_STRAIGHT_THROUGH,False
APP207817,DECLINE,POLICY_FAILURE,False
APP207818,AUTO_APPROVE,STANDARD_STRAIGHT_THROUGH,False
APP207819,DECLINE,POLICY_FAILURE,False
APP207820,AUTO_APPROVE,STANDARD_STRAIGHT_THROUGH,False
APP207821,DECLINE,POLICY_FAILURE,False
APP207822,DECLINE,POLICY_FAILURE,False
APP207823,DECLINE,POLICY_FAILURE,False
APP207824,DECLINE,POLICY_FAILURE,False
APP207825,DECLINE,POLICY_FAILURE,False
APP207826,AUTO_APPROVE,STANDARD_STRAIGHT_THROUGH,False
APP207827,AUTO_APPROVE,STANDARD_STRAIGHT_THROUGH,False
APP207828,AUTO_APPROVE,STANDARD_STRAIGHT_THROUGH,False
APP207829,DECLINE,POLICY_FAILURE,False
APP207830,AUTO_APPROVE,STANDARD_STRAIGHT_THROUGH,False
APP207831,DECLINE,POLICY_FAILURE,False
APP207832,AUTO_APPROVE,STANDARD_STRAIGHT_THROUGH,False
APP207833,AUTO_APPROVE,STANDARD_STRAIGHT_THROUGH,False
APP207834,AUTO_APPROVE,STANDARD_STRAIGHT_THROUGH,False
APP207835,AUTO_APPROVE,STANDARD_STRAIGHT_THROUGH,False
APP207836,DECLINE,POLICY_FAILURE,False
APP207837,DECLINE,POLICY_FAILURE,False
APP207838,DECLINE,POLICY_FAILURE,False
APP207839,DECLINE,POLICY_FAILURE,False
APP207840,DECLINE,POLICY_FAILURE,False
APP207841,AUTO_APPROVE,STANDARD_STRAIGHT_THROUGH,False
APP207842,AUTO_APPROVE,STANDARD_STRAIGHT_THROUGH,False
APP207843,AUTO_APPROVE,STANDARD_STRAIGHT_THROUGH,False
APP207844,AUTO_APPROVE,STANDARD_STRAIGHT_THROUGH,False
APP207845,AUTO_APPROVE,STANDARD_STRAIGHT_THROUGH,False
APP207846,AUTO_APPROVE,STANDARD_STRAIGHT_THROUGH,False
APP207847,AUTO_APPROVE,STANDARD_STRAIGHT_THROUGH,False
APP207848,AUTO_APPROVE,STANDARD_STRAIGHT_THROUGH,False
APP207849,AUTO_APPROVE,STANDARD_STRAIGHT_THROUGH,False
APP207850,DECLINE,POLICY_FAILURE,False
APP207851,AUTO_APPROVE,STANDARD_STRAIGHT_THROUGH,False
APP207852,AUTO_APPROVE,STANDARD_STRAIGHT_THROUGH,False
APP207853,AUTO_APPROVE,STANDARD_STRAIGHT_THROUGH,False
APP207854,AUTO_APPROVE,STANDARD_STRAIGHT_THROUGH,False
APP207855,AUTO_APPROVE,STANDARD_STRAIGHT_THROUGH,False
APP207856,DECLINE,POLICY_FAILURE,False
APP207857,AUTO_APPROVE,STANDARD_STRAIGHT_THROUGH,False
APP207858,DECLINE,POLICY_FAILURE,False
APP207859,AUTO_APPROVE,STANDARD_STRAIGHT_THROUGH,False
APP207860,DECLINE,POLICY_FAILURE,False
APP207861,DECLINE,POLICY_FAILURE,False
APP207862,AUTO_APPROVE,STANDARD_STRAIGHT_THROUGH,False
APP207863,AUTO_APPROVE,STANDARD_STRAIGHT_THROUGH,False
APP207864,AUTO_APPROVE,STANDARD_STRAIGHT_THROUGH,False
APP207865,DECLINE,POLICY_FAILURE,False
APP207866,DECLINE,POLICY_FAILURE,False
APP207867,AUTO_APPROVE,STANDARD_STRAIGHT_THROUGH,False
APP207868,AUTO_APPROVE,STANDARD_STRAIGHT_THROUGH,False
APP207869,AUTO_APPROVE,STANDARD_STRAIGHT_THROUGH,False
APP207870,AUTO_APPROVE,STANDARD_STRAIGHT_THROUGH,False
APP207871,AUTO_APPROVE,STANDARD_STRAIGHT_THROUGH,False
APP207872,DECLINE,POLICY_FAILURE,False
APP207873,DECLINE,POLICY_FAILURE,False
APP207874,AUTO_APPROVE,STANDARD_STRAIGHT_THROUGH,False
APP207875,AUTO_APPROVE,STANDARD_STRAIGHT_THROUGH,False
APP207876,AUTO_APPROVE,STANDARD_STRAIGHT_THROUGH,False
APP207877,DECLINE,POLICY_FAILURE,False
APP207878,DECLINE,POLICY_FAILURE,False
APP207879,AUTO_APPROVE,STANDARD_STRAIGHT_THROUGH,False
APP207880,AUTO_APPROVE,STANDARD_STRAIGHT_THROUGH,False
APP207881,DECLINE,POLICY_FAILURE,False
APP207882,AUTO_APPROVE,STANDARD_STRAIGHT_THROUGH,False
APP207883,DECLINE,POLICY_FAILURE,False
APP207884,AUTO_APPROVE,STANDARD_STRAIGHT_THROUGH,False
APP207885,DECLINE,POLICY_FAILURE,False
APP207886,DECLINE,POLICY_FAILURE,False
APP207887,AUTO_APPROVE,STANDARD_STRAIGHT_THROUGH,False
APP207888,AUTO_APPROVE,STANDARD_STRAIGHT_THROUGH,False
APP207889,AUTO_APPROVE,STANDARD_STRAIGHT_THROUGH,False
APP207890,AUTO_APPROVE,STANDARD_STRAIGHT_THROUGH,False
APP207891,AUTO_APPROVE,STANDARD_STRAIGHT_THROUGH,False
APP207892,DECLINE,POLICY_FAILURE,False
APP207893,DECLINE,POLICY_FAILURE,False
APP207894,AUTO_APPROVE,STANDARD_STRAIGHT_THROUGH,False
APP207895,AUTO_APPROVE,STANDARD_STRAIGHT_THROUGH,False
APP207896,DECLINE,POLICY_FAILURE,False
APP207897,AUTO_APPROVE,STANDARD_STRAIGHT_THROUGH,False
APP207898,AUTO_APPROVE,STANDARD_STRAIGHT_THROUGH,False
APP207899,AUTO_APPROVE,STANDARD_STRAIGHT_THROUGH,False
APP207900,AUTO_APPROVE,STANDARD_STRAIGHT_THROUGH,False
APP207901,DECLINE,POLICY_FAILURE,False
APP207902,DECLINE,POLICY_FAILURE,False
APP207903,AUTO_APPROVE,STANDARD_STRAIGHT_THROUGH,False
APP207904,DECLINE,POLICY_FAILURE,False
APP207905,DECLINE,POLICY_FAILURE,False
APP207906,AUTO_APPROVE,STANDARD_STRAIGHT_THROUGH,False
APP207907,AUTO_APPROVE,STANDARD_STRAIGHT_THROUGH,False
APP207908,AUTO_APPROVE,STANDARD_STRAIGHT_THROUGH,False
APP207909,DECLINE,POLICY_FAILURE,False
APP207910,AUTO_APPROVE,STANDARD_STRAIGHT_THROUGH,False
APP207911,AUTO_APPROVE,STANDARD_STRAIGHT_THROUGH,False
APP207912,AUTO_APPROVE,STANDARD_STRAIGHT_THROUGH,False
APP207913,AUTO_APPROVE,STANDARD_STRAIGHT_THROUGH,False
APP207914,DECLINE,POLICY_FAILURE,False
APP207915,AUTO_APPROVE,STANDARD_STRAIGHT_THROUGH,False
APP207916,DECLINE,POLICY_FAILURE,False
APP207917,AUTO_APPROVE,STANDARD_STRAIGHT_THROUGH,False
APP207918,AUTO_APPROVE,STANDARD_STRAIGHT_THROUGH,False
APP207919,AUTO_APPROVE,STANDARD_STRAIGHT_THROUGH,False
APP207920,DECLINE,POLICY_FAILURE,False
APP207921,AUTO_APPROVE,STANDARD_STRAIGHT_THROUGH,False
APP207922,AUTO_APPROVE,STANDARD_STRAIGHT_THROUGH,False
APP207923,DECLINE,POLICY_FAILURE,False
APP207924,AUTO_APPROVE,STANDARD_STRAIGHT_THROUGH,False
APP207925,DECLINE,POLICY_FAILURE,False
APP207926,AUTO_APPROVE,STANDARD_STRAIGHT_THROUGH,False
APP207927,AUTO_APPROVE,STANDARD_STRAIGHT_THROUGH,False
APP207928,AUTO_APPROVE,STANDARD_STRAIGHT_THROUGH,False
APP207929,AUTO_APPROVE,STANDARD_STRAIGHT_THROUGH,False
APP207930,DECLINE,POLICY_FAILURE,False
APP207931,AUTO_APPROVE,STANDARD_STRAIGHT_THROUGH,False
APP207932,AUTO_APPROVE,STANDARD_STRAIGHT_THROUGH,False
APP207933,DECLINE,POLICY_FAILURE,False
APP207934,AUTO_APPROVE,STANDARD_STRAIGHT_THROUGH,False
APP207935,AUTO_APPROVE,STANDARD_STRAIGHT_THROUGH,False
APP207936,AUTO_APPROVE,STANDARD_STRAIGHT_THROUGH,False
APP207937,AUTO_APPROVE,STANDARD_STRAIGHT_THROUGH,False
APP207938,AUTO_APPROVE,STANDARD_STRAIGHT_THROUGH,False
APP207939,DECLINE,POLICY_FAILURE,False
APP207940,AUTO_APPROVE,STANDARD_STRAIGHT_THROUGH,False
APP207941,AUTO_APPROVE,STANDARD_STRAIGHT_THROUGH,False
APP207942,AUTO_APPROVE,STANDARD_STRAIGHT_THROUGH,False
APP207943,DECLINE,POLICY_FAILURE,False
APP207944,AUTO_APPROVE,STANDARD_STRAIGHT_THROUGH,False
APP207945,AUTO_APPROVE,STANDARD_STRAIGHT_THROUGH,False
APP207946,DECLINE,POLICY_FAILURE,False
APP207947,AUTO_APPROVE,STANDARD_STRAIGHT_THROUGH,False
APP207948,AUTO_APPROVE,STANDARD_STRAIGHT_THROUGH,False
APP207949,DECLINE,POLICY_FAILURE,False
APP207950,AUTO_APPROVE,STANDARD_STRAIGHT_THROUGH,False
APP207951,AUTO_APPROVE,STANDARD_STRAIGHT_THROUGH,False
APP207952,AUTO_APPROVE,STANDARD_STRAIGHT_THROUGH,False
APP207953,AUTO_APPROVE,STANDARD_STRAIGHT_THROUGH,False
APP207954,AUTO_APPROVE,STANDARD_STRAIGHT_THROUGH,False
APP207955,AUTO_APPROVE,STANDARD_STRAIGHT_THROUGH,False
APP207956,AUTO_APPROVE,STANDARD_STRAIGHT_THROUGH,False
APP207957,AUTO_APPROVE,STANDARD_STRAIGHT_THROUGH,False
APP207958,AUTO_APPROVE,STANDARD_STRAIGHT_THROUGH,False
APP207959,DECLINE,POLICY_FAILURE,False
APP207960,DECLINE,POLICY_FAILURE,False
APP207961,DECLINE,POLICY_FAILURE,False
APP207962,DECLINE,POLICY_FAILURE,False
APP207963,DECLINE,POLICY_FAILURE,False
APP207964,AUTO_APPROVE,STANDARD_STRAIGHT_THROUGH,False
APP207965,AUTO_APPROVE,STANDARD_STRAIGHT_THROUGH,False
APP207966,AUTO_APPROVE,STANDARD_STRAIGHT_THROUGH,False
APP207967,DECLINE,POLICY_FAILURE,False
APP207968,HUMAN_REVIEW,LOW_DOCUMENT_CONFIDENCE,True
APP207969,AUTO_APPROVE,STANDARD_STRAIGHT_THROUGH,False
APP207970,AUTO_APPROVE,STANDARD_STRAIGHT_THROUGH,False
APP207971,DECLINE,POLICY_FAILURE,False
APP207972,AUTO_APPROVE,STANDARD_STRAIGHT_THROUGH,False
APP207973,AUTO_APPROVE,STANDARD_STRAIGHT_THROUGH,False
APP207974,DECLINE,POLICY_FAILURE,False
APP207975,DECLINE,POLICY_FAILURE,False
APP207976,AUTO_APPROVE,STANDARD_STRAIGHT_THROUGH,False
APP207977,AUTO_APPROVE,STANDARD_STRAIGHT_THROUGH,False
APP207978,DECLINE,POLICY_FAILURE,False
APP207979,DECLINE,POLICY_FAILURE,False
APP207980,DECLINE,POLICY_FAILURE,False
APP207981,AUTO_APPROVE,STANDARD_STRAIGHT_THROUGH,False
APP207982,DECLINE,POLICY_FAILURE,False
APP207983,DECLINE,POLICY_FAILURE,False
APP207984,AUTO_APPROVE,STANDARD_STRAIGHT_THROUGH,False
APP207985,AUTO_APPROVE,STANDARD_STRAIGHT_THROUGH,False
APP207986,AUTO_APPROVE,STANDARD_STRAIGHT_THROUGH,False
APP207987,AUTO_APPROVE,STANDARD_STRAIGHT_THROUGH,False
APP207988,AUTO_APPROVE,STANDARD_STRAIGHT_THROUGH,False
APP207989,AUTO_APPROVE,STANDARD_STRAIGHT_THROUGH,False
APP207990,AUTO_APPROVE,STANDARD_STRAIGHT_THROUGH,False
APP207991,AUTO_APPROVE,STANDARD_STRAIGHT_THROUGH,False
APP207992,DECLINE,POLICY_FAILURE,False
APP207993,AUTO_APPROVE,STANDARD_STRAIGHT_THROUGH,False
APP207994,AUTO_APPROVE,STANDARD_STRAIGHT_THROUGH,False
APP207995,AUTO_APPROVE,STANDARD_STRAIGHT_THROUGH,False
APP207996,HUMAN_REVIEW,LOW_DOCUMENT_CONFIDENCE,True
APP207997,AUTO_APPROVE,STANDARD_STRAIGHT_THROUGH,False
APP207998,AUTO_APPROVE,STANDARD_STRAIGHT_THROUGH,False
APP207999,AUTO_APPROVE,STANDARD_STRAIGHT_THROUGH,False
APP208000,DECLINE,POLICY_FAILURE,False
APP208001,AUTO_APPROVE,STANDARD_STRAIGHT_THROUGH,False
APP208002,AUTO_APPROVE,STANDARD_STRAIGHT_THROUGH,False
APP208003,AUTO_APPROVE,STANDARD_STRAIGHT_THROUGH,False
APP208004,AUTO_APPROVE,STANDARD_STRAIGHT_THROUGH,False
APP208005,AUTO_APPROVE,STANDARD_STRAIGHT_THROUGH,False
APP208006,AUTO_APPROVE,STANDARD_STRAIGHT_THROUGH,False
APP208007,AUTO_APPROVE,STANDARD_STRAIGHT_THROUGH,False
APP208008,HUMAN_REVIEW,LOW_DOCUMENT_CONFIDENCE,True
APP208009,DECLINE,POLICY_FAILURE,False
APP208010,AUTO_APPROVE,STANDARD_STRAIGHT_THROUGH,False
APP208011,DECLINE,POLICY_FAILURE,False
APP208012,DECLINE,POLICY_FAILURE,False
APP208013,AUTO_APPROVE,STANDARD_STRAIGHT_THROUGH,False
APP208014,AUTO_APPROVE,STANDARD_STRAIGHT_THROUGH,False
APP208015,HUMAN_REVIEW,LOW_DOCUMENT_CONFIDENCE,True
APP208016,HUMAN_REVIEW,LOW_DOCUMENT_CONFIDENCE,True
APP208017,AUTO_APPROVE,STANDARD_STRAIGHT_THROUGH,False
APP208018,AUTO_APPROVE,STANDARD_STRAIGHT_THROUGH,False
APP208019,AUTO_APPROVE,STANDARD_STRAIGHT_THROUGH,False
APP208020,AUTO_APPROVE,STANDARD_STRAIGHT_THROUGH,False
APP208021,DECLINE,POLICY_FAILURE,False
APP208022,DECLINE,POLICY_FAILURE,False
APP208023,AUTO_APPROVE,STANDARD_STRAIGHT_THROUGH,False
APP208024,DECLINE,POLICY_FAILURE,False
APP208025,AUTO_APPROVE,STANDARD_STRAIGHT_THROUGH,False
APP208026,DECLINE,POLICY_FAILURE,False
APP208027,AUTO_APPROVE,STANDARD_STRAIGHT_THROUGH,False
APP208028,DECLINE,POLICY_FAILURE,False
APP208029,AUTO_APPROVE,STANDARD_STRAIGHT_THROUGH,False
APP208030,DECLINE,POLICY_FAILURE,False
APP208031,AUTO_APPROVE,STANDARD_STRAIGHT_THROUGH,False
APP208032,DECLINE,POLICY_FAILURE,False
APP208033,AUTO_APPROVE,STANDARD_STRAIGHT_THROUGH,False
APP208034,AUTO_APPROVE,STANDARD_STRAIGHT_THROUGH,False
APP208035,DECLINE,POLICY_FAILURE,False
APP208036,AUTO_APPROVE,STANDARD_STRAIGHT_THROUGH,False
APP208037,DECLINE,POLICY_FAILURE,False
APP208038,AUTO_APPROVE,STANDARD_STRAIGHT_THROUGH,False
APP208039,AUTO_APPROVE,STANDARD_STRAIGHT_THROUGH,False
APP208040,DECLINE,POLICY_FAILURE,False
APP208041,AUTO_APPROVE,STANDARD_STRAIGHT_THROUGH,False
APP208042,AUTO_APPROVE,STANDARD_STRAIGHT_THROUGH,False
APP208043,DECLINE,POLICY_FAILURE,False
APP208044,AUTO_APPROVE,STANDARD_STRAIGHT_THROUGH,False
APP208045,DECLINE,POLICY_FAILURE,False
APP208046,AUTO_APPROVE,STANDARD_STRAIGHT_THROUGH,False
APP208047,DECLINE,POLICY_FAILURE,False
APP208048,AUTO_APPROVE,STANDARD_STRAIGHT_THROUGH,False
APP208049,AUTO_APPROVE,STANDARD_STRAIGHT_THROUGH,False
APP208050,AUTO_APPROVE,STANDARD_STRAIGHT_THROUGH,False
APP208051,AUTO_APPROVE,STANDARD_STRAIGHT_THROUGH,False
APP208052,DECLINE,POLICY_FAILURE,False
APP208053,AUTO_APPROVE,STANDARD_STRAIGHT_THROUGH,False
APP208054,AUTO_APPROVE,STANDARD_STRAIGHT_THROUGH,False
APP208055,AUTO_APPROVE,STANDARD_STRAIGHT_THROUGH,False
APP208056,AUTO_APPROVE,STANDARD_STRAIGHT_THROUGH,False
APP208057,AUTO_APPROVE,STANDARD_STRAIGHT_THROUGH,False
APP208058,DECLINE,POLICY_FAILURE,False
APP208059,DECLINE,POLICY_FAILURE,False
APP208060,DECLINE,POLICY_FAILURE,False
APP208061,AUTO_APPROVE,STANDARD_STRAIGHT_THROUGH,False
APP208062,AUTO_APPROVE,STANDARD_STRAIGHT_THROUGH,False
APP208063,DECLINE,POLICY_FAILURE,False
APP208064,AUTO_APPROVE,STANDARD_STRAIGHT_THROUGH,False
APP208065,AUTO_APPROVE,STANDARD_STRAIGHT_THROUGH,False
APP208066,AUTO_APPROVE,STANDARD_STRAIGHT_THROUGH,False
APP208067,AUTO_APPROVE,STANDARD_STRAIGHT_THROUGH,False
APP208068,DECLINE,POLICY_FAILURE,False
APP208069,AUTO_APPROVE,STANDARD_STRAIGHT_THROUGH,False
APP208070,AUTO_APPROVE,STANDARD_STRAIGHT_THROUGH,False
APP208071,AUTO_APPROVE,STANDARD_STRAIGHT_THROUGH,False
APP208072,AUTO_APPROVE,STANDARD_STRAIGHT_THROUGH,False
APP208073,AUTO_APPROVE,STANDARD_STRAIGHT_THROUGH,False
APP208074,AUTO_APPROVE,STANDARD_STRAIGHT_THROUGH,False
APP208075,AUTO_APPROVE,STANDARD_STRAIGHT_THROUGH,False
APP208076,DECLINE,POLICY_FAILURE,False
APP208077,DECLINE,POLICY_FAILURE,False
APP208078,DECLINE,POLICY_FAILURE,False
APP208079,AUTO_APPROVE,STANDARD_STRAIGHT_THROUGH,False
APP208080,DECLINE,POLICY_FAILURE,False
APP208081,AUTO_APPROVE,STANDARD_STRAIGHT_THROUGH,False
APP208082,DECLINE,POLICY_FAILURE,False
APP208083,AUTO_APPROVE,STANDARD_STRAIGHT_THROUGH,False
APP208084,DECLINE,POLICY_FAILURE,False
APP208085,AUTO_APPROVE,STANDARD_STRAIGHT_THROUGH,False
APP208086,AUTO_APPROVE,STANDARD_STRAIGHT_THROUGH,False
APP208087,AUTO_APPROVE,STANDARD_STRAIGHT_THROUGH,False
APP208088,HUMAN_REVIEW,LOW_DOCUMENT_CONFIDENCE,True
APP208089,AUTO_APPROVE,STANDARD_STRAIGHT_THROUGH,False
APP208090,AUTO_APPROVE,STANDARD_STRAIGHT_THROUGH,False
APP208091,AUTO_APPROVE,STANDARD_STRAIGHT_THROUGH,False
APP208092,DECLINE,POLICY_FAILURE,False
APP208093,AUTO_APPROVE,STANDARD_STRAIGHT_THROUGH,False
APP208094,DECLINE,POLICY_FAILURE,False
APP208095,AUTO_APPROVE,STANDARD_STRAIGHT_THROUGH,False
APP208096,AUTO_APPROVE,STANDARD_STRAIGHT_THROUGH,False
APP208097,DECLINE,POLICY_FAILURE,False
APP208098,AUTO_APPROVE,STANDARD_STRAIGHT_THROUGH,False
APP208099,DECLINE,POLICY_FAILURE,False
APP208100,DECLINE,POLICY_FAILURE,False
APP208101,AUTO_APPROVE,STANDARD_STRAIGHT_THROUGH,False
APP208102,AUTO_APPROVE,STANDARD_STRAIGHT_THROUGH,False
APP208103,AUTO_APPROVE,STANDARD_STRAIGHT_THROUGH,False
APP208104,AUTO_APPROVE,STANDARD_STRAIGHT_THROUGH,False
APP208105,AUTO_APPROVE,STANDARD_STRAIGHT_THROUGH,False
APP208106,DECLINE,POLICY_FAILURE,False
APP208107,DECLINE,POLICY_FAILURE,False
APP208108,AUTO_APPROVE,STANDARD_STRAIGHT_THROUGH,False
APP208109,DECLINE,POLICY_FAILURE,False
APP208110,AUTO_APPROVE,STANDARD_STRAIGHT_THROUGH,False
APP208111,AUTO_APPROVE,STANDARD_STRAIGHT_THROUGH,False
APP208112,DECLINE,POLICY_FAILURE,False
APP208113,AUTO_APPROVE,STANDARD_STRAIGHT_THROUGH,False
APP208114,AUTO_APPROVE,STANDARD_STRAIGHT_THROUGH,False
APP208115,AUTO_APPROVE,STANDARD_STRAIGHT_THROUGH,False
APP208116,AUTO_APPROVE,STANDARD_STRAIGHT_THROUGH,False
APP208117,AUTO_APPROVE,STANDARD_STRAIGHT_THROUGH,False
APP208118,AUTO_APPROVE,STANDARD_STRAIGHT_THROUGH,False
APP208119,HUMAN_REVIEW,LOW_DOCUMENT_CONFIDENCE,True
APP208120,AUTO_APPROVE,STANDARD_STRAIGHT_THROUGH,False
APP208121,DECLINE,POLICY_FAILURE,False
APP208122,AUTO_APPROVE,STANDARD_STRAIGHT_THROUGH,False
APP208123,AUTO_APPROVE,STANDARD_STRAIGHT_THROUGH,False
APP208124,AUTO_APPROVE,STANDARD_STRAIGHT_THROUGH,False
APP208125,AUTO_APPROVE,STANDARD_STRAIGHT_THROUGH,False
APP208126,AUTO_APPROVE,STANDARD_STRAIGHT_THROUGH,False
APP208127,AUTO_APPROVE,STANDARD_STRAIGHT_THROUGH,False
APP208128,AUTO_APPROVE,STANDARD_STRAIGHT_THROUGH,False
APP208129,AUTO_APPROVE,STANDARD_STRAIGHT_THROUGH,False
APP208130,AUTO_APPROVE,STANDARD_STRAIGHT_THROUGH,False
APP208131,DECLINE,POLICY_FAILURE,False
APP208132,AUTO_APPROVE,STANDARD_STRAIGHT_THROUGH,False
APP208133,AUTO_APPROVE,STANDARD_STRAIGHT_THROUGH,False
APP208134,DECLINE,POLICY_FAILURE,False
APP208135,AUTO_APPROVE,STANDARD_STRAIGHT_THROUGH,False
APP208136,DECLINE,POLICY_FAILURE,False
APP208137,AUTO_APPROVE,STANDARD_STRAIGHT_THROUGH,False
APP208138,AUTO_APPROVE,STANDARD_STRAIGHT_THROUGH,False
APP208139,AUTO_APPROVE,STANDARD_STRAIGHT_THROUGH,False
APP208140,DECLINE,POLICY_FAILURE,False
APP208141,DECLINE,POLICY_FAILURE,False
APP208142,AUTO_APPROVE,STANDARD_STRAIGHT_THROUGH,False
APP208143,DECLINE,POLICY_FAILURE,False
APP208144,AUTO_APPROVE,STANDARD_STRAIGHT_THROUGH,False
APP208145,DECLINE,POLICY_FAILURE,False
APP208146,AUTO_APPROVE,STANDARD_STRAIGHT_THROUGH,False
APP208147,AUTO_APPROVE,STANDARD_STRAIGHT_THROUGH,False
APP208148,AUTO_APPROVE,STANDARD_STRAIGHT_THROUGH,False
APP208149,DECLINE,POLICY_FAILURE,False
APP208150,AUTO_APPROVE,STANDARD_STRAIGHT_THROUGH,False
APP208151,AUTO_APPROVE,STANDARD_STRAIGHT_THROUGH,False
APP208152,DECLINE,POLICY_FAILURE,False
APP208153,DECLINE,POLICY_FAILURE,False
APP208154,AUTO_APPROVE,STANDARD_STRAIGHT_THROUGH,False
APP208155,DECLINE,POLICY_FAILURE,False
APP208156,AUTO_APPROVE,STANDARD_STRAIGHT_THROUGH,False
APP208157,AUTO_APPROVE,STANDARD_STRAIGHT_THROUGH,False
APP208158,AUTO_APPROVE,STANDARD_STRAIGHT_THROUGH,False
APP208159,DECLINE,POLICY_FAILURE,False
APP208160,AUTO_APPROVE,STANDARD_STRAIGHT_THROUGH,False
APP208161,DECLINE,POLICY_FAILURE,False
APP208162,DECLINE,POLICY_FAILURE,False
APP208163,AUTO_APPROVE,STANDARD_STRAIGHT_THROUGH,False
APP208164,AUTO_APPROVE,STANDARD_STRAIGHT_THROUGH,False
APP208165,DECLINE,POLICY_FAILURE,False
APP208166,AUTO_APPROVE,STANDARD_STRAIGHT_THROUGH,False
APP208167,AUTO_APPROVE,STANDARD_STRAIGHT_THROUGH,False
APP208168,AUTO_APPROVE,STANDARD_STRAIGHT_THROUGH,False
APP208169,DECLINE,POLICY_FAILURE,False
APP208170,AUTO_APPROVE,STANDARD_STRAIGHT_THROUGH,False
APP208171,DECLINE,POLICY_FAILURE,False
APP208172,DECLINE,POLICY_FAILURE,False
APP208173,DECLINE,POLICY_FAILURE,False
APP208174,AUTO_APPROVE,STANDARD_STRAIGHT_THROUGH,False
APP208175,AUTO_APPROVE,STANDARD_STRAIGHT_THROUGH,False
APP208176,DECLINE,POLICY_FAILURE,False
APP208177,AUTO_APPROVE,STANDARD_STRAIGHT_THROUGH,False
APP208178,AUTO_APPROVE,STANDARD_STRAIGHT_THROUGH,False
APP208179,AUTO_APPROVE,STANDARD_STRAIGHT_THROUGH,False
APP208180,AUTO_APPROVE,STANDARD_STRAIGHT_THROUGH,False
APP208181,DECLINE,POLICY_FAILURE,False
APP208182,AUTO_APPROVE,STANDARD_STRAIGHT_THROUGH,False
APP208183,AUTO_APPROVE,STANDARD_STRAIGHT_THROUGH,False
APP208184,AUTO_APPROVE,STANDARD_STRAIGHT_THROUGH,False
APP208185,DECLINE,POLICY_FAILURE,False
APP208186,DECLINE,POLICY_FAILURE,False
APP208187,DECLINE,POLICY_FAILURE,False
APP208188,AUTO_APPROVE,STANDARD_STRAIGHT_THROUGH,False
APP208189,DECLINE,POLICY_FAILURE,False
APP208190,AUTO_APPROVE,STANDARD_STRAIGHT_THROUGH,False
APP208191,AUTO_APPROVE,STANDARD_STRAIGHT_THROUGH,False
APP208192,AUTO_APPROVE,STANDARD_STRAIGHT_THROUGH,False
APP208193,AUTO_APPROVE,STANDARD_STRAIGHT_THROUGH,False
APP208194,AUTO_APPROVE,STANDARD_STRAIGHT_THROUGH,False
APP208195,AUTO_APPROVE,STANDARD_STRAIGHT_THROUGH,False
APP208196,AUTO_APPROVE,STANDARD_STRAIGHT_THROUGH,False
APP208197,AUTO_APPROVE,STANDARD_STRAIGHT_THROUGH,False
APP208198,AUTO_APPROVE,STANDARD_STRAIGHT_THROUGH,False
APP208199,DECLINE,POLICY_FAILURE,False
APP208200,AUTO_APPROVE,STANDARD_STRAIGHT_THROUGH,False
APP208201,AUTO_APPROVE,STANDARD_STRAIGHT_THROUGH,False
APP208202,DECLINE,POLICY_FAILURE,False
APP208203,DECLINE,POLICY_FAILURE,False
APP208204,DECLINE,POLICY_FAILURE,False
APP208205,DECLINE,POLICY_FAILURE,False
APP208206,AUTO_APPROVE,STANDARD_STRAIGHT_THROUGH,False
APP208207,DECLINE,POLICY_FAILURE,False
APP208208,AUTO_APPROVE,STANDARD_STRAIGHT_THROUGH,False
APP208209,AUTO_APPROVE,STANDARD_STRAIGHT_THROUGH,False
APP208210,AUTO_APPROVE,STANDARD_STRAIGHT_THROUGH,False
APP208211,AUTO_APPROVE,STANDARD_STRAIGHT_THROUGH,False
APP208212,DECLINE,POLICY_FAILURE,False
APP208213,AUTO_APPROVE,STANDARD_STRAIGHT_THROUGH,False
APP208214,AUTO_APPROVE,STANDARD_STRAIGHT_THROUGH,False
APP208215,DECLINE,POLICY_FAILURE,False
APP208216,DECLINE,POLICY_FAILURE,False
APP208217,DECLINE,POLICY_FAILURE,False
APP208218,DECLINE,POLICY_FAILURE,False
APP208219,DECLINE,POLICY_FAILURE,False
APP208220,AUTO_APPROVE,STANDARD_STRAIGHT_THROUGH,False
APP208221,DECLINE,POLICY_FAILURE,False
APP208222,DECLINE,POLICY_FAILURE,False
APP208223,AUTO_APPROVE,STANDARD_STRAIGHT_THROUGH,False
APP208224,AUTO_APPROVE,STANDARD_STRAIGHT_THROUGH,False
APP208225,DECLINE,POLICY_FAILURE,False
APP208226,DECLINE,POLICY_FAILURE,False
APP208227,DECLINE,POLICY_FAILURE,False
APP208228,AUTO_APPROVE,STANDARD_STRAIGHT_THROUGH,False
APP208229,AUTO_APPROVE,STANDARD_STRAIGHT_THROUGH,False
APP208230,AUTO_APPROVE,STANDARD_STRAIGHT_THROUGH,False
APP208231,AUTO_APPROVE,STANDARD_STRAIGHT_THROUGH,False
APP208232,AUTO_APPROVE,STANDARD_STRAIGHT_THROUGH,False
APP208233,DECLINE,POLICY_FAILURE,False
APP208234,AUTO_APPROVE,STANDARD_STRAIGHT_THROUGH,False
APP208235,DECLINE,POLICY_FAILURE,False
APP208236,DECLINE,POLICY_FAILURE,False
APP208237,AUTO_APPROVE,STANDARD_STRAIGHT_THROUGH,False
APP208238,DECLINE,POLICY_FAILURE,False
APP208239,AUTO_APPROVE,STANDARD_STRAIGHT_THROUGH,False
APP208240,AUTO_APPROVE,STANDARD_STRAIGHT_THROUGH,False
APP208241,AUTO_APPROVE,STANDARD_STRAIGHT_THROUGH,False
APP208242,AUTO_APPROVE,STANDARD_STRAIGHT_THROUGH,False
APP208243,DECLINE,POLICY_FAILURE,False
APP208244,AUTO_APPROVE,STANDARD_STRAIGHT_THROUGH,False
APP208245,DECLINE,POLICY_FAILURE,False
APP208246,DECLINE,POLICY_FAILURE,False
APP208247,AUTO_APPROVE,STANDARD_STRAIGHT_THROUGH,False
APP208248,AUTO_APPROVE,STANDARD_STRAIGHT_THROUGH,False
APP208249,AUTO_APPROVE,STANDARD_STRAIGHT_THROUGH,False
APP208250,AUTO_APPROVE,STANDARD_STRAIGHT_THROUGH,False
APP208251,AUTO_APPROVE,STANDARD_STRAIGHT_THROUGH,False
APP208252,DECLINE,POLICY_FAILURE,False
APP208253,AUTO_APPROVE,STANDARD_STRAIGHT_THROUGH,False
APP208254,AUTO_APPROVE,STANDARD_STRAIGHT_THROUGH,False
APP208255,AUTO_APPROVE,STANDARD_STRAIGHT_THROUGH,False
APP208256,AUTO_APPROVE,STANDARD_STRAIGHT_THROUGH,False
APP208257,AUTO_APPROVE,STANDARD_STRAIGHT_THROUGH,False
APP208258,DECLINE,POLICY_FAILURE,False
APP208259,AUTO_APPROVE,STANDARD_STRAIGHT_THROUGH,False
APP208260,AUTO_APPROVE,STANDARD_STRAIGHT_THROUGH,False
APP208261,AUTO_APPROVE,STANDARD_STRAIGHT_THROUGH,False
APP208262,DECLINE,POLICY_FAILURE,False
APP208263,DECLINE,POLICY_FAILURE,False
APP208264,AUTO_APPROVE,STANDARD_STRAIGHT_THROUGH,False
APP208265,AUTO_APPROVE,STANDARD_STRAIGHT_THROUGH,False
APP208266,AUTO_APPROVE,STANDARD_STRAIGHT_THROUGH,False
APP208267,DECLINE,POLICY_FAILURE,False
APP208268,AUTO_APPROVE,STANDARD_STRAIGHT_THROUGH,False
APP208269,DECLINE,POLICY_FAILURE,False
APP208270,DECLINE,POLICY_FAILURE,False
APP208271,AUTO_APPROVE,STANDARD_STRAIGHT_THROUGH,False
APP208272,AUTO_APPROVE,STANDARD_STRAIGHT_THROUGH,False
APP208273,DECLINE,POLICY_FAILURE,False
APP208274,AUTO_APPROVE,STANDARD_STRAIGHT_THROUGH,False
APP208275,AUTO_APPROVE,STANDARD_STRAIGHT_THROUGH,False
APP208276,AUTO_APPROVE,STANDARD_STRAIGHT_THROUGH,False
APP208277,DECLINE,POLICY_FAILURE,False
APP208278,DECLINE,POLICY_FAILURE,False
APP208279,AUTO_APPROVE,STANDARD_STRAIGHT_THROUGH,False
APP208280,AUTO_APPROVE,STANDARD_STRAIGHT_THROUGH,False
APP208281,DECLINE,POLICY_FAILURE,False
APP208282,AUTO_APPROVE,STANDARD_STRAIGHT_THROUGH,False
APP208283,AUTO_APPROVE,STANDARD_STRAIGHT_THROUGH,False
APP208284,AUTO_APPROVE,STANDARD_STRAIGHT_THROUGH,False
APP208285,DECLINE,POLICY_FAILURE,False
APP208286,DECLINE,POLICY_FAILURE,False
APP208287,AUTO_APPROVE,STANDARD_STRAIGHT_THROUGH,False
APP208288,AUTO_APPROVE,STANDARD_STRAIGHT_THROUGH,False
APP208289,DECLINE,POLICY_FAILURE,False
APP208290,HUMAN_REVIEW,LOW_DOCUMENT_CONFIDENCE,True
APP208291,AUTO_APPROVE,STANDARD_STRAIGHT_THROUGH,False
APP208292,AUTO_APPROVE,STANDARD_STRAIGHT_THROUGH,False
APP208293,AUTO_APPROVE,STANDARD_STRAIGHT_THROUGH,False
APP208294,AUTO_APPROVE,STANDARD_STRAIGHT_THROUGH,False
APP208295,DECLINE,POLICY_FAILURE,False
APP208296,AUTO_APPROVE,STANDARD_STRAIGHT_THROUGH,False
APP208297,AUTO_APPROVE,STANDARD_STRAIGHT_THROUGH,False
APP208298,AUTO_APPROVE,STANDARD_STRAIGHT_THROUGH,False
APP208299,AUTO_APPROVE,STANDARD_STRAIGHT_THROUGH,False
APP208300,AUTO_APPROVE,STANDARD_STRAIGHT_THROUGH,False
APP208301,AUTO_APPROVE,STANDARD_STRAIGHT_THROUGH,False
APP208302,AUTO_APPROVE,STANDARD_STRAIGHT_THROUGH,False
APP208303,AUTO_APPROVE,STANDARD_STRAIGHT_THROUGH,False
APP208304,AUTO_APPROVE,STANDARD_STRAIGHT_THROUGH,False
APP208305,DECLINE,POLICY_FAILURE,False
APP208306,DECLINE,POLICY_FAILURE,False
APP208307,AUTO_APPROVE,STANDARD_STRAIGHT_THROUGH,False
APP208308,AUTO_APPROVE,STANDARD_STRAIGHT_THROUGH,False
APP208309,AUTO_APPROVE,STANDARD_STRAIGHT_THROUGH,False
APP208310,AUTO_APPROVE,STANDARD_STRAIGHT_THROUGH,False
APP208311,DECLINE,POLICY_FAILURE,False
APP208312,AUTO_APPROVE,STANDARD_STRAIGHT_THROUGH,False
APP208313,AUTO_APPROVE,STANDARD_STRAIGHT_THROUGH,False
APP208314,DECLINE,POLICY_FAILURE,False
APP208315,AUTO_APPROVE,STANDARD_STRAIGHT_THROUGH,False
APP208316,AUTO_APPROVE,STANDARD_STRAIGHT_THROUGH,False
APP208317,AUTO_APPROVE,STANDARD_STRAIGHT_THROUGH,False
APP208318,AUTO_APPROVE,STANDARD_STRAIGHT_THROUGH,False
APP208319,AUTO_APPROVE,STANDARD_STRAIGHT_THROUGH,False
APP208320,AUTO_APPROVE,STANDARD_STRAIGHT_THROUGH,False
APP208321,AUTO_APPROVE,STANDARD_STRAIGHT_THROUGH,False
APP208322,DECLINE,POLICY_FAILURE,False
APP208323,AUTO_APPROVE,STANDARD_STRAIGHT_THROUGH,False
APP208324,DECLINE,POLICY_FAILURE,False
APP208325,AUTO_APPROVE,STANDARD_STRAIGHT_THROUGH,False
APP208326,DECLINE,POLICY_FAILURE,False
APP208327,DECLINE,POLICY_FAILURE,False
APP208328,DECLINE,POLICY_FAILURE,False
APP208329,AUTO_APPROVE,STANDARD_STRAIGHT_THROUGH,False
APP208330,AUTO_APPROVE,STANDARD_STRAIGHT_THROUGH,False
APP208331,AUTO_APPROVE,STANDARD_STRAIGHT_THROUGH,False
APP208332,AUTO_APPROVE,STANDARD_STRAIGHT_THROUGH,False
APP208333,DECLINE,POLICY_FAILURE,False
APP208334,AUTO_APPROVE,STANDARD_STRAIGHT_THROUGH,False
APP208335,AUTO_APPROVE,STANDARD_STRAIGHT_THROUGH,False
APP208336,AUTO_APPROVE,STANDARD_STRAIGHT_THROUGH,False
APP208337,DECLINE,POLICY_FAILURE,False
APP208338,AUTO_APPROVE,STANDARD_STRAIGHT_THROUGH,False
APP208339,AUTO_APPROVE,STANDARD_STRAIGHT_THROUGH,False
APP208340,AUTO_APPROVE,STANDARD_STRAIGHT_THROUGH,False
APP208341,AUTO_APPROVE,STANDARD_STRAIGHT_THROUGH,False
APP208342,AUTO_APPROVE,STANDARD_STRAIGHT_THROUGH,False
APP208343,DECLINE,POLICY_FAILURE,False
APP208344,DECLINE,POLICY_FAILURE,False
APP208345,DECLINE,POLICY_FAILURE,False
APP208346,AUTO_APPROVE,STANDARD_STRAIGHT_THROUGH,False
APP208347,AUTO_APPROVE,STANDARD_STRAIGHT_THROUGH,False
APP208348,AUTO_APPROVE,STANDARD_STRAIGHT_THROUGH,False
APP208349,DECLINE,POLICY_FAILURE,False
APP208350,AUTO_APPROVE,STANDARD_STRAIGHT_THROUGH,False
APP208351,AUTO_APPROVE,STANDARD_STRAIGHT_THROUGH,False
APP208352,AUTO_APPROVE,STANDARD_STRAIGHT_THROUGH,False
APP208353,DECLINE,POLICY_FAILURE,False
APP208354,AUTO_APPROVE,STANDARD_STRAIGHT_THROUGH,False
APP208355,AUTO_APPROVE,STANDARD_STRAIGHT_THROUGH,False
APP208356,DECLINE,POLICY_FAILURE,False
APP208357,AUTO_APPROVE,STANDARD_STRAIGHT_THROUGH,False
APP208358,AUTO_APPROVE,STANDARD_STRAIGHT_THROUGH,False
APP208359,AUTO_APPROVE,STANDARD_STRAIGHT_THROUGH,False
APP208360,AUTO_APPROVE,STANDARD_STRAIGHT_THROUGH,False
APP208361,AUTO_APPROVE,STANDARD_STRAIGHT_THROUGH,False
APP208362,AUTO_APPROVE,STANDARD_STRAIGHT_THROUGH,False
APP208363,AUTO_APPROVE,STANDARD_STRAIGHT_THROUGH,False
APP208364,DECLINE,POLICY_FAILURE,False
APP208365,AUTO_APPROVE,STANDARD_STRAIGHT_THROUGH,False
APP208366,AUTO_APPROVE,STANDARD_STRAIGHT_THROUGH,False
APP208367,DECLINE,POLICY_FAILURE,False
APP208368,AUTO_APPROVE,STANDARD_STRAIGHT_THROUGH,False
APP208369,DECLINE,POLICY_FAILURE,False
APP208370,AUTO_APPROVE,STANDARD_STRAIGHT_THROUGH,False
APP208371,DECLINE,POLICY_FAILURE,False
APP208372,HUMAN_REVIEW,LOW_DOCUMENT_CONFIDENCE,True
APP208373,AUTO_APPROVE,STANDARD_STRAIGHT_THROUGH,False
APP208374,DECLINE,POLICY_FAILURE,False
APP208375,DECLINE,POLICY_FAILURE,False
APP208376,AUTO_APPROVE,STANDARD_STRAIGHT_THROUGH,False
APP208377,DECLINE,POLICY_FAILURE,False
APP208378,AUTO_APPROVE,STANDARD_STRAIGHT_THROUGH,False
APP208379,AUTO_APPROVE,STANDARD_STRAIGHT_THROUGH,False
APP208380,AUTO_APPROVE,STANDARD_STRAIGHT_THROUGH,False
APP208381,AUTO_APPROVE,STANDARD_STRAIGHT_THROUGH,False
APP208382,AUTO_APPROVE,STANDARD_STRAIGHT_THROUGH,False
APP208383,DECLINE,POLICY_FAILURE,False
APP208384,AUTO_APPROVE,STANDARD_STRAIGHT_THROUGH,False
APP208385,DECLINE,POLICY_FAILURE,False
APP208386,DECLINE,POLICY_FAILURE,False
APP208387,AUTO_APPROVE,STANDARD_STRAIGHT_THROUGH,False
APP208388,AUTO_APPROVE,STANDARD_STRAIGHT_THROUGH,False
APP208389,AUTO_APPROVE,STANDARD_STRAIGHT_THROUGH,False
APP208390,AUTO_APPROVE,STANDARD_STRAIGHT_THROUGH,False
APP208391,DECLINE,POLICY_FAILURE,False
APP208392,AUTO_APPROVE,STANDARD_STRAIGHT_THROUGH,False
APP208393,DECLINE,POLICY_FAILURE,False
APP208394,DECLINE,POLICY_FAILURE,False
APP208395,AUTO_APPROVE,STANDARD_STRAIGHT_THROUGH,False
APP208396,DECLINE,POLICY_FAILURE,False
APP208397,DECLINE,POLICY_FAILURE,False
APP208398,DECLINE,POLICY_FAILURE,False
APP208399,DECLINE,POLICY_FAILURE,False
APP208400,HUMAN_REVIEW,LOW_DOCUMENT_CONFIDENCE,True
APP208401,AUTO_APPROVE,STANDARD_STRAIGHT_THROUGH,False
APP208402,AUTO_APPROVE,STANDARD_STRAIGHT_THROUGH,False
APP208403,AUTO_APPROVE,STANDARD_STRAIGHT_THROUGH,False
APP208404,AUTO_APPROVE,STANDARD_STRAIGHT_THROUGH,False
APP208405,AUTO_APPROVE,STANDARD_STRAIGHT_THROUGH,False
APP208406,AUTO_APPROVE,STANDARD_STRAIGHT_THROUGH,False
APP208407,AUTO_APPROVE,STANDARD_STRAIGHT_THROUGH,False
APP208408,AUTO_APPROVE,STANDARD_STRAIGHT_THROUGH,False
APP208409,AUTO_APPROVE,STANDARD_STRAIGHT_THROUGH,False
APP208410,AUTO_APPROVE,STANDARD_STRAIGHT_THROUGH,False
APP208411,AUTO_APPROVE,STANDARD_STRAIGHT_THROUGH,False
APP208412,AUTO_APPROVE,STANDARD_STRAIGHT_THROUGH,False
APP208413,AUTO_APPROVE,STANDARD_STRAIGHT_THROUGH,False
APP208414,AUTO_APPROVE,STANDARD_STRAIGHT_THROUGH,False
APP208415,DECLINE,POLICY_FAILURE,False
APP208416,AUTO_APPROVE,STANDARD_STRAIGHT_THROUGH,False
APP208417,DECLINE,POLICY_FAILURE,False
APP208418,AUTO_APPROVE,STANDARD_STRAIGHT_THROUGH,False
APP208419,AUTO_APPROVE,STANDARD_STRAIGHT_THROUGH,False
APP208420,AUTO_APPROVE,STANDARD_STRAIGHT_THROUGH,False
APP208421,AUTO_APPROVE,STANDARD_STRAIGHT_THROUGH,False
APP208422,AUTO_APPROVE,STANDARD_STRAIGHT_THROUGH,False
APP208423,DECLINE,POLICY_FAILURE,False
APP208424,DECLINE,POLICY_FAILURE,False
APP208425,AUTO_APPROVE,STANDARD_STRAIGHT_THROUGH,False
APP208426,DECLINE,POLICY_FAILURE,False
APP208427,DECLINE,POLICY_FAILURE,False
APP208428,AUTO_APPROVE,STANDARD_STRAIGHT_THROUGH,False
APP208429,AUTO_APPROVE,STANDARD_STRAIGHT_THROUGH,False
APP208430,DECLINE,POLICY_FAILURE,False
APP208431,DECLINE,POLICY_FAILURE,False
APP208432,AUTO_APPROVE,STANDARD_STRAIGHT_THROUGH,False
APP208433,AUTO_APPROVE,STANDARD_STRAIGHT_THROUGH,False
APP208434,AUTO_APPROVE,STANDARD_STRAIGHT_THROUGH,False
APP208435,AUTO_APPROVE,STANDARD_STRAIGHT_THROUGH,False
APP208436,HUMAN_REVIEW,MEDIUM_FRAUD_RISK,True
APP208437,AUTO_APPROVE,STANDARD_STRAIGHT_THROUGH,False
APP208438,DECLINE,POLICY_FAILURE,False
APP208439,DECLINE,POLICY_FAILURE,False
APP208440,AUTO_APPROVE,STANDARD_STRAIGHT_THROUGH,False
APP208441,AUTO_APPROVE,STANDARD_STRAIGHT_THROUGH,False
APP208442,AUTO_APPROVE,STANDARD_STRAIGHT_THROUGH,False
APP208443,AUTO_APPROVE,STANDARD_STRAIGHT_THROUGH,False
APP208444,AUTO_APPROVE,STANDARD_STRAIGHT_THROUGH,False
APP208445,AUTO_APPROVE,STANDARD_STRAIGHT_THROUGH,False
APP208446,DECLINE,POLICY_FAILURE,False
APP208447,AUTO_APPROVE,STANDARD_STRAIGHT_THROUGH,False
APP208448,DECLINE,POLICY_FAILURE,False
APP208449,DECLINE,POLICY_FAILURE,False
APP208450,AUTO_APPROVE,STANDARD_STRAIGHT_THROUGH,False
APP208451,AUTO_APPROVE,STANDARD_STRAIGHT_THROUGH,False
APP208452,DECLINE,POLICY_FAILURE,False
APP208453,DECLINE,POLICY_FAILURE,False
APP208454,AUTO_APPROVE,STANDARD_STRAIGHT_THROUGH,False
APP208455,AUTO_APPROVE,STANDARD_STRAIGHT_THROUGH,False
APP208456,AUTO_APPROVE,STANDARD_STRAIGHT_THROUGH,False
APP208457,AUTO_APPROVE,STANDARD_STRAIGHT_THROUGH,False
APP208458,AUTO_APPROVE,STANDARD_STRAIGHT_THROUGH,False
APP208459,DECLINE,POLICY_FAILURE,False
APP208460,DECLINE,POLICY_FAILURE,False
APP208461,DECLINE,POLICY_FAILURE,False
APP208462,AUTO_APPROVE,STANDARD_STRAIGHT_THROUGH,False
APP208463,AUTO_APPROVE,STANDARD_STRAIGHT_THROUGH,False
APP208464,AUTO_APPROVE,STANDARD_STRAIGHT_THROUGH,False
APP208465,AUTO_APPROVE,STANDARD_STRAIGHT_THROUGH,False
APP208466,DECLINE,POLICY_FAILURE,False
APP208467,DECLINE,POLICY_FAILURE,False
APP208468,AUTO_APPROVE,STANDARD_STRAIGHT_THROUGH,False
APP208469,DECLINE,POLICY_FAILURE,False
APP208470,AUTO_APPROVE,STANDARD_STRAIGHT_THROUGH,False
APP208471,AUTO_APPROVE,STANDARD_STRAIGHT_THROUGH,False
APP208472,AUTO_APPROVE,STANDARD_STRAIGHT_THROUGH,False
APP208473,AUTO_APPROVE,STANDARD_STRAIGHT_THROUGH,False
APP208474,AUTO_APPROVE,STANDARD_STRAIGHT_THROUGH,False
APP208475,AUTO_APPROVE,STANDARD_STRAIGHT_THROUGH,False
APP208476,AUTO_APPROVE,STANDARD_STRAIGHT_THROUGH,False
APP208477,AUTO_APPROVE,STANDARD_STRAIGHT_THROUGH,False
APP208478,DECLINE,POLICY_FAILURE,False
APP208479,DECLINE,POLICY_FAILURE,False
APP208480,AUTO_APPROVE,STANDARD_STRAIGHT_THROUGH,False
APP208481,DECLINE,POLICY_FAILURE,False
APP208482,AUTO_APPROVE,STANDARD_STRAIGHT_THROUGH,False
APP208483,DECLINE,POLICY_FAILURE,False
APP208484,AUTO_APPROVE,STANDARD_STRAIGHT_THROUGH,False
APP208485,AUTO_APPROVE,STANDARD_STRAIGHT_THROUGH,False
APP208486,DECLINE,POLICY_FAILURE,False
APP208487,AUTO_APPROVE,STANDARD_STRAIGHT_THROUGH,False
APP208488,AUTO_APPROVE,STANDARD_STRAIGHT_THROUGH,False
APP208489,AUTO_APPROVE,STANDARD_STRAIGHT_THROUGH,False
APP208490,AUTO_APPROVE,STANDARD_STRAIGHT_THROUGH,False
APP208491,AUTO_APPROVE,STANDARD_STRAIGHT_THROUGH,False
APP208492,AUTO_APPROVE,STANDARD_STRAIGHT_THROUGH,False
APP208493,AUTO_APPROVE,STANDARD_STRAIGHT_THROUGH,False
APP208494,AUTO_APPROVE,STANDARD_STRAIGHT_THROUGH,False
APP208495,AUTO_APPROVE,STANDARD_STRAIGHT_THROUGH,False
APP208496,AUTO_APPROVE,STANDARD_STRAIGHT_THROUGH,False
APP208497,DECLINE,POLICY_FAILURE,False
APP208498,AUTO_APPROVE,STANDARD_STRAIGHT_THROUGH,False
APP208499,AUTO_APPROVE,STANDARD_STRAIGHT_THROUGH,False
APP208500,DECLINE,POLICY_FAILURE,False
APP208501,DECLINE,POLICY_FAILURE,False
APP208502,DECLINE,POLICY_FAILURE,False
APP208503,AUTO_APPROVE,STANDARD_STRAIGHT_THROUGH,False
APP208504,AUTO_APPROVE,STANDARD_STRAIGHT_THROUGH,False
APP208505,DECLINE,POLICY_FAILURE,False
APP208506,AUTO_APPROVE,STANDARD_STRAIGHT_THROUGH,False
APP208507,AUTO_APPROVE,STANDARD_STRAIGHT_THROUGH,False
APP208508,DECLINE,POLICY_FAILURE,False
APP208509,AUTO_APPROVE,STANDARD_STRAIGHT_THROUGH,False
APP208510,DECLINE,POLICY_FAILURE,False
APP208511,AUTO_APPROVE,STANDARD_STRAIGHT_THROUGH,False
APP208512,AUTO_APPROVE,STANDARD_STRAIGHT_THROUGH,False
APP208513,AUTO_APPROVE,STANDARD_STRAIGHT_THROUGH,False
APP208514,DECLINE,POLICY_FAILURE,False
APP208515,AUTO_APPROVE,STANDARD_STRAIGHT_THROUGH,False
APP208516,AUTO_APPROVE,STANDARD_STRAIGHT_THROUGH,False
APP208517,AUTO_APPROVE,STANDARD_STRAIGHT_THROUGH,False
APP208518,AUTO_APPROVE,STANDARD_STRAIGHT_THROUGH,False
APP208519,DECLINE,POLICY_FAILURE,False
APP208520,AUTO_APPROVE,STANDARD_STRAIGHT_THROUGH,False
APP208521,AUTO_APPROVE,STANDARD_STRAIGHT_THROUGH,False
APP208522,AUTO_APPROVE,STANDARD_STRAIGHT_THROUGH,False
APP208523,AUTO_APPROVE,STANDARD_STRAIGHT_THROUGH,False
APP208524,DECLINE,POLICY_FAILURE,False
APP208525,DECLINE,POLICY_FAILURE,False
APP208526,AUTO_APPROVE,STANDARD_STRAIGHT_THROUGH,False
APP208527,DECLINE,POLICY_FAILURE,False
APP208528,DECLINE,POLICY_FAILURE,False
APP208529,AUTO_APPROVE,STANDARD_STRAIGHT_THROUGH,False
APP208530,AUTO_APPROVE,STANDARD_STRAIGHT_THROUGH,False
APP208531,DECLINE,POLICY_FAILURE,False
APP208532,AUTO_APPROVE,STANDARD_STRAIGHT_THROUGH,False
APP208533,AUTO_APPROVE,STANDARD_STRAIGHT_THROUGH,False
APP208534,DECLINE,POLICY_FAILURE,False
APP208535,DECLINE,POLICY_FAILURE,False
APP208536,DECLINE,POLICY_FAILURE,False
APP208537,AUTO_APPROVE,STANDARD_STRAIGHT_THROUGH,False
APP208538,AUTO_APPROVE,STANDARD_STRAIGHT_THROUGH,False
APP208539,AUTO_APPROVE,STANDARD_STRAIGHT_THROUGH,False
APP208540,DECLINE,POLICY_FAILURE,False
APP208541,AUTO_APPROVE,STANDARD_STRAIGHT_THROUGH,False
APP208542,DECLINE,POLICY_FAILURE,False
APP208543,AUTO_APPROVE,STANDARD_STRAIGHT_THROUGH,False
APP208544,DECLINE,POLICY_FAILURE,False
APP208545,DECLINE,POLICY_FAILURE,False
APP208546,DECLINE,POLICY_FAILURE,False
APP208547,AUTO_APPROVE,STANDARD_STRAIGHT_THROUGH,False
APP208548,AUTO_APPROVE,STANDARD_STRAIGHT_THROUGH,False
APP208549,DECLINE,POLICY_FAILURE,False
APP208550,AUTO_APPROVE,STANDARD_STRAIGHT_THROUGH,False
APP208551,DECLINE,POLICY_FAILURE,False
APP208552,AUTO_APPROVE,STANDARD_STRAIGHT_THROUGH,False
APP208553,AUTO_APPROVE,STANDARD_STRAIGHT_THROUGH,False
APP208554,AUTO_APPROVE,STANDARD_STRAIGHT_THROUGH,False
APP208555,AUTO_APPROVE,STANDARD_STRAIGHT_THROUGH,False
APP208556,AUTO_APPROVE,STANDARD_STRAIGHT_THROUGH,False
APP208557,AUTO_APPROVE,STANDARD_STRAIGHT_THROUGH,False
APP208558,AUTO_APPROVE,STANDARD_STRAIGHT_THROUGH,False
APP208559,AUTO_APPROVE,STANDARD_STRAIGHT_THROUGH,False
APP208560,AUTO_APPROVE,STANDARD_STRAIGHT_THROUGH,False
APP208561,AUTO_APPROVE,STANDARD_STRAIGHT_THROUGH,False
APP208562,AUTO_APPROVE,STANDARD_STRAIGHT_THROUGH,False
APP208563,AUTO_APPROVE,STANDARD_STRAIGHT_THROUGH,False
APP208564,AUTO_APPROVE,STANDARD_STRAIGHT_THROUGH,False
APP208565,DECLINE,POLICY_FAILURE,False
APP208566,HUMAN_REVIEW,LOW_DOCUMENT_CONFIDENCE,True
APP208567,AUTO_APPROVE,STANDARD_STRAIGHT_THROUGH,False
APP208568,AUTO_APPROVE,STANDARD_STRAIGHT_THROUGH,False
APP208569,AUTO_APPROVE,STANDARD_STRAIGHT_THROUGH,False
APP208570,DECLINE,POLICY_FAILURE,False
APP208571,AUTO_APPROVE,STANDARD_STRAIGHT_THROUGH,False
APP208572,DECLINE,POLICY_FAILURE,False
APP208573,DECLINE,POLICY_FAILURE,False
APP208574,DECLINE,POLICY_FAILURE,False
APP208575,AUTO_APPROVE,STANDARD_STRAIGHT_THROUGH,False
APP208576,DECLINE,POLICY_FAILURE,False
APP208577,DECLINE,POLICY_FAILURE,False
APP208578,AUTO_APPROVE,STANDARD_STRAIGHT_THROUGH,False
APP208579,AUTO_APPROVE,STANDARD_STRAIGHT_THROUGH,False
APP208580,AUTO_APPROVE,STANDARD_STRAIGHT_THROUGH,False
APP208581,DECLINE,POLICY_FAILURE,False
APP208582,AUTO_APPROVE,STANDARD_STRAIGHT_THROUGH,False
APP208583,AUTO_APPROVE,STANDARD_STRAIGHT_THROUGH,False
APP208584,AUTO_APPROVE,STANDARD_STRAIGHT_THROUGH,False
APP208585,DECLINE,POLICY_FAILURE,False
APP208586,AUTO_APPROVE,STANDARD_STRAIGHT_THROUGH,False
APP208587,AUTO_APPROVE,STANDARD_STRAIGHT_THROUGH,False
APP208588,DECLINE,POLICY_FAILURE,False
APP208589,DECLINE,POLICY_FAILURE,False
APP208590,AUTO_APPROVE,STANDARD_STRAIGHT_THROUGH,False
APP208591,AUTO_APPROVE,STANDARD_STRAIGHT_THROUGH,False
APP208592,AUTO_APPROVE,STANDARD_STRAIGHT_THROUGH,False
APP208593,AUTO_APPROVE,STANDARD_STRAIGHT_THROUGH,False
APP208594,DECLINE,POLICY_FAILURE,False
APP208595,AUTO_APPROVE,STANDARD_STRAIGHT_THROUGH,False
APP208596,HUMAN_REVIEW,LOW_DOCUMENT_CONFIDENCE,True
APP208597,AUTO_APPROVE,STANDARD_STRAIGHT_THROUGH,False
APP208598,AUTO_APPROVE,STANDARD_STRAIGHT_THROUGH,False
APP208599,AUTO_APPROVE,STANDARD_STRAIGHT_THROUGH,False
APP208600,AUTO_APPROVE,STANDARD_STRAIGHT_THROUGH,False
APP208601,AUTO_APPROVE,STANDARD_STRAIGHT_THROUGH,False
APP208602,AUTO_APPROVE,STANDARD_STRAIGHT_THROUGH,False
APP208603,AUTO_APPROVE,STANDARD_STRAIGHT_THROUGH,False
APP208604,AUTO_APPROVE,STANDARD_STRAIGHT_THROUGH,False
APP208605,AUTO_APPROVE,STANDARD_STRAIGHT_THROUGH,False
APP208606,AUTO_APPROVE,STANDARD_STRAIGHT_THROUGH,False
APP208607,AUTO_APPROVE,STANDARD_STRAIGHT_THROUGH,False
APP208608,AUTO_APPROVE,STANDARD_STRAIGHT_THROUGH,False
APP208609,AUTO_APPROVE,STANDARD_STRAIGHT_THROUGH,False
APP208610,AUTO_APPROVE,STANDARD_STRAIGHT_THROUGH,False
APP208611,DECLINE,POLICY_FAILURE,False
APP208612,DECLINE,POLICY_FAILURE,False
APP208613,AUTO_APPROVE,STANDARD_STRAIGHT_THROUGH,False
APP208614,DECLINE,POLICY_FAILURE,False
APP208615,DECLINE,POLICY_FAILURE,False
APP208616,AUTO_APPROVE,STANDARD_STRAIGHT_THROUGH,False
APP208617,AUTO_APPROVE,STANDARD_STRAIGHT_THROUGH,False
APP208618,DECLINE,POLICY_FAILURE,False
APP208619,AUTO_APPROVE,STANDARD_STRAIGHT_THROUGH,False
APP208620,DECLINE,POLICY_FAILURE,False
APP208621,AUTO_APPROVE,STANDARD_STRAIGHT_THROUGH,False
APP208622,AUTO_APPROVE,STANDARD_STRAIGHT_THROUGH,False
APP208623,AUTO_APPROVE,STANDARD_STRAIGHT_THROUGH,False
APP208624,AUTO_APPROVE,STANDARD_STRAIGHT_THROUGH,False
APP208625,AUTO_APPROVE,STANDARD_STRAIGHT_THROUGH,False
APP208626,DECLINE,POLICY_FAILURE,False
APP208627,DECLINE,POLICY_FAILURE,False
APP208628,DECLINE,POLICY_FAILURE,False
APP208629,AUTO_APPROVE,STANDARD_STRAIGHT_THROUGH,False
APP208630,DECLINE,POLICY_FAILURE,False
APP208631,DECLINE,POLICY_FAILURE,False
APP208632,DECLINE,POLICY_FAILURE,False
APP208633,DECLINE,POLICY_FAILURE,False
APP208634,AUTO_APPROVE,STANDARD_STRAIGHT_THROUGH,False
APP208635,AUTO_APPROVE,STANDARD_STRAIGHT_THROUGH,False
APP208636,AUTO_APPROVE,STANDARD_STRAIGHT_THROUGH,False
APP208637,DECLINE,POLICY_FAILURE,False
APP208638,AUTO_APPROVE,STANDARD_STRAIGHT_THROUGH,False
APP208639,AUTO_APPROVE,STANDARD_STRAIGHT_THROUGH,False
APP208640,DECLINE,POLICY_FAILURE,False
APP208641,DECLINE,POLICY_FAILURE,False
APP208642,AUTO_APPROVE,STANDARD_STRAIGHT_THROUGH,False
APP208643,DECLINE,POLICY_FAILURE,False
APP208644,AUTO_APPROVE,STANDARD_STRAIGHT_THROUGH,False
APP208645,DECLINE,POLICY_FAILURE,False
APP208646,AUTO_APPROVE,STANDARD_STRAIGHT_THROUGH,False
APP208647,DECLINE,POLICY_FAILURE,False
APP208648,AUTO_APPROVE,STANDARD_STRAIGHT_THROUGH,False
APP208649,AUTO_APPROVE,STANDARD_STRAIGHT_THROUGH,False
APP208650,AUTO_APPROVE,STANDARD_STRAIGHT_THROUGH,False
APP208651,AUTO_APPROVE,STANDARD_STRAIGHT_THROUGH,False
APP208652,AUTO_APPROVE,STANDARD_STRAIGHT_THROUGH,False
APP208653,AUTO_APPROVE,STANDARD_STRAIGHT_THROUGH,False
APP208654,AUTO_APPROVE,STANDARD_STRAIGHT_THROUGH,False
APP208655,DECLINE,POLICY_FAILURE,False
APP208656,AUTO_APPROVE,STANDARD_STRAIGHT_THROUGH,False
APP208657,AUTO_APPROVE,STANDARD_STRAIGHT_THROUGH,False
APP208658,AUTO_APPROVE,STANDARD_STRAIGHT_THROUGH,False
APP208659,AUTO_APPROVE,STANDARD_STRAIGHT_THROUGH,False
APP208660,HUMAN_REVIEW,MEDIUM_FRAUD_RISK,True
APP208661,AUTO_APPROVE,STANDARD_STRAIGHT_THROUGH,False
APP208662,AUTO_APPROVE,STANDARD_STRAIGHT_THROUGH,False
APP208663,AUTO_APPROVE,STANDARD_STRAIGHT_THROUGH,False
APP208664,AUTO_APPROVE,STANDARD_STRAIGHT_THROUGH,False
APP208665,AUTO_APPROVE,STANDARD_STRAIGHT_THROUGH,False
APP208666,AUTO_APPROVE,STANDARD_STRAIGHT_THROUGH,False
APP208667,DECLINE,POLICY_FAILURE,False
APP208668,DECLINE,POLICY_FAILURE,False
APP208669,AUTO_APPROVE,STANDARD_STRAIGHT_THROUGH,False
APP208670,AUTO_APPROVE,STANDARD_STRAIGHT_THROUGH,False
APP208671,DECLINE,POLICY_FAILURE,False
APP208672,AUTO_APPROVE,STANDARD_STRAIGHT_THROUGH,False
APP208673,AUTO_APPROVE,STANDARD_STRAIGHT_THROUGH,False
APP208674,AUTO_APPROVE,STANDARD_STRAIGHT_THROUGH,False
APP208675,AUTO_APPROVE,STANDARD_STRAIGHT_THROUGH,False
APP208676,AUTO_APPROVE,STANDARD_STRAIGHT_THROUGH,False
APP208677,AUTO_APPROVE,STANDARD_STRAIGHT_THROUGH,False
APP208678,DECLINE,POLICY_FAILURE,False
APP208679,DECLINE,POLICY_FAILURE,False
APP208680,AUTO_APPROVE,STANDARD_STRAIGHT_THROUGH,False
APP208681,AUTO_APPROVE,STANDARD_STRAIGHT_THROUGH,False
APP208682,AUTO_APPROVE,STANDARD_STRAIGHT_THROUGH,False
APP208683,DECLINE,POLICY_FAILURE,False
APP208684,DECLINE,POLICY_FAILURE,False
APP208685,AUTO_APPROVE,STANDARD_STRAIGHT_THROUGH,False
APP208686,DECLINE,POLICY_FAILURE,False
APP208687,AUTO_APPROVE,STANDARD_STRAIGHT_THROUGH,False
APP208688,AUTO_APPROVE,STANDARD_STRAIGHT_THROUGH,False
APP208689,AUTO_APPROVE,STANDARD_STRAIGHT_THROUGH,False
APP208690,AUTO_APPROVE,STANDARD_STRAIGHT_THROUGH,False
APP208691,AUTO_APPROVE,STANDARD_STRAIGHT_THROUGH,False
APP208692,AUTO_APPROVE,STANDARD_STRAIGHT_THROUGH,False
APP208693,AUTO_APPROVE,STANDARD_STRAIGHT_THROUGH,False
APP208694,AUTO_APPROVE,STANDARD_STRAIGHT_THROUGH,False
APP208695,AUTO_APPROVE,STANDARD_STRAIGHT_THROUGH,False
APP208696,DECLINE,POLICY_FAILURE,False
APP208697,DECLINE,POLICY_FAILURE,False
APP208698,AUTO_APPROVE,STANDARD_STRAIGHT_THROUGH,False
APP208699,DECLINE,POLICY_FAILURE,False
APP208700,DECLINE,POLICY_FAILURE,False
APP208701,AUTO_APPROVE,STANDARD_STRAIGHT_THROUGH,False
APP208702,DECLINE,POLICY_FAILURE,False
APP208703,AUTO_APPROVE,STANDARD_STRAIGHT_THROUGH,False
APP208704,AUTO_APPROVE,STANDARD_STRAIGHT_THROUGH,False
APP208705,DECLINE,POLICY_FAILURE,False
APP208706,DECLINE,POLICY_FAILURE,False
APP208707,AUTO_APPROVE,STANDARD_STRAIGHT_THROUGH,False
APP208708,AUTO_APPROVE,STANDARD_STRAIGHT_THROUGH,False
APP208709,DECLINE,POLICY_FAILURE,False
APP208710,DECLINE,POLICY_FAILURE,False
APP208711,DECLINE,POLICY_FAILURE,False
APP208712,AUTO_APPROVE,STANDARD_STRAIGHT_THROUGH,False
APP208713,AUTO_APPROVE,STANDARD_STRAIGHT_THROUGH,False
APP208714,AUTO_APPROVE,STANDARD_STRAIGHT_THROUGH,False
APP208715,AUTO_APPROVE,STANDARD_STRAIGHT_THROUGH,False
APP208716,AUTO_APPROVE,STANDARD_STRAIGHT_THROUGH,False
APP208717,AUTO_APPROVE,STANDARD_STRAIGHT_THROUGH,False
APP208718,AUTO_APPROVE,STANDARD_STRAIGHT_THROUGH,False
APP208719,DECLINE,POLICY_FAILURE,False
APP208720,DECLINE,POLICY_FAILURE,False
APP208721,DECLINE,POLICY_FAILURE,False
APP208722,AUTO_APPROVE,STANDARD_STRAIGHT_THROUGH,False
APP208723,DECLINE,POLICY_FAILURE,False
APP208724,DECLINE,POLICY_FAILURE,False
APP208725,DECLINE,POLICY_FAILURE,False
APP208726,DECLINE,POLICY_FAILURE,False
APP208727,AUTO_APPROVE,STANDARD_STRAIGHT_THROUGH,False
APP208728,HUMAN_REVIEW,LOW_DOCUMENT_CONFIDENCE,True
APP208729,DECLINE,POLICY_FAILURE,False
APP208730,DECLINE,POLICY_FAILURE,False
APP208731,AUTO_APPROVE,STANDARD_STRAIGHT_THROUGH,False
APP208732,AUTO_APPROVE,STANDARD_STRAIGHT_THROUGH,False
APP208733,DECLINE,POLICY_FAILURE,False
APP208734,DECLINE,POLICY_FAILURE,False
APP208735,AUTO_APPROVE,STANDARD_STRAIGHT_THROUGH,False
APP208736,AUTO_APPROVE,STANDARD_STRAIGHT_THROUGH,False
APP208737,AUTO_APPROVE,STANDARD_STRAIGHT_THROUGH,False
APP208738,AUTO_APPROVE,STANDARD_STRAIGHT_THROUGH,False
APP208739,HUMAN_REVIEW,LOW_DOCUMENT_CONFIDENCE,True
APP208740,AUTO_APPROVE,STANDARD_STRAIGHT_THROUGH,False
APP208741,AUTO_APPROVE,STANDARD_STRAIGHT_THROUGH,False
APP208742,DECLINE,POLICY_FAILURE,False
APP208743,DECLINE,POLICY_FAILURE,False
APP208744,AUTO_APPROVE,STANDARD_STRAIGHT_THROUGH,False
APP208745,AUTO_APPROVE,STANDARD_STRAIGHT_THROUGH,False
APP208746,DECLINE,POLICY_FAILURE,False
APP208747,AUTO_APPROVE,STANDARD_STRAIGHT_THROUGH,False
APP208748,AUTO_APPROVE,STANDARD_STRAIGHT_THROUGH,False
APP208749,AUTO_APPROVE,STANDARD_STRAIGHT_THROUGH,False
APP208750,DECLINE,POLICY_FAILURE,False
APP208751,DECLINE,POLICY_FAILURE,False
APP208752,AUTO_APPROVE,STANDARD_STRAIGHT_THROUGH,False
APP208753,AUTO_APPROVE,STANDARD_STRAIGHT_THROUGH,False
APP208754,AUTO_APPROVE,STANDARD_STRAIGHT_THROUGH,False
APP208755,DECLINE,POLICY_FAILURE,False
APP208756,AUTO_APPROVE,STANDARD_STRAIGHT_THROUGH,False
APP208757,AUTO_APPROVE,STANDARD_STRAIGHT_THROUGH,False
APP208758,DECLINE,POLICY_FAILURE,False
APP208759,AUTO_APPROVE,STANDARD_STRAIGHT_THROUGH,False
APP208760,AUTO_APPROVE,STANDARD_STRAIGHT_THROUGH,False
APP208761,AUTO_APPROVE,STANDARD_STRAIGHT_THROUGH,False
APP208762,AUTO_APPROVE,STANDARD_STRAIGHT_THROUGH,False
APP208763,AUTO_APPROVE,STANDARD_STRAIGHT_THROUGH,False
APP208764,AUTO_APPROVE,STANDARD_STRAIGHT_THROUGH,False
APP208765,DECLINE,POLICY_FAILURE,False
APP208766,DECLINE,POLICY_FAILURE,False
APP208767,DECLINE,POLICY_FAILURE,False
APP208768,AUTO_APPROVE,STANDARD_STRAIGHT_THROUGH,False
APP208769,AUTO_APPROVE,STANDARD_STRAIGHT_THROUGH,False
APP208770,AUTO_APPROVE,STANDARD_STRAIGHT_THROUGH,False
APP208771,DECLINE,POLICY_FAILURE,False
APP208772,AUTO_APPROVE,STANDARD_STRAIGHT_THROUGH,False
APP208773,DECLINE,POLICY_FAILURE,False
APP208774,AUTO_APPROVE,STANDARD_STRAIGHT_THROUGH,False
APP208775,DECLINE,POLICY_FAILURE,False
APP208776,AUTO_APPROVE,STANDARD_STRAIGHT_THROUGH,False
APP208777,DECLINE,POLICY_FAILURE,False
APP208778,DECLINE,POLICY_FAILURE,False
APP208779,AUTO_APPROVE,STANDARD_STRAIGHT_THROUGH,False
APP208780,AUTO_APPROVE,STANDARD_STRAIGHT_THROUGH,False
APP208781,AUTO_APPROVE,STANDARD_STRAIGHT_THROUGH,False
APP208782,AUTO_APPROVE,STANDARD_STRAIGHT_THROUGH,False
APP208783,AUTO_APPROVE,STANDARD_STRAIGHT_THROUGH,False
APP208784,AUTO_APPROVE,STANDARD_STRAIGHT_THROUGH,False
APP208785,AUTO_APPROVE,STANDARD_STRAIGHT_THROUGH,False
APP208786,AUTO_APPROVE,STANDARD_STRAIGHT_THROUGH,False
APP208787,DECLINE,POLICY_FAILURE,False
APP208788,DECLINE,POLICY_FAILURE,False
APP208789,DECLINE,POLICY_FAILURE,False
APP208790,DECLINE,POLICY_FAILURE,False
APP208791,AUTO_APPROVE,STANDARD_STRAIGHT_THROUGH,False
APP208792,AUTO_APPROVE,STANDARD_STRAIGHT_THROUGH,False
APP208793,DECLINE,POLICY_FAILURE,False
APP208794,HUMAN_REVIEW,LOW_DOCUMENT_CONFIDENCE,True
APP208795,AUTO_APPROVE,STANDARD_STRAIGHT_THROUGH,False
APP208796,AUTO_APPROVE,STANDARD_STRAIGHT_THROUGH,False
APP208797,AUTO_APPROVE,STANDARD_STRAIGHT_THROUGH,False
APP208798,AUTO_APPROVE,STANDARD_STRAIGHT_THROUGH,False
APP208799,AUTO_APPROVE,STANDARD_STRAIGHT_THROUGH,False
APP208800,DECLINE,POLICY_FAILURE,False
APP208801,AUTO_APPROVE,STANDARD_STRAIGHT_THROUGH,False
APP208802,AUTO_APPROVE,STANDARD_STRAIGHT_THROUGH,False
APP208803,DECLINE,POLICY_FAILURE,False
APP208804,AUTO_APPROVE,STANDARD_STRAIGHT_THROUGH,False
APP208805,DECLINE,POLICY_FAILURE,False
APP208806,DECLINE,POLICY_FAILURE,False
APP208807,AUTO_APPROVE,STANDARD_STRAIGHT_THROUGH,False
APP208808,AUTO_APPROVE,STANDARD_STRAIGHT_THROUGH,False
APP208809,AUTO_APPROVE,STANDARD_STRAIGHT_THROUGH,False
APP208810,DECLINE,POLICY_FAILURE,False
APP208811,AUTO_APPROVE,STANDARD_STRAIGHT_THROUGH,False
APP208812,AUTO_APPROVE,STANDARD_STRAIGHT_THROUGH,False
APP208813,AUTO_APPROVE,STANDARD_STRAIGHT_THROUGH,False
APP208814,AUTO_APPROVE,STANDARD_STRAIGHT_THROUGH,False
APP208815,HUMAN_REVIEW,LOW_DOCUMENT_CONFIDENCE,True
APP208816,AUTO_APPROVE,STANDARD_STRAIGHT_THROUGH,False
APP208817,AUTO_APPROVE,STANDARD_STRAIGHT_THROUGH,False
APP208818,AUTO_APPROVE,STANDARD_STRAIGHT_THROUGH,False
APP208819,AUTO_APPROVE,STANDARD_STRAIGHT_THROUGH,False
APP208820,DECLINE,POLICY_FAILURE,False
APP208821,AUTO_APPROVE,STANDARD_STRAIGHT_THROUGH,False
APP208822,DECLINE,POLICY_FAILURE,False
APP208823,DECLINE,POLICY_FAILURE,False
APP208824,DECLINE,POLICY_FAILURE,False
APP208825,DECLINE,POLICY_FAILURE,False
APP208826,AUTO_APPROVE,STANDARD_STRAIGHT_THROUGH,False
APP208827,DECLINE,POLICY_FAILURE,False
APP208828,AUTO_APPROVE,STANDARD_STRAIGHT_THROUGH,False
APP208829,AUTO_APPROVE,STANDARD_STRAIGHT_THROUGH,False
APP208830,AUTO_APPROVE,STANDARD_STRAIGHT_THROUGH,False
APP208831,AUTO_APPROVE,STANDARD_STRAIGHT_THROUGH,False
APP208832,AUTO_APPROVE,STANDARD_STRAIGHT_THROUGH,False
APP208833,AUTO_APPROVE,STANDARD_STRAIGHT_THROUGH,False
APP208834,AUTO_APPROVE,STANDARD_STRAIGHT_THROUGH,False
APP208835,AUTO_APPROVE,STANDARD_STRAIGHT_THROUGH,False
APP208836,DECLINE,POLICY_FAILURE,False
APP208837,AUTO_APPROVE,STANDARD_STRAIGHT_THROUGH,False
APP208838,AUTO_APPROVE,STANDARD_STRAIGHT_THROUGH,False
APP208839,AUTO_APPROVE,STANDARD_STRAIGHT_THROUGH,False
APP208840,AUTO_APPROVE,STANDARD_STRAIGHT_THROUGH,False
APP208841,AUTO_APPROVE,STANDARD_STRAIGHT_THROUGH,False
APP208842,AUTO_APPROVE,STANDARD_STRAIGHT_THROUGH,False
APP208843,AUTO_APPROVE,STANDARD_STRAIGHT_THROUGH,False
APP208844,DECLINE,POLICY_FAILURE,False
APP208845,AUTO_APPROVE,STANDARD_STRAIGHT_THROUGH,False
APP208846,AUTO_APPROVE,STANDARD_STRAIGHT_THROUGH,False
APP208847,DECLINE,POLICY_FAILURE,False
APP208848,AUTO_APPROVE,STANDARD_STRAIGHT_THROUGH,False
APP208849,AUTO_APPROVE,STANDARD_STRAIGHT_THROUGH,False
APP208850,AUTO_APPROVE,STANDARD_STRAIGHT_THROUGH,False
APP208851,AUTO_APPROVE,STANDARD_STRAIGHT_THROUGH,False
APP208852,DECLINE,POLICY_FAILURE,False
APP208853,AUTO_APPROVE,STANDARD_STRAIGHT_THROUGH,False
APP208854,DECLINE,POLICY_FAILURE,False
APP208855,DECLINE,POLICY_FAILURE,False
APP208856,AUTO_APPROVE,STANDARD_STRAIGHT_THROUGH,False
APP208857,AUTO_APPROVE,STANDARD_STRAIGHT_THROUGH,False
APP208858,AUTO_APPROVE,STANDARD_STRAIGHT_THROUGH,False
APP208859,AUTO_APPROVE,STANDARD_STRAIGHT_THROUGH,False
APP208860,AUTO_APPROVE,STANDARD_STRAIGHT_THROUGH,False
APP208861,AUTO_APPROVE,STANDARD_STRAIGHT_THROUGH,False
APP208862,HUMAN_REVIEW,LOW_DOCUMENT_CONFIDENCE,True
APP208863,AUTO_APPROVE,STANDARD_STRAIGHT_THROUGH,False
APP208864,DECLINE,POLICY_FAILURE,False
APP208865,AUTO_APPROVE,STANDARD_STRAIGHT_THROUGH,False
APP208866,AUTO_APPROVE,STANDARD_STRAIGHT_THROUGH,False
APP208867,DECLINE,POLICY_FAILURE,False
APP208868,AUTO_APPROVE,STANDARD_STRAIGHT_THROUGH,False
APP208869,AUTO_APPROVE,STANDARD_STRAIGHT_THROUGH,False
APP208870,AUTO_APPROVE,STANDARD_STRAIGHT_THROUGH,False
APP208871,DECLINE,POLICY_FAILURE,False
APP208872,HUMAN_REVIEW,LOW_DOCUMENT_CONFIDENCE,True
APP208873,AUTO_APPROVE,STANDARD_STRAIGHT_THROUGH,False
APP208874,DECLINE,POLICY_FAILURE,False
APP208875,AUTO_APPROVE,STANDARD_STRAIGHT_THROUGH,False
APP208876,DECLINE,POLICY_FAILURE,False
APP208877,DECLINE,POLICY_FAILURE,False
APP208878,DECLINE,POLICY_FAILURE,False
APP208879,DECLINE,POLICY_FAILURE,False
APP208880,AUTO_APPROVE,STANDARD_STRAIGHT_THROUGH,False
APP208881,DECLINE,POLICY_FAILURE,False
APP208882,AUTO_APPROVE,STANDARD_STRAIGHT_THROUGH,False
APP208883,DECLINE,POLICY_FAILURE,False
APP208884,AUTO_APPROVE,STANDARD_STRAIGHT_THROUGH,False
APP208885,AUTO_APPROVE,STANDARD_STRAIGHT_THROUGH,False
APP208886,AUTO_APPROVE,STANDARD_STRAIGHT_THROUGH,False
APP208887,AUTO_APPROVE,STANDARD_STRAIGHT_THROUGH,False
APP208888,HUMAN_REVIEW,LOW_DOCUMENT_CONFIDENCE,True
APP208889,AUTO_APPROVE,STANDARD_STRAIGHT_THROUGH,False
APP208890,AUTO_APPROVE,STANDARD_STRAIGHT_THROUGH,False
APP208891,DECLINE,POLICY_FAILURE,False
APP208892,AUTO_APPROVE,STANDARD_STRAIGHT_THROUGH,False
APP208893,DECLINE,POLICY_FAILURE,False
APP208894,AUTO_APPROVE,STANDARD_STRAIGHT_THROUGH,False
APP208895,AUTO_APPROVE,STANDARD_STRAIGHT_THROUGH,False
APP208896,DECLINE,POLICY_FAILURE,False
APP208897,AUTO_APPROVE,STANDARD_STRAIGHT_THROUGH,False
APP208898,AUTO_APPROVE,STANDARD_STRAIGHT_THROUGH,False
APP208899,AUTO_APPROVE,STANDARD_STRAIGHT_THROUGH,False
APP208900,AUTO_APPROVE,STANDARD_STRAIGHT_THROUGH,False
APP208901,AUTO_APPROVE,STANDARD_STRAIGHT_THROUGH,False
APP208902,HUMAN_REVIEW,LOW_DOCUMENT_CONFIDENCE,True
APP208903,AUTO_APPROVE,STANDARD_STRAIGHT_THROUGH,False
APP208904,DECLINE,POLICY_FAILURE,False
APP208905,DECLINE,POLICY_FAILURE,False
APP208906,DECLINE,POLICY_FAILURE,False
APP208907,DECLINE,POLICY_FAILURE,False
APP208908,DECLINE,POLICY_FAILURE,False
APP208909,DECLINE,POLICY_FAILURE,False
APP208910,AUTO_APPROVE,STANDARD_STRAIGHT_THROUGH,False
APP208911,AUTO_APPROVE,STANDARD_STRAIGHT_THROUGH,False
APP208912,DECLINE,POLICY_FAILURE,False
APP208913,AUTO_APPROVE,STANDARD_STRAIGHT_THROUGH,False
APP208914,DECLINE,POLICY_FAILURE,False
APP208915,DECLINE,POLICY_FAILURE,False
APP208916,AUTO_APPROVE,STANDARD_STRAIGHT_THROUGH,False
APP208917,AUTO_APPROVE,STANDARD_STRAIGHT_THROUGH,False
APP208918,AUTO_APPROVE,STANDARD_STRAIGHT_THROUGH,False
APP208919,DECLINE,POLICY_FAILURE,False
APP208920,AUTO_APPROVE,STANDARD_STRAIGHT_THROUGH,False
APP208921,AUTO_APPROVE,STANDARD_STRAIGHT_THROUGH,False
APP208922,AUTO_APPROVE,STANDARD_STRAIGHT_THROUGH,False
APP208923,AUTO_APPROVE,STANDARD_STRAIGHT_THROUGH,False
APP208924,AUTO_APPROVE,STANDARD_STRAIGHT_THROUGH,False
APP208925,AUTO_APPROVE,STANDARD_STRAIGHT_THROUGH,False
APP208926,DECLINE,POLICY_FAILURE,False
APP208927,DECLINE,POLICY_FAILURE,False
APP208928,DECLINE,POLICY_FAILURE,False
APP208929,AUTO_APPROVE,STANDARD_STRAIGHT_THROUGH,False
APP208930,DECLINE,POLICY_FAILURE,False
APP208931,DECLINE,POLICY_FAILURE,False
APP208932,AUTO_APPROVE,STANDARD_STRAIGHT_THROUGH,False
APP208933,AUTO_APPROVE,STANDARD_STRAIGHT_THROUGH,False
APP208934,AUTO_APPROVE,STANDARD_STRAIGHT_THROUGH,False
APP208935,DECLINE,POLICY_FAILURE,False
APP208936,DECLINE,POLICY_FAILURE,False
APP208937,AUTO_APPROVE,STANDARD_STRAIGHT_THROUGH,False
APP208938,AUTO_APPROVE,STANDARD_STRAIGHT_THROUGH,False
APP208939,AUTO_APPROVE,STANDARD_STRAIGHT_THROUGH,False
APP208940,AUTO_APPROVE,STANDARD_STRAIGHT_THROUGH,False
APP208941,DECLINE,POLICY_FAILURE,False
APP208942,AUTO_APPROVE,STANDARD_STRAIGHT_THROUGH,False
APP208943,AUTO_APPROVE,STANDARD_STRAIGHT_THROUGH,False
APP208944,AUTO_APPROVE,STANDARD_STRAIGHT_THROUGH,False
APP208945,DECLINE,POLICY_FAILURE,False
APP208946,DECLINE,POLICY_FAILURE,False
APP208947,AUTO_APPROVE,STANDARD_STRAIGHT_THROUGH,False
APP208948,AUTO_APPROVE,STANDARD_STRAIGHT_THROUGH,False
APP208949,AUTO_APPROVE,STANDARD_STRAIGHT_THROUGH,False
APP208950,AUTO_APPROVE,STANDARD_STRAIGHT_THROUGH,False
APP208951,DECLINE,POLICY_FAILURE,False
APP208952,DECLINE,POLICY_FAILURE,False
APP208953,AUTO_APPROVE,STANDARD_STRAIGHT_THROUGH,False
APP208954,AUTO_APPROVE,STANDARD_STRAIGHT_THROUGH,False
APP208955,AUTO_APPROVE,STANDARD_STRAIGHT_THROUGH,False
APP208956,DECLINE,POLICY_FAILURE,False
APP208957,DECLINE,POLICY_FAILURE,False
APP208958,AUTO_APPROVE,STANDARD_STRAIGHT_THROUGH,False
APP208959,AUTO_APPROVE,STANDARD_STRAIGHT_THROUGH,False
APP208960,AUTO_APPROVE,STANDARD_STRAIGHT_THROUGH,False
APP208961,DECLINE,POLICY_FAILURE,False
APP208962,AUTO_APPROVE,STANDARD_STRAIGHT_THROUGH,False
APP208963,DECLINE,POLICY_FAILURE,False
APP208964,DECLINE,POLICY_FAILURE,False
APP208965,AUTO_APPROVE,STANDARD_STRAIGHT_THROUGH,False
APP208966,DECLINE,POLICY_FAILURE,False
APP208967,DECLINE,POLICY_FAILURE,False
APP208968,DECLINE,POLICY_FAILURE,False
APP208969,DECLINE,POLICY_FAILURE,False
APP208970,HUMAN_REVIEW,LOW_DOCUMENT_CONFIDENCE,True
APP208971,AUTO_APPROVE,STANDARD_STRAIGHT_THROUGH,False
APP208972,AUTO_APPROVE,STANDARD_STRAIGHT_THROUGH,False
APP208973,DECLINE,POLICY_FAILURE,False
APP208974,AUTO_APPROVE,STANDARD_STRAIGHT_THROUGH,False
APP208975,AUTO_APPROVE,STANDARD_STRAIGHT_THROUGH,False
APP208976,AUTO_APPROVE,STANDARD_STRAIGHT_THROUGH,False
APP208977,AUTO_APPROVE,STANDARD_STRAIGHT_THROUGH,False
APP208978,DECLINE,POLICY_FAILURE,False
APP208979,AUTO_APPROVE,STANDARD_STRAIGHT_THROUGH,False
APP208980,AUTO_APPROVE,STANDARD_STRAIGHT_THROUGH,False
APP208981,AUTO_APPROVE,STANDARD_STRAIGHT_THROUGH,False
APP208982,DECLINE,POLICY_FAILURE,False
APP208983,AUTO_APPROVE,STANDARD_STRAIGHT_THROUGH,False
APP208984,AUTO_APPROVE,STANDARD_STRAIGHT_THROUGH,False
APP208985,DECLINE,POLICY_FAILURE,False
APP208986,DECLINE,POLICY_FAILURE,False
APP208987,AUTO_APPROVE,STANDARD_STRAIGHT_THROUGH,False
APP208988,DECLINE,POLICY_FAILURE,False
APP208989,AUTO_APPROVE,STANDARD_STRAIGHT_THROUGH,False
APP208990,AUTO_APPROVE,STANDARD_STRAIGHT_THROUGH,False
APP208991,AUTO_APPROVE,STANDARD_STRAIGHT_THROUGH,False
APP208992,AUTO_APPROVE,STANDARD_STRAIGHT_THROUGH,False
APP208993,DECLINE,POLICY_FAILURE,False
APP208994,AUTO_APPROVE,STANDARD_STRAIGHT_THROUGH,False
APP208995,AUTO_APPROVE,STANDARD_STRAIGHT_THROUGH,False
APP208996,AUTO_APPROVE,STANDARD_STRAIGHT_THROUGH,False
APP208997,AUTO_APPROVE,STANDARD_STRAIGHT_THROUGH,False
APP208998,AUTO_APPROVE,STANDARD_STRAIGHT_THROUGH,False
APP208999,AUTO_APPROVE,STANDARD_STRAIGHT_THROUGH,False
APP209000,AUTO_APPROVE,STANDARD_STRAIGHT_THROUGH,False
APP209001,DECLINE,POLICY_FAILURE,False
APP209002,DECLINE,POLICY_FAILURE,False
APP209003,AUTO_APPROVE,STANDARD_STRAIGHT_THROUGH,False
APP209004,DECLINE,POLICY_FAILURE,False
APP209005,AUTO_APPROVE,STANDARD_STRAIGHT_THROUGH,False
APP209006,DECLINE,POLICY_FAILURE,False
APP209007,DECLINE,POLICY_FAILURE,False
APP209008,AUTO_APPROVE,STANDARD_STRAIGHT_THROUGH,False
APP209009,DECLINE,POLICY_FAILURE,False
APP209010,AUTO_APPROVE,STANDARD_STRAIGHT_THROUGH,False
APP209011,AUTO_APPROVE,STANDARD_STRAIGHT_THROUGH,False
APP209012,AUTO_APPROVE,STANDARD_STRAIGHT_THROUGH,False
APP209013,AUTO_APPROVE,STANDARD_STRAIGHT_THROUGH,False
APP209014,AUTO_APPROVE,STANDARD_STRAIGHT_THROUGH,False
APP209015,AUTO_APPROVE,STANDARD_STRAIGHT_THROUGH,False
APP209016,DECLINE,POLICY_FAILURE,False
APP209017,DECLINE,POLICY_FAILURE,False
APP209018,DECLINE,POLICY_FAILURE,False
APP209019,AUTO_APPROVE,STANDARD_STRAIGHT_THROUGH,False
APP209020,AUTO_APPROVE,STANDARD_STRAIGHT_THROUGH,False
APP209021,DECLINE,POLICY_FAILURE,False
APP209022,AUTO_APPROVE,STANDARD_STRAIGHT_THROUGH,False
APP209023,AUTO_APPROVE,STANDARD_STRAIGHT_THROUGH,False
APP209024,AUTO_APPROVE,STANDARD_STRAIGHT_THROUGH,False
APP209025,AUTO_APPROVE,STANDARD_STRAIGHT_THROUGH,False
APP209026,DECLINE,POLICY_FAILURE,False
APP209027,DECLINE,POLICY_FAILURE,False
APP209028,AUTO_APPROVE,STANDARD_STRAIGHT_THROUGH,False
APP209029,DECLINE,POLICY_FAILURE,False
APP209030,AUTO_APPROVE,STANDARD_STRAIGHT_THROUGH,False
APP209031,DECLINE,POLICY_FAILURE,False
APP209032,AUTO_APPROVE,STANDARD_STRAIGHT_THROUGH,False
APP209033,AUTO_APPROVE,STANDARD_STRAIGHT_THROUGH,False
APP209034,AUTO_APPROVE,STANDARD_STRAIGHT_THROUGH,False
APP209035,AUTO_APPROVE,STANDARD_STRAIGHT_THROUGH,False
APP209036,DECLINE,POLICY_FAILURE,False
APP209037,AUTO_APPROVE,STANDARD_STRAIGHT_THROUGH,False
APP209038,AUTO_APPROVE,STANDARD_STRAIGHT_THROUGH,False
APP209039,AUTO_APPROVE,STANDARD_STRAIGHT_THROUGH,False
APP209040,DECLINE,POLICY_FAILURE,False
APP209041,AUTO_APPROVE,STANDARD_STRAIGHT_THROUGH,False
APP209042,DECLINE,POLICY_FAILURE,False
APP209043,AUTO_APPROVE,STANDARD_STRAIGHT_THROUGH,False
APP209044,AUTO_APPROVE,STANDARD_STRAIGHT_THROUGH,False
APP209045,AUTO_APPROVE,STANDARD_STRAIGHT_THROUGH,False
APP209046,DECLINE,POLICY_FAILURE,False
APP209047,AUTO_APPROVE,STANDARD_STRAIGHT_THROUGH,False
APP209048,AUTO_APPROVE,STANDARD_STRAIGHT_THROUGH,False
APP209049,AUTO_APPROVE,STANDARD_STRAIGHT_THROUGH,False
APP209050,AUTO_APPROVE,STANDARD_STRAIGHT_THROUGH,False
APP209051,AUTO_APPROVE,STANDARD_STRAIGHT_THROUGH,False
APP209052,AUTO_APPROVE,STANDARD_STRAIGHT_THROUGH,False
APP209053,DECLINE,POLICY_FAILURE,False
APP209054,AUTO_APPROVE,STANDARD_STRAIGHT_THROUGH,False
APP209055,HUMAN_REVIEW,LOW_DOCUMENT_CONFIDENCE,True
APP209056,AUTO_APPROVE,STANDARD_STRAIGHT_THROUGH,False
APP209057,AUTO_APPROVE,STANDARD_STRAIGHT_THROUGH,False
APP209058,AUTO_APPROVE,STANDARD_STRAIGHT_THROUGH,False
APP209059,DECLINE,POLICY_FAILURE,False
APP209060,AUTO_APPROVE,STANDARD_STRAIGHT_THROUGH,False
APP209061,AUTO_APPROVE,STANDARD_STRAIGHT_THROUGH,False
APP209062,AUTO_APPROVE,STANDARD_STRAIGHT_THROUGH,False
APP209063,AUTO_APPROVE,STANDARD_STRAIGHT_THROUGH,False
APP209064,AUTO_APPROVE,STANDARD_STRAIGHT_THROUGH,False
APP209065,DECLINE,POLICY_FAILURE,False
APP209066,AUTO_APPROVE,STANDARD_STRAIGHT_THROUGH,False
APP209067,AUTO_APPROVE,STANDARD_STRAIGHT_THROUGH,False
APP209068,AUTO_APPROVE,STANDARD_STRAIGHT_THROUGH,False
APP209069,DECLINE,POLICY_FAILURE,False
APP209070,DECLINE,POLICY_FAILURE,False
APP209071,AUTO_APPROVE,STANDARD_STRAIGHT_THROUGH,False
APP209072,DECLINE,POLICY_FAILURE,False
APP209073,AUTO_APPROVE,STANDARD_STRAIGHT_THROUGH,False
APP209074,DECLINE,POLICY_FAILURE,False
APP209075,DECLINE,POLICY_FAILURE,False
APP209076,AUTO_APPROVE,STANDARD_STRAIGHT_THROUGH,False
APP209077,AUTO_APPROVE,STANDARD_STRAIGHT_THROUGH,False
APP209078,DECLINE,POLICY_FAILURE,False
APP209079,AUTO_APPROVE,STANDARD_STRAIGHT_THROUGH,False
APP209080,DECLINE,POLICY_FAILURE,False
APP209081,DECLINE,POLICY_FAILURE,False
APP209082,DECLINE,POLICY_FAILURE,False
APP209083,DECLINE,POLICY_FAILURE,False
APP209084,AUTO_APPROVE,STANDARD_STRAIGHT_THROUGH,False
APP209085,AUTO_APPROVE,STANDARD_STRAIGHT_THROUGH,False
APP209086,DECLINE,POLICY_FAILURE,False
APP209087,AUTO_APPROVE,STANDARD_STRAIGHT_THROUGH,False
APP209088,DECLINE,POLICY_FAILURE,False
APP209089,AUTO_APPROVE,STANDARD_STRAIGHT_THROUGH,False
APP209090,AUTO_APPROVE,STANDARD_STRAIGHT_THROUGH,False
APP209091,AUTO_APPROVE,STANDARD_STRAIGHT_THROUGH,False
APP209092,AUTO_APPROVE,STANDARD_STRAIGHT_THROUGH,False
APP209093,AUTO_APPROVE,STANDARD_STRAIGHT_THROUGH,False
APP209094,DECLINE,POLICY_FAILURE,False
APP209095,AUTO_APPROVE,STANDARD_STRAIGHT_THROUGH,False
APP209096,AUTO_APPROVE,STANDARD_STRAIGHT_THROUGH,False
APP209097,AUTO_APPROVE,STANDARD_STRAIGHT_THROUGH,False
APP209098,AUTO_APPROVE,STANDARD_STRAIGHT_THROUGH,False
APP209099,AUTO_APPROVE,STANDARD_STRAIGHT_THROUGH,False
APP209100,AUTO_APPROVE,STANDARD_STRAIGHT_THROUGH,False
APP209101,DECLINE,POLICY_FAILURE,False
APP209102,DECLINE,POLICY_FAILURE,False
APP209103,AUTO_APPROVE,STANDARD_STRAIGHT_THROUGH,False
APP209104,AUTO_APPROVE,STANDARD_STRAIGHT_THROUGH,False
APP209105,AUTO_APPROVE,STANDARD_STRAIGHT_THROUGH,False
APP209106,DECLINE,POLICY_FAILURE,False
APP209107,AUTO_APPROVE,STANDARD_STRAIGHT_THROUGH,False
APP209108,AUTO_APPROVE,STANDARD_STRAIGHT_THROUGH,False
APP209109,DECLINE,POLICY_FAILURE,False
APP209110,AUTO_APPROVE,STANDARD_STRAIGHT_THROUGH,False
APP209111,DECLINE,POLICY_FAILURE,False
APP209112,AUTO_APPROVE,STANDARD_STRAIGHT_THROUGH,False
APP209113,DECLINE,POLICY_FAILURE,False
APP209114,AUTO_APPROVE,STANDARD_STRAIGHT_THROUGH,False
APP209115,DECLINE,POLICY_FAILURE,False
APP209116,AUTO_APPROVE,STANDARD_STRAIGHT_THROUGH,False
APP209117,DECLINE,POLICY_FAILURE,False
APP209118,AUTO_APPROVE,STANDARD_STRAIGHT_THROUGH,False
APP209119,AUTO_APPROVE,STANDARD_STRAIGHT_THROUGH,False
APP209120,AUTO_APPROVE,STANDARD_STRAIGHT_THROUGH,False
APP209121,AUTO_APPROVE,STANDARD_STRAIGHT_THROUGH,False
APP209122,DECLINE,POLICY_FAILURE,False
APP209123,DECLINE,POLICY_FAILURE,False
APP209124,AUTO_APPROVE,STANDARD_STRAIGHT_THROUGH,False
APP209125,DECLINE,POLICY_FAILURE,False
APP209126,DECLINE,POLICY_FAILURE,False
APP209127,DECLINE,POLICY_FAILURE,False
APP209128,DECLINE,POLICY_FAILURE,False
APP209129,AUTO_APPROVE,STANDARD_STRAIGHT_THROUGH,False
APP209130,AUTO_APPROVE,STANDARD_STRAIGHT_THROUGH,False
APP209131,AUTO_APPROVE,STANDARD_STRAIGHT_THROUGH,False
APP209132,DECLINE,POLICY_FAILURE,False
APP209133,AUTO_APPROVE,STANDARD_STRAIGHT_THROUGH,False
APP209134,AUTO_APPROVE,STANDARD_STRAIGHT_THROUGH,False
APP209135,DECLINE,POLICY_FAILURE,False
APP209136,DECLINE,POLICY_FAILURE,False
APP209137,DECLINE,POLICY_FAILURE,False
APP209138,DECLINE,POLICY_FAILURE,False
APP209139,AUTO_APPROVE,STANDARD_STRAIGHT_THROUGH,False
APP209140,AUTO_APPROVE,STANDARD_STRAIGHT_THROUGH,False
APP209141,AUTO_APPROVE,STANDARD_STRAIGHT_THROUGH,False
APP209142,DECLINE,POLICY_FAILURE,False
APP209143,AUTO_APPROVE,STANDARD_STRAIGHT_THROUGH,False
APP209144,AUTO_APPROVE,STANDARD_STRAIGHT_THROUGH,False
APP209145,DECLINE,POLICY_FAILURE,False
APP209146,AUTO_APPROVE,STANDARD_STRAIGHT_THROUGH,False
APP209147,DECLINE,POLICY_FAILURE,False
APP209148,AUTO_APPROVE,STANDARD_STRAIGHT_THROUGH,False
APP209149,DECLINE,POLICY_FAILURE,False
APP209150,DECLINE,POLICY_FAILURE,False
APP209151,AUTO_APPROVE,STANDARD_STRAIGHT_THROUGH,False
APP209152,AUTO_APPROVE,STANDARD_STRAIGHT_THROUGH,False
APP209153,AUTO_APPROVE,STANDARD_STRAIGHT_THROUGH,False
APP209154,AUTO_APPROVE,STANDARD_STRAIGHT_THROUGH,False
APP209155,AUTO_APPROVE,STANDARD_STRAIGHT_THROUGH,False
APP209156,AUTO_APPROVE,STANDARD_STRAIGHT_THROUGH,False
APP209157,DECLINE,POLICY_FAILURE,False
APP209158,AUTO_APPROVE,STANDARD_STRAIGHT_THROUGH,False
APP209159,AUTO_APPROVE,STANDARD_STRAIGHT_THROUGH,False
APP209160,DECLINE,POLICY_FAILURE,False
APP209161,AUTO_APPROVE,STANDARD_STRAIGHT_THROUGH,False
APP209162,DECLINE,POLICY_FAILURE,False
APP209163,DECLINE,POLICY_FAILURE,False
APP209164,DECLINE,POLICY_FAILURE,False
APP209165,AUTO_APPROVE,STANDARD_STRAIGHT_THROUGH,False
APP209166,AUTO_APPROVE,STANDARD_STRAIGHT_THROUGH,False
APP209167,AUTO_APPROVE,STANDARD_STRAIGHT_THROUGH,False
APP209168,AUTO_APPROVE,STANDARD_STRAIGHT_THROUGH,False
APP209169,HUMAN_REVIEW,LOW_DOCUMENT_CONFIDENCE,True
APP209170,AUTO_APPROVE,STANDARD_STRAIGHT_THROUGH,False
APP209171,AUTO_APPROVE,STANDARD_STRAIGHT_THROUGH,False
APP209172,DECLINE,POLICY_FAILURE,False
APP209173,AUTO_APPROVE,STANDARD_STRAIGHT_THROUGH,False
APP209174,AUTO_APPROVE,STANDARD_STRAIGHT_THROUGH,False
APP209175,DECLINE,POLICY_FAILURE,False
APP209176,AUTO_APPROVE,STANDARD_STRAIGHT_THROUGH,False
APP209177,HUMAN_REVIEW,LOW_DOCUMENT_CONFIDENCE,True
APP209178,AUTO_APPROVE,STANDARD_STRAIGHT_THROUGH,False
APP209179,DECLINE,POLICY_FAILURE,False
APP209180,DECLINE,POLICY_FAILURE,False
APP209181,AUTO_APPROVE,STANDARD_STRAIGHT_THROUGH,False
APP209182,AUTO_APPROVE,STANDARD_STRAIGHT_THROUGH,False
APP209183,AUTO_APPROVE,STANDARD_STRAIGHT_THROUGH,False
APP209184,AUTO_APPROVE,STANDARD_STRAIGHT_THROUGH,False
APP209185,AUTO_APPROVE,STANDARD_STRAIGHT_THROUGH,False
APP209186,AUTO_APPROVE,STANDARD_STRAIGHT_THROUGH,False
APP209187,AUTO_APPROVE,STANDARD_STRAIGHT_THROUGH,False
APP209188,DECLINE,POLICY_FAILURE,False
APP209189,DECLINE,POLICY_FAILURE,False
APP209190,DECLINE,POLICY_FAILURE,False
APP209191,AUTO_APPROVE,STANDARD_STRAIGHT_THROUGH,False
APP209192,HUMAN_REVIEW,LOW_DOCUMENT_CONFIDENCE,True
APP209193,DECLINE,POLICY_FAILURE,False
APP209194,AUTO_APPROVE,STANDARD_STRAIGHT_THROUGH,False
APP209195,DECLINE,POLICY_FAILURE,False
APP209196,DECLINE,POLICY_FAILURE,False
APP209197,AUTO_APPROVE,STANDARD_STRAIGHT_THROUGH,False
APP209198,AUTO_APPROVE,STANDARD_STRAIGHT_THROUGH,False
APP209199,AUTO_APPROVE,STANDARD_STRAIGHT_THROUGH,False
APP209200,AUTO_APPROVE,STANDARD_STRAIGHT_THROUGH,False
APP209201,AUTO_APPROVE,STANDARD_STRAIGHT_THROUGH,False
APP209202,DECLINE,POLICY_FAILURE,False
APP209203,AUTO_APPROVE,STANDARD_STRAIGHT_THROUGH,False
APP209204,DECLINE,POLICY_FAILURE,False
APP209205,DECLINE,POLICY_FAILURE,False
APP209206,AUTO_APPROVE,STANDARD_STRAIGHT_THROUGH,False
APP209207,AUTO_APPROVE,STANDARD_STRAIGHT_THROUGH,False
APP209208,AUTO_APPROVE,STANDARD_STRAIGHT_THROUGH,False
APP209209,AUTO_APPROVE,STANDARD_STRAIGHT_THROUGH,False
APP209210,AUTO_APPROVE,STANDARD_STRAIGHT_THROUGH,False
APP209211,AUTO_APPROVE,STANDARD_STRAIGHT_THROUGH,False
APP209212,DECLINE,POLICY_FAILURE,False
APP209213,DECLINE,POLICY_FAILURE,False
APP209214,AUTO_APPROVE,STANDARD_STRAIGHT_THROUGH,False
APP209215,AUTO_APPROVE,STANDARD_STRAIGHT_THROUGH,False
APP209216,AUTO_APPROVE,STANDARD_STRAIGHT_THROUGH,False
APP209217,AUTO_APPROVE,STANDARD_STRAIGHT_THROUGH,False
APP209218,AUTO_APPROVE,STANDARD_STRAIGHT_THROUGH,False
APP209219,DECLINE,POLICY_FAILURE,False
APP209220,DECLINE,POLICY_FAILURE,False
APP209221,AUTO_APPROVE,STANDARD_STRAIGHT_THROUGH,False
APP209222,AUTO_APPROVE,STANDARD_STRAIGHT_THROUGH,False
APP209223,AUTO_APPROVE,STANDARD_STRAIGHT_THROUGH,False
APP209224,AUTO_APPROVE,STANDARD_STRAIGHT_THROUGH,False
APP209225,AUTO_APPROVE,STANDARD_STRAIGHT_THROUGH,False
APP209226,AUTO_APPROVE,STANDARD_STRAIGHT_THROUGH,False
APP209227,DECLINE,POLICY_FAILURE,False
APP209228,AUTO_APPROVE,STANDARD_STRAIGHT_THROUGH,False
APP209229,AUTO_APPROVE,STANDARD_STRAIGHT_THROUGH,False
APP209230,AUTO_APPROVE,STANDARD_STRAIGHT_THROUGH,False
APP209231,AUTO_APPROVE,STANDARD_STRAIGHT_THROUGH,False
APP209232,DECLINE,POLICY_FAILURE,False
APP209233,AUTO_APPROVE,STANDARD_STRAIGHT_THROUGH,False
APP209234,AUTO_APPROVE,STANDARD_STRAIGHT_THROUGH,False
APP209235,AUTO_APPROVE,STANDARD_STRAIGHT_THROUGH,False
APP209236,AUTO_APPROVE,STANDARD_STRAIGHT_THROUGH,False
APP209237,DECLINE,POLICY_FAILURE,False
APP209238,DECLINE,POLICY_FAILURE,False
APP209239,DECLINE,POLICY_FAILURE,False
APP209240,DECLINE,POLICY_FAILURE,False
APP209241,DECLINE,POLICY_FAILURE,False
APP209242,AUTO_APPROVE,STANDARD_STRAIGHT_THROUGH,False
APP209243,DECLINE,POLICY_FAILURE,False
APP209244,AUTO_APPROVE,STANDARD_STRAIGHT_THROUGH,False
APP209245,AUTO_APPROVE,STANDARD_STRAIGHT_THROUGH,False
APP209246,AUTO_APPROVE,STANDARD_STRAIGHT_THROUGH,False
APP209247,DECLINE,POLICY_FAILURE,False
APP209248,DECLINE,POLICY_FAILURE,False
APP209249,DECLINE,POLICY_FAILURE,False
APP209250,AUTO_APPROVE,STANDARD_STRAIGHT_THROUGH,False
APP209251,AUTO_APPROVE,STANDARD_STRAIGHT_THROUGH,False
APP209252,AUTO_APPROVE,STANDARD_STRAIGHT_THROUGH,False
APP209253,DECLINE,POLICY_FAILURE,False
APP209254,DECLINE,POLICY_FAILURE,False
APP209255,DECLINE,POLICY_FAILURE,False
APP209256,DECLINE,POLICY_FAILURE,False
APP209257,AUTO_APPROVE,STANDARD_STRAIGHT_THROUGH,False
APP209258,AUTO_APPROVE,STANDARD_STRAIGHT_THROUGH,False
APP209259,DECLINE,POLICY_FAILURE,False
APP209260,DECLINE,POLICY_FAILURE,False
APP209261,AUTO_APPROVE,STANDARD_STRAIGHT_THROUGH,False
APP209262,DECLINE,POLICY_FAILURE,False
APP209263,AUTO_APPROVE,STANDARD_STRAIGHT_THROUGH,False
APP209264,DECLINE,POLICY_FAILURE,False
APP209265,AUTO_APPROVE,STANDARD_STRAIGHT_THROUGH,False
APP209266,AUTO_APPROVE,STANDARD_STRAIGHT_THROUGH,False
APP209267,DECLINE,POLICY_FAILURE,False
APP209268,DECLINE,POLICY_FAILURE,False
APP209269,AUTO_APPROVE,STANDARD_STRAIGHT_THROUGH,False
APP209270,AUTO_APPROVE,STANDARD_STRAIGHT_THROUGH,False
APP209271,AUTO_APPROVE,STANDARD_STRAIGHT_THROUGH,False
APP209272,AUTO_APPROVE,STANDARD_STRAIGHT_THROUGH,False
APP209273,DECLINE,POLICY_FAILURE,False
APP209274,AUTO_APPROVE,STANDARD_STRAIGHT_THROUGH,False
APP209275,AUTO_APPROVE,STANDARD_STRAIGHT_THROUGH,False
APP209276,AUTO_APPROVE,STANDARD_STRAIGHT_THROUGH,False
APP209277,AUTO_APPROVE,STANDARD_STRAIGHT_THROUGH,False
APP209278,DECLINE,POLICY_FAILURE,False
APP209279,AUTO_APPROVE,STANDARD_STRAIGHT_THROUGH,False
APP209280,DECLINE,POLICY_FAILURE,False
APP209281,AUTO_APPROVE,STANDARD_STRAIGHT_THROUGH,False
APP209282,DECLINE,POLICY_FAILURE,False
APP209283,AUTO_APPROVE,STANDARD_STRAIGHT_THROUGH,False
APP209284,DECLINE,POLICY_FAILURE,False
APP209285,AUTO_APPROVE,STANDARD_STRAIGHT_THROUGH,False
APP209286,AUTO_APPROVE,STANDARD_STRAIGHT_THROUGH,False
APP209287,DECLINE,POLICY_FAILURE,False
APP209288,AUTO_APPROVE,STANDARD_STRAIGHT_THROUGH,False
APP209289,AUTO_APPROVE,STANDARD_STRAIGHT_THROUGH,False
APP209290,AUTO_APPROVE,STANDARD_STRAIGHT_THROUGH,False
APP209291,AUTO_APPROVE,STANDARD_STRAIGHT_THROUGH,False
APP209292,AUTO_APPROVE,STANDARD_STRAIGHT_THROUGH,False
APP209293,DECLINE,POLICY_FAILURE,False
APP209294,AUTO_APPROVE,STANDARD_STRAIGHT_THROUGH,False
APP209295,AUTO_APPROVE,STANDARD_STRAIGHT_THROUGH,False
APP209296,AUTO_APPROVE,STANDARD_STRAIGHT_THROUGH,False
APP209297,DECLINE,POLICY_FAILURE,False
APP209298,AUTO_APPROVE,STANDARD_STRAIGHT_THROUGH,False
APP209299,DECLINE,POLICY_FAILURE,False
APP209300,AUTO_APPROVE,STANDARD_STRAIGHT_THROUGH,False
APP209301,AUTO_APPROVE,STANDARD_STRAIGHT_THROUGH,False
APP209302,DECLINE,POLICY_FAILURE,False
APP209303,DECLINE,POLICY_FAILURE,False
APP209304,DECLINE,POLICY_FAILURE,False
APP209305,AUTO_APPROVE,STANDARD_STRAIGHT_THROUGH,False
APP209306,DECLINE,POLICY_FAILURE,False
APP209307,AUTO_APPROVE,STANDARD_STRAIGHT_THROUGH,False
APP209308,AUTO_APPROVE,STANDARD_STRAIGHT_THROUGH,False
APP209309,DECLINE,POLICY_FAILURE,False
APP209310,DECLINE,POLICY_FAILURE,False
APP209311,AUTO_APPROVE,STANDARD_STRAIGHT_THROUGH,False
APP209312,AUTO_APPROVE,STANDARD_STRAIGHT_THROUGH,False
APP209313,DECLINE,POLICY_FAILURE,False
APP209314,AUTO_APPROVE,STANDARD_STRAIGHT_THROUGH,False
APP209315,AUTO_APPROVE,STANDARD_STRAIGHT_THROUGH,False
APP209316,AUTO_APPROVE,STANDARD_STRAIGHT_THROUGH,False
APP209317,AUTO_APPROVE,STANDARD_STRAIGHT_THROUGH,False
APP209318,AUTO_APPROVE,STANDARD_STRAIGHT_THROUGH,False
APP209319,DECLINE,POLICY_FAILURE,False
APP209320,DECLINE,POLICY_FAILURE,False
APP209321,AUTO_APPROVE,STANDARD_STRAIGHT_THROUGH,False
APP209322,AUTO_APPROVE,STANDARD_STRAIGHT_THROUGH,False
APP209323,DECLINE,POLICY_FAILURE,False
APP209324,AUTO_APPROVE,STANDARD_STRAIGHT_THROUGH,False
APP209325,AUTO_APPROVE,STANDARD_STRAIGHT_THROUGH,False
APP209326,AUTO_APPROVE,STANDARD_STRAIGHT_THROUGH,False
APP209327,AUTO_APPROVE,STANDARD_STRAIGHT_THROUGH,False
APP209328,AUTO_APPROVE,STANDARD_STRAIGHT_THROUGH,False
APP209329,AUTO_APPROVE,STANDARD_STRAIGHT_THROUGH,False
APP209330,DECLINE,POLICY_FAILURE,False
APP209331,AUTO_APPROVE,STANDARD_STRAIGHT_THROUGH,False
APP209332,AUTO_APPROVE,STANDARD_STRAIGHT_THROUGH,False
APP209333,DECLINE,POLICY_FAILURE,False
APP209334,AUTO_APPROVE,STANDARD_STRAIGHT_THROUGH,False
APP209335,AUTO_APPROVE,STANDARD_STRAIGHT_THROUGH,False
APP209336,AUTO_APPROVE,STANDARD_STRAIGHT_THROUGH,False
APP209337,AUTO_APPROVE,STANDARD_STRAIGHT_THROUGH,False
APP209338,AUTO_APPROVE,STANDARD_STRAIGHT_THROUGH,False
APP209339,AUTO_APPROVE,STANDARD_STRAIGHT_THROUGH,False
APP209340,AUTO_APPROVE,STANDARD_STRAIGHT_THROUGH,False
APP209341,DECLINE,POLICY_FAILURE,False
APP209342,AUTO_APPROVE,STANDARD_STRAIGHT_THROUGH,False
APP209343,DECLINE,POLICY_FAILURE,False
APP209344,AUTO_APPROVE,STANDARD_STRAIGHT_THROUGH,False
APP209345,DECLINE,POLICY_FAILURE,False
APP209346,AUTO_APPROVE,STANDARD_STRAIGHT_THROUGH,False
APP209347,AUTO_APPROVE,STANDARD_STRAIGHT_THROUGH,False
APP209348,DECLINE,POLICY_FAILURE,False
APP209349,DECLINE,POLICY_FAILURE,False
APP209350,AUTO_APPROVE,STANDARD_STRAIGHT_THROUGH,False
APP209351,AUTO_APPROVE,STANDARD_STRAIGHT_THROUGH,False
APP209352,AUTO_APPROVE,STANDARD_STRAIGHT_THROUGH,False
APP209353,AUTO_APPROVE,STANDARD_STRAIGHT_THROUGH,False
APP209354,AUTO_APPROVE,STANDARD_STRAIGHT_THROUGH,False
APP209355,AUTO_APPROVE,STANDARD_STRAIGHT_THROUGH,False
APP209356,DECLINE,POLICY_FAILURE,False
APP209357,AUTO_APPROVE,STANDARD_STRAIGHT_THROUGH,False
APP209358,AUTO_APPROVE,STANDARD_STRAIGHT_THROUGH,False
APP209359,AUTO_APPROVE,STANDARD_STRAIGHT_THROUGH,False
APP209360,AUTO_APPROVE,STANDARD_STRAIGHT_THROUGH,False
APP209361,AUTO_APPROVE,STANDARD_STRAIGHT_THROUGH,False
APP209362,AUTO_APPROVE,STANDARD_STRAIGHT_THROUGH,False
APP209363,AUTO_APPROVE,STANDARD_STRAIGHT_THROUGH,False
APP209364,HUMAN_REVIEW,LOW_DOCUMENT_CONFIDENCE,True
APP209365,DECLINE,POLICY_FAILURE,False
APP209366,AUTO_APPROVE,STANDARD_STRAIGHT_THROUGH,False
APP209367,AUTO_APPROVE,STANDARD_STRAIGHT_THROUGH,False
APP209368,DECLINE,POLICY_FAILURE,False
APP209369,AUTO_APPROVE,STANDARD_STRAIGHT_THROUGH,False
APP209370,AUTO_APPROVE,STANDARD_STRAIGHT_THROUGH,False
APP209371,AUTO_APPROVE,STANDARD_STRAIGHT_THROUGH,False
APP209372,AUTO_APPROVE,STANDARD_STRAIGHT_THROUGH,False
APP209373,AUTO_APPROVE,STANDARD_STRAIGHT_THROUGH,False
APP209374,AUTO_APPROVE,STANDARD_STRAIGHT_THROUGH,False
APP209375,AUTO_APPROVE,STANDARD_STRAIGHT_THROUGH,False
APP209376,DECLINE,POLICY_FAILURE,False
APP209377,DECLINE,POLICY_FAILURE,False
APP209378,AUTO_APPROVE,STANDARD_STRAIGHT_THROUGH,False
APP209379,AUTO_APPROVE,STANDARD_STRAIGHT_THROUGH,False
APP209380,AUTO_APPROVE,STANDARD_STRAIGHT_THROUGH,False
APP209381,AUTO_APPROVE,STANDARD_STRAIGHT_THROUGH,False
APP209382,AUTO_APPROVE,STANDARD_STRAIGHT_THROUGH,False
APP209383,AUTO_APPROVE,STANDARD_STRAIGHT_THROUGH,False
APP209384,HUMAN_REVIEW,MEDIUM_FRAUD_RISK,True
APP209385,DECLINE,POLICY_FAILURE,False
APP209386,AUTO_APPROVE,STANDARD_STRAIGHT_THROUGH,False
APP209387,DECLINE,POLICY_FAILURE,False
APP209388,AUTO_APPROVE,STANDARD_STRAIGHT_THROUGH,False
APP209389,AUTO_APPROVE,STANDARD_STRAIGHT_THROUGH,False
APP209390,AUTO_APPROVE,STANDARD_STRAIGHT_THROUGH,False
APP209391,AUTO_APPROVE,STANDARD_STRAIGHT_THROUGH,False
APP209392,AUTO_APPROVE,STANDARD_STRAIGHT_THROUGH,False
APP209393,AUTO_APPROVE,STANDARD_STRAIGHT_THROUGH,False
APP209394,DECLINE,POLICY_FAILURE,False
APP209395,AUTO_APPROVE,STANDARD_STRAIGHT_THROUGH,False
APP209396,AUTO_APPROVE,STANDARD_STRAIGHT_THROUGH,False
APP209397,AUTO_APPROVE,STANDARD_STRAIGHT_THROUGH,False
APP209398,DECLINE,POLICY_FAILURE,False
APP209399,AUTO_APPROVE,STANDARD_STRAIGHT_THROUGH,False
APP209400,AUTO_APPROVE,STANDARD_STRAIGHT_THROUGH,False
APP209401,DECLINE,POLICY_FAILURE,False
APP209402,AUTO_APPROVE,STANDARD_STRAIGHT_THROUGH,False
APP209403,AUTO_APPROVE,STANDARD_STRAIGHT_THROUGH,False
APP209404,DECLINE,POLICY_FAILURE,False
APP209405,AUTO_APPROVE,STANDARD_STRAIGHT_THROUGH,False
APP209406,AUTO_APPROVE,STANDARD_STRAIGHT_THROUGH,False
APP209407,DECLINE,POLICY_FAILURE,False
APP209408,AUTO_APPROVE,STANDARD_STRAIGHT_THROUGH,False
APP209409,AUTO_APPROVE,STANDARD_STRAIGHT_THROUGH,False
APP209410,AUTO_APPROVE,STANDARD_STRAIGHT_THROUGH,False
APP209411,AUTO_APPROVE,STANDARD_STRAIGHT_THROUGH,False
APP209412,AUTO_APPROVE,STANDARD_STRAIGHT_THROUGH,False
APP209413,AUTO_APPROVE,STANDARD_STRAIGHT_THROUGH,False
APP209414,DECLINE,POLICY_FAILURE,False
APP209415,DECLINE,POLICY_FAILURE,False
APP209416,AUTO_APPROVE,STANDARD_STRAIGHT_THROUGH,False
APP209417,AUTO_APPROVE,STANDARD_STRAIGHT_THROUGH,False
APP209418,DECLINE,POLICY_FAILURE,False
APP209419,AUTO_APPROVE,STANDARD_STRAIGHT_THROUGH,False
APP209420,DECLINE,POLICY_FAILURE,False
APP209421,AUTO_APPROVE,STANDARD_STRAIGHT_THROUGH,False
APP209422,AUTO_APPROVE,STANDARD_STRAIGHT_THROUGH,False
APP209423,AUTO_APPROVE,STANDARD_STRAIGHT_THROUGH,False
APP209424,AUTO_APPROVE,STANDARD_STRAIGHT_THROUGH,False
APP209425,DECLINE,POLICY_FAILURE,False
APP209426,DECLINE,POLICY_FAILURE,False
APP209427,AUTO_APPROVE,STANDARD_STRAIGHT_THROUGH,False
APP209428,DECLINE,POLICY_FAILURE,False
APP209429,AUTO_APPROVE,STANDARD_STRAIGHT_THROUGH,False
APP209430,AUTO_APPROVE,STANDARD_STRAIGHT_THROUGH,False
APP209431,AUTO_APPROVE,STANDARD_STRAIGHT_THROUGH,False
APP209432,DECLINE,POLICY_FAILURE,False
APP209433,DECLINE,POLICY_FAILURE,False
APP209434,DECLINE,POLICY_FAILURE,False
APP209435,AUTO_APPROVE,STANDARD_STRAIGHT_THROUGH,False
APP209436,AUTO_APPROVE,STANDARD_STRAIGHT_THROUGH,False
APP209437,AUTO_APPROVE,STANDARD_STRAIGHT_THROUGH,False
APP209438,AUTO_APPROVE,STANDARD_STRAIGHT_THROUGH,False
APP209439,DECLINE,POLICY_FAILURE,False
APP209440,AUTO_APPROVE,STANDARD_STRAIGHT_THROUGH,False
APP209441,AUTO_APPROVE,STANDARD_STRAIGHT_THROUGH,False
APP209442,AUTO_APPROVE,STANDARD_STRAIGHT_THROUGH,False
APP209443,AUTO_APPROVE,STANDARD_STRAIGHT_THROUGH,False
APP209444,AUTO_APPROVE,STANDARD_STRAIGHT_THROUGH,False
APP209445,AUTO_APPROVE,STANDARD_STRAIGHT_THROUGH,False
APP209446,DECLINE,POLICY_FAILURE,False
APP209447,AUTO_APPROVE,STANDARD_STRAIGHT_THROUGH,False
APP209448,AUTO_APPROVE,STANDARD_STRAIGHT_THROUGH,False
APP209449,DECLINE,POLICY_FAILURE,False
APP209450,DECLINE,POLICY_FAILURE,False
APP209451,DECLINE,POLICY_FAILURE,False
APP209452,DECLINE,POLICY_FAILURE,False
APP209453,AUTO_APPROVE,STANDARD_STRAIGHT_THROUGH,False
APP209454,AUTO_APPROVE,STANDARD_STRAIGHT_THROUGH,False
APP209455,DECLINE,POLICY_FAILURE,False
APP209456,DECLINE,POLICY_FAILURE,False
APP209457,DECLINE,POLICY_FAILURE,False
APP209458,AUTO_APPROVE,STANDARD_STRAIGHT_THROUGH,False
APP209459,AUTO_APPROVE,STANDARD_STRAIGHT_THROUGH,False
APP209460,DECLINE,POLICY_FAILURE,False
APP209461,DECLINE,POLICY_FAILURE,False
APP209462,AUTO_APPROVE,STANDARD_STRAIGHT_THROUGH,False
APP209463,DECLINE,POLICY_FAILURE,False
APP209464,AUTO_APPROVE,STANDARD_STRAIGHT_THROUGH,False
APP209465,AUTO_APPROVE,STANDARD_STRAIGHT_THROUGH,False
APP209466,DECLINE,POLICY_FAILURE,False
APP209467,DECLINE,POLICY_FAILURE,False
APP209468,AUTO_APPROVE,STANDARD_STRAIGHT_THROUGH,False
APP209469,AUTO_APPROVE,STANDARD_STRAIGHT_THROUGH,False
APP209470,AUTO_APPROVE,STANDARD_STRAIGHT_THROUGH,False
APP209471,AUTO_APPROVE,STANDARD_STRAIGHT_THROUGH,False
APP209472,AUTO_APPROVE,STANDARD_STRAIGHT_THROUGH,False
APP209473,DECLINE,POLICY_FAILURE,False
APP209474,DECLINE,POLICY_FAILURE,False
APP209475,DECLINE,POLICY_FAILURE,False
APP209476,AUTO_APPROVE,STANDARD_STRAIGHT_THROUGH,False
APP209477,AUTO_APPROVE,STANDARD_STRAIGHT_THROUGH,False
APP209478,AUTO_APPROVE,STANDARD_STRAIGHT_THROUGH,False
APP209479,DECLINE,POLICY_FAILURE,False
APP209480,DECLINE,POLICY_FAILURE,False
APP209481,AUTO_APPROVE,STANDARD_STRAIGHT_THROUGH,False
APP209482,AUTO_APPROVE,STANDARD_STRAIGHT_THROUGH,False
APP209483,DECLINE,POLICY_FAILURE,False
APP209484,DECLINE,POLICY_FAILURE,False
APP209485,AUTO_APPROVE,STANDARD_STRAIGHT_THROUGH,False
APP209486,AUTO_APPROVE,STANDARD_STRAIGHT_THROUGH,False
APP209487,AUTO_APPROVE,STANDARD_STRAIGHT_THROUGH,False
APP209488,AUTO_APPROVE,STANDARD_STRAIGHT_THROUGH,False
APP209489,AUTO_APPROVE,STANDARD_STRAIGHT_THROUGH,False
APP209490,AUTO_APPROVE,STANDARD_STRAIGHT_THROUGH,False
APP209491,DECLINE,POLICY_FAILURE,False
APP209492,AUTO_APPROVE,STANDARD_STRAIGHT_THROUGH,False
APP209493,DECLINE,POLICY_FAILURE,False
APP209494,DECLINE,POLICY_FAILURE,False
APP209495,AUTO_APPROVE,STANDARD_STRAIGHT_THROUGH,False
APP209496,DECLINE,POLICY_FAILURE,False
APP209497,DECLINE,POLICY_FAILURE,False
APP209498,AUTO_APPROVE,STANDARD_STRAIGHT_THROUGH,False
APP209499,AUTO_APPROVE,STANDARD_STRAIGHT_THROUGH,False
APP209500,AUTO_APPROVE,STANDARD_STRAIGHT_THROUGH,False
APP209501,DECLINE,POLICY_FAILURE,False
APP209502,DECLINE,POLICY_FAILURE,False
APP209503,AUTO_APPROVE,STANDARD_STRAIGHT_THROUGH,False
APP209504,AUTO_APPROVE,STANDARD_STRAIGHT_THROUGH,False
APP209505,AUTO_APPROVE,STANDARD_STRAIGHT_THROUGH,False
APP209506,AUTO_APPROVE,STANDARD_STRAIGHT_THROUGH,False
APP209507,AUTO_APPROVE,STANDARD_STRAIGHT_THROUGH,False
APP209508,AUTO_APPROVE,STANDARD_STRAIGHT_THROUGH,False
APP209509,AUTO_APPROVE,STANDARD_STRAIGHT_THROUGH,False
APP209510,AUTO_APPROVE,STANDARD_STRAIGHT_THROUGH,False
APP209511,AUTO_APPROVE,STANDARD_STRAIGHT_THROUGH,False
APP209512,AUTO_APPROVE,STANDARD_STRAIGHT_THROUGH,False
APP209513,DECLINE,POLICY_FAILURE,False
APP209514,AUTO_APPROVE,STANDARD_STRAIGHT_THROUGH,False
APP209515,DECLINE,POLICY_FAILURE,False
APP209516,AUTO_APPROVE,STANDARD_STRAIGHT_THROUGH,False
APP209517,DECLINE,POLICY_FAILURE,False
APP209518,AUTO_APPROVE,STANDARD_STRAIGHT_THROUGH,False
APP209519,DECLINE,POLICY_FAILURE,False
APP209520,AUTO_APPROVE,STANDARD_STRAIGHT_THROUGH,False
APP209521,HUMAN_REVIEW,LOW_DOCUMENT_CONFIDENCE,True
APP209522,AUTO_APPROVE,STANDARD_STRAIGHT_THROUGH,False
APP209523,DECLINE,POLICY_FAILURE,False
APP209524,AUTO_APPROVE,STANDARD_STRAIGHT_THROUGH,False
APP209525,AUTO_APPROVE,STANDARD_STRAIGHT_THROUGH,False
APP209526,AUTO_APPROVE,STANDARD_STRAIGHT_THROUGH,False
APP209527,AUTO_APPROVE,STANDARD_STRAIGHT_THROUGH,False
APP209528,AUTO_APPROVE,STANDARD_STRAIGHT_THROUGH,False
APP209529,DECLINE,POLICY_FAILURE,False
APP209530,AUTO_APPROVE,STANDARD_STRAIGHT_THROUGH,False
APP209531,AUTO_APPROVE,STANDARD_STRAIGHT_THROUGH,False
APP209532,AUTO_APPROVE,STANDARD_STRAIGHT_THROUGH,False
APP209533,AUTO_APPROVE,STANDARD_STRAIGHT_THROUGH,False
APP209534,AUTO_APPROVE,STANDARD_STRAIGHT_THROUGH,False
APP209535,DECLINE,POLICY_FAILURE,False
APP209536,AUTO_APPROVE,STANDARD_STRAIGHT_THROUGH,False
APP209537,DECLINE,POLICY_FAILURE,False
APP209538,DECLINE,POLICY_FAILURE,False
APP209539,DECLINE,POLICY_FAILURE,False
APP209540,AUTO_APPROVE,STANDARD_STRAIGHT_THROUGH,False
APP209541,DECLINE,POLICY_FAILURE,False
APP209542,AUTO_APPROVE,STANDARD_STRAIGHT_THROUGH,False
APP209543,AUTO_APPROVE,STANDARD_STRAIGHT_THROUGH,False
APP209544,DECLINE,POLICY_FAILURE,False
APP209545,AUTO_APPROVE,STANDARD_STRAIGHT_THROUGH,False
APP209546,AUTO_APPROVE,STANDARD_STRAIGHT_THROUGH,False
APP209547,DECLINE,POLICY_FAILURE,False
APP209548,AUTO_APPROVE,STANDARD_STRAIGHT_THROUGH,False
APP209549,AUTO_APPROVE,STANDARD_STRAIGHT_THROUGH,False
APP209550,AUTO_APPROVE,STANDARD_STRAIGHT_THROUGH,False
APP209551,AUTO_APPROVE,STANDARD_STRAIGHT_THROUGH,False
APP209552,DECLINE,POLICY_FAILURE,False
APP209553,DECLINE,POLICY_FAILURE,False
APP209554,AUTO_APPROVE,STANDARD_STRAIGHT_THROUGH,False
APP209555,AUTO_APPROVE,STANDARD_STRAIGHT_THROUGH,False
APP209556,AUTO_APPROVE,STANDARD_STRAIGHT_THROUGH,False
APP209557,AUTO_APPROVE,STANDARD_STRAIGHT_THROUGH,False
APP209558,DECLINE,POLICY_FAILURE,False
APP209559,AUTO_APPROVE,STANDARD_STRAIGHT_THROUGH,False
APP209560,AUTO_APPROVE,STANDARD_STRAIGHT_THROUGH,False
APP209561,DECLINE,POLICY_FAILURE,False
APP209562,AUTO_APPROVE,STANDARD_STRAIGHT_THROUGH,False
APP209563,AUTO_APPROVE,STANDARD_STRAIGHT_THROUGH,False
APP209564,AUTO_APPROVE,STANDARD_STRAIGHT_THROUGH,False
APP209565,AUTO_APPROVE,STANDARD_STRAIGHT_THROUGH,False
APP209566,AUTO_APPROVE,STANDARD_STRAIGHT_THROUGH,False
APP209567,DECLINE,POLICY_FAILURE,False
APP209568,DECLINE,POLICY_FAILURE,False
APP209569,DECLINE,POLICY_FAILURE,False
APP209570,DECLINE,POLICY_FAILURE,False
APP209571,DECLINE,POLICY_FAILURE,False
APP209572,AUTO_APPROVE,STANDARD_STRAIGHT_THROUGH,False
APP209573,AUTO_APPROVE,STANDARD_STRAIGHT_THROUGH,False
APP209574,AUTO_APPROVE,STANDARD_STRAIGHT_THROUGH,False
APP209575,DECLINE,POLICY_FAILURE,False
APP209576,DECLINE,POLICY_FAILURE,False
APP209577,AUTO_APPROVE,STANDARD_STRAIGHT_THROUGH,False
APP209578,DECLINE,POLICY_FAILURE,False
APP209579,DECLINE,POLICY_FAILURE,False
APP209580,DECLINE,POLICY_FAILURE,False
APP209581,AUTO_APPROVE,STANDARD_STRAIGHT_THROUGH,False
APP209582,AUTO_APPROVE,STANDARD_STRAIGHT_THROUGH,False
APP209583,AUTO_APPROVE,STANDARD_STRAIGHT_THROUGH,False
APP209584,DECLINE,POLICY_FAILURE,False
APP209585,DECLINE,POLICY_FAILURE,False
APP209586,DECLINE,POLICY_FAILURE,False
APP209587,DECLINE,POLICY_FAILURE,False
APP209588,AUTO_APPROVE,STANDARD_STRAIGHT_THROUGH,False
APP209589,DECLINE,POLICY_FAILURE,False
APP209590,DECLINE,POLICY_FAILURE,False
APP209591,DECLINE,POLICY_FAILURE,False
APP209592,DECLINE,POLICY_FAILURE,False
APP209593,AUTO_APPROVE,STANDARD_STRAIGHT_THROUGH,False
APP209594,AUTO_APPROVE,STANDARD_STRAIGHT_THROUGH,False
APP209595,AUTO_APPROVE,STANDARD_STRAIGHT_THROUGH,False
APP209596,DECLINE,POLICY_FAILURE,False
APP209597,DECLINE,POLICY_FAILURE,False
APP209598,AUTO_APPROVE,STANDARD_STRAIGHT_THROUGH,False
APP209599,AUTO_APPROVE,STANDARD_STRAIGHT_THROUGH,False
APP209600,AUTO_APPROVE,STANDARD_STRAIGHT_THROUGH,False
APP209601,AUTO_APPROVE,STANDARD_STRAIGHT_THROUGH,False
APP209602,AUTO_APPROVE,STANDARD_STRAIGHT_THROUGH,False
APP209603,DECLINE,POLICY_FAILURE,False
APP209604,DECLINE,POLICY_FAILURE,False
APP209605,AUTO_APPROVE,STANDARD_STRAIGHT_THROUGH,False
APP209606,DECLINE,POLICY_FAILURE,False
APP209607,AUTO_APPROVE,STANDARD_STRAIGHT_THROUGH,False
APP209608,DECLINE,POLICY_FAILURE,False
APP209609,AUTO_APPROVE,STANDARD_STRAIGHT_THROUGH,False
APP209610,AUTO_APPROVE,STANDARD_STRAIGHT_THROUGH,False
APP209611,DECLINE,POLICY_FAILURE,False
APP209612,AUTO_APPROVE,STANDARD_STRAIGHT_THROUGH,False
APP209613,AUTO_APPROVE,STANDARD_STRAIGHT_THROUGH,False
APP209614,AUTO_APPROVE,STANDARD_STRAIGHT_THROUGH,False
APP209615,AUTO_APPROVE,STANDARD_STRAIGHT_THROUGH,False
APP209616,AUTO_APPROVE,STANDARD_STRAIGHT_THROUGH,False
APP209617,AUTO_APPROVE,STANDARD_STRAIGHT_THROUGH,False
APP209618,DECLINE,POLICY_FAILURE,False
APP209619,DECLINE,POLICY_FAILURE,False
APP209620,DECLINE,POLICY_FAILURE,False
APP209621,AUTO_APPROVE,STANDARD_STRAIGHT_THROUGH,False
APP209622,DECLINE,POLICY_FAILURE,False
APP209623,AUTO_APPROVE,STANDARD_STRAIGHT_THROUGH,False
APP209624,AUTO_APPROVE,STANDARD_STRAIGHT_THROUGH,False
APP209625,AUTO_APPROVE,STANDARD_STRAIGHT_THROUGH,False
APP209626,AUTO_APPROVE,STANDARD_STRAIGHT_THROUGH,False
APP209627,AUTO_APPROVE,STANDARD_STRAIGHT_THROUGH,False
APP209628,AUTO_APPROVE,STANDARD_STRAIGHT_THROUGH,False
APP209629,DECLINE,POLICY_FAILURE,False
APP209630,DECLINE,POLICY_FAILURE,False
APP209631,DECLINE,POLICY_FAILURE,False
APP209632,AUTO_APPROVE,STANDARD_STRAIGHT_THROUGH,False
APP209633,DECLINE,POLICY_FAILURE,False
APP209634,AUTO_APPROVE,STANDARD_STRAIGHT_THROUGH,False
APP209635,DECLINE,POLICY_FAILURE,False
APP209636,AUTO_APPROVE,STANDARD_STRAIGHT_THROUGH,False
APP209637,DECLINE,POLICY_FAILURE,False
APP209638,AUTO_APPROVE,STANDARD_STRAIGHT_THROUGH,False
APP209639,AUTO_APPROVE,STANDARD_STRAIGHT_THROUGH,False
APP209640,DECLINE,POLICY_FAILURE,False
APP209641,AUTO_APPROVE,STANDARD_STRAIGHT_THROUGH,False
APP209642,AUTO_APPROVE,STANDARD_STRAIGHT_THROUGH,False
APP209643,DECLINE,POLICY_FAILURE,False
APP209644,AUTO_APPROVE,STANDARD_STRAIGHT_THROUGH,False
APP209645,AUTO_APPROVE,STANDARD_STRAIGHT_THROUGH,False
APP209646,AUTO_APPROVE,STANDARD_STRAIGHT_THROUGH,False
APP209647,AUTO_APPROVE,STANDARD_STRAIGHT_THROUGH,False
APP209648,DECLINE,POLICY_FAILURE,False
APP209649,AUTO_APPROVE,STANDARD_STRAIGHT_THROUGH,False
APP209650,AUTO_APPROVE,STANDARD_STRAIGHT_THROUGH,False
APP209651,DECLINE,POLICY_FAILURE,False
APP209652,DECLINE,POLICY_FAILURE,False
APP209653,AUTO_APPROVE,STANDARD_STRAIGHT_THROUGH,False
APP209654,AUTO_APPROVE,STANDARD_STRAIGHT_THROUGH,False
APP209655,DECLINE,POLICY_FAILURE,False
APP209656,AUTO_APPROVE,STANDARD_STRAIGHT_THROUGH,False
APP209657,DECLINE,POLICY_FAILURE,False
APP209658,DECLINE,POLICY_FAILURE,False
APP209659,DECLINE,POLICY_FAILURE,False
APP209660,AUTO_APPROVE,STANDARD_STRAIGHT_THROUGH,False
APP209661,AUTO_APPROVE,STANDARD_STRAIGHT_THROUGH,False
APP209662,DECLINE,POLICY_FAILURE,False
APP209663,AUTO_APPROVE,STANDARD_STRAIGHT_THROUGH,False
APP209664,AUTO_APPROVE,STANDARD_STRAIGHT_THROUGH,False
APP209665,DECLINE,POLICY_FAILURE,False
APP209666,AUTO_APPROVE,STANDARD_STRAIGHT_THROUGH,False
APP209667,AUTO_APPROVE,STANDARD_STRAIGHT_THROUGH,False
APP209668,HUMAN_REVIEW,LOW_DOCUMENT_CONFIDENCE,True
APP209669,DECLINE,POLICY_FAILURE,False
APP209670,AUTO_APPROVE,STANDARD_STRAIGHT_THROUGH,False
APP209671,DECLINE,POLICY_FAILURE,False
APP209672,AUTO_APPROVE,STANDARD_STRAIGHT_THROUGH,False
APP209673,DECLINE,POLICY_FAILURE,False
APP209674,DECLINE,POLICY_FAILURE,False
APP209675,AUTO_APPROVE,STANDARD_STRAIGHT_THROUGH,False
APP209676,DECLINE,POLICY_FAILURE,False
APP209677,AUTO_APPROVE,STANDARD_STRAIGHT_THROUGH,False
APP209678,AUTO_APPROVE,STANDARD_STRAIGHT_THROUGH,False
APP209679,AUTO_APPROVE,STANDARD_STRAIGHT_THROUGH,False
APP209680,AUTO_APPROVE,STANDARD_STRAIGHT_THROUGH,False
APP209681,AUTO_APPROVE,STANDARD_STRAIGHT_THROUGH,False
APP209682,DECLINE,POLICY_FAILURE,False
APP209683,AUTO_APPROVE,STANDARD_STRAIGHT_THROUGH,False
APP209684,AUTO_APPROVE,STANDARD_STRAIGHT_THROUGH,False
APP209685,AUTO_APPROVE,STANDARD_STRAIGHT_THROUGH,False
APP209686,AUTO_APPROVE,STANDARD_STRAIGHT_THROUGH,False
APP209687,AUTO_APPROVE,STANDARD_STRAIGHT_THROUGH,False
APP209688,AUTO_APPROVE,STANDARD_STRAIGHT_THROUGH,False
APP209689,AUTO_APPROVE,STANDARD_STRAIGHT_THROUGH,False
APP209690,AUTO_APPROVE,STANDARD_STRAIGHT_THROUGH,False
APP209691,AUTO_APPROVE,STANDARD_STRAIGHT_THROUGH,False
APP209692,AUTO_APPROVE,STANDARD_STRAIGHT_THROUGH,False
APP209693,DECLINE,POLICY_FAILURE,False
APP209694,DECLINE,POLICY_FAILURE,False
APP209695,AUTO_APPROVE,STANDARD_STRAIGHT_THROUGH,False
APP209696,AUTO_APPROVE,STANDARD_STRAIGHT_THROUGH,False
APP209697,AUTO_APPROVE,STANDARD_STRAIGHT_THROUGH,False
APP209698,DECLINE,POLICY_FAILURE,False
APP209699,AUTO_APPROVE,STANDARD_STRAIGHT_THROUGH,False
APP209700,DECLINE,POLICY_FAILURE,False
APP209701,DECLINE,POLICY_FAILURE,False
APP209702,AUTO_APPROVE,STANDARD_STRAIGHT_THROUGH,False
APP209703,AUTO_APPROVE,STANDARD_STRAIGHT_THROUGH,False
APP209704,DECLINE,POLICY_FAILURE,False
APP209705,AUTO_APPROVE,STANDARD_STRAIGHT_THROUGH,False
APP209706,DECLINE,POLICY_FAILURE,False
APP209707,AUTO_APPROVE,STANDARD_STRAIGHT_THROUGH,False
APP209708,AUTO_APPROVE,STANDARD_STRAIGHT_THROUGH,False
APP209709,DECLINE,POLICY_FAILURE,False
APP209710,AUTO_APPROVE,STANDARD_STRAIGHT_THROUGH,False
APP209711,DECLINE,POLICY_FAILURE,False
APP209712,AUTO_APPROVE,STANDARD_STRAIGHT_THROUGH,False
APP209713,DECLINE,POLICY_FAILURE,False
APP209714,AUTO_APPROVE,STANDARD_STRAIGHT_THROUGH,False
APP209715,AUTO_APPROVE,STANDARD_STRAIGHT_THROUGH,False
APP209716,AUTO_APPROVE,STANDARD_STRAIGHT_THROUGH,False
APP209717,AUTO_APPROVE,STANDARD_STRAIGHT_THROUGH,False
APP209718,AUTO_APPROVE,STANDARD_STRAIGHT_THROUGH,False
APP209719,AUTO_APPROVE,STANDARD_STRAIGHT_THROUGH,False
APP209720,DECLINE,POLICY_FAILURE,False
APP209721,DECLINE,POLICY_FAILURE,False
APP209722,DECLINE,POLICY_FAILURE,False
APP209723,AUTO_APPROVE,STANDARD_STRAIGHT_THROUGH,False
APP209724,AUTO_APPROVE,STANDARD_STRAIGHT_THROUGH,False
APP209725,AUTO_APPROVE,STANDARD_STRAIGHT_THROUGH,False
APP209726,AUTO_APPROVE,STANDARD_STRAIGHT_THROUGH,False
APP209727,DECLINE,POLICY_FAILURE,False
APP209728,AUTO_APPROVE,STANDARD_STRAIGHT_THROUGH,False
APP209729,DECLINE,POLICY_FAILURE,False
APP209730,DECLINE,POLICY_FAILURE,False
APP209731,AUTO_APPROVE,STANDARD_STRAIGHT_THROUGH,False
APP209732,AUTO_APPROVE,STANDARD_STRAIGHT_THROUGH,False
APP209733,AUTO_APPROVE,STANDARD_STRAIGHT_THROUGH,False
APP209734,DECLINE,POLICY_FAILURE,False
APP209735,AUTO_APPROVE,STANDARD_STRAIGHT_THROUGH,False
APP209736,DECLINE,POLICY_FAILURE,False
APP209737,AUTO_APPROVE,STANDARD_STRAIGHT_THROUGH,False
APP209738,AUTO_APPROVE,STANDARD_STRAIGHT_THROUGH,False
APP209739,DECLINE,POLICY_FAILURE,False
APP209740,AUTO_APPROVE,STANDARD_STRAIGHT_THROUGH,False
APP209741,DECLINE,POLICY_FAILURE,False
APP209742,DECLINE,POLICY_FAILURE,False
APP209743,DECLINE,POLICY_FAILURE,False
APP209744,AUTO_APPROVE,STANDARD_STRAIGHT_THROUGH,False
APP209745,AUTO_APPROVE,STANDARD_STRAIGHT_THROUGH,False
APP209746,AUTO_APPROVE,STANDARD_STRAIGHT_THROUGH,False
APP209747,AUTO_APPROVE,STANDARD_STRAIGHT_THROUGH,False
APP209748,AUTO_APPROVE,STANDARD_STRAIGHT_THROUGH,False
APP209749,DECLINE,POLICY_FAILURE,False
APP209750,AUTO_APPROVE,STANDARD_STRAIGHT_THROUGH,False
APP209751,AUTO_APPROVE,STANDARD_STRAIGHT_THROUGH,False
APP209752,DECLINE,POLICY_FAILURE,False
APP209753,AUTO_APPROVE,STANDARD_STRAIGHT_THROUGH,False
APP209754,AUTO_APPROVE,STANDARD_STRAIGHT_THROUGH,False
APP209755,DECLINE,POLICY_FAILURE,False
APP209756,AUTO_APPROVE,STANDARD_STRAIGHT_THROUGH,False
APP209757,AUTO_APPROVE,STANDARD_STRAIGHT_THROUGH,False
APP209758,DECLINE,POLICY_FAILURE,False
APP209759,DECLINE,POLICY_FAILURE,False
APP209760,AUTO_APPROVE,STANDARD_STRAIGHT_THROUGH,False
APP209761,DECLINE,POLICY_FAILURE,False
APP209762,AUTO_APPROVE,STANDARD_STRAIGHT_THROUGH,False
APP209763,AUTO_APPROVE,STANDARD_STRAIGHT_THROUGH,False
APP209764,AUTO_APPROVE,STANDARD_STRAIGHT_THROUGH,False
APP209765,AUTO_APPROVE,STANDARD_STRAIGHT_THROUGH,False
APP209766,AUTO_APPROVE,STANDARD_STRAIGHT_THROUGH,False
APP209767,AUTO_APPROVE,STANDARD_STRAIGHT_THROUGH,False
APP209768,AUTO_APPROVE,STANDARD_STRAIGHT_THROUGH,False
APP209769,DECLINE,POLICY_FAILURE,False
APP209770,AUTO_APPROVE,STANDARD_STRAIGHT_THROUGH,False
APP209771,DECLINE,POLICY_FAILURE,False
APP209772,AUTO_APPROVE,STANDARD_STRAIGHT_THROUGH,False
APP209773,DECLINE,POLICY_FAILURE,False
APP209774,AUTO_APPROVE,STANDARD_STRAIGHT_THROUGH,False
APP209775,AUTO_APPROVE,STANDARD_STRAIGHT_THROUGH,False
APP209776,AUTO_APPROVE,STANDARD_STRAIGHT_THROUGH,False
APP209777,AUTO_APPROVE,STANDARD_STRAIGHT_THROUGH,False
APP209778,DECLINE,POLICY_FAILURE,False
APP209779,AUTO_APPROVE,STANDARD_STRAIGHT_THROUGH,False
APP209780,DECLINE,POLICY_FAILURE,False
APP209781,AUTO_APPROVE,STANDARD_STRAIGHT_THROUGH,False
APP209782,AUTO_APPROVE,STANDARD_STRAIGHT_THROUGH,False
APP209783,AUTO_APPROVE,STANDARD_STRAIGHT_THROUGH,False
APP209784,AUTO_APPROVE,STANDARD_STRAIGHT_THROUGH,False
APP209785,DECLINE,POLICY_FAILURE,False
APP209786,AUTO_APPROVE,STANDARD_STRAIGHT_THROUGH,False
APP209787,AUTO_APPROVE,STANDARD_STRAIGHT_THROUGH,False
APP209788,HUMAN_REVIEW,LOW_DOCUMENT_CONFIDENCE,True
APP209789,DECLINE,POLICY_FAILURE,False
APP209790,DECLINE,POLICY_FAILURE,False
APP209791,AUTO_APPROVE,STANDARD_STRAIGHT_THROUGH,False
APP209792,AUTO_APPROVE,STANDARD_STRAIGHT_THROUGH,False
APP209793,AUTO_APPROVE,STANDARD_STRAIGHT_THROUGH,False
APP209794,AUTO_APPROVE,STANDARD_STRAIGHT_THROUGH,False
APP209795,DECLINE,POLICY_FAILURE,False
APP209796,DECLINE,POLICY_FAILURE,False
APP209797,DECLINE,POLICY_FAILURE,False
APP209798,AUTO_APPROVE,STANDARD_STRAIGHT_THROUGH,False
APP209799,AUTO_APPROVE,STANDARD_STRAIGHT_THROUGH,False
APP209800,AUTO_APPROVE,STANDARD_STRAIGHT_THROUGH,False
APP209801,AUTO_APPROVE,STANDARD_STRAIGHT_THROUGH,False
APP209802,AUTO_APPROVE,STANDARD_STRAIGHT_THROUGH,False
APP209803,AUTO_APPROVE,STANDARD_STRAIGHT_THROUGH,False
APP209804,DECLINE,POLICY_FAILURE,False
APP209805,AUTO_APPROVE,STANDARD_STRAIGHT_THROUGH,False
APP209806,DECLINE,POLICY_FAILURE,False
APP209807,DECLINE,POLICY_FAILURE,False
APP209808,AUTO_APPROVE,STANDARD_STRAIGHT_THROUGH,False
APP209809,DECLINE,POLICY_FAILURE,False
APP209810,DECLINE,POLICY_FAILURE,False
APP209811,AUTO_APPROVE,STANDARD_STRAIGHT_THROUGH,False
APP209812,AUTO_APPROVE,STANDARD_STRAIGHT_THROUGH,False
APP209813,AUTO_APPROVE,STANDARD_STRAIGHT_THROUGH,False
APP209814,DECLINE,POLICY_FAILURE,False
APP209815,AUTO_APPROVE,STANDARD_STRAIGHT_THROUGH,False
APP209816,AUTO_APPROVE,STANDARD_STRAIGHT_THROUGH,False
APP209817,DECLINE,POLICY_FAILURE,False
APP209818,DECLINE,POLICY_FAILURE,False
APP209819,AUTO_APPROVE,STANDARD_STRAIGHT_THROUGH,False
APP209820,AUTO_APPROVE,STANDARD_STRAIGHT_THROUGH,False
APP209821,DECLINE,POLICY_FAILURE,False
APP209822,DECLINE,POLICY_FAILURE,False
APP209823,DECLINE,POLICY_FAILURE,False
APP209824,AUTO_APPROVE,STANDARD_STRAIGHT_THROUGH,False
APP209825,DECLINE,POLICY_FAILURE,False
APP209826,DECLINE,POLICY_FAILURE,False
APP209827,AUTO_APPROVE,STANDARD_STRAIGHT_THROUGH,False
APP209828,AUTO_APPROVE,STANDARD_STRAIGHT_THROUGH,False
APP209829,AUTO_APPROVE,STANDARD_STRAIGHT_THROUGH,False
APP209830,AUTO_APPROVE,STANDARD_STRAIGHT_THROUGH,False
APP209831,AUTO_APPROVE,STANDARD_STRAIGHT_THROUGH,False
APP209832,DECLINE,POLICY_FAILURE,False
APP209833,AUTO_APPROVE,STANDARD_STRAIGHT_THROUGH,False
APP209834,AUTO_APPROVE,STANDARD_STRAIGHT_THROUGH,False
APP209835,DECLINE,POLICY_FAILURE,False
APP209836,DECLINE,POLICY_FAILURE,False
APP209837,AUTO_APPROVE,STANDARD_STRAIGHT_THROUGH,False
APP209838,DECLINE,POLICY_FAILURE,False
APP209839,AUTO_APPROVE,STANDARD_STRAIGHT_THROUGH,False
APP209840,AUTO_APPROVE,STANDARD_STRAIGHT_THROUGH,False
APP209841,AUTO_APPROVE,STANDARD_STRAIGHT_THROUGH,False
APP209842,AUTO_APPROVE,STANDARD_STRAIGHT_THROUGH,False
APP209843,DECLINE,POLICY_FAILURE,False
APP209844,AUTO_APPROVE,STANDARD_STRAIGHT_THROUGH,False
APP209845,DECLINE,POLICY_FAILURE,False
APP209846,DECLINE,POLICY_FAILURE,False
APP209847,AUTO_APPROVE,STANDARD_STRAIGHT_THROUGH,False
APP209848,DECLINE,POLICY_FAILURE,False
APP209849,DECLINE,POLICY_FAILURE,False
APP209850,DECLINE,POLICY_FAILURE,False
APP209851,DECLINE,POLICY_FAILURE,False
APP209852,AUTO_APPROVE,STANDARD_STRAIGHT_THROUGH,False
APP209853,AUTO_APPROVE,STANDARD_STRAIGHT_THROUGH,False
APP209854,DECLINE,POLICY_FAILURE,False
APP209855,AUTO_APPROVE,STANDARD_STRAIGHT_THROUGH,False
APP209856,AUTO_APPROVE,STANDARD_STRAIGHT_THROUGH,False
APP209857,AUTO_APPROVE,STANDARD_STRAIGHT_THROUGH,False
APP209858,AUTO_APPROVE,STANDARD_STRAIGHT_THROUGH,False
APP209859,HUMAN_REVIEW,LOW_DOCUMENT_CONFIDENCE,True
APP209860,DECLINE,POLICY_FAILURE,False
APP209861,AUTO_APPROVE,STANDARD_STRAIGHT_THROUGH,False
APP209862,AUTO_APPROVE,STANDARD_STRAIGHT_THROUGH,False
APP209863,AUTO_APPROVE,STANDARD_STRAIGHT_THROUGH,False
APP209864,AUTO_APPROVE,STANDARD_STRAIGHT_THROUGH,False
APP209865,DECLINE,POLICY_FAILURE,False
APP209866,AUTO_APPROVE,STANDARD_STRAIGHT_THROUGH,False
APP209867,DECLINE,POLICY_FAILURE,False
APP209868,AUTO_APPROVE,STANDARD_STRAIGHT_THROUGH,False
APP209869,AUTO_APPROVE,STANDARD_STRAIGHT_THROUGH,False
APP209870,DECLINE,POLICY_FAILURE,False
APP209871,DECLINE,POLICY_FAILURE,False
APP209872,DECLINE,POLICY_FAILURE,False
APP209873,AUTO_APPROVE,STANDARD_STRAIGHT_THROUGH,False
APP209874,AUTO_APPROVE,STANDARD_STRAIGHT_THROUGH,False
APP209875,AUTO_APPROVE,STANDARD_STRAIGHT_THROUGH,False
APP209876,DECLINE,POLICY_FAILURE,False
APP209877,DECLINE,POLICY_FAILURE,False
APP209878,AUTO_APPROVE,STANDARD_STRAIGHT_THROUGH,False
APP209879,AUTO_APPROVE,STANDARD_STRAIGHT_THROUGH,False
APP209880,AUTO_APPROVE,STANDARD_STRAIGHT_THROUGH,False
APP209881,AUTO_APPROVE,STANDARD_STRAIGHT_THROUGH,False
APP209882,AUTO_APPROVE,STANDARD_STRAIGHT_THROUGH,False
APP209883,AUTO_APPROVE,STANDARD_STRAIGHT_THROUGH,False
APP209884,DECLINE,POLICY_FAILURE,False
APP209885,AUTO_APPROVE,STANDARD_STRAIGHT_THROUGH,False
APP209886,DECLINE,POLICY_FAILURE,False
APP209887,DECLINE,POLICY_FAILURE,False
APP209888,AUTO_APPROVE,STANDARD_STRAIGHT_THROUGH,False
APP209889,AUTO_APPROVE,STANDARD_STRAIGHT_THROUGH,False
APP209890,AUTO_APPROVE,STANDARD_STRAIGHT_THROUGH,False
APP209891,AUTO_APPROVE,STANDARD_STRAIGHT_THROUGH,False
APP209892,AUTO_APPROVE,STANDARD_STRAIGHT_THROUGH,False
APP209893,DECLINE,POLICY_FAILURE,False
APP209894,AUTO_APPROVE,STANDARD_STRAIGHT_THROUGH,False
APP209895,AUTO_APPROVE,STANDARD_STRAIGHT_THROUGH,False
APP209896,DECLINE,POLICY_FAILURE,False
APP209897,DECLINE,POLICY_FAILURE,False
APP209898,DECLINE,POLICY_FAILURE,False
APP209899,AUTO_APPROVE,STANDARD_STRAIGHT_THROUGH,False
APP209900,AUTO_APPROVE,STANDARD_STRAIGHT_THROUGH,False
APP209901,AUTO_APPROVE,STANDARD_STRAIGHT_THROUGH,False
APP209902,AUTO_APPROVE,STANDARD_STRAIGHT_THROUGH,False
APP209903,AUTO_APPROVE,STANDARD_STRAIGHT_THROUGH,False
APP209904,AUTO_APPROVE,STANDARD_STRAIGHT_THROUGH,False
APP209905,DECLINE,POLICY_FAILURE,False
APP209906,AUTO_APPROVE,STANDARD_STRAIGHT_THROUGH,False
APP209907,AUTO_APPROVE,STANDARD_STRAIGHT_THROUGH,False
APP209908,AUTO_APPROVE,STANDARD_STRAIGHT_THROUGH,False
APP209909,AUTO_APPROVE,STANDARD_STRAIGHT_THROUGH,False
APP209910,AUTO_APPROVE,STANDARD_STRAIGHT_THROUGH,False
APP209911,AUTO_APPROVE,STANDARD_STRAIGHT_THROUGH,False
APP209912,AUTO_APPROVE,STANDARD_STRAIGHT_THROUGH,False
APP209913,AUTO_APPROVE,STANDARD_STRAIGHT_THROUGH,False
APP209914,DECLINE,POLICY_FAILURE,False
APP209915,AUTO_APPROVE,STANDARD_STRAIGHT_THROUGH,False
APP209916,AUTO_APPROVE,STANDARD_STRAIGHT_THROUGH,False
APP209917,AUTO_APPROVE,STANDARD_STRAIGHT_THROUGH,False
APP209918,AUTO_APPROVE,STANDARD_STRAIGHT_THROUGH,False
APP209919,AUTO_APPROVE,STANDARD_STRAIGHT_THROUGH,False
APP209920,AUTO_APPROVE,STANDARD_STRAIGHT_THROUGH,False
APP209921,AUTO_APPROVE,STANDARD_STRAIGHT_THROUGH,False
APP209922,AUTO_APPROVE,STANDARD_STRAIGHT_THROUGH,False
APP209923,AUTO_APPROVE,STANDARD_STRAIGHT_THROUGH,False
APP209924,AUTO_APPROVE,STANDARD_STRAIGHT_THROUGH,False
APP209925,DECLINE,POLICY_FAILURE,False
APP209926,DECLINE,POLICY_FAILURE,False
APP209927,DECLINE,POLICY_FAILURE,False
APP209928,AUTO_APPROVE,STANDARD_STRAIGHT_THROUGH,False
APP209929,AUTO_APPROVE,STANDARD_STRAIGHT_THROUGH,False
APP209930,AUTO_APPROVE,STANDARD_STRAIGHT_THROUGH,False
APP209931,DECLINE,POLICY_FAILURE,False
APP209932,AUTO_APPROVE,STANDARD_STRAIGHT_THROUGH,False
APP209933,AUTO_APPROVE,STANDARD_STRAIGHT_THROUGH,False
APP209934,AUTO_APPROVE,STANDARD_STRAIGHT_THROUGH,False
APP209935,AUTO_APPROVE,STANDARD_STRAIGHT_THROUGH,False
APP209936,DECLINE,POLICY_FAILURE,False
APP209937,AUTO_APPROVE,STANDARD_STRAIGHT_THROUGH,False
APP209938,AUTO_APPROVE,STANDARD_STRAIGHT_THROUGH,False
APP209939,AUTO_APPROVE,STANDARD_STRAIGHT_THROUGH,False
APP209940,DECLINE,POLICY_FAILURE,False
APP209941,DECLINE,POLICY_FAILURE,False
APP209942,AUTO_APPROVE,STANDARD_STRAIGHT_THROUGH,False
APP209943,AUTO_APPROVE,STANDARD_STRAIGHT_THROUGH,False
APP209944,DECLINE,POLICY_FAILURE,False
APP209945,DECLINE,POLICY_FAILURE,False
APP209946,DECLINE,POLICY_FAILURE,False
APP209947,DECLINE,POLICY_FAILURE,False
APP209948,AUTO_APPROVE,STANDARD_STRAIGHT_THROUGH,False
APP209949,AUTO_APPROVE,STANDARD_STRAIGHT_THROUGH,False
APP209950,AUTO_APPROVE,STANDARD_STRAIGHT_THROUGH,False
APP209951,AUTO_APPROVE,STANDARD_STRAIGHT_THROUGH,False
APP209952,DECLINE,POLICY_FAILURE,False
APP209953,DECLINE,POLICY_FAILURE,False
APP209954,AUTO_APPROVE,STANDARD_STRAIGHT_THROUGH,False
APP209955,DECLINE,POLICY_FAILURE,False
APP209956,AUTO_APPROVE,STANDARD_STRAIGHT_THROUGH,False
APP209957,DECLINE,POLICY_FAILURE,False
APP209958,AUTO_APPROVE,STANDARD_STRAIGHT_THROUGH,False
APP209959,AUTO_APPROVE,STANDARD_STRAIGHT_THROUGH,False
APP209960,DECLINE,POLICY_FAILURE,False
APP209961,AUTO_APPROVE,STANDARD_STRAIGHT_THROUGH,False
APP209962,AUTO_APPROVE,STANDARD_STRAIGHT_THROUGH,False
APP209963,DECLINE,POLICY_FAILURE,False
APP209964,AUTO_APPROVE,STANDARD_STRAIGHT_THROUGH,False
APP209965,AUTO_APPROVE,STANDARD_STRAIGHT_THROUGH,False
APP209966,AUTO_APPROVE,STANDARD_STRAIGHT_THROUGH,False
APP209967,AUTO_APPROVE,STANDARD_STRAIGHT_THROUGH,False
APP209968,DECLINE,POLICY_FAILURE,False
APP209969,AUTO_APPROVE,STANDARD_STRAIGHT_THROUGH,False
APP209970,AUTO_APPROVE,STANDARD_STRAIGHT_THROUGH,False
APP209971,AUTO_APPROVE,STANDARD_STRAIGHT_THROUGH,False
APP209972,AUTO_APPROVE,STANDARD_STRAIGHT_THROUGH,False
APP209973,DECLINE,POLICY_FAILURE,False
APP209974,AUTO_APPROVE,STANDARD_STRAIGHT_THROUGH,False
APP209975,AUTO_APPROVE,STANDARD_STRAIGHT_THROUGH,False
APP209976,AUTO_APPROVE,STANDARD_STRAIGHT_THROUGH,False
APP209977,AUTO_APPROVE,STANDARD_STRAIGHT_THROUGH,False
APP209978,DECLINE,POLICY_FAILURE,False
APP209979,AUTO_APPROVE,STANDARD_STRAIGHT_THROUGH,False
APP209980,DECLINE,POLICY_FAILURE,False
APP209981,AUTO_APPROVE,STANDARD_STRAIGHT_THROUGH,False
APP209982,AUTO_APPROVE,STANDARD_STRAIGHT_THROUGH,False
APP209983,AUTO_APPROVE,STANDARD_STRAIGHT_THROUGH,False
APP209984,DECLINE,POLICY_FAILURE,False
APP209985,AUTO_APPROVE,STANDARD_STRAIGHT_THROUGH,False
APP209986,DECLINE,POLICY_FAILURE,False
APP209987,AUTO_APPROVE,STANDARD_STRAIGHT_THROUGH,False
APP209988,AUTO_APPROVE,STANDARD_STRAIGHT_THROUGH,False
APP209989,AUTO_APPROVE,STANDARD_STRAIGHT_THROUGH,False
APP209990,DECLINE,POLICY_FAILURE,False
APP209991,DECLINE,POLICY_FAILURE,False
APP209992,AUTO_APPROVE,STANDARD_STRAIGHT_THROUGH,False
APP209993,DECLINE,POLICY_FAILURE,False
APP209994,AUTO_APPROVE,STANDARD_STRAIGHT_THROUGH,False
APP209995,AUTO_APPROVE,STANDARD_STRAIGHT_THROUGH,False
APP209996,AUTO_APPROVE,STANDARD_STRAIGHT_THROUGH,False
APP209997,AUTO_APPROVE,STANDARD_STRAIGHT_THROUGH,False
APP209998,AUTO_APPROVE,STANDARD_STRAIGHT_THROUGH,False
APP209999,AUTO_APPROVE,STANDARD_STRAIGHT_THROUGH,False
