application_id,device_reuse_count_30d,applications_last_7d,location_mismatch,bank_account_age_months,document_anomaly_score,income_mismatch_score,fraud_label
APP200000,1,0,0,30,0.001,0.11,0
APP200001,1,0,0,12,0.011,0.053,0
APP200002,1,1,0,33,0.035,0.135,0
APP200003,0,1,0,24,0.107,0.066,0
APP200004,0,2,0,28,0.057,0.043,0
APP200005,1,0,0,17,0.024,0.037,0
APP200006,0,0,0,25,0.104,0.101,0
APP200007,0,0,0,5,0.006,0.037,0
APP200008,0,0,1,25,0.07,0.044,0
APP200009,0,1,0,23,0.01,0.024,0
APP200010,0,0,0,11,0.047,0.007,0
APP200011,0,0,0,40,0.003,0.119,0
APP200012,0,0,0,10,0.075,0.024,0
APP200013,0,0,0,24,0.005,0.023,0
APP200014,0,2,0,18,0.027,0.079,0
APP200015,1,0,0,80,0.024,0.099,0
APP200016,1,0,0,7,0.025,0.064,0
APP200017,1,0,0,16,0.15,0.057,0
APP200018,1,0,0,3,0.262,0.018,0
APP200019,0,2,0,24,0.009,0.014,0
APP200020,0,0,0,18,0.162,0.056,0
APP200021,2,0,0,39,0.0,0.171,1
APP200022,1,0,0,26,0.022,0.147,0
APP200023,0,0,0,22,0.086,0.001,0
APP200024,0,0,0,15,0.006,0.068,0
APP200025,1,0,0,17,0.003,0.057,0
APP200026,2,1,0,11,0.003,0.114,0
APP200027,1,0,0,73,0.001,0.364,0
APP200028,0,0,0,24,0.011,0.06,0
APP200029,0,1,0,17,0.036,0.002,0
APP200030,1,1,0,23,0.091,0.199,0
APP200031,1,0,1,13,0.004,0.142,1
APP200032,1,1,0,19,0.027,0.164,0
APP200033,1,0,0,30,0.037,0.061,0
APP200034,0,0,0,13,0.046,0.006,0
APP200035,0,1,0,25,0.076,0.06,0
APP200036,1,1,0,30,0.1,0.009,0
APP200037,0,1,0,2,0.019,0.193,0
APP200038,1,0,0,15,0.003,0.022,0
APP200039,0,0,0,15,0.064,0.059,0
APP200040,0,0,0,27,0.022,0.236,0
APP200041,0,0,0,15,0.034,0.085,0
APP200042,0,2,0,22,0.071,0.018,0
APP200043,0,0,0,49,0.004,0.038,0
APP200044,0,0,0,24,0.015,0.066,0
APP200045,1,1,0,31,0.037,0.155,0
APP200046,1,1,0,17,0.076,0.127,0
APP200047,0,0,0,21,0.005,0.081,0
APP200048,0,0,0,16,0.005,0.047,0
APP200049,1,0,0,18,0.091,0.009,0
APP200050,2,0,0,22,0.062,0.19,0
APP200051,0,0,0,18,0.106,0.071,0
APP200052,2,1,0,37,0.01,0.132,0
APP200053,2,0,0,12,0.009,0.052,0
APP200054,1,1,0,8,0.035,0.26,0
APP200055,0,0,0,39,0.009,0.171,0
APP200056,0,3,0,10,0.158,0.031,0
APP200057,0,0,0,11,0.035,0.055,0
APP200058,0,0,0,16,0.009,0.045,0
APP200059,2,1,0,17,0.029,0.061,0
APP200060,0,1,0,11,0.052,0.089,0
APP200061,0,0,0,33,0.03,0.114,0
APP200062,1,1,0,42,0.009,0.026,0
APP200063,0,3,0,16,0.038,0.01,0
APP200064,0,0,0,20,0.144,0.122,0
APP200065,0,1,0,15,0.045,0.046,0
APP200066,0,1,0,34,0.035,0.121,0
APP200067,1,1,0,2,0.006,0.009,0
APP200068,1,0,0,29,0.129,0.305,0
APP200069,0,0,0,24,0.027,0.018,0
APP200070,0,0,0,12,0.005,0.214,1
APP200071,0,0,0,8,0.0,0.056,0
APP200072,0,1,0,11,0.039,0.039,0
APP200073,0,1,0,13,0.038,0.088,0
APP200074,0,0,0,32,0.15,0.104,0
APP200075,0,1,0,23,0.029,0.062,0
APP200076,0,0,0,29,0.029,0.164,0
APP200077,0,2,0,34,0.008,0.156,0
APP200078,0,1,0,31,0.043,0.033,0
APP200079,0,0,0,10,0.059,0.075,0
APP200080,0,0,0,14,0.021,0.136,0
APP200081,0,0,0,11,0.142,0.095,0
APP200082,1,0,0,57,0.032,0.129,1
APP200083,0,1,0,32,0.039,0.053,0
APP200084,0,0,0,13,0.023,0.054,0
APP200085,0,0,0,59,0.014,0.182,0
APP200086,1,0,0,34,0.0,0.016,0
APP200087,0,0,0,7,0.014,0.193,0
APP200088,1,1,0,31,0.055,0.218,0
APP200089,1,0,0,25,0.084,0.01,0
APP200090,0,0,0,21,0.005,0.16,0
APP200091,2,1,0,16,0.035,0.058,0
APP200092,0,0,1,29,0.055,0.189,0
APP200093,0,0,0,27,0.043,0.06,0
APP200094,0,3,0,6,0.005,0.197,0
APP200095,0,0,0,11,0.041,0.02,0
APP200096,1,1,0,47,0.062,0.005,0
APP200097,0,1,0,33,0.02,0.044,0
APP200098,0,0,1,21,0.012,0.113,0
APP200099,0,0,0,24,0.043,0.118,0
APP200100,0,1,0,6,0.019,0.035,0
APP200101,0,1,0,20,0.01,0.034,0
APP200102,0,0,0,17,0.034,0.121,0
APP200103,1,1,0,18,0.14,0.195,0
APP200104,0,0,0,28,0.054,0.008,0
APP200105,0,0,0,32,0.01,0.203,0
APP200106,1,1,0,23,0.1,0.025,0
APP200107,0,0,0,9,0.051,0.196,0
APP200108,0,1,0,70,0.014,0.126,0
APP200109,1,0,0,13,0.001,0.157,0
APP200110,1,0,0,16,0.01,0.053,0
APP200111,1,0,0,43,0.0,0.1,0
APP200112,0,0,0,37,0.008,0.134,0
APP200113,0,3,0,18,0.126,0.049,0
APP200114,0,0,0,28,0.05,0.004,0
APP200115,0,0,0,6,0.007,0.037,0
APP200116,1,0,0,25,0.043,0.063,0
APP200117,0,0,0,49,0.09,0.091,0
APP200118,1,0,0,35,0.247,0.249,0
APP200119,1,0,0,43,0.078,0.034,0
APP200120,1,0,0,5,0.007,0.028,0
APP200121,0,0,0,50,0.08,0.104,0
APP200122,0,1,0,9,0.002,0.045,0
APP200123,0,0,0,15,0.018,0.086,0
APP200124,0,3,0,22,0.004,0.042,0
APP200125,1,0,0,22,0.046,0.304,0
APP200126,0,0,0,46,0.03,0.164,0
APP200127,0,0,0,25,0.032,0.044,0
APP200128,1,0,0,33,0.072,0.187,0
APP200129,1,0,0,11,0.005,0.135,0
APP200130,0,1,0,26,0.035,0.02,0
APP200131,0,0,0,17,0.159,0.013,0
APP200132,0,1,1,16,0.009,0.07,0
APP200133,0,0,0,9,0.004,0.17,0
APP200134,1,0,0,26,0.006,0.161,0
APP200135,0,1,0,27,0.02,0.196,0
APP200136,0,1,0,21,0.023,0.055,0
APP200137,0,0,0,53,0.216,0.072,0
APP200138,0,1,0,12,0.137,0.221,0
APP200139,1,0,0,39,0.022,0.137,0
APP200140,0,1,0,11,0.038,0.098,0
APP200141,1,0,0,16,0.025,0.035,0
APP200142,0,0,0,8,0.046,0.154,0
APP200143,0,0,0,11,0.024,0.061,0
APP200144,0,0,0,11,0.013,0.162,0
APP200145,0,0,0,31,0.036,0.104,0
APP200146,0,0,0,21,0.032,0.118,0
APP200147,1,0,0,17,0.061,0.139,0
APP200148,0,0,0,17,0.106,0.006,0
APP200149,0,0,0,42,0.099,0.121,0
APP200150,0,0,0,7,0.057,0.019,0
APP200151,1,3,0,4,0.023,0.085,0
APP200152,1,0,0,36,0.004,0.183,0
APP200153,0,0,0,23,0.064,0.105,0
APP200154,0,2,0,7,0.028,0.167,0
APP200155,1,0,0,33,0.001,0.126,0
APP200156,0,2,0,11,0.034,0.193,0
APP200157,0,0,0,20,0.092,0.024,0
APP200158,0,1,0,5,0.001,0.061,0
APP200159,1,0,0,23,0.004,0.153,0
APP200160,0,1,0,13,0.026,0.011,0
APP200161,1,0,0,24,0.007,0.047,1
APP200162,0,1,0,108,0.001,0.147,0
APP200163,0,0,0,32,0.115,0.034,0
APP200164,0,1,0,8,0.023,0.019,0
APP200165,1,2,0,27,0.046,0.207,0
APP200166,0,0,0,59,0.093,0.046,0
APP200167,2,0,0,26,0.014,0.037,0
APP200168,0,0,0,21,0.009,0.076,0
APP200169,0,0,0,36,0.027,0.121,0
APP200170,0,2,0,31,0.004,0.019,0
APP200171,0,2,0,25,0.03,0.031,1
APP200172,0,0,0,13,0.006,0.017,0
APP200173,0,0,0,29,0.062,0.071,0
APP200174,2,1,0,25,0.068,0.048,0
APP200175,0,0,0,22,0.006,0.049,0
APP200176,0,1,0,43,0.003,0.081,0
APP200177,1,0,0,16,0.028,0.037,0
APP200178,0,0,0,21,0.019,0.156,0
APP200179,0,1,1,38,0.0,0.06,0
APP200180,0,0,0,39,0.068,0.105,0
APP200181,0,1,0,28,0.024,0.056,0
APP200182,0,1,0,27,0.001,0.205,0
APP200183,1,0,0,49,0.025,0.085,0
APP200184,0,1,0,28,0.009,0.028,0
APP200185,0,0,0,54,0.011,0.011,0
APP200186,2,2,0,38,0.004,0.095,0
APP200187,0,1,0,64,0.001,0.017,0
APP200188,0,0,0,22,0.004,0.002,0
APP200189,0,0,0,14,0.041,0.058,0
APP200190,0,1,0,18,0.03,0.058,0
APP200191,0,0,1,42,0.02,0.019,0
APP200192,0,0,0,29,0.023,0.138,0
APP200193,0,1,0,20,0.058,0.057,0
APP200194,1,1,0,24,0.064,0.068,0
APP200195,0,1,0,15,0.027,0.067,0
APP200196,0,0,0,38,0.009,0.074,0
APP200197,0,0,0,20,0.062,0.166,0
APP200198,0,0,0,21,0.0,0.039,0
APP200199,0,0,0,34,0.04,0.116,0
APP200200,0,0,0,44,0.008,0.271,0
APP200201,1,0,0,43,0.019,0.12,0
APP200202,0,1,0,21,0.053,0.004,0
APP200203,1,0,1,45,0.002,0.125,0
APP200204,1,0,0,39,0.044,0.029,0
APP200205,1,1,0,37,0.061,0.027,0
APP200206,1,0,0,13,0.038,0.098,0
APP200207,1,2,0,5,0.099,0.141,0
APP200208,1,0,0,32,0.002,0.22,0
APP200209,1,1,0,26,0.151,0.018,0
APP200210,0,1,0,20,0.002,0.032,0
APP200211,0,1,0,36,0.057,0.203,0
APP200212,0,0,0,17,0.104,0.199,0
APP200213,0,0,0,26,0.154,0.007,0
APP200214,0,1,0,7,0.062,0.354,0
APP200215,0,0,1,14,0.025,0.091,0
APP200216,0,0,0,37,0.015,0.007,0
APP200217,1,0,0,23,0.007,0.11,0
APP200218,1,0,0,24,0.001,0.015,0
APP200219,0,2,0,25,0.003,0.007,0
APP200220,0,1,0,29,0.008,0.026,0
APP200221,1,0,0,9,0.08,0.138,0
APP200222,0,2,0,27,0.175,0.118,1
APP200223,1,0,0,20,0.005,0.133,0
APP200224,0,2,0,13,0.096,0.033,0
APP200225,0,0,0,32,0.028,0.068,0
APP200226,0,0,0,20,0.059,0.036,0
APP200227,1,0,0,37,0.028,0.09,0
APP200228,1,0,0,43,0.2,0.029,0
APP200229,2,1,0,37,0.099,0.135,0
APP200230,2,0,0,25,0.033,0.081,0
APP200231,3,1,0,56,0.008,0.08,0
APP200232,0,1,0,27,0.042,0.264,0
APP200233,0,0,0,11,0.027,0.034,0
APP200234,1,2,0,19,0.116,0.105,0
APP200235,1,0,1,14,0.027,0.002,0
APP200236,0,0,0,8,0.013,0.165,0
APP200237,2,0,0,47,0.009,0.089,0
APP200238,0,1,0,20,0.037,0.16,0
APP200239,0,0,0,15,0.184,0.015,0
APP200240,0,0,0,19,0.114,0.122,0
APP200241,0,1,0,17,0.015,0.083,0
APP200242,2,0,0,13,0.004,0.019,0
APP200243,0,0,0,26,0.001,0.082,0
APP200244,1,1,0,29,0.133,0.005,0
APP200245,1,1,0,16,0.021,0.117,0
APP200246,1,0,0,14,0.048,0.071,0
APP200247,0,0,0,21,0.006,0.022,0
APP200248,0,1,0,10,0.004,0.003,0
APP200249,0,0,0,17,0.007,0.145,0
APP200250,0,0,0,23,0.03,0.039,0
APP200251,0,1,0,7,0.017,0.152,0
APP200252,0,2,0,7,0.076,0.108,0
APP200253,0,1,0,23,0.031,0.049,0
APP200254,0,0,0,35,0.002,0.085,0
APP200255,0,0,0,10,0.193,0.017,0
APP200256,0,0,0,16,0.168,0.03,0
APP200257,0,0,0,35,0.015,0.014,0
APP200258,0,0,0,6,0.091,0.187,0
APP200259,0,1,0,35,0.014,0.237,0
APP200260,0,0,0,14,0.025,0.041,0
APP200261,0,0,0,56,0.003,0.144,0
APP200262,0,1,0,9,0.037,0.009,0
APP200263,1,0,0,15,0.076,0.248,1
APP200264,1,0,0,13,0.003,0.002,0
APP200265,1,1,0,28,0.03,0.036,0
APP200266,1,1,0,11,0.215,0.034,0
APP200267,0,1,0,55,0.027,0.037,0
APP200268,0,0,0,31,0.004,0.075,0
APP200269,0,0,0,41,0.098,0.158,0
APP200270,0,0,0,20,0.024,0.042,0
APP200271,0,0,0,18,0.008,0.061,0
APP200272,0,0,0,37,0.008,0.026,0
APP200273,0,1,0,28,0.003,0.083,0
APP200274,1,1,0,8,0.01,0.084,0
APP200275,0,1,0,14,0.017,0.014,0
APP200276,0,0,0,16,0.094,0.192,0
APP200277,1,1,0,41,0.025,0.121,0
APP200278,0,0,0,15,0.054,0.025,0
APP200279,0,1,0,22,0.02,0.097,0
APP200280,0,1,0,40,0.045,0.003,0
APP200281,0,0,0,26,0.0,0.032,0
APP200282,1,1,1,23,0.025,0.244,0
APP200283,0,0,0,24,0.134,0.339,0
APP200284,0,1,0,44,0.024,0.042,0
APP200285,0,1,0,58,0.007,0.06,0
APP200286,2,0,0,18,0.048,0.01,0
APP200287,0,1,0,13,0.047,0.045,0
APP200288,1,3,0,17,0.014,0.098,0
APP200289,1,2,0,15,0.05,0.063,0
APP200290,0,1,0,18,0.083,0.021,0
APP200291,2,0,0,16,0.229,0.144,0
APP200292,0,0,0,8,0.019,0.036,0
APP200293,0,1,0,56,0.069,0.074,0
APP200294,1,3,0,24,0.057,0.34,0
APP200295,0,0,0,26,0.045,0.027,0
APP200296,0,0,0,9,0.072,0.037,0
APP200297,2,1,0,30,0.115,0.095,0
APP200298,0,1,1,13,0.05,0.402,0
APP200299,0,1,0,10,0.032,0.06,0
APP200300,0,1,0,22,0.022,0.189,0
APP200301,0,1,0,24,0.064,0.323,0
APP200302,0,2,0,38,0.051,0.031,0
APP200303,2,0,0,11,0.018,0.14,0
APP200304,0,1,0,57,0.062,0.029,0
APP200305,0,0,0,14,0.053,0.066,0
APP200306,0,0,0,7,0.089,0.184,0
APP200307,3,1,0,21,0.004,0.165,0
APP200308,0,1,0,14,0.019,0.087,0
APP200309,0,0,0,23,0.002,0.105,0
APP200310,0,0,0,35,0.002,0.237,0
APP200311,0,0,0,30,0.047,0.15,0
APP200312,0,1,0,4,0.004,0.172,0
APP200313,0,0,0,17,0.036,0.12,0
APP200314,0,0,0,21,0.0,0.033,0
APP200315,1,0,0,32,0.005,0.14,0
APP200316,0,1,0,13,0.024,0.041,0
APP200317,1,1,0,19,0.105,0.026,0
APP200318,0,1,0,18,0.004,0.009,0
APP200319,0,1,0,16,0.046,0.054,0
APP200320,1,1,0,32,0.0,0.077,0
APP200321,0,2,0,6,0.026,0.01,0
APP200322,0,0,0,30,0.022,0.006,0
APP200323,0,1,0,5,0.137,0.002,0
APP200324,1,0,0,14,0.014,0.234,0
APP200325,0,0,0,25,0.042,0.026,0
APP200326,0,1,0,14,0.005,0.031,0
APP200327,0,1,0,13,0.001,0.047,0
APP200328,0,0,0,28,0.053,0.117,0
APP200329,1,1,0,12,0.039,0.017,0
APP200330,1,1,0,16,0.016,0.032,0
APP200331,1,0,0,14,0.004,0.075,0
APP200332,1,1,0,50,0.142,0.04,0
APP200333,0,0,0,26,0.108,0.022,0
APP200334,0,0,0,10,0.024,0.158,0
APP200335,2,1,0,17,0.0,0.293,0
APP200336,0,0,0,27,0.059,0.029,0
APP200337,0,0,0,14,0.012,0.049,0
APP200338,0,0,0,10,0.002,0.03,0
APP200339,0,1,0,25,0.056,0.039,0
APP200340,0,0,0,8,0.01,0.116,0
APP200341,1,0,0,27,0.009,0.03,0
APP200342,0,0,0,82,0.048,0.076,0
APP200343,0,0,0,19,0.079,0.156,0
APP200344,0,0,0,30,0.009,0.111,0
APP200345,0,1,0,16,0.035,0.052,0
APP200346,0,3,0,56,0.145,0.287,1
APP200347,0,0,0,6,0.005,0.145,0
APP200348,2,0,0,23,0.091,0.075,0
APP200349,0,0,0,17,0.029,0.208,0
APP200350,1,1,0,10,0.01,0.082,1
APP200351,0,0,0,28,0.076,0.017,0
APP200352,0,0,0,34,0.016,0.04,0
APP200353,0,2,0,31,0.035,0.036,0
APP200354,0,0,0,22,0.065,0.053,0
APP200355,0,2,0,7,0.019,0.046,0
APP200356,1,0,0,11,0.045,0.237,0
APP200357,0,0,0,18,0.02,0.048,0
APP200358,1,2,0,19,0.003,0.056,0
APP200359,0,1,0,35,0.03,0.092,0
APP200360,0,1,0,31,0.005,0.08,0
APP200361,0,0,0,3,0.008,0.058,0
APP200362,1,0,0,10,0.048,0.058,0
APP200363,0,1,0,19,0.001,0.043,0
APP200364,0,1,1,27,0.057,0.088,0
APP200365,0,0,0,28,0.034,0.214,0
APP200366,1,0,0,10,0.018,0.228,0
APP200367,0,0,0,12,0.039,0.12,0
APP200368,0,0,0,17,0.053,0.056,0
APP200369,1,3,0,21,0.012,0.005,1
APP200370,0,0,0,25,0.04,0.05,0
APP200371,1,0,0,35,0.001,0.061,0
APP200372,0,1,0,39,0.006,0.154,0
APP200373,1,0,0,11,0.055,0.154,0
APP200374,1,1,0,19,0.202,0.008,0
APP200375,0,0,0,6,0.025,0.038,0
APP200376,0,0,0,8,0.017,0.103,0
APP200377,1,0,0,19,0.007,0.148,0
APP200378,0,0,0,20,0.023,0.211,0
APP200379,1,0,0,12,0.034,0.087,0
APP200380,0,0,0,14,0.07,0.267,0
APP200381,2,0,0,76,0.043,0.072,0
APP200382,1,0,0,14,0.069,0.097,1
APP200383,1,1,0,28,0.134,0.089,1
APP200384,2,0,0,49,0.035,0.095,1
APP200385,0,0,0,9,0.022,0.09,0
APP200386,0,1,0,34,0.009,0.117,0
APP200387,1,0,0,14,0.175,0.008,1
APP200388,0,1,0,27,0.128,0.146,0
APP200389,0,0,0,43,0.047,0.031,0
APP200390,1,0,0,34,0.114,0.036,0
APP200391,0,0,0,76,0.013,0.022,0
APP200392,0,0,0,14,0.001,0.072,0
APP200393,1,0,0,16,0.005,0.003,0
APP200394,2,2,0,14,0.052,0.061,0
APP200395,1,1,0,43,0.038,0.015,0
APP200396,0,2,0,38,0.086,0.122,0
APP200397,0,0,0,45,0.146,0.101,0
APP200398,0,0,0,15,0.074,0.065,0
APP200399,1,0,0,23,0.033,0.078,0
APP200400,1,1,0,39,0.017,0.007,0
APP200401,2,1,0,20,0.04,0.117,0
APP200402,1,0,0,23,0.046,0.119,0
APP200403,1,0,0,19,0.035,0.052,0
APP200404,0,0,0,17,0.008,0.027,0
APP200405,0,0,0,5,0.011,0.214,0
APP200406,0,0,0,28,0.034,0.04,0
APP200407,0,2,0,15,0.037,0.074,0
APP200408,0,0,0,13,0.029,0.014,0
APP200409,1,0,0,23,0.004,0.059,0
APP200410,0,1,0,29,0.195,0.025,0
APP200411,0,1,0,45,0.017,0.483,0
APP200412,0,0,0,22,0.008,0.059,0
APP200413,0,0,0,11,0.002,0.051,0
APP200414,0,0,0,31,0.156,0.076,0
APP200415,0,2,0,18,0.118,0.017,0
APP200416,0,0,1,34,0.045,0.057,0
APP200417,2,0,0,16,0.038,0.015,0
APP200418,0,0,0,24,0.005,0.025,0
APP200419,0,0,0,21,0.002,0.107,0
APP200420,0,0,0,9,0.035,0.068,0
APP200421,0,0,0,74,0.005,0.028,0
APP200422,0,1,0,25,0.031,0.261,0
APP200423,0,1,0,25,0.004,0.078,0
APP200424,0,0,0,10,0.116,0.252,0
APP200425,0,1,0,19,0.029,0.068,0
APP200426,0,2,0,32,0.017,0.014,0
APP200427,1,0,0,6,0.132,0.031,0
APP200428,0,0,0,20,0.032,0.176,0
APP200429,0,3,0,28,0.014,0.11,0
APP200430,0,0,0,17,0.065,0.279,0
APP200431,1,1,0,8,0.019,0.087,0
APP200432,0,0,0,45,0.075,0.062,0
APP200433,0,0,0,9,0.041,0.051,0
APP200434,0,1,0,38,0.028,0.093,0
APP200435,0,1,0,16,0.046,0.181,0
APP200436,1,1,0,43,0.1,0.112,0
APP200437,0,0,0,9,0.054,0.155,0
APP200438,1,1,0,51,0.045,0.138,0
APP200439,0,1,0,3,0.081,0.245,0
APP200440,0,0,0,25,0.007,0.017,0
APP200441,1,0,0,42,0.007,0.007,0
APP200442,0,0,0,7,0.003,0.051,0
APP200443,0,0,0,7,0.004,0.13,0
APP200444,1,1,0,12,0.006,0.004,0
APP200445,0,0,0,8,0.142,0.03,0
APP200446,0,0,0,30,0.0,0.115,0
APP200447,1,0,1,10,0.013,0.065,0
APP200448,0,0,0,19,0.091,0.002,0
APP200449,0,1,0,32,0.191,0.088,0
APP200450,0,0,0,7,0.009,0.003,0
APP200451,0,1,0,11,0.196,0.037,0
APP200452,1,2,0,41,0.028,0.175,0
APP200453,0,0,0,21,0.004,0.297,0
APP200454,0,0,0,22,0.059,0.082,0
APP200455,0,3,1,18,0.034,0.3,0
APP200456,1,1,0,15,0.004,0.273,0
APP200457,0,0,0,23,0.001,0.272,0
APP200458,0,0,0,50,0.034,0.004,0
APP200459,1,0,0,21,0.055,0.071,0
APP200460,0,0,0,15,0.012,0.031,0
APP200461,1,0,0,15,0.078,0.145,0
APP200462,1,1,0,18,0.077,0.001,0
APP200463,0,0,0,28,0.014,0.021,0
APP200464,0,0,0,23,0.005,0.084,0
APP200465,0,1,0,24,0.017,0.062,0
APP200466,0,2,0,13,0.001,0.016,0
APP200467,0,0,0,17,0.059,0.056,0
APP200468,2,0,0,27,0.071,0.026,0
APP200469,0,1,0,10,0.055,0.09,0
APP200470,0,1,0,17,0.022,0.315,0
APP200471,2,0,0,23,0.034,0.047,0
APP200472,0,0,0,12,0.0,0.032,0
APP200473,0,0,0,8,0.046,0.127,0
APP200474,0,0,0,13,0.088,0.15,0
APP200475,1,0,0,15,0.053,0.175,0
APP200476,0,1,0,14,0.033,0.027,0
APP200477,0,0,0,41,0.0,0.017,0
APP200478,1,2,0,9,0.03,0.046,0
APP200479,0,0,0,16,0.141,0.067,0
APP200480,0,0,0,11,0.005,0.127,0
APP200481,0,0,0,17,0.016,0.062,0
APP200482,0,0,0,22,0.032,0.064,0
APP200483,1,2,0,19,0.092,0.05,0
APP200484,0,2,1,3,0.019,0.174,0
APP200485,0,0,0,26,0.008,0.009,0
APP200486,0,0,0,11,0.019,0.024,0
APP200487,0,0,0,7,0.049,0.099,0
APP200488,0,0,0,30,0.1,0.032,0
APP200489,0,0,0,20,0.009,0.186,0
APP200490,0,1,0,29,0.048,0.181,0
APP200491,1,0,0,65,0.112,0.231,0
APP200492,0,0,0,27,0.032,0.054,0
APP200493,0,0,1,47,0.022,0.214,0
APP200494,0,0,0,25,0.007,0.199,1
APP200495,0,0,0,34,0.003,0.052,0
APP200496,0,0,0,51,0.14,0.141,0
APP200497,0,0,0,15,0.026,0.031,0
APP200498,0,2,0,56,0.047,0.044,0
APP200499,0,1,0,17,0.011,0.096,0
APP200500,0,0,0,43,0.061,0.014,0
APP200501,0,1,0,17,0.054,0.1,0
APP200502,2,0,0,15,0.012,0.138,0
APP200503,1,0,0,42,0.087,0.028,0
APP200504,0,0,0,29,0.084,0.053,0
APP200505,0,0,0,23,0.007,0.043,0
APP200506,1,0,0,13,0.039,0.029,0
APP200507,1,0,0,22,0.057,0.106,1
APP200508,0,0,0,24,0.251,0.081,0
APP200509,0,0,0,43,0.027,0.005,0
APP200510,0,1,0,11,0.009,0.002,0
APP200511,0,0,0,57,0.003,0.212,0
APP200512,0,0,0,30,0.047,0.116,0
APP200513,0,0,0,35,0.028,0.072,0
APP200514,0,0,0,20,0.052,0.065,0
APP200515,0,0,0,18,0.135,0.118,0
APP200516,0,1,0,9,0.022,0.002,0
APP200517,3,1,0,12,0.059,0.023,0
APP200518,0,0,0,35,0.008,0.131,0
APP200519,2,0,0,28,0.002,0.103,0
APP200520,0,0,0,12,0.004,0.127,0
APP200521,1,0,0,6,0.064,0.056,0
APP200522,0,0,0,22,0.015,0.214,0
APP200523,0,1,0,14,0.003,0.164,0
APP200524,0,0,0,7,0.045,0.088,0
APP200525,2,0,0,13,0.011,0.01,0
APP200526,0,1,0,29,0.008,0.089,0
APP200527,0,1,0,46,0.003,0.035,0
APP200528,3,1,0,17,0.035,0.143,0
APP200529,1,0,0,29,0.012,0.028,0
APP200530,0,1,0,17,0.007,0.051,0
APP200531,0,1,0,17,0.139,0.079,0
APP200532,0,1,0,46,0.014,0.025,0
APP200533,0,0,0,6,0.006,0.203,0
APP200534,0,0,0,15,0.022,0.066,0
APP200535,0,0,0,30,0.033,0.061,0
APP200536,0,0,0,47,0.017,0.111,0
APP200537,0,1,0,48,0.03,0.112,0
APP200538,1,0,0,16,0.083,0.105,0
APP200539,0,0,0,28,0.078,0.099,0
APP200540,0,0,0,28,0.087,0.054,0
APP200541,0,0,0,27,0.064,0.093,0
APP200542,0,0,0,26,0.011,0.056,0
APP200543,1,0,0,49,0.077,0.062,0
APP200544,0,0,0,12,0.017,0.07,0
APP200545,0,0,0,3,0.078,0.104,0
APP200546,0,1,0,27,0.039,0.077,0
APP200547,0,0,0,30,0.058,0.148,0
APP200548,1,1,0,31,0.055,0.094,0
APP200549,1,0,0,20,0.01,0.061,0
APP200550,0,0,0,6,0.037,0.158,0
APP200551,0,0,0,27,0.031,0.005,0
APP200552,0,2,0,12,0.15,0.023,0
APP200553,0,0,1,21,0.01,0.075,0
APP200554,1,0,1,20,0.138,0.325,0
APP200555,1,0,0,31,0.006,0.082,0
APP200556,1,0,0,7,0.004,0.058,0
APP200557,0,0,0,12,0.055,0.02,0
APP200558,0,1,0,17,0.073,0.059,0
APP200559,0,0,0,3,0.037,0.044,0
APP200560,0,0,0,38,0.001,0.053,0
APP200561,0,1,0,3,0.07,0.041,0
APP200562,0,0,0,34,0.029,0.212,0
APP200563,0,3,0,35,0.06,0.022,0
APP200564,0,1,0,48,0.084,0.045,0
APP200565,0,1,0,24,0.108,0.121,0
APP200566,0,1,0,24,0.125,0.039,0
APP200567,1,0,0,4,0.011,0.151,0
APP200568,0,0,0,31,0.0,0.097,0
APP200569,0,0,0,10,0.045,0.106,0
APP200570,2,0,0,38,0.025,0.084,0
APP200571,0,0,0,17,0.001,0.03,0
APP200572,1,0,0,31,0.008,0.008,0
APP200573,2,0,0,12,0.04,0.063,0
APP200574,0,0,0,25,0.139,0.043,0
APP200575,1,0,0,35,0.045,0.176,0
APP200576,0,0,0,10,0.063,0.052,0
APP200577,1,1,0,5,0.006,0.084,0
APP200578,0,1,0,27,0.08,0.071,0
APP200579,0,0,0,20,0.022,0.027,0
APP200580,0,0,0,54,0.038,0.069,0
APP200581,0,0,0,32,0.045,0.003,0
APP200582,0,0,1,25,0.138,0.075,0
APP200583,0,1,0,21,0.011,0.108,0
APP200584,0,0,0,26,0.052,0.02,0
APP200585,0,0,0,9,0.034,0.022,0
APP200586,0,1,0,1,0.005,0.064,0
APP200587,0,0,0,35,0.055,0.077,0
APP200588,0,0,0,18,0.052,0.206,0
APP200589,1,1,0,11,0.042,0.024,0
APP200590,0,1,0,13,0.057,0.096,0
APP200591,1,0,0,21,0.031,0.104,0
APP200592,0,0,0,16,0.115,0.068,0
APP200593,0,0,0,33,0.093,0.045,0
APP200594,0,1,0,23,0.043,0.081,0
APP200595,0,1,0,36,0.028,0.072,0
APP200596,0,1,0,23,0.039,0.203,0
APP200597,2,0,0,15,0.042,0.092,0
APP200598,0,0,0,5,0.044,0.109,0
APP200599,1,1,0,47,0.072,0.114,0
APP200600,0,1,0,10,0.0,0.004,0
APP200601,0,0,0,16,0.024,0.055,0
APP200602,1,0,0,17,0.001,0.131,0
APP200603,0,0,0,8,0.001,0.069,0
APP200604,0,0,0,50,0.082,0.278,0
APP200605,0,0,0,18,0.001,0.102,0
APP200606,1,0,0,43,0.118,0.082,0
APP200607,0,0,0,20,0.005,0.116,0
APP200608,0,1,0,6,0.059,0.045,0
APP200609,0,1,0,18,0.003,0.136,0
APP200610,0,0,0,48,0.014,0.3,0
APP200611,0,0,0,24,0.002,0.145,0
APP200612,0,1,0,22,0.026,0.066,0
APP200613,0,0,0,36,0.048,0.027,0
APP200614,0,0,0,27,0.007,0.058,0
APP200615,0,0,0,3,0.114,0.08,0
APP200616,0,1,0,20,0.013,0.093,0
APP200617,1,2,0,38,0.071,0.005,0
APP200618,0,0,0,19,0.005,0.128,0
APP200619,0,0,0,14,0.121,0.143,0
APP200620,0,0,0,20,0.018,0.233,0
APP200621,1,0,0,4,0.006,0.19,0
APP200622,1,0,0,17,0.034,0.108,0
APP200623,1,0,0,39,0.017,0.033,0
APP200624,0,0,0,20,0.033,0.071,0
APP200625,1,1,0,17,0.133,0.001,0
APP200626,0,0,0,48,0.009,0.004,0
APP200627,1,0,0,53,0.015,0.176,0
APP200628,0,1,0,27,0.006,0.225,0
APP200629,0,0,0,9,0.14,0.018,0
APP200630,0,0,0,26,0.037,0.007,0
APP200631,0,0,0,17,0.047,0.013,0
APP200632,1,0,0,43,0.099,0.052,0
APP200633,1,0,0,7,0.147,0.035,0
APP200634,1,0,0,19,0.004,0.059,0
APP200635,1,0,0,48,0.001,0.042,0
APP200636,1,1,0,39,0.102,0.131,0
APP200637,0,0,0,28,0.001,0.023,0
APP200638,0,0,0,59,0.031,0.017,0
APP200639,0,0,0,23,0.004,0.134,0
APP200640,1,0,0,25,0.014,0.005,0
APP200641,0,1,0,22,0.007,0.125,0
APP200642,0,1,1,21,0.032,0.035,0
APP200643,1,0,0,35,0.068,0.013,0
APP200644,0,0,0,9,0.033,0.04,0
APP200645,1,0,0,36,0.052,0.198,1
APP200646,0,0,0,17,0.034,0.109,0
APP200647,0,0,0,25,0.028,0.132,0
APP200648,1,0,0,9,0.0,0.118,0
APP200649,0,0,0,19,0.0,0.042,0
APP200650,0,1,0,27,0.054,0.114,0
APP200651,1,1,0,25,0.05,0.042,0
APP200652,1,0,0,19,0.012,0.021,0
APP200653,0,2,0,23,0.118,0.062,0
APP200654,0,0,0,28,0.067,0.113,0
APP200655,0,0,0,16,0.062,0.156,0
APP200656,0,2,0,37,0.012,0.215,0
APP200657,0,0,0,37,0.016,0.032,0
APP200658,1,0,1,22,0.026,0.142,0
APP200659,0,1,0,25,0.041,0.099,0
APP200660,1,0,0,7,0.109,0.08,0
APP200661,1,3,0,23,0.005,0.055,0
APP200662,0,2,0,29,0.063,0.413,0
APP200663,0,2,0,33,0.027,0.07,0
APP200664,0,0,0,13,0.019,0.267,0
APP200665,0,0,0,7,0.019,0.056,0
APP200666,0,0,0,18,0.016,0.319,0
APP200667,1,0,0,20,0.035,0.343,0
APP200668,0,0,0,28,0.006,0.141,0
APP200669,0,0,0,11,0.07,0.05,0
APP200670,0,1,0,37,0.002,0.165,1
APP200671,0,1,0,19,0.041,0.168,0
APP200672,0,0,0,53,0.133,0.157,0
APP200673,1,0,0,13,0.024,0.002,0
APP200674,1,0,0,4,0.088,0.321,0
APP200675,0,1,0,24,0.064,0.256,0
APP200676,0,1,0,6,0.072,0.049,0
APP200677,0,0,0,15,0.0,0.015,0
APP200678,0,0,0,33,0.016,0.042,0
APP200679,0,0,0,25,0.082,0.237,0
APP200680,0,0,0,51,0.025,0.112,0
APP200681,0,2,0,33,0.006,0.002,0
APP200682,1,1,0,10,0.039,0.104,0
APP200683,0,1,0,15,0.018,0.204,0
APP200684,0,1,0,16,0.071,0.022,0
APP200685,0,0,0,43,0.018,0.265,0
APP200686,1,0,0,26,0.082,0.028,0
APP200687,0,0,0,48,0.113,0.203,0
APP200688,0,0,0,18,0.108,0.015,0
APP200689,0,0,0,35,0.092,0.053,0
APP200690,0,0,0,12,0.037,0.028,0
APP200691,0,1,0,14,0.022,0.103,0
APP200692,0,1,0,14,0.005,0.124,0
APP200693,0,0,0,26,0.002,0.004,0
APP200694,0,0,0,28,0.006,0.027,1
APP200695,0,0,0,27,0.007,0.075,0
APP200696,0,0,0,22,0.116,0.087,0
APP200697,0,0,0,12,0.144,0.036,0
APP200698,0,0,0,13,0.03,0.017,0
APP200699,1,0,0,32,0.025,0.096,0
APP200700,0,0,0,16,0.029,0.031,0
APP200701,0,0,0,38,0.015,0.217,0
APP200702,0,0,1,15,0.007,0.125,0
APP200703,0,0,0,29,0.17,0.072,0
APP200704,0,1,0,39,0.067,0.018,0
APP200705,0,0,0,16,0.043,0.046,0
APP200706,0,0,0,23,0.012,0.005,0
APP200707,0,1,1,12,0.001,0.033,0
APP200708,0,0,0,15,0.049,0.184,0
APP200709,0,0,1,68,0.046,0.082,0
APP200710,0,2,0,27,0.001,0.11,0
APP200711,0,0,0,24,0.009,0.382,0
APP200712,1,1,0,27,0.069,0.036,0
APP200713,0,0,0,7,0.016,0.087,0
APP200714,0,0,0,11,0.094,0.036,0
APP200715,0,0,0,23,0.004,0.03,0
APP200716,0,0,0,14,0.002,0.106,0
APP200717,2,0,0,15,0.216,0.143,0
APP200718,0,0,0,16,0.025,0.106,0
APP200719,0,2,0,14,0.061,0.016,0
APP200720,0,1,0,15,0.021,0.081,0
APP200721,0,0,0,4,0.074,0.072,0
APP200722,0,0,0,7,0.022,0.238,0
APP200723,0,0,0,49,0.011,0.032,0
APP200724,0,1,0,22,0.004,0.037,0
APP200725,0,0,0,13,0.003,0.103,0
APP200726,0,1,0,14,0.044,0.077,0
APP200727,0,0,0,12,0.002,0.025,0
APP200728,0,0,0,65,0.067,0.056,0
APP200729,1,0,1,19,0.047,0.109,0
APP200730,0,1,0,10,0.016,0.09,0
APP200731,1,0,0,16,0.009,0.012,0
APP200732,0,0,0,39,0.023,0.018,0
APP200733,1,0,0,2,0.004,0.074,0
APP200734,0,0,0,22,0.089,0.127,0
APP200735,0,0,0,14,0.024,0.088,0
APP200736,1,0,0,41,0.012,0.01,0
APP200737,1,1,0,15,0.169,0.039,0
APP200738,0,0,0,35,0.022,0.095,0
APP200739,1,0,0,15,0.033,0.218,0
APP200740,1,0,0,77,0.006,0.009,0
APP200741,0,0,0,61,0.038,0.092,0
APP200742,1,0,0,2,0.06,0.043,0
APP200743,0,1,0,14,0.017,0.014,0
APP200744,0,0,0,2,0.138,0.019,0
APP200745,0,1,0,36,0.017,0.015,0
APP200746,0,0,0,5,0.011,0.086,0
APP200747,0,0,0,22,0.077,0.121,0
APP200748,0,1,0,37,0.024,0.049,0
APP200749,1,0,0,6,0.028,0.023,0
APP200750,2,1,0,12,0.036,0.016,0
APP200751,1,0,0,31,0.001,0.12,0
APP200752,0,1,0,45,0.039,0.041,0
APP200753,0,0,0,36,0.078,0.029,0
APP200754,0,1,0,28,0.014,0.039,0
APP200755,1,0,0,27,0.015,0.096,0
APP200756,0,0,0,24,0.037,0.005,0
APP200757,1,0,0,42,0.018,0.102,0
APP200758,0,0,0,33,0.235,0.323,0
APP200759,0,2,0,16,0.014,0.002,0
APP200760,0,0,0,12,0.019,0.025,0
APP200761,0,1,0,7,0.016,0.006,0
APP200762,0,0,0,8,0.09,0.046,0
APP200763,0,2,0,32,0.022,0.053,0
APP200764,0,1,0,31,0.042,0.004,0
APP200765,0,0,0,20,0.03,0.102,0
APP200766,0,1,0,29,0.085,0.03,0
APP200767,0,0,1,11,0.049,0.053,0
APP200768,0,0,1,26,0.04,0.044,0
APP200769,0,2,0,19,0.072,0.172,0
APP200770,1,0,0,27,0.031,0.086,0
APP200771,0,0,0,22,0.004,0.079,0
APP200772,3,0,0,22,0.036,0.225,0
APP200773,0,1,0,8,0.144,0.025,0
APP200774,1,3,0,82,0.045,0.193,1
APP200775,0,1,0,22,0.017,0.009,1
APP200776,0,2,0,9,0.028,0.06,0
APP200777,2,0,0,21,0.134,0.096,0
APP200778,0,0,0,24,0.028,0.074,0
APP200779,0,0,1,16,0.014,0.15,0
APP200780,1,0,0,19,0.077,0.105,0
APP200781,1,0,0,9,0.091,0.092,0
APP200782,0,0,0,19,0.0,0.062,0
APP200783,0,1,0,31,0.025,0.078,0
APP200784,0,0,0,10,0.015,0.055,0
APP200785,1,0,0,26,0.054,0.105,0
APP200786,0,0,0,4,0.073,0.041,0
APP200787,0,2,0,15,0.013,0.003,0
APP200788,0,0,0,20,0.006,0.109,0
APP200789,0,1,0,12,0.007,0.087,0
APP200790,0,0,0,22,0.001,0.035,0
APP200791,0,1,0,17,0.011,0.085,0
APP200792,1,2,0,21,0.014,0.045,1
APP200793,0,0,0,18,0.037,0.023,0
APP200794,1,1,0,6,0.024,0.109,0
APP200795,0,1,0,42,0.051,0.104,0
APP200796,0,0,0,30,0.24,0.126,0
APP200797,0,0,0,32,0.048,0.04,0
APP200798,0,1,0,21,0.057,0.046,0
APP200799,0,0,0,33,0.121,0.454,0
APP200800,0,0,0,23,0.03,0.123,0
APP200801,0,0,0,69,0.046,0.142,0
APP200802,0,0,0,8,0.114,0.001,0
APP200803,0,0,0,35,0.045,0.008,0
APP200804,0,1,0,25,0.013,0.02,0
APP200805,0,0,0,7,0.156,0.112,0
APP200806,0,0,0,25,0.046,0.051,0
APP200807,0,0,0,31,0.018,0.231,0
APP200808,0,1,0,17,0.008,0.041,0
APP200809,1,0,0,7,0.022,0.329,0
APP200810,0,0,0,17,0.069,0.085,0
APP200811,0,1,0,24,0.004,0.008,0
APP200812,0,0,0,35,0.065,0.109,0
APP200813,1,1,0,39,0.007,0.156,0
APP200814,0,0,0,21,0.031,0.121,0
APP200815,1,0,0,16,0.028,0.188,0
APP200816,0,0,0,6,0.064,0.099,0
APP200817,0,1,0,45,0.024,0.1,0
APP200818,0,0,0,30,0.037,0.113,0
APP200819,1,0,0,20,0.006,0.264,0
APP200820,1,1,0,25,0.004,0.051,0
APP200821,0,0,0,67,0.069,0.004,0
APP200822,0,1,0,21,0.074,0.285,0
APP200823,1,0,0,19,0.064,0.188,1
APP200824,2,1,0,34,0.007,0.149,1
APP200825,0,0,0,51,0.016,0.124,0
APP200826,0,0,0,15,0.014,0.002,0
APP200827,0,1,0,12,0.009,0.047,0
APP200828,0,1,0,29,0.01,0.003,0
APP200829,0,0,0,16,0.001,0.14,0
APP200830,2,0,0,17,0.014,0.09,0
APP200831,1,1,0,18,0.006,0.055,0
APP200832,1,1,0,44,0.016,0.047,0
APP200833,1,0,0,15,0.075,0.075,0
APP200834,0,0,0,22,0.001,0.2,0
APP200835,0,1,0,48,0.055,0.105,0
APP200836,0,1,0,19,0.078,0.187,0
APP200837,0,0,0,44,0.003,0.219,0
APP200838,0,0,0,8,0.041,0.047,0
APP200839,2,0,1,39,0.0,0.046,0
APP200840,0,0,0,44,0.09,0.231,0
APP200841,0,2,0,30,0.002,0.006,0
APP200842,1,1,0,20,0.001,0.051,0
APP200843,0,0,0,19,0.002,0.148,0
APP200844,0,0,0,17,0.043,0.03,0
APP200845,0,0,0,39,0.001,0.298,0
APP200846,1,1,0,29,0.014,0.137,0
APP200847,0,0,0,30,0.159,0.016,0
APP200848,0,0,0,15,0.155,0.199,0
APP200849,0,1,0,24,0.007,0.01,0
APP200850,0,1,0,34,0.006,0.037,0
APP200851,0,0,0,12,0.053,0.093,0
APP200852,0,2,0,21,0.004,0.123,0
APP200853,0,1,0,25,0.146,0.024,0
APP200854,0,0,0,29,0.015,0.306,0
APP200855,0,1,0,6,0.006,0.297,0
APP200856,1,0,0,27,0.055,0.031,0
APP200857,0,0,0,10,0.002,0.058,0
APP200858,1,3,0,19,0.011,0.01,0
APP200859,0,0,0,42,0.042,0.152,0
APP200860,0,0,0,41,0.06,0.012,0
APP200861,0,1,0,7,0.048,0.005,0
APP200862,0,0,0,20,0.092,0.025,0
APP200863,0,0,0,25,0.002,0.014,0
APP200864,1,1,0,17,0.057,0.063,0
APP200865,1,0,0,22,0.025,0.108,0
APP200866,0,0,0,19,0.066,0.11,0
APP200867,0,0,0,13,0.044,0.064,0
APP200868,0,0,0,9,0.005,0.083,0
APP200869,1,0,0,11,0.03,0.161,0
APP200870,0,0,0,17,0.051,0.011,0
APP200871,0,1,0,19,0.074,0.17,0
APP200872,0,2,0,16,0.001,0.201,0
APP200873,0,0,0,26,0.01,0.122,0
APP200874,0,0,0,31,0.069,0.007,1
APP200875,0,1,0,14,0.007,0.084,0
APP200876,0,1,0,55,0.015,0.098,0
APP200877,0,0,1,23,0.077,0.106,0
APP200878,0,1,0,38,0.055,0.068,0
APP200879,0,1,0,15,0.032,0.044,0
APP200880,0,1,1,35,0.052,0.032,0
APP200881,0,0,0,11,0.019,0.112,0
APP200882,2,0,0,6,0.002,0.036,0
APP200883,1,1,0,44,0.018,0.061,0
APP200884,0,0,0,13,0.043,0.067,0
APP200885,0,0,0,25,0.068,0.059,0
APP200886,0,1,0,43,0.007,0.155,0
APP200887,0,1,0,28,0.025,0.296,0
APP200888,2,0,0,39,0.018,0.024,0
APP200889,0,1,0,15,0.147,0.213,0
APP200890,1,1,0,23,0.038,0.021,0
APP200891,0,0,0,23,0.031,0.039,0
APP200892,1,0,0,32,0.13,0.226,0
APP200893,1,0,0,6,0.009,0.158,0
APP200894,0,0,0,36,0.048,0.036,0
APP200895,0,1,0,30,0.004,0.082,0
APP200896,0,0,0,30,0.006,0.05,0
APP200897,0,1,0,34,0.032,0.072,0
APP200898,0,1,0,25,0.013,0.088,0
APP200899,1,0,0,29,0.038,0.08,0
APP200900,1,0,0,4,0.005,0.029,0
APP200901,0,0,0,55,0.01,0.05,0
APP200902,0,0,0,16,0.07,0.052,0
APP200903,0,0,0,30,0.007,0.062,0
APP200904,0,0,0,16,0.034,0.124,0
APP200905,1,2,0,15,0.196,0.202,0
APP200906,0,2,0,68,0.011,0.053,0
APP200907,1,0,0,43,0.037,0.092,0
APP200908,0,0,0,11,0.139,0.071,0
APP200909,0,1,0,58,0.038,0.066,0
APP200910,0,0,0,14,0.009,0.139,0
APP200911,1,0,0,27,0.002,0.045,0
APP200912,1,0,0,13,0.022,0.215,0
APP200913,2,1,0,32,0.121,0.073,0
APP200914,1,0,0,14,0.214,0.034,0
APP200915,0,1,0,45,0.139,0.057,0
APP200916,0,1,0,23,0.013,0.005,0
APP200917,1,0,0,28,0.019,0.07,0
APP200918,0,0,0,23,0.001,0.057,1
APP200919,0,1,0,23,0.036,0.054,0
APP200920,0,0,1,4,0.047,0.032,0
APP200921,0,0,0,16,0.008,0.136,0
APP200922,0,0,1,17,0.021,0.197,0
APP200923,0,0,0,10,0.009,0.004,0
APP200924,0,0,0,18,0.106,0.035,0
APP200925,0,0,0,31,0.014,0.275,0
APP200926,0,0,0,9,0.03,0.001,0
APP200927,0,1,0,16,0.02,0.075,0
APP200928,1,1,0,10,0.003,0.318,0
APP200929,0,0,0,18,0.032,0.024,0
APP200930,1,2,0,41,0.007,0.112,0
APP200931,1,1,0,35,0.023,0.111,1
APP200932,2,0,0,24,0.013,0.016,0
APP200933,0,1,0,16,0.082,0.157,0
APP200934,0,0,0,21,0.005,0.043,0
APP200935,0,0,0,8,0.014,0.048,0
APP200936,2,0,0,40,0.094,0.106,0
APP200937,1,0,0,19,0.025,0.08,0
APP200938,1,3,0,12,0.123,0.291,1
APP200939,1,1,0,22,0.012,0.01,0
APP200940,0,0,0,18,0.015,0.072,0
APP200941,0,0,0,29,0.055,0.083,0
APP200942,0,0,0,16,0.005,0.087,0
APP200943,2,0,0,16,0.005,0.116,0
APP200944,0,0,0,61,0.093,0.053,0
APP200945,0,1,0,22,0.004,0.252,0
APP200946,1,1,0,25,0.084,0.241,0
APP200947,1,0,0,11,0.111,0.048,0
APP200948,2,1,0,12,0.0,0.021,0
APP200949,0,0,0,18,0.0,0.007,0
APP200950,1,1,0,17,0.02,0.079,0
APP200951,0,0,0,9,0.078,0.035,0
APP200952,0,0,0,15,0.055,0.229,0
APP200953,1,0,0,13,0.03,0.048,0
APP200954,2,0,0,10,0.0,0.033,0
APP200955,0,2,0,38,0.03,0.07,0
APP200956,0,1,0,24,0.078,0.155,0
APP200957,0,0,0,45,0.177,0.037,0
APP200958,1,0,0,20,0.282,0.126,0
APP200959,0,2,0,52,0.113,0.005,0
APP200960,0,0,0,23,0.001,0.033,0
APP200961,1,0,0,17,0.025,0.092,0
APP200962,1,1,0,5,0.011,0.088,0
APP200963,0,0,0,21,0.024,0.149,0
APP200964,0,1,0,26,0.124,0.035,0
APP200965,0,0,0,27,0.153,0.118,0
APP200966,1,4,0,18,0.056,0.243,1
APP200967,0,0,0,28,0.036,0.124,0
APP200968,0,0,0,6,0.024,0.007,0
APP200969,0,1,0,9,0.041,0.053,0
APP200970,0,0,0,40,0.059,0.208,0
APP200971,0,1,0,31,0.043,0.052,0
APP200972,0,0,0,24,0.053,0.08,0
APP200973,1,0,0,50,0.137,0.227,0
APP200974,1,0,0,14,0.048,0.076,0
APP200975,1,0,0,12,0.037,0.167,0
APP200976,0,1,0,20,0.027,0.054,0
APP200977,0,0,0,16,0.002,0.024,0
APP200978,1,0,0,31,0.01,0.061,0
APP200979,1,1,0,44,0.0,0.196,0
APP200980,0,0,0,47,0.01,0.043,0
APP200981,0,0,0,22,0.036,0.171,0
APP200982,0,0,0,14,0.055,0.069,0
APP200983,1,1,0,30,0.038,0.158,0
APP200984,0,0,0,43,0.035,0.014,0
APP200985,0,0,0,31,0.006,0.112,0
APP200986,1,0,0,17,0.089,0.12,0
APP200987,0,1,0,27,0.131,0.051,0
APP200988,2,1,0,20,0.117,0.03,1
APP200989,1,1,0,24,0.02,0.054,0
APP200990,1,0,0,21,0.016,0.099,0
APP200991,0,1,0,28,0.013,0.031,0
APP200992,0,0,0,27,0.013,0.081,0
APP200993,0,0,0,22,0.0,0.175,0
APP200994,0,0,0,34,0.058,0.03,0
APP200995,0,0,0,19,0.013,0.122,0
APP200996,0,1,0,18,0.002,0.037,0
APP200997,1,0,0,13,0.071,0.064,0
APP200998,0,1,0,23,0.038,0.168,0
APP200999,0,0,0,62,0.032,0.027,0
APP201000,0,1,0,28,0.039,0.165,0
APP201001,0,1,0,15,0.051,0.011,0
APP201002,0,0,0,23,0.006,0.069,0
APP201003,1,0,0,13,0.003,0.143,0
APP201004,0,0,0,20,0.189,0.086,0
APP201005,0,2,0,31,0.105,0.03,1
APP201006,1,1,1,19,0.037,0.166,0
APP201007,0,0,0,16,0.004,0.265,0
APP201008,0,1,1,28,0.002,0.046,1
APP201009,0,0,0,44,0.091,0.003,0
APP201010,1,1,0,17,0.033,0.036,0
APP201011,1,0,0,22,0.107,0.129,0
APP201012,0,0,0,13,0.005,0.006,0
APP201013,0,0,0,39,0.013,0.115,0
APP201014,0,0,0,70,0.013,0.119,0
APP201015,0,0,0,31,0.023,0.033,0
APP201016,1,0,0,12,0.021,0.028,0
APP201017,0,1,0,19,0.067,0.078,0
APP201018,1,1,0,20,0.03,0.121,0
APP201019,0,2,0,9,0.023,0.121,0
APP201020,0,2,0,28,0.05,0.106,0
APP201021,1,0,0,39,0.0,0.078,0
APP201022,0,0,0,16,0.076,0.124,0
APP201023,0,0,0,6,0.052,0.105,0
APP201024,0,0,0,15,0.07,0.004,0
APP201025,1,0,0,10,0.073,0.03,0
APP201026,0,3,0,4,0.061,0.087,0
APP201027,1,2,0,26,0.002,0.074,0
APP201028,0,0,0,12,0.006,0.212,0
APP201029,0,0,0,22,0.004,0.101,0
APP201030,0,0,0,30,0.057,0.126,0
APP201031,0,0,0,22,0.086,0.082,0
APP201032,0,0,0,33,0.239,0.025,0
APP201033,0,0,0,37,0.07,0.028,0
APP201034,0,1,0,16,0.059,0.103,0
APP201035,0,2,0,12,0.049,0.052,0
APP201036,0,0,0,65,0.01,0.071,0
APP201037,0,1,0,40,0.005,0.071,0
APP201038,0,1,0,33,0.003,0.284,0
APP201039,0,3,0,5,0.003,0.068,0
APP201040,0,0,0,14,0.147,0.005,0
APP201041,0,0,0,44,0.041,0.08,0
APP201042,0,0,0,9,0.001,0.046,0
APP201043,0,0,0,15,0.029,0.016,0
APP201044,0,1,0,32,0.036,0.005,0
APP201045,2,2,0,10,0.006,0.187,0
APP201046,0,0,0,9,0.011,0.127,0
APP201047,1,0,0,50,0.066,0.113,0
APP201048,0,0,0,30,0.101,0.145,0
APP201049,0,0,0,40,0.012,0.062,0
APP201050,0,1,0,37,0.01,0.024,0
APP201051,0,0,0,30,0.051,0.076,0
APP201052,3,0,1,16,0.027,0.058,1
APP201053,0,1,0,71,0.027,0.124,0
APP201054,2,1,0,17,0.13,0.073,0
APP201055,0,0,0,40,0.006,0.072,0
APP201056,0,1,0,6,0.044,0.036,0
APP201057,1,0,0,11,0.109,0.146,0
APP201058,0,0,0,20,0.026,0.205,0
APP201059,0,1,0,21,0.018,0.056,0
APP201060,1,3,0,13,0.03,0.04,0
APP201061,1,1,0,20,0.005,0.309,0
APP201062,1,0,0,17,0.064,0.063,0
APP201063,0,1,0,32,0.009,0.232,0
APP201064,0,1,0,11,0.02,0.075,0
APP201065,0,0,0,8,0.001,0.037,1
APP201066,1,0,0,10,0.029,0.02,0
APP201067,0,1,0,13,0.029,0.116,0
APP201068,0,1,0,14,0.032,0.031,0
APP201069,1,0,0,34,0.009,0.091,0
APP201070,0,2,0,52,0.007,0.126,0
APP201071,0,0,0,30,0.115,0.127,0
APP201072,0,0,0,35,0.235,0.061,0
APP201073,0,2,0,7,0.041,0.137,0
APP201074,0,0,0,8,0.063,0.025,0
APP201075,0,1,0,6,0.011,0.047,0
APP201076,0,0,0,29,0.008,0.024,0
APP201077,0,0,0,7,0.041,0.126,0
APP201078,0,0,0,47,0.095,0.005,0
APP201079,0,0,0,30,0.026,0.059,0
APP201080,0,0,0,14,0.013,0.009,0
APP201081,0,1,0,27,0.003,0.125,0
APP201082,0,3,0,10,0.005,0.058,0
APP201083,0,0,0,21,0.015,0.047,0
APP201084,0,0,0,30,0.014,0.159,0
APP201085,0,0,0,22,0.001,0.049,0
APP201086,1,0,0,24,0.013,0.104,0
APP201087,0,0,0,23,0.026,0.242,0
APP201088,0,0,0,10,0.007,0.062,0
APP201089,0,2,0,10,0.036,0.029,0
APP201090,0,1,0,26,0.06,0.067,0
APP201091,0,0,0,19,0.038,0.03,0
APP201092,0,1,0,25,0.002,0.032,0
APP201093,0,1,0,16,0.049,0.031,0
APP201094,0,0,0,8,0.044,0.002,0
APP201095,0,2,0,17,0.0,0.054,0
APP201096,1,0,0,10,0.044,0.158,0
APP201097,0,1,0,26,0.018,0.032,0
APP201098,0,0,0,8,0.005,0.148,0
APP201099,0,0,0,27,0.019,0.075,0
APP201100,0,0,0,17,0.014,0.151,0
APP201101,0,2,0,15,0.036,0.063,0
APP201102,1,0,0,5,0.034,0.049,0
APP201103,0,0,0,35,0.014,0.125,0
APP201104,0,0,0,24,0.01,0.063,0
APP201105,0,0,0,15,0.033,0.135,0
APP201106,0,2,0,5,0.003,0.212,0
APP201107,2,0,0,25,0.029,0.239,0
APP201108,0,0,0,25,0.041,0.007,0
APP201109,2,0,0,21,0.027,0.107,0
APP201110,1,1,0,26,0.052,0.024,0
APP201111,0,0,0,36,0.072,0.045,0
APP201112,0,1,0,55,0.045,0.041,0
APP201113,1,0,0,31,0.044,0.102,1
APP201114,2,1,0,51,0.003,0.111,0
APP201115,1,0,0,36,0.028,0.041,0
APP201116,0,1,0,12,0.016,0.021,0
APP201117,0,0,0,34,0.009,0.037,0
APP201118,1,0,0,33,0.009,0.003,0
APP201119,1,0,0,25,0.004,0.271,0
APP201120,0,0,0,11,0.015,0.055,0
APP201121,0,0,0,23,0.021,0.1,0
APP201122,0,1,0,24,0.019,0.118,0
APP201123,0,0,0,12,0.006,0.028,0
APP201124,0,0,0,8,0.149,0.082,0
APP201125,2,0,0,6,0.004,0.1,0
APP201126,0,1,0,4,0.003,0.057,0
APP201127,0,1,0,6,0.083,0.081,0
APP201128,1,0,0,27,0.099,0.195,0
APP201129,0,0,0,20,0.092,0.009,0
APP201130,0,0,0,14,0.0,0.012,0
APP201131,1,2,0,14,0.022,0.005,0
APP201132,0,0,0,21,0.027,0.142,0
APP201133,1,0,0,11,0.014,0.08,0
APP201134,0,0,0,11,0.01,0.243,0
APP201135,0,1,0,11,0.035,0.087,0
APP201136,0,1,0,21,0.008,0.125,0
APP201137,0,1,0,27,0.004,0.066,0
APP201138,0,1,1,35,0.006,0.227,0
APP201139,0,0,1,34,0.022,0.0,1
APP201140,0,0,0,35,0.02,0.055,0
APP201141,0,1,0,27,0.021,0.011,0
APP201142,0,0,0,31,0.065,0.085,0
APP201143,0,0,0,30,0.139,0.18,0
APP201144,0,1,0,31,0.0,0.05,0
APP201145,1,1,0,39,0.131,0.16,0
APP201146,0,0,0,32,0.09,0.137,0
APP201147,0,1,0,23,0.129,0.059,0
APP201148,0,1,1,13,0.055,0.065,0
APP201149,0,1,0,31,0.057,0.065,0
APP201150,0,0,0,42,0.156,0.157,0
APP201151,0,1,0,26,0.013,0.115,0
APP201152,0,0,0,21,0.031,0.033,0
APP201153,0,0,0,20,0.057,0.056,0
APP201154,0,0,0,16,0.012,0.009,0
APP201155,1,1,0,28,0.013,0.061,0
APP201156,0,0,0,6,0.052,0.089,0
APP201157,0,1,0,21,0.05,0.001,0
APP201158,0,0,0,19,0.006,0.253,0
APP201159,0,0,0,19,0.021,0.307,0
APP201160,1,0,0,46,0.019,0.101,0
APP201161,1,0,0,22,0.135,0.006,0
APP201162,1,1,0,16,0.119,0.034,0
APP201163,0,0,0,8,0.001,0.191,0
APP201164,3,0,0,21,0.018,0.319,1
APP201165,0,2,0,51,0.086,0.088,1
APP201166,0,0,0,24,0.002,0.066,0
APP201167,0,1,0,10,0.001,0.124,0
APP201168,0,0,0,28,0.025,0.179,0
APP201169,0,0,0,58,0.135,0.065,0
APP201170,0,1,0,6,0.006,0.089,0
APP201171,0,3,1,14,0.049,0.023,0
APP201172,0,0,0,16,0.021,0.031,0
APP201173,0,0,0,10,0.0,0.013,0
APP201174,0,1,0,31,0.032,0.214,0
APP201175,1,0,0,4,0.086,0.217,0
APP201176,1,0,0,24,0.001,0.035,0
APP201177,1,0,0,16,0.019,0.08,0
APP201178,1,1,0,14,0.026,0.095,0
APP201179,1,0,0,39,0.0,0.03,0
APP201180,0,0,0,49,0.049,0.127,0
APP201181,0,0,0,5,0.013,0.005,0
APP201182,0,0,1,58,0.003,0.128,0
APP201183,0,0,0,6,0.062,0.038,0
APP201184,1,0,0,6,0.056,0.077,0
APP201185,0,0,0,22,0.073,0.055,0
APP201186,0,0,0,24,0.179,0.043,0
APP201187,0,0,0,22,0.018,0.006,0
APP201188,0,0,0,7,0.037,0.035,0
APP201189,0,0,0,51,0.001,0.019,0
APP201190,1,1,0,17,0.088,0.161,0
APP201191,0,1,0,13,0.023,0.023,0
APP201192,0,0,0,27,0.006,0.001,0
APP201193,0,0,0,35,0.001,0.077,0
APP201194,1,1,0,18,0.045,0.201,0
APP201195,1,1,0,13,0.111,0.27,0
APP201196,0,0,0,12,0.161,0.064,0
APP201197,0,0,0,17,0.02,0.006,0
APP201198,0,1,0,12,0.006,0.149,0
APP201199,0,0,0,26,0.025,0.012,0
APP201200,0,0,0,25,0.004,0.035,0
APP201201,1,1,0,15,0.036,0.024,0
APP201202,0,0,0,24,0.07,0.005,0
APP201203,0,0,0,21,0.004,0.048,0
APP201204,1,0,0,30,0.003,0.155,0
APP201205,0,1,0,7,0.031,0.053,0
APP201206,0,0,0,59,0.001,0.122,0
APP201207,1,0,1,11,0.004,0.043,0
APP201208,1,0,0,3,0.061,0.064,0
APP201209,0,0,0,20,0.004,0.06,0
APP201210,1,1,0,15,0.036,0.01,0
APP201211,0,0,0,24,0.029,0.078,0
APP201212,1,0,0,19,0.005,0.013,0
APP201213,0,0,0,18,0.115,0.078,0
APP201214,0,0,0,22,0.009,0.053,0
APP201215,0,1,0,31,0.043,0.009,0
APP201216,0,0,0,13,0.083,0.197,0
APP201217,1,0,0,15,0.015,0.055,0
APP201218,1,0,0,2,0.006,0.05,0
APP201219,0,0,0,5,0.024,0.007,0
APP201220,0,2,0,26,0.009,0.003,0
APP201221,0,2,0,40,0.332,0.146,0
APP201222,1,0,0,30,0.007,0.056,0
APP201223,0,0,0,17,0.087,0.044,0
APP201224,0,0,1,19,0.12,0.064,0
APP201225,0,0,0,11,0.076,0.073,0
APP201226,0,0,0,22,0.03,0.029,0
APP201227,1,1,1,25,0.018,0.229,0
APP201228,0,1,0,25,0.089,0.052,0
APP201229,0,0,0,48,0.129,0.148,0
APP201230,0,0,0,39,0.005,0.121,0
APP201231,0,1,0,10,0.024,0.009,0
APP201232,1,2,0,20,0.019,0.099,0
APP201233,1,1,0,4,0.001,0.12,0
APP201234,0,1,0,19,0.015,0.074,0
APP201235,1,1,0,23,0.009,0.066,0
APP201236,0,2,0,18,0.025,0.006,0
APP201237,0,0,0,28,0.019,0.045,0
APP201238,1,0,0,17,0.046,0.054,0
APP201239,0,0,0,16,0.063,0.195,0
APP201240,0,0,0,22,0.032,0.215,0
APP201241,0,0,0,13,0.0,0.151,0
APP201242,0,0,0,17,0.058,0.15,0
APP201243,0,0,0,27,0.014,0.001,0
APP201244,0,1,0,24,0.025,0.025,0
APP201245,0,0,0,9,0.026,0.043,0
APP201246,1,1,0,38,0.033,0.134,0
APP201247,0,0,0,56,0.042,0.006,1
APP201248,0,1,0,40,0.051,0.037,0
APP201249,0,0,0,6,0.025,0.067,0
APP201250,0,0,0,16,0.0,0.012,0
APP201251,1,1,0,25,0.019,0.02,0
APP201252,1,0,0,11,0.012,0.106,0
APP201253,0,0,0,38,0.091,0.043,1
APP201254,0,1,1,39,0.121,0.016,0
APP201255,0,1,0,25,0.09,0.069,0
APP201256,0,1,0,33,0.009,0.004,0
APP201257,0,0,0,38,0.045,0.034,0
APP201258,1,0,0,30,0.02,0.285,0
APP201259,0,0,0,17,0.039,0.067,0
APP201260,0,0,0,38,0.087,0.103,0
APP201261,0,1,0,11,0.006,0.035,0
APP201262,0,0,0,20,0.108,0.01,0
APP201263,0,2,0,24,0.006,0.112,0
APP201264,1,0,0,14,0.02,0.052,0
APP201265,0,0,0,11,0.109,0.186,1
APP201266,0,0,0,23,0.012,0.033,0
APP201267,0,0,0,17,0.208,0.044,0
APP201268,0,0,0,13,0.047,0.025,0
APP201269,0,0,1,33,0.003,0.003,0
APP201270,0,0,0,22,0.004,0.111,0
APP201271,1,2,0,29,0.004,0.034,0
APP201272,1,0,0,38,0.071,0.14,0
APP201273,1,0,0,12,0.03,0.059,0
APP201274,1,1,0,19,0.007,0.081,1
APP201275,0,2,0,3,0.057,0.046,0
APP201276,1,1,0,23,0.062,0.029,0
APP201277,0,0,0,48,0.071,0.081,0
APP201278,0,2,0,9,0.004,0.021,0
APP201279,0,0,0,8,0.005,0.02,0
APP201280,1,0,0,12,0.043,0.122,0
APP201281,0,0,0,10,0.109,0.125,0
APP201282,0,1,0,22,0.042,0.063,0
APP201283,0,0,0,17,0.033,0.084,0
APP201284,0,0,0,43,0.006,0.015,0
APP201285,1,0,0,27,0.025,0.179,0
APP201286,1,0,0,8,0.005,0.102,0
APP201287,0,0,0,53,0.126,0.068,0
APP201288,1,2,0,19,0.02,0.192,1
APP201289,0,0,0,21,0.008,0.086,0
APP201290,0,1,0,47,0.03,0.137,0
APP201291,0,1,0,9,0.039,0.144,0
APP201292,0,0,0,16,0.012,0.034,0
APP201293,1,0,0,44,0.057,0.187,0
APP201294,0,0,0,60,0.096,0.069,0
APP201295,0,0,1,29,0.0,0.08,0
APP201296,0,0,0,14,0.068,0.062,0
APP201297,2,0,0,43,0.038,0.153,0
APP201298,0,0,0,14,0.004,0.011,0
APP201299,1,0,0,18,0.013,0.033,0
APP201300,0,0,0,19,0.003,0.012,0
APP201301,1,1,0,17,0.042,0.137,0
APP201302,1,0,0,45,0.018,0.317,0
APP201303,1,1,0,27,0.0,0.188,0
APP201304,2,0,0,21,0.026,0.168,0
APP201305,0,1,0,14,0.109,0.024,0
APP201306,0,1,0,12,0.023,0.081,0
APP201307,0,1,0,21,0.112,0.08,0
APP201308,1,1,0,18,0.18,0.078,0
APP201309,0,0,0,24,0.025,0.47,0
APP201310,0,1,0,19,0.054,0.015,0
APP201311,0,0,0,13,0.165,0.093,0
APP201312,1,0,0,21,0.092,0.026,0
APP201313,0,1,0,20,0.041,0.161,0
APP201314,0,1,0,23,0.053,0.075,0
APP201315,0,0,0,16,0.027,0.1,0
APP201316,1,0,0,9,0.043,0.095,0
APP201317,0,1,0,17,0.0,0.09,0
APP201318,0,2,0,11,0.187,0.077,0
APP201319,0,0,0,13,0.07,0.153,0
APP201320,0,0,0,16,0.027,0.085,0
APP201321,0,0,0,9,0.032,0.047,0
APP201322,0,1,0,18,0.027,0.031,0
APP201323,0,1,0,28,0.019,0.225,0
APP201324,1,0,0,25,0.01,0.044,0
APP201325,0,0,0,6,0.046,0.066,0
APP201326,0,0,0,26,0.045,0.101,0
APP201327,1,1,0,46,0.119,0.012,0
APP201328,0,1,0,10,0.009,0.106,0
APP201329,0,0,0,17,0.002,0.049,0
APP201330,1,0,0,8,0.115,0.107,0
APP201331,1,0,0,22,0.017,0.035,0
APP201332,0,0,0,8,0.001,0.071,0
APP201333,0,1,0,10,0.01,0.145,0
APP201334,0,0,0,17,0.14,0.07,0
APP201335,0,0,0,7,0.117,0.047,0
APP201336,0,0,0,15,0.034,0.05,0
APP201337,1,0,0,20,0.02,0.036,0
APP201338,0,0,0,6,0.011,0.056,0
APP201339,0,0,0,15,0.011,0.079,0
APP201340,2,1,0,14,0.024,0.073,0
APP201341,0,0,0,26,0.093,0.123,0
APP201342,0,0,0,27,0.191,0.167,0
APP201343,0,0,0,9,0.008,0.158,0
APP201344,0,0,0,8,0.014,0.08,0
APP201345,0,0,0,8,0.039,0.014,0
APP201346,0,0,0,21,0.014,0.051,0
APP201347,1,0,0,9,0.022,0.087,0
APP201348,0,0,0,8,0.016,0.031,0
APP201349,0,0,0,15,0.025,0.089,0
APP201350,0,1,0,23,0.019,0.087,0
APP201351,0,2,0,47,0.055,0.18,0
APP201352,0,0,0,22,0.04,0.024,0
APP201353,0,1,0,18,0.016,0.064,0
APP201354,0,1,0,19,0.024,0.151,0
APP201355,0,1,0,29,0.087,0.064,0
APP201356,0,1,0,27,0.203,0.044,0
APP201357,0,0,0,15,0.119,0.088,0
APP201358,0,0,0,17,0.007,0.073,0
APP201359,0,0,0,50,0.028,0.08,0
APP201360,0,1,0,18,0.001,0.046,0
APP201361,0,1,1,20,0.071,0.053,0
APP201362,0,0,0,35,0.001,0.018,0
APP201363,1,0,0,39,0.234,0.132,0
APP201364,0,0,0,12,0.006,0.077,0
APP201365,0,1,0,27,0.004,0.032,0
APP201366,0,1,0,23,0.009,0.009,0
APP201367,1,2,0,18,0.01,0.051,0
APP201368,1,1,0,17,0.037,0.08,0
APP201369,0,1,0,11,0.049,0.045,0
APP201370,0,0,0,42,0.043,0.031,0
APP201371,0,2,0,22,0.021,0.212,0
APP201372,0,1,0,28,0.04,0.085,0
APP201373,0,0,0,34,0.089,0.171,0
APP201374,0,0,0,48,0.057,0.16,0
APP201375,0,0,1,14,0.037,0.006,0
APP201376,0,0,0,16,0.004,0.01,0
APP201377,2,0,1,7,0.071,0.156,0
APP201378,0,1,0,34,0.036,0.029,0
APP201379,0,0,0,35,0.131,0.102,0
APP201380,0,0,0,30,0.011,0.03,0
APP201381,0,1,0,18,0.002,0.122,0
APP201382,0,1,0,11,0.108,0.169,0
APP201383,0,0,0,32,0.058,0.07,0
APP201384,0,0,0,12,0.062,0.017,0
APP201385,1,1,0,24,0.002,0.095,0
APP201386,1,1,0,4,0.0,0.054,0
APP201387,0,0,0,23,0.023,0.198,0
APP201388,0,1,0,32,0.072,0.014,0
APP201389,0,0,0,24,0.102,0.27,0
APP201390,1,0,0,4,0.024,0.133,0
APP201391,0,1,0,73,0.001,0.092,0
APP201392,0,1,0,41,0.037,0.021,0
APP201393,0,0,0,29,0.041,0.12,0
APP201394,1,0,0,19,0.017,0.039,0
APP201395,0,0,0,21,0.112,0.099,0
APP201396,1,0,0,22,0.002,0.093,0
APP201397,1,0,0,14,0.052,0.014,0
APP201398,0,0,0,9,0.088,0.126,0
APP201399,0,0,0,52,0.013,0.027,0
APP201400,2,0,0,6,0.095,0.368,0
APP201401,0,0,0,24,0.036,0.122,0
APP201402,0,0,0,4,0.0,0.028,0
APP201403,2,0,0,13,0.039,0.134,0
APP201404,0,0,0,32,0.044,0.007,0
APP201405,0,0,1,39,0.008,0.039,0
APP201406,0,0,1,3,0.0,0.118,0
APP201407,1,0,0,22,0.068,0.233,0
APP201408,0,1,0,27,0.02,0.239,0
APP201409,0,0,0,19,0.004,0.041,0
APP201410,0,1,0,18,0.081,0.029,0
APP201411,0,0,0,15,0.003,0.084,0
APP201412,0,0,0,43,0.062,0.023,0
APP201413,0,0,0,36,0.001,0.022,0
APP201414,0,0,0,19,0.065,0.167,0
APP201415,1,0,0,10,0.017,0.073,0
APP201416,0,1,0,7,0.038,0.034,0
APP201417,1,0,0,53,0.008,0.012,0
APP201418,0,0,0,27,0.037,0.048,0
APP201419,0,1,0,32,0.023,0.098,0
APP201420,0,1,0,13,0.025,0.15,0
APP201421,0,0,0,17,0.042,0.068,0
APP201422,0,0,0,44,0.001,0.145,0
APP201423,0,0,0,26,0.011,0.025,0
APP201424,2,0,0,27,0.066,0.18,0
APP201425,0,0,0,17,0.003,0.133,0
APP201426,0,0,0,17,0.094,0.054,0
APP201427,0,0,0,18,0.017,0.109,0
APP201428,1,0,0,13,0.092,0.045,0
APP201429,0,1,0,28,0.002,0.131,0
APP201430,1,2,0,38,0.0,0.025,0
APP201431,0,2,0,15,0.013,0.107,0
APP201432,0,0,0,40,0.006,0.053,0
APP201433,0,0,0,15,0.064,0.068,0
APP201434,0,0,0,17,0.052,0.046,0
APP201435,0,0,0,36,0.006,0.003,0
APP201436,0,1,0,25,0.025,0.011,0
APP201437,0,0,0,20,0.003,0.026,0
APP201438,0,0,1,22,0.038,0.046,0
APP201439,0,0,0,27,0.097,0.119,0
APP201440,1,0,0,44,0.216,0.179,0
APP201441,0,0,0,44,0.074,0.072,0
APP201442,0,0,0,19,0.055,0.07,0
APP201443,1,0,0,16,0.07,0.025,0
APP201444,0,0,0,31,0.077,0.084,0
APP201445,1,0,0,28,0.018,0.244,0
APP201446,1,0,0,82,0.03,0.094,0
APP201447,0,1,0,44,0.031,0.181,0
APP201448,0,1,0,22,0.018,0.042,0
APP201449,1,2,0,24,0.002,0.109,0
APP201450,1,0,0,15,0.094,0.018,0
APP201451,0,1,0,25,0.026,0.144,0
APP201452,1,0,0,19,0.037,0.06,0
APP201453,1,0,0,14,0.025,0.029,0
APP201454,1,1,0,17,0.053,0.051,0
APP201455,0,2,0,16,0.001,0.018,0
APP201456,0,0,0,18,0.081,0.093,0
APP201457,1,1,0,17,0.06,0.058,0
APP201458,0,0,0,45,0.0,0.014,0
APP201459,0,1,0,43,0.03,0.088,0
APP201460,1,0,0,15,0.027,0.016,0
APP201461,1,0,0,16,0.029,0.005,0
APP201462,0,0,0,33,0.036,0.187,0
APP201463,0,2,0,29,0.031,0.066,0
APP201464,0,0,0,58,0.03,0.147,0
APP201465,0,0,0,13,0.017,0.193,0
APP201466,0,0,0,20,0.092,0.097,0
APP201467,0,0,0,35,0.029,0.015,0
APP201468,0,0,0,8,0.066,0.047,0
APP201469,0,0,0,23,0.177,0.042,0
APP201470,1,0,0,18,0.006,0.015,0
APP201471,0,0,0,10,0.001,0.093,0
APP201472,1,0,0,59,0.019,0.138,0
APP201473,1,0,0,13,0.169,0.074,0
APP201474,1,0,0,13,0.152,0.078,0
APP201475,0,0,0,3,0.024,0.15,0
APP201476,0,0,0,18,0.0,0.027,0
APP201477,1,1,0,13,0.003,0.05,0
APP201478,0,0,0,5,0.028,0.025,0
APP201479,0,1,0,12,0.024,0.06,0
APP201480,0,1,0,11,0.141,0.066,0
APP201481,1,0,0,38,0.028,0.13,0
APP201482,0,1,0,25,0.017,0.261,0
APP201483,0,0,0,15,0.074,0.076,0
APP201484,0,0,0,7,0.048,0.047,0
APP201485,0,0,0,40,0.084,0.003,0
APP201486,1,0,0,21,0.008,0.003,0
APP201487,1,0,0,6,0.046,0.262,0
APP201488,0,0,0,24,0.015,0.088,0
APP201489,1,0,0,13,0.003,0.1,0
APP201490,1,0,0,15,0.052,0.014,0
APP201491,0,0,0,51,0.051,0.006,0
APP201492,1,1,0,11,0.034,0.078,1
APP201493,0,0,0,13,0.1,0.307,0
APP201494,0,1,0,15,0.015,0.061,0
APP201495,0,2,0,16,0.016,0.085,0
APP201496,0,1,0,26,0.021,0.021,0
APP201497,0,1,0,20,0.023,0.093,0
APP201498,0,2,0,19,0.08,0.14,0
APP201499,0,1,0,31,0.034,0.094,0
APP201500,0,2,0,20,0.05,0.143,0
APP201501,2,0,0,3,0.039,0.063,0
APP201502,0,0,0,21,0.033,0.123,0
APP201503,0,0,0,30,0.058,0.002,0
APP201504,0,1,0,45,0.0,0.151,0
APP201505,0,0,0,22,0.01,0.178,0
APP201506,0,1,0,21,0.029,0.035,0
APP201507,0,2,0,19,0.065,0.01,0
APP201508,0,2,0,14,0.048,0.08,0
APP201509,0,1,0,35,0.008,0.018,0
APP201510,1,2,0,9,0.004,0.171,0
APP201511,0,0,0,15,0.026,0.104,0
APP201512,0,0,0,37,0.002,0.03,0
APP201513,0,2,0,35,0.007,0.073,0
APP201514,0,1,0,12,0.017,0.002,0
APP201515,0,0,0,29,0.069,0.14,0
APP201516,1,0,0,15,0.034,0.039,0
APP201517,0,2,0,20,0.047,0.153,0
APP201518,0,0,0,24,0.009,0.122,1
APP201519,0,0,0,16,0.001,0.016,1
APP201520,0,0,0,6,0.018,0.232,0
APP201521,0,0,0,32,0.053,0.102,0
APP201522,1,0,0,9,0.029,0.211,1
APP201523,0,0,1,37,0.073,0.109,0
APP201524,0,0,0,10,0.008,0.138,0
APP201525,0,1,0,18,0.02,0.025,0
APP201526,0,1,0,25,0.006,0.049,0
APP201527,0,0,0,23,0.012,0.079,0
APP201528,0,0,0,4,0.107,0.096,0
APP201529,0,0,0,6,0.003,0.027,0
APP201530,0,0,0,22,0.182,0.122,0
APP201531,1,1,0,28,0.09,0.142,0
APP201532,0,0,0,5,0.013,0.065,0
APP201533,0,1,0,26,0.005,0.027,0
APP201534,2,2,0,37,0.01,0.095,0
APP201535,0,1,0,8,0.003,0.015,0
APP201536,0,1,0,16,0.008,0.028,0
APP201537,0,0,0,10,0.013,0.046,0
APP201538,0,1,0,13,0.009,0.08,0
APP201539,0,0,0,18,0.146,0.064,0
APP201540,1,1,0,25,0.004,0.252,0
APP201541,0,1,0,40,0.018,0.029,0
APP201542,0,0,0,47,0.123,0.092,0
APP201543,2,0,0,13,0.02,0.114,0
APP201544,0,1,0,8,0.047,0.028,0
APP201545,0,1,0,31,0.048,0.225,0
APP201546,0,1,0,21,0.046,0.163,0
APP201547,0,2,0,38,0.015,0.014,0
APP201548,0,1,0,8,0.017,0.073,0
APP201549,1,0,0,14,0.003,0.089,0
APP201550,1,1,0,36,0.077,0.009,0
APP201551,0,1,0,31,0.008,0.098,0
APP201552,0,0,0,7,0.049,0.106,0
APP201553,0,0,0,18,0.067,0.054,0
APP201554,0,0,0,22,0.001,0.021,0
APP201555,1,0,0,23,0.004,0.011,0
APP201556,0,1,0,29,0.004,0.035,0
APP201557,2,0,0,12,0.096,0.054,0
APP201558,0,1,0,32,0.002,0.093,0
APP201559,0,1,0,22,0.005,0.111,0
APP201560,0,1,0,11,0.076,0.253,0
APP201561,1,0,0,14,0.076,0.161,0
APP201562,0,1,0,20,0.023,0.005,0
APP201563,0,2,0,16,0.006,0.107,0
APP201564,0,0,0,4,0.017,0.074,0
APP201565,1,0,0,25,0.079,0.042,0
APP201566,0,0,0,14,0.008,0.187,0
APP201567,0,1,0,12,0.207,0.11,0
APP201568,0,1,0,17,0.044,0.115,0
APP201569,0,1,0,21,0.016,0.084,0
APP201570,0,0,0,18,0.037,0.046,0
APP201571,1,0,0,29,0.065,0.006,0
APP201572,0,0,0,13,0.008,0.121,0
APP201573,0,1,0,25,0.044,0.129,0
APP201574,0,3,0,20,0.014,0.008,0
APP201575,0,0,0,37,0.069,0.029,0
APP201576,0,0,0,7,0.035,0.092,0
APP201577,0,0,0,10,0.089,0.216,0
APP201578,1,1,0,18,0.004,0.046,0
APP201579,0,1,0,21,0.069,0.055,0
APP201580,0,1,0,17,0.035,0.1,0
APP201581,1,1,0,22,0.064,0.01,0
APP201582,0,3,0,7,0.035,0.007,0
APP201583,1,0,1,19,0.021,0.151,0
APP201584,1,0,0,30,0.045,0.116,0
APP201585,0,1,0,12,0.094,0.153,0
APP201586,0,1,0,17,0.018,0.022,0
APP201587,0,0,0,30,0.081,0.1,0
APP201588,0,0,0,5,0.019,0.112,0
APP201589,0,0,0,16,0.024,0.008,0
APP201590,0,0,0,31,0.019,0.288,0
APP201591,0,0,0,8,0.0,0.047,0
APP201592,0,1,1,14,0.0,0.1,0
APP201593,0,2,0,6,0.159,0.175,1
APP201594,0,0,0,31,0.003,0.027,0
APP201595,0,1,0,12,0.006,0.041,0
APP201596,1,1,0,14,0.032,0.055,0
APP201597,1,1,0,37,0.0,0.032,0
APP201598,0,0,0,14,0.048,0.017,0
APP201599,0,2,0,15,0.023,0.092,1
APP201600,0,0,0,59,0.017,0.092,0
APP201601,0,1,0,11,0.013,0.029,0
APP201602,2,0,0,11,0.003,0.042,0
APP201603,0,0,0,19,0.007,0.071,0
APP201604,1,1,0,15,0.081,0.019,0
APP201605,0,0,0,22,0.012,0.141,0
APP201606,0,0,0,28,0.098,0.088,0
APP201607,0,1,0,20,0.008,0.036,0
APP201608,2,0,0,54,0.011,0.046,0
APP201609,0,0,0,24,0.004,0.153,0
APP201610,1,0,0,29,0.006,0.02,0
APP201611,0,2,0,35,0.003,0.013,0
APP201612,0,2,0,10,0.079,0.006,0
APP201613,0,1,0,28,0.096,0.124,0
APP201614,1,0,0,22,0.028,0.029,0
APP201615,0,1,0,14,0.018,0.072,0
APP201616,0,1,0,8,0.011,0.02,0
APP201617,0,0,0,30,0.005,0.042,0
APP201618,2,0,0,30,0.019,0.096,0
APP201619,1,0,0,89,0.0,0.217,0
APP201620,0,2,0,16,0.005,0.124,0
APP201621,0,0,0,35,0.099,0.025,0
APP201622,0,1,0,16,0.082,0.054,0
APP201623,0,1,0,18,0.066,0.121,0
APP201624,1,0,0,22,0.003,0.041,0
APP201625,0,0,0,19,0.035,0.013,0
APP201626,0,1,0,19,0.078,0.249,0
APP201627,0,1,0,37,0.033,0.023,0
APP201628,1,0,0,10,0.01,0.098,0
APP201629,0,0,0,15,0.003,0.01,0
APP201630,1,0,0,21,0.001,0.37,0
APP201631,0,0,0,13,0.013,0.131,0
APP201632,0,0,0,20,0.079,0.187,0
APP201633,0,0,0,6,0.034,0.052,0
APP201634,1,1,0,9,0.003,0.037,0
APP201635,1,0,0,48,0.081,0.198,0
APP201636,2,1,0,74,0.016,0.058,0
APP201637,0,1,0,23,0.006,0.109,0
APP201638,1,0,0,20,0.208,0.083,0
APP201639,0,1,0,46,0.134,0.035,0
APP201640,0,0,0,30,0.024,0.001,0
APP201641,0,0,0,46,0.011,0.27,0
APP201642,0,0,0,24,0.025,0.126,0
APP201643,0,1,1,24,0.074,0.145,1
APP201644,1,0,0,9,0.024,0.17,0
APP201645,1,1,0,17,0.01,0.147,0
APP201646,0,0,0,19,0.152,0.096,0
APP201647,0,1,0,5,0.037,0.052,1
APP201648,1,0,0,40,0.058,0.01,0
APP201649,0,0,0,36,0.002,0.026,0
APP201650,1,0,1,12,0.003,0.009,0
APP201651,0,0,0,21,0.002,0.171,0
APP201652,0,0,0,28,0.013,0.09,0
APP201653,0,0,0,27,0.121,0.005,0
APP201654,0,2,0,15,0.007,0.15,0
APP201655,1,2,0,6,0.018,0.077,0
APP201656,0,0,0,45,0.007,0.202,0
APP201657,1,0,0,14,0.118,0.09,0
APP201658,1,0,0,21,0.0,0.219,0
APP201659,1,0,0,16,0.002,0.389,0
APP201660,0,0,0,11,0.017,0.053,0
APP201661,0,1,0,17,0.035,0.111,0
APP201662,0,0,0,6,0.005,0.211,0
APP201663,0,0,0,11,0.063,0.019,0
APP201664,0,0,0,18,0.067,0.094,0
APP201665,0,0,0,34,0.016,0.076,0
APP201666,0,1,0,40,0.009,0.187,0
APP201667,0,0,0,7,0.031,0.287,0
APP201668,0,0,0,18,0.006,0.113,0
APP201669,0,0,0,35,0.03,0.008,0
APP201670,0,0,0,18,0.086,0.009,0
APP201671,0,1,0,21,0.093,0.168,0
APP201672,1,0,0,23,0.016,0.048,0
APP201673,1,1,0,8,0.002,0.116,0
APP201674,0,1,0,47,0.048,0.001,0
APP201675,0,0,0,11,0.056,0.014,0
APP201676,0,0,0,14,0.155,0.094,0
APP201677,2,0,0,5,0.018,0.046,0
APP201678,0,0,0,40,0.021,0.049,0
APP201679,1,0,0,13,0.043,0.067,0
APP201680,0,0,0,23,0.021,0.042,0
APP201681,0,0,0,12,0.03,0.055,0
APP201682,1,1,0,21,0.005,0.197,0
APP201683,1,1,0,25,0.0,0.05,0
APP201684,1,0,0,12,0.049,0.074,0
APP201685,1,0,1,4,0.024,0.049,0
APP201686,1,1,0,43,0.008,0.021,0
APP201687,0,0,0,20,0.018,0.133,0
APP201688,0,1,0,16,0.029,0.242,0
APP201689,1,0,0,3,0.005,0.211,0
APP201690,3,0,0,17,0.001,0.011,0
APP201691,0,3,0,24,0.047,0.14,0
APP201692,0,1,0,12,0.013,0.138,0
APP201693,0,0,0,50,0.026,0.014,0
APP201694,0,1,0,5,0.006,0.108,0
APP201695,0,0,0,34,0.019,0.243,1
APP201696,0,0,0,16,0.115,0.019,0
APP201697,0,0,0,29,0.02,0.133,0
APP201698,0,0,0,23,0.002,0.067,0
APP201699,0,1,0,30,0.13,0.113,0
APP201700,0,1,0,5,0.001,0.111,0
APP201701,0,0,0,49,0.015,0.019,0
APP201702,1,0,0,30,0.095,0.016,0
APP201703,0,0,0,51,0.098,0.205,0
APP201704,1,0,0,29,0.008,0.127,0
APP201705,1,0,0,22,0.034,0.064,0
APP201706,1,2,0,15,0.159,0.095,1
APP201707,0,0,1,15,0.066,0.047,0
APP201708,0,0,0,18,0.046,0.125,0
APP201709,1,0,0,37,0.049,0.028,0
APP201710,1,0,0,11,0.054,0.183,0
APP201711,0,0,0,39,0.034,0.139,0
APP201712,0,0,0,46,0.06,0.045,0
APP201713,0,0,0,10,0.176,0.079,0
APP201714,2,1,0,25,0.009,0.01,0
APP201715,0,2,0,10,0.133,0.076,0
APP201716,1,1,0,13,0.053,0.048,0
APP201717,0,0,0,11,0.109,0.04,0
APP201718,0,1,0,63,0.101,0.013,0
APP201719,0,0,0,11,0.003,0.068,0
APP201720,1,0,0,23,0.065,0.078,0
APP201721,0,0,0,18,0.006,0.169,0
APP201722,1,1,0,48,0.033,0.253,0
APP201723,0,0,0,12,0.06,0.001,0
APP201724,0,0,0,21,0.072,0.021,0
APP201725,0,0,0,28,0.0,0.028,0
APP201726,1,0,0,48,0.077,0.184,0
APP201727,0,0,0,14,0.009,0.062,0
APP201728,0,2,0,6,0.061,0.005,0
APP201729,2,0,0,12,0.007,0.151,0
APP201730,0,0,0,19,0.093,0.146,0
APP201731,0,0,0,16,0.012,0.082,0
APP201732,0,0,0,25,0.015,0.196,0
APP201733,0,0,0,26,0.006,0.058,0
APP201734,0,0,0,8,0.068,0.059,0
APP201735,0,1,0,14,0.0,0.018,0
APP201736,0,2,0,48,0.013,0.122,0
APP201737,0,0,0,9,0.032,0.017,0
APP201738,1,0,0,2,0.017,0.047,0
APP201739,0,3,0,18,0.051,0.019,0
APP201740,0,0,0,29,0.025,0.171,0
APP201741,0,0,0,11,0.11,0.151,0
APP201742,0,0,0,16,0.004,0.108,0
APP201743,0,0,0,12,0.017,0.046,0
APP201744,1,0,0,20,0.006,0.038,0
APP201745,0,0,0,13,0.171,0.021,0
APP201746,0,0,0,19,0.001,0.019,0
APP201747,1,1,0,32,0.136,0.119,0
APP201748,0,1,0,14,0.016,0.111,0
APP201749,0,1,0,19,0.033,0.168,0
APP201750,2,0,0,66,0.034,0.014,0
APP201751,0,0,0,8,0.01,0.004,0
APP201752,1,0,0,9,0.141,0.0,0
APP201753,0,0,0,9,0.001,0.026,0
APP201754,0,0,0,53,0.07,0.152,0
APP201755,0,1,0,37,0.002,0.024,0
APP201756,0,0,0,38,0.062,0.061,0
APP201757,1,1,0,7,0.056,0.046,0
APP201758,0,0,1,35,0.04,0.022,0
APP201759,0,0,0,28,0.058,0.035,0
APP201760,0,2,0,18,0.045,0.026,0
APP201761,0,0,0,13,0.001,0.096,0
APP201762,0,1,0,3,0.18,0.015,0
APP201763,0,0,0,10,0.06,0.035,0
APP201764,0,1,0,57,0.017,0.003,0
APP201765,2,0,0,26,0.029,0.202,0
APP201766,0,1,0,4,0.044,0.108,0
APP201767,0,0,0,11,0.025,0.05,0
APP201768,0,1,0,30,0.101,0.295,0
APP201769,0,1,0,10,0.001,0.071,0
APP201770,1,0,0,34,0.079,0.066,0
APP201771,1,0,0,25,0.187,0.13,0
APP201772,1,0,0,15,0.093,0.085,0
APP201773,0,0,0,30,0.001,0.068,0
APP201774,2,0,1,9,0.01,0.029,0
APP201775,0,2,0,16,0.02,0.04,0
APP201776,0,2,0,14,0.039,0.118,0
APP201777,0,0,0,28,0.148,0.059,0
APP201778,0,1,0,25,0.037,0.064,0
APP201779,0,1,0,53,0.095,0.046,0
APP201780,0,0,0,32,0.0,0.067,0
APP201781,0,1,0,8,0.04,0.073,0
APP201782,0,0,0,26,0.002,0.164,0
APP201783,0,0,0,12,0.009,0.066,0
APP201784,0,1,1,15,0.057,0.049,0
APP201785,0,1,1,19,0.006,0.176,0
APP201786,3,1,0,5,0.0,0.032,0
APP201787,1,0,0,15,0.081,0.128,0
APP201788,0,0,0,33,0.017,0.009,0
APP201789,0,0,0,4,0.222,0.037,0
APP201790,1,0,0,31,0.023,0.099,0
APP201791,1,1,0,6,0.006,0.062,0
APP201792,0,0,0,23,0.096,0.047,0
APP201793,1,0,0,34,0.01,0.05,0
APP201794,0,1,0,41,0.089,0.015,0
APP201795,0,0,0,31,0.053,0.037,0
APP201796,0,0,0,41,0.007,0.037,0
APP201797,0,1,0,36,0.045,0.07,0
APP201798,1,0,0,35,0.037,0.238,0
APP201799,0,0,0,25,0.001,0.095,0
APP201800,1,2,0,8,0.074,0.101,0
APP201801,2,0,0,17,0.122,0.193,0
APP201802,0,1,0,13,0.117,0.075,0
APP201803,1,0,0,14,0.03,0.048,0
APP201804,0,0,0,32,0.051,0.064,0
APP201805,0,0,0,20,0.2,0.053,0
APP201806,0,0,1,21,0.008,0.022,0
APP201807,0,1,0,26,0.021,0.011,0
APP201808,1,0,0,9,0.122,0.166,0
APP201809,0,0,0,23,0.001,0.008,0
APP201810,0,0,0,23,0.038,0.061,0
APP201811,0,0,0,38,0.048,0.078,0
APP201812,0,1,0,34,0.032,0.079,0
APP201813,0,0,0,48,0.024,0.07,0
APP201814,1,2,0,10,0.028,0.048,0
APP201815,1,0,0,31,0.004,0.011,0
APP201816,0,0,0,47,0.056,0.055,0
APP201817,0,0,0,24,0.001,0.214,0
APP201818,0,1,0,8,0.097,0.052,0
APP201819,0,0,0,15,0.004,0.051,0
APP201820,0,1,0,18,0.004,0.028,0
APP201821,0,0,0,16,0.022,0.196,0
APP201822,0,1,0,21,0.045,0.064,0
APP201823,1,0,0,30,0.01,0.091,0
APP201824,0,1,0,16,0.105,0.076,0
APP201825,1,1,0,23,0.022,0.042,0
APP201826,0,0,0,27,0.003,0.107,0
APP201827,0,1,0,13,0.021,0.138,0
APP201828,0,0,0,27,0.065,0.02,0
APP201829,0,0,0,12,0.006,0.0,0
APP201830,0,0,0,9,0.024,0.08,0
APP201831,0,2,0,25,0.078,0.149,0
APP201832,0,0,0,19,0.156,0.004,0
APP201833,1,0,0,28,0.021,0.081,0
APP201834,0,0,0,40,0.017,0.159,0
APP201835,0,0,0,20,0.034,0.286,0
APP201836,0,0,0,19,0.057,0.19,0
APP201837,0,0,0,29,0.018,0.155,0
APP201838,0,0,0,64,0.022,0.169,0
APP201839,0,2,0,7,0.072,0.08,0
APP201840,0,1,0,25,0.013,0.038,0
APP201841,0,2,0,10,0.074,0.143,0
APP201842,1,1,0,6,0.142,0.074,0
APP201843,1,0,0,19,0.027,0.009,0
APP201844,1,0,0,7,0.003,0.233,0
APP201845,1,1,0,9,0.08,0.07,0
APP201846,1,0,0,39,0.152,0.045,0
APP201847,0,2,0,8,0.094,0.01,0
APP201848,0,1,0,31,0.046,0.041,0
APP201849,0,1,0,31,0.117,0.311,0
APP201850,0,0,1,71,0.045,0.08,0
APP201851,0,0,0,47,0.002,0.035,0
APP201852,1,0,0,34,0.018,0.049,0
APP201853,0,0,0,25,0.025,0.029,0
APP201854,0,1,0,26,0.069,0.023,0
APP201855,1,1,0,13,0.001,0.06,0
APP201856,1,0,0,25,0.006,0.115,0
APP201857,0,0,1,31,0.057,0.13,0
APP201858,1,0,0,20,0.011,0.008,0
APP201859,0,1,0,36,0.014,0.13,0
APP201860,1,1,0,53,0.013,0.049,0
APP201861,0,1,0,22,0.007,0.109,0
APP201862,1,2,0,7,0.018,0.011,0
APP201863,0,1,0,13,0.019,0.02,0
APP201864,1,0,0,23,0.065,0.09,0
APP201865,0,0,0,40,0.092,0.084,0
APP201866,0,0,0,15,0.054,0.08,0
APP201867,1,0,0,8,0.068,0.03,0
APP201868,0,1,0,16,0.019,0.016,0
APP201869,0,0,0,18,0.053,0.04,0
APP201870,0,0,0,27,0.061,0.223,0
APP201871,1,0,0,24,0.007,0.368,0
APP201872,0,1,0,33,0.032,0.143,0
APP201873,0,0,0,15,0.018,0.059,0
APP201874,1,0,0,8,0.003,0.065,0
APP201875,0,0,0,37,0.02,0.002,0
APP201876,0,0,0,39,0.078,0.073,0
APP201877,0,1,0,11,0.09,0.112,0
APP201878,1,0,0,26,0.054,0.092,0
APP201879,0,0,0,13,0.042,0.017,0
APP201880,0,2,0,31,0.004,0.114,0
APP201881,0,0,0,20,0.09,0.145,0
APP201882,0,1,0,21,0.004,0.088,0
APP201883,0,0,0,8,0.002,0.01,0
APP201884,0,1,0,8,0.0,0.016,0
APP201885,0,1,0,7,0.034,0.036,0
APP201886,0,0,0,22,0.006,0.002,0
APP201887,0,2,0,13,0.077,0.191,0
APP201888,0,2,0,9,0.023,0.171,0
APP201889,1,0,0,7,0.033,0.046,0
APP201890,0,0,0,37,0.003,0.178,0
APP201891,0,0,0,21,0.024,0.148,0
APP201892,0,1,1,3,0.003,0.127,0
APP201893,0,1,0,9,0.291,0.132,0
APP201894,2,0,0,10,0.054,0.144,0
APP201895,1,1,0,35,0.044,0.102,0
APP201896,0,1,0,63,0.007,0.112,0
APP201897,0,0,0,15,0.109,0.061,0
APP201898,1,0,0,6,0.041,0.164,0
APP201899,0,1,0,55,0.042,0.175,1
APP201900,0,0,0,18,0.153,0.248,0
APP201901,0,2,0,55,0.007,0.042,0
APP201902,0,1,0,19,0.08,0.01,0
APP201903,0,0,1,31,0.186,0.149,0
APP201904,1,0,0,28,0.044,0.091,0
APP201905,1,1,1,24,0.019,0.027,0
APP201906,0,0,0,29,0.007,0.078,0
APP201907,1,0,0,35,0.022,0.027,0
APP201908,0,1,0,26,0.008,0.192,0
APP201909,0,1,0,30,0.013,0.11,0
APP201910,0,0,0,29,0.019,0.057,0
APP201911,0,0,0,17,0.009,0.054,0
APP201912,1,1,1,11,0.014,0.124,0
APP201913,1,0,0,28,0.105,0.245,0
APP201914,0,1,0,51,0.0,0.092,0
APP201915,0,0,0,37,0.0,0.03,0
APP201916,0,0,0,19,0.031,0.035,0
APP201917,0,0,0,3,0.006,0.227,0
APP201918,1,0,0,36,0.006,0.089,0
APP201919,0,0,0,43,0.015,0.324,0
APP201920,0,1,0,21,0.002,0.307,0
APP201921,0,0,0,32,0.098,0.01,1
APP201922,0,0,0,23,0.021,0.102,0
APP201923,0,0,0,43,0.035,0.084,0
APP201924,0,1,0,19,0.03,0.026,0
APP201925,0,0,0,15,0.002,0.011,0
APP201926,1,2,0,20,0.001,0.068,0
APP201927,0,0,0,14,0.024,0.212,0
APP201928,2,0,0,9,0.013,0.2,0
APP201929,0,0,0,14,0.015,0.051,0
APP201930,0,0,0,19,0.085,0.037,0
APP201931,2,0,0,33,0.105,0.107,0
APP201932,0,1,0,17,0.013,0.026,0
APP201933,0,0,0,15,0.075,0.104,0
APP201934,1,1,0,31,0.002,0.101,0
APP201935,0,0,0,17,0.037,0.128,0
APP201936,0,1,0,16,0.197,0.015,0
APP201937,1,1,0,37,0.038,0.246,0
APP201938,2,0,0,18,0.001,0.034,0
APP201939,0,0,0,45,0.087,0.038,0
APP201940,0,0,0,18,0.039,0.005,0
APP201941,0,1,0,34,0.015,0.048,0
APP201942,0,0,0,41,0.038,0.091,0
APP201943,1,0,0,20,0.085,0.132,0
APP201944,1,0,0,12,0.048,0.116,0
APP201945,0,0,0,17,0.011,0.085,0
APP201946,1,0,1,24,0.031,0.039,0
APP201947,0,0,0,24,0.002,0.016,0
APP201948,1,1,0,11,0.051,0.163,0
APP201949,0,1,0,27,0.071,0.056,0
APP201950,0,1,0,32,0.017,0.193,0
APP201951,1,0,0,4,0.001,0.195,0
APP201952,1,0,0,13,0.033,0.025,0
APP201953,0,0,0,43,0.027,0.074,0
APP201954,0,0,0,10,0.004,0.037,0
APP201955,1,0,0,18,0.09,0.097,0
APP201956,0,0,0,47,0.005,0.097,0
APP201957,0,2,0,24,0.12,0.017,0
APP201958,2,2,0,34,0.031,0.07,0
APP201959,1,0,0,48,0.005,0.091,0
APP201960,0,0,0,29,0.215,0.233,0
APP201961,2,0,0,29,0.048,0.257,0
APP201962,0,1,0,18,0.017,0.049,0
APP201963,1,2,0,12,0.05,0.197,0
APP201964,1,0,0,42,0.045,0.028,0
APP201965,0,0,0,10,0.02,0.078,0
APP201966,0,2,0,50,0.005,0.038,0
APP201967,0,1,0,19,0.024,0.174,0
APP201968,0,0,0,34,0.003,0.145,0
APP201969,1,0,0,59,0.017,0.063,0
APP201970,1,0,0,39,0.032,0.095,0
APP201971,1,0,0,7,0.05,0.16,0
APP201972,1,0,1,4,0.073,0.028,0
APP201973,0,0,0,31,0.045,0.005,0
APP201974,0,0,0,37,0.024,0.022,0
APP201975,0,0,0,10,0.017,0.255,0
APP201976,0,0,0,12,0.009,0.153,0
APP201977,0,0,0,14,0.004,0.083,0
APP201978,0,0,0,35,0.03,0.024,0
APP201979,0,0,0,20,0.013,0.046,0
APP201980,0,0,0,31,0.001,0.178,0
APP201981,0,0,0,20,0.0,0.06,0
APP201982,0,1,0,9,0.308,0.05,0
APP201983,0,1,0,36,0.073,0.059,0
APP201984,0,0,0,40,0.027,0.323,0
APP201985,1,0,0,20,0.039,0.144,0
APP201986,2,2,0,26,0.009,0.165,0
APP201987,0,2,0,70,0.072,0.083,0
APP201988,0,1,0,13,0.091,0.022,0
APP201989,0,0,0,20,0.01,0.07,0
APP201990,1,0,0,11,0.006,0.018,0
APP201991,0,1,0,43,0.001,0.001,0
APP201992,0,0,0,19,0.006,0.005,0
APP201993,0,0,0,22,0.052,0.059,0
APP201994,1,1,0,5,0.066,0.091,0
APP201995,0,1,0,18,0.031,0.07,0
APP201996,0,0,0,16,0.037,0.057,0
APP201997,0,0,0,26,0.036,0.055,0
APP201998,0,1,0,16,0.071,0.159,0
APP201999,0,0,0,25,0.003,0.045,0
APP202000,0,0,0,39,0.03,0.011,0
APP202001,0,1,0,9,0.042,0.071,0
APP202002,0,0,0,41,0.025,0.002,0
APP202003,0,1,0,26,0.021,0.013,0
APP202004,0,0,0,8,0.009,0.043,0
APP202005,1,1,0,37,0.047,0.185,0
APP202006,1,0,0,10,0.098,0.043,0
APP202007,1,0,0,8,0.001,0.027,0
APP202008,0,0,0,24,0.115,0.041,0
APP202009,0,0,0,15,0.116,0.101,0
APP202010,0,0,0,18,0.003,0.002,0
APP202011,0,0,0,13,0.048,0.137,0
APP202012,1,2,0,27,0.012,0.088,0
APP202013,2,0,0,48,0.035,0.08,0
APP202014,1,0,0,22,0.031,0.221,0
APP202015,1,1,0,41,0.042,0.021,0
APP202016,0,0,0,6,0.018,0.082,0
APP202017,0,1,0,11,0.008,0.085,0
APP202018,1,0,0,6,0.073,0.098,0
APP202019,1,0,1,44,0.06,0.091,0
APP202020,0,0,0,30,0.0,0.106,0
APP202021,0,0,0,32,0.001,0.08,0
APP202022,0,2,0,27,0.063,0.171,0
APP202023,1,1,0,22,0.117,0.002,0
APP202024,0,0,0,21,0.12,0.159,0
APP202025,0,0,0,21,0.002,0.011,0
APP202026,0,1,0,53,0.044,0.195,0
APP202027,0,0,0,28,0.082,0.122,0
APP202028,0,1,0,23,0.001,0.158,0
APP202029,0,3,0,21,0.002,0.07,0
APP202030,0,0,0,7,0.013,0.022,0
APP202031,1,1,0,27,0.178,0.029,0
APP202032,0,0,0,56,0.006,0.185,0
APP202033,1,0,0,10,0.179,0.036,0
APP202034,2,0,0,16,0.113,0.248,0
APP202035,0,0,0,11,0.051,0.038,0
APP202036,0,0,0,21,0.037,0.009,0
APP202037,0,0,0,17,0.074,0.373,0
APP202038,3,0,0,6,0.023,0.132,0
APP202039,0,0,0,13,0.012,0.053,0
APP202040,0,0,0,6,0.013,0.079,0
APP202041,1,0,0,56,0.066,0.006,0
APP202042,1,0,0,9,0.002,0.149,0
APP202043,0,0,0,8,0.011,0.05,0
APP202044,0,0,1,28,0.033,0.015,0
APP202045,0,1,0,27,0.071,0.109,0
APP202046,0,1,0,16,0.064,0.015,0
APP202047,0,3,0,17,0.018,0.035,0
APP202048,0,0,0,12,0.002,0.068,0
APP202049,0,1,0,9,0.109,0.029,0
APP202050,0,0,0,34,0.001,0.029,0
APP202051,0,0,0,13,0.056,0.077,0
APP202052,1,0,0,50,0.006,0.028,0
APP202053,1,2,0,25,0.026,0.129,0
APP202054,0,0,0,28,0.012,0.046,0
APP202055,0,0,0,8,0.008,0.275,0
APP202056,0,1,0,64,0.096,0.003,0
APP202057,1,0,0,34,0.029,0.054,0
APP202058,0,0,0,20,0.009,0.032,0
APP202059,0,0,0,20,0.117,0.102,0
APP202060,0,0,0,22,0.028,0.234,0
APP202061,1,1,0,8,0.117,0.027,0
APP202062,0,0,0,12,0.064,0.009,0
APP202063,0,1,0,42,0.013,0.013,0
APP202064,0,1,0,10,0.003,0.091,0
APP202065,0,0,0,38,0.091,0.08,0
APP202066,0,0,0,23,0.039,0.02,0
APP202067,0,2,0,45,0.061,0.031,0
APP202068,1,0,0,32,0.018,0.055,0
APP202069,0,1,0,31,0.013,0.109,0
APP202070,1,0,0,22,0.116,0.176,0
APP202071,2,0,0,16,0.001,0.147,0
APP202072,0,0,0,10,0.001,0.209,0
APP202073,0,2,0,16,0.061,0.062,0
APP202074,0,2,0,17,0.127,0.252,0
APP202075,0,1,0,12,0.022,0.047,0
APP202076,0,1,0,15,0.142,0.107,0
APP202077,2,2,1,24,0.012,0.037,0
APP202078,0,0,0,18,0.024,0.134,0
APP202079,0,0,0,9,0.009,0.023,0
APP202080,0,1,0,18,0.002,0.049,0
APP202081,1,1,0,21,0.032,0.118,0
APP202082,0,0,0,40,0.037,0.024,0
APP202083,1,1,0,22,0.062,0.04,0
APP202084,0,1,0,19,0.01,0.038,0
APP202085,1,0,0,15,0.114,0.032,0
APP202086,2,1,0,36,0.031,0.247,0
APP202087,1,1,0,13,0.002,0.047,0
APP202088,0,1,0,13,0.052,0.326,1
APP202089,0,0,0,28,0.173,0.034,0
APP202090,1,0,0,40,0.014,0.033,0
APP202091,0,1,0,14,0.019,0.203,0
APP202092,0,0,0,25,0.107,0.04,0
APP202093,0,1,0,20,0.213,0.112,0
APP202094,0,0,0,60,0.017,0.093,0
APP202095,0,2,0,24,0.03,0.037,0
APP202096,0,2,0,19,0.004,0.007,0
APP202097,0,0,0,10,0.024,0.047,0
APP202098,0,0,0,10,0.001,0.014,0
APP202099,0,0,0,15,0.038,0.133,0
APP202100,0,0,0,28,0.041,0.126,0
APP202101,1,1,0,15,0.14,0.266,0
APP202102,0,1,0,7,0.041,0.116,0
APP202103,1,0,0,51,0.037,0.069,0
APP202104,0,0,0,17,0.046,0.076,0
APP202105,0,0,0,48,0.151,0.028,0
APP202106,0,0,0,33,0.054,0.172,0
APP202107,1,0,0,32,0.077,0.092,0
APP202108,1,1,0,48,0.027,0.041,0
APP202109,1,0,0,43,0.008,0.096,0
APP202110,1,1,0,20,0.084,0.04,0
APP202111,1,0,0,17,0.017,0.053,0
APP202112,0,1,0,18,0.024,0.004,0
APP202113,0,0,0,29,0.08,0.049,0
APP202114,0,0,0,15,0.092,0.134,0
APP202115,0,0,0,15,0.004,0.07,0
APP202116,0,1,0,56,0.009,0.112,0
APP202117,0,0,0,32,0.057,0.292,0
APP202118,0,0,0,18,0.119,0.046,0
APP202119,0,1,0,18,0.006,0.003,0
APP202120,0,0,0,20,0.277,0.018,0
APP202121,0,0,0,17,0.075,0.199,0
APP202122,0,1,0,23,0.009,0.205,0
APP202123,0,1,0,20,0.024,0.124,0
APP202124,0,1,0,56,0.059,0.136,0
APP202125,1,1,0,18,0.0,0.136,0
APP202126,0,0,0,6,0.112,0.03,0
APP202127,0,2,0,48,0.132,0.076,0
APP202128,0,2,0,6,0.006,0.027,0
APP202129,0,0,0,10,0.166,0.097,0
APP202130,1,1,0,20,0.011,0.17,0
APP202131,1,1,0,17,0.026,0.147,0
APP202132,0,0,0,40,0.015,0.161,0
APP202133,0,1,0,6,0.14,0.131,0
APP202134,1,1,1,13,0.016,0.065,0
APP202135,0,2,0,9,0.139,0.132,0
APP202136,0,0,0,14,0.098,0.168,0
APP202137,1,0,0,12,0.042,0.057,0
APP202138,1,1,0,24,0.025,0.09,0
APP202139,0,0,0,13,0.004,0.019,0
APP202140,1,1,0,24,0.002,0.049,0
APP202141,1,0,0,36,0.001,0.094,0
APP202142,1,1,0,7,0.157,0.022,0
APP202143,1,0,0,12,0.004,0.021,0
APP202144,1,1,0,36,0.275,0.014,0
APP202145,0,0,0,24,0.001,0.159,0
APP202146,1,3,0,15,0.009,0.12,0
APP202147,0,0,0,37,0.034,0.005,0
APP202148,0,1,0,22,0.087,0.146,1
APP202149,0,0,0,12,0.028,0.167,0
APP202150,0,0,0,18,0.014,0.029,0
APP202151,1,0,0,12,0.046,0.078,0
APP202152,1,0,0,11,0.056,0.048,0
APP202153,0,0,0,23,0.129,0.285,0
APP202154,1,0,0,42,0.001,0.012,0
APP202155,0,0,0,21,0.029,0.059,0
APP202156,1,1,0,8,0.038,0.004,0
APP202157,1,0,0,7,0.056,0.046,0
APP202158,0,0,0,23,0.128,0.011,0
APP202159,0,1,0,6,0.209,0.121,0
APP202160,0,1,0,14,0.023,0.036,0
APP202161,1,0,0,5,0.131,0.002,0
APP202162,0,0,0,27,0.015,0.123,0
APP202163,0,1,0,34,0.003,0.135,0
APP202164,1,0,0,11,0.137,0.15,0
APP202165,1,0,0,20,0.098,0.079,0
APP202166,0,0,0,30,0.006,0.052,0
APP202167,0,0,0,6,0.006,0.024,0
APP202168,1,1,0,22,0.045,0.214,0
APP202169,0,1,0,20,0.019,0.057,0
APP202170,1,1,0,26,0.016,0.095,0
APP202171,0,0,0,12,0.06,0.231,0
APP202172,1,0,0,34,0.179,0.157,0
APP202173,1,1,0,22,0.01,0.016,0
APP202174,0,0,0,17,0.025,0.025,0
APP202175,1,0,0,30,0.09,0.073,0
APP202176,2,0,0,3,0.002,0.129,0
APP202177,1,1,0,20,0.069,0.059,0
APP202178,0,2,0,32,0.074,0.109,0
APP202179,2,1,0,39,0.082,0.024,0
APP202180,0,0,0,32,0.002,0.058,0
APP202181,0,1,0,51,0.104,0.106,0
APP202182,0,0,0,65,0.04,0.13,0
APP202183,0,2,0,11,0.008,0.011,0
APP202184,0,3,0,31,0.007,0.122,0
APP202185,2,1,0,25,0.018,0.098,0
APP202186,0,0,0,22,0.008,0.16,0
APP202187,0,1,0,35,0.037,0.034,0
APP202188,0,0,0,35,0.03,0.103,0
APP202189,0,0,0,11,0.002,0.015,0
APP202190,1,2,0,17,0.077,0.133,0
APP202191,0,0,0,28,0.079,0.161,0
APP202192,0,2,0,32,0.099,0.292,0
APP202193,0,1,0,11,0.022,0.152,0
APP202194,0,0,0,8,0.022,0.117,0
APP202195,0,0,0,15,0.032,0.158,0
APP202196,1,0,0,45,0.013,0.059,0
APP202197,2,1,0,17,0.05,0.003,0
APP202198,0,0,0,32,0.023,0.168,0
APP202199,0,1,1,27,0.022,0.165,0
APP202200,0,0,0,12,0.034,0.039,0
APP202201,0,0,0,6,0.067,0.068,0
APP202202,1,0,0,42,0.005,0.073,0
APP202203,0,0,0,17,0.006,0.027,0
APP202204,0,0,0,15,0.005,0.006,0
APP202205,0,1,0,35,0.094,0.308,0
APP202206,1,1,0,38,0.024,0.012,0
APP202207,0,0,0,59,0.033,0.125,0
APP202208,0,0,0,17,0.03,0.06,0
APP202209,0,1,0,9,0.046,0.07,0
APP202210,0,0,0,15,0.021,0.036,0
APP202211,0,0,0,25,0.025,0.077,0
APP202212,0,0,0,13,0.007,0.105,0
APP202213,0,1,0,29,0.028,0.083,0
APP202214,0,0,0,8,0.031,0.249,0
APP202215,0,1,0,53,0.03,0.145,0
APP202216,0,0,0,44,0.064,0.018,0
APP202217,0,1,0,18,0.013,0.018,0
APP202218,1,0,1,9,0.07,0.173,0
APP202219,0,0,0,25,0.105,0.016,0
APP202220,0,0,0,22,0.044,0.23,0
APP202221,0,1,0,15,0.073,0.135,0
APP202222,0,1,0,50,0.074,0.058,0
APP202223,0,2,0,21,0.003,0.024,0
APP202224,0,0,0,24,0.045,0.063,0
APP202225,0,0,0,18,0.009,0.072,0
APP202226,2,0,0,38,0.058,0.185,0
APP202227,0,0,0,47,0.021,0.041,0
APP202228,0,1,0,5,0.057,0.065,0
APP202229,0,1,0,23,0.029,0.002,0
APP202230,0,0,0,19,0.012,0.044,0
APP202231,0,1,0,43,0.011,0.009,0
APP202232,1,0,0,11,0.002,0.019,0
APP202233,0,2,0,33,0.015,0.111,0
APP202234,0,1,0,10,0.052,0.031,0
APP202235,1,0,0,11,0.163,0.104,0
APP202236,1,0,0,32,0.057,0.288,0
APP202237,2,0,0,36,0.01,0.165,0
APP202238,1,0,0,11,0.028,0.074,0
APP202239,1,1,0,29,0.03,0.007,0
APP202240,2,0,0,14,0.028,0.116,0
APP202241,0,1,0,20,0.028,0.039,0
APP202242,0,0,0,39,0.012,0.145,0
APP202243,0,1,0,23,0.037,0.105,0
APP202244,0,2,0,12,0.041,0.011,0
APP202245,0,1,0,20,0.011,0.041,0
APP202246,1,0,0,15,0.139,0.043,0
APP202247,2,1,0,29,0.054,0.062,0
APP202248,1,0,0,13,0.109,0.205,0
APP202249,0,0,0,61,0.092,0.06,0
APP202250,0,1,0,14,0.105,0.075,0
APP202251,0,0,0,18,0.005,0.031,0
APP202252,1,1,0,15,0.004,0.011,0
APP202253,0,1,0,12,0.01,0.041,0
APP202254,2,0,0,8,0.046,0.013,0
APP202255,0,0,0,29,0.009,0.005,0
APP202256,0,1,0,42,0.058,0.093,0
APP202257,0,0,0,16,0.021,0.102,0
APP202258,0,1,0,34,0.01,0.06,0
APP202259,0,0,0,21,0.1,0.056,0
APP202260,2,0,0,18,0.005,0.121,0
APP202261,0,0,0,11,0.052,0.095,0
APP202262,0,0,0,23,0.0,0.006,0
APP202263,1,0,0,44,0.046,0.018,0
APP202264,0,0,0,32,0.001,0.213,0
APP202265,0,1,0,32,0.019,0.048,0
APP202266,1,0,0,20,0.002,0.06,0
APP202267,1,1,0,11,0.044,0.315,0
APP202268,0,0,0,16,0.057,0.079,0
APP202269,1,0,0,47,0.004,0.079,0
APP202270,0,1,0,10,0.097,0.051,0
APP202271,1,0,0,19,0.01,0.0,0
APP202272,1,0,0,31,0.004,0.039,0
APP202273,0,0,1,30,0.001,0.11,0
APP202274,0,1,0,62,0.04,0.053,0
APP202275,0,0,0,28,0.078,0.104,0
APP202276,0,0,0,57,0.049,0.021,0
APP202277,3,0,0,16,0.008,0.201,1
APP202278,0,1,0,27,0.037,0.003,0
APP202279,2,1,0,25,0.027,0.052,0
APP202280,0,1,0,14,0.012,0.009,0
APP202281,0,0,0,8,0.086,0.291,0
APP202282,0,0,0,10,0.04,0.007,0
APP202283,0,1,0,8,0.008,0.17,0
APP202284,1,0,1,31,0.069,0.088,0
APP202285,2,2,0,35,0.006,0.179,1
APP202286,0,0,0,20,0.115,0.003,0
APP202287,0,1,0,40,0.012,0.093,0
APP202288,0,2,0,12,0.01,0.025,0
APP202289,1,0,0,8,0.018,0.07,0
APP202290,1,0,0,18,0.016,0.021,0
APP202291,0,1,0,60,0.002,0.069,0
APP202292,0,0,0,10,0.079,0.361,0
APP202293,0,0,0,9,0.017,0.029,0
APP202294,0,0,0,45,0.095,0.044,0
APP202295,1,1,0,17,0.024,0.033,0
APP202296,0,0,0,16,0.012,0.018,0
APP202297,2,0,0,52,0.029,0.271,0
APP202298,1,0,0,42,0.035,0.081,0
APP202299,1,1,0,33,0.005,0.197,0
APP202300,0,1,0,46,0.036,0.012,0
APP202301,0,0,0,29,0.017,0.098,0
APP202302,1,1,0,40,0.006,0.048,0
APP202303,0,1,0,40,0.024,0.024,0
APP202304,0,0,0,24,0.047,0.027,0
APP202305,0,0,0,27,0.012,0.037,0
APP202306,1,1,0,31,0.006,0.079,0
APP202307,0,0,0,42,0.031,0.151,0
APP202308,0,1,0,26,0.008,0.025,0
APP202309,0,0,0,20,0.066,0.044,0
APP202310,0,1,0,8,0.078,0.077,0
APP202311,1,0,0,14,0.002,0.058,0
APP202312,0,0,0,21,0.04,0.062,0
APP202313,0,0,0,16,0.062,0.029,0
APP202314,1,1,0,29,0.015,0.198,0
APP202315,0,0,0,14,0.087,0.004,0
APP202316,1,0,0,19,0.026,0.157,0
APP202317,0,0,0,37,0.042,0.203,0
APP202318,0,1,0,24,0.019,0.054,0
APP202319,0,0,1,31,0.006,0.087,0
APP202320,1,1,0,28,0.082,0.029,0
APP202321,0,0,0,3,0.044,0.054,0
APP202322,0,1,0,11,0.133,0.029,0
APP202323,0,1,0,20,0.088,0.082,0
APP202324,0,0,0,38,0.048,0.073,0
APP202325,0,0,0,7,0.239,0.102,0
APP202326,1,0,0,17,0.002,0.065,0
APP202327,1,2,0,21,0.148,0.092,0
APP202328,0,0,0,62,0.068,0.005,0
APP202329,2,1,0,33,0.03,0.032,0
APP202330,1,0,0,24,0.005,0.194,0
APP202331,0,1,0,15,0.024,0.097,0
APP202332,0,0,1,29,0.031,0.009,0
APP202333,1,0,0,21,0.022,0.081,0
APP202334,0,2,0,48,0.046,0.018,0
APP202335,2,0,0,25,0.064,0.005,0
APP202336,0,0,0,7,0.015,0.094,0
APP202337,0,0,0,7,0.001,0.334,0
APP202338,0,1,1,53,0.012,0.13,0
APP202339,0,2,0,55,0.253,0.061,0
APP202340,0,0,0,30,0.026,0.022,0
APP202341,0,0,0,12,0.011,0.103,0
APP202342,1,0,0,12,0.0,0.107,0
APP202343,0,0,0,10,0.018,0.085,0
APP202344,0,0,0,34,0.0,0.185,0
APP202345,0,0,0,12,0.056,0.103,0
APP202346,0,0,0,4,0.061,0.132,0
APP202347,2,0,1,24,0.004,0.036,0
APP202348,1,0,0,31,0.011,0.067,0
APP202349,1,0,0,7,0.045,0.3,0
APP202350,0,1,0,30,0.002,0.002,0
APP202351,0,1,0,9,0.009,0.096,0
APP202352,0,0,0,62,0.074,0.017,0
APP202353,0,1,0,30,0.075,0.171,0
APP202354,0,0,0,19,0.007,0.149,0
APP202355,1,1,0,15,0.02,0.077,0
APP202356,1,3,0,17,0.025,0.069,1
APP202357,0,0,0,22,0.043,0.005,0
APP202358,0,0,0,30,0.069,0.154,0
APP202359,0,0,0,31,0.018,0.124,0
APP202360,2,1,0,14,0.072,0.047,0
APP202361,0,0,0,6,0.052,0.127,0
APP202362,0,1,0,35,0.023,0.112,0
APP202363,1,1,0,11,0.012,0.037,0
APP202364,1,0,0,9,0.025,0.043,0
APP202365,0,1,0,48,0.008,0.171,0
APP202366,0,0,0,36,0.024,0.181,0
APP202367,0,0,0,14,0.0,0.24,0
APP202368,0,1,0,10,0.012,0.042,0
APP202369,1,0,0,19,0.077,0.089,0
APP202370,0,0,0,31,0.17,0.196,0
APP202371,1,0,0,30,0.017,0.233,0
APP202372,0,0,0,18,0.031,0.021,0
APP202373,0,0,0,29,0.216,0.205,0
APP202374,0,0,0,17,0.0,0.088,0
APP202375,0,1,0,45,0.016,0.01,0
APP202376,0,1,0,22,0.029,0.018,0
APP202377,0,0,0,39,0.021,0.12,0
APP202378,0,0,0,51,0.062,0.052,0
APP202379,0,0,0,26,0.0,0.046,0
APP202380,0,0,0,35,0.059,0.122,0
APP202381,1,1,0,20,0.02,0.027,0
APP202382,0,0,0,13,0.03,0.066,0
APP202383,0,0,0,61,0.09,0.006,0
APP202384,1,1,0,25,0.136,0.088,0
APP202385,0,0,0,6,0.012,0.13,0
APP202386,2,1,0,30,0.025,0.116,0
APP202387,0,0,0,22,0.017,0.148,0
APP202388,1,0,0,17,0.061,0.053,0
APP202389,1,1,0,49,0.004,0.023,0
APP202390,1,0,0,35,0.013,0.036,0
APP202391,0,2,0,25,0.009,0.092,0
APP202392,1,1,0,47,0.016,0.195,0
APP202393,0,1,0,26,0.011,0.125,0
APP202394,0,1,0,22,0.021,0.104,0
APP202395,0,0,0,20,0.004,0.125,0
APP202396,1,0,0,21,0.05,0.167,0
APP202397,0,0,0,7,0.025,0.05,0
APP202398,0,0,0,8,0.075,0.005,0
APP202399,0,0,0,29,0.078,0.082,0
APP202400,0,1,0,46,0.004,0.117,0
APP202401,0,0,0,16,0.04,0.046,0
APP202402,2,0,0,31,0.0,0.138,1
APP202403,0,0,0,18,0.19,0.026,0
APP202404,0,2,0,30,0.017,0.134,0
APP202405,0,1,0,27,0.176,0.091,0
APP202406,1,1,0,22,0.026,0.135,0
APP202407,0,0,0,34,0.015,0.053,0
APP202408,0,0,0,28,0.007,0.267,0
APP202409,1,0,0,30,0.012,0.023,0
APP202410,1,0,0,76,0.043,0.072,0
APP202411,0,1,0,14,0.045,0.033,0
APP202412,0,0,0,42,0.061,0.039,0
APP202413,0,2,0,11,0.09,0.0,0
APP202414,1,0,0,43,0.054,0.118,0
APP202415,1,0,0,11,0.015,0.104,0
APP202416,0,3,0,26,0.005,0.081,0
APP202417,0,1,0,26,0.128,0.043,0
APP202418,0,1,0,30,0.028,0.131,0
APP202419,0,1,0,31,0.015,0.032,0
APP202420,0,2,0,24,0.004,0.01,0
APP202421,0,1,0,31,0.023,0.032,0
APP202422,0,0,0,27,0.0,0.156,0
APP202423,0,1,0,29,0.023,0.062,0
APP202424,0,0,0,17,0.0,0.189,0
APP202425,1,1,0,41,0.066,0.039,0
APP202426,0,0,0,4,0.069,0.006,0
APP202427,0,1,0,5,0.009,0.042,0
APP202428,2,1,0,30,0.093,0.163,0
APP202429,0,1,0,38,0.003,0.052,0
APP202430,0,0,0,28,0.015,0.051,0
APP202431,0,1,0,14,0.003,0.079,0
APP202432,1,0,0,18,0.065,0.039,0
APP202433,0,4,0,39,0.037,0.033,0
APP202434,0,1,0,35,0.197,0.029,0
APP202435,1,1,0,14,0.007,0.252,0
APP202436,0,0,0,34,0.021,0.157,0
APP202437,0,0,0,48,0.001,0.087,0
APP202438,0,0,0,37,0.005,0.094,0
APP202439,0,1,0,12,0.08,0.056,0
APP202440,0,0,0,15,0.028,0.037,0
APP202441,0,0,0,33,0.005,0.021,0
APP202442,1,1,0,55,0.023,0.007,0
APP202443,3,0,0,20,0.001,0.085,1
APP202444,1,1,0,15,0.023,0.007,0
APP202445,0,0,0,18,0.027,0.086,0
APP202446,0,0,0,22,0.021,0.12,0
APP202447,1,1,0,17,0.009,0.042,0
APP202448,0,0,0,30,0.003,0.071,0
APP202449,1,0,0,12,0.033,0.145,0
APP202450,2,0,0,19,0.007,0.288,0
APP202451,2,0,1,26,0.032,0.084,0
APP202452,1,0,0,12,0.005,0.008,0
APP202453,1,3,0,55,0.14,0.122,1
APP202454,0,1,1,8,0.015,0.039,0
APP202455,0,0,0,7,0.048,0.077,0
APP202456,0,1,0,15,0.013,0.107,0
APP202457,0,2,0,11,0.055,0.029,0
APP202458,0,0,0,34,0.02,0.223,0
APP202459,1,0,0,25,0.083,0.043,0
APP202460,0,0,0,22,0.006,0.016,0
APP202461,1,0,1,7,0.069,0.198,0
APP202462,0,1,0,7,0.009,0.027,0
APP202463,0,0,0,17,0.038,0.136,0
APP202464,1,0,0,52,0.061,0.122,0
APP202465,0,0,0,10,0.055,0.045,0
APP202466,0,1,0,19,0.01,0.005,0
APP202467,0,0,0,17,0.0,0.14,0
APP202468,1,0,0,18,0.0,0.218,0
APP202469,0,0,0,29,0.004,0.191,0
APP202470,0,0,0,18,0.098,0.024,0
APP202471,0,0,0,11,0.005,0.101,0
APP202472,0,0,0,16,0.015,0.07,0
APP202473,0,0,0,12,0.075,0.071,0
APP202474,0,0,0,17,0.012,0.283,0
APP202475,0,1,0,8,0.012,0.04,0
APP202476,1,0,0,13,0.004,0.125,0
APP202477,0,0,0,18,0.04,0.22,0
APP202478,0,0,0,32,0.098,0.047,0
APP202479,1,0,0,10,0.018,0.059,0
APP202480,0,1,0,24,0.018,0.066,0
APP202481,0,1,0,24,0.008,0.316,0
APP202482,0,0,0,38,0.159,0.036,0
APP202483,0,0,0,16,0.157,0.112,0
APP202484,2,0,0,13,0.059,0.078,0
APP202485,0,2,0,21,0.033,0.069,0
APP202486,0,1,0,33,0.016,0.364,0
APP202487,0,0,0,34,0.08,0.001,0
APP202488,1,0,0,24,0.057,0.175,0
APP202489,0,0,0,29,0.007,0.256,0
APP202490,0,0,0,30,0.108,0.384,0
APP202491,0,1,0,34,0.07,0.151,0
APP202492,0,0,0,22,0.013,0.128,0
APP202493,0,1,1,23,0.152,0.105,0
APP202494,1,1,1,23,0.023,0.131,0
APP202495,0,0,0,30,0.007,0.039,0
APP202496,0,0,1,29,0.003,0.113,0
APP202497,0,0,0,5,0.005,0.176,0
APP202498,0,0,0,20,0.033,0.037,0
APP202499,0,1,0,10,0.019,0.049,0
APP202500,1,1,0,19,0.025,0.072,0
APP202501,1,1,0,19,0.049,0.123,0
APP202502,0,0,0,39,0.002,0.111,0
APP202503,1,0,0,16,0.046,0.162,0
APP202504,1,0,0,7,0.0,0.089,0
APP202505,1,1,0,35,0.022,0.063,0
APP202506,1,0,0,9,0.094,0.081,0
APP202507,1,2,1,4,0.005,0.019,0
APP202508,0,1,0,9,0.024,0.046,0
APP202509,1,1,0,22,0.085,0.138,0
APP202510,2,1,0,8,0.011,0.017,0
APP202511,0,1,0,10,0.036,0.039,0
APP202512,1,0,0,36,0.001,0.103,0
APP202513,0,0,0,18,0.003,0.202,0
APP202514,0,0,0,20,0.043,0.037,0
APP202515,0,1,0,11,0.007,0.028,0
APP202516,0,0,0,14,0.013,0.146,0
APP202517,0,1,0,32,0.023,0.056,0
APP202518,0,2,0,23,0.008,0.083,0
APP202519,0,1,0,55,0.007,0.037,0
APP202520,0,0,0,27,0.031,0.042,0
APP202521,0,0,0,29,0.005,0.087,0
APP202522,1,2,1,12,0.089,0.04,0
APP202523,0,0,0,29,0.011,0.043,0
APP202524,0,0,0,14,0.011,0.059,0
APP202525,0,1,0,4,0.036,0.02,0
APP202526,0,2,0,39,0.029,0.15,0
APP202527,1,1,0,58,0.028,0.024,0
APP202528,0,0,0,9,0.032,0.033,0
APP202529,0,0,0,7,0.009,0.094,0
APP202530,0,0,0,12,0.065,0.052,0
APP202531,0,0,0,21,0.038,0.031,0
APP202532,0,0,0,40,0.016,0.057,0
APP202533,0,1,0,46,0.003,0.018,0
APP202534,0,1,0,37,0.016,0.091,0
APP202535,1,4,0,11,0.15,0.175,1
APP202536,0,1,0,13,0.008,0.05,0
APP202537,0,1,1,23,0.0,0.057,0
APP202538,0,1,0,21,0.211,0.068,0
APP202539,1,1,0,35,0.014,0.004,0
APP202540,0,0,0,24,0.048,0.038,0
APP202541,0,0,0,15,0.045,0.094,0
APP202542,0,0,0,11,0.161,0.095,0
APP202543,0,1,0,27,0.003,0.159,0
APP202544,0,1,0,18,0.023,0.013,0
APP202545,0,0,0,32,0.021,0.158,0
APP202546,1,3,0,13,0.027,0.109,0
APP202547,1,0,0,24,0.052,0.048,0
APP202548,0,2,0,65,0.021,0.049,0
APP202549,0,1,0,12,0.007,0.022,0
APP202550,1,3,0,34,0.013,0.156,0
APP202551,0,0,0,51,0.107,0.107,0
APP202552,0,0,0,17,0.03,0.131,0
APP202553,2,0,0,36,0.038,0.208,0
APP202554,0,0,0,29,0.075,0.043,0
APP202555,0,0,0,20,0.018,0.267,0
APP202556,0,0,1,20,0.123,0.009,0
APP202557,1,1,0,7,0.015,0.1,0
APP202558,0,1,0,30,0.336,0.095,0
APP202559,0,1,0,14,0.042,0.049,0
APP202560,0,1,0,8,0.036,0.092,0
APP202561,0,1,0,48,0.049,0.081,0
APP202562,0,0,0,33,0.0,0.009,0
APP202563,0,0,0,35,0.015,0.146,0
APP202564,1,0,0,18,0.015,0.048,0
APP202565,1,2,0,31,0.113,0.017,0
APP202566,2,0,0,37,0.073,0.074,0
APP202567,0,1,0,16,0.002,0.222,0
APP202568,1,0,0,24,0.148,0.03,0
APP202569,0,0,0,27,0.077,0.026,0
APP202570,0,0,0,43,0.002,0.032,0
APP202571,1,1,0,15,0.027,0.071,0
APP202572,0,0,0,35,0.034,0.094,0
APP202573,0,1,0,16,0.017,0.085,0
APP202574,0,0,0,3,0.006,0.032,0
APP202575,0,1,0,6,0.006,0.059,0
APP202576,1,0,0,49,0.012,0.232,0
APP202577,0,0,0,19,0.012,0.158,0
APP202578,0,1,0,33,0.05,0.126,0
APP202579,1,0,0,32,0.02,0.152,0
APP202580,0,1,1,7,0.125,0.011,0
APP202581,0,0,0,34,0.075,0.051,0
APP202582,0,0,0,14,0.109,0.36,0
APP202583,0,0,0,30,0.025,0.033,0
APP202584,0,0,0,26,0.013,0.016,0
APP202585,0,0,1,4,0.025,0.072,0
APP202586,0,3,0,18,0.009,0.226,0
APP202587,0,0,0,26,0.0,0.01,0
APP202588,0,0,0,23,0.013,0.048,0
APP202589,0,0,0,35,0.033,0.002,0
APP202590,0,0,0,31,0.087,0.116,0
APP202591,1,0,0,25,0.016,0.092,0
APP202592,0,1,0,15,0.058,0.126,0
APP202593,1,0,0,20,0.002,0.044,0
APP202594,1,0,0,24,0.006,0.012,0
APP202595,0,2,0,16,0.008,0.044,0
APP202596,2,0,1,6,0.059,0.144,0
APP202597,1,0,0,10,0.009,0.1,0
APP202598,0,0,0,38,0.01,0.042,0
APP202599,0,0,0,11,0.011,0.111,0
APP202600,0,0,0,17,0.019,0.209,0
APP202601,0,0,0,21,0.018,0.028,0
APP202602,1,0,1,8,0.0,0.15,0
APP202603,0,0,0,16,0.003,0.186,1
APP202604,0,1,0,30,0.031,0.013,0
APP202605,0,1,0,35,0.004,0.103,0
APP202606,0,1,0,12,0.023,0.082,0
APP202607,0,1,0,30,0.002,0.19,1
APP202608,0,0,0,10,0.05,0.05,0
APP202609,0,2,0,11,0.018,0.004,0
APP202610,0,1,0,5,0.017,0.042,0
APP202611,0,1,0,8,0.087,0.073,0
APP202612,0,1,0,37,0.028,0.031,0
APP202613,0,0,0,49,0.055,0.005,0
APP202614,0,0,0,13,0.068,0.113,0
APP202615,0,1,0,26,0.01,0.401,0
APP202616,0,0,0,37,0.0,0.174,0
APP202617,0,1,0,65,0.004,0.087,0
APP202618,0,1,0,18,0.037,0.019,0
APP202619,0,0,0,11,0.009,0.025,0
APP202620,0,0,0,47,0.079,0.188,0
APP202621,1,0,0,32,0.0,0.04,0
APP202622,0,0,0,28,0.021,0.019,0
APP202623,0,0,0,18,0.0,0.066,0
APP202624,0,0,0,34,0.101,0.1,0
APP202625,0,0,0,14,0.012,0.037,0
APP202626,0,0,0,24,0.026,0.118,0
APP202627,0,0,0,21,0.001,0.189,0
APP202628,0,0,0,9,0.113,0.09,0
APP202629,0,0,0,26,0.038,0.09,0
APP202630,1,1,0,22,0.153,0.176,1
APP202631,1,0,0,28,0.018,0.165,0
APP202632,0,1,0,8,0.019,0.021,0
APP202633,0,1,0,63,0.073,0.15,0
APP202634,0,0,0,41,0.01,0.046,0
APP202635,0,1,1,21,0.021,0.117,0
APP202636,0,1,0,24,0.001,0.134,0
APP202637,0,0,0,11,0.058,0.032,0
APP202638,1,0,0,45,0.011,0.138,0
APP202639,1,0,0,18,0.002,0.118,0
APP202640,0,0,0,47,0.024,0.179,0
APP202641,1,0,0,47,0.167,0.128,0
APP202642,0,2,0,27,0.002,0.101,0
APP202643,2,1,0,17,0.005,0.106,0
APP202644,0,0,0,32,0.012,0.103,0
APP202645,0,0,0,24,0.029,0.083,0
APP202646,0,0,0,37,0.036,0.168,0
APP202647,1,0,1,59,0.001,0.018,0
APP202648,0,1,0,12,0.064,0.077,0
APP202649,2,0,0,43,0.187,0.085,0
APP202650,1,1,0,22,0.05,0.085,0
APP202651,0,2,0,19,0.054,0.166,0
APP202652,1,1,0,68,0.048,0.321,0
APP202653,0,0,0,14,0.049,0.055,0
APP202654,1,1,0,34,0.02,0.037,0
APP202655,0,1,1,10,0.003,0.059,0
APP202656,0,2,0,18,0.068,0.225,0
APP202657,1,0,0,20,0.1,0.206,0
APP202658,1,0,1,13,0.173,0.042,0
APP202659,0,0,0,13,0.14,0.153,0
APP202660,0,0,0,45,0.009,0.049,0
APP202661,1,1,0,49,0.049,0.054,0
APP202662,0,1,0,96,0.011,0.157,0
APP202663,0,3,1,35,0.001,0.022,0
APP202664,0,0,1,51,0.004,0.198,0
APP202665,0,0,0,38,0.006,0.028,0
APP202666,0,1,0,27,0.027,0.238,0
APP202667,1,1,0,10,0.007,0.059,0
APP202668,1,1,0,24,0.018,0.276,0
APP202669,1,0,0,4,0.007,0.02,0
APP202670,0,1,0,20,0.067,0.12,0
APP202671,0,1,0,40,0.062,0.084,0
APP202672,0,1,0,50,0.023,0.077,0
APP202673,1,0,0,10,0.008,0.027,0
APP202674,0,0,1,5,0.002,0.097,0
APP202675,0,2,0,23,0.243,0.281,0
APP202676,0,1,0,13,0.039,0.038,0
APP202677,1,1,0,24,0.1,0.121,0
APP202678,0,0,0,57,0.036,0.111,0
APP202679,0,1,0,11,0.03,0.178,0
APP202680,0,0,0,72,0.028,0.067,0
APP202681,1,0,0,25,0.001,0.0,0
APP202682,0,0,0,48,0.008,0.191,0
APP202683,0,1,0,5,0.019,0.103,0
APP202684,0,0,0,26,0.039,0.148,0
APP202685,1,1,0,27,0.085,0.055,0
APP202686,0,0,0,32,0.027,0.073,0
APP202687,2,0,0,7,0.072,0.07,0
APP202688,0,1,0,38,0.018,0.028,0
APP202689,0,2,0,27,0.005,0.047,0
APP202690,0,0,0,16,0.047,0.172,0
APP202691,2,1,0,33,0.025,0.169,0
APP202692,1,0,0,14,0.022,0.18,0
APP202693,0,0,0,7,0.04,0.062,0
APP202694,1,0,0,26,0.114,0.181,0
APP202695,0,1,0,33,0.07,0.099,0
APP202696,0,0,0,48,0.015,0.023,0
APP202697,0,0,0,24,0.171,0.123,0
APP202698,0,1,0,30,0.006,0.071,0
APP202699,0,0,0,24,0.041,0.177,0
APP202700,1,0,0,15,0.012,0.168,0
APP202701,1,0,0,21,0.036,0.254,0
APP202702,0,2,0,9,0.065,0.062,0
APP202703,1,0,0,40,0.001,0.191,0
APP202704,0,0,0,16,0.004,0.108,0
APP202705,0,0,0,33,0.026,0.041,0
APP202706,0,0,0,17,0.017,0.008,0
APP202707,0,1,0,80,0.002,0.072,0
APP202708,0,1,0,28,0.019,0.102,0
APP202709,0,0,0,15,0.037,0.049,0
APP202710,0,0,0,43,0.033,0.044,0
APP202711,1,0,0,100,0.064,0.021,0
APP202712,0,1,0,8,0.036,0.207,0
APP202713,0,0,1,23,0.082,0.051,0
APP202714,0,0,0,20,0.092,0.445,0
APP202715,0,1,0,31,0.039,0.071,0
APP202716,0,1,0,13,0.001,0.122,0
APP202717,0,0,0,20,0.009,0.084,0
APP202718,0,1,0,14,0.153,0.002,0
APP202719,1,1,0,18,0.019,0.014,0
APP202720,1,0,0,12,0.038,0.057,0
APP202721,1,0,0,13,0.014,0.073,0
APP202722,1,0,0,28,0.01,0.099,0
APP202723,0,0,0,13,0.054,0.027,0
APP202724,0,0,0,23,0.045,0.041,0
APP202725,0,1,0,4,0.02,0.071,0
APP202726,1,1,0,12,0.035,0.008,0
APP202727,0,0,0,24,0.038,0.053,0
APP202728,0,0,0,21,0.129,0.121,0
APP202729,0,0,0,33,0.001,0.199,0
APP202730,0,0,0,18,0.005,0.087,0
APP202731,0,0,0,15,0.053,0.086,0
APP202732,1,0,0,3,0.024,0.024,0
APP202733,2,0,0,24,0.002,0.083,0
APP202734,1,0,0,13,0.166,0.443,0
APP202735,0,0,0,16,0.042,0.166,0
APP202736,0,1,0,19,0.005,0.079,0
APP202737,0,0,0,45,0.023,0.016,0
APP202738,1,1,0,22,0.05,0.11,0
APP202739,1,0,0,8,0.012,0.067,0
APP202740,0,0,0,12,0.014,0.177,0
APP202741,0,2,0,17,0.005,0.046,0
APP202742,1,0,0,23,0.014,0.118,0
APP202743,1,0,0,10,0.033,0.162,0
APP202744,0,1,0,7,0.007,0.014,0
APP202745,1,0,0,15,0.038,0.145,0
APP202746,0,0,0,14,0.004,0.107,0
APP202747,0,0,0,12,0.015,0.023,0
APP202748,0,0,0,14,0.032,0.061,0
APP202749,1,0,0,30,0.03,0.178,0
APP202750,2,0,1,20,0.02,0.148,0
APP202751,1,0,0,36,0.001,0.03,0
APP202752,1,0,0,29,0.031,0.09,0
APP202753,0,1,0,20,0.014,0.076,0
APP202754,0,0,0,46,0.141,0.076,0
APP202755,2,1,0,28,0.015,0.048,0
APP202756,0,0,0,18,0.107,0.088,0
APP202757,0,0,1,31,0.023,0.028,0
APP202758,0,1,0,10,0.068,0.152,0
APP202759,2,1,0,22,0.024,0.071,1
APP202760,0,0,0,14,0.053,0.048,0
APP202761,0,0,0,19,0.008,0.107,0
APP202762,0,0,0,37,0.038,0.019,0
APP202763,0,0,0,23,0.028,0.14,0
APP202764,0,0,0,11,0.026,0.065,0
APP202765,0,0,0,18,0.0,0.184,0
APP202766,0,0,0,25,0.028,0.048,0
APP202767,0,2,0,12,0.178,0.089,0
APP202768,0,0,0,80,0.001,0.015,0
APP202769,0,1,0,28,0.08,0.08,0
APP202770,0,1,0,54,0.018,0.178,0
APP202771,0,0,0,62,0.001,0.125,0
APP202772,0,0,0,23,0.0,0.048,0
APP202773,1,1,0,34,0.0,0.113,0
APP202774,0,1,0,3,0.062,0.192,0
APP202775,0,1,0,19,0.115,0.149,0
APP202776,2,0,0,34,0.035,0.166,0
APP202777,0,0,0,11,0.061,0.023,0
APP202778,1,0,0,28,0.088,0.074,0
APP202779,0,2,0,33,0.021,0.097,0
APP202780,1,2,0,60,0.086,0.209,0
APP202781,0,1,0,27,0.0,0.05,0
APP202782,0,0,0,9,0.063,0.098,1
APP202783,0,1,0,24,0.058,0.014,0
APP202784,0,1,0,23,0.056,0.003,0
APP202785,0,0,0,39,0.0,0.017,0
APP202786,0,0,0,11,0.088,0.146,0
APP202787,0,0,0,34,0.006,0.091,0
APP202788,0,0,0,26,0.169,0.07,0
APP202789,0,1,0,22,0.062,0.05,0
APP202790,1,2,0,31,0.004,0.042,0
APP202791,0,1,0,17,0.02,0.037,0
APP202792,0,0,0,43,0.044,0.063,0
APP202793,1,0,0,15,0.032,0.004,0
APP202794,0,0,0,10,0.008,0.007,0
APP202795,0,0,0,28,0.01,0.023,0
APP202796,0,1,0,19,0.02,0.155,0
APP202797,0,1,0,9,0.063,0.001,0
APP202798,0,1,0,14,0.075,0.03,0
APP202799,0,1,0,24,0.01,0.018,0
APP202800,1,0,0,13,0.081,0.076,0
APP202801,0,1,0,24,0.002,0.062,0
APP202802,2,0,0,23,0.147,0.112,0
APP202803,1,0,0,24,0.001,0.044,0
APP202804,0,0,0,20,0.022,0.043,0
APP202805,3,0,0,42,0.008,0.007,0
APP202806,0,1,0,15,0.049,0.004,0
APP202807,0,3,0,19,0.025,0.233,0
APP202808,1,1,0,6,0.01,0.04,0
APP202809,0,0,0,40,0.03,0.291,0
APP202810,0,0,0,5,0.037,0.04,0
APP202811,0,1,0,15,0.209,0.017,0
APP202812,1,1,0,23,0.117,0.127,0
APP202813,0,0,0,13,0.036,0.06,0
APP202814,0,0,0,19,0.008,0.035,0
APP202815,0,1,0,18,0.045,0.047,0
APP202816,0,1,0,39,0.021,0.055,0
APP202817,1,1,0,11,0.164,0.078,0
APP202818,0,0,0,22,0.047,0.165,0
APP202819,0,0,0,28,0.081,0.012,0
APP202820,0,1,0,54,0.007,0.036,0
APP202821,1,1,0,7,0.024,0.047,0
APP202822,1,1,0,10,0.008,0.085,0
APP202823,0,0,1,21,0.009,0.051,0
APP202824,1,0,0,7,0.031,0.083,0
APP202825,0,1,0,37,0.002,0.016,0
APP202826,1,0,0,52,0.197,0.029,0
APP202827,1,1,0,18,0.021,0.021,0
APP202828,0,0,0,12,0.013,0.149,0
APP202829,1,1,0,19,0.036,0.012,0
APP202830,0,0,0,46,0.043,0.045,0
APP202831,0,1,0,30,0.019,0.046,0
APP202832,0,2,0,22,0.005,0.033,0
APP202833,0,0,0,8,0.018,0.112,0
APP202834,0,1,0,3,0.009,0.202,0
APP202835,0,0,0,25,0.036,0.047,0
APP202836,0,2,0,9,0.104,0.081,0
APP202837,0,0,0,14,0.006,0.051,0
APP202838,0,0,0,63,0.057,0.237,0
APP202839,0,0,0,10,0.051,0.045,0
APP202840,1,2,0,43,0.005,0.033,0
APP202841,0,1,0,31,0.024,0.063,0
APP202842,3,2,0,63,0.088,0.048,0
APP202843,0,0,0,7,0.133,0.005,0
APP202844,1,0,0,32,0.015,0.25,0
APP202845,1,0,0,20,0.028,0.038,0
APP202846,0,2,0,13,0.046,0.094,0
APP202847,0,0,0,18,0.034,0.06,0
APP202848,0,0,0,15,0.001,0.106,0
APP202849,0,0,0,39,0.043,0.058,0
APP202850,0,1,0,19,0.013,0.317,0
APP202851,0,0,0,57,0.002,0.075,0
APP202852,0,0,0,6,0.255,0.24,0
APP202853,1,1,0,9,0.001,0.068,0
APP202854,0,0,0,24,0.069,0.074,0
APP202855,1,0,0,71,0.04,0.125,0
APP202856,0,1,1,27,0.027,0.12,0
APP202857,0,0,0,37,0.046,0.115,0
APP202858,1,1,0,51,0.003,0.116,0
APP202859,0,0,0,52,0.001,0.146,0
APP202860,0,0,0,42,0.007,0.284,0
APP202861,0,0,0,30,0.006,0.07,0
APP202862,0,1,0,41,0.01,0.187,0
APP202863,1,0,0,16,0.006,0.024,0
APP202864,0,0,0,53,0.096,0.097,0
APP202865,0,0,0,29,0.017,0.076,0
APP202866,0,1,0,13,0.023,0.106,0
APP202867,0,1,0,38,0.154,0.071,0
APP202868,0,0,1,20,0.108,0.133,0
APP202869,0,0,0,53,0.004,0.117,0
APP202870,0,1,0,7,0.14,0.411,0
APP202871,0,1,0,15,0.012,0.023,0
APP202872,0,0,0,14,0.004,0.251,0
APP202873,1,1,0,11,0.036,0.095,0
APP202874,0,0,0,39,0.03,0.006,0
APP202875,0,1,0,38,0.081,0.104,0
APP202876,0,1,0,14,0.057,0.175,0
APP202877,0,0,0,15,0.079,0.01,0
APP202878,0,1,0,16,0.048,0.053,0
APP202879,0,1,0,15,0.019,0.129,0
APP202880,0,0,0,21,0.03,0.0,0
APP202881,0,0,0,65,0.028,0.205,0
APP202882,0,1,0,14,0.058,0.123,0
APP202883,0,0,0,12,0.018,0.093,0
APP202884,0,1,0,21,0.081,0.171,0
APP202885,0,1,0,24,0.003,0.094,0
APP202886,0,0,0,18,0.003,0.189,0
APP202887,0,0,0,17,0.092,0.15,0
APP202888,0,0,0,24,0.175,0.031,0
APP202889,0,0,0,48,0.061,0.059,0
APP202890,0,0,1,14,0.004,0.17,0
APP202891,0,0,0,30,0.039,0.188,0
APP202892,0,0,0,16,0.023,0.077,0
APP202893,0,0,0,39,0.0,0.02,0
APP202894,0,1,0,16,0.0,0.013,0
APP202895,0,1,0,24,0.056,0.014,0
APP202896,0,0,0,19,0.044,0.017,0
APP202897,0,1,0,29,0.051,0.131,0
APP202898,0,0,0,11,0.027,0.11,0
APP202899,0,0,0,35,0.003,0.206,0
APP202900,0,0,0,22,0.005,0.013,0
APP202901,0,0,0,32,0.004,0.056,0
APP202902,0,1,0,34,0.094,0.154,0
APP202903,0,0,0,41,0.117,0.168,0
APP202904,0,0,0,31,0.032,0.349,0
APP202905,2,0,0,36,0.042,0.167,0
APP202906,0,0,1,8,0.078,0.032,0
APP202907,1,2,0,25,0.08,0.079,0
APP202908,1,1,0,43,0.002,0.257,0
APP202909,0,0,0,60,0.019,0.042,0
APP202910,0,1,0,12,0.013,0.045,0
APP202911,0,1,0,15,0.017,0.013,0
APP202912,1,0,0,4,0.089,0.486,0
APP202913,0,0,0,16,0.01,0.083,0
APP202914,0,0,0,23,0.009,0.026,0
APP202915,0,1,0,54,0.0,0.004,0
APP202916,1,0,0,35,0.006,0.199,0
APP202917,0,0,0,10,0.001,0.027,0
APP202918,0,0,0,21,0.034,0.093,0
APP202919,0,0,0,32,0.032,0.039,0
APP202920,1,0,0,21,0.0,0.147,0
APP202921,0,2,0,34,0.059,0.025,0
APP202922,0,0,0,12,0.038,0.263,0
APP202923,0,0,0,37,0.015,0.111,0
APP202924,0,1,0,30,0.022,0.058,0
APP202925,0,0,0,16,0.031,0.027,0
APP202926,0,0,0,20,0.029,0.031,0
APP202927,1,1,0,25,0.016,0.269,0
APP202928,0,1,0,6,0.001,0.217,0
APP202929,1,2,0,27,0.05,0.057,0
APP202930,0,1,0,17,0.035,0.048,0
APP202931,0,0,0,25,0.015,0.132,0
APP202932,0,1,0,27,0.116,0.191,0
APP202933,0,0,0,6,0.001,0.117,0
APP202934,0,0,0,19,0.009,0.077,0
APP202935,0,1,0,13,0.106,0.201,0
APP202936,0,1,0,30,0.022,0.036,0
APP202937,0,0,0,15,0.031,0.119,0
APP202938,0,0,0,50,0.006,0.054,0
APP202939,0,0,0,12,0.01,0.026,0
APP202940,0,0,0,22,0.029,0.061,0
APP202941,0,1,0,30,0.109,0.196,0
APP202942,1,1,0,45,0.011,0.015,0
APP202943,1,1,0,5,0.0,0.108,0
APP202944,0,0,0,28,0.024,0.015,0
APP202945,0,1,0,47,0.02,0.196,0
APP202946,0,2,0,12,0.031,0.009,0
APP202947,0,0,0,32,0.022,0.095,0
APP202948,0,1,0,66,0.188,0.206,0
APP202949,0,0,0,10,0.021,0.163,0
APP202950,0,0,0,34,0.007,0.116,0
APP202951,0,0,0,5,0.059,0.118,0
APP202952,0,2,0,14,0.063,0.023,0
APP202953,0,0,0,19,0.0,0.009,0
APP202954,2,0,0,22,0.084,0.034,0
APP202955,0,0,0,15,0.001,0.27,0
APP202956,0,0,0,27,0.172,0.06,0
APP202957,0,0,0,21,0.102,0.125,0
APP202958,0,2,0,14,0.104,0.02,0
APP202959,0,1,0,28,0.0,0.085,0
APP202960,0,1,0,25,0.01,0.002,0
APP202961,0,0,0,21,0.037,0.122,0
APP202962,0,1,0,7,0.004,0.004,0
APP202963,0,0,0,6,0.008,0.174,0
APP202964,0,0,1,10,0.001,0.009,0
APP202965,0,0,0,33,0.069,0.036,0
APP202966,1,0,0,33,0.085,0.049,0
APP202967,0,0,0,9,0.009,0.006,0
APP202968,0,1,0,25,0.025,0.054,0
APP202969,1,0,0,10,0.014,0.048,1
APP202970,1,0,0,56,0.005,0.035,0
APP202971,1,0,0,10,0.118,0.053,0
APP202972,2,0,0,28,0.031,0.152,0
APP202973,2,0,0,32,0.081,0.144,0
APP202974,0,0,0,17,0.015,0.217,0
APP202975,0,0,0,8,0.035,0.094,0
APP202976,0,1,0,26,0.053,0.011,0
APP202977,0,1,0,12,0.066,0.065,1
APP202978,0,0,0,10,0.169,0.052,0
APP202979,1,2,0,65,0.014,0.218,0
APP202980,0,0,0,22,0.07,0.219,0
APP202981,0,1,1,17,0.025,0.138,0
APP202982,0,1,0,48,0.096,0.138,0
APP202983,1,1,0,11,0.071,0.083,0
APP202984,0,0,0,14,0.028,0.008,0
APP202985,0,1,0,54,0.083,0.135,0
APP202986,0,0,0,27,0.107,0.147,0
APP202987,1,0,0,16,0.003,0.147,0
APP202988,1,1,0,15,0.028,0.085,0
APP202989,0,0,0,5,0.004,0.01,0
APP202990,0,2,0,26,0.136,0.162,0
APP202991,0,0,0,13,0.012,0.029,0
APP202992,0,1,0,8,0.035,0.096,0
APP202993,0,0,0,26,0.015,0.074,1
APP202994,0,0,0,35,0.118,0.29,0
APP202995,0,0,0,40,0.023,0.135,0
APP202996,0,0,0,13,0.041,0.009,0
APP202997,1,0,0,8,0.026,0.076,0
APP202998,0,0,0,15,0.008,0.11,0
APP202999,0,0,0,9,0.084,0.032,0
APP203000,0,0,0,10,0.286,0.035,0
APP203001,0,1,0,31,0.186,0.05,0
APP203002,0,0,0,46,0.085,0.016,0
APP203003,0,1,0,20,0.01,0.087,0
APP203004,1,0,0,14,0.011,0.035,0
APP203005,1,0,0,15,0.019,0.086,0
APP203006,0,1,1,25,0.041,0.034,0
APP203007,1,0,0,16,0.053,0.049,0
APP203008,1,0,0,14,0.013,0.02,0
APP203009,0,2,0,32,0.027,0.043,0
APP203010,1,0,0,29,0.034,0.079,0
APP203011,0,0,0,15,0.028,0.055,0
APP203012,0,0,0,12,0.007,0.118,0
APP203013,0,0,0,31,0.001,0.046,0
APP203014,0,2,0,47,0.006,0.016,0
APP203015,1,1,0,37,0.098,0.239,0
APP203016,0,0,0,7,0.003,0.036,0
APP203017,0,0,0,25,0.002,0.145,0
APP203018,1,1,0,30,0.048,0.185,0
APP203019,0,0,0,21,0.001,0.052,0
APP203020,0,0,0,16,0.002,0.016,0
APP203021,0,1,1,50,0.08,0.207,0
APP203022,1,0,0,46,0.014,0.121,0
APP203023,0,0,0,42,0.009,0.06,0
APP203024,0,0,0,23,0.024,0.1,0
APP203025,0,1,0,5,0.031,0.033,0
APP203026,0,0,0,26,0.014,0.077,0
APP203027,0,0,0,48,0.074,0.065,0
APP203028,0,0,0,15,0.057,0.08,0
APP203029,1,1,0,25,0.004,0.099,0
APP203030,1,1,0,35,0.029,0.188,0
APP203031,1,0,0,7,0.164,0.124,0
APP203032,0,1,0,25,0.025,0.119,0
APP203033,0,0,0,31,0.002,0.091,0
APP203034,0,1,0,36,0.051,0.024,0
APP203035,0,0,0,15,0.059,0.005,0
APP203036,0,2,0,18,0.032,0.175,0
APP203037,0,0,0,19,0.048,0.046,0
APP203038,0,0,0,20,0.044,0.005,0
APP203039,0,0,0,18,0.059,0.007,0
APP203040,1,0,0,44,0.005,0.1,0
APP203041,0,0,0,30,0.17,0.022,0
APP203042,0,0,0,28,0.033,0.05,0
APP203043,0,1,0,25,0.015,0.226,0
APP203044,1,1,0,27,0.017,0.083,0
APP203045,0,0,0,16,0.137,0.095,0
APP203046,0,2,0,33,0.003,0.022,0
APP203047,0,0,0,47,0.005,0.092,0
APP203048,0,1,1,20,0.025,0.072,0
APP203049,0,0,0,11,0.037,0.038,0
APP203050,1,0,0,32,0.022,0.233,0
APP203051,0,2,0,11,0.071,0.013,0
APP203052,0,0,0,9,0.019,0.109,0
APP203053,0,0,0,5,0.116,0.2,0
APP203054,1,0,0,28,0.029,0.006,0
APP203055,0,2,0,20,0.044,0.193,0
APP203056,1,0,0,10,0.067,0.119,0
APP203057,0,0,0,25,0.069,0.107,0
APP203058,0,0,0,35,0.0,0.033,0
APP203059,0,1,1,36,0.007,0.083,0
APP203060,1,1,0,20,0.117,0.168,0
APP203061,0,1,0,9,0.124,0.063,0
APP203062,0,0,0,21,0.112,0.193,0
APP203063,0,0,0,15,0.011,0.072,0
APP203064,0,0,0,34,0.15,0.014,0
APP203065,1,0,0,13,0.01,0.042,0
APP203066,0,1,0,25,0.017,0.071,0
APP203067,0,1,0,47,0.084,0.09,0
APP203068,0,0,0,10,0.0,0.194,0
APP203069,1,1,0,22,0.014,0.268,0
APP203070,0,0,0,17,0.001,0.064,0
APP203071,0,0,0,41,0.023,0.06,0
APP203072,0,0,0,25,0.054,0.076,0
APP203073,0,0,0,10,0.003,0.052,0
APP203074,0,1,0,12,0.003,0.04,0
APP203075,0,1,0,34,0.073,0.102,0
APP203076,1,1,0,25,0.066,0.083,0
APP203077,1,1,0,3,0.026,0.101,0
APP203078,1,0,0,42,0.048,0.065,0
APP203079,2,1,0,39,0.006,0.01,0
APP203080,1,0,0,39,0.022,0.109,0
APP203081,0,1,0,21,0.034,0.068,0
APP203082,0,1,0,23,0.031,0.133,0
APP203083,0,0,0,15,0.025,0.035,0
APP203084,0,0,0,35,0.083,0.029,0
APP203085,0,0,0,49,0.017,0.077,0
APP203086,0,2,0,14,0.099,0.011,0
APP203087,1,0,0,15,0.187,0.138,0
APP203088,0,1,0,20,0.018,0.012,0
APP203089,3,0,0,8,0.06,0.03,0
APP203090,0,0,0,28,0.035,0.014,0
APP203091,0,0,0,25,0.086,0.066,0
APP203092,0,0,0,21,0.049,0.042,0
APP203093,1,0,0,27,0.115,0.211,0
APP203094,0,0,0,19,0.131,0.062,0
APP203095,1,0,0,5,0.018,0.034,0
APP203096,0,0,0,36,0.003,0.081,0
APP203097,0,0,0,59,0.002,0.07,0
APP203098,0,0,0,26,0.003,0.087,0
APP203099,0,0,0,16,0.022,0.431,0
APP203100,0,0,0,85,0.0,0.03,0
APP203101,1,1,0,44,0.067,0.013,0
APP203102,1,0,0,40,0.008,0.017,0
APP203103,0,2,0,10,0.037,0.142,0
APP203104,1,0,0,31,0.02,0.03,0
APP203105,1,2,0,25,0.185,0.005,0
APP203106,1,2,0,21,0.006,0.338,0
APP203107,0,0,0,32,0.001,0.067,0
APP203108,0,2,0,30,0.024,0.016,0
APP203109,0,0,1,39,0.038,0.102,0
APP203110,0,0,0,51,0.009,0.109,0
APP203111,0,1,0,10,0.005,0.017,0
APP203112,0,1,0,21,0.021,0.138,0
APP203113,0,2,0,21,0.047,0.184,0
APP203114,0,2,0,28,0.235,0.317,0
APP203115,0,0,0,26,0.045,0.106,0
APP203116,0,0,0,30,0.032,0.172,0
APP203117,1,1,0,30,0.001,0.029,0
APP203118,0,0,0,19,0.053,0.047,0
APP203119,0,0,0,14,0.093,0.033,0
APP203120,0,1,0,10,0.048,0.032,0
APP203121,1,0,0,11,0.023,0.047,0
APP203122,0,1,0,29,0.129,0.05,0
APP203123,0,0,0,23,0.001,0.082,0
APP203124,0,0,0,10,0.071,0.134,0
APP203125,0,0,0,21,0.012,0.012,0
APP203126,0,2,0,38,0.051,0.043,0
APP203127,0,0,0,21,0.123,0.017,0
APP203128,0,0,0,24,0.064,0.121,0
APP203129,0,0,0,38,0.011,0.009,0
APP203130,0,1,0,24,0.149,0.039,0
APP203131,0,0,0,14,0.004,0.046,0
APP203132,0,0,0,21,0.065,0.083,0
APP203133,0,0,0,19,0.029,0.252,0
APP203134,1,0,0,18,0.134,0.1,0
APP203135,0,1,0,9,0.006,0.033,0
APP203136,1,0,0,45,0.018,0.108,0
APP203137,1,0,0,13,0.196,0.146,0
APP203138,0,1,0,25,0.012,0.041,0
APP203139,0,1,0,38,0.047,0.252,0
APP203140,0,1,0,62,0.0,0.161,0
APP203141,0,1,0,21,0.018,0.148,0
APP203142,1,0,0,26,0.088,0.187,0
APP203143,0,0,0,8,0.029,0.016,0
APP203144,0,1,0,14,0.001,0.068,0
APP203145,0,0,0,19,0.042,0.02,0
APP203146,0,1,0,21,0.007,0.085,0
APP203147,0,0,0,27,0.0,0.055,0
APP203148,0,0,0,23,0.171,0.048,0
APP203149,0,1,0,28,0.007,0.015,0
APP203150,0,0,0,7,0.03,0.013,0
APP203151,1,0,0,17,0.036,0.121,0
APP203152,0,2,0,27,0.0,0.04,0
APP203153,1,0,0,27,0.012,0.067,0
APP203154,0,1,0,48,0.062,0.079,0
APP203155,0,0,0,44,0.007,0.116,0
APP203156,1,1,0,13,0.037,0.089,0
APP203157,1,0,0,23,0.152,0.036,0
APP203158,1,0,0,37,0.034,0.081,0
APP203159,0,1,0,10,0.127,0.105,0
APP203160,0,0,0,10,0.069,0.03,0
APP203161,0,0,0,21,0.018,0.291,0
APP203162,0,0,0,25,0.006,0.025,0
APP203163,0,0,0,16,0.002,0.029,0
APP203164,0,0,0,17,0.0,0.036,0
APP203165,0,0,0,11,0.109,0.315,0
APP203166,0,0,0,38,0.006,0.054,0
APP203167,0,1,0,16,0.096,0.037,0
APP203168,0,1,0,11,0.099,0.099,0
APP203169,0,0,0,4,0.006,0.093,0
APP203170,0,1,0,31,0.001,0.035,0
APP203171,0,0,0,21,0.009,0.115,0
APP203172,0,0,0,24,0.012,0.007,0
APP203173,1,0,0,21,0.074,0.131,0
APP203174,0,0,1,44,0.041,0.008,0
APP203175,1,1,0,20,0.0,0.141,0
APP203176,0,0,0,21,0.034,0.131,0
APP203177,0,0,0,4,0.001,0.001,0
APP203178,0,0,0,25,0.022,0.025,0
APP203179,0,0,0,19,0.002,0.013,0
APP203180,0,0,0,14,0.027,0.154,0
APP203181,0,0,0,20,0.149,0.035,0
APP203182,0,0,0,12,0.031,0.017,0
APP203183,0,0,0,6,0.007,0.123,0
APP203184,0,1,0,35,0.038,0.072,0
APP203185,0,1,0,33,0.021,0.044,0
APP203186,1,3,0,23,0.089,0.022,0
APP203187,1,2,0,8,0.017,0.237,0
APP203188,0,0,0,34,0.013,0.038,0
APP203189,1,0,0,9,0.003,0.033,0
APP203190,0,0,0,17,0.015,0.119,0
APP203191,0,0,0,29,0.059,0.045,0
APP203192,1,0,0,4,0.063,0.035,1
APP203193,1,2,0,14,0.044,0.02,0
APP203194,2,0,0,31,0.01,0.06,0
APP203195,0,1,0,47,0.015,0.088,0
APP203196,0,0,0,37,0.117,0.214,0
APP203197,0,1,0,37,0.001,0.065,0
APP203198,0,1,0,19,0.043,0.038,0
APP203199,0,1,0,12,0.073,0.011,0
APP203200,0,1,0,54,0.038,0.047,0
APP203201,1,0,0,23,0.026,0.141,0
APP203202,1,1,0,14,0.054,0.058,0
APP203203,0,1,0,18,0.008,0.028,0
APP203204,1,1,0,34,0.052,0.061,0
APP203205,2,0,0,21,0.099,0.094,0
APP203206,0,0,0,27,0.091,0.027,0
APP203207,0,0,0,22,0.015,0.148,0
APP203208,0,0,0,25,0.064,0.055,0
APP203209,0,0,0,28,0.042,0.029,0
APP203210,0,0,0,30,0.06,0.205,0
APP203211,0,0,0,34,0.009,0.085,0
APP203212,0,0,0,30,0.112,0.167,0
APP203213,0,0,0,13,0.043,0.14,0
APP203214,0,0,0,47,0.091,0.11,0
APP203215,0,2,0,16,0.015,0.008,0
APP203216,1,0,0,24,0.094,0.083,0
APP203217,0,1,0,51,0.009,0.018,0
APP203218,1,0,0,54,0.02,0.134,0
APP203219,0,0,0,12,0.026,0.017,0
APP203220,0,1,0,10,0.085,0.06,0
APP203221,0,0,0,12,0.183,0.017,0
APP203222,1,2,0,10,0.091,0.138,0
APP203223,0,0,0,15,0.048,0.137,0
APP203224,0,1,0,32,0.056,0.032,0
APP203225,0,1,0,11,0.082,0.095,0
APP203226,0,1,0,27,0.196,0.064,0
APP203227,0,0,0,19,0.104,0.294,0
APP203228,0,2,0,16,0.099,0.492,0
APP203229,0,1,0,27,0.021,0.022,0
APP203230,0,2,0,16,0.048,0.026,0
APP203231,0,1,0,34,0.018,0.081,0
APP203232,0,2,0,39,0.005,0.094,0
APP203233,1,0,0,34,0.005,0.073,0
APP203234,0,0,0,39,0.059,0.118,0
APP203235,1,1,0,22,0.023,0.104,0
APP203236,1,0,0,28,0.006,0.085,0
APP203237,0,0,0,7,0.04,0.096,0
APP203238,0,1,0,29,0.059,0.074,0
APP203239,0,1,0,50,0.044,0.007,0
APP203240,0,0,0,21,0.05,0.113,0
APP203241,0,1,0,18,0.037,0.15,0
APP203242,0,0,0,21,0.041,0.025,0
APP203243,2,1,0,12,0.01,0.052,0
APP203244,1,2,0,19,0.085,0.122,1
APP203245,0,0,0,21,0.025,0.047,0
APP203246,0,1,0,13,0.019,0.008,0
APP203247,1,1,0,25,0.008,0.027,0
APP203248,0,0,0,12,0.009,0.069,0
APP203249,0,0,0,15,0.012,0.079,0
APP203250,0,0,0,66,0.11,0.005,0
APP203251,0,0,0,31,0.057,0.056,0
APP203252,1,0,0,7,0.017,0.15,0
APP203253,0,0,0,30,0.205,0.072,0
APP203254,0,0,0,24,0.068,0.104,0
APP203255,1,0,0,11,0.05,0.106,0
APP203256,0,0,0,51,0.016,0.04,0
APP203257,0,1,0,40,0.043,0.037,0
APP203258,1,0,0,8,0.043,0.086,0
APP203259,0,1,0,24,0.021,0.127,0
APP203260,0,0,0,36,0.081,0.012,0
APP203261,1,1,0,15,0.001,0.2,0
APP203262,0,0,0,10,0.06,0.048,0
APP203263,0,0,0,57,0.034,0.08,0
APP203264,1,0,0,18,0.032,0.025,0
APP203265,0,0,0,23,0.011,0.037,0
APP203266,0,0,0,36,0.019,0.02,0
APP203267,0,0,0,48,0.016,0.015,0
APP203268,0,0,0,25,0.091,0.128,0
APP203269,0,0,0,11,0.105,0.018,0
APP203270,0,3,0,10,0.106,0.061,0
APP203271,0,3,0,25,0.113,0.014,0
APP203272,0,1,0,43,0.008,0.115,0
APP203273,0,0,0,20,0.031,0.179,0
APP203274,0,2,0,25,0.006,0.172,0
APP203275,1,0,0,11,0.021,0.037,0
APP203276,0,1,0,41,0.071,0.207,0
APP203277,0,0,0,23,0.019,0.009,0
APP203278,1,0,0,3,0.184,0.047,0
APP203279,1,0,0,13,0.021,0.149,0
APP203280,0,2,0,12,0.017,0.079,0
APP203281,3,0,0,27,0.011,0.021,0
APP203282,0,0,0,5,0.168,0.096,0
APP203283,1,0,0,22,0.001,0.007,0
APP203284,0,0,0,34,0.009,0.13,0
APP203285,0,0,0,6,0.0,0.038,0
APP203286,2,0,0,9,0.017,0.072,0
APP203287,0,1,0,59,0.011,0.192,0
APP203288,1,1,0,5,0.251,0.041,0
APP203289,1,0,1,20,0.037,0.231,0
APP203290,0,1,0,20,0.237,0.035,0
APP203291,0,1,0,26,0.004,0.052,0
APP203292,0,2,0,48,0.029,0.045,0
APP203293,0,1,0,43,0.049,0.217,0
APP203294,0,0,0,17,0.044,0.035,0
APP203295,0,0,0,5,0.008,0.033,0
APP203296,0,0,0,24,0.067,0.021,0
APP203297,1,1,0,40,0.081,0.014,0
APP203298,0,0,0,15,0.219,0.061,0
APP203299,0,0,0,16,0.018,0.022,0
APP203300,0,0,0,15,0.03,0.05,0
APP203301,1,1,0,16,0.001,0.001,0
APP203302,1,2,0,31,0.016,0.159,0
APP203303,1,0,0,33,0.02,0.104,0
APP203304,1,0,0,19,0.002,0.1,0
APP203305,0,1,0,6,0.031,0.057,0
APP203306,0,0,0,39,0.012,0.129,0
APP203307,0,0,0,26,0.099,0.034,0
APP203308,1,1,0,35,0.071,0.029,0
APP203309,0,1,0,34,0.09,0.122,0
APP203310,0,1,0,18,0.063,0.004,0
APP203311,0,0,0,30,0.034,0.084,0
APP203312,0,0,0,39,0.007,0.12,0
APP203313,1,0,0,5,0.114,0.034,0
APP203314,0,1,0,13,0.031,0.02,0
APP203315,0,1,0,9,0.129,0.191,0
APP203316,0,2,0,35,0.033,0.017,0
APP203317,0,1,0,34,0.006,0.099,0
APP203318,0,0,0,60,0.013,0.053,0
APP203319,0,1,0,20,0.089,0.25,0
APP203320,0,0,0,27,0.036,0.257,0
APP203321,1,0,0,11,0.019,0.058,0
APP203322,0,1,0,16,0.03,0.1,0
APP203323,1,0,0,27,0.099,0.082,0
APP203324,0,0,0,23,0.0,0.159,0
APP203325,1,1,0,3,0.141,0.068,0
APP203326,0,1,0,48,0.006,0.046,0
APP203327,0,0,1,27,0.004,0.008,1
APP203328,0,0,0,49,0.026,0.068,0
APP203329,0,0,0,42,0.016,0.097,0
APP203330,0,0,0,27,0.064,0.148,0
APP203331,0,0,0,56,0.001,0.043,0
APP203332,1,0,0,20,0.009,0.218,0
APP203333,0,1,0,14,0.072,0.141,0
APP203334,0,0,0,8,0.1,0.044,0
APP203335,0,0,0,43,0.047,0.023,0
APP203336,0,0,1,27,0.047,0.06,1
APP203337,0,1,0,4,0.003,0.033,0
APP203338,0,0,0,8,0.08,0.21,0
APP203339,0,1,0,37,0.058,0.02,0
APP203340,0,0,0,19,0.022,0.041,0
APP203341,0,0,0,19,0.008,0.102,0
APP203342,0,0,0,24,0.005,0.047,0
APP203343,0,0,0,19,0.066,0.12,0
APP203344,0,0,0,12,0.018,0.06,0
APP203345,0,0,0,73,0.054,0.14,0
APP203346,0,0,0,33,0.017,0.027,0
APP203347,1,0,0,18,0.008,0.011,0
APP203348,0,0,0,5,0.013,0.03,0
APP203349,1,1,0,20,0.154,0.081,0
APP203350,0,1,0,13,0.044,0.099,0
APP203351,1,0,0,15,0.001,0.075,0
APP203352,0,0,0,5,0.065,0.017,0
APP203353,1,0,0,25,0.009,0.13,0
APP203354,0,0,0,50,0.112,0.203,0
APP203355,0,1,0,39,0.037,0.391,1
APP203356,0,1,0,32,0.145,0.003,0
APP203357,0,0,0,13,0.036,0.245,0
APP203358,0,1,0,41,0.059,0.02,0
APP203359,0,0,0,11,0.029,0.18,0
APP203360,0,0,0,8,0.049,0.1,0
APP203361,0,0,0,10,0.002,0.025,0
APP203362,0,0,0,17,0.054,0.119,0
APP203363,0,2,0,36,0.0,0.059,0
APP203364,0,0,0,57,0.098,0.111,0
APP203365,1,2,0,34,0.02,0.017,0
APP203366,0,1,0,22,0.046,0.07,0
APP203367,1,0,0,16,0.208,0.081,0
APP203368,1,0,0,22,0.06,0.156,0
APP203369,1,0,0,18,0.051,0.019,0
APP203370,0,0,0,14,0.04,0.214,0
APP203371,0,1,0,14,0.011,0.129,0
APP203372,1,0,0,8,0.011,0.071,0
APP203373,0,0,0,21,0.017,0.017,0
APP203374,0,1,0,19,0.007,0.344,0
APP203375,0,0,0,21,0.025,0.0,0
APP203376,0,1,0,19,0.036,0.136,0
APP203377,0,0,1,52,0.048,0.013,0
APP203378,0,0,0,34,0.007,0.124,0
APP203379,0,0,0,29,0.001,0.091,0
APP203380,1,0,0,25,0.037,0.05,0
APP203381,0,1,0,14,0.058,0.045,0
APP203382,0,1,0,32,0.037,0.068,0
APP203383,0,0,1,16,0.019,0.094,0
APP203384,0,0,0,49,0.031,0.051,0
APP203385,0,0,0,12,0.158,0.144,0
APP203386,0,1,0,13,0.008,0.396,0
APP203387,1,1,0,10,0.004,0.004,0
APP203388,0,0,1,21,0.003,0.137,0
APP203389,1,0,0,14,0.016,0.034,0
APP203390,0,0,0,18,0.004,0.022,0
APP203391,0,1,0,15,0.026,0.018,0
APP203392,0,0,0,8,0.001,0.112,0
APP203393,0,0,1,21,0.0,0.055,0
APP203394,0,0,0,23,0.061,0.045,0
APP203395,0,1,1,17,0.011,0.062,0
APP203396,1,0,0,18,0.001,0.171,0
APP203397,1,0,0,21,0.002,0.039,0
APP203398,0,1,0,7,0.103,0.105,0
APP203399,1,0,0,31,0.035,0.088,0
APP203400,0,0,0,31,0.022,0.066,0
APP203401,0,2,0,27,0.015,0.123,0
APP203402,1,0,0,33,0.046,0.065,0
APP203403,0,0,0,30,0.034,0.077,0
APP203404,2,2,0,11,0.026,0.081,0
APP203405,0,0,0,32,0.0,0.027,0
APP203406,0,1,0,29,0.048,0.033,0
APP203407,0,0,0,17,0.03,0.114,0
APP203408,0,0,0,47,0.01,0.049,0
APP203409,1,1,0,22,0.111,0.173,0
APP203410,1,0,0,15,0.043,0.063,0
APP203411,1,0,0,28,0.002,0.014,0
APP203412,1,1,0,15,0.014,0.054,0
APP203413,0,0,0,33,0.131,0.04,0
APP203414,0,0,0,17,0.049,0.217,0
APP203415,0,0,0,18,0.003,0.241,0
APP203416,0,0,0,29,0.15,0.175,0
APP203417,1,0,0,1,0.041,0.001,0
APP203418,0,0,0,32,0.009,0.386,0
APP203419,0,1,0,15,0.037,0.051,0
APP203420,0,1,0,10,0.001,0.113,0
APP203421,0,0,0,36,0.065,0.068,0
APP203422,1,1,0,12,0.019,0.169,0
APP203423,0,1,0,20,0.017,0.153,0
APP203424,0,0,0,20,0.007,0.072,0
APP203425,0,1,0,43,0.031,0.06,0
APP203426,0,1,0,7,0.148,0.016,0
APP203427,0,1,0,29,0.149,0.07,0
APP203428,1,0,0,13,0.012,0.028,0
APP203429,0,0,0,13,0.002,0.017,0
APP203430,0,1,0,42,0.093,0.059,0
APP203431,0,1,0,34,0.004,0.005,0
APP203432,0,0,0,49,0.166,0.057,0
APP203433,0,1,0,22,0.008,0.026,0
APP203434,2,0,0,13,0.045,0.178,0
APP203435,0,1,0,37,0.011,0.003,0
APP203436,0,1,0,17,0.016,0.192,0
APP203437,0,0,0,23,0.014,0.184,0
APP203438,0,3,0,21,0.005,0.165,0
APP203439,0,0,0,7,0.184,0.289,0
APP203440,1,0,0,50,0.227,0.055,0
APP203441,1,0,0,18,0.019,0.129,0
APP203442,1,1,0,7,0.011,0.103,0
APP203443,1,0,0,36,0.036,0.023,0
APP203444,0,0,0,8,0.058,0.074,0
APP203445,1,0,1,29,0.03,0.083,0
APP203446,1,1,0,25,0.022,0.031,0
APP203447,0,0,0,20,0.08,0.007,0
APP203448,0,0,0,15,0.07,0.0,0
APP203449,0,1,0,30,0.022,0.078,0
APP203450,2,0,0,13,0.006,0.138,0
APP203451,0,0,0,22,0.003,0.097,0
APP203452,0,0,0,43,0.074,0.055,0
APP203453,0,0,0,17,0.058,0.004,0
APP203454,0,1,0,36,0.03,0.262,0
APP203455,1,0,0,31,0.009,0.15,0
APP203456,1,1,0,44,0.05,0.136,0
APP203457,0,0,0,14,0.002,0.152,0
APP203458,1,0,0,10,0.044,0.006,0
APP203459,0,0,0,23,0.0,0.187,0
APP203460,0,2,0,10,0.025,0.009,0
APP203461,0,0,0,9,0.004,0.015,0
APP203462,1,0,0,18,0.025,0.032,0
APP203463,1,0,0,18,0.004,0.102,0
APP203464,1,0,0,27,0.1,0.104,0
APP203465,1,0,0,8,0.061,0.037,0
APP203466,0,0,0,3,0.069,0.234,0
APP203467,0,0,0,39,0.019,0.134,0
APP203468,0,0,0,44,0.05,0.308,0
APP203469,0,0,0,30,0.015,0.074,0
APP203470,1,2,0,40,0.179,0.015,0
APP203471,0,0,1,59,0.055,0.004,0
APP203472,0,0,0,22,0.09,0.023,0
APP203473,0,0,0,21,0.014,0.101,0
APP203474,0,1,0,21,0.033,0.143,0
APP203475,2,0,0,44,0.012,0.198,0
APP203476,1,0,0,30,0.07,0.026,0
APP203477,1,3,0,18,0.01,0.09,0
APP203478,1,0,0,17,0.072,0.066,0
APP203479,0,0,0,22,0.118,0.311,0
APP203480,0,0,0,23,0.003,0.119,0
APP203481,0,0,0,19,0.004,0.077,0
APP203482,0,0,0,43,0.143,0.195,0
APP203483,0,0,0,8,0.002,0.06,0
APP203484,0,0,0,10,0.005,0.051,0
APP203485,0,0,0,8,0.014,0.192,0
APP203486,3,1,0,20,0.019,0.124,0
APP203487,0,0,0,3,0.025,0.093,0
APP203488,0,0,0,37,0.025,0.005,0
APP203489,1,0,0,16,0.031,0.112,0
APP203490,0,0,0,21,0.002,0.027,0
APP203491,0,0,0,15,0.043,0.031,0
APP203492,0,1,0,12,0.074,0.106,0
APP203493,0,1,0,22,0.098,0.066,0
APP203494,0,0,0,31,0.043,0.011,0
APP203495,0,1,0,25,0.003,0.171,0
APP203496,0,1,0,26,0.051,0.102,0
APP203497,1,0,0,8,0.014,0.149,0
APP203498,0,1,0,14,0.046,0.03,0
APP203499,0,0,0,21,0.068,0.033,0
APP203500,0,0,0,40,0.03,0.091,0
APP203501,1,0,0,26,0.017,0.398,0
APP203502,0,0,0,17,0.035,0.027,0
APP203503,1,1,0,8,0.018,0.185,0
APP203504,0,0,0,24,0.073,0.13,0
APP203505,0,0,0,9,0.038,0.098,0
APP203506,2,0,0,16,0.145,0.012,0
APP203507,0,0,0,29,0.014,0.109,0
APP203508,1,0,0,19,0.016,0.013,0
APP203509,0,0,0,6,0.052,0.018,0
APP203510,0,1,0,30,0.088,0.07,0
APP203511,2,2,0,45,0.008,0.014,0
APP203512,0,2,0,5,0.008,0.008,0
APP203513,1,0,0,23,0.002,0.165,0
APP203514,0,0,0,21,0.105,0.017,0
APP203515,0,1,0,18,0.009,0.003,1
APP203516,0,0,0,18,0.005,0.062,0
APP203517,0,0,0,43,0.155,0.059,0
APP203518,0,1,0,25,0.013,0.119,0
APP203519,0,1,0,12,0.002,0.261,0
APP203520,0,1,1,44,0.125,0.205,0
APP203521,0,1,0,11,0.005,0.096,0
APP203522,1,0,0,23,0.079,0.05,0
APP203523,1,1,0,42,0.059,0.013,0
APP203524,0,0,0,41,0.085,0.017,0
APP203525,0,0,0,36,0.006,0.18,0
APP203526,0,1,0,20,0.002,0.094,0
APP203527,1,1,0,28,0.013,0.159,0
APP203528,0,1,0,48,0.15,0.085,0
APP203529,1,0,0,25,0.019,0.101,0
APP203530,0,0,0,13,0.061,0.09,0
APP203531,0,1,0,44,0.016,0.009,0
APP203532,0,1,0,22,0.045,0.105,0
APP203533,0,1,0,16,0.008,0.053,0
APP203534,0,3,0,22,0.011,0.072,0
APP203535,0,0,0,13,0.071,0.13,0
APP203536,0,0,0,23,0.09,0.047,0
APP203537,0,0,0,39,0.144,0.028,0
APP203538,0,0,0,12,0.128,0.049,0
APP203539,1,1,0,31,0.057,0.038,0
APP203540,0,1,0,11,0.036,0.054,0
APP203541,0,0,0,26,0.005,0.079,0
APP203542,1,1,0,28,0.01,0.042,0
APP203543,0,0,0,53,0.002,0.014,0
APP203544,1,1,0,17,0.005,0.095,0
APP203545,0,2,1,25,0.045,0.251,1
APP203546,0,0,0,23,0.065,0.079,0
APP203547,2,0,0,15,0.037,0.117,0
APP203548,1,3,0,31,0.025,0.059,0
APP203549,0,1,0,8,0.016,0.145,0
APP203550,1,0,0,14,0.004,0.334,0
APP203551,0,0,0,32,0.044,0.117,0
APP203552,0,0,0,30,0.11,0.053,0
APP203553,1,1,0,34,0.001,0.169,0
APP203554,0,0,0,45,0.041,0.029,0
APP203555,0,0,0,39,0.046,0.084,0
APP203556,1,0,0,3,0.001,0.195,0
APP203557,0,0,0,13,0.024,0.108,0
APP203558,0,0,0,37,0.018,0.034,0
APP203559,2,0,0,46,0.042,0.17,0
APP203560,0,0,0,39,0.011,0.16,0
APP203561,1,1,0,22,0.026,0.087,0
APP203562,0,1,0,17,0.072,0.002,0
APP203563,0,0,0,13,0.128,0.066,0
APP203564,1,0,0,19,0.053,0.077,0
APP203565,0,0,0,46,0.037,0.028,0
APP203566,1,0,0,8,0.06,0.193,0
APP203567,1,0,0,3,0.022,0.027,0
APP203568,1,0,0,36,0.132,0.104,0
APP203569,0,1,0,21,0.028,0.233,0
APP203570,1,0,0,27,0.002,0.042,0
APP203571,0,1,0,4,0.196,0.058,0
APP203572,0,1,0,69,0.129,0.092,0
APP203573,0,1,0,14,0.055,0.116,0
APP203574,0,1,0,8,0.006,0.235,0
APP203575,0,0,0,12,0.016,0.101,0
APP203576,0,1,0,6,0.001,0.014,0
APP203577,0,1,0,52,0.078,0.147,0
APP203578,2,1,1,16,0.048,0.068,0
APP203579,0,0,0,28,0.019,0.093,0
APP203580,2,0,0,53,0.023,0.148,0
APP203581,0,0,0,31,0.0,0.006,0
APP203582,0,0,0,12,0.001,0.029,0
APP203583,0,0,0,14,0.03,0.003,0
APP203584,0,0,0,45,0.034,0.004,0
APP203585,1,0,0,11,0.021,0.059,0
APP203586,0,0,0,17,0.03,0.093,0
APP203587,0,0,0,22,0.092,0.017,0
APP203588,0,0,0,21,0.003,0.036,0
APP203589,0,1,0,15,0.271,0.057,0
APP203590,0,1,0,13,0.121,0.253,0
APP203591,0,0,0,38,0.115,0.024,0
APP203592,0,0,0,18,0.027,0.147,0
APP203593,0,1,0,33,0.031,0.043,0
APP203594,0,0,0,15,0.015,0.165,0
APP203595,2,0,0,3,0.069,0.025,0
APP203596,1,0,0,14,0.0,0.028,0
APP203597,1,0,0,32,0.049,0.033,0
APP203598,0,1,0,10,0.011,0.028,0
APP203599,1,0,0,25,0.032,0.204,0
APP203600,1,0,0,34,0.132,0.048,0
APP203601,0,1,0,25,0.055,0.029,0
APP203602,0,0,0,19,0.077,0.006,0
APP203603,0,0,0,31,0.02,0.028,0
APP203604,0,0,0,6,0.042,0.028,0
APP203605,0,0,0,17,0.033,0.064,0
APP203606,1,1,0,19,0.085,0.078,0
APP203607,1,1,0,5,0.002,0.01,0
APP203608,1,1,0,19,0.1,0.092,0
APP203609,0,0,0,30,0.027,0.093,0
APP203610,0,0,0,29,0.028,0.062,0
APP203611,0,2,0,9,0.004,0.112,0
APP203612,0,1,0,68,0.001,0.029,0
APP203613,2,0,0,28,0.039,0.05,0
APP203614,0,0,0,18,0.009,0.163,0
APP203615,1,0,0,37,0.029,0.143,0
APP203616,1,0,0,49,0.001,0.019,0
APP203617,0,0,0,32,0.147,0.098,0
APP203618,0,0,0,13,0.031,0.369,0
APP203619,0,2,0,25,0.004,0.104,0
APP203620,0,0,0,37,0.073,0.055,0
APP203621,1,0,0,24,0.054,0.175,0
APP203622,0,2,0,38,0.002,0.089,0
APP203623,0,0,0,37,0.019,0.252,0
APP203624,1,1,0,24,0.052,0.084,0
APP203625,0,0,0,64,0.003,0.079,0
APP203626,1,0,0,18,0.142,0.212,0
APP203627,0,0,0,29,0.05,0.005,0
APP203628,0,0,0,16,0.034,0.08,0
APP203629,1,0,0,11,0.001,0.083,0
APP203630,0,0,0,52,0.017,0.146,0
APP203631,1,1,0,19,0.013,0.192,0
APP203632,0,0,0,19,0.036,0.041,0
APP203633,0,2,0,35,0.012,0.327,0
APP203634,1,0,0,29,0.019,0.027,0
APP203635,1,1,0,20,0.023,0.07,0
APP203636,1,1,0,24,0.025,0.114,0
APP203637,0,0,0,26,0.118,0.133,0
APP203638,0,0,0,13,0.02,0.035,0
APP203639,0,0,0,35,0.092,0.111,0
APP203640,0,1,0,21,0.027,0.025,0
APP203641,1,0,0,51,0.033,0.094,0
APP203642,1,0,0,36,0.1,0.013,0
APP203643,0,1,0,2,0.092,0.158,0
APP203644,0,0,0,8,0.003,0.066,0
APP203645,0,0,0,29,0.051,0.092,0
APP203646,1,1,0,13,0.092,0.039,0
APP203647,0,0,0,46,0.001,0.171,0
APP203648,0,0,0,21,0.05,0.073,0
APP203649,0,0,0,27,0.102,0.006,0
APP203650,0,1,0,30,0.026,0.068,0
APP203651,1,0,0,30,0.109,0.09,0
APP203652,0,2,0,5,0.003,0.151,0
APP203653,0,0,0,12,0.081,0.229,0
APP203654,0,0,0,40,0.043,0.165,0
APP203655,0,0,0,16,0.041,0.018,0
APP203656,0,0,0,17,0.018,0.169,0
APP203657,1,0,0,31,0.052,0.107,0
APP203658,0,0,0,10,0.013,0.038,0
APP203659,0,0,0,34,0.022,0.007,0
APP203660,0,0,0,14,0.004,0.216,0
APP203661,0,0,0,19,0.006,0.169,0
APP203662,0,1,0,20,0.017,0.063,0
APP203663,1,0,0,50,0.002,0.043,0
APP203664,2,2,0,12,0.062,0.046,0
APP203665,2,1,0,44,0.005,0.085,0
APP203666,0,0,0,42,0.011,0.065,0
APP203667,0,0,0,13,0.036,0.096,0
APP203668,2,1,0,39,0.086,0.078,0
APP203669,0,1,0,33,0.05,0.101,0
APP203670,1,0,0,64,0.051,0.015,0
APP203671,0,1,0,28,0.038,0.016,0
APP203672,1,0,0,47,0.002,0.106,0
APP203673,0,0,0,8,0.002,0.072,0
APP203674,1,1,0,10,0.014,0.057,0
APP203675,1,1,0,28,0.021,0.167,0
APP203676,0,0,0,17,0.022,0.089,0
APP203677,0,0,0,36,0.035,0.035,0
APP203678,0,0,0,7,0.037,0.045,0
APP203679,2,0,0,23,0.108,0.129,0
APP203680,1,1,0,22,0.013,0.121,0
APP203681,1,0,0,24,0.079,0.031,1
APP203682,0,3,0,34,0.032,0.089,0
APP203683,0,1,0,45,0.055,0.052,0
APP203684,0,1,0,36,0.087,0.042,0
APP203685,0,0,0,39,0.001,0.179,0
APP203686,0,0,0,20,0.055,0.059,0
APP203687,1,0,0,18,0.02,0.075,0
APP203688,1,0,0,67,0.006,0.046,0
APP203689,0,1,0,12,0.0,0.072,0
APP203690,2,1,0,17,0.013,0.115,0
APP203691,1,0,0,25,0.087,0.029,0
APP203692,0,0,0,4,0.009,0.076,0
APP203693,0,0,0,8,0.028,0.071,0
APP203694,2,0,0,13,0.03,0.047,0
APP203695,0,1,0,10,0.04,0.067,0
APP203696,1,0,0,27,0.044,0.066,0
APP203697,0,1,0,16,0.015,0.171,0
APP203698,0,0,0,18,0.006,0.076,0
APP203699,0,1,0,21,0.089,0.042,0
APP203700,1,1,0,14,0.025,0.117,0
APP203701,0,1,0,36,0.013,0.102,0
APP203702,2,0,0,25,0.005,0.024,0
APP203703,0,1,0,27,0.008,0.073,0
APP203704,0,1,0,96,0.011,0.096,0
APP203705,0,0,0,38,0.122,0.333,0
APP203706,1,0,1,11,0.077,0.012,0
APP203707,0,1,0,22,0.076,0.078,0
APP203708,1,0,0,23,0.053,0.071,0
APP203709,0,1,0,9,0.072,0.05,0
APP203710,0,0,0,12,0.003,0.008,0
APP203711,0,2,0,22,0.065,0.02,0
APP203712,0,0,0,14,0.027,0.039,0
APP203713,1,1,0,25,0.126,0.112,0
APP203714,1,2,0,32,0.001,0.033,0
APP203715,0,0,0,40,0.021,0.08,0
APP203716,0,0,0,33,0.01,0.154,0
APP203717,1,0,0,30,0.03,0.221,0
APP203718,0,0,0,34,0.102,0.1,0
APP203719,1,1,0,10,0.001,0.001,0
APP203720,0,0,0,9,0.001,0.03,0
APP203721,0,1,0,18,0.084,0.177,0
APP203722,0,0,0,22,0.014,0.208,0
APP203723,0,1,0,28,0.04,0.034,0
APP203724,0,0,0,16,0.03,0.229,0
APP203725,0,0,0,19,0.006,0.123,0
APP203726,0,0,0,27,0.051,0.064,0
APP203727,0,2,0,36,0.023,0.13,0
APP203728,0,1,0,52,0.008,0.099,0
APP203729,0,2,0,34,0.022,0.006,0
APP203730,0,0,0,31,0.062,0.112,0
APP203731,1,0,0,35,0.05,0.063,0
APP203732,1,4,0,7,0.051,0.118,0
APP203733,2,1,0,12,0.045,0.037,0
APP203734,1,1,0,6,0.006,0.012,0
APP203735,0,1,0,52,0.029,0.102,0
APP203736,0,1,0,30,0.002,0.452,0
APP203737,1,1,0,12,0.025,0.045,0
APP203738,0,1,1,41,0.284,0.069,0
APP203739,0,0,0,19,0.036,0.021,0
APP203740,0,1,0,17,0.116,0.054,0
APP203741,2,0,0,25,0.013,0.006,0
APP203742,0,1,0,24,0.012,0.062,0
APP203743,0,1,0,49,0.097,0.032,0
APP203744,0,0,0,48,0.073,0.102,0
APP203745,0,1,1,34,0.051,0.225,0
APP203746,1,0,0,17,0.027,0.054,0
APP203747,0,1,0,16,0.032,0.125,0
APP203748,0,0,0,22,0.021,0.398,0
APP203749,0,1,0,19,0.023,0.215,0
APP203750,0,0,0,40,0.003,0.031,0
APP203751,0,1,0,10,0.072,0.115,0
APP203752,0,0,0,14,0.038,0.04,0
APP203753,0,0,0,9,0.026,0.092,0
APP203754,1,0,0,24,0.027,0.133,0
APP203755,0,0,0,113,0.001,0.17,0
APP203756,0,0,0,37,0.003,0.072,0
APP203757,0,1,0,27,0.007,0.104,0
APP203758,0,1,0,39,0.015,0.102,0
APP203759,0,0,0,8,0.027,0.058,0
APP203760,0,0,0,38,0.075,0.003,0
APP203761,0,2,0,33,0.008,0.245,0
APP203762,0,0,1,17,0.173,0.287,0
APP203763,1,1,0,20,0.01,0.018,0
APP203764,0,0,1,47,0.099,0.128,0
APP203765,1,1,0,32,0.0,0.059,0
APP203766,1,0,0,22,0.119,0.029,0
APP203767,0,2,1,8,0.0,0.1,0
APP203768,2,0,0,32,0.007,0.182,0
APP203769,0,0,0,29,0.054,0.018,0
APP203770,0,0,0,19,0.175,0.009,0
APP203771,0,0,0,24,0.051,0.185,0
APP203772,0,1,0,6,0.103,0.205,0
APP203773,0,0,0,14,0.075,0.163,0
APP203774,0,0,0,5,0.197,0.026,0
APP203775,0,0,0,30,0.034,0.063,0
APP203776,0,1,0,22,0.077,0.106,0
APP203777,0,1,0,43,0.08,0.011,0
APP203778,0,0,0,24,0.024,0.212,0
APP203779,0,0,0,17,0.126,0.051,0
APP203780,0,1,0,43,0.016,0.138,0
APP203781,0,0,0,24,0.027,0.126,0
APP203782,0,0,0,16,0.001,0.147,0
APP203783,0,1,0,16,0.016,0.07,0
APP203784,0,0,0,13,0.024,0.038,0
APP203785,0,0,0,8,0.041,0.151,0
APP203786,0,1,0,22,0.005,0.118,0
APP203787,0,0,0,16,0.102,0.079,0
APP203788,2,3,0,18,0.01,0.095,0
APP203789,0,1,0,37,0.064,0.165,0
APP203790,1,0,0,13,0.007,0.009,0
APP203791,0,0,0,6,0.036,0.002,0
APP203792,0,0,0,32,0.006,0.086,0
APP203793,0,0,0,15,0.069,0.013,0
APP203794,0,0,0,88,0.03,0.146,0
APP203795,0,1,0,26,0.052,0.035,0
APP203796,0,2,0,55,0.03,0.016,0
APP203797,0,0,0,20,0.094,0.01,0
APP203798,0,0,0,12,0.118,0.017,0
APP203799,1,1,0,9,0.029,0.055,0
APP203800,0,1,0,18,0.151,0.054,0
APP203801,0,0,0,18,0.084,0.138,0
APP203802,1,0,1,19,0.081,0.107,0
APP203803,0,1,0,32,0.011,0.037,0
APP203804,0,0,0,12,0.003,0.038,0
APP203805,1,0,0,14,0.034,0.063,0
APP203806,0,0,0,5,0.027,0.018,0
APP203807,0,0,0,48,0.057,0.117,0
APP203808,0,0,0,5,0.186,0.047,0
APP203809,1,0,0,24,0.005,0.072,0
APP203810,1,1,0,54,0.106,0.07,0
APP203811,1,1,0,33,0.084,0.03,0
APP203812,0,1,0,20,0.006,0.083,0
APP203813,1,1,0,12,0.011,0.148,0
APP203814,0,0,0,15,0.016,0.057,0
APP203815,1,0,0,28,0.097,0.069,1
APP203816,0,1,0,51,0.009,0.001,0
APP203817,0,0,0,42,0.278,0.086,0
APP203818,0,0,0,30,0.087,0.021,0
APP203819,0,0,0,41,0.044,0.098,0
APP203820,0,1,0,16,0.029,0.003,0
APP203821,0,1,0,29,0.012,0.116,0
APP203822,1,0,0,12,0.019,0.044,0
APP203823,1,0,0,21,0.012,0.261,0
APP203824,0,1,0,15,0.02,0.114,1
APP203825,2,1,0,30,0.006,0.078,0
APP203826,1,0,0,7,0.04,0.234,0
APP203827,0,1,0,13,0.092,0.079,0
APP203828,0,1,0,27,0.1,0.018,0
APP203829,0,0,0,42,0.052,0.041,0
APP203830,0,0,0,22,0.016,0.068,0
APP203831,1,0,0,10,0.076,0.176,0
APP203832,0,1,0,40,0.082,0.006,0
APP203833,0,0,0,22,0.029,0.059,0
APP203834,1,0,0,2,0.01,0.246,0
APP203835,1,1,0,19,0.033,0.067,0
APP203836,0,0,0,29,0.102,0.322,0
APP203837,0,0,0,11,0.015,0.028,0
APP203838,0,0,0,9,0.066,0.03,0
APP203839,0,0,0,27,0.204,0.081,0
APP203840,0,2,0,14,0.011,0.12,0
APP203841,0,0,0,12,0.005,0.004,0
APP203842,1,0,0,14,0.044,0.192,0
APP203843,1,0,0,19,0.001,0.235,0
APP203844,0,0,0,4,0.003,0.068,0
APP203845,1,2,0,41,0.002,0.06,0
APP203846,2,0,0,12,0.063,0.104,0
APP203847,1,2,0,8,0.074,0.152,0
APP203848,0,0,0,20,0.005,0.033,0
APP203849,0,0,0,51,0.095,0.031,0
APP203850,0,0,0,55,0.001,0.224,0
APP203851,0,0,0,71,0.058,0.182,0
APP203852,0,1,0,17,0.001,0.134,0
APP203853,0,0,0,31,0.075,0.104,0
APP203854,0,0,0,9,0.053,0.037,0
APP203855,0,2,0,31,0.0,0.131,0
APP203856,1,0,0,12,0.002,0.026,0
APP203857,0,1,1,18,0.126,0.112,0
APP203858,0,0,0,10,0.002,0.004,0
APP203859,0,0,0,39,0.021,0.182,0
APP203860,0,1,0,18,0.101,0.093,0
APP203861,0,1,0,50,0.02,0.058,0
APP203862,0,0,0,23,0.003,0.115,0
APP203863,0,0,0,35,0.001,0.148,0
APP203864,0,1,0,25,0.128,0.077,1
APP203865,1,1,0,13,0.198,0.016,0
APP203866,0,1,0,22,0.026,0.063,0
APP203867,1,1,0,12,0.028,0.025,0
APP203868,0,0,0,15,0.012,0.063,0
APP203869,0,0,0,16,0.019,0.103,0
APP203870,1,0,0,21,0.273,0.041,0
APP203871,0,0,0,44,0.006,0.214,0
APP203872,0,1,0,43,0.004,0.024,0
APP203873,0,1,0,15,0.034,0.135,0
APP203874,0,1,0,17,0.038,0.025,0
APP203875,0,1,0,10,0.001,0.068,0
APP203876,2,0,0,11,0.062,0.186,0
APP203877,0,2,0,22,0.004,0.061,0
APP203878,0,0,0,40,0.035,0.046,0
APP203879,0,0,0,30,0.028,0.032,0
APP203880,0,0,0,37,0.119,0.015,0
APP203881,0,0,0,11,0.113,0.034,0
APP203882,0,0,1,14,0.0,0.037,0
APP203883,0,1,0,14,0.014,0.087,0
APP203884,1,1,0,44,0.044,0.214,0
APP203885,0,0,0,12,0.048,0.067,0
APP203886,2,0,0,12,0.021,0.156,0
APP203887,0,0,0,21,0.001,0.013,0
APP203888,1,1,0,26,0.025,0.06,0
APP203889,0,0,0,50,0.022,0.012,0
APP203890,1,1,0,12,0.043,0.107,0
APP203891,0,0,0,34,0.044,0.02,0
APP203892,1,0,0,16,0.001,0.159,0
APP203893,0,0,0,23,0.073,0.059,0
APP203894,0,1,0,46,0.021,0.181,0
APP203895,0,0,0,24,0.0,0.056,0
APP203896,0,0,0,10,0.0,0.185,0
APP203897,0,0,0,42,0.0,0.21,0
APP203898,1,0,0,14,0.002,0.045,0
APP203899,0,1,0,20,0.04,0.078,1
APP203900,0,0,0,40,0.015,0.103,0
APP203901,1,0,0,33,0.027,0.088,0
APP203902,1,0,0,14,0.026,0.114,0
APP203903,0,0,0,32,0.014,0.045,0
APP203904,0,0,0,23,0.045,0.22,0
APP203905,0,2,0,16,0.1,0.002,0
APP203906,2,0,0,15,0.004,0.123,0
APP203907,1,1,0,24,0.007,0.115,0
APP203908,0,0,0,13,0.081,0.102,0
APP203909,1,1,0,46,0.127,0.049,0
APP203910,0,2,1,29,0.033,0.225,0
APP203911,0,0,0,17,0.02,0.069,0
APP203912,0,1,0,41,0.003,0.248,0
APP203913,0,0,0,45,0.055,0.093,0
APP203914,0,0,0,11,0.114,0.114,0
APP203915,0,0,0,19,0.228,0.162,0
APP203916,0,1,0,7,0.047,0.027,0
APP203917,0,1,0,24,0.054,0.111,0
APP203918,0,0,0,17,0.073,0.042,0
APP203919,0,1,0,27,0.064,0.144,1
APP203920,1,0,0,27,0.081,0.176,0
APP203921,0,0,0,11,0.234,0.173,0
APP203922,1,0,0,62,0.114,0.018,0
APP203923,0,0,0,8,0.076,0.123,0
APP203924,0,0,0,27,0.034,0.082,0
APP203925,1,0,1,15,0.055,0.025,0
APP203926,1,0,0,29,0.023,0.045,0
APP203927,0,1,0,22,0.002,0.044,0
APP203928,1,0,0,33,0.002,0.026,0
APP203929,0,0,0,43,0.008,0.182,0
APP203930,0,1,0,30,0.0,0.062,0
APP203931,0,1,0,13,0.104,0.092,0
APP203932,0,0,0,37,0.049,0.083,0
APP203933,1,0,0,15,0.197,0.036,0
APP203934,0,1,0,12,0.007,0.082,0
APP203935,0,0,0,27,0.227,0.048,0
APP203936,1,1,0,69,0.032,0.3,0
APP203937,0,2,0,57,0.011,0.083,0
APP203938,0,0,0,28,0.012,0.095,0
APP203939,0,0,0,25,0.005,0.202,0
APP203940,0,1,0,30,0.054,0.03,0
APP203941,1,0,0,28,0.162,0.018,0
APP203942,0,0,0,32,0.012,0.012,0
APP203943,1,0,0,28,0.003,0.081,0
APP203944,1,0,0,9,0.021,0.121,0
APP203945,0,2,0,18,0.106,0.036,0
APP203946,0,1,0,39,0.046,0.17,0
APP203947,2,0,0,24,0.002,0.022,0
APP203948,0,0,0,15,0.053,0.068,0
APP203949,0,1,0,10,0.111,0.004,0
APP203950,0,0,0,26,0.005,0.123,0
APP203951,1,0,0,11,0.028,0.026,0
APP203952,0,1,0,16,0.021,0.032,0
APP203953,1,0,0,9,0.012,0.133,0
APP203954,0,0,0,16,0.043,0.008,0
APP203955,0,1,0,56,0.114,0.095,0
APP203956,0,0,0,32,0.033,0.222,0
APP203957,0,0,0,37,0.011,0.009,0
APP203958,0,0,0,16,0.07,0.064,0
APP203959,0,1,0,7,0.022,0.134,0
APP203960,1,1,0,45,0.057,0.163,0
APP203961,0,0,0,24,0.021,0.067,0
APP203962,1,0,0,33,0.002,0.16,0
APP203963,0,0,0,24,0.044,0.126,0
APP203964,1,1,0,21,0.06,0.033,0
APP203965,0,0,0,14,0.03,0.078,0
APP203966,1,0,0,9,0.007,0.093,0
APP203967,1,1,0,34,0.018,0.041,0
APP203968,0,2,0,32,0.041,0.036,0
APP203969,0,2,0,20,0.03,0.009,0
APP203970,0,0,0,36,0.031,0.021,0
APP203971,0,1,1,49,0.079,0.04,0
APP203972,0,1,0,13,0.024,0.13,0
APP203973,2,0,0,30,0.057,0.017,0
APP203974,0,0,0,41,0.006,0.064,0
APP203975,0,0,0,36,0.022,0.034,0
APP203976,0,1,0,12,0.002,0.134,0
APP203977,2,0,0,6,0.056,0.12,0
APP203978,0,0,0,11,0.047,0.042,0
APP203979,0,2,0,15,0.032,0.115,0
APP203980,0,0,0,15,0.07,0.094,0
APP203981,0,0,0,49,0.006,0.089,0
APP203982,1,1,0,20,0.037,0.045,0
APP203983,0,1,0,13,0.04,0.083,0
APP203984,0,0,0,14,0.003,0.086,0
APP203985,0,1,0,17,0.002,0.098,0
APP203986,0,1,0,52,0.106,0.008,0
APP203987,1,1,0,28,0.051,0.061,1
APP203988,1,0,0,40,0.011,0.064,0
APP203989,0,0,0,9,0.039,0.1,0
APP203990,0,1,0,10,0.099,0.253,0
APP203991,0,1,0,30,0.006,0.016,0
APP203992,0,0,0,25,0.177,0.014,0
APP203993,0,1,0,26,0.002,0.078,0
APP203994,2,0,0,21,0.001,0.022,0
APP203995,0,0,0,28,0.046,0.01,0
APP203996,0,0,0,51,0.057,0.182,0
APP203997,0,1,0,22,0.002,0.039,0
APP203998,0,0,1,17,0.112,0.072,0
APP203999,0,0,0,27,0.005,0.039,0
APP204000,0,0,0,7,0.059,0.021,0
APP204001,1,0,0,19,0.083,0.067,0
APP204002,0,0,0,17,0.112,0.057,0
APP204003,0,2,0,17,0.01,0.24,0
APP204004,2,0,0,23,0.033,0.155,0
APP204005,0,0,0,37,0.049,0.041,0
APP204006,0,0,1,19,0.035,0.019,0
APP204007,0,0,0,14,0.068,0.085,0
APP204008,2,0,0,13,0.062,0.009,0
APP204009,0,1,0,4,0.007,0.046,0
APP204010,0,0,0,10,0.032,0.121,0
APP204011,0,0,0,42,0.006,0.174,0
APP204012,0,0,0,24,0.099,0.232,0
APP204013,0,0,0,20,0.061,0.105,0
APP204014,0,0,0,22,0.068,0.024,0
APP204015,1,2,0,11,0.009,0.027,0
APP204016,0,0,1,55,0.039,0.127,0
APP204017,0,0,0,14,0.04,0.049,0
APP204018,0,1,0,41,0.01,0.058,0
APP204019,0,1,0,19,0.004,0.329,0
APP204020,0,0,0,14,0.047,0.115,0
APP204021,0,0,0,8,0.166,0.221,0
APP204022,0,0,0,18,0.001,0.015,0
APP204023,2,0,0,38,0.001,0.051,0
APP204024,0,1,0,35,0.067,0.034,0
APP204025,0,0,0,21,0.0,0.037,0
APP204026,0,0,0,17,0.01,0.096,0
APP204027,1,0,0,29,0.007,0.12,0
APP204028,0,0,0,24,0.068,0.208,0
APP204029,0,0,0,24,0.015,0.059,0
APP204030,0,1,0,9,0.011,0.0,0
APP204031,0,1,0,34,0.099,0.282,0
APP204032,1,2,0,36,0.017,0.146,0
APP204033,0,1,0,12,0.025,0.066,0
APP204034,0,0,0,13,0.018,0.294,0
APP204035,1,0,0,32,0.005,0.042,0
APP204036,1,1,0,18,0.016,0.033,0
APP204037,0,0,0,52,0.019,0.297,0
APP204038,0,0,0,16,0.053,0.177,0
APP204039,0,1,0,24,0.04,0.221,0
APP204040,1,0,0,20,0.001,0.04,0
APP204041,1,0,0,9,0.078,0.175,0
APP204042,0,0,0,24,0.011,0.337,0
APP204043,0,0,0,33,0.019,0.026,0
APP204044,0,0,0,20,0.055,0.14,0
APP204045,0,1,0,23,0.001,0.22,0
APP204046,0,0,0,51,0.045,0.012,0
APP204047,0,0,0,19,0.0,0.163,0
APP204048,0,0,0,19,0.003,0.075,0
APP204049,0,1,0,13,0.011,0.18,0
APP204050,1,0,0,38,0.038,0.186,0
APP204051,1,0,0,22,0.057,0.038,0
APP204052,0,1,0,48,0.038,0.171,0
APP204053,0,1,0,17,0.04,0.086,0
APP204054,1,0,0,65,0.026,0.059,0
APP204055,0,0,0,32,0.026,0.056,0
APP204056,0,0,0,34,0.012,0.356,0
APP204057,0,1,0,13,0.012,0.055,0
APP204058,0,0,0,23,0.1,0.009,0
APP204059,0,1,0,21,0.048,0.195,0
APP204060,1,2,0,35,0.025,0.162,0
APP204061,0,1,0,9,0.009,0.012,0
APP204062,0,0,0,16,0.001,0.167,0
APP204063,0,0,0,20,0.016,0.001,0
APP204064,0,0,0,27,0.009,0.019,0
APP204065,1,2,0,19,0.015,0.104,0
APP204066,0,2,0,11,0.006,0.056,0
APP204067,1,0,0,45,0.086,0.049,0
APP204068,0,0,0,45,0.11,0.05,0
APP204069,2,0,0,30,0.01,0.185,1
APP204070,0,0,0,24,0.001,0.074,0
APP204071,2,0,0,27,0.019,0.042,0
APP204072,0,1,0,36,0.023,0.091,0
APP204073,0,0,0,17,0.023,0.0,0
APP204074,0,1,0,20,0.028,0.318,0
APP204075,2,2,0,9,0.046,0.156,0
APP204076,1,2,0,17,0.006,0.021,0
APP204077,0,1,0,16,0.007,0.027,0
APP204078,1,0,0,14,0.032,0.057,0
APP204079,0,0,0,25,0.05,0.172,0
APP204080,0,0,0,8,0.145,0.084,0
APP204081,0,1,0,12,0.012,0.07,0
APP204082,1,0,0,21,0.019,0.145,0
APP204083,0,2,0,34,0.071,0.042,0
APP204084,0,0,0,13,0.028,0.11,0
APP204085,2,0,0,32,0.036,0.125,0
APP204086,1,0,0,27,0.173,0.221,0
APP204087,0,0,0,40,0.015,0.251,0
APP204088,0,0,0,38,0.015,0.117,0
APP204089,2,0,0,9,0.026,0.124,0
APP204090,0,1,0,14,0.05,0.011,0
APP204091,0,1,0,15,0.039,0.061,0
APP204092,1,0,0,24,0.171,0.027,0
APP204093,1,0,0,17,0.035,0.014,0
APP204094,1,0,0,24,0.013,0.149,0
APP204095,0,0,0,39,0.007,0.033,0
APP204096,0,0,1,19,0.037,0.023,0
APP204097,0,0,0,26,0.037,0.033,0
APP204098,0,1,0,49,0.065,0.043,0
APP204099,0,1,0,13,0.087,0.024,0
APP204100,0,0,0,7,0.068,0.013,0
APP204101,0,0,1,38,0.036,0.005,0
APP204102,1,1,0,25,0.031,0.049,0
APP204103,1,0,0,22,0.009,0.02,0
APP204104,0,0,0,24,0.001,0.087,0
APP204105,0,1,0,40,0.002,0.13,0
APP204106,0,0,0,11,0.03,0.027,0
APP204107,0,0,0,31,0.09,0.137,0
APP204108,0,3,0,44,0.061,0.137,0
APP204109,0,1,0,29,0.041,0.146,0
APP204110,1,0,1,22,0.004,0.147,0
APP204111,0,1,0,45,0.025,0.017,0
APP204112,1,1,0,43,0.052,0.056,1
APP204113,1,0,0,33,0.052,0.03,0
APP204114,0,1,0,18,0.001,0.039,0
APP204115,0,0,0,13,0.02,0.01,0
APP204116,0,2,0,34,0.021,0.038,0
APP204117,0,1,0,19,0.041,0.019,0
APP204118,0,1,0,38,0.026,0.006,0
APP204119,1,0,0,15,0.051,0.034,0
APP204120,1,0,0,24,0.009,0.122,0
APP204121,0,0,0,26,0.017,0.119,0
APP204122,1,0,0,19,0.04,0.181,0
APP204123,2,0,0,21,0.07,0.13,0
APP204124,0,0,0,30,0.074,0.067,0
APP204125,1,1,0,12,0.102,0.018,0
APP204126,0,0,0,28,0.004,0.034,0
APP204127,0,0,0,16,0.016,0.02,0
APP204128,2,0,0,17,0.094,0.283,0
APP204129,3,0,0,21,0.013,0.075,0
APP204130,0,0,0,29,0.035,0.113,0
APP204131,0,0,0,15,0.005,0.156,0
APP204132,0,0,0,19,0.035,0.026,0
APP204133,0,3,0,52,0.037,0.373,0
APP204134,1,1,0,16,0.031,0.019,0
APP204135,0,1,0,16,0.03,0.108,0
APP204136,1,1,0,14,0.087,0.102,0
APP204137,1,1,0,34,0.005,0.156,0
APP204138,1,0,0,11,0.003,0.089,0
APP204139,1,0,0,27,0.028,0.217,0
APP204140,0,1,0,54,0.037,0.033,0
APP204141,0,0,0,49,0.001,0.063,0
APP204142,0,1,0,12,0.004,0.234,0
APP204143,0,0,0,29,0.052,0.024,0
APP204144,0,0,0,26,0.006,0.066,0
APP204145,0,1,0,30,0.022,0.045,0
APP204146,0,0,0,16,0.005,0.062,0
APP204147,0,0,0,51,0.071,0.151,0
APP204148,1,0,0,22,0.045,0.034,0
APP204149,0,0,0,37,0.005,0.0,0
APP204150,0,1,0,21,0.008,0.011,1
APP204151,0,1,0,32,0.003,0.058,0
APP204152,2,0,0,42,0.102,0.029,0
APP204153,0,1,0,15,0.114,0.301,0
APP204154,0,0,0,28,0.007,0.192,0
APP204155,0,1,0,46,0.006,0.06,0
APP204156,0,1,0,63,0.11,0.134,0
APP204157,0,2,0,9,0.046,0.022,0
APP204158,0,1,0,24,0.021,0.072,0
APP204159,0,0,0,30,0.012,0.065,0
APP204160,0,1,0,11,0.025,0.05,0
APP204161,0,0,0,32,0.008,0.061,0
APP204162,0,1,0,29,0.012,0.052,0
APP204163,0,0,0,13,0.007,0.173,0
APP204164,1,1,0,16,0.002,0.073,0
APP204165,0,1,0,29,0.002,0.014,0
APP204166,0,1,0,20,0.035,0.007,0
APP204167,0,0,0,31,0.02,0.101,0
APP204168,0,0,0,33,0.142,0.013,0
APP204169,0,0,0,10,0.178,0.007,0
APP204170,0,2,0,22,0.053,0.002,0
APP204171,1,1,0,17,0.004,0.088,0
APP204172,1,3,0,55,0.008,0.001,0
APP204173,0,0,0,18,0.002,0.057,0
APP204174,0,0,0,17,0.056,0.052,0
APP204175,0,1,0,12,0.053,0.078,0
APP204176,0,1,0,22,0.063,0.125,0
APP204177,0,0,0,16,0.011,0.062,0
APP204178,0,0,0,7,0.001,0.049,0
APP204179,0,0,0,11,0.039,0.033,0
APP204180,0,0,0,31,0.007,0.033,0
APP204181,2,2,0,10,0.01,0.021,0
APP204182,0,0,1,35,0.012,0.082,0
APP204183,0,1,0,9,0.004,0.068,0
APP204184,1,1,0,12,0.106,0.071,0
APP204185,0,0,0,6,0.01,0.239,0
APP204186,0,0,0,26,0.002,0.023,0
APP204187,1,0,0,26,0.03,0.045,0
APP204188,0,0,0,35,0.049,0.005,0
APP204189,0,1,0,5,0.061,0.006,0
APP204190,0,1,0,53,0.001,0.08,0
APP204191,0,1,0,16,0.009,0.078,0
APP204192,1,0,0,20,0.05,0.03,0
APP204193,1,0,0,23,0.044,0.075,0
APP204194,0,0,0,25,0.16,0.032,0
APP204195,0,0,0,19,0.188,0.045,0
APP204196,0,0,0,10,0.051,0.026,0
APP204197,1,0,0,14,0.022,0.448,0
APP204198,0,0,0,4,0.001,0.002,0
APP204199,0,1,0,12,0.137,0.005,0
APP204200,0,1,0,5,0.013,0.106,0
APP204201,0,0,0,13,0.008,0.22,1
APP204202,0,0,0,8,0.019,0.055,0
APP204203,0,0,0,28,0.022,0.323,0
APP204204,0,2,0,17,0.03,0.023,0
APP204205,1,0,0,9,0.105,0.408,0
APP204206,0,2,0,10,0.074,0.074,1
APP204207,2,0,0,23,0.086,0.079,0
APP204208,0,1,0,65,0.003,0.112,0
APP204209,0,0,0,15,0.007,0.041,0
APP204210,0,2,0,43,0.011,0.184,0
APP204211,0,0,0,10,0.055,0.059,0
APP204212,0,0,0,21,0.024,0.036,0
APP204213,0,0,0,37,0.009,0.023,0
APP204214,0,0,0,24,0.059,0.065,0
APP204215,0,1,0,29,0.0,0.05,0
APP204216,0,1,0,9,0.019,0.147,0
APP204217,0,0,0,6,0.032,0.01,0
APP204218,0,0,0,32,0.008,0.023,0
APP204219,1,1,0,40,0.063,0.037,0
APP204220,0,0,0,10,0.031,0.18,0
APP204221,1,1,0,44,0.0,0.119,0
APP204222,0,1,0,10,0.0,0.142,0
APP204223,0,0,0,22,0.051,0.143,0
APP204224,0,0,0,57,0.002,0.193,0
APP204225,0,1,0,6,0.059,0.013,0
APP204226,0,0,0,18,0.0,0.193,0
APP204227,1,0,1,33,0.176,0.005,0
APP204228,0,1,0,25,0.055,0.044,1
APP204229,1,0,0,29,0.004,0.031,0
APP204230,0,0,0,19,0.063,0.209,0
APP204231,0,1,0,25,0.031,0.06,0
APP204232,0,1,0,39,0.002,0.021,0
APP204233,0,1,0,27,0.06,0.14,0
APP204234,0,1,0,24,0.036,0.052,0
APP204235,0,0,1,10,0.01,0.082,0
APP204236,2,0,0,20,0.009,0.249,0
APP204237,1,1,0,34,0.091,0.112,0
APP204238,0,0,0,8,0.009,0.048,0
APP204239,1,0,0,57,0.094,0.044,0
APP204240,1,0,0,15,0.007,0.173,0
APP204241,0,0,0,32,0.021,0.185,0
APP204242,0,0,0,32,0.002,0.042,0
APP204243,0,1,0,32,0.003,0.275,0
APP204244,0,0,1,24,0.009,0.015,0
APP204245,0,1,0,26,0.105,0.02,0
APP204246,0,0,0,34,0.13,0.013,0
APP204247,0,0,0,6,0.002,0.144,0
APP204248,0,1,0,27,0.019,0.086,0
APP204249,1,0,0,46,0.038,0.024,0
APP204250,0,0,0,32,0.004,0.051,0
APP204251,0,1,0,42,0.052,0.04,0
APP204252,0,0,0,24,0.009,0.002,0
APP204253,1,1,0,34,0.053,0.078,0
APP204254,0,1,0,4,0.034,0.201,0
APP204255,2,1,0,15,0.031,0.268,0
APP204256,0,0,0,79,0.013,0.06,0
APP204257,0,0,0,20,0.01,0.012,0
APP204258,0,1,0,21,0.001,0.103,0
APP204259,1,0,0,12,0.001,0.046,0
APP204260,0,1,0,51,0.02,0.251,0
APP204261,0,1,0,11,0.052,0.077,0
APP204262,0,1,0,12,0.102,0.011,0
APP204263,0,0,0,13,0.007,0.162,0
APP204264,1,1,0,23,0.121,0.007,0
APP204265,2,0,0,45,0.08,0.124,1
APP204266,0,1,0,34,0.001,0.104,0
APP204267,0,0,0,91,0.013,0.063,0
APP204268,0,1,0,38,0.005,0.005,0
APP204269,0,0,1,5,0.03,0.012,0
APP204270,1,0,0,35,0.009,0.071,0
APP204271,0,0,0,28,0.004,0.124,0
APP204272,0,1,0,34,0.037,0.311,0
APP204273,2,0,0,16,0.073,0.065,0
APP204274,1,0,0,14,0.058,0.097,0
APP204275,0,3,0,16,0.012,0.058,0
APP204276,0,0,0,19,0.012,0.009,0
APP204277,0,1,0,39,0.032,0.139,0
APP204278,0,1,0,14,0.004,0.042,0
APP204279,1,0,0,17,0.124,0.103,0
APP204280,0,0,0,27,0.049,0.198,0
APP204281,1,1,0,12,0.046,0.156,0
APP204282,0,0,0,26,0.009,0.005,0
APP204283,0,1,0,9,0.006,0.054,0
APP204284,0,1,0,7,0.009,0.032,0
APP204285,1,1,0,14,0.103,0.037,0
APP204286,0,0,0,29,0.011,0.143,0
APP204287,1,1,0,7,0.095,0.137,0
APP204288,1,1,0,16,0.056,0.246,0
APP204289,0,2,0,11,0.023,0.021,0
APP204290,0,1,0,20,0.013,0.06,0
APP204291,1,3,0,16,0.066,0.008,0
APP204292,0,0,0,27,0.038,0.105,0
APP204293,0,0,0,10,0.041,0.031,0
APP204294,0,1,0,46,0.002,0.15,0
APP204295,0,0,0,17,0.068,0.038,0
APP204296,1,0,0,6,0.051,0.277,0
APP204297,1,0,0,22,0.026,0.124,0
APP204298,0,0,0,29,0.11,0.406,0
APP204299,0,0,0,31,0.003,0.016,0
APP204300,1,1,0,27,0.065,0.032,0
APP204301,0,0,0,26,0.01,0.045,0
APP204302,1,0,0,56,0.007,0.054,0
APP204303,0,3,0,40,0.002,0.117,0
APP204304,1,0,0,3,0.003,0.018,0
APP204305,0,2,0,18,0.014,0.062,0
APP204306,1,0,0,23,0.004,0.126,0
APP204307,0,0,0,21,0.016,0.043,0
APP204308,0,1,0,17,0.0,0.016,0
APP204309,0,1,0,13,0.062,0.211,0
APP204310,1,2,0,5,0.171,0.001,1
APP204311,0,0,0,23,0.051,0.068,0
APP204312,0,0,0,8,0.052,0.076,0
APP204313,0,0,0,10,0.125,0.076,0
APP204314,1,0,0,20,0.037,0.295,0
APP204315,1,0,0,40,0.062,0.111,0
APP204316,0,0,1,15,0.001,0.033,0
APP204317,0,0,0,17,0.005,0.198,0
APP204318,1,0,0,31,0.102,0.002,0
APP204319,1,1,0,15,0.045,0.232,0
APP204320,1,0,0,15,0.147,0.043,0
APP204321,1,0,0,35,0.012,0.114,0
APP204322,1,1,0,27,0.012,0.038,0
APP204323,0,1,0,24,0.027,0.131,0
APP204324,2,0,0,35,0.02,0.055,0
APP204325,1,0,0,19,0.057,0.212,0
APP204326,2,2,0,31,0.017,0.006,0
APP204327,2,1,0,34,0.033,0.198,1
APP204328,0,0,0,41,0.007,0.124,0
APP204329,0,0,0,37,0.04,0.044,0
APP204330,0,1,0,53,0.121,0.088,1
APP204331,0,1,0,48,0.025,0.076,0
APP204332,0,2,0,13,0.023,0.106,0
APP204333,1,0,0,7,0.091,0.034,0
APP204334,0,0,0,25,0.036,0.198,0
APP204335,0,1,0,16,0.129,0.026,0
APP204336,1,1,0,13,0.04,0.105,0
APP204337,0,0,0,5,0.017,0.152,0
APP204338,0,0,0,10,0.123,0.018,0
APP204339,0,2,0,20,0.056,0.1,0
APP204340,0,0,0,19,0.092,0.005,0
APP204341,1,0,0,48,0.005,0.012,0
APP204342,1,1,0,24,0.041,0.072,0
APP204343,0,1,0,26,0.025,0.197,0
APP204344,1,0,0,10,0.001,0.024,0
APP204345,2,0,0,17,0.021,0.133,0
APP204346,0,1,0,19,0.003,0.143,0
APP204347,0,0,0,29,0.021,0.074,0
APP204348,1,0,0,11,0.027,0.109,0
APP204349,2,1,0,9,0.014,0.042,0
APP204350,1,0,0,32,0.086,0.072,0
APP204351,0,1,0,41,0.051,0.039,0
APP204352,1,0,0,15,0.046,0.056,0
APP204353,0,0,0,16,0.012,0.088,0
APP204354,0,0,0,16,0.019,0.038,0
APP204355,0,0,0,22,0.013,0.168,0
APP204356,1,0,0,6,0.005,0.042,0
APP204357,1,0,0,30,0.007,0.01,0
APP204358,0,0,0,28,0.089,0.042,0
APP204359,1,0,0,32,0.032,0.158,0
APP204360,1,0,0,16,0.008,0.013,0
APP204361,1,0,0,64,0.018,0.024,0
APP204362,1,0,0,14,0.126,0.136,0
APP204363,1,0,0,18,0.0,0.072,0
APP204364,0,0,0,26,0.034,0.034,0
APP204365,1,1,0,24,0.251,0.037,0
APP204366,0,0,0,8,0.05,0.296,0
APP204367,0,1,0,14,0.038,0.079,0
APP204368,0,0,1,8,0.109,0.065,0
APP204369,2,0,0,19,0.018,0.251,0
APP204370,0,0,0,23,0.02,0.098,0
APP204371,0,0,1,11,0.096,0.007,0
APP204372,1,0,0,26,0.216,0.108,0
APP204373,0,0,0,31,0.026,0.043,0
APP204374,1,0,0,5,0.084,0.065,0
APP204375,0,1,0,11,0.041,0.213,0
APP204376,1,0,0,26,0.013,0.008,0
APP204377,0,0,0,49,0.0,0.106,0
APP204378,0,0,1,12,0.038,0.085,0
APP204379,0,0,0,36,0.065,0.035,0
APP204380,0,0,1,30,0.128,0.074,0
APP204381,0,0,0,31,0.027,0.009,0
APP204382,0,0,0,22,0.057,0.019,0
APP204383,0,1,0,31,0.002,0.024,0
APP204384,0,0,0,17,0.007,0.066,0
APP204385,0,0,0,17,0.01,0.045,0
APP204386,0,0,0,9,0.202,0.065,0
APP204387,1,0,0,30,0.02,0.002,0
APP204388,0,1,0,23,0.009,0.108,0
APP204389,0,0,0,32,0.015,0.027,0
APP204390,0,0,0,17,0.043,0.055,0
APP204391,0,1,0,22,0.002,0.002,0
APP204392,1,1,0,18,0.03,0.134,1
APP204393,0,0,0,27,0.054,0.045,0
APP204394,1,1,0,28,0.056,0.123,0
APP204395,0,0,0,21,0.056,0.244,0
APP204396,0,0,0,6,0.012,0.105,0
APP204397,0,0,0,34,0.002,0.023,0
APP204398,0,0,0,45,0.01,0.045,0
APP204399,0,0,1,8,0.075,0.063,0
APP204400,0,1,0,23,0.011,0.176,0
APP204401,1,0,0,40,0.027,0.06,0
APP204402,0,0,0,11,0.016,0.061,0
APP204403,1,2,0,34,0.05,0.018,0
APP204404,0,1,0,28,0.015,0.057,0
APP204405,0,1,1,28,0.03,0.021,0
APP204406,0,0,0,15,0.018,0.027,0
APP204407,0,0,0,18,0.076,0.043,0
APP204408,1,0,0,20,0.035,0.186,0
APP204409,0,0,0,6,0.031,0.011,0
APP204410,1,0,0,28,0.003,0.019,0
APP204411,1,0,0,33,0.068,0.045,0
APP204412,0,2,0,61,0.015,0.04,0
APP204413,0,1,0,15,0.11,0.163,0
APP204414,0,0,0,8,0.033,0.034,0
APP204415,1,0,0,32,0.026,0.051,0
APP204416,0,0,0,26,0.0,0.02,0
APP204417,0,1,0,15,0.006,0.163,0
APP204418,0,0,0,24,0.003,0.276,0
APP204419,1,0,0,34,0.014,0.012,0
APP204420,0,0,0,30,0.006,0.17,0
APP204421,1,0,0,10,0.016,0.05,0
APP204422,0,0,0,13,0.062,0.02,0
APP204423,1,1,0,38,0.005,0.111,0
APP204424,0,3,0,50,0.058,0.153,0
APP204425,1,0,0,7,0.006,0.041,0
APP204426,1,0,1,18,0.021,0.091,0
APP204427,0,1,0,53,0.057,0.071,0
APP204428,1,0,0,20,0.001,0.006,0
APP204429,0,0,0,24,0.145,0.011,0
APP204430,1,0,1,68,0.004,0.112,0
APP204431,0,1,0,48,0.006,0.021,0
APP204432,1,0,0,3,0.017,0.044,0
APP204433,2,0,0,22,0.013,0.015,0
APP204434,0,0,1,24,0.04,0.099,0
APP204435,0,0,0,37,0.031,0.033,0
APP204436,0,1,0,11,0.049,0.084,0
APP204437,0,0,0,13,0.07,0.154,0
APP204438,0,1,0,26,0.001,0.165,0
APP204439,1,0,0,16,0.003,0.001,0
APP204440,0,0,0,12,0.004,0.016,0
APP204441,0,1,0,31,0.042,0.039,0
APP204442,1,1,1,18,0.02,0.05,1
APP204443,0,2,0,29,0.042,0.028,0
APP204444,0,0,0,9,0.059,0.184,0
APP204445,0,0,0,12,0.023,0.247,0
APP204446,0,1,0,32,0.045,0.099,0
APP204447,1,0,0,21,0.056,0.001,0
APP204448,1,1,0,15,0.022,0.03,0
APP204449,1,0,0,32,0.024,0.011,0
APP204450,1,1,0,44,0.037,0.03,0
APP204451,1,0,0,22,0.033,0.098,0
APP204452,0,1,0,22,0.004,0.161,0
APP204453,1,0,0,27,0.002,0.162,0
APP204454,2,0,0,6,0.017,0.024,0
APP204455,1,1,0,33,0.002,0.208,0
APP204456,0,1,0,24,0.04,0.04,0
APP204457,0,1,0,8,0.251,0.037,0
APP204458,0,1,0,30,0.028,0.056,0
APP204459,0,0,0,20,0.023,0.053,0
APP204460,0,0,0,24,0.008,0.074,0
APP204461,0,0,0,29,0.0,0.127,0
APP204462,0,2,0,30,0.005,0.022,0
APP204463,0,0,0,12,0.078,0.01,0
APP204464,1,0,0,19,0.078,0.042,0
APP204465,1,0,0,18,0.047,0.011,0
APP204466,1,0,0,21,0.039,0.039,0
APP204467,0,0,0,13,0.077,0.049,1
APP204468,0,0,0,7,0.007,0.097,0
APP204469,0,0,0,7,0.026,0.115,0
APP204470,0,0,0,11,0.014,0.146,0
APP204471,0,1,0,6,0.115,0.011,0
APP204472,0,0,0,11,0.044,0.035,0
APP204473,0,0,0,7,0.004,0.079,0
APP204474,0,0,0,27,0.002,0.01,0
APP204475,0,0,0,16,0.056,0.034,0
APP204476,0,0,0,13,0.087,0.065,0
APP204477,0,1,1,29,0.03,0.015,0
APP204478,0,2,0,4,0.076,0.026,0
APP204479,0,0,0,16,0.031,0.028,0
APP204480,0,0,0,11,0.039,0.139,0
APP204481,1,0,0,49,0.003,0.142,0
APP204482,0,0,0,17,0.029,0.042,0
APP204483,0,1,0,31,0.066,0.007,0
APP204484,0,3,0,33,0.085,0.063,0
APP204485,0,0,0,59,0.018,0.074,0
APP204486,1,0,0,35,0.112,0.202,0
APP204487,0,0,0,23,0.018,0.022,0
APP204488,1,0,0,15,0.002,0.098,0
APP204489,0,0,0,32,0.029,0.068,0
APP204490,1,0,0,19,0.004,0.191,0
APP204491,0,0,0,25,0.041,0.117,0
APP204492,0,0,0,9,0.033,0.03,0
APP204493,0,0,0,23,0.01,0.256,0
APP204494,0,0,1,59,0.028,0.024,0
APP204495,1,1,0,13,0.056,0.132,0
APP204496,0,0,0,19,0.044,0.068,0
APP204497,0,0,0,18,0.022,0.02,0
APP204498,0,0,0,42,0.009,0.058,0
APP204499,0,0,0,48,0.006,0.043,0
APP204500,0,0,0,22,0.027,0.056,0
APP204501,0,0,0,7,0.052,0.091,0
APP204502,2,0,0,30,0.044,0.097,0
APP204503,0,1,0,25,0.027,0.098,0
APP204504,0,0,0,15,0.005,0.041,0
APP204505,0,1,0,15,0.004,0.024,0
APP204506,1,0,0,31,0.007,0.156,0
APP204507,1,1,0,15,0.043,0.004,0
APP204508,0,0,0,8,0.025,0.148,0
APP204509,0,0,0,13,0.034,0.023,0
APP204510,0,1,0,51,0.017,0.117,0
APP204511,1,0,0,8,0.006,0.142,0
APP204512,0,0,0,22,0.046,0.053,0
APP204513,0,2,0,8,0.012,0.052,0
APP204514,0,0,0,37,0.015,0.101,0
APP204515,0,0,0,34,0.147,0.026,0
APP204516,0,2,0,18,0.006,0.09,0
APP204517,0,0,0,16,0.102,0.173,0
APP204518,0,0,0,30,0.004,0.082,0
APP204519,0,0,0,27,0.011,0.006,0
APP204520,0,0,0,27,0.02,0.129,0
APP204521,0,0,0,17,0.002,0.129,0
APP204522,1,0,0,17,0.002,0.137,0
APP204523,0,0,0,34,0.032,0.148,0
APP204524,1,0,0,9,0.004,0.018,0
APP204525,0,0,0,18,0.002,0.041,0
APP204526,0,1,0,12,0.052,0.004,0
APP204527,0,1,0,42,0.036,0.086,0
APP204528,0,1,0,21,0.011,0.102,0
APP204529,0,1,0,10,0.004,0.01,0
APP204530,0,0,0,9,0.078,0.172,0
APP204531,0,1,1,21,0.005,0.051,0
APP204532,1,1,0,16,0.029,0.122,0
APP204533,0,0,0,40,0.005,0.003,0
APP204534,0,2,0,10,0.118,0.198,0
APP204535,0,0,0,25,0.094,0.069,0
APP204536,1,0,0,15,0.002,0.147,0
APP204537,1,0,0,36,0.0,0.161,0
APP204538,2,0,0,21,0.068,0.022,0
APP204539,0,0,0,50,0.082,0.075,0
APP204540,0,0,1,23,0.065,0.07,0
APP204541,0,0,0,8,0.073,0.101,0
APP204542,2,1,0,15,0.06,0.049,0
APP204543,0,1,0,12,0.001,0.192,0
APP204544,1,0,0,45,0.044,0.189,0
APP204545,0,0,0,19,0.015,0.007,0
APP204546,0,0,0,9,0.035,0.056,0
APP204547,1,0,0,9,0.016,0.032,0
APP204548,0,0,0,17,0.075,0.022,0
APP204549,0,0,1,28,0.083,0.068,0
APP204550,0,0,0,11,0.084,0.167,0
APP204551,0,0,0,8,0.005,0.055,0
APP204552,0,0,0,15,0.151,0.085,0
APP204553,0,0,0,14,0.002,0.007,0
APP204554,0,0,0,39,0.036,0.111,0
APP204555,0,0,0,39,0.014,0.035,0
APP204556,1,1,0,20,0.01,0.042,1
APP204557,0,3,0,58,0.057,0.189,0
APP204558,0,0,0,15,0.001,0.004,0
APP204559,0,0,0,10,0.032,0.102,0
APP204560,0,0,0,26,0.01,0.136,1
APP204561,0,0,0,4,0.139,0.099,0
APP204562,0,1,0,49,0.052,0.074,0
APP204563,0,2,0,20,0.011,0.158,0
APP204564,0,0,0,14,0.003,0.005,0
APP204565,0,1,0,32,0.054,0.25,0
APP204566,1,0,0,18,0.017,0.086,0
APP204567,0,1,0,34,0.002,0.018,0
APP204568,0,0,1,12,0.003,0.109,0
APP204569,0,1,0,12,0.014,0.196,0
APP204570,2,2,0,12,0.017,0.045,0
APP204571,2,0,0,7,0.001,0.075,1
APP204572,0,1,0,19,0.067,0.118,0
APP204573,0,0,0,34,0.012,0.03,0
APP204574,0,1,0,66,0.171,0.165,0
APP204575,0,0,0,45,0.078,0.115,0
APP204576,0,1,0,14,0.027,0.146,1
APP204577,0,1,0,30,0.003,0.21,0
APP204578,0,1,0,32,0.04,0.045,0
APP204579,1,0,0,20,0.081,0.149,0
APP204580,0,0,1,10,0.026,0.146,0
APP204581,0,1,0,29,0.003,0.013,0
APP204582,0,1,0,10,0.035,0.126,1
APP204583,0,0,0,5,0.158,0.106,0
APP204584,1,2,1,16,0.092,0.052,1
APP204585,1,1,0,23,0.0,0.342,0
APP204586,0,1,0,14,0.028,0.122,0
APP204587,0,0,0,37,0.029,0.12,0
APP204588,0,0,0,28,0.04,0.07,0
APP204589,0,2,0,10,0.01,0.026,0
APP204590,0,0,0,18,0.051,0.349,0
APP204591,0,1,0,32,0.117,0.042,0
APP204592,0,1,0,32,0.013,0.004,0
APP204593,0,1,0,21,0.024,0.08,0
APP204594,0,0,0,16,0.034,0.053,0
APP204595,1,0,0,11,0.051,0.138,0
APP204596,0,1,0,38,0.018,0.008,0
APP204597,0,3,0,25,0.015,0.033,0
APP204598,0,1,0,22,0.014,0.046,0
APP204599,0,1,0,22,0.04,0.038,0
APP204600,0,0,0,12,0.015,0.08,0
APP204601,0,1,0,41,0.161,0.006,0
APP204602,0,2,0,9,0.079,0.129,0
APP204603,0,0,0,16,0.085,0.046,0
APP204604,0,0,0,22,0.001,0.02,0
APP204605,0,0,1,10,0.033,0.201,0
APP204606,0,0,0,26,0.114,0.043,0
APP204607,0,1,0,8,0.105,0.087,0
APP204608,0,1,0,38,0.07,0.173,0
APP204609,0,0,0,22,0.021,0.053,0
APP204610,0,1,0,25,0.058,0.033,0
APP204611,0,1,0,41,0.008,0.138,0
APP204612,0,0,0,14,0.041,0.268,0
APP204613,0,0,0,17,0.006,0.191,0
APP204614,0,1,0,2,0.052,0.051,0
APP204615,0,0,0,43,0.001,0.037,0
APP204616,0,1,0,17,0.048,0.087,0
APP204617,2,1,0,62,0.052,0.23,0
APP204618,0,0,0,49,0.004,0.227,0
APP204619,1,1,0,17,0.023,0.017,0
APP204620,1,0,0,8,0.001,0.022,0
APP204621,1,0,0,30,0.034,0.063,0
APP204622,0,1,0,16,0.039,0.053,0
APP204623,0,0,0,11,0.015,0.092,0
APP204624,2,0,0,34,0.049,0.194,0
APP204625,1,0,0,22,0.151,0.184,0
APP204626,1,2,0,6,0.004,0.114,0
APP204627,0,1,0,50,0.004,0.115,0
APP204628,1,0,0,52,0.028,0.036,0
APP204629,0,1,0,21,0.001,0.084,0
APP204630,0,0,0,34,0.008,0.076,0
APP204631,0,1,1,15,0.095,0.16,0
APP204632,1,1,0,45,0.003,0.004,0
APP204633,1,0,0,19,0.176,0.064,0
APP204634,0,0,0,9,0.119,0.082,0
APP204635,0,0,0,18,0.076,0.067,0
APP204636,0,0,0,41,0.016,0.114,0
APP204637,1,2,0,23,0.07,0.095,0
APP204638,0,2,0,66,0.214,0.06,0
APP204639,0,1,0,32,0.001,0.09,0
APP204640,0,0,0,17,0.02,0.149,0
APP204641,0,0,0,9,0.013,0.249,0
APP204642,1,2,0,11,0.039,0.037,0
APP204643,1,0,0,14,0.002,0.156,0
APP204644,0,0,0,31,0.051,0.231,0
APP204645,1,0,0,16,0.013,0.129,0
APP204646,1,0,0,32,0.061,0.101,0
APP204647,0,0,0,23,0.001,0.004,0
APP204648,0,2,0,20,0.11,0.275,0
APP204649,1,2,0,12,0.072,0.029,0
APP204650,0,0,0,36,0.001,0.058,0
APP204651,0,0,0,30,0.005,0.113,0
APP204652,0,0,0,24,0.113,0.003,0
APP204653,0,2,0,1,0.261,0.191,0
APP204654,0,0,0,4,0.045,0.015,0
APP204655,0,0,0,23,0.001,0.114,0
APP204656,0,0,0,21,0.035,0.171,0
APP204657,2,3,1,15,0.047,0.054,0
APP204658,0,1,0,8,0.001,0.048,0
APP204659,0,0,0,15,0.04,0.225,0
APP204660,0,0,0,13,0.012,0.064,0
APP204661,0,0,0,24,0.064,0.026,0
APP204662,0,0,0,35,0.068,0.05,0
APP204663,0,0,0,33,0.012,0.143,0
APP204664,1,0,0,17,0.002,0.06,0
APP204665,0,1,0,23,0.131,0.077,0
APP204666,0,1,0,5,0.076,0.313,0
APP204667,0,1,0,66,0.06,0.069,0
APP204668,1,0,0,60,0.041,0.031,0
APP204669,0,2,0,23,0.049,0.073,0
APP204670,1,1,0,8,0.135,0.092,0
APP204671,1,0,0,20,0.004,0.107,0
APP204672,0,0,0,2,0.003,0.023,0
APP204673,0,1,0,25,0.019,0.154,0
APP204674,0,1,0,24,0.009,0.135,0
APP204675,0,0,0,36,0.038,0.076,0
APP204676,0,0,0,19,0.035,0.131,0
APP204677,0,0,0,14,0.0,0.195,0
APP204678,0,0,0,4,0.028,0.029,0
APP204679,1,0,0,21,0.023,0.101,0
APP204680,0,1,0,52,0.021,0.043,0
APP204681,1,0,0,21,0.012,0.152,0
APP204682,2,0,0,29,0.055,0.022,0
APP204683,0,1,0,13,0.065,0.195,0
APP204684,0,0,0,28,0.046,0.081,0
APP204685,1,0,0,41,0.003,0.078,0
APP204686,0,0,0,28,0.026,0.099,0
APP204687,0,1,0,41,0.156,0.019,0
APP204688,0,1,0,20,0.091,0.104,0
APP204689,0,1,0,19,0.012,0.065,0
APP204690,0,0,0,16,0.053,0.204,0
APP204691,0,0,0,20,0.007,0.249,0
APP204692,0,0,0,16,0.117,0.04,0
APP204693,0,1,0,7,0.072,0.113,0
APP204694,0,2,0,46,0.143,0.073,0
APP204695,0,1,0,9,0.077,0.025,0
APP204696,0,0,0,30,0.005,0.002,0
APP204697,0,1,0,28,0.057,0.088,0
APP204698,0,0,0,13,0.013,0.02,0
APP204699,0,2,0,2,0.069,0.121,0
APP204700,1,0,0,16,0.062,0.022,0
APP204701,0,1,0,37,0.004,0.051,0
APP204702,1,2,1,18,0.153,0.064,1
APP204703,0,1,0,44,0.002,0.039,0
APP204704,0,1,0,9,0.0,0.325,0
APP204705,1,0,0,12,0.012,0.193,0
APP204706,0,0,0,10,0.018,0.253,0
APP204707,0,0,0,36,0.062,0.063,0
APP204708,0,0,0,21,0.019,0.158,0
APP204709,1,1,0,29,0.11,0.022,1
APP204710,1,0,0,2,0.002,0.107,0
APP204711,0,0,0,25,0.033,0.03,0
APP204712,0,1,0,13,0.005,0.205,0
APP204713,0,1,0,32,0.252,0.169,0
APP204714,0,0,0,46,0.028,0.021,0
APP204715,0,0,0,18,0.007,0.086,0
APP204716,2,0,0,20,0.022,0.089,0
APP204717,0,0,1,28,0.018,0.042,0
APP204718,0,1,0,22,0.0,0.11,0
APP204719,0,0,0,75,0.015,0.146,0
APP204720,0,1,0,29,0.035,0.03,0
APP204721,0,0,0,54,0.267,0.047,0
APP204722,1,1,0,12,0.133,0.073,0
APP204723,0,0,0,13,0.01,0.061,0
APP204724,0,0,0,18,0.099,0.164,0
APP204725,0,0,0,33,0.01,0.228,0
APP204726,1,1,0,8,0.004,0.069,0
APP204727,0,0,0,14,0.031,0.076,0
APP204728,0,1,0,23,0.011,0.058,0
APP204729,0,0,1,6,0.007,0.14,0
APP204730,2,0,0,38,0.017,0.1,0
APP204731,0,1,0,34,0.05,0.139,0
APP204732,0,0,0,56,0.029,0.03,0
APP204733,0,0,0,12,0.082,0.174,0
APP204734,2,0,0,36,0.008,0.108,0
APP204735,1,0,0,31,0.089,0.044,0
APP204736,0,0,0,5,0.067,0.05,0
APP204737,1,2,0,37,0.001,0.077,0
APP204738,0,0,0,27,0.013,0.091,0
APP204739,0,0,0,17,0.138,0.052,0
APP204740,1,0,0,49,0.04,0.1,0
APP204741,1,0,0,19,0.011,0.17,0
APP204742,1,1,0,12,0.015,0.245,0
APP204743,0,1,0,5,0.006,0.114,0
APP204744,0,0,0,5,0.046,0.018,0
APP204745,0,0,0,10,0.001,0.011,0
APP204746,0,0,0,79,0.014,0.119,0
APP204747,0,0,0,10,0.026,0.197,0
APP204748,0,1,0,16,0.101,0.112,0
APP204749,0,0,0,40,0.002,0.01,0
APP204750,0,1,0,21,0.018,0.149,0
APP204751,0,0,0,28,0.053,0.181,0
APP204752,0,2,0,17,0.022,0.144,0
APP204753,0,0,0,24,0.049,0.093,0
APP204754,0,1,1,15,0.007,0.031,0
APP204755,0,0,0,35,0.054,0.159,0
APP204756,1,1,0,10,0.011,0.096,0
APP204757,1,2,0,5,0.036,0.104,0
APP204758,0,0,0,20,0.008,0.014,0
APP204759,0,2,0,6,0.03,0.005,0
APP204760,0,0,0,13,0.02,0.119,0
APP204761,0,0,0,13,0.026,0.28,0
APP204762,0,0,0,19,0.041,0.077,0
APP204763,0,0,0,9,0.056,0.024,0
APP204764,1,0,0,42,0.015,0.015,0
APP204765,0,0,0,12,0.026,0.206,0
APP204766,0,1,0,51,0.007,0.009,0
APP204767,1,0,0,21,0.006,0.139,0
APP204768,1,1,0,12,0.045,0.206,0
APP204769,0,1,0,18,0.001,0.003,0
APP204770,0,2,0,20,0.107,0.187,1
APP204771,0,0,0,17,0.003,0.111,0
APP204772,3,0,0,7,0.022,0.08,0
APP204773,0,1,0,12,0.098,0.012,0
APP204774,0,1,0,33,0.026,0.04,0
APP204775,0,0,0,16,0.02,0.004,0
APP204776,0,0,0,21,0.026,0.033,0
APP204777,0,1,0,64,0.014,0.04,0
APP204778,1,0,0,39,0.02,0.038,0
APP204779,1,0,0,60,0.0,0.24,0
APP204780,0,0,0,35,0.104,0.093,0
APP204781,0,1,0,7,0.064,0.036,0
APP204782,0,0,0,44,0.004,0.053,0
APP204783,0,0,0,19,0.202,0.0,0
APP204784,0,1,0,29,0.004,0.156,0
APP204785,0,0,0,2,0.051,0.004,0
APP204786,0,0,0,20,0.04,0.027,0
APP204787,0,0,0,24,0.029,0.023,0
APP204788,1,0,0,17,0.015,0.125,0
APP204789,2,0,0,18,0.044,0.01,0
APP204790,2,0,0,6,0.016,0.047,0
APP204791,0,1,0,32,0.129,0.037,0
APP204792,0,0,0,24,0.065,0.133,0
APP204793,0,0,0,21,0.034,0.163,0
APP204794,0,1,0,10,0.016,0.192,0
APP204795,0,1,0,30,0.016,0.085,0
APP204796,0,0,0,11,0.029,0.103,0
APP204797,1,1,0,58,0.059,0.099,0
APP204798,0,1,0,4,0.068,0.087,0
APP204799,0,0,0,17,0.019,0.166,1
APP204800,0,1,1,35,0.094,0.074,0
APP204801,1,0,0,18,0.008,0.093,0
APP204802,2,1,0,40,0.006,0.042,0
APP204803,0,0,0,22,0.087,0.013,0
APP204804,0,0,0,32,0.021,0.053,0
APP204805,0,0,0,20,0.085,0.079,0
APP204806,0,0,0,31,0.035,0.066,0
APP204807,0,1,0,46,0.039,0.027,0
APP204808,0,1,0,39,0.066,0.028,0
APP204809,1,1,0,30,0.015,0.073,0
APP204810,1,0,0,4,0.041,0.037,0
APP204811,0,0,1,45,0.127,0.043,0
APP204812,0,0,0,19,0.073,0.027,0
APP204813,0,1,0,25,0.051,0.182,0
APP204814,0,1,0,26,0.002,0.009,0
APP204815,0,0,0,32,0.004,0.021,0
APP204816,0,2,0,30,0.058,0.095,0
APP204817,1,0,1,23,0.054,0.164,0
APP204818,0,0,0,29,0.107,0.009,0
APP204819,0,0,0,32,0.007,0.152,0
APP204820,1,0,0,9,0.083,0.017,0
APP204821,0,0,0,20,0.045,0.066,0
APP204822,0,0,0,20,0.003,0.016,0
APP204823,0,0,0,32,0.026,0.061,0
APP204824,0,1,0,43,0.039,0.257,0
APP204825,1,0,0,8,0.053,0.03,0
APP204826,1,1,0,30,0.006,0.009,0
APP204827,0,0,0,23,0.007,0.004,0
APP204828,0,0,0,18,0.0,0.019,0
APP204829,1,0,0,21,0.1,0.036,0
APP204830,1,0,0,15,0.028,0.018,0
APP204831,0,0,0,22,0.005,0.204,0
APP204832,1,1,0,21,0.032,0.04,0
APP204833,0,0,0,39,0.01,0.045,0
APP204834,1,0,0,6,0.033,0.134,0
APP204835,0,1,0,64,0.098,0.059,0
APP204836,0,0,0,19,0.024,0.077,0
APP204837,0,1,0,9,0.003,0.067,0
APP204838,0,0,0,26,0.024,0.255,0
APP204839,0,1,0,41,0.133,0.174,0
APP204840,2,1,0,31,0.013,0.024,0
APP204841,0,0,0,15,0.035,0.19,0
APP204842,1,1,0,24,0.158,0.18,0
APP204843,1,2,0,20,0.038,0.149,0
APP204844,0,0,0,53,0.023,0.231,0
APP204845,0,0,0,23,0.022,0.007,0
APP204846,0,1,0,2,0.054,0.101,0
APP204847,1,1,0,30,0.031,0.053,0
APP204848,0,0,0,15,0.004,0.016,0
APP204849,0,0,0,15,0.061,0.032,0
APP204850,0,1,0,42,0.015,0.01,0
APP204851,0,0,0,69,0.06,0.098,0
APP204852,0,1,0,49,0.012,0.008,0
APP204853,0,0,0,41,0.025,0.048,0
APP204854,0,0,0,12,0.023,0.174,0
APP204855,1,0,0,27,0.05,0.289,0
APP204856,0,2,0,83,0.033,0.031,0
APP204857,0,0,0,28,0.02,0.32,0
APP204858,1,1,0,8,0.043,0.159,0
APP204859,0,0,0,31,0.001,0.152,0
APP204860,0,0,0,32,0.07,0.156,0
APP204861,1,1,0,21,0.028,0.146,0
APP204862,0,0,0,13,0.083,0.011,0
APP204863,0,0,0,10,0.053,0.06,0
APP204864,0,0,0,24,0.037,0.087,0
APP204865,0,1,0,25,0.056,0.039,0
APP204866,0,0,0,17,0.04,0.024,0
APP204867,0,0,0,11,0.062,0.007,0
APP204868,0,0,0,31,0.002,0.012,0
APP204869,1,2,0,35,0.158,0.019,0
APP204870,0,1,1,45,0.067,0.194,0
APP204871,0,1,0,8,0.013,0.088,1
APP204872,1,0,0,63,0.039,0.167,0
APP204873,1,0,0,31,0.016,0.012,0
APP204874,0,0,0,14,0.119,0.085,0
APP204875,1,0,0,13,0.005,0.072,0
APP204876,1,1,0,13,0.059,0.03,0
APP204877,0,0,0,12,0.0,0.026,0
APP204878,1,0,0,9,0.006,0.051,0
APP204879,1,1,0,64,0.021,0.128,0
APP204880,0,0,0,13,0.007,0.03,0
APP204881,0,0,0,5,0.087,0.046,0
APP204882,0,0,0,16,0.02,0.072,0
APP204883,2,1,0,27,0.068,0.134,0
APP204884,0,0,0,4,0.098,0.014,0
APP204885,0,1,0,16,0.102,0.125,0
APP204886,1,1,0,7,0.126,0.081,0
APP204887,0,0,0,26,0.064,0.211,0
APP204888,0,0,0,21,0.065,0.006,0
APP204889,0,0,0,20,0.127,0.119,0
APP204890,1,2,0,22,0.158,0.123,0
APP204891,0,0,0,37,0.039,0.065,0
APP204892,0,1,0,9,0.017,0.042,0
APP204893,0,0,0,14,0.034,0.085,0
APP204894,0,1,0,11,0.032,0.037,0
APP204895,0,1,0,11,0.0,0.015,0
APP204896,0,0,0,25,0.111,0.116,0
APP204897,0,2,0,15,0.006,0.227,0
APP204898,1,0,0,18,0.001,0.036,0
APP204899,0,1,0,50,0.078,0.059,0
APP204900,0,0,0,6,0.012,0.105,0
APP204901,0,0,0,28,0.011,0.031,0
APP204902,0,0,1,23,0.276,0.072,0
APP204903,1,1,0,8,0.069,0.074,0
APP204904,1,2,0,38,0.013,0.039,0
APP204905,0,1,0,14,0.346,0.225,0
APP204906,1,0,0,6,0.079,0.151,0
APP204907,0,0,0,33,0.02,0.132,0
APP204908,1,1,0,29,0.024,0.113,0
APP204909,0,1,0,8,0.009,0.107,0
APP204910,0,0,0,8,0.006,0.117,0
APP204911,0,2,0,12,0.0,0.063,0
APP204912,0,1,0,17,0.001,0.085,0
APP204913,1,0,0,9,0.037,0.182,0
APP204914,0,0,0,23,0.189,0.06,0
APP204915,0,0,0,14,0.011,0.073,0
APP204916,0,2,0,32,0.027,0.012,0
APP204917,1,1,0,33,0.122,0.01,0
APP204918,0,2,0,72,0.025,0.011,0
APP204919,0,0,0,35,0.012,0.194,0
APP204920,0,1,0,17,0.049,0.384,0
APP204921,0,0,0,28,0.059,0.128,0
APP204922,1,1,0,6,0.112,0.163,0
APP204923,0,0,0,9,0.071,0.081,0
APP204924,0,0,0,20,0.025,0.113,0
APP204925,0,0,0,7,0.031,0.123,0
APP204926,1,0,0,16,0.017,0.039,0
APP204927,0,0,0,24,0.053,0.046,0
APP204928,0,1,0,37,0.039,0.09,0
APP204929,1,0,0,27,0.109,0.003,0
APP204930,0,1,0,36,0.065,0.134,0
APP204931,0,0,0,24,0.021,0.354,0
APP204932,0,1,0,30,0.003,0.168,0
APP204933,2,1,0,45,0.013,0.066,0
APP204934,1,0,0,51,0.111,0.11,0
APP204935,1,0,0,18,0.0,0.187,0
APP204936,2,0,0,6,0.015,0.007,0
APP204937,1,0,0,42,0.042,0.142,0
APP204938,2,0,0,7,0.0,0.062,0
APP204939,0,0,0,25,0.042,0.124,0
APP204940,0,0,0,8,0.102,0.012,0
APP204941,0,0,0,44,0.091,0.177,0
APP204942,0,1,0,17,0.023,0.195,0
APP204943,0,0,0,31,0.003,0.122,0
APP204944,0,1,0,16,0.159,0.081,0
APP204945,0,0,0,19,0.008,0.116,0
APP204946,0,0,0,7,0.032,0.055,0
APP204947,0,1,0,11,0.005,0.216,0
APP204948,0,1,0,31,0.141,0.003,0
APP204949,0,1,0,24,0.025,0.068,0
APP204950,1,1,0,10,0.161,0.11,0
APP204951,0,2,0,18,0.107,0.077,0
APP204952,1,0,0,34,0.008,0.279,0
APP204953,0,0,0,10,0.004,0.025,0
APP204954,0,0,0,12,0.025,0.124,0
APP204955,1,0,0,44,0.037,0.008,0
APP204956,0,1,0,20,0.095,0.137,0
APP204957,0,2,0,4,0.01,0.142,0
APP204958,0,0,0,14,0.001,0.066,0
APP204959,0,0,0,33,0.017,0.06,0
APP204960,1,0,0,16,0.054,0.242,0
APP204961,0,0,0,8,0.018,0.038,0
APP204962,0,0,0,22,0.12,0.078,0
APP204963,1,0,0,16,0.016,0.004,0
APP204964,1,0,0,22,0.016,0.023,0
APP204965,0,0,0,30,0.008,0.002,0
APP204966,0,0,1,9,0.001,0.138,0
APP204967,1,0,0,60,0.011,0.056,0
APP204968,0,0,0,52,0.058,0.054,0
APP204969,1,2,0,11,0.126,0.042,0
APP204970,0,1,0,63,0.05,0.063,0
APP204971,0,0,0,16,0.073,0.013,0
APP204972,0,0,0,5,0.052,0.039,0
APP204973,0,0,0,46,0.071,0.109,0
APP204974,1,0,0,31,0.154,0.196,0
APP204975,0,1,0,25,0.028,0.079,0
APP204976,0,0,0,30,0.009,0.096,0
APP204977,1,1,0,22,0.042,0.012,0
APP204978,0,0,0,17,0.048,0.079,0
APP204979,0,0,0,51,0.262,0.119,0
APP204980,2,0,0,19,0.027,0.153,0
APP204981,1,0,0,23,0.063,0.032,0
APP204982,1,1,0,17,0.061,0.11,0
APP204983,0,0,0,14,0.005,0.055,0
APP204984,0,1,0,5,0.078,0.093,0
APP204985,0,0,0,11,0.01,0.115,0
APP204986,1,1,0,31,0.025,0.059,0
APP204987,0,0,0,22,0.007,0.118,0
APP204988,0,0,0,29,0.003,0.075,0
APP204989,0,2,1,42,0.018,0.084,0
APP204990,0,0,0,30,0.073,0.041,0
APP204991,0,0,0,16,0.013,0.243,0
APP204992,2,1,0,37,0.044,0.061,0
APP204993,0,0,0,11,0.005,0.075,0
APP204994,0,0,0,14,0.055,0.038,0
APP204995,0,0,0,16,0.039,0.116,0
APP204996,0,1,0,29,0.089,0.023,0
APP204997,1,0,0,15,0.017,0.012,0
APP204998,0,0,0,31,0.048,0.073,0
APP204999,0,0,0,56,0.061,0.049,0
APP205000,1,1,0,8,0.108,0.216,0
APP205001,0,0,0,44,0.012,0.002,0
APP205002,0,1,0,5,0.062,0.016,0
APP205003,0,0,0,16,0.08,0.06,0
APP205004,1,0,0,29,0.007,0.011,0
APP205005,1,0,0,14,0.003,0.168,1
APP205006,0,0,0,12,0.011,0.333,0
APP205007,0,1,0,17,0.103,0.01,0
APP205008,0,0,0,19,0.003,0.024,0
APP205009,0,1,0,50,0.02,0.038,0
APP205010,0,0,0,16,0.019,0.097,0
APP205011,2,1,0,30,0.014,0.094,0
APP205012,0,0,0,31,0.128,0.05,0
APP205013,1,0,0,6,0.004,0.102,0
APP205014,1,0,0,9,0.056,0.048,0
APP205015,0,0,0,20,0.096,0.0,0
APP205016,1,0,0,16,0.017,0.093,0
APP205017,0,0,0,5,0.003,0.074,0
APP205018,0,0,0,55,0.307,0.054,0
APP205019,0,0,0,28,0.035,0.114,0
APP205020,0,0,0,22,0.032,0.059,0
APP205021,0,1,0,27,0.07,0.072,0
APP205022,2,0,0,22,0.016,0.182,0
APP205023,0,0,1,24,0.064,0.079,0
APP205024,0,0,0,32,0.031,0.025,0
APP205025,0,0,0,14,0.046,0.215,0
APP205026,0,1,0,29,0.017,0.121,0
APP205027,0,1,0,18,0.016,0.019,0
APP205028,0,0,0,17,0.015,0.212,0
APP205029,0,2,0,31,0.113,0.036,0
APP205030,0,0,0,17,0.005,0.562,0
APP205031,0,1,0,4,0.05,0.149,0
APP205032,0,0,0,23,0.012,0.152,0
APP205033,0,2,0,19,0.018,0.171,0
APP205034,0,0,0,52,0.048,0.231,0
APP205035,0,1,0,17,0.028,0.218,0
APP205036,0,2,1,22,0.026,0.016,0
APP205037,0,0,0,9,0.022,0.07,0
APP205038,1,0,0,8,0.076,0.132,0
APP205039,0,1,0,30,0.23,0.094,0
APP205040,0,3,0,13,0.076,0.029,0
APP205041,0,0,0,29,0.008,0.088,0
APP205042,0,1,0,17,0.026,0.059,0
APP205043,0,0,0,27,0.004,0.042,0
APP205044,0,1,0,31,0.012,0.091,0
APP205045,1,1,0,35,0.053,0.028,0
APP205046,0,0,0,20,0.044,0.159,0
APP205047,0,0,0,23,0.008,0.099,0
APP205048,0,1,0,26,0.015,0.074,0
APP205049,0,0,0,18,0.055,0.088,0
APP205050,0,0,0,20,0.008,0.201,0
APP205051,0,0,0,11,0.022,0.068,0
APP205052,0,0,0,56,0.06,0.044,0
APP205053,0,0,0,14,0.01,0.025,0
APP205054,0,0,0,16,0.053,0.03,0
APP205055,0,0,0,29,0.008,0.086,0
APP205056,0,1,0,22,0.111,0.079,0
APP205057,1,0,0,41,0.03,0.012,0
APP205058,1,0,0,42,0.145,0.014,0
APP205059,3,0,0,17,0.001,0.073,0
APP205060,0,0,0,33,0.014,0.068,0
APP205061,0,0,0,17,0.1,0.015,0
APP205062,0,0,0,12,0.001,0.194,0
APP205063,0,1,0,21,0.002,0.091,0
APP205064,0,1,0,26,0.034,0.002,0
APP205065,0,0,0,21,0.077,0.024,0
APP205066,0,0,0,12,0.025,0.074,0
APP205067,1,0,0,37,0.049,0.096,0
APP205068,1,1,0,21,0.0,0.226,0
APP205069,0,0,0,35,0.001,0.092,0
APP205070,0,0,0,15,0.014,0.161,0
APP205071,0,0,0,33,0.121,0.061,0
APP205072,0,0,0,32,0.066,0.034,0
APP205073,0,0,1,23,0.041,0.075,0
APP205074,1,0,0,54,0.044,0.052,0
APP205075,0,0,0,26,0.006,0.003,0
APP205076,0,0,0,14,0.023,0.076,0
APP205077,3,1,0,18,0.002,0.008,0
APP205078,1,1,0,33,0.051,0.117,0
APP205079,1,0,0,15,0.081,0.004,0
APP205080,1,1,0,17,0.022,0.299,0
APP205081,1,1,0,25,0.008,0.048,0
APP205082,1,1,0,23,0.094,0.016,0
APP205083,1,0,0,7,0.04,0.08,0
APP205084,0,0,0,41,0.177,0.081,0
APP205085,0,0,0,24,0.009,0.071,0
APP205086,0,1,0,3,0.04,0.017,0
APP205087,1,0,0,45,0.178,0.059,0
APP205088,0,0,0,21,0.016,0.132,0
APP205089,1,0,0,21,0.052,0.141,0
APP205090,0,0,0,39,0.003,0.025,0
APP205091,0,1,0,27,0.016,0.094,0
APP205092,1,0,0,17,0.086,0.254,0
APP205093,1,0,0,30,0.045,0.017,0
APP205094,0,0,0,18,0.002,0.085,0
APP205095,0,0,0,22,0.002,0.149,0
APP205096,1,0,0,23,0.034,0.044,0
APP205097,1,1,0,21,0.099,0.262,0
APP205098,1,1,0,22,0.014,0.03,0
APP205099,1,1,0,16,0.021,0.073,0
APP205100,0,1,0,10,0.049,0.008,0
APP205101,1,0,0,23,0.049,0.111,0
APP205102,1,1,0,18,0.194,0.17,0
APP205103,0,1,0,25,0.063,0.012,0
APP205104,0,0,1,2,0.18,0.183,0
APP205105,0,0,0,11,0.006,0.007,0
APP205106,0,0,0,4,0.014,0.074,0
APP205107,0,1,0,8,0.032,0.1,0
APP205108,0,0,0,19,0.007,0.054,0
APP205109,0,0,0,15,0.034,0.142,0
APP205110,1,1,0,9,0.056,0.112,0
APP205111,0,0,0,37,0.025,0.321,0
APP205112,0,0,1,5,0.008,0.033,0
APP205113,1,0,0,10,0.019,0.07,0
APP205114,0,0,0,34,0.12,0.024,0
APP205115,0,1,0,19,0.008,0.062,0
APP205116,1,0,0,16,0.122,0.164,0
APP205117,0,1,0,24,0.061,0.066,0
APP205118,0,1,0,35,0.082,0.042,0
APP205119,2,0,0,20,0.06,0.132,0
APP205120,0,0,0,60,0.029,0.053,0
APP205121,0,1,0,37,0.008,0.303,0
APP205122,0,0,0,17,0.057,0.025,0
APP205123,0,0,0,14,0.071,0.026,0
APP205124,0,0,0,27,0.004,0.093,0
APP205125,2,0,0,20,0.026,0.011,0
APP205126,1,0,1,22,0.001,0.007,0
APP205127,0,2,0,27,0.057,0.291,0
APP205128,0,0,0,16,0.096,0.036,0
APP205129,0,1,0,19,0.026,0.092,0
APP205130,0,0,0,45,0.001,0.03,0
APP205131,0,0,0,10,0.002,0.019,0
APP205132,1,0,0,22,0.028,0.238,0
APP205133,1,1,0,15,0.022,0.089,0
APP205134,0,2,0,20,0.01,0.09,0
APP205135,0,0,0,21,0.017,0.259,0
APP205136,0,2,0,65,0.01,0.205,0
APP205137,1,0,0,9,0.056,0.116,0
APP205138,0,0,0,14,0.015,0.002,0
APP205139,1,1,0,55,0.076,0.185,0
APP205140,0,0,0,14,0.039,0.016,0
APP205141,0,0,0,40,0.068,0.017,0
APP205142,0,1,0,12,0.152,0.074,0
APP205143,0,1,1,36,0.026,0.04,0
APP205144,0,0,0,8,0.019,0.002,0
APP205145,0,0,0,25,0.005,0.007,0
APP205146,0,0,0,10,0.035,0.035,0
APP205147,0,1,0,21,0.155,0.175,0
APP205148,0,1,0,7,0.003,0.047,0
APP205149,1,0,0,36,0.015,0.11,0
APP205150,0,1,0,38,0.012,0.015,0
APP205151,0,0,0,35,0.067,0.029,0
APP205152,0,0,0,11,0.072,0.022,1
APP205153,0,0,0,34,0.028,0.071,0
APP205154,0,0,0,77,0.151,0.095,0
APP205155,1,0,0,22,0.036,0.008,0
APP205156,1,0,0,38,0.098,0.045,0
APP205157,0,0,0,40,0.096,0.1,0
APP205158,0,0,0,41,0.027,0.069,0
APP205159,0,0,0,32,0.016,0.033,0
APP205160,0,1,0,25,0.038,0.043,0
APP205161,0,2,0,7,0.016,0.152,0
APP205162,0,0,0,20,0.084,0.073,0
APP205163,0,0,0,16,0.066,0.137,0
APP205164,0,0,0,30,0.01,0.04,0
APP205165,0,0,0,25,0.006,0.002,0
APP205166,2,0,0,17,0.12,0.039,0
APP205167,0,1,0,14,0.003,0.011,0
APP205168,1,0,0,19,0.025,0.153,0
APP205169,1,0,0,27,0.128,0.035,0
APP205170,0,1,0,19,0.065,0.028,0
APP205171,0,0,0,28,0.065,0.03,0
APP205172,0,0,0,16,0.027,0.302,0
APP205173,0,0,0,9,0.007,0.049,0
APP205174,1,1,0,13,0.002,0.056,0
APP205175,0,0,0,31,0.049,0.056,0
APP205176,0,1,0,42,0.006,0.043,0
APP205177,0,0,0,24,0.035,0.015,0
APP205178,0,0,0,6,0.019,0.041,0
APP205179,1,0,0,14,0.002,0.168,0
APP205180,1,0,0,11,0.049,0.066,0
APP205181,1,0,0,11,0.001,0.104,0
APP205182,1,0,0,14,0.069,0.039,0
APP205183,0,1,0,43,0.053,0.061,0
APP205184,0,1,0,29,0.067,0.293,0
APP205185,0,0,0,50,0.041,0.115,0
APP205186,0,0,0,30,0.011,0.152,0
APP205187,0,0,0,15,0.012,0.053,0
APP205188,0,0,0,27,0.009,0.014,0
APP205189,0,1,0,34,0.0,0.049,0
APP205190,0,0,0,25,0.023,0.129,0
APP205191,0,1,0,21,0.047,0.057,0
APP205192,0,0,0,10,0.001,0.252,0
APP205193,0,0,0,4,0.002,0.065,0
APP205194,0,0,0,54,0.001,0.023,0
APP205195,2,0,0,24,0.003,0.011,0
APP205196,1,0,0,27,0.004,0.131,0
APP205197,0,0,0,35,0.048,0.133,0
APP205198,1,0,0,11,0.062,0.135,0
APP205199,0,1,0,25,0.043,0.233,1
APP205200,0,0,0,47,0.013,0.036,0
APP205201,0,1,0,25,0.012,0.196,0
APP205202,0,0,0,37,0.0,0.122,0
APP205203,1,1,0,67,0.0,0.009,0
APP205204,0,1,0,58,0.027,0.067,0
APP205205,0,0,0,16,0.121,0.072,0
APP205206,2,1,0,11,0.078,0.207,0
APP205207,0,0,0,17,0.017,0.042,0
APP205208,0,0,0,12,0.015,0.07,0
APP205209,2,0,0,15,0.029,0.186,0
APP205210,0,0,0,6,0.007,0.158,0
APP205211,2,2,0,7,0.085,0.109,0
APP205212,0,0,0,14,0.034,0.002,0
APP205213,2,2,0,21,0.018,0.042,0
APP205214,0,1,0,31,0.037,0.003,0
APP205215,0,0,1,12,0.024,0.077,0
APP205216,0,0,0,6,0.089,0.131,0
APP205217,0,0,0,29,0.006,0.208,0
APP205218,1,0,0,16,0.008,0.007,0
APP205219,0,0,0,9,0.017,0.292,0
APP205220,0,0,0,77,0.208,0.055,0
APP205221,1,1,0,12,0.014,0.043,0
APP205222,0,2,0,33,0.006,0.006,0
APP205223,0,0,0,26,0.091,0.014,0
APP205224,0,1,0,11,0.027,0.067,0
APP205225,0,0,0,20,0.046,0.065,0
APP205226,0,0,0,18,0.009,0.1,0
APP205227,0,0,0,25,0.012,0.222,0
APP205228,0,0,0,17,0.0,0.158,0
APP205229,0,1,0,47,0.077,0.124,0
APP205230,0,0,0,24,0.0,0.041,0
APP205231,1,0,0,26,0.016,0.093,0
APP205232,1,0,1,15,0.002,0.048,0
APP205233,0,0,0,15,0.118,0.145,0
APP205234,0,3,0,5,0.005,0.184,1
APP205235,0,0,0,12,0.026,0.071,0
APP205236,0,0,0,3,0.003,0.02,0
APP205237,1,0,0,28,0.004,0.087,0
APP205238,1,0,0,13,0.008,0.172,0
APP205239,0,0,0,12,0.056,0.05,0
APP205240,0,0,0,16,0.011,0.169,0
APP205241,2,0,0,20,0.001,0.133,0
APP205242,1,1,0,24,0.0,0.127,0
APP205243,0,0,0,20,0.008,0.014,0
APP205244,1,0,0,15,0.069,0.085,0
APP205245,0,0,0,21,0.049,0.144,0
APP205246,0,0,0,24,0.036,0.072,1
APP205247,0,0,0,33,0.028,0.007,0
APP205248,1,0,0,26,0.234,0.064,0
APP205249,0,0,0,2,0.072,0.25,0
APP205250,1,1,0,16,0.042,0.153,0
APP205251,0,0,0,29,0.07,0.038,0
APP205252,2,0,0,38,0.02,0.002,0
APP205253,1,0,1,11,0.002,0.017,0
APP205254,0,0,0,38,0.017,0.171,0
APP205255,1,0,0,17,0.02,0.033,0
APP205256,1,0,0,25,0.067,0.032,0
APP205257,0,0,0,13,0.02,0.015,0
APP205258,0,0,0,10,0.062,0.157,0
APP205259,0,0,0,14,0.09,0.04,0
APP205260,0,0,0,47,0.008,0.186,0
APP205261,0,0,0,12,0.021,0.233,0
APP205262,0,1,0,20,0.007,0.04,0
APP205263,0,1,0,19,0.041,0.304,0
APP205264,0,0,0,29,0.109,0.008,0
APP205265,1,1,0,34,0.017,0.009,0
APP205266,1,0,0,22,0.139,0.036,0
APP205267,0,0,0,47,0.001,0.201,0
APP205268,0,0,0,26,0.025,0.032,0
APP205269,0,0,0,28,0.011,0.03,0
APP205270,0,1,0,25,0.015,0.037,0
APP205271,0,0,0,9,0.004,0.217,0
APP205272,0,0,0,14,0.086,0.116,0
APP205273,1,2,0,13,0.011,0.115,0
APP205274,1,0,0,40,0.007,0.05,0
APP205275,1,0,0,20,0.055,0.004,0
APP205276,0,1,0,8,0.055,0.033,0
APP205277,0,0,0,4,0.009,0.023,0
APP205278,0,4,0,23,0.012,0.098,0
APP205279,0,0,0,40,0.008,0.036,0
APP205280,0,0,0,43,0.003,0.136,0
APP205281,1,0,0,49,0.004,0.119,0
APP205282,3,0,0,23,0.167,0.082,1
APP205283,0,2,0,15,0.004,0.018,0
APP205284,1,0,0,18,0.033,0.258,0
APP205285,1,2,0,26,0.033,0.009,0
APP205286,1,1,0,24,0.049,0.079,0
APP205287,1,0,0,36,0.005,0.061,0
APP205288,0,0,0,24,0.029,0.014,0
APP205289,0,0,0,16,0.101,0.145,0
APP205290,0,1,0,21,0.114,0.054,0
APP205291,0,0,0,29,0.015,0.012,0
APP205292,0,1,0,18,0.014,0.033,0
APP205293,0,0,0,11,0.008,0.216,0
APP205294,0,1,0,32,0.015,0.104,0
APP205295,0,0,0,40,0.004,0.056,0
APP205296,1,0,0,16,0.053,0.033,0
APP205297,0,0,0,22,0.031,0.166,0
APP205298,0,1,1,7,0.008,0.075,0
APP205299,2,0,0,13,0.03,0.048,0
APP205300,0,0,1,5,0.005,0.079,0
APP205301,0,0,0,6,0.047,0.052,0
APP205302,0,2,0,18,0.001,0.113,0
APP205303,0,0,0,19,0.072,0.045,0
APP205304,0,1,0,18,0.008,0.016,0
APP205305,1,0,0,17,0.046,0.11,0
APP205306,0,0,0,9,0.013,0.158,0
APP205307,0,0,0,4,0.037,0.348,0
APP205308,0,0,0,35,0.048,0.07,0
APP205309,0,1,1,36,0.068,0.049,0
APP205310,1,0,0,48,0.008,0.184,0
APP205311,1,0,0,12,0.033,0.118,0
APP205312,0,1,0,23,0.001,0.066,0
APP205313,0,0,0,21,0.0,0.033,0
APP205314,0,0,0,23,0.341,0.089,0
APP205315,0,0,1,15,0.042,0.264,1
APP205316,0,0,0,28,0.06,0.011,0
APP205317,1,0,0,37,0.039,0.082,0
APP205318,1,2,0,25,0.02,0.105,0
APP205319,0,1,0,28,0.055,0.106,0
APP205320,0,0,0,37,0.031,0.021,0
APP205321,0,1,0,9,0.035,0.07,0
APP205322,0,0,0,22,0.03,0.011,0
APP205323,1,1,0,52,0.001,0.139,0
APP205324,0,0,0,21,0.009,0.012,0
APP205325,1,1,0,17,0.026,0.077,0
APP205326,1,1,0,17,0.026,0.149,0
APP205327,0,0,0,27,0.135,0.016,0
APP205328,0,0,0,43,0.038,0.089,0
APP205329,0,1,0,17,0.104,0.022,0
APP205330,0,1,0,72,0.062,0.09,0
APP205331,0,1,0,17,0.015,0.35,0
APP205332,0,0,0,15,0.025,0.258,0
APP205333,0,0,0,23,0.092,0.404,0
APP205334,0,0,0,35,0.031,0.011,0
APP205335,0,0,0,51,0.005,0.172,0
APP205336,0,0,0,29,0.004,0.162,0
APP205337,1,0,0,20,0.03,0.027,0
APP205338,1,1,0,28,0.134,0.03,0
APP205339,0,0,0,10,0.007,0.151,0
APP205340,0,0,0,26,0.029,0.008,0
APP205341,0,1,0,8,0.114,0.102,0
APP205342,1,1,0,10,0.005,0.108,0
APP205343,0,3,0,47,0.002,0.103,0
APP205344,0,1,0,21,0.006,0.051,0
APP205345,0,1,0,6,0.029,0.006,0
APP205346,0,0,0,37,0.004,0.035,0
APP205347,0,2,0,6,0.164,0.086,0
APP205348,0,1,0,30,0.087,0.104,0
APP205349,0,0,0,26,0.003,0.163,0
APP205350,0,2,0,11,0.01,0.133,0
APP205351,0,1,0,28,0.07,0.056,0
APP205352,0,0,0,7,0.021,0.061,0
APP205353,0,0,0,10,0.062,0.02,0
APP205354,1,0,0,21,0.052,0.123,0
APP205355,0,0,0,17,0.01,0.076,0
APP205356,1,0,0,33,0.095,0.078,1
APP205357,0,1,0,22,0.002,0.136,0
APP205358,1,1,0,29,0.103,0.16,1
APP205359,0,1,0,37,0.006,0.023,0
APP205360,1,0,0,33,0.066,0.026,0
APP205361,0,1,0,24,0.177,0.025,0
APP205362,0,0,0,59,0.001,0.014,0
APP205363,0,0,0,9,0.028,0.018,0
APP205364,1,0,0,42,0.059,0.017,0
APP205365,0,0,0,13,0.037,0.183,0
APP205366,0,0,0,29,0.004,0.104,0
APP205367,0,0,0,13,0.023,0.019,0
APP205368,1,0,0,12,0.02,0.168,0
APP205369,0,1,0,17,0.026,0.233,0
APP205370,0,1,0,49,0.038,0.044,0
APP205371,0,0,0,23,0.046,0.076,0
APP205372,0,0,0,13,0.076,0.075,0
APP205373,1,0,0,49,0.122,0.181,0
APP205374,0,0,1,22,0.105,0.137,0
APP205375,1,2,0,24,0.013,0.033,0
APP205376,2,0,0,17,0.014,0.014,0
APP205377,0,0,0,14,0.041,0.006,0
APP205378,1,0,1,30,0.005,0.309,0
APP205379,0,1,0,6,0.006,0.005,0
APP205380,0,0,0,12,0.045,0.112,0
APP205381,0,0,0,26,0.013,0.078,0
APP205382,1,0,0,29,0.004,0.098,0
APP205383,0,1,0,11,0.002,0.08,0
APP205384,0,0,0,13,0.065,0.298,0
APP205385,1,0,0,32,0.116,0.039,0
APP205386,0,0,0,10,0.025,0.084,0
APP205387,2,0,0,17,0.004,0.018,0
APP205388,0,1,0,6,0.017,0.151,0
APP205389,0,1,0,48,0.006,0.01,0
APP205390,1,1,0,19,0.031,0.037,0
APP205391,0,0,0,17,0.0,0.021,0
APP205392,0,1,0,34,0.008,0.017,0
APP205393,0,1,0,14,0.002,0.058,0
APP205394,0,0,0,20,0.032,0.085,0
APP205395,1,0,0,26,0.023,0.169,0
APP205396,1,0,0,28,0.026,0.032,0
APP205397,0,0,1,43,0.001,0.192,0
APP205398,0,3,0,23,0.008,0.082,0
APP205399,0,0,0,7,0.038,0.008,0
APP205400,0,1,0,45,0.012,0.17,0
APP205401,0,1,0,20,0.104,0.056,0
APP205402,0,0,0,13,0.002,0.076,0
APP205403,0,0,0,18,0.075,0.032,0
APP205404,0,0,1,33,0.08,0.074,0
APP205405,0,0,0,16,0.022,0.012,0
APP205406,0,1,0,5,0.018,0.222,0
APP205407,1,1,0,6,0.103,0.068,0
APP205408,0,0,0,24,0.023,0.187,0
APP205409,1,0,0,3,0.04,0.033,0
APP205410,0,1,0,37,0.062,0.027,0
APP205411,0,0,0,28,0.084,0.054,0
APP205412,0,0,0,31,0.005,0.156,0
APP205413,1,1,0,36,0.019,0.14,0
APP205414,0,0,0,17,0.008,0.061,0
APP205415,0,0,0,28,0.117,0.009,0
APP205416,0,0,0,46,0.003,0.097,0
APP205417,0,0,0,44,0.049,0.182,0
APP205418,0,0,0,22,0.008,0.192,0
APP205419,0,0,0,12,0.002,0.036,0
APP205420,1,1,0,14,0.008,0.096,0
APP205421,0,0,0,50,0.058,0.215,0
APP205422,1,1,0,56,0.055,0.053,0
APP205423,0,0,0,41,0.021,0.015,0
APP205424,0,0,0,17,0.05,0.046,0
APP205425,0,0,0,12,0.009,0.025,0
APP205426,0,0,0,35,0.022,0.056,0
APP205427,0,2,0,10,0.017,0.12,0
APP205428,0,0,0,19,0.122,0.064,0
APP205429,2,0,0,18,0.018,0.118,0
APP205430,0,0,0,26,0.006,0.101,0
APP205431,0,0,0,28,0.013,0.042,0
APP205432,1,1,0,30,0.019,0.152,0
APP205433,0,0,0,26,0.049,0.025,0
APP205434,1,0,0,35,0.054,0.116,0
APP205435,1,0,0,18,0.012,0.014,0
APP205436,0,0,0,20,0.007,0.041,0
APP205437,0,1,0,16,0.02,0.08,0
APP205438,0,1,0,13,0.072,0.042,0
APP205439,3,0,0,10,0.026,0.139,0
APP205440,0,0,0,25,0.053,0.006,0
APP205441,1,1,0,35,0.082,0.006,0
APP205442,0,0,0,57,0.007,0.022,0
APP205443,0,0,0,51,0.005,0.059,0
APP205444,0,1,1,15,0.065,0.044,0
APP205445,0,0,0,17,0.032,0.134,0
APP205446,0,0,0,23,0.002,0.182,0
APP205447,0,0,0,14,0.008,0.155,0
APP205448,0,0,0,14,0.049,0.005,0
APP205449,0,1,0,20,0.011,0.001,0
APP205450,1,0,0,21,0.003,0.047,0
APP205451,0,0,0,6,0.018,0.027,0
APP205452,0,1,0,17,0.015,0.015,0
APP205453,0,0,0,44,0.034,0.01,0
APP205454,0,0,0,31,0.076,0.003,0
APP205455,2,1,0,12,0.091,0.07,0
APP205456,0,0,0,37,0.011,0.186,0
APP205457,0,0,0,15,0.044,0.094,0
APP205458,1,0,0,39,0.039,0.119,0
APP205459,0,0,0,57,0.016,0.172,0
APP205460,0,1,0,17,0.033,0.055,0
APP205461,0,0,0,20,0.047,0.204,0
APP205462,0,2,0,29,0.022,0.051,0
APP205463,0,1,0,24,0.013,0.146,0
APP205464,0,0,0,28,0.123,0.027,0
APP205465,1,1,0,18,0.045,0.031,0
APP205466,0,0,0,11,0.18,0.005,0
APP205467,0,0,0,9,0.011,0.007,0
APP205468,0,0,0,29,0.038,0.222,0
APP205469,0,0,0,32,0.022,0.123,0
APP205470,0,0,0,16,0.091,0.011,0
APP205471,0,1,0,22,0.014,0.012,0
APP205472,0,0,0,35,0.048,0.01,0
APP205473,1,1,0,20,0.078,0.251,0
APP205474,0,1,0,14,0.161,0.1,0
APP205475,0,1,0,20,0.035,0.001,0
APP205476,0,0,0,13,0.05,0.324,0
APP205477,2,0,0,14,0.028,0.202,1
APP205478,0,0,0,28,0.001,0.184,0
APP205479,3,1,0,32,0.049,0.019,0
APP205480,0,0,0,23,0.015,0.178,0
APP205481,0,0,0,22,0.007,0.015,0
APP205482,1,0,0,12,0.089,0.1,0
APP205483,0,1,0,28,0.007,0.015,0
APP205484,0,0,0,21,0.072,0.153,0
APP205485,0,1,0,33,0.0,0.101,0
APP205486,0,0,0,7,0.127,0.158,0
APP205487,0,0,0,7,0.034,0.112,0
APP205488,0,0,0,34,0.004,0.052,0
APP205489,0,0,0,18,0.005,0.068,0
APP205490,1,0,0,22,0.044,0.011,0
APP205491,0,1,0,25,0.001,0.045,0
APP205492,0,0,0,21,0.187,0.013,0
APP205493,1,0,0,57,0.053,0.009,0
APP205494,1,0,0,31,0.057,0.145,0
APP205495,0,0,0,15,0.008,0.204,0
APP205496,0,0,0,16,0.017,0.065,0
APP205497,2,0,0,49,0.044,0.046,0
APP205498,1,0,1,49,0.025,0.002,0
APP205499,0,1,0,29,0.066,0.142,0
APP205500,1,0,1,28,0.09,0.09,0
APP205501,0,0,1,19,0.008,0.034,0
APP205502,0,1,0,28,0.024,0.033,0
APP205503,0,0,0,7,0.116,0.052,0
APP205504,1,1,0,17,0.025,0.249,0
APP205505,0,0,0,14,0.044,0.052,0
APP205506,0,0,0,18,0.09,0.114,0
APP205507,1,0,0,11,0.033,0.004,0
APP205508,0,0,0,20,0.003,0.048,0
APP205509,1,0,0,26,0.085,0.131,0
APP205510,1,0,0,15,0.031,0.025,0
APP205511,0,0,0,29,0.008,0.141,0
APP205512,1,0,0,8,0.0,0.069,0
APP205513,1,1,0,32,0.106,0.014,0
APP205514,0,0,0,13,0.068,0.268,0
APP205515,1,0,0,38,0.007,0.016,0
APP205516,0,0,0,14,0.072,0.112,0
APP205517,1,0,0,17,0.138,0.147,0
APP205518,1,0,0,21,0.001,0.109,0
APP205519,0,0,0,13,0.0,0.251,0
APP205520,0,1,0,8,0.032,0.085,0
APP205521,0,1,0,19,0.024,0.018,0
APP205522,1,0,0,12,0.097,0.122,0
APP205523,0,0,0,4,0.042,0.025,0
APP205524,0,0,0,22,0.008,0.012,0
APP205525,0,1,0,36,0.016,0.012,0
APP205526,1,0,0,15,0.022,0.031,1
APP205527,0,1,0,21,0.048,0.146,0
APP205528,1,1,0,40,0.105,0.061,0
APP205529,0,0,0,28,0.085,0.172,0
APP205530,1,0,0,26,0.025,0.067,0
APP205531,0,2,0,26,0.024,0.129,0
APP205532,0,0,0,43,0.144,0.171,0
APP205533,0,0,0,14,0.046,0.138,0
APP205534,2,0,0,31,0.017,0.215,0
APP205535,0,0,0,10,0.057,0.22,0
APP205536,0,0,0,29,0.013,0.03,0
APP205537,1,0,0,21,0.021,0.406,0
APP205538,0,1,0,39,0.071,0.153,0
APP205539,0,0,0,20,0.018,0.091,0
APP205540,0,1,0,28,0.046,0.011,0
APP205541,0,0,0,4,0.059,0.02,0
APP205542,0,0,0,10,0.027,0.011,0
APP205543,1,0,0,26,0.031,0.041,0
APP205544,2,0,0,5,0.012,0.024,0
APP205545,0,0,0,17,0.183,0.021,0
APP205546,0,0,0,31,0.011,0.126,0
APP205547,0,1,0,12,0.004,0.019,0
APP205548,1,0,0,11,0.006,0.01,0
APP205549,0,1,0,13,0.08,0.035,0
APP205550,0,0,0,7,0.336,0.073,0
APP205551,0,0,0,31,0.042,0.045,0
APP205552,1,1,0,17,0.006,0.043,0
APP205553,0,0,0,45,0.052,0.08,0
APP205554,0,5,0,16,0.067,0.005,0
APP205555,0,0,0,32,0.042,0.025,0
APP205556,0,0,0,27,0.146,0.204,0
APP205557,0,0,0,22,0.001,0.092,0
APP205558,1,2,0,8,0.003,0.009,0
APP205559,1,1,0,15,0.006,0.097,0
APP205560,0,1,0,22,0.001,0.005,0
APP205561,0,1,0,11,0.039,0.154,0
APP205562,0,0,0,39,0.018,0.015,0
APP205563,1,0,0,59,0.025,0.051,0
APP205564,0,0,0,23,0.051,0.171,0
APP205565,0,1,0,18,0.104,0.042,0
APP205566,0,0,0,25,0.091,0.017,0
APP205567,1,0,0,20,0.02,0.032,0
APP205568,0,0,0,38,0.001,0.254,0
APP205569,1,0,0,15,0.059,0.0,0
APP205570,0,0,0,52,0.042,0.068,0
APP205571,0,1,0,33,0.055,0.125,0
APP205572,0,0,0,20,0.005,0.296,0
APP205573,0,0,0,42,0.003,0.025,0
APP205574,1,1,0,17,0.001,0.296,1
APP205575,0,0,0,25,0.022,0.248,0
APP205576,2,2,0,64,0.0,0.146,0
APP205577,0,1,0,8,0.007,0.303,0
APP205578,0,2,0,35,0.004,0.199,0
APP205579,0,0,0,11,0.024,0.045,0
APP205580,0,0,0,16,0.014,0.111,0
APP205581,0,3,0,11,0.019,0.294,0
APP205582,0,3,0,24,0.025,0.055,0
APP205583,0,0,0,30,0.005,0.132,0
APP205584,0,1,0,25,0.125,0.14,0
APP205585,0,0,0,16,0.02,0.026,0
APP205586,0,1,0,31,0.203,0.06,0
APP205587,0,0,0,27,0.011,0.053,0
APP205588,1,0,0,34,0.019,0.142,0
APP205589,0,0,0,21,0.065,0.046,0
APP205590,0,0,0,39,0.002,0.021,0
APP205591,1,0,0,21,0.023,0.052,0
APP205592,0,0,0,16,0.005,0.063,0
APP205593,0,1,0,24,0.005,0.049,0
APP205594,0,0,0,6,0.134,0.106,0
APP205595,1,2,0,42,0.011,0.099,0
APP205596,2,0,0,25,0.086,0.015,0
APP205597,0,0,0,17,0.057,0.355,0
APP205598,0,0,0,59,0.02,0.028,0
APP205599,0,0,0,11,0.013,0.075,0
APP205600,0,0,0,14,0.014,0.035,0
APP205601,0,0,0,7,0.002,0.048,0
APP205602,0,0,0,13,0.032,0.261,0
APP205603,0,1,0,11,0.002,0.091,0
APP205604,0,0,0,24,0.056,0.022,0
APP205605,1,0,0,21,0.018,0.114,0
APP205606,0,1,1,36,0.023,0.091,0
APP205607,0,0,0,7,0.047,0.129,0
APP205608,0,0,1,19,0.01,0.075,0
APP205609,2,0,0,26,0.01,0.097,0
APP205610,1,1,0,10,0.101,0.132,0
APP205611,2,1,0,19,0.001,0.058,0
APP205612,0,0,0,13,0.003,0.017,0
APP205613,0,0,0,4,0.037,0.199,0
APP205614,1,0,0,23,0.0,0.035,0
APP205615,0,0,0,23,0.042,0.041,0
APP205616,0,0,0,33,0.1,0.013,0
APP205617,1,0,0,30,0.08,0.291,0
APP205618,0,1,0,21,0.356,0.015,0
APP205619,0,1,0,11,0.031,0.092,0
APP205620,0,1,0,30,0.007,0.063,0
APP205621,0,0,0,16,0.013,0.107,0
APP205622,0,1,0,31,0.072,0.042,0
APP205623,0,0,0,38,0.088,0.061,0
APP205624,0,1,0,15,0.001,0.176,0
APP205625,0,0,0,18,0.232,0.177,0
APP205626,0,2,0,8,0.022,0.03,0
APP205627,1,1,0,32,0.027,0.161,0
APP205628,2,2,0,36,0.083,0.074,1
APP205629,1,2,0,35,0.009,0.154,1
APP205630,0,0,0,25,0.082,0.112,0
APP205631,0,0,0,27,0.045,0.069,0
APP205632,0,0,1,12,0.0,0.02,0
APP205633,0,0,0,27,0.073,0.037,0
APP205634,0,1,0,20,0.098,0.003,0
APP205635,0,1,0,34,0.011,0.176,0
APP205636,0,0,0,23,0.005,0.125,0
APP205637,0,0,0,9,0.135,0.116,0
APP205638,0,0,0,22,0.082,0.126,0
APP205639,0,0,0,9,0.002,0.17,0
APP205640,1,0,0,8,0.085,0.09,0
APP205641,1,0,0,26,0.064,0.091,0
APP205642,1,0,0,15,0.054,0.083,0
APP205643,0,0,0,3,0.017,0.184,0
APP205644,1,0,0,2,0.014,0.065,0
APP205645,0,0,0,44,0.073,0.001,0
APP205646,1,1,0,15,0.249,0.189,0
APP205647,0,0,0,22,0.078,0.067,0
APP205648,0,0,0,8,0.036,0.019,0
APP205649,1,1,0,27,0.022,0.071,0
APP205650,0,0,0,30,0.079,0.258,0
APP205651,0,0,0,82,0.066,0.17,0
APP205652,0,0,0,6,0.051,0.343,0
APP205653,1,0,1,31,0.181,0.052,0
APP205654,0,1,0,39,0.022,0.027,0
APP205655,1,1,0,22,0.017,0.078,0
APP205656,0,0,0,31,0.099,0.066,0
APP205657,0,0,0,42,0.005,0.009,0
APP205658,0,1,0,42,0.022,0.02,0
APP205659,0,1,0,30,0.12,0.08,0
APP205660,0,1,0,24,0.018,0.136,0
APP205661,0,0,0,9,0.005,0.235,0
APP205662,1,0,0,21,0.052,0.046,0
APP205663,2,0,0,38,0.0,0.022,0
APP205664,1,0,0,8,0.003,0.108,0
APP205665,0,0,0,18,0.132,0.075,0
APP205666,0,0,0,35,0.017,0.078,0
APP205667,0,1,0,17,0.015,0.038,0
APP205668,0,0,0,26,0.025,0.009,0
APP205669,0,1,0,14,0.006,0.001,0
APP205670,1,2,0,21,0.037,0.203,0
APP205671,1,0,0,28,0.001,0.021,0
APP205672,0,1,0,47,0.042,0.205,0
APP205673,1,0,0,22,0.007,0.1,0
APP205674,0,2,0,25,0.023,0.084,0
APP205675,2,0,0,21,0.014,0.058,0
APP205676,0,0,0,24,0.114,0.055,0
APP205677,0,1,0,23,0.064,0.002,0
APP205678,0,1,0,7,0.085,0.022,0
APP205679,2,0,0,22,0.022,0.048,0
APP205680,1,0,0,20,0.014,0.02,0
APP205681,0,1,0,17,0.033,0.01,0
APP205682,0,1,0,7,0.009,0.096,0
APP205683,0,0,0,25,0.069,0.106,0
APP205684,1,2,0,21,0.093,0.065,0
APP205685,0,0,0,10,0.066,0.307,0
APP205686,0,2,0,20,0.157,0.02,0
APP205687,0,1,0,16,0.108,0.009,0
APP205688,0,1,0,25,0.003,0.101,0
APP205689,1,1,0,64,0.038,0.062,0
APP205690,0,0,0,13,0.006,0.178,0
APP205691,0,1,0,31,0.05,0.003,0
APP205692,1,0,0,64,0.014,0.072,0
APP205693,0,0,0,10,0.005,0.025,0
APP205694,0,0,0,19,0.09,0.017,0
APP205695,2,1,0,21,0.016,0.021,0
APP205696,1,0,0,32,0.034,0.053,0
APP205697,0,0,0,16,0.028,0.039,0
APP205698,0,1,0,17,0.088,0.186,0
APP205699,0,2,0,9,0.036,0.115,0
APP205700,1,1,0,40,0.045,0.062,0
APP205701,0,0,0,8,0.018,0.186,0
APP205702,1,2,0,17,0.144,0.069,0
APP205703,1,1,0,23,0.004,0.06,0
APP205704,0,0,0,24,0.007,0.009,0
APP205705,1,1,0,28,0.007,0.218,0
APP205706,1,0,0,28,0.063,0.106,0
APP205707,1,0,0,25,0.042,0.036,0
APP205708,0,0,0,17,0.084,0.259,0
APP205709,0,0,0,14,0.048,0.214,0
APP205710,1,0,0,26,0.008,0.122,0
APP205711,0,0,0,7,0.034,0.057,0
APP205712,0,1,0,34,0.011,0.101,0
APP205713,0,1,0,19,0.098,0.067,0
APP205714,0,0,0,4,0.007,0.026,0
APP205715,1,0,0,37,0.02,0.002,0
APP205716,2,0,0,32,0.08,0.079,0
APP205717,0,0,0,41,0.045,0.01,0
APP205718,0,2,0,9,0.0,0.183,0
APP205719,0,1,0,67,0.016,0.165,0
APP205720,0,0,0,12,0.004,0.018,0
APP205721,0,0,0,42,0.006,0.121,0
APP205722,0,0,0,40,0.045,0.191,0
APP205723,0,0,1,23,0.014,0.122,0
APP205724,0,0,0,18,0.004,0.03,0
APP205725,0,0,0,31,0.103,0.107,0
APP205726,1,0,0,30,0.003,0.139,0
APP205727,1,0,0,19,0.008,0.444,0
APP205728,0,2,0,20,0.026,0.045,0
APP205729,0,0,0,11,0.085,0.022,0
APP205730,1,0,0,19,0.075,0.037,0
APP205731,0,1,0,25,0.005,0.054,0
APP205732,0,1,0,25,0.001,0.145,0
APP205733,0,0,0,31,0.005,0.23,0
APP205734,0,0,0,18,0.177,0.181,0
APP205735,0,2,0,20,0.006,0.051,0
APP205736,1,1,0,32,0.007,0.043,0
APP205737,0,0,0,10,0.21,0.042,0
APP205738,1,2,0,19,0.014,0.071,0
APP205739,0,1,0,38,0.083,0.101,0
APP205740,1,0,0,11,0.017,0.116,0
APP205741,0,0,0,31,0.087,0.012,0
APP205742,0,1,0,24,0.04,0.036,0
APP205743,0,0,0,38,0.082,0.112,0
APP205744,1,1,0,7,0.049,0.065,0
APP205745,0,0,0,11,0.256,0.08,0
APP205746,0,2,0,13,0.103,0.122,0
APP205747,1,0,0,12,0.027,0.04,0
APP205748,0,1,0,31,0.034,0.313,0
APP205749,1,3,0,41,0.011,0.19,0
APP205750,0,1,0,49,0.149,0.008,0
APP205751,0,0,0,27,0.005,0.174,0
APP205752,0,1,0,3,0.008,0.021,0
APP205753,1,1,0,15,0.011,0.045,0
APP205754,0,0,0,11,0.014,0.148,1
APP205755,0,0,0,16,0.042,0.037,0
APP205756,0,1,0,40,0.007,0.013,0
APP205757,1,0,0,30,0.001,0.03,0
APP205758,1,0,0,7,0.003,0.09,0
APP205759,0,1,0,31,0.044,0.105,0
APP205760,1,1,0,55,0.079,0.025,0
APP205761,1,0,1,7,0.044,0.009,0
APP205762,0,1,0,105,0.0,0.112,0
APP205763,2,0,0,24,0.044,0.07,1
APP205764,0,1,0,44,0.065,0.165,0
APP205765,1,0,0,42,0.013,0.055,0
APP205766,0,1,0,12,0.071,0.006,0
APP205767,0,1,0,52,0.012,0.005,0
APP205768,0,1,0,13,0.031,0.003,0
APP205769,1,1,0,22,0.064,0.354,0
APP205770,0,0,0,33,0.017,0.003,0
APP205771,0,0,0,21,0.053,0.02,0
APP205772,0,0,0,14,0.041,0.07,0
APP205773,0,0,0,22,0.025,0.097,0
APP205774,0,0,0,8,0.154,0.135,0
APP205775,0,1,0,15,0.093,0.033,0
APP205776,0,0,0,37,0.047,0.152,0
APP205777,0,0,0,31,0.003,0.077,0
APP205778,0,0,0,16,0.055,0.141,0
APP205779,0,0,0,27,0.163,0.173,0
APP205780,1,0,0,36,0.004,0.087,0
APP205781,0,0,0,55,0.034,0.111,0
APP205782,0,2,1,57,0.052,0.082,0
APP205783,0,0,0,18,0.037,0.24,0
APP205784,1,0,0,20,0.025,0.045,0
APP205785,0,0,0,9,0.008,0.115,0
APP205786,0,0,0,9,0.007,0.018,0
APP205787,1,0,0,11,0.11,0.047,0
APP205788,0,0,0,18,0.096,0.13,0
APP205789,0,0,0,21,0.02,0.048,0
APP205790,1,1,0,6,0.103,0.011,0
APP205791,0,0,0,13,0.078,0.004,0
APP205792,1,0,0,49,0.0,0.048,0
APP205793,0,0,0,17,0.011,0.04,0
APP205794,0,1,0,7,0.068,0.083,0
APP205795,0,2,0,40,0.014,0.075,0
APP205796,0,1,0,3,0.002,0.226,0
APP205797,0,0,0,28,0.087,0.106,0
APP205798,0,1,0,38,0.001,0.022,0
APP205799,0,1,0,6,0.108,0.165,0
APP205800,0,0,0,42,0.011,0.17,0
APP205801,1,0,0,31,0.072,0.28,0
APP205802,1,0,0,15,0.115,0.083,0
APP205803,1,1,0,5,0.105,0.033,0
APP205804,0,0,0,15,0.0,0.094,0
APP205805,1,2,0,17,0.031,0.306,0
APP205806,1,1,0,45,0.035,0.069,0
APP205807,1,1,0,32,0.024,0.052,0
APP205808,1,2,0,20,0.019,0.027,0
APP205809,1,0,0,9,0.013,0.131,0
APP205810,1,0,0,32,0.048,0.111,0
APP205811,0,0,0,28,0.077,0.215,0
APP205812,4,0,0,41,0.01,0.112,0
APP205813,0,0,0,32,0.012,0.111,0
APP205814,0,0,0,18,0.101,0.052,0
APP205815,2,0,0,31,0.007,0.148,0
APP205816,1,0,0,21,0.018,0.02,0
APP205817,0,0,0,14,0.001,0.202,0
APP205818,1,0,0,36,0.016,0.093,0
APP205819,0,1,0,35,0.008,0.283,0
APP205820,0,1,0,22,0.022,0.02,0
APP205821,1,0,0,25,0.003,0.053,0
APP205822,1,0,0,17,0.022,0.025,0
APP205823,1,0,0,22,0.015,0.219,0
APP205824,0,0,0,7,0.007,0.095,0
APP205825,0,0,0,8,0.139,0.121,0
APP205826,1,2,0,30,0.03,0.086,0
APP205827,2,0,0,13,0.037,0.065,0
APP205828,0,0,0,19,0.042,0.036,0
APP205829,0,0,0,28,0.113,0.163,0
APP205830,0,2,0,15,0.016,0.045,0
APP205831,1,1,0,25,0.079,0.232,0
APP205832,0,1,0,11,0.042,0.109,0
APP205833,0,0,0,13,0.047,0.043,0
APP205834,0,0,0,16,0.09,0.045,1
APP205835,0,0,0,29,0.053,0.128,0
APP205836,0,0,0,34,0.006,0.089,0
APP205837,0,0,1,18,0.154,0.135,0
APP205838,0,0,0,10,0.102,0.038,0
APP205839,0,0,0,15,0.002,0.124,0
APP205840,0,0,0,29,0.067,0.18,0
APP205841,1,0,0,20,0.012,0.155,0
APP205842,0,0,0,13,0.004,0.016,0
APP205843,1,0,0,34,0.082,0.121,0
APP205844,0,0,0,14,0.016,0.255,0
APP205845,0,0,0,12,0.005,0.023,0
APP205846,0,0,0,8,0.02,0.035,0
APP205847,0,0,0,57,0.026,0.031,0
APP205848,0,2,0,23,0.028,0.068,0
APP205849,0,1,1,43,0.026,0.132,0
APP205850,0,0,0,16,0.05,0.098,0
APP205851,1,0,0,32,0.152,0.048,0
APP205852,0,0,0,9,0.015,0.001,0
APP205853,1,1,0,25,0.024,0.058,1
APP205854,0,0,0,40,0.094,0.021,0
APP205855,0,1,0,26,0.108,0.136,0
APP205856,0,1,0,15,0.0,0.099,0
APP205857,0,0,0,20,0.004,0.11,0
APP205858,0,0,0,31,0.014,0.068,0
APP205859,0,1,0,33,0.023,0.062,0
APP205860,0,0,0,13,0.006,0.081,0
APP205861,0,1,0,15,0.002,0.072,0
APP205862,2,0,0,29,0.0,0.301,0
APP205863,0,2,0,14,0.035,0.041,1
APP205864,0,0,0,6,0.046,0.062,0
APP205865,1,0,0,17,0.059,0.016,0
APP205866,0,1,0,37,0.071,0.141,0
APP205867,0,1,0,21,0.042,0.129,0
APP205868,0,0,0,58,0.187,0.077,0
APP205869,0,0,0,7,0.048,0.019,0
APP205870,1,0,0,57,0.003,0.231,0
APP205871,0,2,0,15,0.018,0.065,0
APP205872,0,0,0,40,0.092,0.116,0
APP205873,1,0,0,9,0.001,0.042,0
APP205874,2,2,0,28,0.038,0.115,0
APP205875,0,2,0,19,0.033,0.033,0
APP205876,0,0,0,28,0.05,0.022,0
APP205877,0,0,0,23,0.012,0.129,0
APP205878,0,1,0,8,0.051,0.09,0
APP205879,0,0,0,14,0.027,0.04,0
APP205880,0,0,0,24,0.01,0.022,0
APP205881,0,0,0,18,0.024,0.057,0
APP205882,0,0,0,22,0.029,0.182,0
APP205883,0,0,0,46,0.06,0.061,0
APP205884,0,0,0,63,0.013,0.164,0
APP205885,0,1,0,16,0.006,0.003,0
APP205886,0,1,0,11,0.007,0.137,0
APP205887,0,0,0,25,0.031,0.185,0
APP205888,0,1,0,6,0.064,0.045,0
APP205889,1,0,0,24,0.018,0.393,0
APP205890,0,0,0,64,0.001,0.111,0
APP205891,0,1,0,13,0.045,0.107,1
APP205892,1,0,0,23,0.067,0.033,0
APP205893,1,1,0,43,0.002,0.176,0
APP205894,0,0,0,37,0.04,0.03,0
APP205895,0,0,0,15,0.003,0.351,0
APP205896,0,1,0,38,0.067,0.012,0
APP205897,0,0,0,14,0.001,0.201,0
APP205898,1,0,0,17,0.04,0.053,0
APP205899,2,1,0,29,0.017,0.075,1
APP205900,0,0,0,31,0.012,0.026,0
APP205901,1,0,1,29,0.016,0.16,0
APP205902,1,2,0,41,0.057,0.145,0
APP205903,0,1,0,21,0.067,0.178,0
APP205904,1,1,0,11,0.009,0.017,0
APP205905,0,0,0,22,0.116,0.015,0
APP205906,0,0,0,18,0.029,0.071,0
APP205907,0,0,0,40,0.004,0.008,0
APP205908,0,0,0,27,0.004,0.025,0
APP205909,0,0,0,8,0.006,0.136,0
APP205910,2,0,0,15,0.026,0.103,0
APP205911,1,1,0,31,0.108,0.051,0
APP205912,0,0,0,9,0.076,0.05,0
APP205913,0,0,0,26,0.059,0.013,0
APP205914,2,1,0,9,0.076,0.148,0
APP205915,0,0,0,7,0.002,0.005,0
APP205916,1,1,0,30,0.01,0.025,0
APP205917,1,2,0,12,0.13,0.011,0
APP205918,1,0,0,10,0.02,0.271,0
APP205919,0,0,0,28,0.026,0.06,0
APP205920,1,0,0,17,0.113,0.019,0
APP205921,0,0,0,15,0.017,0.157,0
APP205922,1,0,1,15,0.008,0.031,0
APP205923,1,2,0,26,0.032,0.136,1
APP205924,0,2,0,31,0.074,0.141,0
APP205925,0,0,0,29,0.02,0.116,0
APP205926,0,0,0,11,0.17,0.193,0
APP205927,0,0,0,20,0.101,0.075,0
APP205928,0,1,0,17,0.123,0.061,0
APP205929,0,1,0,17,0.013,0.127,0
APP205930,0,0,0,5,0.008,0.033,0
APP205931,0,2,0,39,0.225,0.042,0
APP205932,1,0,0,11,0.012,0.329,0
APP205933,0,0,0,19,0.002,0.068,0
APP205934,1,0,0,12,0.006,0.194,0
APP205935,1,1,0,30,0.039,0.15,0
APP205936,0,0,0,3,0.017,0.137,0
APP205937,0,1,0,18,0.037,0.11,0
APP205938,0,0,0,26,0.022,0.19,0
APP205939,0,0,0,21,0.004,0.065,0
APP205940,0,0,0,21,0.008,0.13,0
APP205941,0,0,0,26,0.02,0.099,0
APP205942,1,1,0,39,0.019,0.097,0
APP205943,0,0,0,10,0.035,0.012,0
APP205944,0,0,0,29,0.075,0.103,0
APP205945,0,0,0,23,0.05,0.038,0
APP205946,1,0,0,43,0.001,0.009,0
APP205947,0,1,0,5,0.002,0.032,0
APP205948,1,1,0,27,0.032,0.297,0
APP205949,0,1,0,30,0.005,0.057,0
APP205950,0,0,0,26,0.02,0.037,0
APP205951,1,1,0,5,0.054,0.001,0
APP205952,0,0,0,34,0.01,0.041,0
APP205953,0,0,1,69,0.091,0.015,0
APP205954,0,1,1,21,0.058,0.144,0
APP205955,1,3,0,21,0.017,0.155,0
APP205956,1,0,0,6,0.141,0.223,0
APP205957,1,0,0,20,0.24,0.11,0
APP205958,1,0,0,32,0.0,0.023,1
APP205959,0,0,0,16,0.071,0.121,0
APP205960,0,1,0,12,0.014,0.142,0
APP205961,0,0,0,11,0.003,0.034,0
APP205962,0,0,0,36,0.102,0.191,0
APP205963,0,1,0,66,0.01,0.021,0
APP205964,0,0,0,33,0.01,0.017,0
APP205965,0,1,0,42,0.013,0.033,0
APP205966,0,1,0,13,0.009,0.118,0
APP205967,0,0,0,22,0.047,0.153,0
APP205968,0,0,0,16,0.011,0.083,0
APP205969,1,0,0,31,0.05,0.048,0
APP205970,0,0,0,29,0.014,0.109,0
APP205971,0,1,0,27,0.015,0.213,0
APP205972,0,0,0,26,0.128,0.025,0
APP205973,0,0,0,23,0.014,0.097,0
APP205974,0,2,0,19,0.014,0.021,0
APP205975,0,1,0,8,0.037,0.152,0
APP205976,1,0,0,8,0.161,0.041,0
APP205977,1,1,0,22,0.053,0.105,0
APP205978,0,1,0,27,0.006,0.133,0
APP205979,1,0,0,2,0.031,0.031,0
APP205980,0,0,0,27,0.015,0.086,0
APP205981,0,0,0,33,0.008,0.111,0
APP205982,0,1,0,3,0.032,0.083,0
APP205983,0,0,0,65,0.243,0.037,0
APP205984,0,0,0,30,0.043,0.066,0
APP205985,0,1,0,11,0.006,0.055,0
APP205986,0,2,0,30,0.153,0.055,0
APP205987,1,0,0,21,0.008,0.073,0
APP205988,2,0,0,37,0.005,0.126,0
APP205989,0,1,0,20,0.031,0.153,0
APP205990,1,0,0,30,0.08,0.195,0
APP205991,0,0,0,17,0.012,0.235,0
APP205992,0,0,0,8,0.014,0.014,0
APP205993,0,1,0,50,0.033,0.002,0
APP205994,0,1,0,31,0.025,0.023,0
APP205995,0,0,0,2,0.014,0.09,0
APP205996,0,1,0,34,0.068,0.074,0
APP205997,0,0,0,13,0.044,0.07,0
APP205998,0,0,0,21,0.02,0.158,0
APP205999,1,1,0,54,0.019,0.177,0
APP206000,0,0,0,26,0.087,0.2,0
APP206001,0,0,0,17,0.008,0.131,0
APP206002,0,1,0,31,0.002,0.105,0
APP206003,2,0,0,27,0.007,0.224,0
APP206004,0,0,0,45,0.065,0.205,0
APP206005,2,0,0,35,0.021,0.326,0
APP206006,2,0,0,4,0.063,0.023,0
APP206007,1,0,0,6,0.042,0.014,0
APP206008,1,1,0,32,0.034,0.114,0
APP206009,0,1,0,32,0.001,0.002,0
APP206010,1,1,0,21,0.026,0.018,0
APP206011,0,0,0,35,0.001,0.028,0
APP206012,1,0,0,29,0.016,0.137,0
APP206013,1,0,0,67,0.017,0.032,0
APP206014,0,1,1,15,0.057,0.047,0
APP206015,0,1,0,38,0.092,0.006,0
APP206016,0,0,0,12,0.023,0.032,0
APP206017,1,0,0,18,0.0,0.157,0
APP206018,0,0,0,6,0.026,0.081,0
APP206019,0,0,0,26,0.001,0.064,0
APP206020,0,1,0,64,0.036,0.073,0
APP206021,0,0,0,25,0.03,0.019,0
APP206022,1,0,0,26,0.05,0.075,0
APP206023,1,0,0,24,0.021,0.128,0
APP206024,0,0,0,9,0.021,0.039,0
APP206025,0,0,0,21,0.075,0.224,0
APP206026,0,1,0,17,0.024,0.055,0
APP206027,1,0,0,18,0.007,0.094,0
APP206028,0,0,0,27,0.02,0.055,0
APP206029,0,0,0,6,0.035,0.019,0
APP206030,0,0,0,20,0.014,0.077,0
APP206031,0,1,0,17,0.099,0.006,0
APP206032,0,1,0,20,0.027,0.14,0
APP206033,0,0,0,39,0.001,0.033,0
APP206034,0,0,1,5,0.02,0.2,0
APP206035,1,0,0,15,0.253,0.11,0
APP206036,0,1,0,40,0.016,0.007,0
APP206037,0,0,1,19,0.03,0.073,0
APP206038,1,0,0,21,0.007,0.075,0
APP206039,0,1,1,23,0.07,0.076,0
APP206040,0,0,0,28,0.071,0.051,0
APP206041,0,0,0,54,0.027,0.044,0
APP206042,1,1,0,14,0.029,0.136,0
APP206043,1,1,0,33,0.029,0.091,0
APP206044,0,0,0,22,0.005,0.074,0
APP206045,0,2,0,22,0.059,0.083,0
APP206046,0,0,0,9,0.03,0.03,0
APP206047,1,0,0,11,0.102,0.011,0
APP206048,0,0,0,21,0.023,0.042,0
APP206049,0,0,0,12,0.06,0.172,0
APP206050,0,1,0,15,0.009,0.017,0
APP206051,0,0,0,34,0.104,0.174,0
APP206052,0,1,0,12,0.075,0.03,0
APP206053,0,1,0,35,0.001,0.012,0
APP206054,0,1,0,19,0.005,0.25,0
APP206055,0,0,0,30,0.054,0.202,0
APP206056,0,0,0,20,0.029,0.328,0
APP206057,1,0,0,21,0.047,0.03,0
APP206058,0,1,0,7,0.024,0.052,0
APP206059,1,0,0,45,0.026,0.122,0
APP206060,0,1,0,43,0.009,0.025,0
APP206061,0,1,0,85,0.034,0.019,0
APP206062,0,1,0,12,0.136,0.121,0
APP206063,3,0,0,31,0.03,0.094,0
APP206064,0,1,0,36,0.077,0.096,0
APP206065,0,0,0,11,0.017,0.023,0
APP206066,1,0,0,26,0.017,0.133,0
APP206067,1,2,0,8,0.08,0.032,0
APP206068,0,0,0,30,0.001,0.122,0
APP206069,0,0,0,8,0.008,0.233,0
APP206070,0,0,0,9,0.04,0.141,0
APP206071,0,1,0,26,0.016,0.017,0
APP206072,0,2,0,7,0.042,0.029,0
APP206073,0,0,0,22,0.025,0.103,0
APP206074,0,2,0,22,0.023,0.086,0
APP206075,0,2,0,20,0.076,0.366,0
APP206076,1,1,0,14,0.025,0.107,0
APP206077,0,0,0,15,0.116,0.028,0
APP206078,1,0,0,30,0.006,0.117,0
APP206079,0,1,0,17,0.121,0.036,0
APP206080,0,1,0,27,0.022,0.144,0
APP206081,0,0,0,20,0.004,0.011,0
APP206082,0,0,0,29,0.018,0.075,0
APP206083,0,0,0,15,0.137,0.025,0
APP206084,0,0,0,15,0.003,0.222,0
APP206085,1,0,0,17,0.006,0.017,0
APP206086,1,0,0,5,0.08,0.175,0
APP206087,0,1,0,17,0.04,0.244,0
APP206088,0,0,0,45,0.019,0.049,0
APP206089,0,2,0,37,0.05,0.035,0
APP206090,0,0,0,35,0.022,0.01,0
APP206091,0,1,0,21,0.0,0.15,0
APP206092,1,0,0,21,0.0,0.076,0
APP206093,0,0,0,9,0.017,0.069,0
APP206094,0,0,0,60,0.014,0.065,0
APP206095,0,1,0,24,0.011,0.074,0
APP206096,1,1,0,22,0.102,0.166,0
APP206097,2,0,0,19,0.06,0.077,0
APP206098,0,2,0,6,0.058,0.006,0
APP206099,0,1,0,29,0.019,0.01,0
APP206100,1,0,0,24,0.078,0.004,0
APP206101,0,1,0,33,0.002,0.233,0
APP206102,1,1,0,15,0.089,0.13,0
APP206103,0,1,0,55,0.071,0.076,0
APP206104,0,0,0,16,0.008,0.06,0
APP206105,0,0,0,19,0.083,0.023,0
APP206106,1,0,0,10,0.024,0.009,0
APP206107,0,0,0,15,0.036,0.096,0
APP206108,0,0,0,36,0.029,0.221,0
APP206109,1,0,0,67,0.0,0.067,0
APP206110,0,0,0,31,0.002,0.036,0
APP206111,0,1,0,26,0.056,0.077,0
APP206112,1,0,0,41,0.067,0.018,0
APP206113,0,1,0,7,0.01,0.125,0
APP206114,0,3,0,14,0.013,0.205,0
APP206115,0,0,0,18,0.012,0.029,0
APP206116,0,0,0,12,0.042,0.006,0
APP206117,2,1,0,12,0.082,0.04,0
APP206118,1,0,0,28,0.073,0.006,0
APP206119,0,0,0,16,0.039,0.11,0
APP206120,1,0,0,33,0.046,0.088,0
APP206121,0,0,0,9,0.003,0.073,0
APP206122,0,1,0,32,0.248,0.126,0
APP206123,0,1,0,29,0.006,0.082,0
APP206124,0,0,0,6,0.004,0.215,0
APP206125,0,0,0,46,0.003,0.073,0
APP206126,0,1,0,18,0.039,0.051,0
APP206127,0,1,0,60,0.037,0.03,0
APP206128,0,1,0,6,0.019,0.008,0
APP206129,0,1,0,50,0.018,0.125,0
APP206130,1,2,0,31,0.046,0.222,0
APP206131,1,1,0,23,0.067,0.023,0
APP206132,1,0,0,35,0.114,0.127,0
APP206133,1,0,0,18,0.037,0.098,0
APP206134,1,0,0,9,0.003,0.023,0
APP206135,1,1,0,85,0.028,0.061,0
APP206136,0,1,0,20,0.017,0.087,0
APP206137,0,1,0,16,0.017,0.13,0
APP206138,1,1,0,28,0.015,0.022,0
APP206139,0,1,0,37,0.015,0.191,0
APP206140,0,0,0,12,0.0,0.147,0
APP206141,0,1,0,10,0.008,0.187,0
APP206142,2,0,0,13,0.018,0.048,0
APP206143,0,0,0,23,0.118,0.097,0
APP206144,0,1,0,18,0.011,0.017,0
APP206145,0,1,0,27,0.011,0.098,0
APP206146,0,1,0,9,0.042,0.065,0
APP206147,0,2,0,21,0.024,0.03,0
APP206148,0,1,1,45,0.022,0.023,1
APP206149,2,0,0,16,0.118,0.034,0
APP206150,1,0,0,34,0.015,0.074,0
APP206151,0,0,0,13,0.007,0.229,0
APP206152,0,0,0,18,0.007,0.024,0
APP206153,1,1,0,20,0.021,0.192,0
APP206154,0,0,0,17,0.034,0.14,0
APP206155,1,0,0,14,0.006,0.135,0
APP206156,0,1,0,12,0.031,0.021,0
APP206157,0,0,0,15,0.127,0.055,0
APP206158,0,0,0,7,0.133,0.214,0
APP206159,0,0,0,13,0.055,0.025,0
APP206160,1,1,0,74,0.036,0.011,0
APP206161,0,0,0,10,0.07,0.02,0
APP206162,0,0,0,10,0.006,0.15,0
APP206163,0,0,0,10,0.149,0.058,0
APP206164,0,0,0,26,0.024,0.065,0
APP206165,0,1,0,42,0.025,0.013,0
APP206166,2,2,0,29,0.008,0.117,0
APP206167,0,2,0,11,0.034,0.217,0
APP206168,1,0,0,30,0.001,0.061,0
APP206169,0,1,0,41,0.066,0.072,0
APP206170,0,1,0,12,0.0,0.103,0
APP206171,0,1,0,7,0.024,0.076,0
APP206172,0,0,0,17,0.046,0.113,0
APP206173,1,0,0,28,0.012,0.088,0
APP206174,0,1,0,7,0.0,0.118,0
APP206175,1,1,0,37,0.018,0.059,0
APP206176,0,0,0,28,0.004,0.031,0
APP206177,0,0,0,11,0.133,0.014,0
APP206178,0,2,1,24,0.013,0.083,0
APP206179,0,0,0,18,0.0,0.05,0
APP206180,0,0,0,18,0.055,0.064,0
APP206181,1,0,0,28,0.083,0.009,0
APP206182,1,1,0,5,0.08,0.015,0
APP206183,0,1,0,6,0.026,0.019,0
APP206184,0,1,0,29,0.026,0.032,0
APP206185,0,1,0,15,0.04,0.003,0
APP206186,1,0,0,16,0.04,0.023,0
APP206187,0,1,0,50,0.004,0.004,0
APP206188,0,2,0,30,0.023,0.158,0
APP206189,1,0,0,23,0.04,0.065,0
APP206190,0,0,0,28,0.001,0.025,0
APP206191,0,0,0,11,0.013,0.042,0
APP206192,2,0,0,46,0.014,0.106,0
APP206193,1,1,0,16,0.006,0.056,0
APP206194,0,0,0,5,0.0,0.157,0
APP206195,1,1,0,3,0.047,0.13,0
APP206196,0,1,0,27,0.057,0.02,0
APP206197,0,0,0,3,0.03,0.005,0
APP206198,0,0,0,8,0.071,0.005,0
APP206199,0,0,1,20,0.006,0.09,0
APP206200,0,1,0,13,0.017,0.159,0
APP206201,0,0,1,10,0.077,0.098,0
APP206202,1,0,0,41,0.038,0.042,0
APP206203,1,0,0,10,0.063,0.022,0
APP206204,0,0,0,13,0.058,0.197,0
APP206205,0,0,0,2,0.0,0.034,0
APP206206,1,0,0,18,0.038,0.096,0
APP206207,1,0,0,14,0.166,0.098,0
APP206208,0,0,0,16,0.045,0.182,0
APP206209,0,0,0,22,0.089,0.025,0
APP206210,0,0,0,36,0.008,0.135,0
APP206211,1,0,0,11,0.034,0.043,0
APP206212,0,0,0,26,0.003,0.087,0
APP206213,0,0,1,16,0.091,0.14,0
APP206214,0,0,0,18,0.044,0.06,0
APP206215,0,3,0,35,0.025,0.175,0
APP206216,0,0,0,28,0.026,0.058,0
APP206217,0,0,0,15,0.049,0.017,0
APP206218,0,0,0,22,0.071,0.076,0
APP206219,1,0,0,18,0.001,0.121,1
APP206220,0,0,0,15,0.064,0.013,0
APP206221,2,1,0,15,0.002,0.022,0
APP206222,0,0,0,9,0.055,0.061,0
APP206223,0,1,0,12,0.002,0.072,0
APP206224,0,0,0,7,0.003,0.126,0
APP206225,0,0,0,10,0.009,0.135,0
APP206226,0,0,0,22,0.02,0.06,0
APP206227,0,0,0,24,0.107,0.067,0
APP206228,1,2,0,31,0.013,0.094,0
APP206229,0,0,0,32,0.002,0.118,0
APP206230,0,0,0,31,0.062,0.055,0
APP206231,0,1,0,27,0.045,0.041,0
APP206232,0,0,0,15,0.037,0.006,0
APP206233,0,2,0,13,0.004,0.016,0
APP206234,0,0,0,35,0.049,0.116,0
APP206235,0,0,0,33,0.004,0.016,0
APP206236,0,2,0,19,0.003,0.108,0
APP206237,0,1,0,23,0.08,0.034,0
APP206238,0,1,0,23,0.021,0.162,0
APP206239,0,0,0,14,0.004,0.128,0
APP206240,0,0,0,10,0.003,0.131,0
APP206241,0,0,0,18,0.038,0.026,0
APP206242,0,1,0,22,0.044,0.164,0
APP206243,0,0,0,10,0.002,0.01,0
APP206244,0,0,0,32,0.041,0.035,0
APP206245,0,0,0,33,0.025,0.03,0
APP206246,0,0,1,14,0.005,0.009,0
APP206247,0,0,0,18,0.042,0.054,0
APP206248,1,2,0,34,0.005,0.071,0
APP206249,0,1,0,34,0.112,0.018,0
APP206250,1,1,0,65,0.091,0.028,0
APP206251,0,1,1,16,0.028,0.08,0
APP206252,0,1,0,15,0.031,0.211,0
APP206253,0,2,0,12,0.012,0.25,0
APP206254,1,0,1,32,0.01,0.225,0
APP206255,1,2,0,34,0.058,0.001,0
APP206256,0,0,0,23,0.009,0.028,0
APP206257,1,0,0,33,0.026,0.037,0
APP206258,0,0,0,11,0.049,0.024,0
APP206259,0,1,0,41,0.043,0.068,0
APP206260,1,0,0,17,0.015,0.078,0
APP206261,0,0,0,46,0.007,0.121,0
APP206262,0,0,0,11,0.251,0.067,0
APP206263,0,0,0,16,0.009,0.057,0
APP206264,0,0,0,1,0.004,0.246,0
APP206265,0,0,0,22,0.005,0.03,0
APP206266,0,0,0,16,0.005,0.056,0
APP206267,1,1,0,23,0.017,0.063,0
APP206268,0,0,0,21,0.074,0.063,0
APP206269,0,0,0,15,0.107,0.098,0
APP206270,0,0,0,33,0.001,0.042,0
APP206271,1,0,0,25,0.039,0.033,0
APP206272,0,0,0,28,0.078,0.012,0
APP206273,0,0,0,46,0.0,0.164,0
APP206274,0,0,0,36,0.002,0.006,0
APP206275,0,1,1,17,0.084,0.237,0
APP206276,0,0,0,18,0.034,0.001,0
APP206277,0,0,0,28,0.009,0.017,0
APP206278,0,0,0,18,0.002,0.1,0
APP206279,0,0,0,12,0.052,0.05,0
APP206280,0,1,0,29,0.003,0.215,0
APP206281,0,0,0,13,0.063,0.119,0
APP206282,1,2,0,3,0.021,0.001,0
APP206283,0,2,0,4,0.009,0.055,0
APP206284,0,0,0,15,0.008,0.062,0
APP206285,0,0,0,16,0.112,0.092,0
APP206286,1,1,0,13,0.004,0.076,1
APP206287,0,1,0,15,0.082,0.044,0
APP206288,0,1,0,10,0.1,0.14,0
APP206289,2,0,0,29,0.011,0.02,0
APP206290,1,0,0,16,0.019,0.046,0
APP206291,0,0,0,12,0.007,0.04,0
APP206292,0,0,0,29,0.016,0.01,0
APP206293,0,0,0,51,0.112,0.023,0
APP206294,0,0,0,27,0.003,0.249,0
APP206295,0,0,0,22,0.059,0.132,0
APP206296,1,0,0,24,0.006,0.176,1
APP206297,0,0,0,18,0.068,0.047,0
APP206298,2,0,0,38,0.008,0.081,0
APP206299,0,1,1,18,0.128,0.304,1
APP206300,0,0,0,15,0.003,0.025,0
APP206301,0,0,0,6,0.042,0.088,0
APP206302,1,1,0,22,0.002,0.11,0
APP206303,0,0,0,11,0.108,0.022,0
APP206304,0,0,0,5,0.073,0.142,0
APP206305,0,0,0,21,0.007,0.125,0
APP206306,0,1,0,20,0.03,0.025,0
APP206307,0,0,0,5,0.083,0.024,0
APP206308,1,2,0,8,0.036,0.129,0
APP206309,0,0,0,44,0.008,0.11,0
APP206310,0,0,1,25,0.008,0.049,0
APP206311,1,0,0,6,0.07,0.087,0
APP206312,0,0,0,22,0.019,0.073,0
APP206313,2,0,0,56,0.163,0.07,0
APP206314,1,0,0,11,0.129,0.144,1
APP206315,0,1,0,15,0.015,0.103,0
APP206316,1,1,0,6,0.03,0.167,0
APP206317,0,1,0,13,0.069,0.178,0
APP206318,0,1,0,18,0.064,0.083,0
APP206319,1,0,0,23,0.003,0.109,0
APP206320,0,1,0,19,0.051,0.171,0
APP206321,2,0,0,19,0.0,0.103,0
APP206322,0,0,0,14,0.002,0.153,0
APP206323,0,0,0,24,0.03,0.036,0
APP206324,1,0,0,17,0.065,0.097,0
APP206325,0,0,0,23,0.04,0.091,0
APP206326,0,0,0,20,0.013,0.049,0
APP206327,0,0,0,30,0.052,0.005,0
APP206328,1,0,0,15,0.027,0.026,0
APP206329,1,0,0,9,0.02,0.056,0
APP206330,0,1,0,14,0.0,0.068,0
APP206331,0,0,1,26,0.011,0.184,0
APP206332,0,1,0,5,0.003,0.003,0
APP206333,0,0,1,10,0.01,0.005,0
APP206334,1,0,0,28,0.077,0.1,0
APP206335,0,1,0,21,0.044,0.13,0
APP206336,0,0,0,42,0.176,0.028,0
APP206337,0,0,0,14,0.029,0.024,0
APP206338,0,0,0,16,0.037,0.044,0
APP206339,0,0,0,5,0.006,0.077,0
APP206340,0,0,0,32,0.0,0.206,0
APP206341,0,0,0,27,0.096,0.256,0
APP206342,0,0,0,79,0.093,0.014,0
APP206343,0,0,0,6,0.149,0.214,0
APP206344,0,2,0,31,0.096,0.042,0
APP206345,1,0,0,13,0.047,0.075,0
APP206346,1,0,0,30,0.051,0.036,0
APP206347,0,0,0,8,0.123,0.27,0
APP206348,0,0,0,43,0.05,0.218,0
APP206349,2,2,0,22,0.048,0.028,1
APP206350,0,0,0,29,0.094,0.138,0
APP206351,1,2,0,34,0.001,0.1,0
APP206352,0,1,0,7,0.091,0.012,0
APP206353,1,0,0,21,0.026,0.025,0
APP206354,0,0,0,36,0.012,0.153,0
APP206355,1,0,0,30,0.012,0.029,0
APP206356,1,1,0,44,0.111,0.095,0
APP206357,0,1,0,31,0.104,0.068,0
APP206358,0,0,1,20,0.003,0.001,0
APP206359,0,0,1,53,0.032,0.029,0
APP206360,2,1,0,24,0.103,0.023,0
APP206361,1,0,0,27,0.02,0.051,0
APP206362,0,0,0,5,0.046,0.092,0
APP206363,0,0,0,32,0.066,0.153,0
APP206364,0,1,0,11,0.015,0.093,0
APP206365,0,0,0,13,0.027,0.051,0
APP206366,0,1,1,20,0.099,0.03,0
APP206367,0,0,0,23,0.005,0.055,0
APP206368,0,0,0,31,0.044,0.093,0
APP206369,0,0,0,22,0.043,0.173,0
APP206370,1,0,0,5,0.031,0.259,0
APP206371,0,1,1,9,0.06,0.081,0
APP206372,1,0,0,34,0.058,0.312,0
APP206373,0,0,0,24,0.009,0.043,0
APP206374,0,1,0,23,0.019,0.12,0
APP206375,0,0,0,39,0.08,0.023,0
APP206376,2,2,0,43,0.128,0.038,0
APP206377,0,0,0,57,0.004,0.046,0
APP206378,0,0,0,17,0.078,0.007,0
APP206379,0,0,0,11,0.005,0.13,0
APP206380,0,0,0,7,0.049,0.183,0
APP206381,1,0,0,13,0.022,0.114,0
APP206382,0,2,0,14,0.045,0.105,0
APP206383,1,0,0,14,0.075,0.017,0
APP206384,1,1,0,21,0.065,0.166,0
APP206385,0,0,0,16,0.019,0.044,0
APP206386,1,0,0,26,0.011,0.049,0
APP206387,0,1,0,5,0.045,0.126,0
APP206388,0,1,0,2,0.102,0.17,0
APP206389,1,1,0,7,0.136,0.016,0
APP206390,0,1,0,22,0.039,0.001,0
APP206391,0,0,0,8,0.0,0.154,0
APP206392,1,0,0,37,0.117,0.167,0
APP206393,0,0,0,9,0.0,0.01,0
APP206394,1,1,0,18,0.043,0.007,0
APP206395,0,0,0,53,0.05,0.059,0
APP206396,2,0,0,60,0.08,0.083,0
APP206397,1,0,0,25,0.006,0.092,0
APP206398,0,0,0,17,0.006,0.23,0
APP206399,0,0,0,39,0.226,0.099,0
APP206400,0,0,0,11,0.01,0.111,0
APP206401,0,0,0,25,0.002,0.049,0
APP206402,0,1,0,23,0.075,0.02,0
APP206403,1,1,0,32,0.141,0.196,0
APP206404,0,1,0,23,0.076,0.082,0
APP206405,0,0,0,14,0.079,0.07,0
APP206406,0,0,0,39,0.015,0.129,0
APP206407,1,0,0,25,0.142,0.03,0
APP206408,0,0,0,26,0.014,0.124,0
APP206409,0,0,0,14,0.001,0.237,0
APP206410,0,1,0,19,0.0,0.038,0
APP206411,0,0,0,14,0.011,0.004,0
APP206412,0,0,0,41,0.011,0.172,0
APP206413,0,0,0,16,0.059,0.022,0
APP206414,0,3,0,33,0.049,0.054,0
APP206415,0,0,0,35,0.065,0.065,0
APP206416,0,0,0,26,0.007,0.148,0
APP206417,0,0,0,9,0.052,0.045,0
APP206418,0,0,0,12,0.022,0.171,0
APP206419,0,0,0,17,0.051,0.103,0
APP206420,0,1,0,31,0.003,0.11,0
APP206421,1,0,0,3,0.02,0.042,0
APP206422,0,0,0,9,0.111,0.007,0
APP206423,1,0,0,34,0.014,0.104,0
APP206424,1,3,0,26,0.001,0.044,0
APP206425,0,0,0,23,0.053,0.02,0
APP206426,0,1,0,9,0.051,0.151,0
APP206427,0,1,0,15,0.036,0.034,0
APP206428,0,0,0,47,0.113,0.224,0
APP206429,1,0,0,16,0.017,0.326,0
APP206430,0,0,0,50,0.037,0.002,0
APP206431,0,1,0,22,0.011,0.049,0
APP206432,0,0,0,25,0.019,0.074,0
APP206433,0,0,0,14,0.041,0.037,0
APP206434,1,0,0,26,0.029,0.151,0
APP206435,1,1,0,8,0.062,0.031,0
APP206436,0,0,0,8,0.01,0.022,0
APP206437,2,0,0,12,0.131,0.161,0
APP206438,0,1,1,19,0.124,0.151,0
APP206439,1,0,0,34,0.065,0.154,0
APP206440,0,0,0,25,0.016,0.122,0
APP206441,0,0,0,17,0.123,0.045,0
APP206442,0,0,0,31,0.036,0.127,0
APP206443,1,0,0,62,0.022,0.103,0
APP206444,0,3,0,17,0.009,0.179,0
APP206445,0,2,0,12,0.004,0.006,0
APP206446,1,0,0,33,0.014,0.013,0
APP206447,0,0,0,24,0.007,0.118,0
APP206448,2,1,0,38,0.036,0.211,0
APP206449,1,0,0,21,0.127,0.29,0
APP206450,0,1,0,13,0.002,0.035,0
APP206451,1,0,0,19,0.124,0.023,0
APP206452,1,0,0,16,0.033,0.066,0
APP206453,0,0,0,16,0.05,0.094,0
APP206454,1,1,0,20,0.049,0.461,0
APP206455,0,2,0,42,0.014,0.227,0
APP206456,1,0,0,29,0.0,0.048,0
APP206457,0,1,0,9,0.001,0.077,0
APP206458,3,0,0,15,0.045,0.08,0
APP206459,0,1,0,40,0.062,0.026,0
APP206460,0,0,0,26,0.023,0.067,0
APP206461,0,1,0,19,0.128,0.092,0
APP206462,1,0,0,38,0.01,0.055,0
APP206463,2,1,0,12,0.11,0.146,0
APP206464,0,0,0,16,0.053,0.054,0
APP206465,0,0,0,48,0.118,0.05,1
APP206466,0,1,0,5,0.006,0.044,0
APP206467,0,1,0,2,0.019,0.104,0
APP206468,0,0,0,8,0.002,0.045,0
APP206469,0,0,0,41,0.02,0.085,0
APP206470,2,0,0,12,0.006,0.055,0
APP206471,1,0,0,21,0.033,0.149,0
APP206472,1,1,0,20,0.013,0.059,0
APP206473,0,1,0,20,0.02,0.065,0
APP206474,0,0,0,27,0.067,0.04,0
APP206475,0,0,0,5,0.007,0.019,0
APP206476,1,0,0,15,0.032,0.002,0
APP206477,1,2,0,24,0.012,0.146,0
APP206478,0,0,0,28,0.224,0.015,0
APP206479,0,1,0,33,0.01,0.018,0
APP206480,0,1,0,18,0.03,0.037,0
APP206481,1,2,0,22,0.064,0.06,0
APP206482,0,1,0,39,0.098,0.025,0
APP206483,0,0,0,13,0.007,0.005,0
APP206484,0,2,0,34,0.08,0.1,0
APP206485,0,0,1,33,0.0,0.044,0
APP206486,1,0,1,45,0.013,0.048,0
APP206487,1,0,0,25,0.052,0.074,0
APP206488,1,0,0,43,0.053,0.104,0
APP206489,0,0,0,11,0.116,0.315,0
APP206490,0,1,0,32,0.12,0.054,0
APP206491,1,0,0,5,0.0,0.065,0
APP206492,0,0,0,11,0.021,0.011,0
APP206493,0,0,0,35,0.002,0.021,0
APP206494,0,0,0,58,0.004,0.038,0
APP206495,1,0,0,69,0.036,0.116,0
APP206496,1,0,0,42,0.029,0.194,0
APP206497,0,0,0,32,0.154,0.201,0
APP206498,2,0,0,14,0.039,0.03,0
APP206499,0,1,0,16,0.009,0.146,0
APP206500,0,0,0,39,0.029,0.022,0
APP206501,2,2,0,20,0.041,0.035,0
APP206502,0,0,0,37,0.081,0.081,0
APP206503,0,0,0,25,0.041,0.291,0
APP206504,1,1,0,4,0.064,0.081,0
APP206505,0,2,0,20,0.088,0.146,0
APP206506,0,0,0,27,0.005,0.199,0
APP206507,0,0,0,26,0.027,0.048,0
APP206508,0,0,0,43,0.002,0.066,0
APP206509,0,0,0,20,0.002,0.062,0
APP206510,1,2,0,4,0.054,0.015,0
APP206511,0,0,0,7,0.067,0.113,0
APP206512,1,0,0,6,0.012,0.218,0
APP206513,0,1,0,23,0.006,0.022,0
APP206514,0,2,0,13,0.018,0.008,0
APP206515,0,0,0,28,0.001,0.085,0
APP206516,1,0,1,35,0.038,0.073,0
APP206517,0,1,0,17,0.084,0.094,0
APP206518,1,0,0,17,0.001,0.11,0
APP206519,0,0,0,18,0.009,0.028,0
APP206520,0,0,0,31,0.174,0.02,0
APP206521,1,0,0,20,0.015,0.228,0
APP206522,1,0,0,7,0.028,0.041,0
APP206523,1,0,0,15,0.005,0.207,0
APP206524,0,0,0,15,0.021,0.058,0
APP206525,0,1,0,30,0.057,0.201,0
APP206526,0,1,0,8,0.0,0.066,0
APP206527,0,0,0,16,0.037,0.039,1
APP206528,0,0,0,19,0.058,0.023,0
APP206529,0,0,0,8,0.111,0.151,0
APP206530,0,1,0,27,0.015,0.036,0
APP206531,0,0,0,23,0.057,0.029,0
APP206532,0,0,0,29,0.083,0.136,0
APP206533,0,0,0,34,0.004,0.22,0
APP206534,1,0,0,20,0.007,0.046,0
APP206535,0,0,1,23,0.007,0.03,0
APP206536,0,0,0,13,0.133,0.049,0
APP206537,0,0,0,28,0.023,0.062,0
APP206538,0,0,0,26,0.094,0.029,0
APP206539,0,0,0,18,0.003,0.148,0
APP206540,0,1,0,55,0.007,0.102,0
APP206541,0,0,0,29,0.054,0.218,0
APP206542,0,0,0,41,0.045,0.106,0
APP206543,0,0,0,19,0.078,0.127,0
APP206544,0,0,0,10,0.022,0.2,0
APP206545,1,0,0,14,0.071,0.119,0
APP206546,0,1,0,35,0.101,0.157,0
APP206547,0,0,0,18,0.165,0.053,0
APP206548,1,0,0,45,0.045,0.075,0
APP206549,0,1,0,8,0.022,0.022,0
APP206550,0,0,0,20,0.239,0.039,0
APP206551,0,2,0,37,0.002,0.009,0
APP206552,0,0,0,56,0.075,0.004,0
APP206553,0,0,0,28,0.0,0.147,0
APP206554,0,0,0,11,0.077,0.036,0
APP206555,1,0,0,26,0.014,0.118,0
APP206556,0,1,1,30,0.026,0.063,0
APP206557,0,1,0,18,0.006,0.042,0
APP206558,0,0,0,47,0.032,0.113,0
APP206559,0,0,0,12,0.006,0.033,0
APP206560,0,0,0,37,0.005,0.057,0
APP206561,0,0,0,14,0.003,0.122,0
APP206562,0,0,0,25,0.175,0.263,0
APP206563,1,0,0,37,0.018,0.108,0
APP206564,0,1,0,36,0.0,0.061,0
APP206565,0,0,0,13,0.005,0.019,0
APP206566,1,0,0,20,0.002,0.051,0
APP206567,0,4,0,18,0.011,0.05,0
APP206568,0,1,0,51,0.065,0.15,0
APP206569,0,0,0,3,0.011,0.125,0
APP206570,0,2,0,11,0.001,0.038,0
APP206571,0,0,0,7,0.044,0.05,0
APP206572,0,0,0,30,0.061,0.078,0
APP206573,1,0,0,3,0.005,0.048,0
APP206574,1,2,0,10,0.013,0.003,0
APP206575,2,0,0,18,0.085,0.029,0
APP206576,0,0,0,32,0.048,0.043,0
APP206577,1,0,0,22,0.008,0.013,0
APP206578,0,0,0,15,0.009,0.062,0
APP206579,0,0,0,34,0.009,0.035,0
APP206580,1,0,0,13,0.008,0.124,0
APP206581,0,0,0,25,0.011,0.123,0
APP206582,0,0,0,16,0.144,0.145,0
APP206583,0,1,0,53,0.002,0.046,0
APP206584,0,0,0,20,0.004,0.184,0
APP206585,0,2,0,41,0.003,0.083,0
APP206586,1,0,0,2,0.038,0.007,0
APP206587,0,1,0,26,0.044,0.004,0
APP206588,0,3,0,45,0.036,0.055,0
APP206589,0,0,0,37,0.042,0.024,0
APP206590,0,0,0,23,0.023,0.089,0
APP206591,0,0,0,11,0.063,0.214,0
APP206592,0,0,0,17,0.056,0.136,0
APP206593,0,0,1,35,0.075,0.016,0
APP206594,0,0,0,41,0.009,0.056,0
APP206595,0,0,0,8,0.007,0.051,0
APP206596,1,1,0,14,0.034,0.091,0
APP206597,0,0,0,24,0.004,0.102,0
APP206598,0,0,0,8,0.013,0.078,0
APP206599,1,0,0,19,0.094,0.001,0
APP206600,0,0,0,19,0.133,0.05,0
APP206601,0,0,0,37,0.009,0.105,0
APP206602,0,0,0,39,0.014,0.127,0
APP206603,1,0,0,15,0.047,0.141,0
APP206604,0,0,0,19,0.016,0.173,0
APP206605,0,0,0,9,0.002,0.238,0
APP206606,0,0,0,42,0.056,0.148,0
APP206607,0,2,0,19,0.039,0.048,0
APP206608,1,1,0,14,0.017,0.074,0
APP206609,0,0,0,10,0.036,0.229,0
APP206610,0,2,0,8,0.171,0.094,0
APP206611,0,0,0,28,0.042,0.06,0
APP206612,0,1,0,21,0.107,0.018,0
APP206613,1,0,0,11,0.018,0.22,0
APP206614,0,0,1,13,0.021,0.031,0
APP206615,1,1,0,18,0.001,0.177,0
APP206616,0,0,0,29,0.019,0.049,0
APP206617,0,0,0,40,0.134,0.214,0
APP206618,1,0,0,31,0.017,0.155,0
APP206619,0,0,0,12,0.003,0.239,0
APP206620,0,0,0,22,0.013,0.076,0
APP206621,0,1,0,17,0.025,0.041,0
APP206622,1,1,0,26,0.128,0.17,0
APP206623,0,0,0,36,0.007,0.029,0
APP206624,0,0,0,14,0.0,0.149,0
APP206625,1,0,0,20,0.028,0.239,0
APP206626,0,0,0,18,0.024,0.028,0
APP206627,0,1,0,43,0.004,0.189,0
APP206628,1,0,0,56,0.024,0.077,0
APP206629,0,0,0,50,0.08,0.108,0
APP206630,0,0,1,26,0.08,0.026,0
APP206631,0,0,0,27,0.025,0.022,0
APP206632,1,0,0,11,0.111,0.078,0
APP206633,0,1,0,26,0.029,0.12,0
APP206634,1,0,0,13,0.145,0.08,0
APP206635,0,0,0,19,0.031,0.063,0
APP206636,0,1,0,11,0.0,0.068,0
APP206637,0,1,0,19,0.022,0.09,0
APP206638,0,0,0,18,0.128,0.023,0
APP206639,0,0,0,29,0.061,0.001,0
APP206640,0,1,0,5,0.07,0.109,0
APP206641,1,1,0,16,0.098,0.05,0
APP206642,0,0,0,22,0.167,0.014,0
APP206643,0,1,0,19,0.071,0.02,0
APP206644,1,1,0,21,0.084,0.006,0
APP206645,0,0,0,8,0.054,0.202,0
APP206646,0,0,0,33,0.043,0.142,0
APP206647,1,1,0,18,0.015,0.056,0
APP206648,1,1,0,37,0.091,0.051,0
APP206649,1,1,0,18,0.004,0.138,0
APP206650,0,0,0,15,0.006,0.272,0
APP206651,0,0,0,14,0.098,0.038,0
APP206652,0,0,0,23,0.067,0.074,0
APP206653,0,0,0,19,0.025,0.167,0
APP206654,1,0,0,28,0.013,0.141,0
APP206655,0,0,0,15,0.007,0.104,0
APP206656,0,0,0,23,0.056,0.1,0
APP206657,0,0,0,41,0.067,0.128,0
APP206658,0,0,0,40,0.012,0.007,0
APP206659,0,1,0,20,0.009,0.08,0
APP206660,0,1,0,7,0.001,0.062,0
APP206661,0,1,0,6,0.008,0.051,0
APP206662,0,1,0,19,0.033,0.013,0
APP206663,1,0,0,29,0.104,0.158,0
APP206664,0,0,0,29,0.015,0.021,0
APP206665,0,0,0,30,0.038,0.031,0
APP206666,0,0,0,12,0.14,0.063,0
APP206667,0,0,0,31,0.002,0.013,0
APP206668,0,0,1,19,0.008,0.027,0
APP206669,1,0,0,25,0.001,0.128,0
APP206670,0,0,0,39,0.014,0.016,0
APP206671,2,0,0,36,0.026,0.049,0
APP206672,2,1,0,17,0.03,0.142,0
APP206673,1,0,0,20,0.024,0.07,0
APP206674,2,0,0,8,0.045,0.153,0
APP206675,0,1,0,46,0.008,0.007,0
APP206676,0,0,0,24,0.003,0.126,0
APP206677,0,0,0,37,0.106,0.219,0
APP206678,0,0,0,16,0.0,0.308,0
APP206679,0,0,0,36,0.034,0.014,0
APP206680,0,0,0,24,0.029,0.188,0
APP206681,2,1,0,46,0.01,0.071,0
APP206682,0,1,0,35,0.017,0.136,0
APP206683,0,0,0,11,0.01,0.008,0
APP206684,1,1,0,43,0.014,0.015,0
APP206685,0,0,0,62,0.052,0.203,0
APP206686,0,1,0,21,0.167,0.017,0
APP206687,0,0,0,7,0.022,0.203,0
APP206688,0,0,0,37,0.064,0.011,0
APP206689,0,1,0,31,0.027,0.152,0
APP206690,0,1,0,45,0.004,0.007,0
APP206691,0,2,0,17,0.001,0.174,0
APP206692,0,0,0,37,0.016,0.1,0
APP206693,0,0,0,37,0.064,0.022,0
APP206694,1,2,0,24,0.037,0.081,0
APP206695,0,0,0,22,0.023,0.017,0
APP206696,1,0,0,12,0.025,0.102,0
APP206697,0,0,0,9,0.088,0.212,0
APP206698,0,0,0,27,0.052,0.108,0
APP206699,0,0,0,29,0.002,0.151,0
APP206700,1,0,0,13,0.014,0.101,0
APP206701,1,0,0,15,0.021,0.048,0
APP206702,1,1,0,18,0.073,0.043,0
APP206703,0,0,0,12,0.004,0.102,0
APP206704,1,0,0,24,0.057,0.055,0
APP206705,0,3,0,32,0.091,0.07,0
APP206706,0,1,0,22,0.039,0.008,0
APP206707,0,0,0,23,0.003,0.048,0
APP206708,1,1,0,25,0.002,0.018,0
APP206709,0,0,0,15,0.03,0.047,0
APP206710,0,0,0,45,0.252,0.14,0
APP206711,0,0,1,24,0.002,0.119,0
APP206712,0,0,0,12,0.016,0.032,0
APP206713,0,1,0,32,0.047,0.015,0
APP206714,0,1,0,26,0.072,0.08,0
APP206715,0,0,0,10,0.114,0.071,0
APP206716,0,0,0,15,0.035,0.061,0
APP206717,0,0,0,14,0.02,0.009,0
APP206718,0,0,0,18,0.176,0.112,0
APP206719,1,2,0,17,0.016,0.007,0
APP206720,0,0,0,12,0.064,0.041,0
APP206721,0,0,0,20,0.009,0.015,0
APP206722,1,0,0,11,0.038,0.034,0
APP206723,0,1,0,28,0.033,0.033,0
APP206724,1,0,0,46,0.079,0.014,0
APP206725,1,0,0,25,0.036,0.255,1
APP206726,1,0,0,23,0.02,0.066,0
APP206727,1,2,0,25,0.038,0.014,0
APP206728,0,1,0,41,0.013,0.084,0
APP206729,0,0,0,24,0.256,0.0,0
APP206730,0,0,0,10,0.007,0.105,0
APP206731,0,1,0,31,0.103,0.039,0
APP206732,0,1,0,22,0.0,0.07,0
APP206733,0,0,0,10,0.013,0.158,0
APP206734,0,0,0,48,0.008,0.078,0
APP206735,0,0,0,54,0.027,0.131,0
APP206736,0,0,0,18,0.049,0.041,0
APP206737,2,0,0,23,0.101,0.046,0
APP206738,0,1,0,25,0.017,0.208,0
APP206739,1,1,0,11,0.055,0.028,0
APP206740,0,1,0,26,0.0,0.083,0
APP206741,0,1,0,28,0.008,0.079,0
APP206742,0,1,0,20,0.002,0.143,0
APP206743,0,0,0,70,0.08,0.045,0
APP206744,0,2,0,23,0.008,0.073,0
APP206745,0,0,0,29,0.054,0.18,0
APP206746,1,0,0,9,0.018,0.205,0
APP206747,0,0,0,38,0.015,0.03,0
APP206748,0,0,0,9,0.0,0.06,0
APP206749,0,0,0,13,0.144,0.078,0
APP206750,0,2,0,71,0.035,0.45,0
APP206751,0,0,0,46,0.027,0.032,0
APP206752,0,0,0,4,0.008,0.03,0
APP206753,1,0,0,25,0.029,0.062,0
APP206754,1,0,0,20,0.015,0.122,0
APP206755,0,0,0,32,0.172,0.105,0
APP206756,0,3,0,22,0.088,0.105,1
APP206757,0,1,0,56,0.066,0.142,0
APP206758,0,0,0,6,0.076,0.02,0
APP206759,1,2,0,49,0.05,0.028,0
APP206760,0,0,0,10,0.001,0.049,0
APP206761,1,0,0,24,0.034,0.079,0
APP206762,0,0,0,24,0.035,0.083,0
APP206763,0,0,0,12,0.039,0.072,0
APP206764,0,3,0,16,0.083,0.107,0
APP206765,0,1,0,11,0.021,0.002,0
APP206766,0,1,0,20,0.078,0.075,0
APP206767,0,1,0,27,0.003,0.167,0
APP206768,0,0,0,14,0.066,0.089,0
APP206769,0,0,0,16,0.15,0.108,0
APP206770,0,0,0,10,0.001,0.024,0
APP206771,0,2,0,27,0.021,0.012,0
APP206772,0,2,0,43,0.051,0.197,0
APP206773,0,0,0,17,0.083,0.143,0
APP206774,0,1,0,20,0.047,0.179,0
APP206775,3,0,0,22,0.058,0.264,0
APP206776,0,0,0,36,0.056,0.045,0
APP206777,0,0,1,20,0.025,0.239,0
APP206778,0,0,0,21,0.067,0.015,0
APP206779,1,0,0,23,0.094,0.06,0
APP206780,0,0,0,6,0.022,0.039,0
APP206781,1,0,0,22,0.007,0.208,1
APP206782,1,2,0,11,0.061,0.036,0
APP206783,1,0,0,30,0.043,0.007,0
APP206784,1,0,0,9,0.042,0.008,0
APP206785,0,0,1,12,0.001,0.063,0
APP206786,0,2,0,11,0.045,0.055,0
APP206787,2,1,0,49,0.056,0.171,0
APP206788,1,0,0,36,0.045,0.162,0
APP206789,0,1,0,30,0.011,0.142,0
APP206790,0,0,0,25,0.003,0.045,0
APP206791,0,0,0,8,0.008,0.064,0
APP206792,0,0,0,24,0.076,0.035,0
APP206793,0,0,0,22,0.025,0.175,0
APP206794,2,1,0,14,0.051,0.027,0
APP206795,0,0,0,18,0.091,0.034,0
APP206796,0,1,0,38,0.041,0.05,0
APP206797,0,0,0,20,0.109,0.017,0
APP206798,0,0,0,19,0.186,0.075,0
APP206799,0,0,0,48,0.003,0.028,0
APP206800,0,1,1,17,0.037,0.088,0
APP206801,1,0,0,13,0.045,0.087,0
APP206802,1,0,1,21,0.046,0.12,0
APP206803,0,0,0,31,0.038,0.125,0
APP206804,1,0,0,17,0.006,0.011,0
APP206805,0,1,0,23,0.012,0.046,0
APP206806,1,2,0,45,0.019,0.059,1
APP206807,0,0,0,29,0.037,0.124,0
APP206808,1,1,0,34,0.016,0.081,0
APP206809,1,0,1,31,0.004,0.151,0
APP206810,0,0,0,21,0.125,0.189,0
APP206811,0,0,0,11,0.056,0.073,0
APP206812,0,0,0,31,0.041,0.114,0
APP206813,0,1,0,5,0.001,0.09,0
APP206814,0,0,0,72,0.013,0.088,0
APP206815,1,0,0,17,0.065,0.043,0
APP206816,0,0,0,28,0.072,0.042,0
APP206817,0,2,0,36,0.018,0.02,0
APP206818,0,0,0,11,0.017,0.008,0
APP206819,0,0,0,40,0.01,0.081,0
APP206820,0,0,0,28,0.033,0.009,0
APP206821,1,2,0,6,0.024,0.045,0
APP206822,1,0,0,21,0.002,0.164,1
APP206823,1,0,0,22,0.034,0.003,0
APP206824,0,0,0,21,0.027,0.25,0
APP206825,0,2,0,14,0.016,0.06,0
APP206826,0,0,0,28,0.049,0.161,0
APP206827,4,2,0,14,0.036,0.002,0
APP206828,1,0,0,12,0.011,0.167,0
APP206829,0,1,0,17,0.001,0.033,0
APP206830,0,0,0,7,0.01,0.037,0
APP206831,1,1,0,29,0.079,0.125,0
APP206832,0,0,0,17,0.093,0.03,0
APP206833,0,0,0,28,0.076,0.054,0
APP206834,1,0,0,3,0.018,0.161,0
APP206835,0,0,0,18,0.017,0.132,0
APP206836,1,1,0,22,0.018,0.071,0
APP206837,0,1,0,34,0.006,0.132,0
APP206838,0,0,0,23,0.044,0.082,0
APP206839,0,0,0,33,0.029,0.117,0
APP206840,0,0,0,30,0.046,0.124,0
APP206841,1,1,0,14,0.014,0.071,0
APP206842,0,1,0,26,0.062,0.194,0
APP206843,1,0,0,16,0.07,0.009,0
APP206844,0,1,0,13,0.097,0.056,0
APP206845,0,0,0,11,0.025,0.158,0
APP206846,0,0,0,12,0.066,0.007,0
APP206847,0,0,0,21,0.12,0.11,0
APP206848,0,0,0,15,0.049,0.043,0
APP206849,0,0,0,22,0.126,0.03,0
APP206850,1,1,0,14,0.053,0.222,0
APP206851,0,0,0,8,0.051,0.239,0
APP206852,0,1,0,32,0.012,0.043,0
APP206853,1,0,0,30,0.053,0.027,0
APP206854,0,0,0,21,0.049,0.281,0
APP206855,0,1,0,15,0.005,0.117,0
APP206856,0,1,0,19,0.005,0.023,0
APP206857,0,0,0,11,0.003,0.252,0
APP206858,0,1,0,47,0.029,0.126,0
APP206859,0,0,0,62,0.008,0.174,0
APP206860,1,0,0,63,0.007,0.208,0
APP206861,0,0,0,8,0.083,0.087,0
APP206862,1,0,0,23,0.004,0.038,0
APP206863,0,0,0,16,0.032,0.097,0
APP206864,0,1,0,44,0.033,0.069,0
APP206865,0,0,0,38,0.001,0.103,0
APP206866,1,0,0,20,0.007,0.073,0
APP206867,0,0,0,19,0.059,0.053,0
APP206868,0,0,0,4,0.0,0.087,0
APP206869,0,2,0,19,0.051,0.076,0
APP206870,1,0,0,7,0.06,0.06,0
APP206871,1,0,0,55,0.04,0.034,0
APP206872,0,0,1,32,0.039,0.122,0
APP206873,0,1,0,19,0.004,0.053,0
APP206874,0,0,0,10,0.054,0.056,0
APP206875,0,0,0,52,0.021,0.108,0
APP206876,0,0,0,44,0.032,0.113,0
APP206877,0,1,0,16,0.045,0.078,0
APP206878,0,1,0,12,0.002,0.025,0
APP206879,0,0,0,29,0.018,0.081,0
APP206880,0,2,0,24,0.049,0.122,0
APP206881,0,0,0,16,0.001,0.088,0
APP206882,0,0,0,26,0.035,0.066,0
APP206883,0,0,0,15,0.089,0.135,0
APP206884,0,1,0,21,0.102,0.091,0
APP206885,1,0,0,19,0.1,0.044,0
APP206886,0,0,0,22,0.056,0.037,0
APP206887,0,0,0,48,0.026,0.174,0
APP206888,0,1,0,12,0.077,0.028,0
APP206889,0,1,0,17,0.157,0.167,0
APP206890,0,0,0,12,0.025,0.089,0
APP206891,0,0,0,24,0.041,0.021,0
APP206892,0,0,0,24,0.018,0.016,0
APP206893,1,1,0,7,0.157,0.05,0
APP206894,0,0,0,38,0.086,0.009,0
APP206895,0,0,0,25,0.081,0.076,0
APP206896,0,0,0,12,0.012,0.057,0
APP206897,0,0,0,8,0.012,0.228,0
APP206898,0,0,0,29,0.078,0.128,0
APP206899,0,0,0,35,0.008,0.086,0
APP206900,1,0,0,23,0.02,0.093,0
APP206901,0,0,0,36,0.174,0.014,0
APP206902,0,0,0,44,0.044,0.097,0
APP206903,1,0,0,14,0.068,0.144,0
APP206904,0,1,0,10,0.036,0.241,0
APP206905,0,4,0,8,0.002,0.139,0
APP206906,0,1,0,15,0.007,0.112,0
APP206907,1,1,0,15,0.016,0.056,0
APP206908,1,1,0,14,0.005,0.107,0
APP206909,0,0,0,17,0.076,0.128,0
APP206910,0,0,0,17,0.039,0.093,0
APP206911,0,0,0,35,0.005,0.094,0
APP206912,1,1,0,7,0.086,0.021,1
APP206913,0,0,0,10,0.038,0.076,0
APP206914,0,0,0,13,0.032,0.026,0
APP206915,0,1,0,11,0.016,0.1,0
APP206916,1,0,0,33,0.045,0.031,0
APP206917,0,2,0,18,0.126,0.18,0
APP206918,1,1,0,42,0.044,0.014,0
APP206919,0,0,0,10,0.053,0.01,0
APP206920,1,0,0,18,0.054,0.015,0
APP206921,1,0,0,18,0.116,0.002,1
APP206922,0,2,0,20,0.036,0.031,0
APP206923,1,0,0,37,0.016,0.038,0
APP206924,0,0,0,10,0.061,0.037,0
APP206925,2,1,0,29,0.01,0.002,0
APP206926,0,0,0,39,0.01,0.199,0
APP206927,0,0,0,27,0.005,0.048,0
APP206928,0,1,0,16,0.082,0.127,0
APP206929,0,1,0,10,0.132,0.22,0
APP206930,0,2,0,13,0.09,0.19,0
APP206931,0,1,0,30,0.037,0.088,0
APP206932,0,0,0,31,0.03,0.049,0
APP206933,0,0,0,14,0.01,0.079,0
APP206934,2,0,0,35,0.038,0.038,0
APP206935,0,0,0,9,0.087,0.049,0
APP206936,1,0,0,17,0.142,0.126,0
APP206937,1,0,0,27,0.0,0.162,0
APP206938,0,0,0,16,0.02,0.094,0
APP206939,0,0,0,18,0.092,0.116,0
APP206940,0,1,0,23,0.012,0.07,0
APP206941,0,1,0,36,0.07,0.029,0
APP206942,0,2,0,27,0.02,0.155,0
APP206943,1,0,0,43,0.028,0.177,0
APP206944,0,0,0,16,0.018,0.093,0
APP206945,1,1,0,14,0.021,0.14,1
APP206946,1,1,0,25,0.058,0.054,0
APP206947,0,0,0,10,0.076,0.14,0
APP206948,1,0,0,16,0.009,0.059,0
APP206949,0,0,1,37,0.026,0.066,0
APP206950,0,2,0,25,0.02,0.021,0
APP206951,0,0,0,15,0.021,0.051,0
APP206952,0,0,1,9,0.002,0.089,0
APP206953,2,1,0,15,0.024,0.043,0
APP206954,1,0,0,46,0.01,0.16,0
APP206955,0,1,0,12,0.017,0.173,0
APP206956,0,0,0,51,0.001,0.182,0
APP206957,0,1,0,27,0.001,0.039,0
APP206958,1,0,0,17,0.008,0.038,0
APP206959,0,1,0,3,0.01,0.07,0
APP206960,0,0,0,23,0.013,0.063,0
APP206961,1,1,0,33,0.147,0.218,0
APP206962,0,0,0,12,0.006,0.059,0
APP206963,0,1,0,24,0.01,0.142,0
APP206964,0,0,0,9,0.096,0.182,0
APP206965,0,0,0,9,0.058,0.041,0
APP206966,0,0,0,13,0.023,0.134,0
APP206967,0,1,0,23,0.008,0.177,0
APP206968,0,0,0,14,0.089,0.047,0
APP206969,0,0,0,13,0.023,0.015,0
APP206970,0,0,0,27,0.092,0.048,0
APP206971,0,1,0,41,0.068,0.064,0
APP206972,0,0,0,21,0.243,0.013,0
APP206973,0,0,0,26,0.036,0.079,0
APP206974,1,0,0,16,0.036,0.108,0
APP206975,0,0,0,59,0.122,0.028,0
APP206976,0,0,0,22,0.173,0.046,0
APP206977,1,1,0,18,0.121,0.021,0
APP206978,0,0,0,34,0.036,0.014,0
APP206979,0,1,1,25,0.017,0.299,0
APP206980,0,0,0,18,0.148,0.033,0
APP206981,0,0,0,30,0.006,0.176,0
APP206982,1,0,0,21,0.012,0.034,0
APP206983,0,1,0,50,0.007,0.009,0
APP206984,2,0,0,17,0.023,0.142,0
APP206985,1,0,0,21,0.058,0.354,0
APP206986,2,0,0,57,0.091,0.036,0
APP206987,0,0,0,22,0.098,0.047,0
APP206988,1,1,0,28,0.04,0.042,0
APP206989,1,1,0,25,0.003,0.193,0
APP206990,0,0,0,28,0.006,0.077,0
APP206991,0,0,0,12,0.001,0.254,0
APP206992,1,0,0,45,0.001,0.084,0
APP206993,0,0,0,10,0.001,0.291,0
APP206994,0,0,0,35,0.016,0.189,0
APP206995,0,2,0,12,0.012,0.031,0
APP206996,0,0,0,18,0.029,0.054,0
APP206997,0,0,0,25,0.002,0.023,0
APP206998,0,2,0,40,0.045,0.107,0
APP206999,2,0,0,14,0.043,0.041,0
APP207000,0,0,0,15,0.018,0.066,0
APP207001,0,0,0,30,0.0,0.056,0
APP207002,1,0,0,14,0.104,0.216,0
APP207003,0,1,0,17,0.003,0.025,0
APP207004,0,0,0,31,0.04,0.065,0
APP207005,0,0,0,12,0.012,0.114,0
APP207006,1,1,0,40,0.022,0.082,0
APP207007,0,0,0,13,0.009,0.231,0
APP207008,0,0,0,6,0.054,0.024,0
APP207009,0,1,0,6,0.137,0.061,0
APP207010,0,1,0,24,0.021,0.054,0
APP207011,0,1,0,47,0.005,0.014,0
APP207012,1,0,0,52,0.018,0.015,0
APP207013,0,0,0,51,0.044,0.116,0
APP207014,0,0,0,14,0.0,0.063,0
APP207015,0,0,0,12,0.007,0.001,0
APP207016,1,0,0,37,0.114,0.102,0
APP207017,1,0,0,18,0.207,0.014,0
APP207018,0,1,0,20,0.014,0.085,0
APP207019,0,0,0,24,0.103,0.131,0
APP207020,0,0,0,62,0.0,0.164,0
APP207021,0,1,0,45,0.003,0.007,0
APP207022,0,0,0,18,0.036,0.044,0
APP207023,0,0,0,22,0.019,0.182,0
APP207024,0,0,0,24,0.079,0.112,0
APP207025,0,0,0,7,0.021,0.008,0
APP207026,1,1,0,23,0.021,0.192,0
APP207027,1,2,0,10,0.015,0.156,0
APP207028,0,0,0,16,0.079,0.055,0
APP207029,0,0,0,31,0.043,0.094,1
APP207030,0,0,0,4,0.022,0.004,0
APP207031,0,0,0,20,0.021,0.059,0
APP207032,0,1,0,7,0.01,0.018,0
APP207033,0,1,0,20,0.024,0.131,0
APP207034,0,1,0,37,0.144,0.355,0
APP207035,2,0,0,11,0.037,0.024,0
APP207036,0,1,0,31,0.041,0.131,0
APP207037,1,0,0,3,0.028,0.17,0
APP207038,1,1,0,12,0.04,0.173,0
APP207039,0,1,0,23,0.024,0.03,0
APP207040,0,0,0,36,0.016,0.013,0
APP207041,0,0,0,12,0.009,0.089,0
APP207042,0,0,0,33,0.037,0.071,0
APP207043,0,0,0,9,0.012,0.174,0
APP207044,0,0,0,35,0.037,0.105,0
APP207045,0,0,0,30,0.127,0.184,0
APP207046,0,0,0,26,0.044,0.204,0
APP207047,1,0,0,11,0.057,0.004,0
APP207048,0,0,0,24,0.03,0.029,0
APP207049,1,0,0,11,0.04,0.071,0
APP207050,1,2,0,24,0.027,0.058,0
APP207051,1,1,0,24,0.173,0.035,0
APP207052,1,0,0,29,0.001,0.06,0
APP207053,0,0,0,32,0.006,0.008,0
APP207054,0,0,0,12,0.008,0.075,0
APP207055,0,0,0,9,0.0,0.084,0
APP207056,0,0,0,32,0.006,0.175,0
APP207057,0,1,0,23,0.011,0.023,0
APP207058,0,0,0,27,0.013,0.031,0
APP207059,0,1,0,18,0.053,0.039,0
APP207060,0,0,0,42,0.004,0.075,0
APP207061,0,0,0,27,0.054,0.089,0
APP207062,1,1,0,13,0.065,0.03,0
APP207063,0,0,0,21,0.014,0.028,0
APP207064,1,1,0,8,0.015,0.006,0
APP207065,0,1,0,23,0.076,0.046,0
APP207066,1,0,0,32,0.005,0.001,0
APP207067,1,1,0,24,0.004,0.041,0
APP207068,0,0,0,27,0.018,0.077,0
APP207069,1,1,0,5,0.041,0.266,0
APP207070,0,0,0,8,0.046,0.22,0
APP207071,0,0,0,24,0.034,0.061,0
APP207072,0,1,0,9,0.021,0.108,0
APP207073,0,0,0,23,0.006,0.215,0
APP207074,0,0,0,32,0.026,0.095,0
APP207075,0,0,0,20,0.014,0.064,0
APP207076,1,0,0,51,0.023,0.032,0
APP207077,0,0,0,25,0.006,0.005,0
APP207078,0,1,0,20,0.104,0.198,0
APP207079,1,2,0,29,0.044,0.145,0
APP207080,0,0,0,25,0.038,0.189,0
APP207081,1,0,0,17,0.039,0.079,0
APP207082,0,0,0,12,0.038,0.011,0
APP207083,0,0,0,47,0.109,0.092,0
APP207084,0,1,0,23,0.006,0.021,0
APP207085,0,2,0,17,0.036,0.203,0
APP207086,0,0,0,23,0.127,0.033,0
APP207087,1,0,0,8,0.04,0.062,0
APP207088,1,0,0,28,0.045,0.131,0
APP207089,0,1,0,18,0.006,0.144,0
APP207090,1,0,0,70,0.021,0.117,0
APP207091,0,1,0,32,0.144,0.142,0
APP207092,0,0,0,35,0.005,0.066,0
APP207093,0,1,0,12,0.013,0.18,1
APP207094,0,1,0,50,0.025,0.036,0
APP207095,1,2,1,51,0.027,0.005,0
APP207096,0,0,0,50,0.011,0.034,0
APP207097,0,1,0,8,0.056,0.199,0
APP207098,0,0,0,51,0.004,0.211,0
APP207099,0,0,0,22,0.032,0.005,0
APP207100,0,0,0,18,0.021,0.009,0
APP207101,0,1,0,27,0.022,0.028,0
APP207102,0,1,0,22,0.019,0.146,0
APP207103,1,0,0,14,0.009,0.114,0
APP207104,0,0,0,20,0.005,0.11,0
APP207105,0,0,0,23,0.026,0.004,0
APP207106,1,0,0,36,0.004,0.186,0
APP207107,0,0,0,14,0.031,0.03,0
APP207108,0,0,1,44,0.107,0.009,0
APP207109,0,0,0,15,0.003,0.04,0
APP207110,1,0,0,20,0.008,0.157,0
APP207111,0,0,0,29,0.005,0.105,0
APP207112,0,3,0,11,0.01,0.015,0
APP207113,1,1,0,35,0.032,0.079,0
APP207114,0,2,0,14,0.004,0.247,0
APP207115,0,1,0,32,0.115,0.036,0
APP207116,0,0,0,13,0.0,0.018,0
APP207117,0,0,0,7,0.029,0.039,0
APP207118,2,1,0,23,0.225,0.014,0
APP207119,0,0,0,20,0.053,0.045,0
APP207120,0,0,0,7,0.053,0.13,0
APP207121,1,1,0,3,0.009,0.026,0
APP207122,1,0,0,27,0.012,0.018,0
APP207123,0,0,0,25,0.102,0.064,0
APP207124,0,0,0,30,0.024,0.127,0
APP207125,0,0,0,48,0.004,0.125,0
APP207126,0,0,0,8,0.028,0.148,0
APP207127,0,0,0,8,0.039,0.005,0
APP207128,2,0,0,10,0.033,0.076,0
APP207129,0,0,0,11,0.032,0.179,0
APP207130,0,0,0,29,0.006,0.056,0
APP207131,1,0,0,49,0.002,0.09,0
APP207132,0,0,0,12,0.021,0.061,0
APP207133,0,1,0,35,0.067,0.025,0
APP207134,0,1,0,25,0.053,0.023,0
APP207135,2,0,0,14,0.003,0.093,0
APP207136,0,0,0,25,0.007,0.099,0
APP207137,1,1,1,30,0.037,0.07,0
APP207138,0,1,0,31,0.06,0.121,0
APP207139,0,0,0,20,0.052,0.064,0
APP207140,1,0,0,24,0.07,0.016,0
APP207141,0,0,0,48,0.121,0.001,0
APP207142,0,2,0,18,0.009,0.019,0
APP207143,0,1,0,53,0.112,0.197,0
APP207144,0,0,0,33,0.043,0.131,0
APP207145,2,0,0,31,0.064,0.028,0
APP207146,0,1,0,70,0.146,0.225,0
APP207147,0,1,0,19,0.001,0.04,0
APP207148,0,0,0,36,0.0,0.026,0
APP207149,0,0,0,46,0.125,0.008,0
APP207150,0,0,0,35,0.043,0.144,0
APP207151,0,0,0,8,0.065,0.026,0
APP207152,0,0,0,57,0.166,0.018,0
APP207153,0,2,0,34,0.036,0.037,0
APP207154,1,1,0,32,0.059,0.208,0
APP207155,0,0,0,29,0.003,0.452,0
APP207156,0,0,0,8,0.082,0.008,0
APP207157,0,0,0,42,0.066,0.138,0
APP207158,2,0,0,12,0.031,0.141,0
APP207159,0,1,0,30,0.01,0.015,0
APP207160,1,0,0,35,0.025,0.002,0
APP207161,0,0,0,26,0.011,0.199,0
APP207162,0,0,0,11,0.127,0.024,0
APP207163,0,0,0,34,0.016,0.21,0
APP207164,1,0,0,22,0.006,0.048,0
APP207165,2,3,0,24,0.038,0.081,0
APP207166,1,0,0,9,0.014,0.138,0
APP207167,0,1,0,36,0.016,0.073,0
APP207168,0,0,0,83,0.009,0.205,0
APP207169,0,0,0,40,0.125,0.062,0
APP207170,0,0,0,29,0.04,0.119,0
APP207171,0,0,0,29,0.013,0.067,0
APP207172,1,0,0,4,0.003,0.172,0
APP207173,1,0,0,41,0.066,0.047,0
APP207174,0,1,0,9,0.107,0.265,0
APP207175,0,1,0,38,0.027,0.002,0
APP207176,0,2,0,25,0.03,0.069,0
APP207177,0,0,0,66,0.005,0.209,0
APP207178,0,0,0,7,0.025,0.109,0
APP207179,0,1,0,8,0.047,0.076,0
APP207180,3,0,0,3,0.026,0.061,0
APP207181,0,1,0,29,0.025,0.229,0
APP207182,1,1,0,30,0.105,0.127,0
APP207183,0,0,1,15,0.069,0.014,0
APP207184,0,0,0,18,0.01,0.029,0
APP207185,0,1,0,47,0.02,0.114,0
APP207186,0,0,0,16,0.06,0.003,0
APP207187,1,1,0,17,0.099,0.066,0
APP207188,1,0,0,16,0.008,0.184,0
APP207189,0,1,0,35,0.017,0.002,0
APP207190,0,0,0,12,0.007,0.125,0
APP207191,0,0,0,19,0.251,0.022,0
APP207192,0,0,0,4,0.025,0.024,0
APP207193,0,1,0,15,0.046,0.296,0
APP207194,1,0,0,13,0.003,0.166,0
APP207195,0,1,0,11,0.008,0.105,0
APP207196,0,0,0,12,0.079,0.114,0
APP207197,0,1,0,46,0.011,0.044,0
APP207198,0,1,0,24,0.005,0.158,0
APP207199,0,2,0,30,0.077,0.139,0
APP207200,1,0,0,15,0.078,0.135,0
APP207201,1,1,0,48,0.192,0.234,0
APP207202,0,1,0,16,0.01,0.011,0
APP207203,1,0,0,41,0.035,0.075,0
APP207204,0,0,0,22,0.03,0.179,0
APP207205,0,1,0,38,0.001,0.1,0
APP207206,0,0,0,33,0.072,0.029,0
APP207207,1,1,0,46,0.008,0.08,0
APP207208,1,0,0,23,0.065,0.032,0
APP207209,1,0,0,47,0.07,0.025,0
APP207210,0,0,0,7,0.033,0.04,0
APP207211,0,0,0,7,0.145,0.058,0
APP207212,0,1,0,32,0.044,0.165,0
APP207213,0,0,0,20,0.02,0.005,0
APP207214,0,1,0,57,0.004,0.036,0
APP207215,1,0,0,23,0.001,0.135,0
APP207216,0,0,0,32,0.039,0.101,0
APP207217,1,0,1,27,0.031,0.098,1
APP207218,0,0,0,33,0.018,0.025,0
APP207219,0,0,0,14,0.08,0.135,0
APP207220,0,2,0,26,0.028,0.107,0
APP207221,0,0,0,26,0.014,0.014,0
APP207222,0,1,0,33,0.03,0.247,0
APP207223,1,0,0,15,0.048,0.013,0
APP207224,1,0,0,12,0.004,0.203,0
APP207225,0,0,0,14,0.001,0.023,0
APP207226,1,0,0,18,0.071,0.287,0
APP207227,0,0,0,16,0.008,0.092,0
APP207228,0,0,0,21,0.032,0.022,0
APP207229,1,0,0,2,0.024,0.019,0
APP207230,0,2,0,52,0.031,0.056,0
APP207231,0,2,0,41,0.099,0.026,0
APP207232,0,1,0,20,0.014,0.029,0
APP207233,2,0,0,19,0.021,0.208,0
APP207234,0,0,0,12,0.004,0.037,0
APP207235,1,1,0,16,0.015,0.151,0
APP207236,0,0,0,20,0.0,0.058,0
APP207237,0,2,0,7,0.066,0.082,0
APP207238,0,1,0,27,0.005,0.007,0
APP207239,0,2,0,14,0.042,0.073,0
APP207240,1,1,0,30,0.031,0.105,0
APP207241,0,0,0,37,0.141,0.084,0
APP207242,0,1,0,30,0.026,0.082,0
APP207243,1,0,0,77,0.035,0.017,0
APP207244,0,0,0,21,0.06,0.1,0
APP207245,0,0,0,47,0.079,0.004,0
APP207246,0,0,0,12,0.014,0.041,0
APP207247,1,1,0,25,0.044,0.158,0
APP207248,0,0,0,33,0.015,0.176,0
APP207249,0,1,0,12,0.08,0.007,0
APP207250,0,1,0,52,0.014,0.092,0
APP207251,1,0,0,18,0.027,0.158,0
APP207252,1,0,0,30,0.176,0.076,0
APP207253,1,0,0,15,0.05,0.005,0
APP207254,2,0,0,13,0.0,0.171,0
APP207255,0,2,0,11,0.127,0.01,0
APP207256,0,0,0,22,0.128,0.186,0
APP207257,0,1,0,6,0.201,0.05,0
APP207258,1,0,0,12,0.025,0.014,0
APP207259,0,0,0,15,0.018,0.004,0
APP207260,0,0,0,9,0.041,0.093,0
APP207261,1,1,0,30,0.002,0.009,0
APP207262,1,0,0,16,0.009,0.13,0
APP207263,1,0,0,18,0.036,0.022,0
APP207264,1,1,0,19,0.014,0.275,0
APP207265,1,1,0,12,0.176,0.14,0
APP207266,1,0,0,23,0.1,0.11,0
APP207267,1,0,0,33,0.001,0.006,0
APP207268,0,0,0,18,0.018,0.041,0
APP207269,1,1,0,9,0.012,0.014,0
APP207270,0,0,0,22,0.042,0.043,0
APP207271,0,0,0,14,0.045,0.145,0
APP207272,0,1,0,23,0.009,0.384,0
APP207273,2,1,0,12,0.012,0.078,1
APP207274,0,1,0,13,0.0,0.159,0
APP207275,0,1,0,30,0.093,0.071,0
APP207276,0,1,0,47,0.008,0.106,0
APP207277,0,0,0,30,0.026,0.059,0
APP207278,0,1,0,15,0.015,0.044,0
APP207279,0,0,0,36,0.014,0.205,0
APP207280,0,0,0,13,0.009,0.159,0
APP207281,1,0,0,23,0.124,0.012,0
APP207282,1,0,0,27,0.14,0.026,0
APP207283,1,0,0,7,0.004,0.06,0
APP207284,0,1,0,28,0.127,0.174,0
APP207285,0,0,0,22,0.067,0.059,0
APP207286,0,2,0,11,0.012,0.077,0
APP207287,0,0,0,18,0.093,0.038,0
APP207288,0,2,0,32,0.001,0.216,0
APP207289,0,0,0,13,0.091,0.029,0
APP207290,0,1,0,21,0.038,0.048,0
APP207291,1,0,0,9,0.081,0.325,0
APP207292,0,0,0,11,0.159,0.084,0
APP207293,0,0,1,35,0.062,0.027,0
APP207294,0,0,0,42,0.085,0.044,0
APP207295,3,0,0,22,0.009,0.048,0
APP207296,0,1,0,35,0.001,0.072,0
APP207297,0,2,0,26,0.048,0.042,0
APP207298,0,0,0,27,0.024,0.113,0
APP207299,0,0,0,48,0.107,0.115,0
APP207300,0,0,0,37,0.007,0.08,0
APP207301,0,0,0,28,0.017,0.109,0
APP207302,1,0,0,26,0.074,0.169,0
APP207303,0,0,0,25,0.152,0.119,0
APP207304,0,0,0,8,0.032,0.072,0
APP207305,0,0,1,21,0.054,0.311,0
APP207306,0,0,0,23,0.038,0.047,0
APP207307,0,1,0,11,0.029,0.03,0
APP207308,0,2,0,23,0.036,0.05,0
APP207309,0,0,0,48,0.054,0.246,0
APP207310,0,0,0,41,0.008,0.05,0
APP207311,0,0,0,39,0.019,0.022,0
APP207312,2,1,0,36,0.031,0.076,0
APP207313,2,0,0,35,0.055,0.017,0
APP207314,0,0,0,33,0.015,0.023,0
APP207315,1,2,0,32,0.005,0.002,0
APP207316,1,0,0,32,0.029,0.03,0
APP207317,0,0,0,13,0.005,0.231,0
APP207318,0,0,0,24,0.047,0.162,0
APP207319,0,0,0,30,0.064,0.221,0
APP207320,1,0,0,20,0.024,0.01,0
APP207321,0,0,0,7,0.026,0.012,0
APP207322,0,0,0,49,0.007,0.023,0
APP207323,0,0,0,50,0.016,0.284,0
APP207324,0,0,0,22,0.042,0.027,0
APP207325,0,1,0,14,0.005,0.292,0
APP207326,0,1,0,28,0.001,0.197,0
APP207327,0,1,0,30,0.092,0.074,0
APP207328,1,1,0,12,0.042,0.114,0
APP207329,0,0,0,16,0.073,0.141,0
APP207330,0,1,0,23,0.005,0.046,0
APP207331,0,2,0,37,0.017,0.128,0
APP207332,0,1,0,52,0.078,0.14,0
APP207333,0,1,0,11,0.029,0.006,0
APP207334,0,0,0,19,0.001,0.144,0
APP207335,0,1,0,24,0.127,0.167,1
APP207336,0,0,0,4,0.013,0.244,0
APP207337,0,1,0,10,0.055,0.088,0
APP207338,0,0,0,40,0.13,0.012,0
APP207339,0,0,0,17,0.017,0.012,0
APP207340,0,1,0,20,0.044,0.033,0
APP207341,0,0,0,28,0.013,0.057,0
APP207342,0,1,0,16,0.004,0.015,0
APP207343,1,0,0,26,0.002,0.027,0
APP207344,0,0,0,16,0.029,0.072,0
APP207345,0,1,0,53,0.01,0.031,0
APP207346,1,1,0,13,0.018,0.175,0
APP207347,0,0,0,23,0.001,0.013,0
APP207348,3,0,0,11,0.006,0.038,1
APP207349,1,2,0,14,0.145,0.092,0
APP207350,0,1,0,15,0.023,0.017,0
APP207351,1,0,0,45,0.04,0.098,0
APP207352,0,0,0,10,0.003,0.022,0
APP207353,0,1,0,37,0.202,0.033,0
APP207354,0,0,0,15,0.017,0.025,0
APP207355,1,0,0,19,0.053,0.169,0
APP207356,0,0,0,28,0.02,0.083,0
APP207357,2,1,1,20,0.106,0.09,1
APP207358,1,1,0,7,0.134,0.122,0
APP207359,0,2,0,10,0.067,0.04,0
APP207360,0,0,0,40,0.142,0.033,0
APP207361,0,1,0,31,0.134,0.038,0
APP207362,1,1,0,12,0.0,0.096,1
APP207363,0,0,0,49,0.067,0.063,0
APP207364,0,0,0,21,0.049,0.155,0
APP207365,0,1,0,44,0.076,0.038,0
APP207366,0,0,0,36,0.021,0.37,0
APP207367,0,2,0,27,0.118,0.044,0
APP207368,0,2,0,14,0.024,0.098,0
APP207369,0,1,0,52,0.139,0.049,0
APP207370,0,0,0,35,0.038,0.169,0
APP207371,1,0,0,11,0.093,0.346,0
APP207372,0,0,0,3,0.065,0.042,0
APP207373,0,0,0,33,0.016,0.299,0
APP207374,1,0,0,14,0.051,0.175,0
APP207375,0,0,0,36,0.033,0.055,0
APP207376,0,1,0,21,0.071,0.024,0
APP207377,0,1,1,28,0.022,0.064,0
APP207378,0,0,1,21,0.009,0.105,0
APP207379,0,0,0,13,0.033,0.132,0
APP207380,0,0,0,33,0.08,0.103,0
APP207381,1,1,0,31,0.028,0.043,0
APP207382,0,0,0,23,0.237,0.105,0
APP207383,0,0,0,13,0.007,0.229,0
APP207384,0,0,0,7,0.026,0.01,0
APP207385,1,1,0,8,0.001,0.09,0
APP207386,0,0,0,10,0.043,0.101,0
APP207387,1,1,0,18,0.013,0.002,0
APP207388,0,1,0,29,0.03,0.064,0
APP207389,1,0,0,30,0.026,0.079,0
APP207390,1,0,0,18,0.097,0.005,0
APP207391,0,0,0,28,0.058,0.05,0
APP207392,0,1,0,13,0.001,0.091,0
APP207393,1,0,1,10,0.041,0.1,0
APP207394,0,1,0,23,0.025,0.028,0
APP207395,0,1,0,21,0.018,0.015,0
APP207396,0,0,0,31,0.024,0.041,0
APP207397,2,0,0,21,0.002,0.04,0
APP207398,0,2,0,44,0.064,0.066,0
APP207399,0,0,0,28,0.005,0.082,0
APP207400,0,1,0,52,0.091,0.119,0
APP207401,0,0,0,27,0.029,0.258,0
APP207402,0,1,0,33,0.045,0.018,0
APP207403,0,0,0,16,0.001,0.251,0
APP207404,1,0,1,43,0.035,0.004,0
APP207405,1,1,1,25,0.152,0.043,0
APP207406,0,0,0,20,0.001,0.019,0
APP207407,0,1,0,36,0.014,0.098,0
APP207408,1,0,0,52,0.029,0.048,0
APP207409,0,0,0,8,0.015,0.061,0
APP207410,2,0,0,22,0.034,0.124,0
APP207411,0,0,0,13,0.001,0.147,0
APP207412,0,3,0,36,0.04,0.047,0
APP207413,0,0,0,29,0.03,0.129,0
APP207414,0,1,0,17,0.107,0.118,0
APP207415,0,1,0,21,0.005,0.216,0
APP207416,1,3,0,11,0.032,0.02,0
APP207417,3,1,0,28,0.042,0.068,0
APP207418,1,0,0,50,0.007,0.128,0
APP207419,0,1,0,27,0.005,0.055,0
APP207420,0,1,0,26,0.052,0.062,0
APP207421,1,1,0,32,0.009,0.013,0
APP207422,0,0,0,16,0.01,0.049,0
APP207423,0,1,0,31,0.229,0.02,0
APP207424,0,1,0,19,0.12,0.102,0
APP207425,0,0,0,14,0.095,0.091,0
APP207426,0,0,0,38,0.161,0.116,0
APP207427,0,0,0,21,0.007,0.094,0
APP207428,0,0,1,14,0.086,0.055,0
APP207429,0,0,0,24,0.081,0.102,0
APP207430,1,1,0,45,0.076,0.155,0
APP207431,0,0,0,26,0.101,0.064,0
APP207432,1,1,0,8,0.029,0.041,0
APP207433,0,0,0,16,0.013,0.101,0
APP207434,0,4,0,23,0.059,0.173,0
APP207435,0,0,0,12,0.028,0.178,0
APP207436,1,0,0,3,0.054,0.007,0
APP207437,2,1,0,57,0.08,0.125,0
APP207438,0,0,0,41,0.022,0.143,0
APP207439,0,0,0,36,0.001,0.042,0
APP207440,1,0,1,32,0.028,0.033,0
APP207441,2,0,0,25,0.012,0.01,0
APP207442,2,1,0,4,0.045,0.045,0
APP207443,0,0,0,20,0.057,0.013,0
APP207444,1,1,0,46,0.078,0.269,0
APP207445,1,1,0,15,0.007,0.034,0
APP207446,1,1,0,29,0.008,0.076,0
APP207447,0,0,0,25,0.026,0.072,0
APP207448,1,0,0,26,0.028,0.09,0
APP207449,1,1,0,9,0.002,0.031,0
APP207450,0,2,0,38,0.041,0.007,0
APP207451,0,1,0,16,0.017,0.15,0
APP207452,0,0,0,25,0.124,0.163,0
APP207453,1,1,1,61,0.042,0.091,1
APP207454,1,0,0,7,0.011,0.175,0
APP207455,0,0,0,17,0.058,0.091,0
APP207456,0,0,0,16,0.006,0.057,0
APP207457,0,0,0,12,0.03,0.154,0
APP207458,1,1,0,46,0.057,0.095,0
APP207459,2,0,0,20,0.038,0.138,0
APP207460,1,1,0,13,0.009,0.177,0
APP207461,0,0,0,4,0.028,0.041,0
APP207462,0,1,0,2,0.008,0.086,0
APP207463,0,2,0,4,0.026,0.058,0
APP207464,0,0,0,32,0.132,0.032,0
APP207465,1,0,0,50,0.063,0.176,0
APP207466,0,0,0,18,0.023,0.251,0
APP207467,1,1,0,32,0.003,0.011,0
APP207468,0,0,0,29,0.015,0.337,0
APP207469,1,1,1,45,0.041,0.05,0
APP207470,0,0,0,23,0.029,0.006,0
APP207471,0,1,0,21,0.026,0.079,0
APP207472,1,0,0,22,0.1,0.061,0
APP207473,0,1,0,15,0.094,0.011,0
APP207474,0,0,1,9,0.011,0.031,0
APP207475,0,0,1,13,0.024,0.119,0
APP207476,0,0,0,24,0.091,0.075,0
APP207477,0,1,0,30,0.003,0.027,0
APP207478,0,1,0,37,0.004,0.061,0
APP207479,1,1,0,44,0.078,0.127,0
APP207480,1,0,0,105,0.016,0.053,0
APP207481,0,0,0,61,0.063,0.156,0
APP207482,0,0,0,14,0.009,0.19,0
APP207483,1,0,0,41,0.046,0.137,0
APP207484,0,0,0,33,0.027,0.009,0
APP207485,0,0,0,10,0.014,0.079,0
APP207486,1,0,0,46,0.12,0.085,0
APP207487,1,0,0,22,0.029,0.051,0
APP207488,0,0,0,35,0.129,0.206,0
APP207489,0,0,0,38,0.121,0.23,0
APP207490,0,1,0,29,0.075,0.186,0
APP207491,1,0,0,12,0.029,0.036,0
APP207492,0,0,1,43,0.016,0.09,0
APP207493,0,1,0,16,0.054,0.07,0
APP207494,0,2,0,11,0.031,0.001,0
APP207495,2,1,0,25,0.029,0.032,0
APP207496,0,0,0,40,0.001,0.119,0
APP207497,1,0,0,7,0.016,0.304,0
APP207498,1,1,0,12,0.003,0.1,0
APP207499,0,1,0,29,0.013,0.013,0
APP207500,0,0,1,6,0.003,0.149,0
APP207501,0,0,0,28,0.025,0.003,0
APP207502,0,0,0,9,0.058,0.113,0
APP207503,0,1,0,29,0.007,0.069,0
APP207504,1,0,0,33,0.009,0.076,0
APP207505,1,0,0,17,0.078,0.002,0
APP207506,0,0,0,38,0.044,0.084,0
APP207507,0,0,0,11,0.082,0.225,0
APP207508,0,1,0,23,0.012,0.04,0
APP207509,0,0,0,19,0.134,0.131,0
APP207510,0,0,0,40,0.065,0.098,0
APP207511,1,0,0,12,0.014,0.027,0
APP207512,1,0,0,17,0.058,0.128,0
APP207513,0,0,0,16,0.03,0.057,0
APP207514,0,0,0,18,0.002,0.079,1
APP207515,0,0,0,20,0.021,0.048,0
APP207516,0,0,0,55,0.056,0.156,0
APP207517,0,0,0,11,0.06,0.158,0
APP207518,1,1,0,18,0.018,0.024,0
APP207519,1,0,0,11,0.164,0.005,0
APP207520,0,1,0,25,0.056,0.005,0
APP207521,0,0,0,7,0.037,0.001,0
APP207522,0,0,0,9,0.109,0.139,0
APP207523,0,0,0,21,0.003,0.012,0
APP207524,0,0,0,18,0.042,0.024,0
APP207525,0,0,0,25,0.082,0.18,0
APP207526,0,0,0,10,0.05,0.178,0
APP207527,1,0,0,35,0.022,0.101,0
APP207528,0,1,0,18,0.016,0.101,0
APP207529,0,1,0,36,0.004,0.031,0
APP207530,0,1,0,28,0.046,0.192,0
APP207531,2,0,0,8,0.053,0.024,0
APP207532,0,0,0,15,0.013,0.183,0
APP207533,1,0,0,23,0.021,0.035,0
APP207534,1,1,0,13,0.035,0.036,0
APP207535,0,0,1,17,0.074,0.009,0
APP207536,0,0,0,18,0.055,0.017,0
APP207537,0,0,0,8,0.03,0.008,0
APP207538,0,0,0,19,0.039,0.014,0
APP207539,1,0,1,18,0.013,0.063,0
APP207540,0,0,1,23,0.001,0.032,0
APP207541,0,1,0,9,0.005,0.008,0
APP207542,0,1,0,9,0.013,0.036,0
APP207543,0,0,0,21,0.019,0.008,0
APP207544,0,1,0,22,0.08,0.061,0
APP207545,1,0,0,18,0.067,0.128,0
APP207546,1,0,0,44,0.096,0.02,0
APP207547,0,1,0,19,0.02,0.128,0
APP207548,0,2,0,10,0.13,0.009,0
APP207549,0,0,0,10,0.002,0.239,0
APP207550,0,0,0,14,0.0,0.022,0
APP207551,0,0,0,28,0.04,0.006,0
APP207552,1,1,0,11,0.115,0.154,0
APP207553,0,1,0,34,0.001,0.013,0
APP207554,0,1,0,32,0.011,0.137,0
APP207555,0,1,0,18,0.003,0.193,0
APP207556,0,2,0,31,0.009,0.03,0
APP207557,0,1,0,32,0.025,0.015,0
APP207558,0,1,0,14,0.024,0.028,0
APP207559,0,0,0,9,0.021,0.09,0
APP207560,0,0,0,34,0.024,0.052,0
APP207561,0,0,0,29,0.05,0.074,0
APP207562,0,0,0,43,0.019,0.065,0
APP207563,0,1,0,26,0.001,0.167,0
APP207564,0,1,0,21,0.007,0.315,0
APP207565,0,0,0,13,0.053,0.005,0
APP207566,0,1,0,29,0.036,0.066,0
APP207567,0,1,0,47,0.015,0.143,0
APP207568,1,0,0,12,0.039,0.007,0
APP207569,0,0,0,3,0.009,0.013,0
APP207570,0,0,0,20,0.005,0.133,0
APP207571,0,0,0,31,0.003,0.132,0
APP207572,0,0,0,43,0.095,0.001,0
APP207573,0,0,0,19,0.042,0.044,0
APP207574,0,0,0,20,0.013,0.179,0
APP207575,0,0,0,16,0.021,0.155,0
APP207576,0,1,0,14,0.209,0.088,0
APP207577,0,2,0,58,0.027,0.111,0
APP207578,0,2,0,44,0.019,0.109,1
APP207579,0,0,0,17,0.025,0.153,0
APP207580,1,0,0,36,0.02,0.082,0
APP207581,0,0,0,11,0.164,0.024,0
APP207582,1,1,0,43,0.005,0.127,0
APP207583,0,0,1,6,0.012,0.181,0
APP207584,0,1,0,15,0.024,0.22,0
APP207585,0,0,0,34,0.019,0.099,0
APP207586,0,0,0,24,0.017,0.169,0
APP207587,0,0,0,33,0.076,0.425,0
APP207588,0,0,0,13,0.002,0.109,0
APP207589,1,0,0,8,0.004,0.11,0
APP207590,0,0,0,30,0.026,0.025,0
APP207591,1,0,0,5,0.031,0.028,0
APP207592,0,0,0,18,0.022,0.012,0
APP207593,0,0,0,11,0.14,0.094,0
APP207594,0,0,0,29,0.136,0.09,0
APP207595,0,1,1,29,0.105,0.007,0
APP207596,0,0,0,16,0.003,0.084,0
APP207597,1,0,0,31,0.055,0.158,0
APP207598,1,1,0,27,0.066,0.188,0
APP207599,0,0,0,47,0.085,0.317,0
APP207600,0,0,0,44,0.014,0.071,0
APP207601,0,0,0,13,0.002,0.153,0
APP207602,0,0,0,8,0.057,0.047,0
APP207603,1,3,0,9,0.031,0.11,0
APP207604,0,0,0,38,0.036,0.219,0
APP207605,0,2,0,16,0.042,0.027,0
APP207606,0,0,0,28,0.073,0.241,0
APP207607,0,0,0,10,0.017,0.095,0
APP207608,0,0,1,25,0.015,0.102,0
APP207609,0,0,0,20,0.006,0.068,0
APP207610,0,0,0,40,0.084,0.052,0
APP207611,0,1,0,13,0.007,0.04,0
APP207612,0,0,0,9,0.174,0.034,0
APP207613,0,1,0,15,0.008,0.059,0
APP207614,0,0,0,7,0.0,0.029,0
APP207615,0,0,0,40,0.014,0.019,0
APP207616,0,0,0,2,0.071,0.17,0
APP207617,0,1,0,19,0.01,0.023,0
APP207618,2,0,0,13,0.029,0.096,0
APP207619,2,3,0,9,0.031,0.111,0
APP207620,1,2,0,20,0.134,0.165,0
APP207621,1,2,0,3,0.13,0.06,0
APP207622,1,0,0,18,0.02,0.156,0
APP207623,0,1,0,18,0.004,0.154,0
APP207624,1,1,0,32,0.111,0.081,0
APP207625,0,0,0,48,0.068,0.127,0
APP207626,2,0,0,40,0.028,0.01,0
APP207627,0,1,0,21,0.059,0.052,0
APP207628,2,1,0,11,0.101,0.237,0
APP207629,2,1,0,11,0.021,0.051,0
APP207630,0,0,0,41,0.015,0.106,0
APP207631,0,1,0,37,0.036,0.009,0
APP207632,0,2,0,19,0.049,0.018,0
APP207633,0,0,0,8,0.152,0.036,0
APP207634,1,0,0,20,0.013,0.067,0
APP207635,0,1,0,23,0.003,0.128,0
APP207636,0,0,0,19,0.033,0.043,0
APP207637,0,1,1,29,0.019,0.118,0
APP207638,1,0,0,6,0.064,0.319,0
APP207639,0,0,0,31,0.02,0.103,0
APP207640,1,0,0,28,0.042,0.14,0
APP207641,0,0,0,16,0.004,0.028,0
APP207642,0,0,0,26,0.027,0.184,0
APP207643,1,1,0,73,0.06,0.195,0
APP207644,0,1,0,15,0.009,0.064,0
APP207645,2,0,1,28,0.058,0.1,0
APP207646,0,0,0,34,0.075,0.066,0
APP207647,0,0,0,28,0.061,0.068,0
APP207648,0,1,0,33,0.027,0.311,1
APP207649,0,1,0,55,0.0,0.043,0
APP207650,1,1,0,19,0.009,0.107,1
APP207651,1,0,0,11,0.007,0.098,0
APP207652,1,2,0,9,0.062,0.077,0
APP207653,0,1,0,64,0.013,0.085,0
APP207654,0,0,0,15,0.008,0.018,0
APP207655,0,1,0,27,0.013,0.008,0
APP207656,1,0,0,31,0.015,0.186,0
APP207657,0,1,0,28,0.001,0.04,0
APP207658,0,0,0,15,0.007,0.004,0
APP207659,0,1,0,28,0.06,0.041,0
APP207660,0,1,0,18,0.022,0.138,0
APP207661,0,2,0,25,0.014,0.11,0
APP207662,0,0,0,16,0.061,0.038,0
APP207663,1,0,0,62,0.002,0.056,0
APP207664,1,0,0,10,0.054,0.027,0
APP207665,0,0,0,9,0.092,0.077,0
APP207666,0,1,0,23,0.016,0.009,0
APP207667,0,1,0,29,0.0,0.026,0
APP207668,2,0,0,34,0.128,0.044,0
APP207669,0,0,0,67,0.028,0.034,0
APP207670,0,1,0,34,0.031,0.088,0
APP207671,0,1,0,25,0.069,0.022,0
APP207672,0,0,0,35,0.011,0.099,0
APP207673,0,0,0,39,0.12,0.083,0
APP207674,0,0,0,27,0.026,0.124,0
APP207675,2,0,0,69,0.002,0.007,0
APP207676,0,2,0,25,0.026,0.03,0
APP207677,0,0,0,66,0.07,0.041,0
APP207678,2,0,0,16,0.004,0.153,0
APP207679,2,0,0,31,0.003,0.163,0
APP207680,0,0,0,31,0.051,0.231,0
APP207681,0,0,0,10,0.012,0.175,0
APP207682,1,0,0,14,0.088,0.129,0
APP207683,0,0,0,27,0.002,0.055,0
APP207684,0,2,0,37,0.019,0.066,0
APP207685,1,0,0,30,0.258,0.106,0
APP207686,0,0,0,44,0.018,0.317,0
APP207687,0,1,1,46,0.008,0.101,0
APP207688,1,0,0,10,0.046,0.224,0
APP207689,2,0,0,23,0.001,0.015,0
APP207690,0,0,0,17,0.018,0.164,0
APP207691,2,0,0,26,0.032,0.515,0
APP207692,0,0,0,28,0.009,0.065,0
APP207693,2,1,0,36,0.128,0.038,0
APP207694,0,1,0,14,0.013,0.51,0
APP207695,0,0,0,25,0.132,0.071,0
APP207696,2,0,0,20,0.009,0.191,0
APP207697,0,1,0,24,0.113,0.02,0
APP207698,1,0,0,39,0.013,0.073,0
APP207699,0,0,0,14,0.111,0.076,0
APP207700,0,0,1,14,0.0,0.059,0
APP207701,0,0,0,10,0.059,0.093,0
APP207702,0,0,0,20,0.003,0.082,0
APP207703,0,0,0,41,0.018,0.053,0
APP207704,0,1,0,24,0.179,0.048,0
APP207705,1,1,0,43,0.048,0.054,0
APP207706,0,1,0,60,0.012,0.005,0
APP207707,0,1,0,18,0.043,0.031,0
APP207708,1,0,0,26,0.116,0.017,0
APP207709,0,1,0,62,0.017,0.072,0
APP207710,0,1,0,24,0.051,0.017,0
APP207711,0,0,0,12,0.009,0.036,0
APP207712,0,0,0,60,0.007,0.188,0
APP207713,1,0,0,15,0.014,0.013,0
APP207714,0,2,0,13,0.07,0.053,0
APP207715,0,0,0,50,0.043,0.025,0
APP207716,0,0,0,7,0.142,0.323,0
APP207717,0,2,0,26,0.051,0.033,0
APP207718,0,0,0,53,0.125,0.025,0
APP207719,0,0,0,20,0.021,0.126,1
APP207720,0,0,0,15,0.012,0.023,0
APP207721,0,0,0,24,0.048,0.1,0
APP207722,0,0,0,39,0.241,0.02,0
APP207723,1,0,0,23,0.0,0.262,0
APP207724,0,1,0,17,0.028,0.121,0
APP207725,1,0,0,47,0.052,0.261,0
APP207726,2,1,0,18,0.008,0.023,0
APP207727,1,0,0,18,0.12,0.064,0
APP207728,0,0,0,11,0.003,0.261,0
APP207729,0,2,0,13,0.03,0.052,1
APP207730,0,1,0,43,0.02,0.002,0
APP207731,1,1,0,22,0.001,0.231,0
APP207732,0,0,0,14,0.002,0.158,0
APP207733,0,0,0,32,0.039,0.003,0
APP207734,0,1,0,28,0.001,0.048,0
APP207735,0,0,0,19,0.002,0.278,0
APP207736,1,1,0,22,0.064,0.043,0
APP207737,0,0,0,18,0.067,0.018,0
APP207738,1,0,0,21,0.069,0.007,0
APP207739,0,1,0,9,0.047,0.042,0
APP207740,0,1,0,13,0.01,0.099,0
APP207741,0,1,0,41,0.003,0.003,0
APP207742,0,0,0,11,0.039,0.178,0
APP207743,0,0,0,14,0.033,0.081,0
APP207744,0,1,0,11,0.035,0.127,0
APP207745,0,0,0,23,0.05,0.04,0
APP207746,0,0,0,7,0.118,0.052,0
APP207747,1,1,0,31,0.021,0.11,0
APP207748,2,0,0,46,0.014,0.018,0
APP207749,0,0,0,14,0.034,0.09,0
APP207750,1,1,0,8,0.054,0.105,0
APP207751,0,0,0,22,0.026,0.11,0
APP207752,0,1,0,46,0.049,0.208,0
APP207753,1,0,0,14,0.01,0.077,0
APP207754,1,1,0,34,0.081,0.021,0
APP207755,2,1,0,20,0.028,0.036,0
APP207756,0,0,0,9,0.007,0.006,0
APP207757,0,0,0,20,0.017,0.16,0
APP207758,1,2,0,15,0.024,0.045,0
APP207759,0,0,0,21,0.001,0.162,0
APP207760,0,0,0,9,0.038,0.11,0
APP207761,0,1,0,9,0.112,0.015,0
APP207762,0,2,0,15,0.001,0.155,0
APP207763,0,0,0,13,0.131,0.072,0
APP207764,0,0,0,37,0.032,0.184,0
APP207765,0,2,0,14,0.002,0.088,0
APP207766,0,1,0,5,0.101,0.158,0
APP207767,1,0,0,49,0.099,0.165,0
APP207768,0,1,0,40,0.015,0.085,0
APP207769,2,1,0,30,0.167,0.024,0
APP207770,0,0,0,41,0.046,0.054,0
APP207771,0,1,0,20,0.013,0.207,0
APP207772,1,0,1,26,0.069,0.081,0
APP207773,0,0,0,27,0.069,0.072,0
APP207774,1,2,0,12,0.038,0.009,0
APP207775,0,0,0,41,0.035,0.195,0
APP207776,1,0,0,55,0.006,0.045,0
APP207777,0,0,0,7,0.039,0.04,0
APP207778,0,0,0,14,0.003,0.08,0
APP207779,0,1,0,28,0.0,0.085,0
APP207780,0,0,0,16,0.008,0.049,0
APP207781,0,0,0,19,0.019,0.409,0
APP207782,0,0,0,14,0.001,0.107,0
APP207783,0,0,0,15,0.056,0.143,0
APP207784,0,1,0,30,0.012,0.161,0
APP207785,0,1,0,23,0.0,0.082,0
APP207786,0,1,0,13,0.02,0.163,0
APP207787,0,0,0,4,0.07,0.036,0
APP207788,1,0,0,12,0.003,0.023,0
APP207789,2,0,0,8,0.009,0.066,0
APP207790,0,0,0,18,0.005,0.047,0
APP207791,0,0,0,23,0.023,0.091,0
APP207792,0,1,0,34,0.154,0.045,0
APP207793,2,0,0,39,0.0,0.178,0
APP207794,1,0,0,6,0.006,0.036,0
APP207795,0,2,0,32,0.06,0.219,0
APP207796,0,1,0,28,0.004,0.212,0
APP207797,1,1,0,44,0.001,0.293,0
APP207798,0,1,0,2,0.07,0.165,0
APP207799,0,1,0,25,0.045,0.046,0
APP207800,0,1,0,4,0.01,0.142,0
APP207801,1,0,0,13,0.009,0.035,0
APP207802,0,0,0,13,0.119,0.101,0
APP207803,1,0,0,32,0.007,0.003,0
APP207804,0,2,0,13,0.011,0.047,0
APP207805,0,0,0,40,0.044,0.18,0
APP207806,0,0,0,34,0.025,0.215,0
APP207807,0,2,0,22,0.004,0.043,0
APP207808,1,0,0,36,0.095,0.06,0
APP207809,1,1,1,34,0.042,0.02,0
APP207810,1,0,0,38,0.07,0.088,1
APP207811,1,1,0,24,0.118,0.021,0
APP207812,1,1,0,16,0.007,0.077,0
APP207813,1,1,0,11,0.059,0.095,0
APP207814,2,0,0,31,0.091,0.197,0
APP207815,0,1,0,12,0.008,0.11,0
APP207816,0,1,0,21,0.014,0.106,0
APP207817,0,0,1,13,0.074,0.094,0
APP207818,1,0,0,14,0.002,0.038,0
APP207819,0,1,0,31,0.086,0.059,0
APP207820,0,1,0,20,0.153,0.117,0
APP207821,1,1,0,31,0.034,0.032,0
APP207822,0,0,0,25,0.05,0.008,0
APP207823,0,0,0,8,0.018,0.096,0
APP207824,0,2,0,23,0.058,0.003,0
APP207825,0,0,0,18,0.163,0.071,0
APP207826,0,1,0,53,0.075,0.053,0
APP207827,0,0,0,34,0.017,0.034,0
APP207828,1,1,0,49,0.132,0.263,0
APP207829,0,0,0,29,0.007,0.143,0
APP207830,1,0,0,23,0.001,0.004,0
APP207831,0,0,0,36,0.004,0.078,0
APP207832,0,1,0,65,0.042,0.069,0
APP207833,1,0,0,21,0.043,0.042,0
APP207834,0,1,0,46,0.043,0.023,0
APP207835,0,1,0,27,0.056,0.171,0
APP207836,0,0,0,38,0.018,0.181,0
APP207837,0,0,0,15,0.019,0.03,0
APP207838,0,0,0,7,0.121,0.014,0
APP207839,0,2,0,19,0.083,0.01,0
APP207840,0,0,0,51,0.004,0.315,0
APP207841,1,0,0,11,0.009,0.029,0
APP207842,1,0,0,11,0.001,0.174,0
APP207843,0,0,0,14,0.003,0.005,0
APP207844,1,0,0,22,0.004,0.176,0
APP207845,0,2,0,3,0.004,0.139,0
APP207846,2,1,0,10,0.008,0.077,0
APP207847,0,0,0,18,0.053,0.177,0
APP207848,0,2,0,32,0.021,0.276,1
APP207849,0,2,0,28,0.099,0.008,0
APP207850,0,2,0,15,0.002,0.074,0
APP207851,1,0,0,15,0.031,0.039,0
APP207852,0,0,0,55,0.028,0.063,0
APP207853,0,0,0,37,0.004,0.019,0
APP207854,1,0,0,47,0.147,0.067,0
APP207855,0,1,0,16,0.001,0.086,0
APP207856,4,0,0,6,0.118,0.088,0
APP207857,0,1,0,20,0.267,0.173,0
APP207858,0,0,1,50,0.057,0.16,0
APP207859,0,1,0,34,0.001,0.208,0
APP207860,0,0,0,23,0.006,0.108,0
APP207861,2,0,0,16,0.029,0.232,0
APP207862,0,0,0,11,0.063,0.079,0
APP207863,0,0,0,16,0.051,0.024,0
APP207864,1,1,0,3,0.036,0.098,0
APP207865,0,1,0,101,0.035,0.123,0
APP207866,0,1,0,17,0.135,0.03,0
APP207867,2,0,0,15,0.148,0.311,0
APP207868,1,0,0,18,0.029,0.272,0
APP207869,0,2,0,15,0.042,0.126,0
APP207870,0,0,0,41,0.009,0.108,0
APP207871,0,2,0,10,0.042,0.204,0
APP207872,0,0,0,41,0.006,0.095,0
APP207873,1,1,0,10,0.123,0.042,0
APP207874,1,0,0,17,0.085,0.251,0
APP207875,0,0,0,6,0.078,0.152,0
APP207876,0,0,0,21,0.025,0.014,0
APP207877,1,1,0,15,0.001,0.021,0
APP207878,0,0,0,6,0.007,0.027,0
APP207879,1,0,0,21,0.065,0.112,0
APP207880,0,0,0,26,0.003,0.141,0
APP207881,0,3,0,27,0.036,0.034,0
APP207882,0,0,0,55,0.002,0.176,0
APP207883,1,1,0,26,0.07,0.142,0
APP207884,0,0,0,19,0.014,0.085,0
APP207885,2,0,0,23,0.003,0.045,0
APP207886,0,0,1,20,0.023,0.062,0
APP207887,0,0,0,15,0.011,0.082,0
APP207888,0,0,0,41,0.008,0.059,0
APP207889,1,0,0,22,0.03,0.038,0
APP207890,1,1,0,6,0.001,0.029,0
APP207891,1,1,0,35,0.183,0.005,0
APP207892,0,0,0,19,0.042,0.179,0
APP207893,1,0,0,28,0.098,0.049,0
APP207894,1,2,0,22,0.001,0.208,0
APP207895,0,1,0,6,0.01,0.036,0
APP207896,0,1,0,11,0.015,0.131,0
APP207897,0,0,0,27,0.082,0.104,0
APP207898,0,0,0,11,0.002,0.065,0
APP207899,0,0,0,19,0.0,0.039,0
APP207900,0,0,0,7,0.092,0.103,0
APP207901,1,0,0,27,0.05,0.024,0
APP207902,0,0,0,22,0.261,0.012,0
APP207903,0,1,0,55,0.092,0.059,0
APP207904,1,0,0,8,0.006,0.01,0
APP207905,1,0,0,15,0.054,0.019,0
APP207906,0,0,0,18,0.029,0.065,0
APP207907,1,0,0,33,0.002,0.207,0
APP207908,0,1,0,28,0.001,0.004,0
APP207909,0,0,0,63,0.191,0.193,0
APP207910,0,0,0,16,0.017,0.08,0
APP207911,0,0,0,30,0.021,0.004,0
APP207912,0,0,0,16,0.002,0.057,0
APP207913,1,3,0,15,0.003,0.179,0
APP207914,0,0,0,20,0.024,0.048,0
APP207915,0,0,0,12,0.029,0.008,0
APP207916,1,2,0,12,0.002,0.012,0
APP207917,0,0,0,27,0.044,0.022,0
APP207918,1,1,0,15,0.079,0.118,0
APP207919,1,0,0,23,0.065,0.085,0
APP207920,0,3,0,33,0.009,0.025,0
APP207921,0,0,0,7,0.044,0.043,0
APP207922,0,1,0,28,0.149,0.043,0
APP207923,0,0,0,21,0.005,0.071,0
APP207924,0,0,0,10,0.063,0.009,0
APP207925,0,0,0,14,0.02,0.048,0
APP207926,0,0,0,17,0.023,0.324,0
APP207927,1,1,0,47,0.105,0.036,0
APP207928,1,0,0,19,0.011,0.241,0
APP207929,1,0,0,8,0.171,0.086,0
APP207930,1,0,0,18,0.035,0.326,0
APP207931,0,0,0,44,0.029,0.014,0
APP207932,0,1,0,22,0.041,0.024,0
APP207933,0,1,0,11,0.0,0.088,0
APP207934,0,0,0,10,0.0,0.115,0
APP207935,1,0,0,11,0.099,0.11,0
APP207936,0,0,0,9,0.004,0.042,0
APP207937,0,0,0,16,0.023,0.027,0
APP207938,0,1,1,20,0.095,0.021,0
APP207939,0,0,0,26,0.068,0.053,0
APP207940,0,0,0,26,0.0,0.01,0
APP207941,1,1,0,35,0.024,0.163,0
APP207942,0,1,1,67,0.06,0.198,0
APP207943,1,0,0,4,0.045,0.065,0
APP207944,0,0,0,34,0.035,0.002,0
APP207945,0,0,0,24,0.096,0.095,0
APP207946,0,0,0,11,0.004,0.085,0
APP207947,0,2,0,10,0.004,0.026,0
APP207948,1,0,0,16,0.018,0.032,0
APP207949,1,1,0,36,0.0,0.355,0
APP207950,2,0,0,19,0.113,0.04,0
APP207951,1,2,0,12,0.081,0.042,0
APP207952,0,0,0,17,0.013,0.058,0
APP207953,0,1,0,38,0.028,0.225,0
APP207954,0,2,0,23,0.137,0.058,0
APP207955,0,1,0,37,0.002,0.12,0
APP207956,0,1,0,15,0.011,0.214,0
APP207957,0,1,0,57,0.044,0.157,0
APP207958,1,0,0,24,0.02,0.13,0
APP207959,0,0,0,10,0.065,0.284,0
APP207960,0,1,0,43,0.091,0.279,0
APP207961,0,1,0,34,0.023,0.002,0
APP207962,1,0,0,37,0.03,0.057,0
APP207963,0,1,0,27,0.193,0.131,0
APP207964,0,0,0,13,0.022,0.005,0
APP207965,0,0,1,2,0.085,0.089,0
APP207966,2,1,0,29,0.005,0.01,0
APP207967,0,0,0,17,0.076,0.189,0
APP207968,1,3,0,47,0.032,0.1,1
APP207969,0,0,0,28,0.033,0.055,0
APP207970,0,0,0,32,0.06,0.159,0
APP207971,1,0,0,25,0.018,0.26,0
APP207972,0,2,0,39,0.015,0.105,0
APP207973,0,0,0,14,0.04,0.059,0
APP207974,1,0,0,41,0.035,0.071,0
APP207975,0,1,0,15,0.038,0.25,0
APP207976,0,0,0,45,0.014,0.063,0
APP207977,0,0,0,7,0.145,0.02,0
APP207978,0,0,0,31,0.075,0.024,0
APP207979,0,2,0,9,0.016,0.302,0
APP207980,0,0,0,22,0.113,0.046,0
APP207981,0,0,0,19,0.205,0.011,0
APP207982,1,0,0,31,0.042,0.103,0
APP207983,1,0,0,14,0.019,0.074,0
APP207984,0,0,0,31,0.039,0.067,0
APP207985,0,1,1,16,0.032,0.113,0
APP207986,1,1,0,39,0.017,0.021,0
APP207987,0,0,0,34,0.001,0.028,0
APP207988,0,0,0,7,0.003,0.056,0
APP207989,1,0,0,25,0.024,0.16,0
APP207990,2,0,0,19,0.01,0.004,0
APP207991,0,0,0,17,0.024,0.105,0
APP207992,0,1,0,26,0.052,0.179,0
APP207993,2,1,0,12,0.06,0.1,0
APP207994,1,0,0,30,0.007,0.009,0
APP207995,0,0,0,21,0.026,0.217,0
APP207996,1,0,0,27,0.1,0.019,1
APP207997,2,0,0,18,0.015,0.129,0
APP207998,1,0,0,8,0.011,0.054,0
APP207999,0,0,0,41,0.022,0.024,0
APP208000,0,2,0,12,0.053,0.007,0
APP208001,2,2,0,11,0.084,0.033,0
APP208002,1,1,0,24,0.083,0.022,0
APP208003,0,1,0,3,0.009,0.249,0
APP208004,0,0,0,41,0.145,0.038,0
APP208005,1,0,0,42,0.015,0.079,0
APP208006,1,0,0,13,0.063,0.028,0
APP208007,0,0,0,28,0.026,0.084,0
APP208008,1,1,0,9,0.005,0.125,1
APP208009,1,0,0,12,0.001,0.144,0
APP208010,0,1,0,39,0.025,0.001,0
APP208011,0,0,0,34,0.049,0.131,0
APP208012,1,0,0,23,0.005,0.026,0
APP208013,0,0,0,19,0.07,0.064,0
APP208014,0,0,0,14,0.015,0.105,0
APP208015,1,1,0,21,0.06,0.009,1
APP208016,0,1,0,4,0.026,0.084,1
APP208017,0,1,0,15,0.027,0.086,0
APP208018,0,1,0,29,0.014,0.006,0
APP208019,1,2,0,6,0.01,0.056,0
APP208020,0,1,0,32,0.016,0.12,0
APP208021,0,1,0,19,0.08,0.0,0
APP208022,0,0,0,40,0.011,0.1,0
APP208023,0,1,0,35,0.005,0.154,0
APP208024,0,0,0,30,0.116,0.041,0
APP208025,0,0,0,15,0.033,0.156,0
APP208026,0,0,0,11,0.015,0.069,0
APP208027,1,2,0,23,0.111,0.025,0
APP208028,0,0,0,23,0.016,0.279,0
APP208029,0,0,0,45,0.079,0.172,0
APP208030,1,0,0,26,0.002,0.118,0
APP208031,1,2,0,32,0.068,0.109,0
APP208032,0,0,0,16,0.083,0.072,0
APP208033,1,0,0,41,0.025,0.052,0
APP208034,1,0,0,18,0.038,0.207,0
APP208035,0,0,0,36,0.058,0.063,0
APP208036,0,0,0,17,0.012,0.126,0
APP208037,0,1,0,14,0.015,0.081,0
APP208038,1,0,0,42,0.011,0.136,0
APP208039,1,1,0,13,0.013,0.064,0
APP208040,0,0,0,17,0.004,0.104,0
APP208041,0,1,0,8,0.01,0.199,0
APP208042,1,1,1,30,0.086,0.012,0
APP208043,0,1,0,20,0.007,0.045,0
APP208044,0,1,0,17,0.026,0.013,0
APP208045,0,0,0,52,0.014,0.062,0
APP208046,0,1,0,23,0.024,0.019,0
APP208047,0,1,0,48,0.013,0.006,0
APP208048,2,0,0,26,0.007,0.04,0
APP208049,2,0,0,22,0.059,0.044,0
APP208050,0,0,0,32,0.023,0.094,0
APP208051,0,2,0,22,0.007,0.078,0
APP208052,0,1,0,15,0.011,0.004,0
APP208053,0,0,0,10,0.043,0.062,0
APP208054,0,0,0,27,0.016,0.104,0
APP208055,0,0,0,14,0.14,0.01,0
APP208056,0,1,0,17,0.0,0.118,0
APP208057,0,0,0,8,0.001,0.084,0
APP208058,0,0,0,19,0.07,0.023,0
APP208059,0,1,0,22,0.113,0.038,0
APP208060,0,1,0,23,0.023,0.077,0
APP208061,0,0,0,24,0.027,0.054,0
APP208062,0,1,0,9,0.035,0.039,0
APP208063,1,0,0,4,0.076,0.028,0
APP208064,0,0,0,8,0.032,0.187,0
APP208065,0,0,0,21,0.015,0.004,0
APP208066,0,0,0,26,0.009,0.039,0
APP208067,0,1,0,22,0.031,0.012,0
APP208068,0,0,0,26,0.014,0.083,0
APP208069,0,0,0,12,0.111,0.048,0
APP208070,0,1,0,30,0.07,0.069,0
APP208071,0,1,0,13,0.129,0.111,0
APP208072,0,0,0,20,0.014,0.152,0
APP208073,0,0,0,36,0.195,0.087,0
APP208074,1,1,0,9,0.004,0.329,0
APP208075,0,0,0,33,0.011,0.003,0
APP208076,0,1,0,8,0.022,0.007,0
APP208077,0,1,1,21,0.026,0.015,0
APP208078,2,0,0,15,0.011,0.147,0
APP208079,0,0,0,11,0.02,0.101,0
APP208080,0,0,0,26,0.043,0.07,0
APP208081,0,0,0,39,0.014,0.069,0
APP208082,0,1,0,32,0.011,0.101,0
APP208083,0,0,0,37,0.068,0.136,0
APP208084,0,0,0,35,0.005,0.05,0
APP208085,1,0,0,22,0.05,0.068,0
APP208086,0,0,0,55,0.012,0.089,0
APP208087,3,0,0,5,0.121,0.049,0
APP208088,0,1,0,43,0.007,0.045,1
APP208089,1,1,0,9,0.092,0.236,0
APP208090,0,0,0,16,0.002,0.221,0
APP208091,0,1,0,34,0.028,0.103,0
APP208092,0,0,0,46,0.032,0.163,0
APP208093,0,0,0,11,0.012,0.026,0
APP208094,0,0,0,42,0.044,0.175,0
APP208095,0,1,0,20,0.028,0.007,0
APP208096,1,2,0,37,0.014,0.042,0
APP208097,0,1,0,19,0.002,0.046,0
APP208098,0,0,0,12,0.006,0.002,0
APP208099,0,1,0,14,0.044,0.084,0
APP208100,1,0,0,45,0.026,0.047,0
APP208101,0,0,0,7,0.031,0.086,0
APP208102,1,1,0,52,0.059,0.048,0
APP208103,0,1,0,67,0.082,0.161,0
APP208104,0,1,0,29,0.02,0.032,0
APP208105,0,0,0,41,0.282,0.083,0
APP208106,0,1,0,33,0.078,0.25,0
APP208107,0,0,0,4,0.101,0.021,0
APP208108,0,0,0,35,0.007,0.026,0
APP208109,0,0,0,3,0.069,0.002,0
APP208110,0,0,0,26,0.004,0.166,0
APP208111,0,1,0,27,0.066,0.115,0
APP208112,0,0,1,22,0.016,0.003,0
APP208113,1,1,0,26,0.019,0.162,0
APP208114,3,1,0,15,0.038,0.104,0
APP208115,0,0,0,22,0.001,0.17,0
APP208116,0,0,0,17,0.062,0.004,0
APP208117,0,1,0,9,0.008,0.063,0
APP208118,1,1,0,27,0.017,0.007,0
APP208119,1,0,0,57,0.008,0.32,1
APP208120,0,1,0,29,0.004,0.028,0
APP208121,0,1,0,23,0.112,0.13,0
APP208122,1,1,0,54,0.116,0.131,0
APP208123,0,0,0,15,0.088,0.038,0
APP208124,0,1,0,6,0.008,0.025,0
APP208125,2,0,0,19,0.006,0.16,0
APP208126,0,1,0,11,0.024,0.11,0
APP208127,0,1,1,4,0.036,0.142,0
APP208128,0,2,0,18,0.066,0.008,0
APP208129,1,2,0,21,0.018,0.145,0
APP208130,0,1,0,51,0.022,0.067,0
APP208131,1,2,0,32,0.006,0.007,0
APP208132,0,0,0,32,0.003,0.023,0
APP208133,0,1,0,17,0.001,0.005,0
APP208134,1,1,0,9,0.022,0.026,0
APP208135,1,0,0,10,0.012,0.017,0
APP208136,1,2,1,19,0.038,0.015,0
APP208137,0,1,0,17,0.028,0.137,0
APP208138,0,0,0,11,0.0,0.139,0
APP208139,0,2,0,5,0.009,0.298,0
APP208140,0,0,0,11,0.115,0.019,0
APP208141,2,1,0,43,0.018,0.072,0
APP208142,0,0,0,16,0.06,0.02,0
APP208143,0,0,0,22,0.019,0.032,0
APP208144,1,0,0,12,0.038,0.171,0
APP208145,0,0,0,29,0.001,0.092,0
APP208146,0,0,1,12,0.019,0.082,0
APP208147,0,0,0,60,0.0,0.194,0
APP208148,0,2,1,15,0.008,0.053,0
APP208149,0,1,0,31,0.062,0.026,0
APP208150,0,0,0,29,0.107,0.082,0
APP208151,0,0,0,98,0.018,0.058,1
APP208152,0,3,0,22,0.091,0.135,0
APP208153,0,1,0,14,0.004,0.078,0
APP208154,0,1,0,29,0.031,0.059,0
APP208155,0,0,0,1,0.05,0.126,0
APP208156,1,1,0,64,0.07,0.106,0
APP208157,0,0,0,5,0.105,0.077,0
APP208158,0,0,0,35,0.025,0.12,0
APP208159,0,1,0,28,0.011,0.024,0
APP208160,0,1,0,35,0.011,0.003,0
APP208161,1,1,0,15,0.014,0.19,0
APP208162,1,1,0,14,0.022,0.032,0
APP208163,0,1,0,38,0.016,0.049,0
APP208164,0,1,0,31,0.061,0.101,0
APP208165,0,0,0,12,0.028,0.027,0
APP208166,0,0,0,17,0.003,0.031,0
APP208167,0,0,0,13,0.063,0.062,0
APP208168,1,0,0,20,0.026,0.033,0
APP208169,1,0,0,35,0.081,0.061,0
APP208170,0,0,0,33,0.008,0.164,0
APP208171,0,0,0,12,0.049,0.11,0
APP208172,0,1,0,6,0.004,0.006,0
APP208173,3,1,0,28,0.043,0.019,0
APP208174,1,0,0,90,0.194,0.237,0
APP208175,0,0,0,19,0.009,0.056,0
APP208176,0,0,0,17,0.028,0.11,0
APP208177,0,0,0,26,0.01,0.154,0
APP208178,0,1,0,27,0.004,0.185,0
APP208179,1,0,0,15,0.045,0.164,0
APP208180,0,0,0,67,0.095,0.028,0
APP208181,0,0,0,37,0.009,0.111,0
APP208182,0,1,0,20,0.016,0.071,0
APP208183,0,1,0,28,0.024,0.017,0
APP208184,1,1,0,17,0.005,0.041,0
APP208185,1,2,0,40,0.001,0.366,0
APP208186,1,0,0,17,0.014,0.021,0
APP208187,0,1,0,5,0.048,0.106,0
APP208188,0,1,0,32,0.035,0.014,0
APP208189,0,0,0,26,0.061,0.255,0
APP208190,0,0,0,8,0.012,0.123,0
APP208191,0,0,0,30,0.001,0.058,0
APP208192,0,0,0,14,0.004,0.046,0
APP208193,1,0,0,41,0.044,0.338,0
APP208194,0,0,0,26,0.075,0.052,0
APP208195,1,0,0,43,0.001,0.004,0
APP208196,1,0,0,18,0.048,0.02,0
APP208197,0,1,0,8,0.004,0.105,0
APP208198,0,0,0,26,0.055,0.225,0
APP208199,0,1,0,19,0.016,0.026,0
APP208200,0,0,0,20,0.06,0.048,0
APP208201,0,0,0,14,0.008,0.009,0
APP208202,0,0,0,22,0.011,0.002,0
APP208203,1,0,0,41,0.008,0.028,0
APP208204,1,2,0,14,0.004,0.035,0
APP208205,2,0,0,20,0.049,0.021,0
APP208206,0,0,0,3,0.03,0.028,0
APP208207,1,0,0,25,0.01,0.12,0
APP208208,2,0,0,17,0.021,0.134,0
APP208209,0,1,0,17,0.009,0.064,0
APP208210,0,0,0,10,0.009,0.153,0
APP208211,0,0,0,21,0.014,0.032,0
APP208212,0,0,0,21,0.036,0.003,0
APP208213,1,1,0,37,0.002,0.126,0
APP208214,1,0,0,13,0.003,0.006,0
APP208215,0,0,0,49,0.026,0.046,0
APP208216,0,0,0,35,0.006,0.042,0
APP208217,0,0,0,33,0.021,0.147,0
APP208218,1,1,0,23,0.093,0.075,0
APP208219,0,1,0,21,0.015,0.252,0
APP208220,1,0,0,27,0.001,0.118,0
APP208221,0,1,0,17,0.162,0.03,1
APP208222,0,1,0,26,0.011,0.047,0
APP208223,1,0,0,23,0.044,0.011,0
APP208224,0,0,0,21,0.032,0.276,0
APP208225,0,0,1,43,0.143,0.071,0
APP208226,0,0,0,38,0.033,0.117,0
APP208227,3,0,0,17,0.031,0.124,0
APP208228,0,1,0,25,0.02,0.145,0
APP208229,0,1,0,28,0.0,0.258,0
APP208230,0,1,0,16,0.035,0.035,0
APP208231,0,1,0,21,0.025,0.085,0
APP208232,0,1,0,40,0.016,0.081,0
APP208233,0,0,0,16,0.121,0.057,0
APP208234,0,0,0,27,0.0,0.058,0
APP208235,1,0,0,13,0.015,0.091,0
APP208236,0,0,0,11,0.108,0.036,0
APP208237,0,2,0,50,0.078,0.001,0
APP208238,0,0,0,15,0.085,0.28,0
APP208239,1,0,0,22,0.006,0.246,0
APP208240,0,1,0,41,0.053,0.15,0
APP208241,1,0,0,20,0.038,0.193,0
APP208242,0,0,0,23,0.14,0.101,0
APP208243,3,1,0,16,0.04,0.035,0
APP208244,1,0,0,19,0.021,0.144,0
APP208245,0,2,0,47,0.013,0.025,0
APP208246,0,0,0,15,0.091,0.137,0
APP208247,0,0,0,23,0.021,0.104,0
APP208248,0,0,1,15,0.049,0.014,0
APP208249,0,0,0,26,0.049,0.036,0
APP208250,0,0,0,2,0.047,0.239,0
APP208251,0,2,0,12,0.025,0.086,0
APP208252,0,0,0,43,0.017,0.039,0
APP208253,0,0,1,12,0.005,0.083,0
APP208254,1,0,0,20,0.122,0.098,0
APP208255,1,1,0,8,0.008,0.045,0
APP208256,1,0,0,36,0.034,0.059,0
APP208257,1,0,0,22,0.013,0.024,0
APP208258,0,0,0,8,0.002,0.011,0
APP208259,0,0,0,18,0.011,0.093,0
APP208260,0,0,1,29,0.007,0.012,0
APP208261,1,2,0,29,0.007,0.174,0
APP208262,0,2,0,18,0.011,0.29,0
APP208263,0,0,0,10,0.018,0.08,0
APP208264,1,0,0,11,0.029,0.043,0
APP208265,0,0,0,13,0.161,0.202,0
APP208266,1,0,0,18,0.013,0.158,0
APP208267,0,0,0,12,0.038,0.061,0
APP208268,1,0,0,26,0.026,0.039,0
APP208269,0,0,0,41,0.021,0.058,0
APP208270,0,1,0,13,0.004,0.008,0
APP208271,1,2,0,22,0.002,0.139,0
APP208272,0,0,0,29,0.182,0.024,0
APP208273,0,1,0,29,0.08,0.009,0
APP208274,2,0,0,12,0.066,0.018,0
APP208275,1,0,0,16,0.028,0.106,0
APP208276,1,1,0,11,0.071,0.097,0
APP208277,0,0,0,4,0.045,0.038,0
APP208278,0,1,0,26,0.161,0.015,0
APP208279,0,0,0,14,0.01,0.08,0
APP208280,0,0,0,17,0.006,0.058,0
APP208281,1,0,0,20,0.014,0.019,0
APP208282,0,1,0,31,0.143,0.095,0
APP208283,0,1,0,19,0.049,0.01,0
APP208284,1,0,0,68,0.007,0.038,0
APP208285,0,0,0,34,0.153,0.061,0
APP208286,0,0,0,21,0.119,0.104,1
APP208287,0,1,0,21,0.01,0.0,0
APP208288,1,0,0,27,0.045,0.155,0
APP208289,0,0,0,13,0.018,0.014,0
APP208290,0,0,0,22,0.024,0.21,0
APP208291,0,0,0,36,0.004,0.039,0
APP208292,0,0,0,8,0.035,0.032,0
APP208293,1,1,0,9,0.013,0.098,0
APP208294,0,0,0,28,0.004,0.377,0
APP208295,0,0,0,13,0.032,0.052,0
APP208296,2,0,0,23,0.136,0.073,0
APP208297,0,1,0,37,0.013,0.081,0
APP208298,0,1,0,10,0.049,0.149,0
APP208299,1,0,0,13,0.015,0.144,0
APP208300,0,1,0,34,0.097,0.239,0
APP208301,1,0,1,10,0.02,0.082,0
APP208302,0,0,0,52,0.003,0.12,0
APP208303,1,0,0,65,0.033,0.363,0
APP208304,0,0,0,7,0.007,0.047,0
APP208305,0,1,0,13,0.072,0.02,0
APP208306,0,0,0,28,0.063,0.223,0
APP208307,0,1,0,35,0.003,0.149,0
APP208308,0,0,0,17,0.017,0.052,0
APP208309,1,0,0,12,0.0,0.065,0
APP208310,0,0,0,13,0.133,0.024,0
APP208311,0,1,1,28,0.089,0.133,0
APP208312,0,0,0,37,0.012,0.143,0
APP208313,0,1,0,40,0.055,0.039,0
APP208314,0,0,0,13,0.086,0.093,0
APP208315,2,1,0,12,0.025,0.149,0
APP208316,0,0,0,14,0.032,0.013,0
APP208317,0,0,0,32,0.031,0.102,0
APP208318,2,0,0,49,0.064,0.065,0
APP208319,0,0,0,44,0.008,0.095,0
APP208320,0,0,0,1,0.033,0.023,0
APP208321,0,0,0,33,0.056,0.142,0
APP208322,0,1,0,11,0.089,0.101,0
APP208323,0,0,0,49,0.005,0.107,0
APP208324,1,0,0,21,0.015,0.133,0
APP208325,0,2,0,11,0.062,0.064,0
APP208326,1,1,0,21,0.016,0.013,0
APP208327,0,0,0,28,0.043,0.128,0
APP208328,1,1,0,35,0.021,0.207,0
APP208329,0,0,0,18,0.064,0.088,0
APP208330,0,0,0,8,0.004,0.146,0
APP208331,0,0,1,45,0.088,0.019,0
APP208332,1,0,0,19,0.038,0.169,0
APP208333,0,0,0,7,0.08,0.083,0
APP208334,1,1,0,46,0.007,0.003,0
APP208335,0,2,0,28,0.026,0.294,0
APP208336,0,0,0,6,0.008,0.156,0
APP208337,0,1,0,66,0.183,0.277,0
APP208338,0,1,0,36,0.003,0.024,0
APP208339,0,1,0,40,0.067,0.234,0
APP208340,0,0,0,3,0.01,0.255,0
APP208341,0,1,0,5,0.186,0.164,0
APP208342,0,2,0,27,0.0,0.033,0
APP208343,0,0,0,5,0.054,0.425,0
APP208344,0,2,0,48,0.113,0.031,0
APP208345,0,0,0,19,0.016,0.216,0
APP208346,0,0,0,53,0.031,0.088,0
APP208347,1,0,0,4,0.028,0.118,0
APP208348,0,0,0,14,0.012,0.219,0
APP208349,0,0,0,6,0.006,0.264,0
APP208350,0,0,0,31,0.053,0.031,0
APP208351,0,2,0,27,0.033,0.067,0
APP208352,0,1,0,14,0.019,0.034,0
APP208353,2,1,0,31,0.169,0.213,0
APP208354,0,0,0,22,0.002,0.013,0
APP208355,0,0,0,66,0.002,0.05,0
APP208356,0,0,0,31,0.049,0.063,0
APP208357,0,0,0,30,0.045,0.034,0
APP208358,1,1,0,30,0.11,0.194,0
APP208359,2,0,0,28,0.074,0.037,0
APP208360,0,0,0,31,0.004,0.072,0
APP208361,0,0,0,6,0.023,0.014,0
APP208362,0,0,0,57,0.021,0.132,0
APP208363,0,0,0,62,0.227,0.116,0
APP208364,0,0,0,7,0.008,0.009,0
APP208365,1,0,0,33,0.021,0.183,0
APP208366,1,1,0,22,0.051,0.03,0
APP208367,2,1,0,20,0.089,0.15,0
APP208368,0,1,0,20,0.012,0.038,0
APP208369,2,1,0,17,0.124,0.122,0
APP208370,0,1,0,38,0.016,0.086,0
APP208371,0,0,0,6,0.001,0.048,0
APP208372,0,1,0,15,0.038,0.056,1
APP208373,0,1,0,48,0.0,0.22,0
APP208374,0,0,0,16,0.097,0.056,0
APP208375,0,0,0,39,0.021,0.079,0
APP208376,1,0,0,13,0.04,0.034,0
APP208377,0,1,0,12,0.002,0.068,0
APP208378,2,0,0,25,0.005,0.055,0
APP208379,1,2,0,29,0.012,0.148,0
APP208380,0,0,0,25,0.035,0.146,0
APP208381,1,0,0,17,0.021,0.075,0
APP208382,0,0,0,20,0.03,0.058,0
APP208383,0,1,0,9,0.119,0.155,0
APP208384,0,1,0,38,0.037,0.049,0
APP208385,0,0,0,45,0.068,0.071,0
APP208386,0,0,0,23,0.015,0.049,0
APP208387,0,0,0,29,0.073,0.011,0
APP208388,0,1,0,39,0.061,0.089,0
APP208389,0,0,0,20,0.134,0.246,0
APP208390,0,1,0,13,0.215,0.097,0
APP208391,0,2,0,21,0.024,0.625,0
APP208392,0,0,0,9,0.016,0.027,0
APP208393,1,0,0,22,0.011,0.017,0
APP208394,2,0,0,48,0.019,0.017,0
APP208395,1,1,0,34,0.014,0.02,0
APP208396,0,0,0,20,0.139,0.048,0
APP208397,1,0,0,29,0.054,0.07,0
APP208398,0,1,0,28,0.021,0.152,0
APP208399,0,1,0,27,0.156,0.113,0
APP208400,1,1,0,15,0.046,0.208,1
APP208401,0,0,0,53,0.076,0.028,0
APP208402,1,0,0,26,0.009,0.042,0
APP208403,1,0,0,18,0.042,0.121,0
APP208404,0,1,0,13,0.03,0.042,0
APP208405,1,0,0,28,0.074,0.005,0
APP208406,0,3,0,28,0.002,0.064,0
APP208407,2,0,0,19,0.033,0.028,0
APP208408,0,0,0,43,0.125,0.007,0
APP208409,0,0,0,25,0.046,0.039,0
APP208410,0,0,0,17,0.008,0.174,0
APP208411,1,1,0,6,0.019,0.021,0
APP208412,1,0,0,6,0.002,0.051,0
APP208413,0,1,0,32,0.102,0.015,0
APP208414,0,1,0,24,0.008,0.101,0
APP208415,0,1,0,17,0.011,0.017,0
APP208416,0,0,0,30,0.0,0.049,0
APP208417,2,0,0,11,0.023,0.002,0
APP208418,0,0,0,25,0.003,0.235,0
APP208419,0,0,0,37,0.128,0.091,0
APP208420,1,0,0,57,0.018,0.143,0
APP208421,0,1,0,9,0.114,0.13,0
APP208422,0,0,0,16,0.066,0.099,0
APP208423,1,0,0,21,0.181,0.091,0
APP208424,0,0,0,30,0.037,0.079,0
APP208425,0,0,0,24,0.179,0.254,0
APP208426,1,0,0,19,0.024,0.152,0
APP208427,0,0,0,18,0.052,0.087,0
APP208428,0,1,0,14,0.116,0.068,0
APP208429,0,0,0,9,0.039,0.238,0
APP208430,0,1,0,43,0.022,0.062,0
APP208431,1,1,0,8,0.045,0.021,0
APP208432,1,0,0,15,0.03,0.044,0
APP208433,0,0,0,34,0.015,0.207,0
APP208434,2,0,0,67,0.028,0.242,0
APP208435,0,1,0,32,0.043,0.013,0
APP208436,2,1,1,6,0.027,0.161,0
APP208437,1,0,0,40,0.004,0.04,0
APP208438,1,0,0,11,0.008,0.224,0
APP208439,0,1,0,22,0.231,0.113,0
APP208440,0,1,0,6,0.223,0.048,0
APP208441,0,0,0,36,0.001,0.137,0
APP208442,0,2,0,28,0.007,0.055,0
APP208443,0,0,0,34,0.024,0.009,0
APP208444,1,0,0,17,0.017,0.072,0
APP208445,2,0,0,30,0.012,0.078,0
APP208446,0,1,0,26,0.009,0.064,0
APP208447,1,1,0,41,0.017,0.015,0
APP208448,1,0,0,17,0.004,0.011,0
APP208449,0,2,0,40,0.012,0.192,0
APP208450,0,0,0,22,0.048,0.006,0
APP208451,0,0,0,27,0.02,0.016,0
APP208452,1,0,0,31,0.011,0.108,0
APP208453,1,0,0,20,0.021,0.237,0
APP208454,0,0,0,9,0.06,0.112,0
APP208455,0,1,0,20,0.131,0.015,0
APP208456,1,0,0,29,0.04,0.086,0
APP208457,0,0,0,22,0.054,0.028,0
APP208458,0,0,0,50,0.005,0.149,0
APP208459,0,2,0,3,0.106,0.071,0
APP208460,0,0,0,43,0.023,0.164,0
APP208461,1,1,0,48,0.011,0.062,0
APP208462,2,0,0,22,0.111,0.06,0
APP208463,0,0,0,17,0.018,0.185,0
APP208464,0,0,0,10,0.001,0.244,0
APP208465,0,0,0,17,0.001,0.173,0
APP208466,0,0,0,13,0.047,0.096,0
APP208467,0,0,0,17,0.006,0.156,0
APP208468,0,1,0,42,0.12,0.141,0
APP208469,1,1,0,24,0.028,0.068,0
APP208470,0,0,0,16,0.056,0.106,0
APP208471,0,0,0,33,0.021,0.013,0
APP208472,0,0,0,30,0.052,0.008,0
APP208473,0,1,1,16,0.014,0.31,0
APP208474,0,1,0,19,0.032,0.016,0
APP208475,0,1,1,16,0.052,0.086,0
APP208476,0,1,0,12,0.006,0.088,0
APP208477,1,0,0,7,0.124,0.028,0
APP208478,1,0,0,15,0.144,0.027,0
APP208479,0,0,0,22,0.01,0.379,0
APP208480,0,0,1,29,0.067,0.14,0
APP208481,0,1,0,37,0.012,0.019,0
APP208482,1,0,0,13,0.026,0.118,0
APP208483,0,0,0,28,0.034,0.227,0
APP208484,0,2,0,4,0.043,0.024,0
APP208485,0,2,0,34,0.082,0.065,0
APP208486,0,1,0,20,0.0,0.095,0
APP208487,0,1,0,16,0.044,0.08,0
APP208488,0,1,0,29,0.039,0.053,0
APP208489,1,2,0,12,0.002,0.055,0
APP208490,1,2,0,22,0.102,0.015,0
APP208491,0,0,0,20,0.018,0.07,0
APP208492,0,0,0,12,0.006,0.043,0
APP208493,0,0,0,4,0.018,0.21,0
APP208494,1,0,0,38,0.01,0.039,0
APP208495,0,1,0,33,0.045,0.156,0
APP208496,1,0,0,32,0.066,0.005,0
APP208497,0,0,0,30,0.008,0.051,0
APP208498,1,0,0,16,0.0,0.034,0
APP208499,0,1,0,12,0.048,0.081,0
APP208500,1,0,0,19,0.064,0.056,0
APP208501,1,1,0,18,0.009,0.053,0
APP208502,0,0,0,43,0.047,0.164,0
APP208503,0,1,0,23,0.006,0.334,0
APP208504,0,1,0,27,0.001,0.13,0
APP208505,1,1,0,22,0.171,0.041,0
APP208506,0,1,0,42,0.02,0.082,0
APP208507,3,0,0,29,0.089,0.198,0
APP208508,0,0,0,17,0.023,0.111,0
APP208509,1,0,0,15,0.021,0.264,0
APP208510,0,1,0,10,0.011,0.022,0
APP208511,1,1,0,9,0.168,0.125,0
APP208512,0,1,0,20,0.0,0.076,0
APP208513,0,2,0,24,0.003,0.084,0
APP208514,0,1,0,8,0.136,0.056,0
APP208515,0,1,0,19,0.023,0.117,0
APP208516,0,1,0,8,0.002,0.065,0
APP208517,1,1,0,20,0.007,0.048,0
APP208518,0,1,0,8,0.013,0.064,0
APP208519,0,2,0,23,0.049,0.119,0
APP208520,3,1,0,16,0.029,0.093,0
APP208521,0,0,0,8,0.038,0.024,0
APP208522,1,0,0,29,0.049,0.026,0
APP208523,0,1,0,56,0.01,0.375,0
APP208524,0,0,0,11,0.046,0.071,0
APP208525,2,0,0,10,0.024,0.029,0
APP208526,0,0,0,7,0.057,0.017,0
APP208527,0,2,0,48,0.021,0.086,0
APP208528,0,1,0,25,0.024,0.057,0
APP208529,1,0,0,42,0.035,0.159,0
APP208530,1,0,0,41,0.099,0.041,0
APP208531,0,0,0,25,0.083,0.071,0
APP208532,0,0,0,34,0.001,0.067,0
APP208533,0,0,0,46,0.228,0.016,0
APP208534,0,1,0,8,0.024,0.02,0
APP208535,0,0,0,41,0.244,0.117,0
APP208536,0,0,0,36,0.048,0.026,0
APP208537,0,1,0,18,0.008,0.075,0
APP208538,0,1,0,23,0.05,0.029,0
APP208539,0,1,0,21,0.023,0.001,0
APP208540,0,0,0,26,0.023,0.024,0
APP208541,0,1,0,16,0.011,0.069,0
APP208542,1,0,0,14,0.002,0.012,0
APP208543,0,0,0,8,0.022,0.05,0
APP208544,0,0,0,21,0.012,0.359,0
APP208545,1,1,0,52,0.001,0.072,0
APP208546,1,0,0,17,0.007,0.212,0
APP208547,0,0,0,28,0.094,0.068,0
APP208548,2,0,0,46,0.113,0.176,0
APP208549,0,0,0,12,0.021,0.048,0
APP208550,2,1,0,6,0.027,0.051,0
APP208551,0,0,0,12,0.006,0.132,0
APP208552,0,1,0,16,0.017,0.017,0
APP208553,0,0,0,29,0.001,0.014,0
APP208554,0,1,0,11,0.014,0.074,0
APP208555,0,0,0,14,0.005,0.049,0
APP208556,0,2,0,8,0.105,0.005,0
APP208557,0,0,0,26,0.012,0.195,0
APP208558,0,0,0,28,0.039,0.043,0
APP208559,0,0,0,9,0.011,0.06,0
APP208560,0,0,0,24,0.041,0.115,0
APP208561,1,1,0,32,0.001,0.01,0
APP208562,2,1,0,19,0.075,0.176,0
APP208563,0,2,0,19,0.008,0.126,0
APP208564,2,1,0,19,0.006,0.025,0
APP208565,0,0,0,20,0.015,0.086,0
APP208566,0,0,0,17,0.106,0.205,0
APP208567,0,0,0,40,0.102,0.072,0
APP208568,0,0,0,21,0.003,0.184,0
APP208569,0,0,0,26,0.068,0.166,0
APP208570,0,2,0,34,0.009,0.115,0
APP208571,0,1,0,16,0.003,0.147,0
APP208572,0,1,0,13,0.001,0.091,0
APP208573,0,1,0,23,0.077,0.053,0
APP208574,0,0,0,6,0.111,0.017,0
APP208575,0,0,0,18,0.012,0.151,0
APP208576,0,2,0,36,0.002,0.001,0
APP208577,1,0,0,67,0.14,0.011,0
APP208578,0,0,0,7,0.0,0.32,0
APP208579,0,1,0,15,0.01,0.224,0
APP208580,1,0,0,2,0.099,0.132,0
APP208581,0,0,0,33,0.008,0.326,0
APP208582,0,1,0,17,0.019,0.198,0
APP208583,0,0,0,27,0.046,0.031,0
APP208584,0,1,0,12,0.023,0.08,0
APP208585,0,1,0,25,0.02,0.02,0
APP208586,0,1,0,56,0.009,0.198,0
APP208587,0,0,0,30,0.026,0.031,0
APP208588,0,0,0,21,0.023,0.015,0
APP208589,0,1,0,24,0.062,0.254,0
APP208590,1,0,0,9,0.005,0.131,0
APP208591,0,1,0,3,0.028,0.088,0
APP208592,1,1,0,11,0.045,0.178,0
APP208593,1,0,0,30,0.043,0.111,0
APP208594,0,0,0,35,0.083,0.055,0
APP208595,1,0,0,25,0.059,0.099,0
APP208596,0,3,0,39,0.096,0.249,1
APP208597,0,0,0,23,0.01,0.063,0
APP208598,2,0,0,31,0.012,0.237,0
APP208599,0,0,0,30,0.015,0.156,0
APP208600,0,0,0,19,0.072,0.053,0
APP208601,1,0,0,18,0.002,0.134,0
APP208602,1,1,0,31,0.004,0.206,0
APP208603,0,0,0,34,0.012,0.026,0
APP208604,0,1,0,8,0.06,0.183,0
APP208605,0,0,0,22,0.028,0.065,0
APP208606,0,1,0,16,0.001,0.242,0
APP208607,0,1,0,10,0.008,0.132,0
APP208608,1,0,0,19,0.172,0.05,0
APP208609,1,0,0,22,0.021,0.092,0
APP208610,0,0,0,24,0.012,0.061,0
APP208611,0,2,0,20,0.013,0.13,0
APP208612,0,0,0,18,0.137,0.036,0
APP208613,0,0,0,20,0.015,0.044,0
APP208614,1,1,0,23,0.003,0.014,0
APP208615,0,2,0,35,0.021,0.037,0
APP208616,0,0,0,24,0.035,0.179,0
APP208617,0,0,0,8,0.025,0.226,0
APP208618,2,0,0,10,0.044,0.049,0
APP208619,0,0,0,26,0.005,0.086,0
APP208620,0,1,0,24,0.004,0.154,0
APP208621,0,0,0,26,0.107,0.061,0
APP208622,0,0,0,28,0.009,0.119,0
APP208623,0,0,0,18,0.015,0.046,0
APP208624,1,0,0,57,0.007,0.099,0
APP208625,1,2,0,23,0.002,0.088,0
APP208626,2,1,0,13,0.082,0.164,0
APP208627,0,0,0,32,0.03,0.039,0
APP208628,0,0,0,9,0.24,0.106,0
APP208629,0,0,0,12,0.008,0.011,0
APP208630,0,0,0,13,0.002,0.296,0
APP208631,0,0,0,14,0.055,0.157,0
APP208632,0,1,0,22,0.018,0.116,0
APP208633,0,0,0,33,0.067,0.051,0
APP208634,1,0,1,25,0.007,0.183,0
APP208635,1,0,0,23,0.041,0.15,0
APP208636,1,1,0,71,0.185,0.012,0
APP208637,0,0,0,17,0.005,0.013,0
APP208638,0,0,0,12,0.05,0.194,0
APP208639,0,0,0,26,0.005,0.025,0
APP208640,0,0,0,48,0.041,0.04,0
APP208641,0,0,0,21,0.025,0.051,0
APP208642,0,1,0,35,0.016,0.221,0
APP208643,0,0,1,13,0.038,0.013,0
APP208644,0,0,0,12,0.007,0.063,0
APP208645,0,1,0,14,0.043,0.05,0
APP208646,0,0,0,84,0.03,0.049,0
APP208647,0,2,0,24,0.003,0.009,0
APP208648,1,0,0,23,0.038,0.024,0
APP208649,2,0,0,6,0.073,0.234,0
APP208650,1,0,0,2,0.074,0.076,0
APP208651,0,0,0,7,0.003,0.145,0
APP208652,1,0,0,17,0.026,0.051,0
APP208653,0,0,0,55,0.056,0.039,0
APP208654,0,0,0,45,0.198,0.071,0
APP208655,0,1,0,24,0.21,0.069,0
APP208656,1,0,0,21,0.004,0.005,0
APP208657,0,0,0,40,0.018,0.073,0
APP208658,0,0,0,71,0.081,0.086,0
APP208659,1,0,0,10,0.012,0.065,0
APP208660,1,3,0,35,0.132,0.142,0
APP208661,1,0,0,33,0.056,0.049,0
APP208662,0,0,0,68,0.102,0.217,0
APP208663,1,1,0,23,0.057,0.091,0
APP208664,1,1,0,44,0.059,0.047,0
APP208665,0,0,0,19,0.048,0.052,0
APP208666,1,0,0,25,0.003,0.061,0
APP208667,0,1,0,32,0.114,0.085,0
APP208668,0,0,0,17,0.0,0.077,0
APP208669,1,2,0,50,0.055,0.071,0
APP208670,1,1,0,23,0.001,0.07,0
APP208671,1,0,0,29,0.023,0.068,0
APP208672,0,0,0,11,0.024,0.053,0
APP208673,0,0,0,29,0.066,0.12,0
APP208674,0,0,0,26,0.023,0.084,0
APP208675,1,0,0,22,0.047,0.18,0
APP208676,1,0,0,26,0.022,0.166,0
APP208677,1,0,1,39,0.106,0.07,0
APP208678,0,0,0,9,0.009,0.067,0
APP208679,0,0,0,28,0.011,0.055,0
APP208680,1,1,0,12,0.023,0.186,0
APP208681,0,1,0,32,0.056,0.107,0
APP208682,0,2,0,24,0.062,0.044,0
APP208683,0,1,1,52,0.124,0.284,0
APP208684,1,1,0,4,0.004,0.081,0
APP208685,0,1,0,27,0.0,0.101,0
APP208686,0,0,0,21,0.009,0.009,0
APP208687,0,0,0,9,0.013,0.094,0
APP208688,0,1,0,17,0.07,0.026,0
APP208689,0,0,0,15,0.069,0.002,0
APP208690,0,0,0,12,0.009,0.003,0
APP208691,0,0,0,8,0.021,0.001,0
APP208692,0,0,0,12,0.069,0.116,0
APP208693,1,0,0,20,0.004,0.046,0
APP208694,1,0,0,38,0.015,0.05,0
APP208695,1,0,0,32,0.051,0.174,0
APP208696,0,2,0,36,0.028,0.08,0
APP208697,1,0,0,16,0.02,0.174,0
APP208698,0,0,0,27,0.045,0.077,0
APP208699,1,1,0,26,0.067,0.157,0
APP208700,0,0,0,30,0.104,0.015,0
APP208701,0,1,0,22,0.024,0.104,0
APP208702,0,0,0,15,0.028,0.175,0
APP208703,1,0,0,28,0.064,0.008,0
APP208704,0,0,0,44,0.042,0.125,0
APP208705,0,0,0,10,0.132,0.238,0
APP208706,0,0,0,39,0.011,0.308,0
APP208707,0,0,0,21,0.055,0.05,0
APP208708,0,0,0,7,0.001,0.009,0
APP208709,0,1,1,45,0.104,0.163,1
APP208710,1,0,0,36,0.089,0.126,0
APP208711,2,0,0,10,0.001,0.109,0
APP208712,0,0,0,24,0.001,0.146,0
APP208713,0,0,0,44,0.086,0.074,0
APP208714,1,1,0,8,0.082,0.004,0
APP208715,0,0,0,31,0.049,0.088,0
APP208716,0,0,0,47,0.032,0.041,0
APP208717,0,0,0,10,0.072,0.04,0
APP208718,0,3,0,16,0.018,0.011,0
APP208719,0,2,0,18,0.078,0.118,0
APP208720,0,0,0,57,0.006,0.132,0
APP208721,0,0,0,12,0.015,0.255,0
APP208722,0,0,0,26,0.041,0.01,0
APP208723,0,0,0,6,0.011,0.075,0
APP208724,0,1,0,5,0.025,0.086,0
APP208725,1,0,0,16,0.038,0.052,0
APP208726,2,0,0,31,0.039,0.071,0
APP208727,0,0,0,19,0.013,0.047,0
APP208728,2,1,0,27,0.027,0.256,1
APP208729,1,0,0,7,0.047,0.187,0
APP208730,0,0,0,27,0.003,0.027,0
APP208731,0,0,0,11,0.013,0.01,0
APP208732,1,0,0,20,0.014,0.008,0
APP208733,0,0,0,9,0.011,0.004,0
APP208734,1,0,1,17,0.041,0.086,0
APP208735,0,0,0,53,0.003,0.021,0
APP208736,0,2,0,13,0.023,0.021,0
APP208737,0,1,1,33,0.031,0.001,0
APP208738,0,0,0,16,0.016,0.161,0
APP208739,0,2,0,25,0.015,0.033,1
APP208740,0,1,0,22,0.005,0.012,0
APP208741,0,2,1,20,0.015,0.095,0
APP208742,3,0,0,24,0.008,0.154,0
APP208743,1,0,0,25,0.107,0.003,0
APP208744,0,1,0,32,0.073,0.126,0
APP208745,0,1,1,18,0.005,0.117,0
APP208746,1,3,0,31,0.003,0.204,1
APP208747,1,0,0,36,0.166,0.042,0
APP208748,0,0,0,25,0.012,0.237,0
APP208749,0,1,0,20,0.146,0.021,0
APP208750,0,0,0,9,0.048,0.033,0
APP208751,0,0,0,35,0.042,0.055,0
APP208752,0,1,0,27,0.025,0.009,0
APP208753,0,0,0,21,0.016,0.004,0
APP208754,0,0,0,15,0.035,0.023,0
APP208755,0,1,0,29,0.037,0.194,0
APP208756,1,0,0,17,0.016,0.065,0
APP208757,0,0,0,12,0.026,0.021,0
APP208758,1,0,0,9,0.058,0.228,0
APP208759,0,1,1,33,0.056,0.064,0
APP208760,0,0,0,10,0.019,0.028,0
APP208761,0,0,0,11,0.041,0.223,0
APP208762,0,0,0,28,0.106,0.073,0
APP208763,0,0,0,19,0.011,0.147,0
APP208764,0,0,0,18,0.021,0.052,0
APP208765,0,1,0,30,0.029,0.111,0
APP208766,0,0,0,33,0.159,0.035,0
APP208767,0,2,0,18,0.01,0.071,0
APP208768,0,0,0,16,0.053,0.051,0
APP208769,0,1,0,15,0.019,0.23,0
APP208770,0,3,0,36,0.028,0.034,0
APP208771,0,0,0,27,0.246,0.171,0
APP208772,0,1,0,8,0.001,0.015,0
APP208773,1,0,0,19,0.057,0.131,0
APP208774,0,0,0,38,0.009,0.012,0
APP208775,0,0,0,36,0.019,0.067,0
APP208776,0,0,0,59,0.037,0.075,0
APP208777,0,0,1,29,0.093,0.106,0
APP208778,0,0,0,27,0.012,0.108,0
APP208779,0,0,0,26,0.052,0.183,0
APP208780,1,1,0,36,0.004,0.056,0
APP208781,0,0,0,36,0.11,0.043,0
APP208782,0,0,0,16,0.005,0.183,0
APP208783,2,1,0,17,0.003,0.097,0
APP208784,0,1,0,11,0.012,0.097,0
APP208785,0,0,0,58,0.02,0.128,0
APP208786,0,1,0,29,0.075,0.016,0
APP208787,0,2,0,26,0.035,0.176,0
APP208788,0,0,0,17,0.009,0.01,0
APP208789,0,0,0,20,0.083,0.07,0
APP208790,1,0,0,10,0.01,0.087,0
APP208791,0,0,0,46,0.077,0.024,0
APP208792,1,0,0,14,0.051,0.057,0
APP208793,1,1,0,39,0.101,0.243,0
APP208794,0,0,0,13,0.061,0.124,1
APP208795,0,0,0,24,0.238,0.049,0
APP208796,0,0,0,34,0.022,0.204,0
APP208797,0,1,0,23,0.017,0.247,0
APP208798,0,0,0,20,0.002,0.08,0
APP208799,0,0,0,29,0.001,0.041,0
APP208800,0,2,0,16,0.0,0.034,0
APP208801,0,2,0,61,0.043,0.267,0
APP208802,1,0,0,19,0.021,0.029,0
APP208803,1,0,0,9,0.0,0.05,0
APP208804,0,1,0,41,0.058,0.2,0
APP208805,0,2,0,17,0.0,0.139,0
APP208806,0,0,0,34,0.002,0.048,0
APP208807,2,0,0,29,0.049,0.028,0
APP208808,0,0,0,9,0.0,0.072,0
APP208809,0,0,0,43,0.004,0.099,0
APP208810,0,0,0,24,0.122,0.026,0
APP208811,0,0,0,27,0.022,0.032,0
APP208812,0,2,0,7,0.116,0.013,0
APP208813,0,1,0,36,0.034,0.004,0
APP208814,0,1,0,40,0.062,0.055,0
APP208815,0,1,0,11,0.006,0.099,1
APP208816,0,0,0,22,0.028,0.097,0
APP208817,0,1,0,27,0.006,0.04,0
APP208818,1,2,0,5,0.027,0.036,0
APP208819,0,1,0,44,0.036,0.038,0
APP208820,0,3,0,5,0.05,0.015,0
APP208821,0,1,0,17,0.04,0.232,0
APP208822,0,0,0,29,0.028,0.083,0
APP208823,2,0,0,12,0.086,0.161,0
APP208824,0,1,0,9,0.135,0.112,0
APP208825,0,2,0,35,0.148,0.053,0
APP208826,0,0,0,14,0.043,0.179,0
APP208827,1,1,0,21,0.011,0.203,0
APP208828,1,1,0,24,0.014,0.224,0
APP208829,0,1,0,10,0.008,0.035,0
APP208830,1,0,0,27,0.078,0.032,0
APP208831,0,1,0,8,0.004,0.09,0
APP208832,0,0,0,8,0.046,0.095,0
APP208833,1,0,0,26,0.003,0.006,0
APP208834,0,0,0,14,0.028,0.016,0
APP208835,0,0,0,50,0.041,0.224,0
APP208836,0,1,1,19,0.007,0.043,1
APP208837,0,1,0,13,0.035,0.035,0
APP208838,0,1,0,30,0.0,0.048,0
APP208839,0,0,0,44,0.088,0.139,0
APP208840,0,0,0,38,0.048,0.009,0
APP208841,0,1,0,22,0.019,0.055,0
APP208842,0,0,0,9,0.016,0.134,0
APP208843,1,0,0,19,0.024,0.281,0
APP208844,0,1,0,11,0.006,0.008,0
APP208845,0,0,0,20,0.057,0.018,0
APP208846,0,0,0,18,0.055,0.405,0
APP208847,0,1,0,39,0.002,0.145,0
APP208848,0,0,0,32,0.004,0.022,0
APP208849,1,2,0,13,0.009,0.222,0
APP208850,1,0,0,25,0.031,0.03,0
APP208851,0,0,0,13,0.013,0.064,0
APP208852,1,0,0,23,0.004,0.147,0
APP208853,0,1,0,27,0.018,0.292,0
APP208854,1,0,0,17,0.029,0.256,0
APP208855,0,0,0,22,0.058,0.06,0
APP208856,1,2,0,33,0.208,0.021,0
APP208857,0,0,0,23,0.011,0.004,0
APP208858,1,0,0,36,0.038,0.007,0
APP208859,0,0,0,41,0.013,0.06,0
APP208860,1,0,0,18,0.068,0.12,0
APP208861,0,1,0,3,0.019,0.157,0
APP208862,2,0,0,13,0.063,0.276,1
APP208863,0,1,0,25,0.002,0.09,0
APP208864,0,1,0,14,0.112,0.102,0
APP208865,0,0,0,23,0.012,0.025,0
APP208866,0,0,0,9,0.173,0.137,0
APP208867,0,0,0,25,0.08,0.269,0
APP208868,0,2,0,39,0.055,0.007,0
APP208869,0,1,0,15,0.066,0.003,0
APP208870,0,0,0,19,0.004,0.077,0
APP208871,0,0,0,18,0.052,0.059,0
APP208872,0,1,0,20,0.015,0.095,1
APP208873,0,1,0,3,0.007,0.176,0
APP208874,0,0,0,25,0.088,0.206,0
APP208875,1,0,0,25,0.015,0.069,0
APP208876,0,1,0,5,0.093,0.037,0
APP208877,0,1,0,14,0.0,0.213,0
APP208878,1,1,0,21,0.006,0.105,0
APP208879,0,1,0,28,0.032,0.015,0
APP208880,0,1,0,14,0.039,0.013,0
APP208881,0,2,0,41,0.036,0.035,0
APP208882,0,0,0,29,0.006,0.083,0
APP208883,0,0,0,41,0.001,0.081,0
APP208884,1,0,0,32,0.0,0.183,0
APP208885,0,1,0,53,0.015,0.069,0
APP208886,0,2,0,16,0.061,0.138,0
APP208887,0,0,0,22,0.026,0.261,0
APP208888,0,1,0,93,0.062,0.104,1
APP208889,3,1,0,45,0.009,0.051,0
APP208890,1,0,0,27,0.003,0.105,0
APP208891,0,0,0,16,0.027,0.012,0
APP208892,1,1,0,7,0.002,0.215,0
APP208893,0,0,0,8,0.02,0.079,0
APP208894,1,0,0,12,0.011,0.051,0
APP208895,0,0,0,36,0.054,0.063,0
APP208896,1,0,0,37,0.053,0.022,0
APP208897,2,1,0,63,0.192,0.017,0
APP208898,2,0,0,18,0.142,0.019,0
APP208899,0,0,0,17,0.02,0.188,0
APP208900,1,2,0,18,0.055,0.066,0
APP208901,0,0,0,18,0.098,0.028,0
APP208902,0,1,0,4,0.007,0.107,1
APP208903,0,0,0,26,0.006,0.079,0
APP208904,0,1,0,48,0.087,0.362,0
APP208905,0,0,0,42,0.018,0.026,0
APP208906,0,0,0,37,0.026,0.14,0
APP208907,1,0,0,42,0.052,0.116,0
APP208908,0,1,0,6,0.002,0.013,0
APP208909,1,1,0,23,0.069,0.005,0
APP208910,0,2,0,3,0.101,0.015,0
APP208911,0,0,0,15,0.001,0.03,0
APP208912,1,0,0,5,0.034,0.112,0
APP208913,1,0,0,73,0.039,0.083,0
APP208914,0,0,0,30,0.039,0.287,0
APP208915,1,0,0,14,0.055,0.033,0
APP208916,0,0,0,31,0.055,0.178,0
APP208917,0,0,0,31,0.01,0.1,0
APP208918,0,1,0,30,0.085,0.065,0
APP208919,0,1,0,35,0.077,0.128,0
APP208920,0,1,0,8,0.023,0.081,0
APP208921,1,0,0,51,0.079,0.073,0
APP208922,1,1,0,11,0.006,0.325,0
APP208923,0,3,0,32,0.042,0.074,0
APP208924,1,2,0,38,0.017,0.004,0
APP208925,0,1,0,10,0.02,0.1,0
APP208926,0,0,0,10,0.037,0.008,0
APP208927,0,0,0,10,0.14,0.025,0
APP208928,1,0,0,19,0.062,0.309,0
APP208929,0,0,0,12,0.001,0.058,0
APP208930,0,0,0,14,0.047,0.011,0
APP208931,0,1,0,27,0.054,0.167,0
APP208932,0,3,0,8,0.004,0.252,0
APP208933,3,0,0,32,0.023,0.3,0
APP208934,0,0,0,18,0.085,0.222,0
APP208935,0,0,0,16,0.002,0.119,0
APP208936,0,2,0,20,0.16,0.411,0
APP208937,0,0,0,48,0.021,0.005,0
APP208938,0,1,0,8,0.005,0.016,0
APP208939,0,1,0,9,0.017,0.254,0
APP208940,0,0,0,28,0.141,0.088,0
APP208941,0,1,0,21,0.014,0.179,0
APP208942,1,0,0,35,0.01,0.007,0
APP208943,0,0,0,44,0.239,0.109,0
APP208944,0,0,0,31,0.065,0.277,0
APP208945,0,0,0,13,0.006,0.038,0
APP208946,0,0,0,24,0.026,0.084,0
APP208947,0,1,0,13,0.015,0.065,0
APP208948,0,0,0,16,0.031,0.061,0
APP208949,0,0,0,17,0.058,0.101,0
APP208950,0,0,0,15,0.006,0.144,0
APP208951,1,0,0,22,0.162,0.132,0
APP208952,0,0,0,55,0.003,0.165,0
APP208953,0,1,0,7,0.005,0.031,0
APP208954,2,0,0,6,0.005,0.019,0
APP208955,1,2,0,51,0.001,0.246,0
APP208956,0,0,0,60,0.002,0.109,0
APP208957,0,1,0,15,0.108,0.026,0
APP208958,1,0,1,18,0.005,0.052,0
APP208959,0,1,0,14,0.007,0.066,0
APP208960,0,0,0,22,0.047,0.001,0
APP208961,0,0,0,25,0.013,0.211,0
APP208962,0,0,0,36,0.033,0.063,0
APP208963,0,1,0,13,0.001,0.205,0
APP208964,0,0,0,60,0.004,0.251,0
APP208965,1,2,0,21,0.003,0.119,0
APP208966,1,1,0,7,0.079,0.05,0
APP208967,1,0,0,21,0.008,0.022,0
APP208968,0,0,0,29,0.012,0.097,0
APP208969,1,1,0,12,0.036,0.067,0
APP208970,0,2,1,15,0.127,0.093,1
APP208971,1,0,0,29,0.086,0.061,0
APP208972,0,0,0,41,0.003,0.071,0
APP208973,0,0,0,23,0.07,0.041,0
APP208974,0,0,0,61,0.005,0.07,0
APP208975,0,0,0,26,0.101,0.16,0
APP208976,0,0,0,75,0.006,0.084,0
APP208977,0,1,0,35,0.186,0.119,0
APP208978,0,1,0,28,0.011,0.251,0
APP208979,0,3,1,40,0.027,0.023,0
APP208980,2,0,0,14,0.037,0.14,0
APP208981,0,0,0,34,0.128,0.06,0
APP208982,0,0,0,17,0.073,0.131,0
APP208983,0,0,0,23,0.038,0.071,0
APP208984,1,0,0,12,0.171,0.081,0
APP208985,2,0,0,33,0.024,0.239,1
APP208986,0,1,0,55,0.053,0.002,0
APP208987,0,0,0,4,0.04,0.072,0
APP208988,0,1,1,15,0.031,0.142,0
APP208989,0,0,0,39,0.02,0.047,0
APP208990,0,0,0,13,0.004,0.002,0
APP208991,0,0,0,75,0.044,0.015,0
APP208992,0,0,0,19,0.016,0.004,0
APP208993,0,0,0,34,0.022,0.157,0
APP208994,1,0,0,23,0.022,0.038,0
APP208995,0,0,0,12,0.011,0.043,0
APP208996,2,0,0,19,0.046,0.006,0
APP208997,0,1,0,8,0.048,0.078,0
APP208998,0,0,0,24,0.063,0.091,0
APP208999,0,1,0,56,0.137,0.169,0
APP209000,1,0,0,19,0.011,0.005,0
APP209001,0,1,0,12,0.024,0.061,0
APP209002,2,0,0,18,0.081,0.104,0
APP209003,0,0,0,18,0.064,0.061,0
APP209004,0,2,0,13,0.006,0.181,0
APP209005,0,0,1,33,0.13,0.053,0
APP209006,0,2,0,30,0.077,0.026,0
APP209007,0,2,0,20,0.019,0.002,0
APP209008,1,0,0,33,0.065,0.047,0
APP209009,0,1,0,7,0.015,0.037,0
APP209010,0,1,0,54,0.006,0.043,0
APP209011,0,0,0,1,0.099,0.049,0
APP209012,1,0,0,49,0.019,0.07,0
APP209013,2,1,0,33,0.005,0.023,0
APP209014,1,1,0,49,0.025,0.034,0
APP209015,0,1,0,32,0.068,0.007,0
APP209016,1,0,0,10,0.009,0.163,0
APP209017,1,0,0,7,0.011,0.016,0
APP209018,0,0,0,41,0.001,0.186,0
APP209019,0,1,0,24,0.028,0.03,0
APP209020,1,1,0,10,0.022,0.148,0
APP209021,0,2,0,22,0.004,0.034,0
APP209022,0,1,0,15,0.001,0.161,0
APP209023,0,0,0,18,0.033,0.307,0
APP209024,0,1,0,25,0.024,0.131,0
APP209025,0,0,0,29,0.0,0.011,0
APP209026,0,0,0,38,0.051,0.015,0
APP209027,0,0,0,16,0.005,0.049,0
APP209028,0,1,0,24,0.045,0.224,0
APP209029,0,0,0,12,0.051,0.078,0
APP209030,0,0,0,49,0.002,0.043,0
APP209031,0,0,0,9,0.019,0.065,0
APP209032,0,1,0,7,0.039,0.061,0
APP209033,1,0,1,5,0.003,0.02,0
APP209034,0,2,0,10,0.085,0.04,0
APP209035,1,0,0,8,0.006,0.034,0
APP209036,1,1,0,29,0.097,0.011,0
APP209037,0,0,0,92,0.023,0.127,0
APP209038,0,0,0,13,0.004,0.025,0
APP209039,0,0,0,49,0.054,0.313,0
APP209040,0,0,0,38,0.051,0.006,0
APP209041,0,0,0,14,0.074,0.015,0
APP209042,1,1,0,49,0.07,0.304,0
APP209043,1,0,0,40,0.093,0.034,0
APP209044,2,1,0,18,0.033,0.179,0
APP209045,0,1,0,46,0.055,0.039,0
APP209046,1,1,0,7,0.16,0.008,0
APP209047,0,0,0,11,0.044,0.105,0
APP209048,1,0,0,15,0.029,0.167,0
APP209049,1,1,0,45,0.055,0.05,0
APP209050,0,2,0,29,0.018,0.18,0
APP209051,2,0,0,13,0.034,0.118,0
APP209052,1,0,0,19,0.06,0.026,0
APP209053,1,0,0,17,0.007,0.144,0
APP209054,0,1,0,34,0.105,0.147,0
APP209055,0,1,0,18,0.007,0.077,0
APP209056,0,0,0,44,0.006,0.046,0
APP209057,0,0,0,6,0.161,0.16,0
APP209058,1,0,0,42,0.032,0.098,0
APP209059,1,0,0,36,0.038,0.044,0
APP209060,0,0,0,33,0.125,0.012,0
APP209061,0,0,0,12,0.007,0.185,0
APP209062,0,0,0,18,0.05,0.036,0
APP209063,0,1,0,54,0.027,0.078,0
APP209064,0,0,1,26,0.031,0.029,0
APP209065,0,0,0,16,0.049,0.035,0
APP209066,0,0,0,34,0.014,0.006,0
APP209067,1,0,0,39,0.139,0.099,0
APP209068,0,0,0,29,0.003,0.066,0
APP209069,0,0,0,14,0.024,0.094,0
APP209070,0,0,0,51,0.032,0.129,0
APP209071,0,0,0,27,0.015,0.254,0
APP209072,0,1,0,24,0.175,0.024,0
APP209073,0,0,0,18,0.015,0.037,0
APP209074,1,1,0,24,0.013,0.13,0
APP209075,0,1,0,31,0.01,0.036,0
APP209076,0,0,0,5,0.009,0.034,0
APP209077,0,1,0,20,0.039,0.085,0
APP209078,3,1,0,21,0.182,0.046,0
APP209079,0,0,0,30,0.042,0.194,0
APP209080,0,0,0,31,0.032,0.12,0
APP209081,0,0,0,27,0.059,0.095,0
APP209082,1,0,0,19,0.026,0.442,0
APP209083,0,0,0,36,0.008,0.089,0
APP209084,1,0,0,22,0.075,0.032,0
APP209085,0,1,0,8,0.01,0.001,0
APP209086,0,1,0,16,0.054,0.069,0
APP209087,0,0,0,17,0.006,0.05,0
APP209088,0,0,0,21,0.024,0.094,0
APP209089,1,1,0,33,0.001,0.064,0
APP209090,0,1,0,33,0.043,0.074,0
APP209091,1,0,0,29,0.031,0.031,0
APP209092,2,0,0,23,0.068,0.001,0
APP209093,0,0,0,30,0.005,0.126,0
APP209094,0,0,0,12,0.022,0.022,0
APP209095,0,0,0,6,0.056,0.177,0
APP209096,1,0,0,35,0.021,0.096,0
APP209097,1,0,0,14,0.005,0.061,0
APP209098,0,0,0,30,0.024,0.059,0
APP209099,0,0,0,14,0.036,0.028,0
APP209100,1,1,0,22,0.058,0.007,0
APP209101,0,0,0,11,0.086,0.054,0
APP209102,0,0,0,56,0.047,0.102,0
APP209103,0,0,0,34,0.043,0.062,0
APP209104,0,0,0,14,0.072,0.069,0
APP209105,1,0,0,14,0.06,0.081,0
APP209106,0,1,0,11,0.001,0.161,0
APP209107,0,0,1,30,0.078,0.34,0
APP209108,0,0,0,23,0.027,0.126,0
APP209109,0,0,0,8,0.017,0.136,0
APP209110,0,0,0,23,0.04,0.054,0
APP209111,0,2,0,19,0.006,0.012,0
APP209112,0,1,0,18,0.028,0.025,0
APP209113,0,0,0,11,0.037,0.282,0
APP209114,2,0,0,9,0.078,0.059,0
APP209115,0,0,0,36,0.092,0.031,0
APP209116,1,0,0,25,0.085,0.031,0
APP209117,1,0,0,10,0.022,0.067,0
APP209118,1,0,0,27,0.023,0.056,0
APP209119,0,1,0,39,0.134,0.103,0
APP209120,1,0,0,37,0.013,0.052,0
APP209121,1,0,0,24,0.062,0.151,0
APP209122,0,0,0,26,0.001,0.025,0
APP209123,1,0,0,5,0.03,0.031,0
APP209124,1,0,0,17,0.047,0.138,0
APP209125,1,0,0,16,0.002,0.085,0
APP209126,0,0,0,26,0.039,0.079,0
APP209127,0,0,0,34,0.03,0.027,0
APP209128,0,0,0,25,0.013,0.047,0
APP209129,1,0,0,33,0.007,0.145,0
APP209130,0,1,0,12,0.003,0.036,0
APP209131,0,1,0,54,0.041,0.027,0
APP209132,2,2,0,14,0.057,0.121,0
APP209133,0,0,0,3,0.002,0.186,0
APP209134,1,1,0,42,0.04,0.328,0
APP209135,1,0,0,25,0.0,0.079,0
APP209136,0,1,0,8,0.122,0.173,0
APP209137,0,1,0,18,0.013,0.058,0
APP209138,0,0,0,31,0.129,0.228,0
APP209139,0,1,0,22,0.006,0.065,0
APP209140,0,0,0,29,0.072,0.067,0
APP209141,1,1,0,22,0.082,0.148,0
APP209142,0,1,0,79,0.019,0.075,0
APP209143,0,0,0,10,0.061,0.091,0
APP209144,1,1,0,17,0.045,0.123,0
APP209145,0,0,0,26,0.0,0.219,0
APP209146,1,0,0,8,0.016,0.061,0
APP209147,2,0,0,19,0.05,0.156,0
APP209148,0,1,0,15,0.01,0.129,0
APP209149,0,0,0,18,0.144,0.013,0
APP209150,0,0,1,48,0.011,0.065,0
APP209151,1,3,0,20,0.06,0.103,0
APP209152,0,0,0,30,0.145,0.041,0
APP209153,1,1,0,28,0.072,0.088,0
APP209154,0,0,0,9,0.001,0.162,0
APP209155,0,1,0,12,0.06,0.04,0
APP209156,0,0,0,20,0.004,0.086,0
APP209157,1,1,0,15,0.01,0.08,0
APP209158,2,0,0,19,0.054,0.092,0
APP209159,0,1,0,6,0.235,0.089,0
APP209160,0,0,0,19,0.005,0.075,0
APP209161,0,1,0,29,0.037,0.087,0
APP209162,0,0,0,24,0.025,0.193,0
APP209163,0,0,0,12,0.03,0.155,0
APP209164,0,0,0,30,0.02,0.022,0
APP209165,0,0,0,18,0.017,0.203,0
APP209166,1,1,0,21,0.044,0.226,0
APP209167,0,0,0,30,0.128,0.103,0
APP209168,0,1,0,18,0.012,0.06,0
APP209169,1,0,0,7,0.015,0.054,0
APP209170,0,1,0,12,0.023,0.042,0
APP209171,1,0,0,9,0.031,0.115,0
APP209172,0,1,0,34,0.015,0.044,0
APP209173,0,0,0,55,0.145,0.027,0
APP209174,0,1,0,7,0.016,0.136,0
APP209175,0,0,0,28,0.059,0.029,0
APP209176,0,0,1,18,0.011,0.025,0
APP209177,0,0,0,13,0.091,0.007,1
APP209178,1,0,0,23,0.019,0.059,0
APP209179,0,1,0,19,0.0,0.075,0
APP209180,0,0,0,28,0.08,0.086,0
APP209181,0,0,0,46,0.02,0.029,0
APP209182,0,0,0,68,0.002,0.08,0
APP209183,2,0,0,16,0.119,0.257,0
APP209184,0,1,0,17,0.024,0.06,0
APP209185,0,0,0,7,0.0,0.089,0
APP209186,0,0,0,54,0.011,0.018,0
APP209187,1,1,0,20,0.109,0.074,0
APP209188,0,0,0,21,0.031,0.019,0
APP209189,1,0,0,17,0.001,0.129,0
APP209190,0,0,0,14,0.022,0.063,0
APP209191,1,1,0,24,0.003,0.108,0
APP209192,0,0,1,30,0.043,0.008,1
APP209193,1,0,0,26,0.086,0.023,0
APP209194,1,0,0,34,0.0,0.026,0
APP209195,1,1,0,18,0.002,0.122,0
APP209196,0,1,0,34,0.008,0.049,0
APP209197,2,0,0,17,0.007,0.012,0
APP209198,0,0,0,25,0.065,0.074,0
APP209199,1,0,0,38,0.097,0.105,0
APP209200,0,1,0,10,0.057,0.051,0
APP209201,0,0,0,48,0.067,0.003,0
APP209202,1,0,0,17,0.051,0.019,0
APP209203,0,0,0,33,0.0,0.055,0
APP209204,1,0,0,35,0.132,0.117,0
APP209205,1,0,0,10,0.007,0.033,0
APP209206,0,1,0,6,0.109,0.023,0
APP209207,0,0,0,34,0.082,0.082,0
APP209208,0,0,0,8,0.044,0.062,0
APP209209,0,2,0,28,0.02,0.186,0
APP209210,0,0,0,35,0.055,0.126,0
APP209211,1,0,0,48,0.009,0.137,0
APP209212,0,0,1,38,0.027,0.261,0
APP209213,0,0,0,45,0.053,0.026,0
APP209214,0,1,0,38,0.021,0.125,0
APP209215,0,0,0,19,0.12,0.017,0
APP209216,0,0,0,15,0.055,0.142,0
APP209217,1,1,0,19,0.091,0.29,0
APP209218,0,0,0,8,0.059,0.092,0
APP209219,0,0,0,5,0.024,0.136,0
APP209220,0,2,0,15,0.002,0.023,0
APP209221,0,1,0,47,0.008,0.095,0
APP209222,1,0,0,4,0.074,0.036,0
APP209223,1,0,1,55,0.012,0.043,0
APP209224,0,1,0,12,0.065,0.068,0
APP209225,1,0,0,24,0.026,0.208,0
APP209226,1,2,0,21,0.008,0.091,0
APP209227,0,1,0,31,0.028,0.02,0
APP209228,0,0,0,15,0.081,0.09,0
APP209229,0,1,0,11,0.01,0.022,0
APP209230,0,2,0,28,0.013,0.068,0
APP209231,0,0,0,12,0.069,0.013,0
APP209232,0,0,0,12,0.004,0.225,0
APP209233,0,0,0,16,0.002,0.122,0
APP209234,0,0,0,4,0.037,0.066,0
APP209235,0,0,0,14,0.012,0.008,0
APP209236,1,1,0,35,0.066,0.03,0
APP209237,0,0,0,7,0.026,0.07,0
APP209238,0,0,0,13,0.043,0.043,0
APP209239,0,0,0,7,0.052,0.03,0
APP209240,0,0,0,17,0.017,0.007,0
APP209241,1,0,0,20,0.034,0.333,0
APP209242,0,0,0,22,0.028,0.126,0
APP209243,1,1,0,36,0.03,0.31,0
APP209244,0,1,0,39,0.023,0.156,0
APP209245,0,0,0,12,0.012,0.057,0
APP209246,0,0,0,20,0.08,0.068,0
APP209247,0,0,0,21,0.012,0.011,0
APP209248,0,1,0,26,0.023,0.02,1
APP209249,0,0,0,14,0.002,0.131,0
APP209250,0,0,0,11,0.056,0.108,0
APP209251,0,0,0,15,0.013,0.02,0
APP209252,1,1,0,12,0.0,0.042,0
APP209253,0,0,0,29,0.038,0.004,0
APP209254,0,1,0,9,0.002,0.046,0
APP209255,0,1,0,32,0.037,0.069,0
APP209256,0,2,0,20,0.034,0.127,0
APP209257,0,2,0,25,0.023,0.065,0
APP209258,1,0,0,35,0.027,0.159,0
APP209259,1,0,0,31,0.06,0.294,0
APP209260,1,1,0,10,0.089,0.074,0
APP209261,1,1,0,16,0.023,0.146,0
APP209262,0,1,1,23,0.043,0.137,0
APP209263,0,0,0,28,0.028,0.136,0
APP209264,0,0,0,5,0.019,0.058,0
APP209265,0,0,0,4,0.047,0.05,0
APP209266,1,0,0,18,0.057,0.111,0
APP209267,1,1,0,13,0.006,0.013,0
APP209268,0,0,0,11,0.127,0.117,0
APP209269,0,0,0,54,0.024,0.039,0
APP209270,0,1,0,8,0.028,0.004,0
APP209271,0,0,0,51,0.039,0.023,0
APP209272,0,1,0,13,0.083,0.006,0
APP209273,0,0,0,22,0.004,0.191,0
APP209274,1,0,0,43,0.06,0.026,0
APP209275,0,0,0,5,0.028,0.037,0
APP209276,1,1,0,5,0.052,0.075,0
APP209277,0,0,0,48,0.05,0.023,0
APP209278,2,0,0,36,0.006,0.065,0
APP209279,0,2,0,22,0.027,0.19,0
APP209280,0,0,0,32,0.036,0.04,0
APP209281,0,0,0,10,0.045,0.01,0
APP209282,0,1,0,13,0.065,0.155,0
APP209283,0,0,0,11,0.018,0.144,0
APP209284,0,0,0,76,0.076,0.063,0
APP209285,0,0,0,33,0.04,0.048,0
APP209286,1,0,0,27,0.037,0.201,0
APP209287,1,1,0,17,0.01,0.081,0
APP209288,1,0,0,26,0.1,0.005,0
APP209289,0,1,0,21,0.013,0.077,0
APP209290,0,1,0,15,0.128,0.047,0
APP209291,1,0,0,33,0.009,0.068,0
APP209292,1,0,0,28,0.105,0.118,0
APP209293,1,0,0,17,0.073,0.137,0
APP209294,0,0,0,39,0.026,0.136,0
APP209295,0,0,0,30,0.003,0.005,0
APP209296,0,1,0,20,0.003,0.241,0
APP209297,1,0,0,44,0.042,0.065,0
APP209298,1,0,0,54,0.054,0.225,0
APP209299,0,0,0,57,0.125,0.087,0
APP209300,0,1,0,6,0.064,0.273,0
APP209301,0,0,0,39,0.119,0.188,0
APP209302,0,0,0,30,0.002,0.119,0
APP209303,0,1,0,16,0.012,0.011,0
APP209304,2,0,0,17,0.044,0.06,0
APP209305,0,1,1,27,0.022,0.152,0
APP209306,0,1,0,43,0.013,0.049,0
APP209307,1,1,0,15,0.0,0.029,0
APP209308,0,0,0,22,0.038,0.106,0
APP209309,0,1,0,38,0.0,0.1,0
APP209310,1,0,0,31,0.008,0.169,0
APP209311,0,0,1,12,0.025,0.127,0
APP209312,0,0,0,44,0.0,0.122,0
APP209313,0,1,0,25,0.071,0.242,0
APP209314,0,1,0,15,0.021,0.053,0
APP209315,0,1,0,50,0.042,0.044,0
APP209316,0,1,0,13,0.102,0.246,0
APP209317,1,0,0,45,0.055,0.012,0
APP209318,0,1,0,13,0.097,0.051,0
APP209319,1,0,0,40,0.007,0.056,0
APP209320,2,0,0,26,0.003,0.006,1
APP209321,1,0,0,25,0.038,0.04,0
APP209322,0,0,0,39,0.011,0.031,0
APP209323,1,0,0,29,0.079,0.012,0
APP209324,0,0,0,8,0.043,0.253,0
APP209325,0,0,0,26,0.101,0.069,0
APP209326,0,1,0,18,0.0,0.093,0
APP209327,1,0,0,4,0.104,0.013,0
APP209328,0,1,0,29,0.029,0.128,0
APP209329,0,2,0,43,0.007,0.15,0
APP209330,0,1,0,42,0.0,0.055,0
APP209331,3,1,0,31,0.114,0.011,0
APP209332,0,0,0,12,0.003,0.038,0
APP209333,0,1,0,37,0.16,0.007,0
APP209334,0,0,0,50,0.007,0.005,0
APP209335,0,0,0,44,0.012,0.131,0
APP209336,0,1,0,11,0.003,0.047,0
APP209337,1,0,0,42,0.057,0.184,0
APP209338,0,0,0,14,0.015,0.091,0
APP209339,1,0,0,6,0.012,0.194,0
APP209340,1,0,0,26,0.006,0.067,0
APP209341,0,2,0,12,0.001,0.293,0
APP209342,0,0,1,36,0.082,0.019,0
APP209343,0,1,0,7,0.02,0.053,0
APP209344,0,1,0,55,0.046,0.173,0
APP209345,0,0,0,14,0.032,0.06,0
APP209346,1,0,0,22,0.009,0.204,0
APP209347,1,0,0,11,0.074,0.002,0
APP209348,0,1,0,43,0.227,0.053,0
APP209349,2,0,0,29,0.018,0.022,0
APP209350,0,1,0,11,0.079,0.025,0
APP209351,0,1,0,21,0.031,0.005,0
APP209352,0,0,0,21,0.018,0.022,0
APP209353,1,0,0,21,0.015,0.108,0
APP209354,1,0,0,120,0.017,0.024,0
APP209355,0,0,0,27,0.056,0.019,0
APP209356,0,0,0,13,0.0,0.191,0
APP209357,1,0,0,7,0.037,0.056,0
APP209358,2,0,0,6,0.009,0.091,0
APP209359,2,0,0,34,0.013,0.073,0
APP209360,0,0,0,11,0.024,0.073,0
APP209361,0,0,0,15,0.059,0.319,0
APP209362,1,0,0,26,0.099,0.062,0
APP209363,2,1,0,8,0.051,0.001,0
APP209364,2,0,0,10,0.125,0.061,1
APP209365,1,0,0,9,0.039,0.089,0
APP209366,1,1,0,24,0.098,0.058,0
APP209367,0,0,0,11,0.089,0.026,0
APP209368,1,1,0,29,0.004,0.143,0
APP209369,0,0,0,34,0.006,0.085,0
APP209370,0,1,0,28,0.026,0.018,0
APP209371,0,1,0,18,0.068,0.049,0
APP209372,0,0,0,6,0.006,0.031,0
APP209373,0,1,0,22,0.011,0.196,0
APP209374,0,1,0,39,0.005,0.02,0
APP209375,1,0,0,11,0.113,0.007,0
APP209376,0,0,0,39,0.009,0.046,0
APP209377,1,1,0,51,0.012,0.013,0
APP209378,0,0,0,25,0.058,0.09,0
APP209379,0,0,0,7,0.079,0.177,0
APP209380,0,0,0,23,0.038,0.032,0
APP209381,1,1,0,18,0.02,0.17,0
APP209382,0,0,0,14,0.044,0.04,0
APP209383,0,1,0,20,0.105,0.189,0
APP209384,2,2,0,12,0.046,0.349,0
APP209385,1,0,0,8,0.022,0.118,0
APP209386,2,0,0,7,0.004,0.001,0
APP209387,1,2,0,24,0.034,0.196,0
APP209388,0,1,0,21,0.016,0.047,0
APP209389,0,0,0,5,0.014,0.184,0
APP209390,0,1,0,7,0.031,0.116,0
APP209391,1,0,0,19,0.033,0.038,0
APP209392,0,0,0,4,0.014,0.072,0
APP209393,1,0,0,34,0.001,0.077,0
APP209394,0,0,0,16,0.058,0.008,0
APP209395,0,1,0,13,0.045,0.056,0
APP209396,0,0,0,15,0.045,0.083,0
APP209397,0,0,0,40,0.004,0.008,0
APP209398,0,0,0,8,0.002,0.16,0
APP209399,0,0,0,29,0.114,0.381,0
APP209400,1,0,0,37,0.085,0.042,0
APP209401,0,2,0,62,0.005,0.163,0
APP209402,0,0,0,25,0.091,0.194,0
APP209403,0,0,0,36,0.001,0.032,0
APP209404,0,1,0,18,0.136,0.121,0
APP209405,0,0,0,41,0.186,0.041,0
APP209406,0,0,0,13,0.01,0.131,0
APP209407,0,1,0,20,0.034,0.048,0
APP209408,2,0,0,47,0.057,0.074,0
APP209409,0,0,0,15,0.035,0.056,0
APP209410,1,0,0,19,0.014,0.128,0
APP209411,0,0,0,16,0.027,0.013,0
APP209412,0,0,0,24,0.018,0.011,0
APP209413,0,0,0,46,0.016,0.085,0
APP209414,1,0,0,20,0.0,0.005,0
APP209415,0,0,0,13,0.041,0.16,0
APP209416,1,0,0,2,0.323,0.019,0
APP209417,0,0,0,11,0.021,0.106,0
APP209418,0,1,0,15,0.018,0.027,0
APP209419,0,1,1,18,0.04,0.117,0
APP209420,0,0,0,15,0.042,0.047,0
APP209421,0,0,0,19,0.024,0.057,0
APP209422,0,0,0,20,0.029,0.073,0
APP209423,0,0,0,44,0.081,0.042,0
APP209424,0,0,0,22,0.116,0.066,0
APP209425,0,0,0,43,0.01,0.243,0
APP209426,1,0,0,14,0.102,0.185,0
APP209427,0,0,0,39,0.006,0.055,0
APP209428,0,0,0,39,0.011,0.013,0
APP209429,0,0,0,39,0.037,0.157,0
APP209430,0,0,0,15,0.046,0.043,0
APP209431,1,0,0,35,0.149,0.031,0
APP209432,1,1,0,58,0.089,0.047,0
APP209433,0,0,0,20,0.05,0.107,0
APP209434,0,1,0,17,0.023,0.136,0
APP209435,1,0,1,17,0.038,0.042,0
APP209436,0,0,0,18,0.146,0.17,0
APP209437,1,0,0,22,0.004,0.018,0
APP209438,0,1,0,10,0.016,0.053,0
APP209439,0,0,0,17,0.043,0.067,0
APP209440,0,1,0,46,0.058,0.076,0
APP209441,0,0,0,32,0.115,0.032,0
APP209442,1,0,0,14,0.018,0.029,0
APP209443,0,0,0,21,0.054,0.091,0
APP209444,0,1,0,8,0.002,0.008,0
APP209445,0,0,0,22,0.033,0.071,0
APP209446,0,1,0,21,0.01,0.035,0
APP209447,2,1,0,22,0.01,0.02,0
APP209448,0,2,0,31,0.034,0.125,0
APP209449,1,0,0,39,0.019,0.04,0
APP209450,0,0,0,24,0.025,0.182,0
APP209451,1,1,0,7,0.028,0.107,0
APP209452,1,1,0,31,0.016,0.052,0
APP209453,1,0,0,19,0.135,0.063,0
APP209454,0,0,0,37,0.013,0.064,0
APP209455,0,0,0,38,0.075,0.069,0
APP209456,0,1,0,37,0.022,0.082,0
APP209457,1,1,0,21,0.006,0.114,0
APP209458,1,0,0,20,0.003,0.016,0
APP209459,0,1,0,30,0.033,0.038,0
APP209460,0,0,0,36,0.013,0.033,0
APP209461,0,0,0,12,0.018,0.247,0
APP209462,1,0,0,26,0.005,0.12,0
APP209463,0,0,1,20,0.101,0.109,0
APP209464,0,2,0,27,0.011,0.055,0
APP209465,1,1,0,25,0.014,0.057,0
APP209466,0,0,0,25,0.038,0.146,0
APP209467,0,1,1,41,0.058,0.158,0
APP209468,0,1,0,14,0.05,0.004,0
APP209469,0,0,0,23,0.025,0.06,0
APP209470,2,2,0,8,0.032,0.045,0
APP209471,2,1,0,16,0.044,0.133,0
APP209472,1,0,0,31,0.14,0.053,0
APP209473,1,1,0,8,0.007,0.04,0
APP209474,1,3,0,14,0.19,0.063,1
APP209475,0,1,0,21,0.017,0.155,0
APP209476,0,1,0,28,0.016,0.168,0
APP209477,0,0,0,27,0.031,0.007,0
APP209478,0,1,0,9,0.061,0.082,0
APP209479,0,0,0,30,0.025,0.022,0
APP209480,0,0,0,12,0.002,0.066,0
APP209481,0,0,0,44,0.002,0.017,0
APP209482,1,1,0,6,0.162,0.059,0
APP209483,1,0,0,19,0.093,0.014,0
APP209484,1,0,0,26,0.058,0.138,0
APP209485,0,0,0,47,0.048,0.167,0
APP209486,0,0,1,14,0.067,0.06,0
APP209487,0,1,1,6,0.008,0.005,0
APP209488,0,1,0,53,0.088,0.085,0
APP209489,0,2,0,30,0.05,0.093,0
APP209490,1,0,0,7,0.024,0.05,0
APP209491,0,1,0,18,0.001,0.092,0
APP209492,0,0,0,35,0.02,0.16,0
APP209493,1,0,0,38,0.036,0.029,0
APP209494,0,2,0,22,0.101,0.12,0
APP209495,1,0,0,19,0.062,0.007,0
APP209496,0,0,0,59,0.026,0.057,0
APP209497,0,2,0,29,0.008,0.037,0
APP209498,1,0,0,20,0.089,0.262,0
APP209499,0,0,0,53,0.072,0.329,0
APP209500,0,0,0,28,0.007,0.002,0
APP209501,0,0,0,89,0.044,0.102,0
APP209502,0,0,0,42,0.032,0.071,0
APP209503,0,0,0,21,0.055,0.079,0
APP209504,0,2,0,21,0.025,0.122,0
APP209505,0,2,0,23,0.103,0.016,0
APP209506,0,0,0,16,0.0,0.046,0
APP209507,0,1,0,18,0.011,0.1,0
APP209508,0,0,0,39,0.01,0.177,0
APP209509,0,0,0,17,0.004,0.008,0
APP209510,1,0,0,10,0.213,0.135,0
APP209511,1,0,0,17,0.016,0.014,0
APP209512,0,0,0,9,0.017,0.186,0
APP209513,0,0,0,23,0.059,0.347,0
APP209514,0,1,0,41,0.04,0.0,0
APP209515,0,0,0,20,0.027,0.102,0
APP209516,0,0,0,22,0.009,0.006,0
APP209517,0,3,0,20,0.171,0.058,0
APP209518,0,0,1,51,0.002,0.045,0
APP209519,0,1,0,53,0.059,0.096,0
APP209520,2,1,0,36,0.226,0.019,0
APP209521,1,2,0,6,0.022,0.261,1
APP209522,0,1,0,48,0.02,0.143,0
APP209523,1,1,0,28,0.013,0.204,0
APP209524,2,1,0,11,0.008,0.048,0
APP209525,0,1,0,38,0.062,0.056,0
APP209526,0,0,0,99,0.017,0.083,0
APP209527,0,0,0,24,0.019,0.014,0
APP209528,0,1,0,12,0.066,0.084,0
APP209529,2,0,0,14,0.06,0.129,0
APP209530,0,0,0,25,0.0,0.042,0
APP209531,0,0,0,21,0.037,0.075,0
APP209532,0,0,0,39,0.117,0.043,0
APP209533,0,1,0,22,0.04,0.138,0
APP209534,1,0,0,12,0.006,0.112,0
APP209535,1,1,0,19,0.209,0.006,0
APP209536,1,1,1,35,0.011,0.083,0
APP209537,1,0,0,50,0.015,0.018,0
APP209538,0,0,0,38,0.021,0.044,0
APP209539,0,0,0,27,0.023,0.007,0
APP209540,0,1,0,26,0.02,0.121,0
APP209541,0,1,0,17,0.005,0.068,0
APP209542,0,1,0,7,0.015,0.05,0
APP209543,1,2,0,23,0.052,0.133,0
APP209544,0,0,0,35,0.002,0.041,0
APP209545,2,0,0,13,0.071,0.112,0
APP209546,0,1,0,7,0.026,0.065,0
APP209547,0,0,0,18,0.024,0.078,0
APP209548,1,0,0,19,0.005,0.115,0
APP209549,0,0,0,37,0.014,0.066,0
APP209550,0,2,0,14,0.017,0.066,0
APP209551,0,0,0,30,0.127,0.119,0
APP209552,1,1,0,36,0.003,0.067,0
APP209553,0,1,0,39,0.028,0.029,0
APP209554,0,0,0,30,0.067,0.18,0
APP209555,0,0,1,25,0.051,0.056,0
APP209556,0,0,0,34,0.211,0.015,0
APP209557,0,0,0,24,0.022,0.116,0
APP209558,0,0,0,17,0.126,0.028,0
APP209559,2,0,0,25,0.027,0.111,0
APP209560,1,0,0,39,0.009,0.103,0
APP209561,0,1,1,52,0.033,0.037,0
APP209562,0,0,0,65,0.12,0.045,0
APP209563,0,1,0,25,0.01,0.04,0
APP209564,0,0,0,17,0.012,0.114,0
APP209565,0,0,0,35,0.036,0.052,0
APP209566,1,1,0,57,0.009,0.071,0
APP209567,0,1,0,14,0.107,0.048,0
APP209568,0,0,0,10,0.007,0.026,0
APP209569,1,0,0,12,0.036,0.031,0
APP209570,0,0,0,24,0.063,0.06,0
APP209571,0,0,0,39,0.011,0.127,0
APP209572,0,1,0,8,0.018,0.09,0
APP209573,0,0,0,18,0.002,0.088,0
APP209574,0,0,0,16,0.004,0.264,0
APP209575,0,0,0,7,0.03,0.147,0
APP209576,0,0,0,9,0.022,0.093,0
APP209577,0,1,0,25,0.097,0.136,0
APP209578,1,1,0,20,0.001,0.054,0
APP209579,0,2,0,19,0.002,0.043,0
APP209580,0,1,0,34,0.065,0.046,0
APP209581,1,2,0,29,0.019,0.081,0
APP209582,0,0,0,34,0.031,0.153,0
APP209583,0,0,0,13,0.033,0.022,0
APP209584,2,1,0,14,0.072,0.093,0
APP209585,1,1,0,13,0.0,0.032,0
APP209586,0,0,0,49,0.085,0.06,0
APP209587,0,0,0,10,0.055,0.018,0
APP209588,0,0,0,20,0.023,0.081,0
APP209589,1,2,0,24,0.035,0.095,0
APP209590,0,2,0,14,0.007,0.185,0
APP209591,1,0,0,17,0.031,0.167,0
APP209592,1,1,0,27,0.006,0.021,0
APP209593,0,1,0,25,0.033,0.182,0
APP209594,0,0,0,14,0.004,0.11,0
APP209595,0,1,0,41,0.032,0.006,0
APP209596,1,0,0,16,0.043,0.007,0
APP209597,0,0,0,36,0.031,0.007,0
APP209598,0,0,0,39,0.009,0.013,0
APP209599,0,0,0,31,0.021,0.069,0
APP209600,0,0,0,49,0.146,0.016,0
APP209601,0,2,0,37,0.021,0.003,0
APP209602,1,1,0,5,0.039,0.061,0
APP209603,1,2,0,29,0.029,0.057,0
APP209604,0,0,0,12,0.03,0.003,0
APP209605,0,0,0,36,0.005,0.072,0
APP209606,1,2,0,21,0.047,0.057,0
APP209607,0,1,0,62,0.028,0.012,0
APP209608,0,0,0,11,0.124,0.063,0
APP209609,1,1,0,11,0.059,0.066,0
APP209610,1,0,0,6,0.012,0.098,0
APP209611,2,1,0,16,0.084,0.129,0
APP209612,0,0,0,10,0.099,0.055,0
APP209613,0,0,0,10,0.089,0.095,0
APP209614,1,0,0,22,0.029,0.409,0
APP209615,1,0,0,43,0.019,0.057,0
APP209616,1,0,0,29,0.014,0.076,0
APP209617,0,0,0,60,0.003,0.028,0
APP209618,0,1,0,21,0.228,0.18,0
APP209619,2,1,0,32,0.026,0.026,0
APP209620,0,0,0,25,0.038,0.108,0
APP209621,0,0,0,11,0.089,0.073,0
APP209622,0,0,0,25,0.1,0.061,0
APP209623,0,0,0,48,0.057,0.123,0
APP209624,1,0,0,15,0.005,0.061,0
APP209625,0,1,0,24,0.027,0.049,0
APP209626,0,1,0,54,0.004,0.37,0
APP209627,0,1,0,22,0.035,0.157,0
APP209628,0,0,0,43,0.095,0.155,0
APP209629,0,0,0,16,0.014,0.151,0
APP209630,1,2,0,27,0.021,0.037,0
APP209631,0,0,0,7,0.049,0.033,0
APP209632,0,1,0,43,0.175,0.002,0
APP209633,0,3,0,34,0.013,0.189,0
APP209634,0,0,0,31,0.135,0.087,0
APP209635,0,0,0,10,0.04,0.001,0
APP209636,0,0,0,21,0.0,0.024,0
APP209637,1,0,0,9,0.007,0.042,0
APP209638,0,0,0,24,0.009,0.179,0
APP209639,0,0,0,66,0.085,0.273,0
APP209640,1,1,0,43,0.085,0.136,0
APP209641,0,0,0,22,0.015,0.046,0
APP209642,0,0,0,11,0.004,0.068,0
APP209643,0,0,0,31,0.015,0.091,0
APP209644,0,0,0,12,0.028,0.147,0
APP209645,2,2,0,37,0.054,0.017,0
APP209646,1,0,0,58,0.013,0.117,0
APP209647,0,0,1,33,0.023,0.372,0
APP209648,1,0,0,10,0.018,0.129,0
APP209649,0,1,0,28,0.019,0.164,0
APP209650,0,0,0,39,0.013,0.056,0
APP209651,0,0,0,26,0.01,0.048,0
APP209652,1,0,0,37,0.111,0.12,0
APP209653,1,1,0,7,0.039,0.047,0
APP209654,0,0,0,9,0.024,0.038,0
APP209655,0,0,0,14,0.035,0.363,0
APP209656,2,0,0,37,0.071,0.093,0
APP209657,0,0,0,42,0.019,0.08,0
APP209658,0,1,0,24,0.035,0.056,0
APP209659,0,0,0,14,0.007,0.049,0
APP209660,2,0,0,15,0.006,0.103,0
APP209661,0,1,0,20,0.014,0.082,0
APP209662,0,1,0,16,0.01,0.295,0
APP209663,0,1,0,24,0.055,0.066,0
APP209664,0,0,0,49,0.019,0.018,0
APP209665,0,1,0,5,0.025,0.125,0
APP209666,0,1,0,23,0.036,0.084,0
APP209667,1,1,0,15,0.014,0.026,0
APP209668,1,1,0,13,0.007,0.054,1
APP209669,0,1,0,30,0.079,0.111,0
APP209670,0,0,0,24,0.019,0.11,0
APP209671,0,0,0,23,0.002,0.046,0
APP209672,0,2,0,33,0.009,0.059,0
APP209673,0,0,0,26,0.05,0.023,0
APP209674,1,0,0,12,0.035,0.162,0
APP209675,0,0,0,88,0.01,0.02,0
APP209676,0,0,1,16,0.014,0.021,0
APP209677,0,0,0,62,0.01,0.067,0
APP209678,0,1,0,30,0.1,0.224,0
APP209679,0,2,0,14,0.0,0.08,0
APP209680,0,0,0,16,0.01,0.053,0
APP209681,2,0,0,22,0.022,0.089,0
APP209682,1,1,0,60,0.033,0.11,0
APP209683,1,0,0,46,0.023,0.008,0
APP209684,0,0,0,16,0.017,0.048,0
APP209685,1,1,0,7,0.024,0.058,0
APP209686,0,1,0,21,0.131,0.015,0
APP209687,0,1,0,12,0.039,0.16,0
APP209688,0,3,0,28,0.056,0.263,0
APP209689,1,0,0,12,0.141,0.027,0
APP209690,0,1,0,19,0.032,0.009,0
APP209691,0,0,0,25,0.049,0.063,0
APP209692,0,0,0,25,0.063,0.068,0
APP209693,0,0,0,21,0.031,0.08,0
APP209694,1,0,0,10,0.005,0.032,0
APP209695,0,2,0,24,0.035,0.006,0
APP209696,0,0,0,11,0.003,0.29,0
APP209697,0,0,0,33,0.004,0.125,0
APP209698,0,0,0,30,0.04,0.038,0
APP209699,3,0,0,11,0.102,0.049,0
APP209700,0,0,0,15,0.01,0.015,0
APP209701,2,0,0,26,0.106,0.067,0
APP209702,0,2,0,32,0.021,0.117,0
APP209703,0,0,1,10,0.045,0.169,0
APP209704,0,0,1,24,0.034,0.003,0
APP209705,1,0,0,12,0.07,0.265,0
APP209706,0,1,0,12,0.174,0.113,0
APP209707,0,1,0,22,0.009,0.125,0
APP209708,0,0,0,53,0.081,0.063,0
APP209709,0,0,0,14,0.083,0.185,0
APP209710,0,0,0,7,0.028,0.098,0
APP209711,0,0,0,18,0.03,0.059,0
APP209712,1,1,0,16,0.12,0.005,0
APP209713,0,0,0,33,0.002,0.054,0
APP209714,0,0,0,47,0.001,0.214,0
APP209715,2,0,0,12,0.014,0.005,0
APP209716,0,1,0,16,0.119,0.081,0
APP209717,0,0,0,17,0.003,0.078,0
APP209718,0,0,0,23,0.011,0.184,0
APP209719,0,0,0,11,0.007,0.149,0
APP209720,0,0,0,47,0.0,0.002,0
APP209721,0,1,0,27,0.02,0.076,0
APP209722,0,2,0,19,0.071,0.106,0
APP209723,1,0,0,51,0.145,0.048,0
APP209724,0,0,0,18,0.065,0.001,0
APP209725,0,0,0,12,0.002,0.001,0
APP209726,0,0,0,34,0.0,0.121,0
APP209727,0,0,0,20,0.019,0.043,0
APP209728,1,1,0,22,0.055,0.182,0
APP209729,0,0,0,22,0.014,0.127,0
APP209730,0,0,0,21,0.004,0.046,0
APP209731,1,1,0,9,0.026,0.125,0
APP209732,0,0,0,8,0.061,0.007,0
APP209733,1,0,0,21,0.093,0.073,0
APP209734,0,1,0,21,0.051,0.31,0
APP209735,0,0,0,33,0.003,0.021,0
APP209736,1,1,0,17,0.059,0.082,0
APP209737,0,0,0,12,0.003,0.045,0
APP209738,1,0,0,27,0.019,0.189,0
APP209739,2,0,0,23,0.131,0.097,0
APP209740,0,1,1,36,0.093,0.147,0
APP209741,1,0,0,5,0.017,0.14,0
APP209742,0,0,0,24,0.001,0.054,0
APP209743,2,0,0,15,0.049,0.164,0
APP209744,0,0,0,27,0.001,0.024,0
APP209745,2,0,0,24,0.005,0.096,0
APP209746,0,0,0,18,0.05,0.081,0
APP209747,0,0,1,45,0.053,0.034,0
APP209748,0,1,0,17,0.016,0.001,0
APP209749,0,1,0,19,0.035,0.212,0
APP209750,0,1,0,36,0.004,0.099,0
APP209751,0,1,0,13,0.069,0.105,0
APP209752,0,0,0,18,0.159,0.24,0
APP209753,0,0,0,15,0.043,0.03,0
APP209754,0,1,0,25,0.026,0.316,0
APP209755,0,0,0,26,0.017,0.074,0
APP209756,0,1,0,14,0.062,0.069,0
APP209757,0,0,0,23,0.044,0.138,0
APP209758,1,0,0,5,0.021,0.147,0
APP209759,1,0,0,12,0.002,0.016,0
APP209760,0,0,0,45,0.003,0.212,0
APP209761,0,0,0,46,0.005,0.093,0
APP209762,0,1,0,9,0.004,0.182,0
APP209763,0,1,0,10,0.062,0.013,0
APP209764,0,0,0,18,0.011,0.009,0
APP209765,0,0,0,24,0.008,0.251,0
APP209766,1,1,0,11,0.014,0.003,0
APP209767,0,0,0,13,0.048,0.074,0
APP209768,0,0,0,10,0.043,0.105,0
APP209769,0,1,0,18,0.009,0.057,0
APP209770,0,0,0,24,0.009,0.13,0
APP209771,1,0,0,16,0.111,0.095,0
APP209772,0,0,0,19,0.001,0.159,0
APP209773,0,1,0,31,0.027,0.209,0
APP209774,0,0,0,15,0.03,0.037,0
APP209775,0,0,0,16,0.036,0.155,0
APP209776,0,0,0,13,0.077,0.138,0
APP209777,1,1,0,29,0.08,0.068,0
APP209778,0,0,0,14,0.001,0.051,0
APP209779,1,0,0,21,0.001,0.239,0
APP209780,0,0,0,28,0.04,0.121,0
APP209781,0,0,0,14,0.038,0.031,0
APP209782,0,1,0,18,0.174,0.054,0
APP209783,0,0,0,9,0.087,0.129,0
APP209784,0,0,0,13,0.003,0.091,0
APP209785,0,0,0,50,0.063,0.107,0
APP209786,0,1,0,19,0.014,0.009,0
APP209787,1,0,0,23,0.004,0.047,0
APP209788,0,1,1,16,0.006,0.057,1
APP209789,0,0,0,11,0.057,0.067,0
APP209790,0,0,0,11,0.168,0.041,0
APP209791,0,0,0,26,0.023,0.032,0
APP209792,0,0,0,7,0.012,0.325,0
APP209793,0,1,0,88,0.069,0.044,0
APP209794,0,1,0,43,0.037,0.132,0
APP209795,0,0,0,9,0.018,0.075,0
APP209796,0,0,0,22,0.053,0.108,0
APP209797,1,1,0,18,0.031,0.119,0
APP209798,0,0,0,42,0.034,0.064,0
APP209799,2,0,0,10,0.035,0.011,0
APP209800,0,0,0,7,0.014,0.055,0
APP209801,0,1,0,40,0.062,0.011,0
APP209802,1,0,0,48,0.023,0.053,0
APP209803,1,0,0,7,0.009,0.048,0
APP209804,1,2,0,26,0.001,0.059,0
APP209805,0,0,0,36,0.092,0.051,0
APP209806,1,0,0,12,0.016,0.17,0
APP209807,1,0,0,12,0.014,0.037,0
APP209808,0,0,0,34,0.096,0.022,0
APP209809,0,0,0,6,0.056,0.041,0
APP209810,0,0,0,8,0.042,0.045,0
APP209811,1,1,0,21,0.076,0.083,0
APP209812,0,0,0,19,0.177,0.053,0
APP209813,0,0,0,42,0.008,0.063,0
APP209814,0,2,0,16,0.099,0.416,0
APP209815,0,1,0,10,0.057,0.155,0
APP209816,1,0,0,6,0.021,0.234,0
APP209817,0,1,0,16,0.022,0.008,0
APP209818,0,1,0,19,0.001,0.14,0
APP209819,0,0,0,13,0.11,0.136,0
APP209820,1,1,0,25,0.004,0.065,0
APP209821,0,1,0,5,0.103,0.043,0
APP209822,1,1,0,10,0.023,0.029,0
APP209823,0,0,0,38,0.063,0.002,0
APP209824,0,0,0,32,0.031,0.066,0
APP209825,0,0,0,20,0.025,0.0,0
APP209826,0,0,0,15,0.038,0.238,0
APP209827,0,0,0,13,0.195,0.026,0
APP209828,0,0,0,14,0.004,0.088,0
APP209829,1,0,0,4,0.038,0.076,0
APP209830,1,0,0,17,0.016,0.048,0
APP209831,0,1,0,23,0.014,0.088,0
APP209832,0,0,0,4,0.005,0.186,0
APP209833,0,0,0,3,0.023,0.306,0
APP209834,0,0,0,13,0.023,0.007,0
APP209835,0,0,0,10,0.038,0.035,0
APP209836,0,0,0,11,0.089,0.105,0
APP209837,1,1,0,31,0.084,0.208,0
APP209838,1,0,0,17,0.076,0.214,1
APP209839,0,1,0,32,0.0,0.082,0
APP209840,0,0,0,31,0.067,0.026,0
APP209841,1,0,0,26,0.02,0.102,0
APP209842,0,1,0,39,0.026,0.125,0
APP209843,1,0,0,18,0.032,0.042,0
APP209844,0,0,0,26,0.03,0.042,0
APP209845,1,0,0,28,0.021,0.031,0
APP209846,0,1,0,20,0.017,0.058,1
APP209847,1,0,0,22,0.001,0.09,0
APP209848,0,0,0,14,0.01,0.324,0
APP209849,0,2,0,19,0.004,0.085,0
APP209850,0,1,0,17,0.228,0.028,0
APP209851,0,0,0,40,0.028,0.126,0
APP209852,2,1,0,26,0.111,0.022,0
APP209853,0,0,0,12,0.069,0.065,0
APP209854,0,2,0,10,0.024,0.084,0
APP209855,0,1,0,26,0.018,0.047,0
APP209856,0,1,0,39,0.002,0.027,0
APP209857,0,1,0,19,0.073,0.033,0
APP209858,3,1,0,8,0.006,0.014,0
APP209859,2,0,1,14,0.344,0.077,1
APP209860,1,0,0,10,0.092,0.22,0
APP209861,0,0,0,36,0.084,0.079,0
APP209862,0,0,0,42,0.022,0.049,0
APP209863,1,1,0,8,0.031,0.256,0
APP209864,0,0,0,21,0.032,0.137,0
APP209865,1,0,0,40,0.008,0.041,0
APP209866,1,0,0,33,0.107,0.01,0
APP209867,0,0,0,24,0.073,0.052,0
APP209868,0,1,0,21,0.091,0.047,0
APP209869,0,1,0,11,0.006,0.331,0
APP209870,0,1,0,46,0.027,0.044,0
APP209871,0,0,0,7,0.041,0.04,0
APP209872,1,0,0,20,0.022,0.082,0
APP209873,0,2,0,8,0.002,0.021,0
APP209874,0,0,0,9,0.002,0.016,0
APP209875,1,0,0,19,0.02,0.154,0
APP209876,0,1,0,35,0.003,0.237,0
APP209877,1,0,0,23,0.218,0.064,0
APP209878,0,0,0,23,0.181,0.082,0
APP209879,1,0,0,44,0.005,0.026,0
APP209880,1,1,0,10,0.001,0.06,0
APP209881,3,0,0,25,0.011,0.015,0
APP209882,1,0,0,5,0.027,0.029,0
APP209883,0,0,0,46,0.009,0.039,0
APP209884,0,1,0,15,0.113,0.064,0
APP209885,0,0,0,11,0.08,0.009,0
APP209886,0,0,0,10,0.051,0.276,0
APP209887,0,1,0,52,0.059,0.072,0
APP209888,0,0,0,39,0.086,0.277,0
APP209889,0,0,0,20,0.076,0.07,0
APP209890,0,0,0,24,0.016,0.039,0
APP209891,0,0,0,9,0.094,0.051,0
APP209892,0,0,0,16,0.039,0.063,0
APP209893,2,1,0,21,0.084,0.032,0
APP209894,0,0,0,19,0.011,0.144,0
APP209895,0,0,0,36,0.008,0.035,0
APP209896,0,2,0,11,0.178,0.196,0
APP209897,1,0,0,15,0.003,0.069,0
APP209898,0,0,0,13,0.0,0.076,0
APP209899,0,1,0,44,0.009,0.153,0
APP209900,0,1,0,9,0.012,0.099,0
APP209901,1,0,0,40,0.131,0.15,0
APP209902,1,0,0,35,0.001,0.078,0
APP209903,0,0,0,23,0.012,0.052,0
APP209904,0,1,0,59,0.029,0.036,0
APP209905,2,0,0,41,0.026,0.042,0
APP209906,0,0,0,26,0.018,0.011,0
APP209907,1,0,0,23,0.076,0.113,0
APP209908,0,1,0,10,0.037,0.132,0
APP209909,0,0,1,40,0.058,0.183,0
APP209910,1,0,0,29,0.034,0.339,0
APP209911,2,0,0,13,0.017,0.175,0
APP209912,2,1,0,43,0.004,0.153,0
APP209913,0,1,0,15,0.006,0.131,0
APP209914,0,1,0,6,0.027,0.03,0
APP209915,1,0,0,27,0.073,0.001,0
APP209916,0,1,0,17,0.035,0.004,0
APP209917,0,0,0,24,0.01,0.016,0
APP209918,1,1,0,80,0.099,0.002,0
APP209919,0,1,0,31,0.089,0.137,0
APP209920,0,1,1,6,0.033,0.014,0
APP209921,0,0,0,34,0.006,0.041,0
APP209922,0,2,0,19,0.026,0.023,0
APP209923,0,0,0,12,0.048,0.165,0
APP209924,0,1,0,60,0.05,0.04,0
APP209925,0,1,0,9,0.017,0.18,0
APP209926,0,1,0,24,0.04,0.131,0
APP209927,0,1,1,12,0.003,0.062,0
APP209928,0,0,0,11,0.053,0.008,0
APP209929,1,1,0,22,0.005,0.158,0
APP209930,0,2,0,28,0.07,0.105,0
APP209931,1,0,0,20,0.066,0.081,0
APP209932,0,1,0,27,0.035,0.015,0
APP209933,1,0,0,37,0.062,0.093,0
APP209934,0,1,0,38,0.102,0.02,0
APP209935,0,0,0,20,0.197,0.058,0
APP209936,0,0,0,41,0.026,0.019,0
APP209937,0,0,0,8,0.023,0.223,0
APP209938,0,0,0,34,0.016,0.072,0
APP209939,0,0,0,30,0.006,0.106,0
APP209940,0,0,0,15,0.027,0.032,0
APP209941,2,1,0,22,0.17,0.05,0
APP209942,0,1,0,15,0.004,0.145,0
APP209943,0,0,0,24,0.012,0.19,0
APP209944,2,1,0,34,0.098,0.06,0
APP209945,0,0,0,21,0.0,0.096,0
APP209946,0,2,0,53,0.081,0.084,0
APP209947,0,1,0,53,0.235,0.02,0
APP209948,0,0,0,23,0.027,0.013,0
APP209949,0,0,0,47,0.028,0.104,0
APP209950,0,0,0,23,0.01,0.02,0
APP209951,1,0,0,23,0.019,0.009,0
APP209952,0,0,0,6,0.16,0.126,0
APP209953,0,0,0,17,0.071,0.057,0
APP209954,0,0,0,27,0.026,0.041,0
APP209955,0,0,0,28,0.035,0.065,1
APP209956,0,0,0,27,0.0,0.093,0
APP209957,0,0,0,9,0.027,0.105,0
APP209958,1,0,1,22,0.001,0.071,0
APP209959,0,2,0,18,0.007,0.165,0
APP209960,0,0,0,38,0.068,0.019,0
APP209961,0,0,0,25,0.035,0.075,0
APP209962,0,0,0,2,0.084,0.05,0
APP209963,0,0,0,18,0.014,0.07,0
APP209964,2,1,0,48,0.012,0.056,0
APP209965,1,1,0,19,0.118,0.208,0
APP209966,1,1,0,17,0.087,0.06,0
APP209967,0,0,0,11,0.242,0.017,0
APP209968,0,1,0,23,0.07,0.095,0
APP209969,0,1,0,24,0.038,0.116,0
APP209970,0,1,0,29,0.031,0.144,0
APP209971,1,0,1,25,0.07,0.173,0
APP209972,0,0,0,42,0.02,0.058,0
APP209973,0,0,0,7,0.092,0.064,0
APP209974,0,0,0,12,0.19,0.008,0
APP209975,0,0,0,19,0.001,0.05,0
APP209976,1,0,0,50,0.023,0.128,0
APP209977,0,0,0,44,0.038,0.112,0
APP209978,0,1,0,13,0.01,0.044,0
APP209979,0,1,0,24,0.016,0.128,0
APP209980,0,0,0,36,0.059,0.036,0
APP209981,2,0,0,19,0.059,0.005,0
APP209982,0,0,0,48,0.001,0.065,0
APP209983,0,0,0,10,0.099,0.117,0
APP209984,0,0,0,34,0.105,0.025,0
APP209985,2,0,0,24,0.01,0.035,0
APP209986,2,0,0,24,0.028,0.296,0
APP209987,0,2,0,28,0.005,0.029,0
APP209988,1,0,0,35,0.078,0.117,0
APP209989,0,0,0,31,0.029,0.164,0
APP209990,0,0,0,26,0.014,0.052,0
APP209991,0,1,0,12,0.023,0.071,0
APP209992,0,0,0,38,0.047,0.339,0
APP209993,0,0,0,12,0.028,0.04,0
APP209994,0,1,0,33,0.037,0.072,0
APP209995,0,0,0,12,0.131,0.019,0
APP209996,1,1,0,21,0.198,0.125,0
APP209997,1,1,0,36,0.115,0.074,0
APP209998,1,0,0,63,0.038,0.024,0
APP209999,0,0,0,15,0.019,0.078,0
