application_id,policy_version,policy_status,failed_rules
APP200000,PL_2026_V1,ELIGIBLE,
APP200001,PL_2026_V1,ELIGIBLE,
APP200002,PL_2026_V1,ELIGIBLE,
APP200003,PL_2026_V1,ELIGIBLE,
APP200004,PL_2026_V1,ELIGIBLE,
APP200005,PL_2026_V1,ELIGIBLE,
APP200006,PL_2026_V1,ELIGIBLE,
APP200007,PL_2026_V1,ELIGIBLE,
APP200008,PL_2026_V1,ELIGIBLE,
APP200009,PL_2026_V1,ELIGIBLE,
APP200010,PL_2026_V1,INELIGIBLE,MIN_INCOME
APP200011,PL_2026_V1,INELIGIBLE,BUREAU_SCORE
APP200012,PL_2026_V1,ELIGIBLE,
APP200013,PL_2026_V1,ELIGIBLE,
APP200014,PL_2026_V1,ELIGIBLE,
APP200015,PL_2026_V1,ELIGIBLE,
APP200016,PL_2026_V1,INELIGIBLE,BUREAU_SCORE
APP200017,PL_2026_V1,ELIGIBLE,
APP200018,PL_2026_V1,ELIGIBLE,
APP200019,PL_2026_V1,INELIGIBLE,MIN_INCOME|FOIR
APP200020,PL_2026_V1,ELIGIBLE,
APP200021,PL_2026_V1,INELIGIBLE,BUREAU_SCORE
APP200022,PL_2026_V1,ELIGIBLE,
APP200023,PL_2026_V1,INELIGIBLE,BUREAU_SCORE
APP200024,PL_2026_V1,ELIGIBLE,
APP200025,PL_2026_V1,INELIGIBLE,BUREAU_SCORE|EMPLOYMENT_TENURE
APP200026,PL_2026_V1,INELIGIBLE,BUREAU_SCORE
APP200027,PL_2026_V1,INELIGIBLE,BUREAU_SCORE|FOIR
APP200028,PL_2026_V1,ELIGIBLE,
APP200029,PL_2026_V1,ELIGIBLE,
APP200030,PL_2026_V1,INELIGIBLE,BUREAU_SCORE
APP200031,PL_2026_V1,ELIGIBLE,
APP200032,PL_2026_V1,ELIGIBLE,
APP200033,PL_2026_V1,INELIGIBLE,BUREAU_SCORE
APP200034,PL_2026_V1,INELIGIBLE,BUREAU_SCORE
APP200035,PL_2026_V1,ELIGIBLE,
APP200036,PL_2026_V1,ELIGIBLE,
APP200037,PL_2026_V1,INELIGIBLE,BUREAU_SCORE
APP200038,PL_2026_V1,ELIGIBLE,
APP200039,PL_2026_V1,INELIGIBLE,BUREAU_SCORE
APP200040,PL_2026_V1,ELIGIBLE,
APP200041,PL_2026_V1,ELIGIBLE,
APP200042,PL_2026_V1,INELIGIBLE,BUREAU_SCORE
APP200043,PL_2026_V1,ELIGIBLE,
APP200044,PL_2026_V1,ELIGIBLE,
APP200045,PL_2026_V1,ELIGIBLE,
APP200046,PL_2026_V1,INELIGIBLE,FOIR
APP200047,PL_2026_V1,INELIGIBLE,BUREAU_SCORE
APP200048,PL_2026_V1,INELIGIBLE,MIN_INCOME
APP200049,PL_2026_V1,ELIGIBLE,
APP200050,PL_2026_V1,INELIGIBLE,MIN_INCOME
APP200051,PL_2026_V1,INELIGIBLE,MIN_INCOME
APP200052,PL_2026_V1,INELIGIBLE,BUREAU_SCORE
APP200053,PL_2026_V1,ELIGIBLE,
APP200054,PL_2026_V1,INELIGIBLE,BUREAU_SCORE
APP200055,PL_2026_V1,ELIGIBLE,
APP200056,PL_2026_V1,INELIGIBLE,BUREAU_SCORE
APP200057,PL_2026_V1,ELIGIBLE,
APP200058,PL_2026_V1,INELIGIBLE,MIN_INCOME|BUREAU_SCORE
APP200059,PL_2026_V1,ELIGIBLE,
APP200060,PL_2026_V1,ELIGIBLE,
APP200061,PL_2026_V1,ELIGIBLE,
APP200062,PL_2026_V1,ELIGIBLE,
APP200063,PL_2026_V1,INELIGIBLE,BUREAU_SCORE
APP200064,PL_2026_V1,INELIGIBLE,BUREAU_SCORE|FOIR
APP200065,PL_2026_V1,INELIGIBLE,BUREAU_SCORE
APP200066,PL_2026_V1,ELIGIBLE,
APP200067,PL_2026_V1,INELIGIBLE,BUREAU_SCORE
APP200068,PL_2026_V1,INELIGIBLE,BUREAU_SCORE
APP200069,PL_2026_V1,ELIGIBLE,
APP200070,PL_2026_V1,INELIGIBLE,MIN_INCOME
APP200071,PL_2026_V1,ELIGIBLE,
APP200072,PL_2026_V1,ELIGIBLE,
APP200073,PL_2026_V1,ELIGIBLE,
APP200074,PL_2026_V1,ELIGIBLE,
APP200075,PL_2026_V1,INELIGIBLE,MIN_INCOME
APP200076,PL_2026_V1,INELIGIBLE,BUREAU_SCORE
APP200077,PL_2026_V1,INELIGIBLE,MIN_INCOME|BUREAU_SCORE
APP200078,PL_2026_V1,INELIGIBLE,BUREAU_SCORE
APP200079,PL_2026_V1,ELIGIBLE,
APP200080,PL_2026_V1,ELIGIBLE,
APP200081,PL_2026_V1,ELIGIBLE,
APP200082,PL_2026_V1,ELIGIBLE,
APP200083,PL_2026_V1,INELIGIBLE,BUREAU_SCORE
APP200084,PL_2026_V1,ELIGIBLE,
APP200085,PL_2026_V1,ELIGIBLE,
APP200086,PL_2026_V1,ELIGIBLE,
APP200087,PL_2026_V1,ELIGIBLE,
APP200088,PL_2026_V1,INELIGIBLE,BUREAU_SCORE
APP200089,PL_2026_V1,ELIGIBLE,
APP200090,PL_2026_V1,ELIGIBLE,
APP200091,PL_2026_V1,INELIGIBLE,MIN_INCOME
APP200092,PL_2026_V1,INELIGIBLE,BUREAU_SCORE
APP200093,PL_2026_V1,INELIGIBLE,BUREAU_SCORE
APP200094,PL_2026_V1,INELIGIBLE,MIN_INCOME|BUREAU_SCORE
APP200095,PL_2026_V1,ELIGIBLE,
APP200096,PL_2026_V1,INELIGIBLE,BUREAU_SCORE
APP200097,PL_2026_V1,ELIGIBLE,
APP200098,PL_2026_V1,INELIGIBLE,BUREAU_SCORE
APP200099,PL_2026_V1,ELIGIBLE,
APP200100,PL_2026_V1,ELIGIBLE,
APP200101,PL_2026_V1,ELIGIBLE,
APP200102,PL_2026_V1,ELIGIBLE,
APP200103,PL_2026_V1,ELIGIBLE,
APP200104,PL_2026_V1,ELIGIBLE,
APP200105,PL_2026_V1,ELIGIBLE,
APP200106,PL_2026_V1,ELIGIBLE,
APP200107,PL_2026_V1,ELIGIBLE,
APP200108,PL_2026_V1,INELIGIBLE,BUREAU_SCORE
APP200109,PL_2026_V1,ELIGIBLE,
APP200110,PL_2026_V1,ELIGIBLE,
APP200111,PL_2026_V1,INELIGIBLE,MIN_INCOME
APP200112,PL_2026_V1,INELIGIBLE,BUREAU_SCORE
APP200113,PL_2026_V1,ELIGIBLE,
APP200114,PL_2026_V1,ELIGIBLE,
APP200115,PL_2026_V1,ELIGIBLE,
APP200116,PL_2026_V1,ELIGIBLE,
APP200117,PL_2026_V1,ELIGIBLE,
APP200118,PL_2026_V1,ELIGIBLE,
APP200119,PL_2026_V1,INELIGIBLE,BUREAU_SCORE
APP200120,PL_2026_V1,INELIGIBLE,BUREAU_SCORE
APP200121,PL_2026_V1,INELIGIBLE,BUREAU_SCORE
APP200122,PL_2026_V1,ELIGIBLE,
APP200123,PL_2026_V1,INELIGIBLE,BUREAU_SCORE
APP200124,PL_2026_V1,INELIGIBLE,BUREAU_SCORE
APP200125,PL_2026_V1,ELIGIBLE,
APP200126,PL_2026_V1,INELIGIBLE,BUREAU_SCORE
APP200127,PL_2026_V1,INELIGIBLE,FOIR
APP200128,PL_2026_V1,ELIGIBLE,
APP200129,PL_2026_V1,ELIGIBLE,
APP200130,PL_2026_V1,INELIGIBLE,BUREAU_SCORE
APP200131,PL_2026_V1,ELIGIBLE,
APP200132,PL_2026_V1,ELIGIBLE,
APP200133,PL_2026_V1,ELIGIBLE,
APP200134,PL_2026_V1,INELIGIBLE,BUREAU_SCORE
APP200135,PL_2026_V1,INELIGIBLE,BUREAU_SCORE
APP200136,PL_2026_V1,INELIGIBLE,BUREAU_SCORE
APP200137,PL_2026_V1,INELIGIBLE,BUREAU_SCORE
APP200138,PL_2026_V1,ELIGIBLE,
APP200139,PL_2026_V1,ELIGIBLE,
APP200140,PL_2026_V1,ELIGIBLE,
APP200141,PL_2026_V1,ELIGIBLE,
APP200142,PL_2026_V1,ELIGIBLE,
APP200143,PL_2026_V1,INELIGIBLE,BUREAU_SCORE
APP200144,PL_2026_V1,INELIGIBLE,BUREAU_SCORE
APP200145,PL_2026_V1,ELIGIBLE,
APP200146,PL_2026_V1,INELIGIBLE,MIN_INCOME
APP200147,PL_2026_V1,ELIGIBLE,
APP200148,PL_2026_V1,INELIGIBLE,MIN_INCOME
APP200149,PL_2026_V1,INELIGIBLE,MIN_INCOME
APP200150,PL_2026_V1,ELIGIBLE,
APP200151,PL_2026_V1,ELIGIBLE,
APP200152,PL_2026_V1,ELIGIBLE,
APP200153,PL_2026_V1,INELIGIBLE,MIN_INCOME
APP200154,PL_2026_V1,ELIGIBLE,
APP200155,PL_2026_V1,INELIGIBLE,BUREAU_SCORE
APP200156,PL_2026_V1,ELIGIBLE,
APP200157,PL_2026_V1,INELIGIBLE,BUREAU_SCORE
APP200158,PL_2026_V1,INELIGIBLE,BUREAU_SCORE
APP200159,PL_2026_V1,ELIGIBLE,
APP200160,PL_2026_V1,ELIGIBLE,
APP200161,PL_2026_V1,INELIGIBLE,BUREAU_SCORE
APP200162,PL_2026_V1,INELIGIBLE,BUREAU_SCORE
APP200163,PL_2026_V1,INELIGIBLE,BUREAU_SCORE
APP200164,PL_2026_V1,ELIGIBLE,
APP200165,PL_2026_V1,ELIGIBLE,
APP200166,PL_2026_V1,INELIGIBLE,BUREAU_SCORE
APP200167,PL_2026_V1,ELIGIBLE,
APP200168,PL_2026_V1,INELIGIBLE,BUREAU_SCORE
APP200169,PL_2026_V1,INELIGIBLE,FOIR
APP200170,PL_2026_V1,ELIGIBLE,
APP200171,PL_2026_V1,INELIGIBLE,BUREAU_SCORE
APP200172,PL_2026_V1,ELIGIBLE,
APP200173,PL_2026_V1,ELIGIBLE,
APP200174,PL_2026_V1,ELIGIBLE,
APP200175,PL_2026_V1,ELIGIBLE,
APP200176,PL_2026_V1,INELIGIBLE,MIN_INCOME
APP200177,PL_2026_V1,ELIGIBLE,
APP200178,PL_2026_V1,INELIGIBLE,BUREAU_SCORE
APP200179,PL_2026_V1,ELIGIBLE,
APP200180,PL_2026_V1,ELIGIBLE,
APP200181,PL_2026_V1,ELIGIBLE,
APP200182,PL_2026_V1,ELIGIBLE,
APP200183,PL_2026_V1,ELIGIBLE,
APP200184,PL_2026_V1,INELIGIBLE,BUREAU_SCORE
APP200185,PL_2026_V1,ELIGIBLE,
APP200186,PL_2026_V1,ELIGIBLE,
APP200187,PL_2026_V1,ELIGIBLE,
APP200188,PL_2026_V1,ELIGIBLE,
APP200189,PL_2026_V1,INELIGIBLE,BUREAU_SCORE
APP200190,PL_2026_V1,ELIGIBLE,
APP200191,PL_2026_V1,ELIGIBLE,
APP200192,PL_2026_V1,ELIGIBLE,
APP200193,PL_2026_V1,INELIGIBLE,BUREAU_SCORE
APP200194,PL_2026_V1,INELIGIBLE,BUREAU_SCORE
APP200195,PL_2026_V1,ELIGIBLE,
APP200196,PL_2026_V1,ELIGIBLE,
APP200197,PL_2026_V1,INELIGIBLE,MIN_INCOME
APP200198,PL_2026_V1,INELIGIBLE,BUREAU_SCORE
APP200199,PL_2026_V1,ELIGIBLE,
APP200200,PL_2026_V1,INELIGIBLE,BUREAU_SCORE
APP200201,PL_2026_V1,ELIGIBLE,
APP200202,PL_2026_V1,INELIGIBLE,BUREAU_SCORE
APP200203,PL_2026_V1,ELIGIBLE,
APP200204,PL_2026_V1,INELIGIBLE,BUREAU_SCORE
APP200205,PL_2026_V1,INELIGIBLE,BUREAU_SCORE
APP200206,PL_2026_V1,ELIGIBLE,
APP200207,PL_2026_V1,INELIGIBLE,BUREAU_SCORE
APP200208,PL_2026_V1,INELIGIBLE,BUREAU_SCORE
APP200209,PL_2026_V1,ELIGIBLE,
APP200210,PL_2026_V1,INELIGIBLE,BUREAU_SCORE
APP200211,PL_2026_V1,INELIGIBLE,BUREAU_SCORE
APP200212,PL_2026_V1,INELIGIBLE,BUREAU_SCORE
APP200213,PL_2026_V1,INELIGIBLE,BUREAU_SCORE
APP200214,PL_2026_V1,ELIGIBLE,
APP200215,PL_2026_V1,ELIGIBLE,
APP200216,PL_2026_V1,ELIGIBLE,
APP200217,PL_2026_V1,ELIGIBLE,
APP200218,PL_2026_V1,INELIGIBLE,MIN_INCOME|BUREAU_SCORE
APP200219,PL_2026_V1,INELIGIBLE,MIN_INCOME
APP200220,PL_2026_V1,ELIGIBLE,
APP200221,PL_2026_V1,ELIGIBLE,
APP200222,PL_2026_V1,INELIGIBLE,BUREAU_SCORE
APP200223,PL_2026_V1,ELIGIBLE,
APP200224,PL_2026_V1,ELIGIBLE,
APP200225,PL_2026_V1,ELIGIBLE,
APP200226,PL_2026_V1,INELIGIBLE,BUREAU_SCORE
APP200227,PL_2026_V1,ELIGIBLE,
APP200228,PL_2026_V1,INELIGIBLE,MIN_INCOME
APP200229,PL_2026_V1,ELIGIBLE,
APP200230,PL_2026_V1,ELIGIBLE,
APP200231,PL_2026_V1,ELIGIBLE,
APP200232,PL_2026_V1,INELIGIBLE,BUREAU_SCORE
APP200233,PL_2026_V1,INELIGIBLE,BUREAU_SCORE
APP200234,PL_2026_V1,ELIGIBLE,
APP200235,PL_2026_V1,ELIGIBLE,
APP200236,PL_2026_V1,ELIGIBLE,
APP200237,PL_2026_V1,INELIGIBLE,BUREAU_SCORE
APP200238,PL_2026_V1,INELIGIBLE,BUREAU_SCORE
APP200239,PL_2026_V1,ELIGIBLE,
APP200240,PL_2026_V1,INELIGIBLE,BUREAU_SCORE
APP200241,PL_2026_V1,INELIGIBLE,MIN_INCOME
APP200242,PL_2026_V1,ELIGIBLE,
APP200243,PL_2026_V1,INELIGIBLE,BUREAU_SCORE
APP200244,PL_2026_V1,INELIGIBLE,BUREAU_SCORE
APP200245,PL_2026_V1,ELIGIBLE,
APP200246,PL_2026_V1,INELIGIBLE,BUREAU_SCORE
APP200247,PL_2026_V1,ELIGIBLE,
APP200248,PL_2026_V1,ELIGIBLE,
APP200249,PL_2026_V1,ELIGIBLE,
APP200250,PL_2026_V1,INELIGIBLE,MIN_INCOME|BUREAU_SCORE
APP200251,PL_2026_V1,INELIGIBLE,BUREAU_SCORE
APP200252,PL_2026_V1,ELIGIBLE,
APP200253,PL_2026_V1,INELIGIBLE,BUREAU_SCORE
APP200254,PL_2026_V1,ELIGIBLE,
APP200255,PL_2026_V1,INELIGIBLE,MIN_INCOME
APP200256,PL_2026_V1,INELIGIBLE,MIN_INCOME
APP200257,PL_2026_V1,INELIGIBLE,BUREAU_SCORE
APP200258,PL_2026_V1,INELIGIBLE,BUREAU_SCORE
APP200259,PL_2026_V1,ELIGIBLE,
APP200260,PL_2026_V1,ELIGIBLE,
APP200261,PL_2026_V1,ELIGIBLE,
APP200262,PL_2026_V1,ELIGIBLE,
APP200263,PL_2026_V1,ELIGIBLE,
APP200264,PL_2026_V1,ELIGIBLE,
APP200265,PL_2026_V1,ELIGIBLE,
APP200266,PL_2026_V1,ELIGIBLE,
APP200267,PL_2026_V1,INELIGIBLE,MIN_INCOME
APP200268,PL_2026_V1,ELIGIBLE,
APP200269,PL_2026_V1,INELIGIBLE,BUREAU_SCORE
APP200270,PL_2026_V1,INELIGIBLE,BUREAU_SCORE
APP200271,PL_2026_V1,ELIGIBLE,
APP200272,PL_2026_V1,ELIGIBLE,
APP200273,PL_2026_V1,ELIGIBLE,
APP200274,PL_2026_V1,INELIGIBLE,BUREAU_SCORE
APP200275,PL_2026_V1,ELIGIBLE,
APP200276,PL_2026_V1,ELIGIBLE,
APP200277,PL_2026_V1,INELIGIBLE,BUREAU_SCORE
APP200278,PL_2026_V1,INELIGIBLE,MIN_INCOME
APP200279,PL_2026_V1,ELIGIBLE,
APP200280,PL_2026_V1,ELIGIBLE,
APP200281,PL_2026_V1,ELIGIBLE,
APP200282,PL_2026_V1,INELIGIBLE,MIN_INCOME
APP200283,PL_2026_V1,ELIGIBLE,
APP200284,PL_2026_V1,INELIGIBLE,MIN_INCOME|BUREAU_SCORE
APP200285,PL_2026_V1,ELIGIBLE,
APP200286,PL_2026_V1,INELIGIBLE,BUREAU_SCORE
APP200287,PL_2026_V1,ELIGIBLE,
APP200288,PL_2026_V1,ELIGIBLE,
APP200289,PL_2026_V1,INELIGIBLE,BUREAU_SCORE
APP200290,PL_2026_V1,ELIGIBLE,
APP200291,PL_2026_V1,ELIGIBLE,
APP200292,PL_2026_V1,INELIGIBLE,BUREAU_SCORE
APP200293,PL_2026_V1,INELIGIBLE,MIN_INCOME
APP200294,PL_2026_V1,INELIGIBLE,MIN_INCOME|FOIR
APP200295,PL_2026_V1,ELIGIBLE,
APP200296,PL_2026_V1,INELIGIBLE,BUREAU_SCORE
APP200297,PL_2026_V1,ELIGIBLE,
APP200298,PL_2026_V1,INELIGIBLE,MIN_INCOME|BUREAU_SCORE
APP200299,PL_2026_V1,ELIGIBLE,
APP200300,PL_2026_V1,ELIGIBLE,
APP200301,PL_2026_V1,ELIGIBLE,
APP200302,PL_2026_V1,ELIGIBLE,
APP200303,PL_2026_V1,ELIGIBLE,
APP200304,PL_2026_V1,ELIGIBLE,
APP200305,PL_2026_V1,ELIGIBLE,
APP200306,PL_2026_V1,INELIGIBLE,MIN_INCOME
APP200307,PL_2026_V1,ELIGIBLE,
APP200308,PL_2026_V1,ELIGIBLE,
APP200309,PL_2026_V1,ELIGIBLE,
APP200310,PL_2026_V1,INELIGIBLE,BUREAU_SCORE
APP200311,PL_2026_V1,ELIGIBLE,
APP200312,PL_2026_V1,INELIGIBLE,BUREAU_SCORE
APP200313,PL_2026_V1,INELIGIBLE,MIN_INCOME
APP200314,PL_2026_V1,INELIGIBLE,BUREAU_SCORE
APP200315,PL_2026_V1,ELIGIBLE,
APP200316,PL_2026_V1,ELIGIBLE,
APP200317,PL_2026_V1,ELIGIBLE,
APP200318,PL_2026_V1,ELIGIBLE,
APP200319,PL_2026_V1,INELIGIBLE,BUREAU_SCORE
APP200320,PL_2026_V1,INELIGIBLE,MIN_INCOME|BUREAU_SCORE
APP200321,PL_2026_V1,INELIGIBLE,BUREAU_SCORE
APP200322,PL_2026_V1,ELIGIBLE,
APP200323,PL_2026_V1,ELIGIBLE,
APP200324,PL_2026_V1,INELIGIBLE,BUREAU_SCORE
APP200325,PL_2026_V1,ELIGIBLE,
APP200326,PL_2026_V1,ELIGIBLE,
APP200327,PL_2026_V1,INELIGIBLE,BUREAU_SCORE
APP200328,PL_2026_V1,ELIGIBLE,
APP200329,PL_2026_V1,ELIGIBLE,
APP200330,PL_2026_V1,ELIGIBLE,
APP200331,PL_2026_V1,INELIGIBLE,MIN_INCOME|BUREAU_SCORE
APP200332,PL_2026_V1,ELIGIBLE,
APP200333,PL_2026_V1,INELIGIBLE,BUREAU_SCORE
APP200334,PL_2026_V1,ELIGIBLE,
APP200335,PL_2026_V1,ELIGIBLE,
APP200336,PL_2026_V1,ELIGIBLE,
APP200337,PL_2026_V1,ELIGIBLE,
APP200338,PL_2026_V1,ELIGIBLE,
APP200339,PL_2026_V1,INELIGIBLE,FOIR
APP200340,PL_2026_V1,ELIGIBLE,
APP200341,PL_2026_V1,ELIGIBLE,
APP200342,PL_2026_V1,ELIGIBLE,
APP200343,PL_2026_V1,ELIGIBLE,
APP200344,PL_2026_V1,ELIGIBLE,
APP200345,PL_2026_V1,ELIGIBLE,
APP200346,PL_2026_V1,INELIGIBLE,BUREAU_SCORE
APP200347,PL_2026_V1,ELIGIBLE,
APP200348,PL_2026_V1,ELIGIBLE,
APP200349,PL_2026_V1,ELIGIBLE,
APP200350,PL_2026_V1,INELIGIBLE,BUREAU_SCORE
APP200351,PL_2026_V1,ELIGIBLE,
APP200352,PL_2026_V1,INELIGIBLE,BUREAU_SCORE
APP200353,PL_2026_V1,ELIGIBLE,
APP200354,PL_2026_V1,ELIGIBLE,
APP200355,PL_2026_V1,INELIGIBLE,BUREAU_SCORE
APP200356,PL_2026_V1,INELIGIBLE,BUREAU_SCORE
APP200357,PL_2026_V1,ELIGIBLE,
APP200358,PL_2026_V1,ELIGIBLE,
APP200359,PL_2026_V1,INELIGIBLE,MIN_INCOME|BUREAU_SCORE
APP200360,PL_2026_V1,ELIGIBLE,
APP200361,PL_2026_V1,ELIGIBLE,
APP200362,PL_2026_V1,ELIGIBLE,
APP200363,PL_2026_V1,ELIGIBLE,
APP200364,PL_2026_V1,ELIGIBLE,
APP200365,PL_2026_V1,INELIGIBLE,BUREAU_SCORE
APP200366,PL_2026_V1,ELIGIBLE,
APP200367,PL_2026_V1,ELIGIBLE,
APP200368,PL_2026_V1,ELIGIBLE,
APP200369,PL_2026_V1,INELIGIBLE,MIN_INCOME
APP200370,PL_2026_V1,ELIGIBLE,
APP200371,PL_2026_V1,ELIGIBLE,
APP200372,PL_2026_V1,ELIGIBLE,
APP200373,PL_2026_V1,ELIGIBLE,
APP200374,PL_2026_V1,ELIGIBLE,
APP200375,PL_2026_V1,ELIGIBLE,
APP200376,PL_2026_V1,ELIGIBLE,
APP200377,PL_2026_V1,ELIGIBLE,
APP200378,PL_2026_V1,ELIGIBLE,
APP200379,PL_2026_V1,ELIGIBLE,
APP200380,PL_2026_V1,INELIGIBLE,BUREAU_SCORE
APP200381,PL_2026_V1,ELIGIBLE,
APP200382,PL_2026_V1,INELIGIBLE,BUREAU_SCORE
APP200383,PL_2026_V1,INELIGIBLE,MIN_INCOME
APP200384,PL_2026_V1,ELIGIBLE,
APP200385,PL_2026_V1,INELIGIBLE,MIN_INCOME|BUREAU_SCORE
APP200386,PL_2026_V1,ELIGIBLE,
APP200387,PL_2026_V1,INELIGIBLE,MIN_INCOME
APP200388,PL_2026_V1,ELIGIBLE,
APP200389,PL_2026_V1,ELIGIBLE,
APP200390,PL_2026_V1,INELIGIBLE,BUREAU_SCORE
APP200391,PL_2026_V1,ELIGIBLE,
APP200392,PL_2026_V1,ELIGIBLE,
APP200393,PL_2026_V1,ELIGIBLE,
APP200394,PL_2026_V1,ELIGIBLE,
APP200395,PL_2026_V1,INELIGIBLE,MIN_INCOME
APP200396,PL_2026_V1,INELIGIBLE,MIN_INCOME
APP200397,PL_2026_V1,INELIGIBLE,MIN_INCOME
APP200398,PL_2026_V1,ELIGIBLE,
APP200399,PL_2026_V1,ELIGIBLE,
APP200400,PL_2026_V1,ELIGIBLE,
APP200401,PL_2026_V1,ELIGIBLE,
APP200402,PL_2026_V1,ELIGIBLE,
APP200403,PL_2026_V1,ELIGIBLE,
APP200404,PL_2026_V1,INELIGIBLE,MIN_INCOME|BUREAU_SCORE
APP200405,PL_2026_V1,ELIGIBLE,
APP200406,PL_2026_V1,INELIGIBLE,BUREAU_SCORE
APP200407,PL_2026_V1,ELIGIBLE,
APP200408,PL_2026_V1,ELIGIBLE,
APP200409,PL_2026_V1,INELIGIBLE,BUREAU_SCORE
APP200410,PL_2026_V1,INELIGIBLE,MIN_INCOME
APP200411,PL_2026_V1,ELIGIBLE,
APP200412,PL_2026_V1,ELIGIBLE,
APP200413,PL_2026_V1,ELIGIBLE,
APP200414,PL_2026_V1,ELIGIBLE,
APP200415,PL_2026_V1,ELIGIBLE,
APP200416,PL_2026_V1,ELIGIBLE,
APP200417,PL_2026_V1,ELIGIBLE,
APP200418,PL_2026_V1,ELIGIBLE,
APP200419,PL_2026_V1,INELIGIBLE,BUREAU_SCORE
APP200420,PL_2026_V1,ELIGIBLE,
APP200421,PL_2026_V1,ELIGIBLE,
APP200422,PL_2026_V1,INELIGIBLE,BUREAU_SCORE
APP200423,PL_2026_V1,ELIGIBLE,
APP200424,PL_2026_V1,ELIGIBLE,
APP200425,PL_2026_V1,ELIGIBLE,
APP200426,PL_2026_V1,ELIGIBLE,
APP200427,PL_2026_V1,INELIGIBLE,MIN_INCOME|BUREAU_SCORE
APP200428,PL_2026_V1,INELIGIBLE,MIN_INCOME
APP200429,PL_2026_V1,ELIGIBLE,
APP200430,PL_2026_V1,ELIGIBLE,
APP200431,PL_2026_V1,ELIGIBLE,
APP200432,PL_2026_V1,INELIGIBLE,BUREAU_SCORE
APP200433,PL_2026_V1,ELIGIBLE,
APP200434,PL_2026_V1,INELIGIBLE,BUREAU_SCORE
APP200435,PL_2026_V1,INELIGIBLE,BUREAU_SCORE
APP200436,PL_2026_V1,INELIGIBLE,FOIR
APP200437,PL_2026_V1,ELIGIBLE,
APP200438,PL_2026_V1,ELIGIBLE,
APP200439,PL_2026_V1,ELIGIBLE,
APP200440,PL_2026_V1,ELIGIBLE,
APP200441,PL_2026_V1,ELIGIBLE,
APP200442,PL_2026_V1,INELIGIBLE,MIN_INCOME|BUREAU_SCORE
APP200443,PL_2026_V1,INELIGIBLE,MIN_INCOME
APP200444,PL_2026_V1,ELIGIBLE,
APP200445,PL_2026_V1,ELIGIBLE,
APP200446,PL_2026_V1,ELIGIBLE,
APP200447,PL_2026_V1,ELIGIBLE,
APP200448,PL_2026_V1,INELIGIBLE,BUREAU_SCORE
APP200449,PL_2026_V1,ELIGIBLE,
APP200450,PL_2026_V1,ELIGIBLE,
APP200451,PL_2026_V1,ELIGIBLE,
APP200452,PL_2026_V1,INELIGIBLE,MIN_INCOME
APP200453,PL_2026_V1,ELIGIBLE,
APP200454,PL_2026_V1,INELIGIBLE,MIN_INCOME
APP200455,PL_2026_V1,ELIGIBLE,
APP200456,PL_2026_V1,ELIGIBLE,
APP200457,PL_2026_V1,INELIGIBLE,MIN_INCOME
APP200458,PL_2026_V1,INELIGIBLE,BUREAU_SCORE|FOIR
APP200459,PL_2026_V1,ELIGIBLE,
APP200460,PL_2026_V1,ELIGIBLE,
APP200461,PL_2026_V1,ELIGIBLE,
APP200462,PL_2026_V1,ELIGIBLE,
APP200463,PL_2026_V1,ELIGIBLE,
APP200464,PL_2026_V1,ELIGIBLE,
APP200465,PL_2026_V1,INELIGIBLE,BUREAU_SCORE
APP200466,PL_2026_V1,ELIGIBLE,
APP200467,PL_2026_V1,ELIGIBLE,
APP200468,PL_2026_V1,ELIGIBLE,
APP200469,PL_2026_V1,INELIGIBLE,MIN_INCOME
APP200470,PL_2026_V1,INELIGIBLE,MIN_INCOME
APP200471,PL_2026_V1,ELIGIBLE,
APP200472,PL_2026_V1,ELIGIBLE,
APP200473,PL_2026_V1,INELIGIBLE,BUREAU_SCORE
APP200474,PL_2026_V1,INELIGIBLE,BUREAU_SCORE
APP200475,PL_2026_V1,ELIGIBLE,
APP200476,PL_2026_V1,INELIGIBLE,BUREAU_SCORE
APP200477,PL_2026_V1,ELIGIBLE,
APP200478,PL_2026_V1,INELIGIBLE,MIN_INCOME
APP200479,PL_2026_V1,INELIGIBLE,MIN_INCOME
APP200480,PL_2026_V1,ELIGIBLE,
APP200481,PL_2026_V1,INELIGIBLE,MIN_INCOME
APP200482,PL_2026_V1,ELIGIBLE,
APP200483,PL_2026_V1,ELIGIBLE,
APP200484,PL_2026_V1,ELIGIBLE,
APP200485,PL_2026_V1,INELIGIBLE,BUREAU_SCORE
APP200486,PL_2026_V1,INELIGIBLE,MIN_INCOME
APP200487,PL_2026_V1,ELIGIBLE,
APP200488,PL_2026_V1,ELIGIBLE,
APP200489,PL_2026_V1,INELIGIBLE,BUREAU_SCORE
APP200490,PL_2026_V1,ELIGIBLE,
APP200491,PL_2026_V1,ELIGIBLE,
APP200492,PL_2026_V1,ELIGIBLE,
APP200493,PL_2026_V1,ELIGIBLE,
APP200494,PL_2026_V1,ELIGIBLE,
APP200495,PL_2026_V1,ELIGIBLE,
APP200496,PL_2026_V1,ELIGIBLE,
APP200497,PL_2026_V1,ELIGIBLE,
APP200498,PL_2026_V1,ELIGIBLE,
APP200499,PL_2026_V1,ELIGIBLE,
APP200500,PL_2026_V1,ELIGIBLE,
APP200501,PL_2026_V1,INELIGIBLE,BUREAU_SCORE
APP200502,PL_2026_V1,ELIGIBLE,
APP200503,PL_2026_V1,ELIGIBLE,
APP200504,PL_2026_V1,ELIGIBLE,
APP200505,PL_2026_V1,ELIGIBLE,
APP200506,PL_2026_V1,ELIGIBLE,
APP200507,PL_2026_V1,ELIGIBLE,
APP200508,PL_2026_V1,INELIGIBLE,BUREAU_SCORE
APP200509,PL_2026_V1,ELIGIBLE,
APP200510,PL_2026_V1,INELIGIBLE,BUREAU_SCORE
APP200511,PL_2026_V1,INELIGIBLE,BUREAU_SCORE
APP200512,PL_2026_V1,ELIGIBLE,
APP200513,PL_2026_V1,INELIGIBLE,MIN_INCOME
APP200514,PL_2026_V1,ELIGIBLE,
APP200515,PL_2026_V1,ELIGIBLE,
APP200516,PL_2026_V1,INELIGIBLE,BUREAU_SCORE
APP200517,PL_2026_V1,ELIGIBLE,
APP200518,PL_2026_V1,ELIGIBLE,
APP200519,PL_2026_V1,ELIGIBLE,
APP200520,PL_2026_V1,INELIGIBLE,MIN_INCOME|BUREAU_SCORE
APP200521,PL_2026_V1,ELIGIBLE,
APP200522,PL_2026_V1,ELIGIBLE,
APP200523,PL_2026_V1,INELIGIBLE,BUREAU_SCORE
APP200524,PL_2026_V1,ELIGIBLE,
APP200525,PL_2026_V1,INELIGIBLE,BUREAU_SCORE
APP200526,PL_2026_V1,ELIGIBLE,
APP200527,PL_2026_V1,INELIGIBLE,BUREAU_SCORE
APP200528,PL_2026_V1,ELIGIBLE,
APP200529,PL_2026_V1,INELIGIBLE,FOIR
APP200530,PL_2026_V1,INELIGIBLE,BUREAU_SCORE
APP200531,PL_2026_V1,ELIGIBLE,
APP200532,PL_2026_V1,INELIGIBLE,BUREAU_SCORE
APP200533,PL_2026_V1,ELIGIBLE,
APP200534,PL_2026_V1,ELIGIBLE,
APP200535,PL_2026_V1,ELIGIBLE,
APP200536,PL_2026_V1,ELIGIBLE,
APP200537,PL_2026_V1,INELIGIBLE,BUREAU_SCORE
APP200538,PL_2026_V1,ELIGIBLE,
APP200539,PL_2026_V1,INELIGIBLE,BUREAU_SCORE
APP200540,PL_2026_V1,ELIGIBLE,
APP200541,PL_2026_V1,ELIGIBLE,
APP200542,PL_2026_V1,ELIGIBLE,
APP200543,PL_2026_V1,INELIGIBLE,BUREAU_SCORE
APP200544,PL_2026_V1,ELIGIBLE,
APP200545,PL_2026_V1,ELIGIBLE,
APP200546,PL_2026_V1,ELIGIBLE,
APP200547,PL_2026_V1,ELIGIBLE,
APP200548,PL_2026_V1,INELIGIBLE,MIN_INCOME
APP200549,PL_2026_V1,ELIGIBLE,
APP200550,PL_2026_V1,INELIGIBLE,BUREAU_SCORE|FOIR
APP200551,PL_2026_V1,INELIGIBLE,FOIR
APP200552,PL_2026_V1,ELIGIBLE,
APP200553,PL_2026_V1,ELIGIBLE,
APP200554,PL_2026_V1,ELIGIBLE,
APP200555,PL_2026_V1,ELIGIBLE,
APP200556,PL_2026_V1,INELIGIBLE,BUREAU_SCORE
APP200557,PL_2026_V1,ELIGIBLE,
APP200558,PL_2026_V1,ELIGIBLE,
APP200559,PL_2026_V1,ELIGIBLE,
APP200560,PL_2026_V1,INELIGIBLE,BUREAU_SCORE
APP200561,PL_2026_V1,ELIGIBLE,
APP200562,PL_2026_V1,INELIGIBLE,BUREAU_SCORE
APP200563,PL_2026_V1,ELIGIBLE,
APP200564,PL_2026_V1,ELIGIBLE,
APP200565,PL_2026_V1,ELIGIBLE,
APP200566,PL_2026_V1,ELIGIBLE,
APP200567,PL_2026_V1,INELIGIBLE,MIN_INCOME|BUREAU_SCORE
APP200568,PL_2026_V1,ELIGIBLE,
APP200569,PL_2026_V1,ELIGIBLE,
APP200570,PL_2026_V1,ELIGIBLE,
APP200571,PL_2026_V1,INELIGIBLE,BUREAU_SCORE
APP200572,PL_2026_V1,INELIGIBLE,BUREAU_SCORE
APP200573,PL_2026_V1,ELIGIBLE,
APP200574,PL_2026_V1,ELIGIBLE,
APP200575,PL_2026_V1,INELIGIBLE,MIN_INCOME
APP200576,PL_2026_V1,ELIGIBLE,
APP200577,PL_2026_V1,INELIGIBLE,MIN_INCOME
APP200578,PL_2026_V1,ELIGIBLE,
APP200579,PL_2026_V1,INELIGIBLE,BUREAU_SCORE
APP200580,PL_2026_V1,ELIGIBLE,
APP200581,PL_2026_V1,ELIGIBLE,
APP200582,PL_2026_V1,ELIGIBLE,
APP200583,PL_2026_V1,ELIGIBLE,
APP200584,PL_2026_V1,ELIGIBLE,
APP200585,PL_2026_V1,ELIGIBLE,
APP200586,PL_2026_V1,ELIGIBLE,
APP200587,PL_2026_V1,ELIGIBLE,
APP200588,PL_2026_V1,ELIGIBLE,
APP200589,PL_2026_V1,ELIGIBLE,
APP200590,PL_2026_V1,INELIGIBLE,MIN_INCOME|BUREAU_SCORE|EMPLOYMENT_TENURE
APP200591,PL_2026_V1,INELIGIBLE,MIN_INCOME
APP200592,PL_2026_V1,ELIGIBLE,
APP200593,PL_2026_V1,ELIGIBLE,
APP200594,PL_2026_V1,ELIGIBLE,
APP200595,PL_2026_V1,ELIGIBLE,
APP200596,PL_2026_V1,ELIGIBLE,
APP200597,PL_2026_V1,INELIGIBLE,BUREAU_SCORE
APP200598,PL_2026_V1,INELIGIBLE,MIN_INCOME
APP200599,PL_2026_V1,ELIGIBLE,
APP200600,PL_2026_V1,INELIGIBLE,BUREAU_SCORE
APP200601,PL_2026_V1,ELIGIBLE,
APP200602,PL_2026_V1,INELIGIBLE,MIN_INCOME
APP200603,PL_2026_V1,INELIGIBLE,BUREAU_SCORE
APP200604,PL_2026_V1,INELIGIBLE,BUREAU_SCORE
APP200605,PL_2026_V1,ELIGIBLE,
APP200606,PL_2026_V1,ELIGIBLE,
APP200607,PL_2026_V1,INELIGIBLE,BUREAU_SCORE
APP200608,PL_2026_V1,INELIGIBLE,FOIR
APP200609,PL_2026_V1,ELIGIBLE,
APP200610,PL_2026_V1,ELIGIBLE,
APP200611,PL_2026_V1,ELIGIBLE,
APP200612,PL_2026_V1,INELIGIBLE,MIN_INCOME
APP200613,PL_2026_V1,ELIGIBLE,
APP200614,PL_2026_V1,ELIGIBLE,
APP200615,PL_2026_V1,INELIGIBLE,BUREAU_SCORE
APP200616,PL_2026_V1,INELIGIBLE,MIN_INCOME
APP200617,PL_2026_V1,INELIGIBLE,BUREAU_SCORE
APP200618,PL_2026_V1,INELIGIBLE,BUREAU_SCORE
APP200619,PL_2026_V1,ELIGIBLE,
APP200620,PL_2026_V1,ELIGIBLE,
APP200621,PL_2026_V1,INELIGIBLE,MIN_INCOME|BUREAU_SCORE
APP200622,PL_2026_V1,ELIGIBLE,
APP200623,PL_2026_V1,INELIGIBLE,MIN_INCOME
APP200624,PL_2026_V1,INELIGIBLE,BUREAU_SCORE
APP200625,PL_2026_V1,ELIGIBLE,
APP200626,PL_2026_V1,INELIGIBLE,MIN_INCOME|BUREAU_SCORE
APP200627,PL_2026_V1,INELIGIBLE,MIN_INCOME
APP200628,PL_2026_V1,INELIGIBLE,BUREAU_SCORE
APP200629,PL_2026_V1,ELIGIBLE,
APP200630,PL_2026_V1,ELIGIBLE,
APP200631,PL_2026_V1,ELIGIBLE,
APP200632,PL_2026_V1,ELIGIBLE,
APP200633,PL_2026_V1,ELIGIBLE,
APP200634,PL_2026_V1,ELIGIBLE,
APP200635,PL_2026_V1,ELIGIBLE,
APP200636,PL_2026_V1,ELIGIBLE,
APP200637,PL_2026_V1,ELIGIBLE,
APP200638,PL_2026_V1,INELIGIBLE,MIN_INCOME|BUREAU_SCORE
APP200639,PL_2026_V1,ELIGIBLE,
APP200640,PL_2026_V1,INELIGIBLE,BUREAU_SCORE
APP200641,PL_2026_V1,ELIGIBLE,
APP200642,PL_2026_V1,INELIGIBLE,BUREAU_SCORE
APP200643,PL_2026_V1,INELIGIBLE,MIN_INCOME|BUREAU_SCORE
APP200644,PL_2026_V1,ELIGIBLE,
APP200645,PL_2026_V1,ELIGIBLE,
APP200646,PL_2026_V1,ELIGIBLE,
APP200647,PL_2026_V1,INELIGIBLE,BUREAU_SCORE
APP200648,PL_2026_V1,ELIGIBLE,
APP200649,PL_2026_V1,ELIGIBLE,
APP200650,PL_2026_V1,ELIGIBLE,
APP200651,PL_2026_V1,ELIGIBLE,
APP200652,PL_2026_V1,INELIGIBLE,MIN_INCOME
APP200653,PL_2026_V1,INELIGIBLE,BUREAU_SCORE
APP200654,PL_2026_V1,ELIGIBLE,
APP200655,PL_2026_V1,ELIGIBLE,
APP200656,PL_2026_V1,ELIGIBLE,
APP200657,PL_2026_V1,INELIGIBLE,BUREAU_SCORE
APP200658,PL_2026_V1,INELIGIBLE,BUREAU_SCORE
APP200659,PL_2026_V1,INELIGIBLE,FOIR
APP200660,PL_2026_V1,ELIGIBLE,
APP200661,PL_2026_V1,ELIGIBLE,
APP200662,PL_2026_V1,ELIGIBLE,
APP200663,PL_2026_V1,ELIGIBLE,
APP200664,PL_2026_V1,ELIGIBLE,
APP200665,PL_2026_V1,ELIGIBLE,
APP200666,PL_2026_V1,INELIGIBLE,BUREAU_SCORE
APP200667,PL_2026_V1,ELIGIBLE,
APP200668,PL_2026_V1,ELIGIBLE,
APP200669,PL_2026_V1,ELIGIBLE,
APP200670,PL_2026_V1,INELIGIBLE,MIN_INCOME
APP200671,PL_2026_V1,ELIGIBLE,
APP200672,PL_2026_V1,INELIGIBLE,MIN_INCOME
APP200673,PL_2026_V1,INELIGIBLE,MIN_INCOME
APP200674,PL_2026_V1,ELIGIBLE,
APP200675,PL_2026_V1,INELIGIBLE,MIN_INCOME|BUREAU_SCORE
APP200676,PL_2026_V1,ELIGIBLE,
APP200677,PL_2026_V1,ELIGIBLE,
APP200678,PL_2026_V1,ELIGIBLE,
APP200679,PL_2026_V1,INELIGIBLE,MIN_INCOME
APP200680,PL_2026_V1,ELIGIBLE,
APP200681,PL_2026_V1,ELIGIBLE,
APP200682,PL_2026_V1,ELIGIBLE,
APP200683,PL_2026_V1,INELIGIBLE,EMPLOYMENT_TENURE
APP200684,PL_2026_V1,ELIGIBLE,
APP200685,PL_2026_V1,ELIGIBLE,
APP200686,PL_2026_V1,ELIGIBLE,
APP200687,PL_2026_V1,INELIGIBLE,MIN_INCOME
APP200688,PL_2026_V1,ELIGIBLE,
APP200689,PL_2026_V1,INELIGIBLE,BUREAU_SCORE
APP200690,PL_2026_V1,INELIGIBLE,MIN_INCOME
APP200691,PL_2026_V1,INELIGIBLE,BUREAU_SCORE
APP200692,PL_2026_V1,INELIGIBLE,BUREAU_SCORE
APP200693,PL_2026_V1,ELIGIBLE,
APP200694,PL_2026_V1,ELIGIBLE,
APP200695,PL_2026_V1,ELIGIBLE,
APP200696,PL_2026_V1,ELIGIBLE,
APP200697,PL_2026_V1,INELIGIBLE,BUREAU_SCORE
APP200698,PL_2026_V1,ELIGIBLE,
APP200699,PL_2026_V1,ELIGIBLE,
APP200700,PL_2026_V1,INELIGIBLE,BUREAU_SCORE
APP200701,PL_2026_V1,ELIGIBLE,
APP200702,PL_2026_V1,ELIGIBLE,
APP200703,PL_2026_V1,ELIGIBLE,
APP200704,PL_2026_V1,ELIGIBLE,
APP200705,PL_2026_V1,ELIGIBLE,
APP200706,PL_2026_V1,ELIGIBLE,
APP200707,PL_2026_V1,INELIGIBLE,BUREAU_SCORE
APP200708,PL_2026_V1,ELIGIBLE,
APP200709,PL_2026_V1,ELIGIBLE,
APP200710,PL_2026_V1,ELIGIBLE,
APP200711,PL_2026_V1,ELIGIBLE,
APP200712,PL_2026_V1,ELIGIBLE,
APP200713,PL_2026_V1,ELIGIBLE,
APP200714,PL_2026_V1,ELIGIBLE,
APP200715,PL_2026_V1,ELIGIBLE,
APP200716,PL_2026_V1,ELIGIBLE,
APP200717,PL_2026_V1,INELIGIBLE,MIN_INCOME
APP200718,PL_2026_V1,ELIGIBLE,
APP200719,PL_2026_V1,INELIGIBLE,BUREAU_SCORE
APP200720,PL_2026_V1,ELIGIBLE,
APP200721,PL_2026_V1,ELIGIBLE,
APP200722,PL_2026_V1,INELIGIBLE,FOIR
APP200723,PL_2026_V1,ELIGIBLE,
APP200724,PL_2026_V1,INELIGIBLE,BUREAU_SCORE
APP200725,PL_2026_V1,INELIGIBLE,BUREAU_SCORE
APP200726,PL_2026_V1,ELIGIBLE,
APP200727,PL_2026_V1,ELIGIBLE,
APP200728,PL_2026_V1,ELIGIBLE,
APP200729,PL_2026_V1,ELIGIBLE,
APP200730,PL_2026_V1,INELIGIBLE,BUREAU_SCORE
APP200731,PL_2026_V1,ELIGIBLE,
APP200732,PL_2026_V1,ELIGIBLE,
APP200733,PL_2026_V1,INELIGIBLE,MIN_INCOME
APP200734,PL_2026_V1,INELIGIBLE,BUREAU_SCORE
APP200735,PL_2026_V1,ELIGIBLE,
APP200736,PL_2026_V1,INELIGIBLE,MIN_INCOME|BUREAU_SCORE
APP200737,PL_2026_V1,INELIGIBLE,BUREAU_SCORE
APP200738,PL_2026_V1,ELIGIBLE,
APP200739,PL_2026_V1,ELIGIBLE,
APP200740,PL_2026_V1,ELIGIBLE,
APP200741,PL_2026_V1,ELIGIBLE,
APP200742,PL_2026_V1,INELIGIBLE,BUREAU_SCORE
APP200743,PL_2026_V1,ELIGIBLE,
APP200744,PL_2026_V1,ELIGIBLE,
APP200745,PL_2026_V1,ELIGIBLE,
APP200746,PL_2026_V1,INELIGIBLE,BUREAU_SCORE
APP200747,PL_2026_V1,ELIGIBLE,
APP200748,PL_2026_V1,INELIGIBLE,MIN_INCOME
APP200749,PL_2026_V1,ELIGIBLE,
APP200750,PL_2026_V1,INELIGIBLE,BUREAU_SCORE
APP200751,PL_2026_V1,ELIGIBLE,
APP200752,PL_2026_V1,ELIGIBLE,
APP200753,PL_2026_V1,INELIGIBLE,BUREAU_SCORE
APP200754,PL_2026_V1,ELIGIBLE,
APP200755,PL_2026_V1,ELIGIBLE,
APP200756,PL_2026_V1,ELIGIBLE,
APP200757,PL_2026_V1,INELIGIBLE,BUREAU_SCORE
APP200758,PL_2026_V1,ELIGIBLE,
APP200759,PL_2026_V1,INELIGIBLE,BUREAU_SCORE
APP200760,PL_2026_V1,ELIGIBLE,
APP200761,PL_2026_V1,INELIGIBLE,MIN_INCOME
APP200762,PL_2026_V1,INELIGIBLE,BUREAU_SCORE
APP200763,PL_2026_V1,INELIGIBLE,BUREAU_SCORE
APP200764,PL_2026_V1,ELIGIBLE,
APP200765,PL_2026_V1,ELIGIBLE,
APP200766,PL_2026_V1,INELIGIBLE,MIN_INCOME|BUREAU_SCORE
APP200767,PL_2026_V1,ELIGIBLE,
APP200768,PL_2026_V1,INELIGIBLE,BUREAU_SCORE
APP200769,PL_2026_V1,INELIGIBLE,BUREAU_SCORE
APP200770,PL_2026_V1,ELIGIBLE,
APP200771,PL_2026_V1,ELIGIBLE,
APP200772,PL_2026_V1,INELIGIBLE,MIN_INCOME|BUREAU_SCORE
APP200773,PL_2026_V1,INELIGIBLE,BUREAU_SCORE
APP200774,PL_2026_V1,INELIGIBLE,BUREAU_SCORE
APP200775,PL_2026_V1,ELIGIBLE,
APP200776,PL_2026_V1,ELIGIBLE,
APP200777,PL_2026_V1,ELIGIBLE,
APP200778,PL_2026_V1,ELIGIBLE,
APP200779,PL_2026_V1,ELIGIBLE,
APP200780,PL_2026_V1,ELIGIBLE,
APP200781,PL_2026_V1,ELIGIBLE,
APP200782,PL_2026_V1,INELIGIBLE,FOIR
APP200783,PL_2026_V1,INELIGIBLE,MIN_INCOME
APP200784,PL_2026_V1,ELIGIBLE,
APP200785,PL_2026_V1,ELIGIBLE,
APP200786,PL_2026_V1,ELIGIBLE,
APP200787,PL_2026_V1,INELIGIBLE,MIN_INCOME
APP200788,PL_2026_V1,ELIGIBLE,
APP200789,PL_2026_V1,ELIGIBLE,
APP200790,PL_2026_V1,INELIGIBLE,MIN_INCOME
APP200791,PL_2026_V1,INELIGIBLE,MIN_INCOME|BUREAU_SCORE
APP200792,PL_2026_V1,INELIGIBLE,BUREAU_SCORE
APP200793,PL_2026_V1,INELIGIBLE,BUREAU_SCORE
APP200794,PL_2026_V1,ELIGIBLE,
APP200795,PL_2026_V1,INELIGIBLE,MIN_INCOME|BUREAU_SCORE
APP200796,PL_2026_V1,ELIGIBLE,
APP200797,PL_2026_V1,ELIGIBLE,
APP200798,PL_2026_V1,ELIGIBLE,
APP200799,PL_2026_V1,ELIGIBLE,
APP200800,PL_2026_V1,ELIGIBLE,
APP200801,PL_2026_V1,ELIGIBLE,
APP200802,PL_2026_V1,ELIGIBLE,
APP200803,PL_2026_V1,ELIGIBLE,
APP200804,PL_2026_V1,INELIGIBLE,BUREAU_SCORE
APP200805,PL_2026_V1,ELIGIBLE,
APP200806,PL_2026_V1,ELIGIBLE,
APP200807,PL_2026_V1,ELIGIBLE,
APP200808,PL_2026_V1,INELIGIBLE,BUREAU_SCORE
APP200809,PL_2026_V1,ELIGIBLE,
APP200810,PL_2026_V1,ELIGIBLE,
APP200811,PL_2026_V1,ELIGIBLE,
APP200812,PL_2026_V1,ELIGIBLE,
APP200813,PL_2026_V1,ELIGIBLE,
APP200814,PL_2026_V1,ELIGIBLE,
APP200815,PL_2026_V1,ELIGIBLE,
APP200816,PL_2026_V1,ELIGIBLE,
APP200817,PL_2026_V1,INELIGIBLE,BUREAU_SCORE
APP200818,PL_2026_V1,INELIGIBLE,BUREAU_SCORE
APP200819,PL_2026_V1,ELIGIBLE,
APP200820,PL_2026_V1,ELIGIBLE,
APP200821,PL_2026_V1,INELIGIBLE,BUREAU_SCORE
APP200822,PL_2026_V1,INELIGIBLE,BUREAU_SCORE
APP200823,PL_2026_V1,ELIGIBLE,
APP200824,PL_2026_V1,ELIGIBLE,
APP200825,PL_2026_V1,ELIGIBLE,
APP200826,PL_2026_V1,ELIGIBLE,
APP200827,PL_2026_V1,INELIGIBLE,BUREAU_SCORE
APP200828,PL_2026_V1,INELIGIBLE,BUREAU_SCORE
APP200829,PL_2026_V1,INELIGIBLE,BUREAU_SCORE
APP200830,PL_2026_V1,ELIGIBLE,
APP200831,PL_2026_V1,INELIGIBLE,BUREAU_SCORE
APP200832,PL_2026_V1,ELIGIBLE,
APP200833,PL_2026_V1,ELIGIBLE,
APP200834,PL_2026_V1,ELIGIBLE,
APP200835,PL_2026_V1,ELIGIBLE,
APP200836,PL_2026_V1,INELIGIBLE,BUREAU_SCORE
APP200837,PL_2026_V1,ELIGIBLE,
APP200838,PL_2026_V1,INELIGIBLE,BUREAU_SCORE
APP200839,PL_2026_V1,ELIGIBLE,
APP200840,PL_2026_V1,INELIGIBLE,BUREAU_SCORE
APP200841,PL_2026_V1,ELIGIBLE,
APP200842,PL_2026_V1,INELIGIBLE,BUREAU_SCORE
APP200843,PL_2026_V1,INELIGIBLE,MIN_INCOME|FOIR
APP200844,PL_2026_V1,ELIGIBLE,
APP200845,PL_2026_V1,INELIGIBLE,BUREAU_SCORE
APP200846,PL_2026_V1,ELIGIBLE,
APP200847,PL_2026_V1,INELIGIBLE,BUREAU_SCORE
APP200848,PL_2026_V1,ELIGIBLE,
APP200849,PL_2026_V1,ELIGIBLE,
APP200850,PL_2026_V1,INELIGIBLE,MIN_INCOME
APP200851,PL_2026_V1,ELIGIBLE,
APP200852,PL_2026_V1,ELIGIBLE,
APP200853,PL_2026_V1,ELIGIBLE,
APP200854,PL_2026_V1,ELIGIBLE,
APP200855,PL_2026_V1,INELIGIBLE,MIN_INCOME
APP200856,PL_2026_V1,ELIGIBLE,
APP200857,PL_2026_V1,INELIGIBLE,BUREAU_SCORE
APP200858,PL_2026_V1,ELIGIBLE,
APP200859,PL_2026_V1,INELIGIBLE,BUREAU_SCORE
APP200860,PL_2026_V1,ELIGIBLE,
APP200861,PL_2026_V1,ELIGIBLE,
APP200862,PL_2026_V1,ELIGIBLE,
APP200863,PL_2026_V1,INELIGIBLE,MIN_INCOME|BUREAU_SCORE
APP200864,PL_2026_V1,ELIGIBLE,
APP200865,PL_2026_V1,INELIGIBLE,BUREAU_SCORE
APP200866,PL_2026_V1,ELIGIBLE,
APP200867,PL_2026_V1,INELIGIBLE,MIN_INCOME
APP200868,PL_2026_V1,ELIGIBLE,
APP200869,PL_2026_V1,ELIGIBLE,
APP200870,PL_2026_V1,INELIGIBLE,BUREAU_SCORE
APP200871,PL_2026_V1,ELIGIBLE,
APP200872,PL_2026_V1,ELIGIBLE,
APP200873,PL_2026_V1,ELIGIBLE,
APP200874,PL_2026_V1,ELIGIBLE,
APP200875,PL_2026_V1,ELIGIBLE,
APP200876,PL_2026_V1,ELIGIBLE,
APP200877,PL_2026_V1,ELIGIBLE,
APP200878,PL_2026_V1,ELIGIBLE,
APP200879,PL_2026_V1,INELIGIBLE,MIN_INCOME
APP200880,PL_2026_V1,ELIGIBLE,
APP200881,PL_2026_V1,ELIGIBLE,
APP200882,PL_2026_V1,ELIGIBLE,
APP200883,PL_2026_V1,ELIGIBLE,
APP200884,PL_2026_V1,INELIGIBLE,MIN_INCOME
APP200885,PL_2026_V1,ELIGIBLE,
APP200886,PL_2026_V1,ELIGIBLE,
APP200887,PL_2026_V1,ELIGIBLE,
APP200888,PL_2026_V1,ELIGIBLE,
APP200889,PL_2026_V1,ELIGIBLE,
APP200890,PL_2026_V1,INELIGIBLE,BUREAU_SCORE
APP200891,PL_2026_V1,ELIGIBLE,
APP200892,PL_2026_V1,ELIGIBLE,
APP200893,PL_2026_V1,ELIGIBLE,
APP200894,PL_2026_V1,ELIGIBLE,
APP200895,PL_2026_V1,INELIGIBLE,MIN_INCOME
APP200896,PL_2026_V1,ELIGIBLE,
APP200897,PL_2026_V1,INELIGIBLE,MIN_INCOME|BUREAU_SCORE
APP200898,PL_2026_V1,ELIGIBLE,
APP200899,PL_2026_V1,ELIGIBLE,
APP200900,PL_2026_V1,INELIGIBLE,BUREAU_SCORE
APP200901,PL_2026_V1,INELIGIBLE,MIN_INCOME
APP200902,PL_2026_V1,ELIGIBLE,
APP200903,PL_2026_V1,ELIGIBLE,
APP200904,PL_2026_V1,ELIGIBLE,
APP200905,PL_2026_V1,ELIGIBLE,
APP200906,PL_2026_V1,ELIGIBLE,
APP200907,PL_2026_V1,INELIGIBLE,BUREAU_SCORE
APP200908,PL_2026_V1,ELIGIBLE,
APP200909,PL_2026_V1,INELIGIBLE,BUREAU_SCORE
APP200910,PL_2026_V1,ELIGIBLE,
APP200911,PL_2026_V1,ELIGIBLE,
APP200912,PL_2026_V1,ELIGIBLE,
APP200913,PL_2026_V1,ELIGIBLE,
APP200914,PL_2026_V1,INELIGIBLE,MIN_INCOME
APP200915,PL_2026_V1,ELIGIBLE,
APP200916,PL_2026_V1,ELIGIBLE,
APP200917,PL_2026_V1,ELIGIBLE,
APP200918,PL_2026_V1,ELIGIBLE,
APP200919,PL_2026_V1,INELIGIBLE,MIN_INCOME|BUREAU_SCORE
APP200920,PL_2026_V1,ELIGIBLE,
APP200921,PL_2026_V1,ELIGIBLE,
APP200922,PL_2026_V1,INELIGIBLE,MIN_INCOME
APP200923,PL_2026_V1,ELIGIBLE,
APP200924,PL_2026_V1,ELIGIBLE,
APP200925,PL_2026_V1,ELIGIBLE,
APP200926,PL_2026_V1,ELIGIBLE,
APP200927,PL_2026_V1,ELIGIBLE,
APP200928,PL_2026_V1,ELIGIBLE,
APP200929,PL_2026_V1,INELIGIBLE,MIN_INCOME
APP200930,PL_2026_V1,INELIGIBLE,BUREAU_SCORE
APP200931,PL_2026_V1,ELIGIBLE,
APP200932,PL_2026_V1,ELIGIBLE,
APP200933,PL_2026_V1,INELIGIBLE,MIN_INCOME
APP200934,PL_2026_V1,INELIGIBLE,BUREAU_SCORE
APP200935,PL_2026_V1,ELIGIBLE,
APP200936,PL_2026_V1,ELIGIBLE,
APP200937,PL_2026_V1,ELIGIBLE,
APP200938,PL_2026_V1,INELIGIBLE,MIN_INCOME
APP200939,PL_2026_V1,INELIGIBLE,BUREAU_SCORE
APP200940,PL_2026_V1,INELIGIBLE,BUREAU_SCORE
APP200941,PL_2026_V1,ELIGIBLE,
APP200942,PL_2026_V1,INELIGIBLE,BUREAU_SCORE
APP200943,PL_2026_V1,ELIGIBLE,
APP200944,PL_2026_V1,INELIGIBLE,MIN_INCOME
APP200945,PL_2026_V1,ELIGIBLE,
APP200946,PL_2026_V1,ELIGIBLE,
APP200947,PL_2026_V1,INELIGIBLE,BUREAU_SCORE
APP200948,PL_2026_V1,ELIGIBLE,
APP200949,PL_2026_V1,ELIGIBLE,
APP200950,PL_2026_V1,INELIGIBLE,BUREAU_SCORE|FOIR
APP200951,PL_2026_V1,ELIGIBLE,
APP200952,PL_2026_V1,INELIGIBLE,BUREAU_SCORE
APP200953,PL_2026_V1,ELIGIBLE,
APP200954,PL_2026_V1,INELIGIBLE,BUREAU_SCORE
APP200955,PL_2026_V1,INELIGIBLE,BUREAU_SCORE
APP200956,PL_2026_V1,INELIGIBLE,BUREAU_SCORE
APP200957,PL_2026_V1,INELIGIBLE,BUREAU_SCORE
APP200958,PL_2026_V1,INELIGIBLE,MIN_INCOME|BUREAU_SCORE
APP200959,PL_2026_V1,ELIGIBLE,
APP200960,PL_2026_V1,ELIGIBLE,
APP200961,PL_2026_V1,INELIGIBLE,MIN_INCOME
APP200962,PL_2026_V1,ELIGIBLE,
APP200963,PL_2026_V1,ELIGIBLE,
APP200964,PL_2026_V1,ELIGIBLE,
APP200965,PL_2026_V1,INELIGIBLE,BUREAU_SCORE
APP200966,PL_2026_V1,ELIGIBLE,
APP200967,PL_2026_V1,ELIGIBLE,
APP200968,PL_2026_V1,INELIGIBLE,BUREAU_SCORE
APP200969,PL_2026_V1,INELIGIBLE,BUREAU_SCORE
APP200970,PL_2026_V1,ELIGIBLE,
APP200971,PL_2026_V1,ELIGIBLE,
APP200972,PL_2026_V1,INELIGIBLE,MIN_INCOME|BUREAU_SCORE
APP200973,PL_2026_V1,INELIGIBLE,BUREAU_SCORE
APP200974,PL_2026_V1,ELIGIBLE,
APP200975,PL_2026_V1,ELIGIBLE,
APP200976,PL_2026_V1,INELIGIBLE,BUREAU_SCORE
APP200977,PL_2026_V1,ELIGIBLE,
APP200978,PL_2026_V1,ELIGIBLE,
APP200979,PL_2026_V1,ELIGIBLE,
APP200980,PL_2026_V1,ELIGIBLE,
APP200981,PL_2026_V1,ELIGIBLE,
APP200982,PL_2026_V1,ELIGIBLE,
APP200983,PL_2026_V1,INELIGIBLE,BUREAU_SCORE
APP200984,PL_2026_V1,ELIGIBLE,
APP200985,PL_2026_V1,ELIGIBLE,
APP200986,PL_2026_V1,ELIGIBLE,
APP200987,PL_2026_V1,ELIGIBLE,
APP200988,PL_2026_V1,ELIGIBLE,
APP200989,PL_2026_V1,ELIGIBLE,
APP200990,PL_2026_V1,ELIGIBLE,
APP200991,PL_2026_V1,INELIGIBLE,BUREAU_SCORE
APP200992,PL_2026_V1,INELIGIBLE,BUREAU_SCORE
APP200993,PL_2026_V1,ELIGIBLE,
APP200994,PL_2026_V1,ELIGIBLE,
APP200995,PL_2026_V1,INELIGIBLE,BUREAU_SCORE
APP200996,PL_2026_V1,ELIGIBLE,
APP200997,PL_2026_V1,ELIGIBLE,
APP200998,PL_2026_V1,ELIGIBLE,
APP200999,PL_2026_V1,INELIGIBLE,BUREAU_SCORE
APP201000,PL_2026_V1,ELIGIBLE,
APP201001,PL_2026_V1,INELIGIBLE,BUREAU_SCORE
APP201002,PL_2026_V1,ELIGIBLE,
APP201003,PL_2026_V1,INELIGIBLE,MIN_INCOME|BUREAU_SCORE
APP201004,PL_2026_V1,INELIGIBLE,FOIR
APP201005,PL_2026_V1,ELIGIBLE,
APP201006,PL_2026_V1,INELIGIBLE,BUREAU_SCORE|FOIR
APP201007,PL_2026_V1,ELIGIBLE,
APP201008,PL_2026_V1,ELIGIBLE,
APP201009,PL_2026_V1,INELIGIBLE,MIN_INCOME
APP201010,PL_2026_V1,ELIGIBLE,
APP201011,PL_2026_V1,ELIGIBLE,
APP201012,PL_2026_V1,ELIGIBLE,
APP201013,PL_2026_V1,INELIGIBLE,BUREAU_SCORE
APP201014,PL_2026_V1,ELIGIBLE,
APP201015,PL_2026_V1,INELIGIBLE,BUREAU_SCORE
APP201016,PL_2026_V1,ELIGIBLE,
APP201017,PL_2026_V1,ELIGIBLE,
APP201018,PL_2026_V1,ELIGIBLE,
APP201019,PL_2026_V1,INELIGIBLE,MIN_INCOME
APP201020,PL_2026_V1,ELIGIBLE,
APP201021,PL_2026_V1,ELIGIBLE,
APP201022,PL_2026_V1,ELIGIBLE,
APP201023,PL_2026_V1,INELIGIBLE,BUREAU_SCORE
APP201024,PL_2026_V1,ELIGIBLE,
APP201025,PL_2026_V1,INELIGIBLE,MIN_INCOME
APP201026,PL_2026_V1,INELIGIBLE,EMPLOYMENT_TENURE
APP201027,PL_2026_V1,INELIGIBLE,FOIR
APP201028,PL_2026_V1,ELIGIBLE,
APP201029,PL_2026_V1,ELIGIBLE,
APP201030,PL_2026_V1,ELIGIBLE,
APP201031,PL_2026_V1,INELIGIBLE,BUREAU_SCORE
APP201032,PL_2026_V1,ELIGIBLE,
APP201033,PL_2026_V1,ELIGIBLE,
APP201034,PL_2026_V1,ELIGIBLE,
APP201035,PL_2026_V1,ELIGIBLE,
APP201036,PL_2026_V1,ELIGIBLE,
APP201037,PL_2026_V1,ELIGIBLE,
APP201038,PL_2026_V1,INELIGIBLE,MIN_INCOME
APP201039,PL_2026_V1,ELIGIBLE,
APP201040,PL_2026_V1,ELIGIBLE,
APP201041,PL_2026_V1,INELIGIBLE,BUREAU_SCORE
APP201042,PL_2026_V1,ELIGIBLE,
APP201043,PL_2026_V1,INELIGIBLE,MIN_INCOME
APP201044,PL_2026_V1,ELIGIBLE,
APP201045,PL_2026_V1,INELIGIBLE,MIN_INCOME
APP201046,PL_2026_V1,INELIGIBLE,BUREAU_SCORE
APP201047,PL_2026_V1,ELIGIBLE,
APP201048,PL_2026_V1,ELIGIBLE,
APP201049,PL_2026_V1,INELIGIBLE,BUREAU_SCORE
APP201050,PL_2026_V1,ELIGIBLE,
APP201051,PL_2026_V1,ELIGIBLE,
APP201052,PL_2026_V1,INELIGIBLE,BUREAU_SCORE
APP201053,PL_2026_V1,ELIGIBLE,
APP201054,PL_2026_V1,ELIGIBLE,
APP201055,PL_2026_V1,ELIGIBLE,
APP201056,PL_2026_V1,ELIGIBLE,
APP201057,PL_2026_V1,ELIGIBLE,
APP201058,PL_2026_V1,INELIGIBLE,BUREAU_SCORE
APP201059,PL_2026_V1,INELIGIBLE,BUREAU_SCORE
APP201060,PL_2026_V1,ELIGIBLE,
APP201061,PL_2026_V1,INELIGIBLE,MIN_INCOME
APP201062,PL_2026_V1,INELIGIBLE,BUREAU_SCORE
APP201063,PL_2026_V1,INELIGIBLE,BUREAU_SCORE
APP201064,PL_2026_V1,ELIGIBLE,
APP201065,PL_2026_V1,INELIGIBLE,BUREAU_SCORE
APP201066,PL_2026_V1,INELIGIBLE,BUREAU_SCORE
APP201067,PL_2026_V1,INELIGIBLE,BUREAU_SCORE
APP201068,PL_2026_V1,ELIGIBLE,
APP201069,PL_2026_V1,ELIGIBLE,
APP201070,PL_2026_V1,ELIGIBLE,
APP201071,PL_2026_V1,INELIGIBLE,BUREAU_SCORE
APP201072,PL_2026_V1,INELIGIBLE,MIN_INCOME
APP201073,PL_2026_V1,ELIGIBLE,
APP201074,PL_2026_V1,ELIGIBLE,
APP201075,PL_2026_V1,INELIGIBLE,BUREAU_SCORE
APP201076,PL_2026_V1,ELIGIBLE,
APP201077,PL_2026_V1,ELIGIBLE,
APP201078,PL_2026_V1,INELIGIBLE,MIN_INCOME|EMPLOYMENT_TENURE
APP201079,PL_2026_V1,ELIGIBLE,
APP201080,PL_2026_V1,ELIGIBLE,
APP201081,PL_2026_V1,ELIGIBLE,
APP201082,PL_2026_V1,INELIGIBLE,BUREAU_SCORE
APP201083,PL_2026_V1,ELIGIBLE,
APP201084,PL_2026_V1,INELIGIBLE,MIN_INCOME
APP201085,PL_2026_V1,INELIGIBLE,BUREAU_SCORE
APP201086,PL_2026_V1,ELIGIBLE,
APP201087,PL_2026_V1,INELIGIBLE,BUREAU_SCORE
APP201088,PL_2026_V1,ELIGIBLE,
APP201089,PL_2026_V1,ELIGIBLE,
APP201090,PL_2026_V1,ELIGIBLE,
APP201091,PL_2026_V1,INELIGIBLE,BUREAU_SCORE
APP201092,PL_2026_V1,ELIGIBLE,
APP201093,PL_2026_V1,INELIGIBLE,BUREAU_SCORE
APP201094,PL_2026_V1,INELIGIBLE,BUREAU_SCORE
APP201095,PL_2026_V1,ELIGIBLE,
APP201096,PL_2026_V1,ELIGIBLE,
APP201097,PL_2026_V1,ELIGIBLE,
APP201098,PL_2026_V1,INELIGIBLE,MIN_INCOME
APP201099,PL_2026_V1,ELIGIBLE,
APP201100,PL_2026_V1,ELIGIBLE,
APP201101,PL_2026_V1,ELIGIBLE,
APP201102,PL_2026_V1,ELIGIBLE,
APP201103,PL_2026_V1,ELIGIBLE,
APP201104,PL_2026_V1,INELIGIBLE,BUREAU_SCORE
APP201105,PL_2026_V1,INELIGIBLE,MIN_INCOME|BUREAU_SCORE
APP201106,PL_2026_V1,ELIGIBLE,
APP201107,PL_2026_V1,INELIGIBLE,EMPLOYMENT_TENURE
APP201108,PL_2026_V1,ELIGIBLE,
APP201109,PL_2026_V1,ELIGIBLE,
APP201110,PL_2026_V1,INELIGIBLE,MIN_INCOME
APP201111,PL_2026_V1,ELIGIBLE,
APP201112,PL_2026_V1,INELIGIBLE,BUREAU_SCORE
APP201113,PL_2026_V1,ELIGIBLE,
APP201114,PL_2026_V1,ELIGIBLE,
APP201115,PL_2026_V1,ELIGIBLE,
APP201116,PL_2026_V1,ELIGIBLE,
APP201117,PL_2026_V1,INELIGIBLE,BUREAU_SCORE
APP201118,PL_2026_V1,INELIGIBLE,BUREAU_SCORE
APP201119,PL_2026_V1,INELIGIBLE,MIN_INCOME|BUREAU_SCORE
APP201120,PL_2026_V1,ELIGIBLE,
APP201121,PL_2026_V1,ELIGIBLE,
APP201122,PL_2026_V1,ELIGIBLE,
APP201123,PL_2026_V1,ELIGIBLE,
APP201124,PL_2026_V1,ELIGIBLE,
APP201125,PL_2026_V1,ELIGIBLE,
APP201126,PL_2026_V1,INELIGIBLE,MIN_INCOME|BUREAU_SCORE
APP201127,PL_2026_V1,INELIGIBLE,MIN_INCOME|BUREAU_SCORE
APP201128,PL_2026_V1,INELIGIBLE,MIN_INCOME
APP201129,PL_2026_V1,ELIGIBLE,
APP201130,PL_2026_V1,ELIGIBLE,
APP201131,PL_2026_V1,INELIGIBLE,BUREAU_SCORE
APP201132,PL_2026_V1,ELIGIBLE,
APP201133,PL_2026_V1,ELIGIBLE,
APP201134,PL_2026_V1,ELIGIBLE,
APP201135,PL_2026_V1,ELIGIBLE,
APP201136,PL_2026_V1,INELIGIBLE,BUREAU_SCORE
APP201137,PL_2026_V1,INELIGIBLE,MIN_INCOME
APP201138,PL_2026_V1,ELIGIBLE,
APP201139,PL_2026_V1,INELIGIBLE,BUREAU_SCORE
APP201140,PL_2026_V1,ELIGIBLE,
APP201141,PL_2026_V1,INELIGIBLE,BUREAU_SCORE
APP201142,PL_2026_V1,ELIGIBLE,
APP201143,PL_2026_V1,ELIGIBLE,
APP201144,PL_2026_V1,ELIGIBLE,
APP201145,PL_2026_V1,INELIGIBLE,BUREAU_SCORE
APP201146,PL_2026_V1,ELIGIBLE,
APP201147,PL_2026_V1,INELIGIBLE,MIN_INCOME
APP201148,PL_2026_V1,INELIGIBLE,MIN_INCOME|BUREAU_SCORE
APP201149,PL_2026_V1,ELIGIBLE,
APP201150,PL_2026_V1,ELIGIBLE,
APP201151,PL_2026_V1,INELIGIBLE,BUREAU_SCORE
APP201152,PL_2026_V1,ELIGIBLE,
APP201153,PL_2026_V1,INELIGIBLE,BUREAU_SCORE
APP201154,PL_2026_V1,INELIGIBLE,MIN_INCOME
APP201155,PL_2026_V1,ELIGIBLE,
APP201156,PL_2026_V1,ELIGIBLE,
APP201157,PL_2026_V1,ELIGIBLE,
APP201158,PL_2026_V1,ELIGIBLE,
APP201159,PL_2026_V1,ELIGIBLE,
APP201160,PL_2026_V1,ELIGIBLE,
APP201161,PL_2026_V1,ELIGIBLE,
APP201162,PL_2026_V1,ELIGIBLE,
APP201163,PL_2026_V1,INELIGIBLE,BUREAU_SCORE
APP201164,PL_2026_V1,ELIGIBLE,
APP201165,PL_2026_V1,INELIGIBLE,BUREAU_SCORE
APP201166,PL_2026_V1,ELIGIBLE,
APP201167,PL_2026_V1,INELIGIBLE,BUREAU_SCORE
APP201168,PL_2026_V1,INELIGIBLE,BUREAU_SCORE
APP201169,PL_2026_V1,INELIGIBLE,MIN_INCOME|BUREAU_SCORE
APP201170,PL_2026_V1,ELIGIBLE,
APP201171,PL_2026_V1,INELIGIBLE,BUREAU_SCORE
APP201172,PL_2026_V1,ELIGIBLE,
APP201173,PL_2026_V1,INELIGIBLE,MIN_INCOME|BUREAU_SCORE
APP201174,PL_2026_V1,ELIGIBLE,
APP201175,PL_2026_V1,INELIGIBLE,MIN_INCOME|BUREAU_SCORE
APP201176,PL_2026_V1,ELIGIBLE,
APP201177,PL_2026_V1,INELIGIBLE,BUREAU_SCORE
APP201178,PL_2026_V1,ELIGIBLE,
APP201179,PL_2026_V1,ELIGIBLE,
APP201180,PL_2026_V1,ELIGIBLE,
APP201181,PL_2026_V1,INELIGIBLE,BUREAU_SCORE
APP201182,PL_2026_V1,ELIGIBLE,
APP201183,PL_2026_V1,ELIGIBLE,
APP201184,PL_2026_V1,ELIGIBLE,
APP201185,PL_2026_V1,INELIGIBLE,BUREAU_SCORE|FOIR
APP201186,PL_2026_V1,INELIGIBLE,BUREAU_SCORE
APP201187,PL_2026_V1,ELIGIBLE,
APP201188,PL_2026_V1,INELIGIBLE,MIN_INCOME|FOIR
APP201189,PL_2026_V1,INELIGIBLE,MIN_INCOME|BUREAU_SCORE
APP201190,PL_2026_V1,ELIGIBLE,
APP201191,PL_2026_V1,ELIGIBLE,
APP201192,PL_2026_V1,ELIGIBLE,
APP201193,PL_2026_V1,ELIGIBLE,
APP201194,PL_2026_V1,INELIGIBLE,MIN_INCOME|BUREAU_SCORE
APP201195,PL_2026_V1,ELIGIBLE,
APP201196,PL_2026_V1,INELIGIBLE,MIN_INCOME
APP201197,PL_2026_V1,INELIGIBLE,BUREAU_SCORE
APP201198,PL_2026_V1,ELIGIBLE,
APP201199,PL_2026_V1,ELIGIBLE,
APP201200,PL_2026_V1,INELIGIBLE,MIN_INCOME
APP201201,PL_2026_V1,ELIGIBLE,
APP201202,PL_2026_V1,ELIGIBLE,
APP201203,PL_2026_V1,INELIGIBLE,BUREAU_SCORE
APP201204,PL_2026_V1,ELIGIBLE,
APP201205,PL_2026_V1,ELIGIBLE,
APP201206,PL_2026_V1,ELIGIBLE,
APP201207,PL_2026_V1,ELIGIBLE,
APP201208,PL_2026_V1,ELIGIBLE,
APP201209,PL_2026_V1,ELIGIBLE,
APP201210,PL_2026_V1,ELIGIBLE,
APP201211,PL_2026_V1,ELIGIBLE,
APP201212,PL_2026_V1,INELIGIBLE,BUREAU_SCORE
APP201213,PL_2026_V1,ELIGIBLE,
APP201214,PL_2026_V1,ELIGIBLE,
APP201215,PL_2026_V1,INELIGIBLE,BUREAU_SCORE
APP201216,PL_2026_V1,INELIGIBLE,FOIR
APP201217,PL_2026_V1,INELIGIBLE,BUREAU_SCORE
APP201218,PL_2026_V1,INELIGIBLE,BUREAU_SCORE
APP201219,PL_2026_V1,ELIGIBLE,
APP201220,PL_2026_V1,ELIGIBLE,
APP201221,PL_2026_V1,ELIGIBLE,
APP201222,PL_2026_V1,ELIGIBLE,
APP201223,PL_2026_V1,ELIGIBLE,
APP201224,PL_2026_V1,ELIGIBLE,
APP201225,PL_2026_V1,ELIGIBLE,
APP201226,PL_2026_V1,ELIGIBLE,
APP201227,PL_2026_V1,INELIGIBLE,BUREAU_SCORE
APP201228,PL_2026_V1,ELIGIBLE,
APP201229,PL_2026_V1,ELIGIBLE,
APP201230,PL_2026_V1,ELIGIBLE,
APP201231,PL_2026_V1,ELIGIBLE,
APP201232,PL_2026_V1,ELIGIBLE,
APP201233,PL_2026_V1,ELIGIBLE,
APP201234,PL_2026_V1,ELIGIBLE,
APP201235,PL_2026_V1,ELIGIBLE,
APP201236,PL_2026_V1,INELIGIBLE,MIN_INCOME
APP201237,PL_2026_V1,INELIGIBLE,BUREAU_SCORE
APP201238,PL_2026_V1,INELIGIBLE,BUREAU_SCORE
APP201239,PL_2026_V1,ELIGIBLE,
APP201240,PL_2026_V1,ELIGIBLE,
APP201241,PL_2026_V1,ELIGIBLE,
APP201242,PL_2026_V1,ELIGIBLE,
APP201243,PL_2026_V1,INELIGIBLE,MIN_INCOME|BUREAU_SCORE
APP201244,PL_2026_V1,ELIGIBLE,
APP201245,PL_2026_V1,ELIGIBLE,
APP201246,PL_2026_V1,INELIGIBLE,MIN_INCOME|BUREAU_SCORE
APP201247,PL_2026_V1,INELIGIBLE,BUREAU_SCORE
APP201248,PL_2026_V1,ELIGIBLE,
APP201249,PL_2026_V1,INELIGIBLE,BUREAU_SCORE
APP201250,PL_2026_V1,ELIGIBLE,
APP201251,PL_2026_V1,INELIGIBLE,MIN_INCOME|BUREAU_SCORE
APP201252,PL_2026_V1,INELIGIBLE,BUREAU_SCORE
APP201253,PL_2026_V1,ELIGIBLE,
APP201254,PL_2026_V1,ELIGIBLE,
APP201255,PL_2026_V1,ELIGIBLE,
APP201256,PL_2026_V1,ELIGIBLE,
APP201257,PL_2026_V1,ELIGIBLE,
APP201258,PL_2026_V1,INELIGIBLE,BUREAU_SCORE
APP201259,PL_2026_V1,ELIGIBLE,
APP201260,PL_2026_V1,INELIGIBLE,BUREAU_SCORE
APP201261,PL_2026_V1,ELIGIBLE,
APP201262,PL_2026_V1,INELIGIBLE,BUREAU_SCORE
APP201263,PL_2026_V1,ELIGIBLE,
APP201264,PL_2026_V1,INELIGIBLE,MIN_INCOME
APP201265,PL_2026_V1,INELIGIBLE,BUREAU_SCORE
APP201266,PL_2026_V1,ELIGIBLE,
APP201267,PL_2026_V1,ELIGIBLE,
APP201268,PL_2026_V1,INELIGIBLE,BUREAU_SCORE
APP201269,PL_2026_V1,ELIGIBLE,
APP201270,PL_2026_V1,ELIGIBLE,
APP201271,PL_2026_V1,INELIGIBLE,BUREAU_SCORE
APP201272,PL_2026_V1,ELIGIBLE,
APP201273,PL_2026_V1,ELIGIBLE,
APP201274,PL_2026_V1,ELIGIBLE,
APP201275,PL_2026_V1,ELIGIBLE,
APP201276,PL_2026_V1,ELIGIBLE,
APP201277,PL_2026_V1,INELIGIBLE,MIN_INCOME
APP201278,PL_2026_V1,INELIGIBLE,BUREAU_SCORE
APP201279,PL_2026_V1,ELIGIBLE,
APP201280,PL_2026_V1,ELIGIBLE,
APP201281,PL_2026_V1,INELIGIBLE,BUREAU_SCORE
APP201282,PL_2026_V1,INELIGIBLE,BUREAU_SCORE
APP201283,PL_2026_V1,ELIGIBLE,
APP201284,PL_2026_V1,INELIGIBLE,MIN_INCOME
APP201285,PL_2026_V1,ELIGIBLE,
APP201286,PL_2026_V1,ELIGIBLE,
APP201287,PL_2026_V1,INELIGIBLE,BUREAU_SCORE
APP201288,PL_2026_V1,INELIGIBLE,BUREAU_SCORE
APP201289,PL_2026_V1,INELIGIBLE,BUREAU_SCORE
APP201290,PL_2026_V1,INELIGIBLE,MIN_INCOME|BUREAU_SCORE
APP201291,PL_2026_V1,INELIGIBLE,MIN_INCOME
APP201292,PL_2026_V1,ELIGIBLE,
APP201293,PL_2026_V1,ELIGIBLE,
APP201294,PL_2026_V1,ELIGIBLE,
APP201295,PL_2026_V1,ELIGIBLE,
APP201296,PL_2026_V1,ELIGIBLE,
APP201297,PL_2026_V1,ELIGIBLE,
APP201298,PL_2026_V1,INELIGIBLE,MIN_INCOME
APP201299,PL_2026_V1,ELIGIBLE,
APP201300,PL_2026_V1,ELIGIBLE,
APP201301,PL_2026_V1,ELIGIBLE,
APP201302,PL_2026_V1,INELIGIBLE,MIN_INCOME
APP201303,PL_2026_V1,ELIGIBLE,
APP201304,PL_2026_V1,ELIGIBLE,
APP201305,PL_2026_V1,INELIGIBLE,BUREAU_SCORE
APP201306,PL_2026_V1,ELIGIBLE,
APP201307,PL_2026_V1,INELIGIBLE,BUREAU_SCORE
APP201308,PL_2026_V1,ELIGIBLE,
APP201309,PL_2026_V1,INELIGIBLE,BUREAU_SCORE
APP201310,PL_2026_V1,ELIGIBLE,
APP201311,PL_2026_V1,ELIGIBLE,
APP201312,PL_2026_V1,ELIGIBLE,
APP201313,PL_2026_V1,ELIGIBLE,
APP201314,PL_2026_V1,ELIGIBLE,
APP201315,PL_2026_V1,ELIGIBLE,
APP201316,PL_2026_V1,ELIGIBLE,
APP201317,PL_2026_V1,INELIGIBLE,BUREAU_SCORE
APP201318,PL_2026_V1,ELIGIBLE,
APP201319,PL_2026_V1,ELIGIBLE,
APP201320,PL_2026_V1,ELIGIBLE,
APP201321,PL_2026_V1,ELIGIBLE,
APP201322,PL_2026_V1,ELIGIBLE,
APP201323,PL_2026_V1,INELIGIBLE,FOIR
APP201324,PL_2026_V1,ELIGIBLE,
APP201325,PL_2026_V1,ELIGIBLE,
APP201326,PL_2026_V1,INELIGIBLE,BUREAU_SCORE
APP201327,PL_2026_V1,INELIGIBLE,BUREAU_SCORE
APP201328,PL_2026_V1,ELIGIBLE,
APP201329,PL_2026_V1,ELIGIBLE,
APP201330,PL_2026_V1,INELIGIBLE,BUREAU_SCORE
APP201331,PL_2026_V1,INELIGIBLE,BUREAU_SCORE
APP201332,PL_2026_V1,ELIGIBLE,
APP201333,PL_2026_V1,INELIGIBLE,MIN_INCOME
APP201334,PL_2026_V1,ELIGIBLE,
APP201335,PL_2026_V1,ELIGIBLE,
APP201336,PL_2026_V1,INELIGIBLE,MIN_INCOME
APP201337,PL_2026_V1,ELIGIBLE,
APP201338,PL_2026_V1,ELIGIBLE,
APP201339,PL_2026_V1,ELIGIBLE,
APP201340,PL_2026_V1,INELIGIBLE,BUREAU_SCORE
APP201341,PL_2026_V1,INELIGIBLE,BUREAU_SCORE
APP201342,PL_2026_V1,ELIGIBLE,
APP201343,PL_2026_V1,ELIGIBLE,
APP201344,PL_2026_V1,INELIGIBLE,MIN_INCOME|BUREAU_SCORE
APP201345,PL_2026_V1,ELIGIBLE,
APP201346,PL_2026_V1,INELIGIBLE,FOIR
APP201347,PL_2026_V1,INELIGIBLE,BUREAU_SCORE
APP201348,PL_2026_V1,INELIGIBLE,BUREAU_SCORE
APP201349,PL_2026_V1,INELIGIBLE,MIN_INCOME
APP201350,PL_2026_V1,INELIGIBLE,BUREAU_SCORE
APP201351,PL_2026_V1,INELIGIBLE,BUREAU_SCORE
APP201352,PL_2026_V1,ELIGIBLE,
APP201353,PL_2026_V1,INELIGIBLE,BUREAU_SCORE
APP201354,PL_2026_V1,INELIGIBLE,BUREAU_SCORE
APP201355,PL_2026_V1,INELIGIBLE,BUREAU_SCORE
APP201356,PL_2026_V1,ELIGIBLE,
APP201357,PL_2026_V1,ELIGIBLE,
APP201358,PL_2026_V1,ELIGIBLE,
APP201359,PL_2026_V1,INELIGIBLE,FOIR
APP201360,PL_2026_V1,ELIGIBLE,
APP201361,PL_2026_V1,INELIGIBLE,BUREAU_SCORE
APP201362,PL_2026_V1,INELIGIBLE,BUREAU_SCORE
APP201363,PL_2026_V1,INELIGIBLE,BUREAU_SCORE
APP201364,PL_2026_V1,ELIGIBLE,
APP201365,PL_2026_V1,INELIGIBLE,BUREAU_SCORE|FOIR
APP201366,PL_2026_V1,ELIGIBLE,
APP201367,PL_2026_V1,ELIGIBLE,
APP201368,PL_2026_V1,ELIGIBLE,
APP201369,PL_2026_V1,INELIGIBLE,BUREAU_SCORE
APP201370,PL_2026_V1,INELIGIBLE,BUREAU_SCORE
APP201371,PL_2026_V1,ELIGIBLE,
APP201372,PL_2026_V1,INELIGIBLE,BUREAU_SCORE
APP201373,PL_2026_V1,INELIGIBLE,BUREAU_SCORE
APP201374,PL_2026_V1,INELIGIBLE,BUREAU_SCORE
APP201375,PL_2026_V1,ELIGIBLE,
APP201376,PL_2026_V1,ELIGIBLE,
APP201377,PL_2026_V1,ELIGIBLE,
APP201378,PL_2026_V1,INELIGIBLE,MIN_INCOME
APP201379,PL_2026_V1,ELIGIBLE,
APP201380,PL_2026_V1,INELIGIBLE,BUREAU_SCORE
APP201381,PL_2026_V1,INELIGIBLE,BUREAU_SCORE
APP201382,PL_2026_V1,ELIGIBLE,
APP201383,PL_2026_V1,ELIGIBLE,
APP201384,PL_2026_V1,ELIGIBLE,
APP201385,PL_2026_V1,INELIGIBLE,BUREAU_SCORE
APP201386,PL_2026_V1,ELIGIBLE,
APP201387,PL_2026_V1,ELIGIBLE,
APP201388,PL_2026_V1,INELIGIBLE,BUREAU_SCORE
APP201389,PL_2026_V1,ELIGIBLE,
APP201390,PL_2026_V1,INELIGIBLE,BUREAU_SCORE
APP201391,PL_2026_V1,ELIGIBLE,
APP201392,PL_2026_V1,ELIGIBLE,
APP201393,PL_2026_V1,ELIGIBLE,
APP201394,PL_2026_V1,ELIGIBLE,
APP201395,PL_2026_V1,ELIGIBLE,
APP201396,PL_2026_V1,ELIGIBLE,
APP201397,PL_2026_V1,ELIGIBLE,
APP201398,PL_2026_V1,ELIGIBLE,
APP201399,PL_2026_V1,INELIGIBLE,MIN_INCOME
APP201400,PL_2026_V1,ELIGIBLE,
APP201401,PL_2026_V1,ELIGIBLE,
APP201402,PL_2026_V1,ELIGIBLE,
APP201403,PL_2026_V1,INELIGIBLE,BUREAU_SCORE|FOIR
APP201404,PL_2026_V1,INELIGIBLE,FOIR
APP201405,PL_2026_V1,INELIGIBLE,MIN_INCOME
APP201406,PL_2026_V1,ELIGIBLE,
APP201407,PL_2026_V1,ELIGIBLE,
APP201408,PL_2026_V1,INELIGIBLE,MIN_INCOME|BUREAU_SCORE
APP201409,PL_2026_V1,INELIGIBLE,BUREAU_SCORE
APP201410,PL_2026_V1,ELIGIBLE,
APP201411,PL_2026_V1,INELIGIBLE,BUREAU_SCORE
APP201412,PL_2026_V1,ELIGIBLE,
APP201413,PL_2026_V1,ELIGIBLE,
APP201414,PL_2026_V1,ELIGIBLE,
APP201415,PL_2026_V1,ELIGIBLE,
APP201416,PL_2026_V1,INELIGIBLE,MIN_INCOME
APP201417,PL_2026_V1,INELIGIBLE,MIN_INCOME
APP201418,PL_2026_V1,ELIGIBLE,
APP201419,PL_2026_V1,ELIGIBLE,
APP201420,PL_2026_V1,ELIGIBLE,
APP201421,PL_2026_V1,ELIGIBLE,
APP201422,PL_2026_V1,INELIGIBLE,BUREAU_SCORE
APP201423,PL_2026_V1,ELIGIBLE,
APP201424,PL_2026_V1,ELIGIBLE,
APP201425,PL_2026_V1,ELIGIBLE,
APP201426,PL_2026_V1,ELIGIBLE,
APP201427,PL_2026_V1,INELIGIBLE,BUREAU_SCORE
APP201428,PL_2026_V1,ELIGIBLE,
APP201429,PL_2026_V1,ELIGIBLE,
APP201430,PL_2026_V1,ELIGIBLE,
APP201431,PL_2026_V1,ELIGIBLE,
APP201432,PL_2026_V1,ELIGIBLE,
APP201433,PL_2026_V1,INELIGIBLE,BUREAU_SCORE
APP201434,PL_2026_V1,INELIGIBLE,MIN_INCOME
APP201435,PL_2026_V1,INELIGIBLE,MIN_INCOME
APP201436,PL_2026_V1,ELIGIBLE,
APP201437,PL_2026_V1,ELIGIBLE,
APP201438,PL_2026_V1,INELIGIBLE,MIN_INCOME|BUREAU_SCORE
APP201439,PL_2026_V1,ELIGIBLE,
APP201440,PL_2026_V1,INELIGIBLE,BUREAU_SCORE
APP201441,PL_2026_V1,ELIGIBLE,
APP201442,PL_2026_V1,ELIGIBLE,
APP201443,PL_2026_V1,ELIGIBLE,
APP201444,PL_2026_V1,ELIGIBLE,
APP201445,PL_2026_V1,INELIGIBLE,BUREAU_SCORE
APP201446,PL_2026_V1,INELIGIBLE,MIN_INCOME
APP201447,PL_2026_V1,INELIGIBLE,BUREAU_SCORE
APP201448,PL_2026_V1,ELIGIBLE,
APP201449,PL_2026_V1,ELIGIBLE,
APP201450,PL_2026_V1,ELIGIBLE,
APP201451,PL_2026_V1,INELIGIBLE,BUREAU_SCORE
APP201452,PL_2026_V1,ELIGIBLE,
APP201453,PL_2026_V1,INELIGIBLE,BUREAU_SCORE
APP201454,PL_2026_V1,INELIGIBLE,BUREAU_SCORE
APP201455,PL_2026_V1,ELIGIBLE,
APP201456,PL_2026_V1,INELIGIBLE,MIN_INCOME
APP201457,PL_2026_V1,ELIGIBLE,
APP201458,PL_2026_V1,ELIGIBLE,
APP201459,PL_2026_V1,INELIGIBLE,MIN_INCOME
APP201460,PL_2026_V1,ELIGIBLE,
APP201461,PL_2026_V1,ELIGIBLE,
APP201462,PL_2026_V1,ELIGIBLE,
APP201463,PL_2026_V1,ELIGIBLE,
APP201464,PL_2026_V1,INELIGIBLE,BUREAU_SCORE
APP201465,PL_2026_V1,INELIGIBLE,BUREAU_SCORE
APP201466,PL_2026_V1,ELIGIBLE,
APP201467,PL_2026_V1,ELIGIBLE,
APP201468,PL_2026_V1,ELIGIBLE,
APP201469,PL_2026_V1,ELIGIBLE,
APP201470,PL_2026_V1,INELIGIBLE,MIN_INCOME
APP201471,PL_2026_V1,ELIGIBLE,
APP201472,PL_2026_V1,ELIGIBLE,
APP201473,PL_2026_V1,ELIGIBLE,
APP201474,PL_2026_V1,ELIGIBLE,
APP201475,PL_2026_V1,ELIGIBLE,
APP201476,PL_2026_V1,ELIGIBLE,
APP201477,PL_2026_V1,ELIGIBLE,
APP201478,PL_2026_V1,ELIGIBLE,
APP201479,PL_2026_V1,ELIGIBLE,
APP201480,PL_2026_V1,INELIGIBLE,MIN_INCOME
APP201481,PL_2026_V1,ELIGIBLE,
APP201482,PL_2026_V1,ELIGIBLE,
APP201483,PL_2026_V1,INELIGIBLE,BUREAU_SCORE
APP201484,PL_2026_V1,ELIGIBLE,
APP201485,PL_2026_V1,INELIGIBLE,MIN_INCOME|BUREAU_SCORE
APP201486,PL_2026_V1,ELIGIBLE,
APP201487,PL_2026_V1,INELIGIBLE,FOIR
APP201488,PL_2026_V1,INELIGIBLE,MIN_INCOME
APP201489,PL_2026_V1,INELIGIBLE,BUREAU_SCORE
APP201490,PL_2026_V1,ELIGIBLE,
APP201491,PL_2026_V1,ELIGIBLE,
APP201492,PL_2026_V1,ELIGIBLE,
APP201493,PL_2026_V1,ELIGIBLE,
APP201494,PL_2026_V1,INELIGIBLE,BUREAU_SCORE
APP201495,PL_2026_V1,INELIGIBLE,MIN_INCOME
APP201496,PL_2026_V1,ELIGIBLE,
APP201497,PL_2026_V1,INELIGIBLE,BUREAU_SCORE
APP201498,PL_2026_V1,ELIGIBLE,
APP201499,PL_2026_V1,INELIGIBLE,BUREAU_SCORE
APP201500,PL_2026_V1,INELIGIBLE,BUREAU_SCORE
APP201501,PL_2026_V1,ELIGIBLE,
APP201502,PL_2026_V1,INELIGIBLE,BUREAU_SCORE
APP201503,PL_2026_V1,ELIGIBLE,
APP201504,PL_2026_V1,ELIGIBLE,
APP201505,PL_2026_V1,INELIGIBLE,FOIR
APP201506,PL_2026_V1,ELIGIBLE,
APP201507,PL_2026_V1,INELIGIBLE,BUREAU_SCORE
APP201508,PL_2026_V1,INELIGIBLE,MIN_INCOME|BUREAU_SCORE
APP201509,PL_2026_V1,ELIGIBLE,
APP201510,PL_2026_V1,INELIGIBLE,BUREAU_SCORE
APP201511,PL_2026_V1,ELIGIBLE,
APP201512,PL_2026_V1,ELIGIBLE,
APP201513,PL_2026_V1,ELIGIBLE,
APP201514,PL_2026_V1,ELIGIBLE,
APP201515,PL_2026_V1,INELIGIBLE,BUREAU_SCORE
APP201516,PL_2026_V1,INELIGIBLE,BUREAU_SCORE
APP201517,PL_2026_V1,ELIGIBLE,
APP201518,PL_2026_V1,ELIGIBLE,
APP201519,PL_2026_V1,ELIGIBLE,
APP201520,PL_2026_V1,ELIGIBLE,
APP201521,PL_2026_V1,ELIGIBLE,
APP201522,PL_2026_V1,ELIGIBLE,
APP201523,PL_2026_V1,INELIGIBLE,MIN_INCOME
APP201524,PL_2026_V1,ELIGIBLE,
APP201525,PL_2026_V1,ELIGIBLE,
APP201526,PL_2026_V1,INELIGIBLE,MIN_INCOME|BUREAU_SCORE
APP201527,PL_2026_V1,INELIGIBLE,BUREAU_SCORE
APP201528,PL_2026_V1,ELIGIBLE,
APP201529,PL_2026_V1,INELIGIBLE,MIN_INCOME|BUREAU_SCORE
APP201530,PL_2026_V1,ELIGIBLE,
APP201531,PL_2026_V1,ELIGIBLE,
APP201532,PL_2026_V1,ELIGIBLE,
APP201533,PL_2026_V1,ELIGIBLE,
APP201534,PL_2026_V1,ELIGIBLE,
APP201535,PL_2026_V1,ELIGIBLE,
APP201536,PL_2026_V1,ELIGIBLE,
APP201537,PL_2026_V1,INELIGIBLE,MIN_INCOME
APP201538,PL_2026_V1,INELIGIBLE,MIN_INCOME
APP201539,PL_2026_V1,ELIGIBLE,
APP201540,PL_2026_V1,INELIGIBLE,BUREAU_SCORE
APP201541,PL_2026_V1,ELIGIBLE,
APP201542,PL_2026_V1,ELIGIBLE,
APP201543,PL_2026_V1,ELIGIBLE,
APP201544,PL_2026_V1,ELIGIBLE,
APP201545,PL_2026_V1,ELIGIBLE,
APP201546,PL_2026_V1,INELIGIBLE,MIN_INCOME
APP201547,PL_2026_V1,ELIGIBLE,
APP201548,PL_2026_V1,ELIGIBLE,
APP201549,PL_2026_V1,ELIGIBLE,
APP201550,PL_2026_V1,ELIGIBLE,
APP201551,PL_2026_V1,INELIGIBLE,BUREAU_SCORE
APP201552,PL_2026_V1,ELIGIBLE,
APP201553,PL_2026_V1,ELIGIBLE,
APP201554,PL_2026_V1,ELIGIBLE,
APP201555,PL_2026_V1,ELIGIBLE,
APP201556,PL_2026_V1,ELIGIBLE,
APP201557,PL_2026_V1,INELIGIBLE,BUREAU_SCORE
APP201558,PL_2026_V1,ELIGIBLE,
APP201559,PL_2026_V1,ELIGIBLE,
APP201560,PL_2026_V1,ELIGIBLE,
APP201561,PL_2026_V1,INELIGIBLE,MIN_INCOME
APP201562,PL_2026_V1,ELIGIBLE,
APP201563,PL_2026_V1,ELIGIBLE,
APP201564,PL_2026_V1,ELIGIBLE,
APP201565,PL_2026_V1,ELIGIBLE,
APP201566,PL_2026_V1,INELIGIBLE,BUREAU_SCORE
APP201567,PL_2026_V1,ELIGIBLE,
APP201568,PL_2026_V1,ELIGIBLE,
APP201569,PL_2026_V1,ELIGIBLE,
APP201570,PL_2026_V1,INELIGIBLE,MIN_INCOME
APP201571,PL_2026_V1,ELIGIBLE,
APP201572,PL_2026_V1,ELIGIBLE,
APP201573,PL_2026_V1,INELIGIBLE,MIN_INCOME
APP201574,PL_2026_V1,ELIGIBLE,
APP201575,PL_2026_V1,INELIGIBLE,BUREAU_SCORE
APP201576,PL_2026_V1,ELIGIBLE,
APP201577,PL_2026_V1,ELIGIBLE,
APP201578,PL_2026_V1,INELIGIBLE,BUREAU_SCORE
APP201579,PL_2026_V1,INELIGIBLE,BUREAU_SCORE
APP201580,PL_2026_V1,INELIGIBLE,BUREAU_SCORE
APP201581,PL_2026_V1,ELIGIBLE,
APP201582,PL_2026_V1,ELIGIBLE,
APP201583,PL_2026_V1,INELIGIBLE,BUREAU_SCORE
APP201584,PL_2026_V1,INELIGIBLE,BUREAU_SCORE
APP201585,PL_2026_V1,ELIGIBLE,
APP201586,PL_2026_V1,ELIGIBLE,
APP201587,PL_2026_V1,INELIGIBLE,EMPLOYMENT_TENURE
APP201588,PL_2026_V1,INELIGIBLE,BUREAU_SCORE
APP201589,PL_2026_V1,INELIGIBLE,BUREAU_SCORE
APP201590,PL_2026_V1,ELIGIBLE,
APP201591,PL_2026_V1,ELIGIBLE,
APP201592,PL_2026_V1,ELIGIBLE,
APP201593,PL_2026_V1,INELIGIBLE,BUREAU_SCORE
APP201594,PL_2026_V1,ELIGIBLE,
APP201595,PL_2026_V1,INELIGIBLE,BUREAU_SCORE
APP201596,PL_2026_V1,INELIGIBLE,BUREAU_SCORE
APP201597,PL_2026_V1,ELIGIBLE,
APP201598,PL_2026_V1,ELIGIBLE,
APP201599,PL_2026_V1,ELIGIBLE,
APP201600,PL_2026_V1,ELIGIBLE,
APP201601,PL_2026_V1,INELIGIBLE,BUREAU_SCORE
APP201602,PL_2026_V1,ELIGIBLE,
APP201603,PL_2026_V1,ELIGIBLE,
APP201604,PL_2026_V1,ELIGIBLE,
APP201605,PL_2026_V1,ELIGIBLE,
APP201606,PL_2026_V1,ELIGIBLE,
APP201607,PL_2026_V1,ELIGIBLE,
APP201608,PL_2026_V1,INELIGIBLE,MIN_INCOME
APP201609,PL_2026_V1,ELIGIBLE,
APP201610,PL_2026_V1,INELIGIBLE,BUREAU_SCORE
APP201611,PL_2026_V1,ELIGIBLE,
APP201612,PL_2026_V1,ELIGIBLE,
APP201613,PL_2026_V1,ELIGIBLE,
APP201614,PL_2026_V1,ELIGIBLE,
APP201615,PL_2026_V1,ELIGIBLE,
APP201616,PL_2026_V1,INELIGIBLE,MIN_INCOME
APP201617,PL_2026_V1,ELIGIBLE,
APP201618,PL_2026_V1,ELIGIBLE,
APP201619,PL_2026_V1,INELIGIBLE,MIN_INCOME
APP201620,PL_2026_V1,INELIGIBLE,MIN_INCOME|BUREAU_SCORE
APP201621,PL_2026_V1,ELIGIBLE,
APP201622,PL_2026_V1,ELIGIBLE,
APP201623,PL_2026_V1,INELIGIBLE,BUREAU_SCORE
APP201624,PL_2026_V1,ELIGIBLE,
APP201625,PL_2026_V1,ELIGIBLE,
APP201626,PL_2026_V1,INELIGIBLE,MIN_INCOME
APP201627,PL_2026_V1,ELIGIBLE,
APP201628,PL_2026_V1,ELIGIBLE,
APP201629,PL_2026_V1,INELIGIBLE,MIN_INCOME
APP201630,PL_2026_V1,ELIGIBLE,
APP201631,PL_2026_V1,INELIGIBLE,MIN_INCOME
APP201632,PL_2026_V1,ELIGIBLE,
APP201633,PL_2026_V1,INELIGIBLE,BUREAU_SCORE
APP201634,PL_2026_V1,ELIGIBLE,
APP201635,PL_2026_V1,INELIGIBLE,MIN_INCOME
APP201636,PL_2026_V1,INELIGIBLE,MIN_INCOME
APP201637,PL_2026_V1,ELIGIBLE,
APP201638,PL_2026_V1,ELIGIBLE,
APP201639,PL_2026_V1,ELIGIBLE,
APP201640,PL_2026_V1,INELIGIBLE,BUREAU_SCORE
APP201641,PL_2026_V1,INELIGIBLE,BUREAU_SCORE
APP201642,PL_2026_V1,INELIGIBLE,BUREAU_SCORE
APP201643,PL_2026_V1,ELIGIBLE,
APP201644,PL_2026_V1,INELIGIBLE,MIN_INCOME
APP201645,PL_2026_V1,ELIGIBLE,
APP201646,PL_2026_V1,ELIGIBLE,
APP201647,PL_2026_V1,ELIGIBLE,
APP201648,PL_2026_V1,ELIGIBLE,
APP201649,PL_2026_V1,ELIGIBLE,
APP201650,PL_2026_V1,ELIGIBLE,
APP201651,PL_2026_V1,ELIGIBLE,
APP201652,PL_2026_V1,ELIGIBLE,
APP201653,PL_2026_V1,ELIGIBLE,
APP201654,PL_2026_V1,INELIGIBLE,BUREAU_SCORE
APP201655,PL_2026_V1,ELIGIBLE,
APP201656,PL_2026_V1,ELIGIBLE,
APP201657,PL_2026_V1,INELIGIBLE,BUREAU_SCORE
APP201658,PL_2026_V1,INELIGIBLE,BUREAU_SCORE
APP201659,PL_2026_V1,ELIGIBLE,
APP201660,PL_2026_V1,INELIGIBLE,MIN_INCOME
APP201661,PL_2026_V1,ELIGIBLE,
APP201662,PL_2026_V1,INELIGIBLE,FOIR
APP201663,PL_2026_V1,INELIGIBLE,MIN_INCOME
APP201664,PL_2026_V1,ELIGIBLE,
APP201665,PL_2026_V1,ELIGIBLE,
APP201666,PL_2026_V1,ELIGIBLE,
APP201667,PL_2026_V1,INELIGIBLE,MIN_INCOME
APP201668,PL_2026_V1,ELIGIBLE,
APP201669,PL_2026_V1,ELIGIBLE,
APP201670,PL_2026_V1,ELIGIBLE,
APP201671,PL_2026_V1,INELIGIBLE,BUREAU_SCORE
APP201672,PL_2026_V1,ELIGIBLE,
APP201673,PL_2026_V1,ELIGIBLE,
APP201674,PL_2026_V1,INELIGIBLE,BUREAU_SCORE
APP201675,PL_2026_V1,ELIGIBLE,
APP201676,PL_2026_V1,ELIGIBLE,
APP201677,PL_2026_V1,INELIGIBLE,BUREAU_SCORE
APP201678,PL_2026_V1,INELIGIBLE,BUREAU_SCORE
APP201679,PL_2026_V1,ELIGIBLE,
APP201680,PL_2026_V1,ELIGIBLE,
APP201681,PL_2026_V1,ELIGIBLE,
APP201682,PL_2026_V1,ELIGIBLE,
APP201683,PL_2026_V1,INELIGIBLE,MIN_INCOME
APP201684,PL_2026_V1,ELIGIBLE,
APP201685,PL_2026_V1,ELIGIBLE,
APP201686,PL_2026_V1,ELIGIBLE,
APP201687,PL_2026_V1,ELIGIBLE,
APP201688,PL_2026_V1,INELIGIBLE,MIN_INCOME
APP201689,PL_2026_V1,INELIGIBLE,MIN_INCOME
APP201690,PL_2026_V1,INELIGIBLE,MIN_INCOME
APP201691,PL_2026_V1,INELIGIBLE,MIN_INCOME
APP201692,PL_2026_V1,INELIGIBLE,MIN_INCOME
APP201693,PL_2026_V1,ELIGIBLE,
APP201694,PL_2026_V1,ELIGIBLE,
APP201695,PL_2026_V1,INELIGIBLE,BUREAU_SCORE
APP201696,PL_2026_V1,INELIGIBLE,BUREAU_SCORE
APP201697,PL_2026_V1,ELIGIBLE,
APP201698,PL_2026_V1,ELIGIBLE,
APP201699,PL_2026_V1,ELIGIBLE,
APP201700,PL_2026_V1,ELIGIBLE,
APP201701,PL_2026_V1,ELIGIBLE,
APP201702,PL_2026_V1,ELIGIBLE,
APP201703,PL_2026_V1,INELIGIBLE,BUREAU_SCORE
APP201704,PL_2026_V1,ELIGIBLE,
APP201705,PL_2026_V1,INELIGIBLE,BUREAU_SCORE
APP201706,PL_2026_V1,ELIGIBLE,
APP201707,PL_2026_V1,ELIGIBLE,
APP201708,PL_2026_V1,ELIGIBLE,
APP201709,PL_2026_V1,ELIGIBLE,
APP201710,PL_2026_V1,ELIGIBLE,
APP201711,PL_2026_V1,ELIGIBLE,
APP201712,PL_2026_V1,ELIGIBLE,
APP201713,PL_2026_V1,INELIGIBLE,BUREAU_SCORE
APP201714,PL_2026_V1,ELIGIBLE,
APP201715,PL_2026_V1,ELIGIBLE,
APP201716,PL_2026_V1,ELIGIBLE,
APP201717,PL_2026_V1,ELIGIBLE,
APP201718,PL_2026_V1,ELIGIBLE,
APP201719,PL_2026_V1,INELIGIBLE,BUREAU_SCORE
APP201720,PL_2026_V1,ELIGIBLE,
APP201721,PL_2026_V1,ELIGIBLE,
APP201722,PL_2026_V1,ELIGIBLE,
APP201723,PL_2026_V1,ELIGIBLE,
APP201724,PL_2026_V1,ELIGIBLE,
APP201725,PL_2026_V1,INELIGIBLE,BUREAU_SCORE
APP201726,PL_2026_V1,INELIGIBLE,BUREAU_SCORE|FOIR
APP201727,PL_2026_V1,INELIGIBLE,BUREAU_SCORE
APP201728,PL_2026_V1,ELIGIBLE,
APP201729,PL_2026_V1,ELIGIBLE,
APP201730,PL_2026_V1,INELIGIBLE,MIN_INCOME
APP201731,PL_2026_V1,ELIGIBLE,
APP201732,PL_2026_V1,INELIGIBLE,MIN_INCOME|BUREAU_SCORE|FOIR
APP201733,PL_2026_V1,INELIGIBLE,MIN_INCOME
APP201734,PL_2026_V1,ELIGIBLE,
APP201735,PL_2026_V1,INELIGIBLE,BUREAU_SCORE
APP201736,PL_2026_V1,ELIGIBLE,
APP201737,PL_2026_V1,ELIGIBLE,
APP201738,PL_2026_V1,ELIGIBLE,
APP201739,PL_2026_V1,ELIGIBLE,
APP201740,PL_2026_V1,INELIGIBLE,BUREAU_SCORE
APP201741,PL_2026_V1,ELIGIBLE,
APP201742,PL_2026_V1,INELIGIBLE,MIN_INCOME|BUREAU_SCORE
APP201743,PL_2026_V1,INELIGIBLE,BUREAU_SCORE
APP201744,PL_2026_V1,INELIGIBLE,MIN_INCOME
APP201745,PL_2026_V1,ELIGIBLE,
APP201746,PL_2026_V1,INELIGIBLE,BUREAU_SCORE
APP201747,PL_2026_V1,ELIGIBLE,
APP201748,PL_2026_V1,ELIGIBLE,
APP201749,PL_2026_V1,ELIGIBLE,
APP201750,PL_2026_V1,INELIGIBLE,BUREAU_SCORE
APP201751,PL_2026_V1,ELIGIBLE,
APP201752,PL_2026_V1,ELIGIBLE,
APP201753,PL_2026_V1,ELIGIBLE,
APP201754,PL_2026_V1,ELIGIBLE,
APP201755,PL_2026_V1,ELIGIBLE,
APP201756,PL_2026_V1,INELIGIBLE,BUREAU_SCORE
APP201757,PL_2026_V1,ELIGIBLE,
APP201758,PL_2026_V1,INELIGIBLE,BUREAU_SCORE
APP201759,PL_2026_V1,INELIGIBLE,BUREAU_SCORE|FOIR
APP201760,PL_2026_V1,ELIGIBLE,
APP201761,PL_2026_V1,ELIGIBLE,
APP201762,PL_2026_V1,ELIGIBLE,
APP201763,PL_2026_V1,ELIGIBLE,
APP201764,PL_2026_V1,ELIGIBLE,
APP201765,PL_2026_V1,ELIGIBLE,
APP201766,PL_2026_V1,ELIGIBLE,
APP201767,PL_2026_V1,ELIGIBLE,
APP201768,PL_2026_V1,ELIGIBLE,
APP201769,PL_2026_V1,INELIGIBLE,BUREAU_SCORE
APP201770,PL_2026_V1,INELIGIBLE,FOIR
APP201771,PL_2026_V1,ELIGIBLE,
APP201772,PL_2026_V1,ELIGIBLE,
APP201773,PL_2026_V1,INELIGIBLE,BUREAU_SCORE
APP201774,PL_2026_V1,ELIGIBLE,
APP201775,PL_2026_V1,ELIGIBLE,
APP201776,PL_2026_V1,ELIGIBLE,
APP201777,PL_2026_V1,ELIGIBLE,
APP201778,PL_2026_V1,ELIGIBLE,
APP201779,PL_2026_V1,INELIGIBLE,BUREAU_SCORE
APP201780,PL_2026_V1,INELIGIBLE,BUREAU_SCORE
APP201781,PL_2026_V1,ELIGIBLE,
APP201782,PL_2026_V1,INELIGIBLE,BUREAU_SCORE
APP201783,PL_2026_V1,ELIGIBLE,
APP201784,PL_2026_V1,ELIGIBLE,
APP201785,PL_2026_V1,ELIGIBLE,
APP201786,PL_2026_V1,ELIGIBLE,
APP201787,PL_2026_V1,INELIGIBLE,BUREAU_SCORE
APP201788,PL_2026_V1,ELIGIBLE,
APP201789,PL_2026_V1,ELIGIBLE,
APP201790,PL_2026_V1,INELIGIBLE,BUREAU_SCORE
APP201791,PL_2026_V1,ELIGIBLE,
APP201792,PL_2026_V1,ELIGIBLE,
APP201793,PL_2026_V1,INELIGIBLE,MIN_INCOME
APP201794,PL_2026_V1,ELIGIBLE,
APP201795,PL_2026_V1,ELIGIBLE,
APP201796,PL_2026_V1,INELIGIBLE,MIN_INCOME
APP201797,PL_2026_V1,ELIGIBLE,
APP201798,PL_2026_V1,ELIGIBLE,
APP201799,PL_2026_V1,ELIGIBLE,
APP201800,PL_2026_V1,ELIGIBLE,
APP201801,PL_2026_V1,INELIGIBLE,MIN_INCOME
APP201802,PL_2026_V1,ELIGIBLE,
APP201803,PL_2026_V1,INELIGIBLE,BUREAU_SCORE
APP201804,PL_2026_V1,ELIGIBLE,
APP201805,PL_2026_V1,INELIGIBLE,MIN_INCOME
APP201806,PL_2026_V1,ELIGIBLE,
APP201807,PL_2026_V1,INELIGIBLE,MIN_INCOME|BUREAU_SCORE
APP201808,PL_2026_V1,INELIGIBLE,BUREAU_SCORE
APP201809,PL_2026_V1,INELIGIBLE,MIN_INCOME|BUREAU_SCORE
APP201810,PL_2026_V1,INELIGIBLE,MIN_INCOME|BUREAU_SCORE
APP201811,PL_2026_V1,INELIGIBLE,MIN_INCOME
APP201812,PL_2026_V1,ELIGIBLE,
APP201813,PL_2026_V1,ELIGIBLE,
APP201814,PL_2026_V1,ELIGIBLE,
APP201815,PL_2026_V1,INELIGIBLE,BUREAU_SCORE
APP201816,PL_2026_V1,INELIGIBLE,BUREAU_SCORE
APP201817,PL_2026_V1,ELIGIBLE,
APP201818,PL_2026_V1,INELIGIBLE,BUREAU_SCORE
APP201819,PL_2026_V1,ELIGIBLE,
APP201820,PL_2026_V1,ELIGIBLE,
APP201821,PL_2026_V1,ELIGIBLE,
APP201822,PL_2026_V1,INELIGIBLE,MIN_INCOME
APP201823,PL_2026_V1,ELIGIBLE,
APP201824,PL_2026_V1,ELIGIBLE,
APP201825,PL_2026_V1,ELIGIBLE,
APP201826,PL_2026_V1,INELIGIBLE,MIN_INCOME|BUREAU_SCORE
APP201827,PL_2026_V1,ELIGIBLE,
APP201828,PL_2026_V1,ELIGIBLE,
APP201829,PL_2026_V1,ELIGIBLE,
APP201830,PL_2026_V1,ELIGIBLE,
APP201831,PL_2026_V1,INELIGIBLE,BUREAU_SCORE
APP201832,PL_2026_V1,ELIGIBLE,
APP201833,PL_2026_V1,ELIGIBLE,
APP201834,PL_2026_V1,INELIGIBLE,MIN_INCOME
APP201835,PL_2026_V1,ELIGIBLE,
APP201836,PL_2026_V1,INELIGIBLE,MIN_INCOME
APP201837,PL_2026_V1,INELIGIBLE,BUREAU_SCORE
APP201838,PL_2026_V1,ELIGIBLE,
APP201839,PL_2026_V1,ELIGIBLE,
APP201840,PL_2026_V1,INELIGIBLE,MIN_INCOME|BUREAU_SCORE
APP201841,PL_2026_V1,ELIGIBLE,
APP201842,PL_2026_V1,INELIGIBLE,BUREAU_SCORE
APP201843,PL_2026_V1,INELIGIBLE,BUREAU_SCORE
APP201844,PL_2026_V1,ELIGIBLE,
APP201845,PL_2026_V1,ELIGIBLE,
APP201846,PL_2026_V1,ELIGIBLE,
APP201847,PL_2026_V1,ELIGIBLE,
APP201848,PL_2026_V1,ELIGIBLE,
APP201849,PL_2026_V1,ELIGIBLE,
APP201850,PL_2026_V1,INELIGIBLE,BUREAU_SCORE
APP201851,PL_2026_V1,ELIGIBLE,
APP201852,PL_2026_V1,ELIGIBLE,
APP201853,PL_2026_V1,INELIGIBLE,MIN_INCOME
APP201854,PL_2026_V1,INELIGIBLE,BUREAU_SCORE
APP201855,PL_2026_V1,INELIGIBLE,MIN_INCOME|BUREAU_SCORE
APP201856,PL_2026_V1,INELIGIBLE,BUREAU_SCORE
APP201857,PL_2026_V1,ELIGIBLE,
APP201858,PL_2026_V1,ELIGIBLE,
APP201859,PL_2026_V1,INELIGIBLE,MIN_INCOME
APP201860,PL_2026_V1,ELIGIBLE,
APP201861,PL_2026_V1,INELIGIBLE,BUREAU_SCORE
APP201862,PL_2026_V1,INELIGIBLE,MIN_INCOME
APP201863,PL_2026_V1,INELIGIBLE,BUREAU_SCORE
APP201864,PL_2026_V1,INELIGIBLE,MIN_INCOME|BUREAU_SCORE
APP201865,PL_2026_V1,ELIGIBLE,
APP201866,PL_2026_V1,ELIGIBLE,
APP201867,PL_2026_V1,ELIGIBLE,
APP201868,PL_2026_V1,ELIGIBLE,
APP201869,PL_2026_V1,ELIGIBLE,
APP201870,PL_2026_V1,ELIGIBLE,
APP201871,PL_2026_V1,ELIGIBLE,
APP201872,PL_2026_V1,INELIGIBLE,MIN_INCOME|BUREAU_SCORE
APP201873,PL_2026_V1,ELIGIBLE,
APP201874,PL_2026_V1,ELIGIBLE,
APP201875,PL_2026_V1,ELIGIBLE,
APP201876,PL_2026_V1,INELIGIBLE,MIN_INCOME
APP201877,PL_2026_V1,ELIGIBLE,
APP201878,PL_2026_V1,INELIGIBLE,BUREAU_SCORE
APP201879,PL_2026_V1,INELIGIBLE,BUREAU_SCORE
APP201880,PL_2026_V1,ELIGIBLE,
APP201881,PL_2026_V1,ELIGIBLE,
APP201882,PL_2026_V1,ELIGIBLE,
APP201883,PL_2026_V1,ELIGIBLE,
APP201884,PL_2026_V1,ELIGIBLE,
APP201885,PL_2026_V1,ELIGIBLE,
APP201886,PL_2026_V1,ELIGIBLE,
APP201887,PL_2026_V1,ELIGIBLE,
APP201888,PL_2026_V1,INELIGIBLE,BUREAU_SCORE
APP201889,PL_2026_V1,ELIGIBLE,
APP201890,PL_2026_V1,INELIGIBLE,BUREAU_SCORE
APP201891,PL_2026_V1,INELIGIBLE,BUREAU_SCORE
APP201892,PL_2026_V1,INELIGIBLE,MIN_INCOME
APP201893,PL_2026_V1,ELIGIBLE,
APP201894,PL_2026_V1,INELIGIBLE,BUREAU_SCORE
APP201895,PL_2026_V1,ELIGIBLE,
APP201896,PL_2026_V1,ELIGIBLE,
APP201897,PL_2026_V1,INELIGIBLE,MIN_INCOME|BUREAU_SCORE
APP201898,PL_2026_V1,ELIGIBLE,
APP201899,PL_2026_V1,ELIGIBLE,
APP201900,PL_2026_V1,INELIGIBLE,MIN_INCOME
APP201901,PL_2026_V1,ELIGIBLE,
APP201902,PL_2026_V1,ELIGIBLE,
APP201903,PL_2026_V1,ELIGIBLE,
APP201904,PL_2026_V1,INELIGIBLE,MIN_INCOME
APP201905,PL_2026_V1,INELIGIBLE,BUREAU_SCORE
APP201906,PL_2026_V1,INELIGIBLE,MIN_INCOME
APP201907,PL_2026_V1,INELIGIBLE,MIN_INCOME
APP201908,PL_2026_V1,INELIGIBLE,BUREAU_SCORE
APP201909,PL_2026_V1,ELIGIBLE,
APP201910,PL_2026_V1,ELIGIBLE,
APP201911,PL_2026_V1,ELIGIBLE,
APP201912,PL_2026_V1,INELIGIBLE,BUREAU_SCORE
APP201913,PL_2026_V1,ELIGIBLE,
APP201914,PL_2026_V1,ELIGIBLE,
APP201915,PL_2026_V1,INELIGIBLE,MIN_INCOME
APP201916,PL_2026_V1,ELIGIBLE,
APP201917,PL_2026_V1,INELIGIBLE,BUREAU_SCORE
APP201918,PL_2026_V1,ELIGIBLE,
APP201919,PL_2026_V1,ELIGIBLE,
APP201920,PL_2026_V1,ELIGIBLE,
APP201921,PL_2026_V1,ELIGIBLE,
APP201922,PL_2026_V1,INELIGIBLE,BUREAU_SCORE
APP201923,PL_2026_V1,INELIGIBLE,MIN_INCOME
APP201924,PL_2026_V1,ELIGIBLE,
APP201925,PL_2026_V1,INELIGIBLE,BUREAU_SCORE
APP201926,PL_2026_V1,ELIGIBLE,
APP201927,PL_2026_V1,ELIGIBLE,
APP201928,PL_2026_V1,INELIGIBLE,BUREAU_SCORE
APP201929,PL_2026_V1,INELIGIBLE,BUREAU_SCORE
APP201930,PL_2026_V1,ELIGIBLE,
APP201931,PL_2026_V1,ELIGIBLE,
APP201932,PL_2026_V1,ELIGIBLE,
APP201933,PL_2026_V1,ELIGIBLE,
APP201934,PL_2026_V1,ELIGIBLE,
APP201935,PL_2026_V1,ELIGIBLE,
APP201936,PL_2026_V1,ELIGIBLE,
APP201937,PL_2026_V1,ELIGIBLE,
APP201938,PL_2026_V1,ELIGIBLE,
APP201939,PL_2026_V1,INELIGIBLE,BUREAU_SCORE
APP201940,PL_2026_V1,ELIGIBLE,
APP201941,PL_2026_V1,ELIGIBLE,
APP201942,PL_2026_V1,ELIGIBLE,
APP201943,PL_2026_V1,INELIGIBLE,BUREAU_SCORE
APP201944,PL_2026_V1,ELIGIBLE,
APP201945,PL_2026_V1,INELIGIBLE,BUREAU_SCORE
APP201946,PL_2026_V1,ELIGIBLE,
APP201947,PL_2026_V1,ELIGIBLE,
APP201948,PL_2026_V1,INELIGIBLE,BUREAU_SCORE
APP201949,PL_2026_V1,ELIGIBLE,
APP201950,PL_2026_V1,ELIGIBLE,
APP201951,PL_2026_V1,INELIGIBLE,MIN_INCOME
APP201952,PL_2026_V1,ELIGIBLE,
APP201953,PL_2026_V1,INELIGIBLE,BUREAU_SCORE
APP201954,PL_2026_V1,INELIGIBLE,BUREAU_SCORE
APP201955,PL_2026_V1,ELIGIBLE,
APP201956,PL_2026_V1,ELIGIBLE,
APP201957,PL_2026_V1,INELIGIBLE,BUREAU_SCORE|FOIR
APP201958,PL_2026_V1,ELIGIBLE,
APP201959,PL_2026_V1,ELIGIBLE,
APP201960,PL_2026_V1,ELIGIBLE,
APP201961,PL_2026_V1,ELIGIBLE,
APP201962,PL_2026_V1,INELIGIBLE,BUREAU_SCORE
APP201963,PL_2026_V1,ELIGIBLE,
APP201964,PL_2026_V1,ELIGIBLE,
APP201965,PL_2026_V1,INELIGIBLE,BUREAU_SCORE
APP201966,PL_2026_V1,ELIGIBLE,
APP201967,PL_2026_V1,INELIGIBLE,BUREAU_SCORE
APP201968,PL_2026_V1,ELIGIBLE,
APP201969,PL_2026_V1,ELIGIBLE,
APP201970,PL_2026_V1,INELIGIBLE,BUREAU_SCORE
APP201971,PL_2026_V1,ELIGIBLE,
APP201972,PL_2026_V1,INELIGIBLE,BUREAU_SCORE
APP201973,PL_2026_V1,ELIGIBLE,
APP201974,PL_2026_V1,ELIGIBLE,
APP201975,PL_2026_V1,INELIGIBLE,BUREAU_SCORE
APP201976,PL_2026_V1,INELIGIBLE,MIN_INCOME
APP201977,PL_2026_V1,ELIGIBLE,
APP201978,PL_2026_V1,ELIGIBLE,
APP201979,PL_2026_V1,INELIGIBLE,MIN_INCOME
APP201980,PL_2026_V1,ELIGIBLE,
APP201981,PL_2026_V1,INELIGIBLE,BUREAU_SCORE
APP201982,PL_2026_V1,INELIGIBLE,BUREAU_SCORE
APP201983,PL_2026_V1,ELIGIBLE,
APP201984,PL_2026_V1,ELIGIBLE,
APP201985,PL_2026_V1,INELIGIBLE,BUREAU_SCORE
APP201986,PL_2026_V1,ELIGIBLE,
APP201987,PL_2026_V1,ELIGIBLE,
APP201988,PL_2026_V1,ELIGIBLE,
APP201989,PL_2026_V1,ELIGIBLE,
APP201990,PL_2026_V1,ELIGIBLE,
APP201991,PL_2026_V1,INELIGIBLE,BUREAU_SCORE
APP201992,PL_2026_V1,INELIGIBLE,MIN_INCOME
APP201993,PL_2026_V1,ELIGIBLE,
APP201994,PL_2026_V1,ELIGIBLE,
APP201995,PL_2026_V1,INELIGIBLE,MIN_INCOME
APP201996,PL_2026_V1,INELIGIBLE,MIN_INCOME
APP201997,PL_2026_V1,ELIGIBLE,
APP201998,PL_2026_V1,ELIGIBLE,
APP201999,PL_2026_V1,ELIGIBLE,
APP202000,PL_2026_V1,ELIGIBLE,
APP202001,PL_2026_V1,ELIGIBLE,
APP202002,PL_2026_V1,ELIGIBLE,
APP202003,PL_2026_V1,ELIGIBLE,
APP202004,PL_2026_V1,ELIGIBLE,
APP202005,PL_2026_V1,INELIGIBLE,BUREAU_SCORE
APP202006,PL_2026_V1,INELIGIBLE,BUREAU_SCORE
APP202007,PL_2026_V1,ELIGIBLE,
APP202008,PL_2026_V1,ELIGIBLE,
APP202009,PL_2026_V1,INELIGIBLE,BUREAU_SCORE
APP202010,PL_2026_V1,INELIGIBLE,BUREAU_SCORE
APP202011,PL_2026_V1,ELIGIBLE,
APP202012,PL_2026_V1,INELIGIBLE,FOIR
APP202013,PL_2026_V1,INELIGIBLE,BUREAU_SCORE
APP202014,PL_2026_V1,INELIGIBLE,BUREAU_SCORE
APP202015,PL_2026_V1,ELIGIBLE,
APP202016,PL_2026_V1,ELIGIBLE,
APP202017,PL_2026_V1,ELIGIBLE,
APP202018,PL_2026_V1,ELIGIBLE,
APP202019,PL_2026_V1,INELIGIBLE,BUREAU_SCORE
APP202020,PL_2026_V1,ELIGIBLE,
APP202021,PL_2026_V1,ELIGIBLE,
APP202022,PL_2026_V1,INELIGIBLE,MIN_INCOME
APP202023,PL_2026_V1,ELIGIBLE,
APP202024,PL_2026_V1,ELIGIBLE,
APP202025,PL_2026_V1,ELIGIBLE,
APP202026,PL_2026_V1,ELIGIBLE,
APP202027,PL_2026_V1,ELIGIBLE,
APP202028,PL_2026_V1,ELIGIBLE,
APP202029,PL_2026_V1,INELIGIBLE,FOIR
APP202030,PL_2026_V1,ELIGIBLE,
APP202031,PL_2026_V1,ELIGIBLE,
APP202032,PL_2026_V1,ELIGIBLE,
APP202033,PL_2026_V1,ELIGIBLE,
APP202034,PL_2026_V1,ELIGIBLE,
APP202035,PL_2026_V1,INELIGIBLE,BUREAU_SCORE
APP202036,PL_2026_V1,INELIGIBLE,MIN_INCOME
APP202037,PL_2026_V1,ELIGIBLE,
APP202038,PL_2026_V1,ELIGIBLE,
APP202039,PL_2026_V1,ELIGIBLE,
APP202040,PL_2026_V1,INELIGIBLE,BUREAU_SCORE
APP202041,PL_2026_V1,ELIGIBLE,
APP202042,PL_2026_V1,ELIGIBLE,
APP202043,PL_2026_V1,ELIGIBLE,
APP202044,PL_2026_V1,INELIGIBLE,BUREAU_SCORE
APP202045,PL_2026_V1,INELIGIBLE,BUREAU_SCORE
APP202046,PL_2026_V1,ELIGIBLE,
APP202047,PL_2026_V1,ELIGIBLE,
APP202048,PL_2026_V1,INELIGIBLE,BUREAU_SCORE
APP202049,PL_2026_V1,ELIGIBLE,
APP202050,PL_2026_V1,INELIGIBLE,MIN_INCOME|BUREAU_SCORE
APP202051,PL_2026_V1,INELIGIBLE,BUREAU_SCORE
APP202052,PL_2026_V1,ELIGIBLE,
APP202053,PL_2026_V1,ELIGIBLE,
APP202054,PL_2026_V1,ELIGIBLE,
APP202055,PL_2026_V1,ELIGIBLE,
APP202056,PL_2026_V1,INELIGIBLE,FOIR
APP202057,PL_2026_V1,ELIGIBLE,
APP202058,PL_2026_V1,ELIGIBLE,
APP202059,PL_2026_V1,INELIGIBLE,MIN_INCOME|BUREAU_SCORE
APP202060,PL_2026_V1,INELIGIBLE,MIN_INCOME
APP202061,PL_2026_V1,ELIGIBLE,
APP202062,PL_2026_V1,INELIGIBLE,MIN_INCOME
APP202063,PL_2026_V1,INELIGIBLE,BUREAU_SCORE
APP202064,PL_2026_V1,ELIGIBLE,
APP202065,PL_2026_V1,ELIGIBLE,
APP202066,PL_2026_V1,ELIGIBLE,
APP202067,PL_2026_V1,ELIGIBLE,
APP202068,PL_2026_V1,INELIGIBLE,MIN_INCOME
APP202069,PL_2026_V1,INELIGIBLE,MIN_INCOME|BUREAU_SCORE
APP202070,PL_2026_V1,ELIGIBLE,
APP202071,PL_2026_V1,ELIGIBLE,
APP202072,PL_2026_V1,ELIGIBLE,
APP202073,PL_2026_V1,ELIGIBLE,
APP202074,PL_2026_V1,INELIGIBLE,BUREAU_SCORE
APP202075,PL_2026_V1,INELIGIBLE,MIN_INCOME|BUREAU_SCORE
APP202076,PL_2026_V1,ELIGIBLE,
APP202077,PL_2026_V1,ELIGIBLE,
APP202078,PL_2026_V1,ELIGIBLE,
APP202079,PL_2026_V1,ELIGIBLE,
APP202080,PL_2026_V1,ELIGIBLE,
APP202081,PL_2026_V1,INELIGIBLE,BUREAU_SCORE
APP202082,PL_2026_V1,ELIGIBLE,
APP202083,PL_2026_V1,ELIGIBLE,
APP202084,PL_2026_V1,INELIGIBLE,MIN_INCOME
APP202085,PL_2026_V1,ELIGIBLE,
APP202086,PL_2026_V1,ELIGIBLE,
APP202087,PL_2026_V1,ELIGIBLE,
APP202088,PL_2026_V1,INELIGIBLE,MIN_INCOME
APP202089,PL_2026_V1,ELIGIBLE,
APP202090,PL_2026_V1,ELIGIBLE,
APP202091,PL_2026_V1,ELIGIBLE,
APP202092,PL_2026_V1,ELIGIBLE,
APP202093,PL_2026_V1,ELIGIBLE,
APP202094,PL_2026_V1,INELIGIBLE,BUREAU_SCORE
APP202095,PL_2026_V1,ELIGIBLE,
APP202096,PL_2026_V1,ELIGIBLE,
APP202097,PL_2026_V1,ELIGIBLE,
APP202098,PL_2026_V1,ELIGIBLE,
APP202099,PL_2026_V1,ELIGIBLE,
APP202100,PL_2026_V1,INELIGIBLE,BUREAU_SCORE
APP202101,PL_2026_V1,INELIGIBLE,BUREAU_SCORE
APP202102,PL_2026_V1,INELIGIBLE,MIN_INCOME|BUREAU_SCORE
APP202103,PL_2026_V1,ELIGIBLE,
APP202104,PL_2026_V1,ELIGIBLE,
APP202105,PL_2026_V1,ELIGIBLE,
APP202106,PL_2026_V1,ELIGIBLE,
APP202107,PL_2026_V1,ELIGIBLE,
APP202108,PL_2026_V1,INELIGIBLE,BUREAU_SCORE
APP202109,PL_2026_V1,ELIGIBLE,
APP202110,PL_2026_V1,INELIGIBLE,BUREAU_SCORE
APP202111,PL_2026_V1,INELIGIBLE,BUREAU_SCORE
APP202112,PL_2026_V1,ELIGIBLE,
APP202113,PL_2026_V1,INELIGIBLE,BUREAU_SCORE
APP202114,PL_2026_V1,ELIGIBLE,
APP202115,PL_2026_V1,ELIGIBLE,
APP202116,PL_2026_V1,INELIGIBLE,BUREAU_SCORE
APP202117,PL_2026_V1,INELIGIBLE,BUREAU_SCORE
APP202118,PL_2026_V1,INELIGIBLE,MIN_INCOME
APP202119,PL_2026_V1,ELIGIBLE,
APP202120,PL_2026_V1,ELIGIBLE,
APP202121,PL_2026_V1,ELIGIBLE,
APP202122,PL_2026_V1,ELIGIBLE,
APP202123,PL_2026_V1,INELIGIBLE,BUREAU_SCORE
APP202124,PL_2026_V1,ELIGIBLE,
APP202125,PL_2026_V1,ELIGIBLE,
APP202126,PL_2026_V1,INELIGIBLE,MIN_INCOME
APP202127,PL_2026_V1,INELIGIBLE,BUREAU_SCORE
APP202128,PL_2026_V1,ELIGIBLE,
APP202129,PL_2026_V1,INELIGIBLE,BUREAU_SCORE
APP202130,PL_2026_V1,INELIGIBLE,BUREAU_SCORE
APP202131,PL_2026_V1,ELIGIBLE,
APP202132,PL_2026_V1,ELIGIBLE,
APP202133,PL_2026_V1,INELIGIBLE,BUREAU_SCORE
APP202134,PL_2026_V1,ELIGIBLE,
APP202135,PL_2026_V1,ELIGIBLE,
APP202136,PL_2026_V1,ELIGIBLE,
APP202137,PL_2026_V1,INELIGIBLE,BUREAU_SCORE
APP202138,PL_2026_V1,ELIGIBLE,
APP202139,PL_2026_V1,INELIGIBLE,BUREAU_SCORE
APP202140,PL_2026_V1,ELIGIBLE,
APP202141,PL_2026_V1,ELIGIBLE,
APP202142,PL_2026_V1,ELIGIBLE,
APP202143,PL_2026_V1,INELIGIBLE,BUREAU_SCORE
APP202144,PL_2026_V1,ELIGIBLE,
APP202145,PL_2026_V1,INELIGIBLE,BUREAU_SCORE
APP202146,PL_2026_V1,ELIGIBLE,
APP202147,PL_2026_V1,INELIGIBLE,MIN_INCOME|BUREAU_SCORE
APP202148,PL_2026_V1,ELIGIBLE,
APP202149,PL_2026_V1,ELIGIBLE,
APP202150,PL_2026_V1,ELIGIBLE,
APP202151,PL_2026_V1,INELIGIBLE,MIN_INCOME
APP202152,PL_2026_V1,ELIGIBLE,
APP202153,PL_2026_V1,ELIGIBLE,
APP202154,PL_2026_V1,ELIGIBLE,
APP202155,PL_2026_V1,ELIGIBLE,
APP202156,PL_2026_V1,ELIGIBLE,
APP202157,PL_2026_V1,ELIGIBLE,
APP202158,PL_2026_V1,ELIGIBLE,
APP202159,PL_2026_V1,ELIGIBLE,
APP202160,PL_2026_V1,INELIGIBLE,BUREAU_SCORE
APP202161,PL_2026_V1,INELIGIBLE,BUREAU_SCORE
APP202162,PL_2026_V1,ELIGIBLE,
APP202163,PL_2026_V1,ELIGIBLE,
APP202164,PL_2026_V1,INELIGIBLE,BUREAU_SCORE
APP202165,PL_2026_V1,INELIGIBLE,BUREAU_SCORE
APP202166,PL_2026_V1,ELIGIBLE,
APP202167,PL_2026_V1,ELIGIBLE,
APP202168,PL_2026_V1,ELIGIBLE,
APP202169,PL_2026_V1,ELIGIBLE,
APP202170,PL_2026_V1,INELIGIBLE,BUREAU_SCORE
APP202171,PL_2026_V1,INELIGIBLE,MIN_INCOME
APP202172,PL_2026_V1,INELIGIBLE,MIN_INCOME|BUREAU_SCORE
APP202173,PL_2026_V1,ELIGIBLE,
APP202174,PL_2026_V1,INELIGIBLE,MIN_INCOME
APP202175,PL_2026_V1,ELIGIBLE,
APP202176,PL_2026_V1,ELIGIBLE,
APP202177,PL_2026_V1,ELIGIBLE,
APP202178,PL_2026_V1,INELIGIBLE,MIN_INCOME
APP202179,PL_2026_V1,INELIGIBLE,BUREAU_SCORE
APP202180,PL_2026_V1,INELIGIBLE,MIN_INCOME|BUREAU_SCORE
APP202181,PL_2026_V1,INELIGIBLE,BUREAU_SCORE
APP202182,PL_2026_V1,ELIGIBLE,
APP202183,PL_2026_V1,ELIGIBLE,
APP202184,PL_2026_V1,ELIGIBLE,
APP202185,PL_2026_V1,ELIGIBLE,
APP202186,PL_2026_V1,ELIGIBLE,
APP202187,PL_2026_V1,ELIGIBLE,
APP202188,PL_2026_V1,ELIGIBLE,
APP202189,PL_2026_V1,INELIGIBLE,BUREAU_SCORE
APP202190,PL_2026_V1,INELIGIBLE,BUREAU_SCORE
APP202191,PL_2026_V1,ELIGIBLE,
APP202192,PL_2026_V1,INELIGIBLE,BUREAU_SCORE
APP202193,PL_2026_V1,INELIGIBLE,BUREAU_SCORE
APP202194,PL_2026_V1,ELIGIBLE,
APP202195,PL_2026_V1,INELIGIBLE,MIN_INCOME
APP202196,PL_2026_V1,ELIGIBLE,
APP202197,PL_2026_V1,INELIGIBLE,BUREAU_SCORE
APP202198,PL_2026_V1,INELIGIBLE,MIN_INCOME
APP202199,PL_2026_V1,ELIGIBLE,
APP202200,PL_2026_V1,ELIGIBLE,
APP202201,PL_2026_V1,ELIGIBLE,
APP202202,PL_2026_V1,ELIGIBLE,
APP202203,PL_2026_V1,ELIGIBLE,
APP202204,PL_2026_V1,ELIGIBLE,
APP202205,PL_2026_V1,ELIGIBLE,
APP202206,PL_2026_V1,INELIGIBLE,BUREAU_SCORE
APP202207,PL_2026_V1,ELIGIBLE,
APP202208,PL_2026_V1,ELIGIBLE,
APP202209,PL_2026_V1,ELIGIBLE,
APP202210,PL_2026_V1,INELIGIBLE,MIN_INCOME
APP202211,PL_2026_V1,ELIGIBLE,
APP202212,PL_2026_V1,ELIGIBLE,
APP202213,PL_2026_V1,ELIGIBLE,
APP202214,PL_2026_V1,INELIGIBLE,BUREAU_SCORE
APP202215,PL_2026_V1,ELIGIBLE,
APP202216,PL_2026_V1,ELIGIBLE,
APP202217,PL_2026_V1,ELIGIBLE,
APP202218,PL_2026_V1,INELIGIBLE,BUREAU_SCORE
APP202219,PL_2026_V1,ELIGIBLE,
APP202220,PL_2026_V1,ELIGIBLE,
APP202221,PL_2026_V1,ELIGIBLE,
APP202222,PL_2026_V1,ELIGIBLE,
APP202223,PL_2026_V1,ELIGIBLE,
APP202224,PL_2026_V1,INELIGIBLE,BUREAU_SCORE
APP202225,PL_2026_V1,ELIGIBLE,
APP202226,PL_2026_V1,ELIGIBLE,
APP202227,PL_2026_V1,ELIGIBLE,
APP202228,PL_2026_V1,INELIGIBLE,MIN_INCOME
APP202229,PL_2026_V1,ELIGIBLE,
APP202230,PL_2026_V1,INELIGIBLE,BUREAU_SCORE
APP202231,PL_2026_V1,INELIGIBLE,BUREAU_SCORE
APP202232,PL_2026_V1,ELIGIBLE,
APP202233,PL_2026_V1,ELIGIBLE,
APP202234,PL_2026_V1,ELIGIBLE,
APP202235,PL_2026_V1,INELIGIBLE,MIN_INCOME
APP202236,PL_2026_V1,ELIGIBLE,
APP202237,PL_2026_V1,ELIGIBLE,
APP202238,PL_2026_V1,INELIGIBLE,BUREAU_SCORE
APP202239,PL_2026_V1,ELIGIBLE,
APP202240,PL_2026_V1,ELIGIBLE,
APP202241,PL_2026_V1,ELIGIBLE,
APP202242,PL_2026_V1,INELIGIBLE,BUREAU_SCORE
APP202243,PL_2026_V1,INELIGIBLE,BUREAU_SCORE
APP202244,PL_2026_V1,ELIGIBLE,
APP202245,PL_2026_V1,ELIGIBLE,
APP202246,PL_2026_V1,ELIGIBLE,
APP202247,PL_2026_V1,ELIGIBLE,
APP202248,PL_2026_V1,ELIGIBLE,
APP202249,PL_2026_V1,ELIGIBLE,
APP202250,PL_2026_V1,ELIGIBLE,
APP202251,PL_2026_V1,ELIGIBLE,
APP202252,PL_2026_V1,ELIGIBLE,
APP202253,PL_2026_V1,ELIGIBLE,
APP202254,PL_2026_V1,INELIGIBLE,MIN_INCOME
APP202255,PL_2026_V1,INELIGIBLE,BUREAU_SCORE
APP202256,PL_2026_V1,INELIGIBLE,FOIR
APP202257,PL_2026_V1,INELIGIBLE,MIN_INCOME|BUREAU_SCORE
APP202258,PL_2026_V1,ELIGIBLE,
APP202259,PL_2026_V1,ELIGIBLE,
APP202260,PL_2026_V1,ELIGIBLE,
APP202261,PL_2026_V1,ELIGIBLE,
APP202262,PL_2026_V1,ELIGIBLE,
APP202263,PL_2026_V1,ELIGIBLE,
APP202264,PL_2026_V1,ELIGIBLE,
APP202265,PL_2026_V1,INELIGIBLE,BUREAU_SCORE
APP202266,PL_2026_V1,ELIGIBLE,
APP202267,PL_2026_V1,INELIGIBLE,MIN_INCOME
APP202268,PL_2026_V1,ELIGIBLE,
APP202269,PL_2026_V1,INELIGIBLE,MIN_INCOME
APP202270,PL_2026_V1,ELIGIBLE,
APP202271,PL_2026_V1,ELIGIBLE,
APP202272,PL_2026_V1,INELIGIBLE,BUREAU_SCORE
APP202273,PL_2026_V1,INELIGIBLE,BUREAU_SCORE
APP202274,PL_2026_V1,INELIGIBLE,MIN_INCOME
APP202275,PL_2026_V1,ELIGIBLE,
APP202276,PL_2026_V1,ELIGIBLE,
APP202277,PL_2026_V1,ELIGIBLE,
APP202278,PL_2026_V1,INELIGIBLE,BUREAU_SCORE
APP202279,PL_2026_V1,INELIGIBLE,MIN_INCOME
APP202280,PL_2026_V1,ELIGIBLE,
APP202281,PL_2026_V1,ELIGIBLE,
APP202282,PL_2026_V1,ELIGIBLE,
APP202283,PL_2026_V1,INELIGIBLE,MIN_INCOME
APP202284,PL_2026_V1,INELIGIBLE,BUREAU_SCORE
APP202285,PL_2026_V1,ELIGIBLE,
APP202286,PL_2026_V1,ELIGIBLE,
APP202287,PL_2026_V1,ELIGIBLE,
APP202288,PL_2026_V1,ELIGIBLE,
APP202289,PL_2026_V1,ELIGIBLE,
APP202290,PL_2026_V1,INELIGIBLE,MIN_INCOME
APP202291,PL_2026_V1,ELIGIBLE,
APP202292,PL_2026_V1,INELIGIBLE,BUREAU_SCORE
APP202293,PL_2026_V1,INELIGIBLE,BUREAU_SCORE
APP202294,PL_2026_V1,INELIGIBLE,BUREAU_SCORE
APP202295,PL_2026_V1,INELIGIBLE,MIN_INCOME
APP202296,PL_2026_V1,INELIGIBLE,BUREAU_SCORE
APP202297,PL_2026_V1,INELIGIBLE,BUREAU_SCORE
APP202298,PL_2026_V1,ELIGIBLE,
APP202299,PL_2026_V1,ELIGIBLE,
APP202300,PL_2026_V1,ELIGIBLE,
APP202301,PL_2026_V1,INELIGIBLE,BUREAU_SCORE
APP202302,PL_2026_V1,INELIGIBLE,BUREAU_SCORE
APP202303,PL_2026_V1,INELIGIBLE,BUREAU_SCORE
APP202304,PL_2026_V1,INELIGIBLE,BUREAU_SCORE
APP202305,PL_2026_V1,ELIGIBLE,
APP202306,PL_2026_V1,INELIGIBLE,MIN_INCOME|FOIR
APP202307,PL_2026_V1,ELIGIBLE,
APP202308,PL_2026_V1,INELIGIBLE,MIN_INCOME
APP202309,PL_2026_V1,INELIGIBLE,BUREAU_SCORE
APP202310,PL_2026_V1,ELIGIBLE,
APP202311,PL_2026_V1,ELIGIBLE,
APP202312,PL_2026_V1,ELIGIBLE,
APP202313,PL_2026_V1,INELIGIBLE,BUREAU_SCORE
APP202314,PL_2026_V1,ELIGIBLE,
APP202315,PL_2026_V1,ELIGIBLE,
APP202316,PL_2026_V1,INELIGIBLE,BUREAU_SCORE
APP202317,PL_2026_V1,ELIGIBLE,
APP202318,PL_2026_V1,ELIGIBLE,
APP202319,PL_2026_V1,INELIGIBLE,BUREAU_SCORE
APP202320,PL_2026_V1,ELIGIBLE,
APP202321,PL_2026_V1,INELIGIBLE,BUREAU_SCORE
APP202322,PL_2026_V1,INELIGIBLE,BUREAU_SCORE
APP202323,PL_2026_V1,ELIGIBLE,
APP202324,PL_2026_V1,ELIGIBLE,
APP202325,PL_2026_V1,ELIGIBLE,
APP202326,PL_2026_V1,ELIGIBLE,
APP202327,PL_2026_V1,ELIGIBLE,
APP202328,PL_2026_V1,INELIGIBLE,MIN_INCOME|BUREAU_SCORE|FOIR
APP202329,PL_2026_V1,ELIGIBLE,
APP202330,PL_2026_V1,ELIGIBLE,
APP202331,PL_2026_V1,ELIGIBLE,
APP202332,PL_2026_V1,INELIGIBLE,MIN_INCOME
APP202333,PL_2026_V1,ELIGIBLE,
APP202334,PL_2026_V1,ELIGIBLE,
APP202335,PL_2026_V1,INELIGIBLE,BUREAU_SCORE
APP202336,PL_2026_V1,ELIGIBLE,
APP202337,PL_2026_V1,ELIGIBLE,
APP202338,PL_2026_V1,INELIGIBLE,BUREAU_SCORE
APP202339,PL_2026_V1,ELIGIBLE,
APP202340,PL_2026_V1,ELIGIBLE,
APP202341,PL_2026_V1,ELIGIBLE,
APP202342,PL_2026_V1,ELIGIBLE,
APP202343,PL_2026_V1,ELIGIBLE,
APP202344,PL_2026_V1,ELIGIBLE,
APP202345,PL_2026_V1,ELIGIBLE,
APP202346,PL_2026_V1,ELIGIBLE,
APP202347,PL_2026_V1,INELIGIBLE,MIN_INCOME|BUREAU_SCORE
APP202348,PL_2026_V1,INELIGIBLE,BUREAU_SCORE
APP202349,PL_2026_V1,ELIGIBLE,
APP202350,PL_2026_V1,ELIGIBLE,
APP202351,PL_2026_V1,INELIGIBLE,BUREAU_SCORE
APP202352,PL_2026_V1,ELIGIBLE,
APP202353,PL_2026_V1,ELIGIBLE,
APP202354,PL_2026_V1,INELIGIBLE,MIN_INCOME|BUREAU_SCORE
APP202355,PL_2026_V1,INELIGIBLE,BUREAU_SCORE
APP202356,PL_2026_V1,ELIGIBLE,
APP202357,PL_2026_V1,ELIGIBLE,
APP202358,PL_2026_V1,ELIGIBLE,
APP202359,PL_2026_V1,INELIGIBLE,BUREAU_SCORE
APP202360,PL_2026_V1,ELIGIBLE,
APP202361,PL_2026_V1,INELIGIBLE,BUREAU_SCORE
APP202362,PL_2026_V1,INELIGIBLE,MIN_INCOME|BUREAU_SCORE
APP202363,PL_2026_V1,INELIGIBLE,FOIR
APP202364,PL_2026_V1,ELIGIBLE,
APP202365,PL_2026_V1,INELIGIBLE,BUREAU_SCORE
APP202366,PL_2026_V1,ELIGIBLE,
APP202367,PL_2026_V1,INELIGIBLE,MIN_INCOME
APP202368,PL_2026_V1,ELIGIBLE,
APP202369,PL_2026_V1,INELIGIBLE,BUREAU_SCORE
APP202370,PL_2026_V1,ELIGIBLE,
APP202371,PL_2026_V1,ELIGIBLE,
APP202372,PL_2026_V1,INELIGIBLE,BUREAU_SCORE
APP202373,PL_2026_V1,ELIGIBLE,
APP202374,PL_2026_V1,INELIGIBLE,BUREAU_SCORE
APP202375,PL_2026_V1,INELIGIBLE,MIN_INCOME
APP202376,PL_2026_V1,ELIGIBLE,
APP202377,PL_2026_V1,ELIGIBLE,
APP202378,PL_2026_V1,ELIGIBLE,
APP202379,PL_2026_V1,ELIGIBLE,
APP202380,PL_2026_V1,ELIGIBLE,
APP202381,PL_2026_V1,ELIGIBLE,
APP202382,PL_2026_V1,INELIGIBLE,BUREAU_SCORE
APP202383,PL_2026_V1,INELIGIBLE,BUREAU_SCORE
APP202384,PL_2026_V1,INELIGIBLE,MIN_INCOME
APP202385,PL_2026_V1,INELIGIBLE,MIN_INCOME
APP202386,PL_2026_V1,INELIGIBLE,BUREAU_SCORE
APP202387,PL_2026_V1,INELIGIBLE,MIN_INCOME
APP202388,PL_2026_V1,INELIGIBLE,BUREAU_SCORE
APP202389,PL_2026_V1,INELIGIBLE,BUREAU_SCORE
APP202390,PL_2026_V1,INELIGIBLE,BUREAU_SCORE
APP202391,PL_2026_V1,ELIGIBLE,
APP202392,PL_2026_V1,ELIGIBLE,
APP202393,PL_2026_V1,INELIGIBLE,BUREAU_SCORE
APP202394,PL_2026_V1,ELIGIBLE,
APP202395,PL_2026_V1,ELIGIBLE,
APP202396,PL_2026_V1,INELIGIBLE,MIN_INCOME|BUREAU_SCORE
APP202397,PL_2026_V1,INELIGIBLE,BUREAU_SCORE
APP202398,PL_2026_V1,ELIGIBLE,
APP202399,PL_2026_V1,ELIGIBLE,
APP202400,PL_2026_V1,INELIGIBLE,EMPLOYMENT_TENURE
APP202401,PL_2026_V1,ELIGIBLE,
APP202402,PL_2026_V1,ELIGIBLE,
APP202403,PL_2026_V1,ELIGIBLE,
APP202404,PL_2026_V1,ELIGIBLE,
APP202405,PL_2026_V1,INELIGIBLE,MIN_INCOME|BUREAU_SCORE
APP202406,PL_2026_V1,INELIGIBLE,BUREAU_SCORE
APP202407,PL_2026_V1,INELIGIBLE,MIN_INCOME
APP202408,PL_2026_V1,ELIGIBLE,
APP202409,PL_2026_V1,ELIGIBLE,
APP202410,PL_2026_V1,ELIGIBLE,
APP202411,PL_2026_V1,ELIGIBLE,
APP202412,PL_2026_V1,INELIGIBLE,BUREAU_SCORE
APP202413,PL_2026_V1,ELIGIBLE,
APP202414,PL_2026_V1,INELIGIBLE,BUREAU_SCORE
APP202415,PL_2026_V1,INELIGIBLE,BUREAU_SCORE
APP202416,PL_2026_V1,ELIGIBLE,
APP202417,PL_2026_V1,INELIGIBLE,MIN_INCOME
APP202418,PL_2026_V1,INELIGIBLE,BUREAU_SCORE
APP202419,PL_2026_V1,ELIGIBLE,
APP202420,PL_2026_V1,ELIGIBLE,
APP202421,PL_2026_V1,INELIGIBLE,BUREAU_SCORE
APP202422,PL_2026_V1,ELIGIBLE,
APP202423,PL_2026_V1,INELIGIBLE,MIN_INCOME|BUREAU_SCORE
APP202424,PL_2026_V1,INELIGIBLE,MIN_INCOME
APP202425,PL_2026_V1,ELIGIBLE,
APP202426,PL_2026_V1,INELIGIBLE,MIN_INCOME
APP202427,PL_2026_V1,ELIGIBLE,
APP202428,PL_2026_V1,ELIGIBLE,
APP202429,PL_2026_V1,INELIGIBLE,BUREAU_SCORE
APP202430,PL_2026_V1,ELIGIBLE,
APP202431,PL_2026_V1,INELIGIBLE,MIN_INCOME
APP202432,PL_2026_V1,ELIGIBLE,
APP202433,PL_2026_V1,ELIGIBLE,
APP202434,PL_2026_V1,ELIGIBLE,
APP202435,PL_2026_V1,ELIGIBLE,
APP202436,PL_2026_V1,ELIGIBLE,
APP202437,PL_2026_V1,ELIGIBLE,
APP202438,PL_2026_V1,INELIGIBLE,BUREAU_SCORE
APP202439,PL_2026_V1,INELIGIBLE,BUREAU_SCORE
APP202440,PL_2026_V1,INELIGIBLE,MIN_INCOME
APP202441,PL_2026_V1,ELIGIBLE,
APP202442,PL_2026_V1,INELIGIBLE,MIN_INCOME
APP202443,PL_2026_V1,ELIGIBLE,
APP202444,PL_2026_V1,INELIGIBLE,BUREAU_SCORE
APP202445,PL_2026_V1,ELIGIBLE,
APP202446,PL_2026_V1,INELIGIBLE,BUREAU_SCORE
APP202447,PL_2026_V1,ELIGIBLE,
APP202448,PL_2026_V1,INELIGIBLE,BUREAU_SCORE
APP202449,PL_2026_V1,ELIGIBLE,
APP202450,PL_2026_V1,ELIGIBLE,
APP202451,PL_2026_V1,ELIGIBLE,
APP202452,PL_2026_V1,ELIGIBLE,
APP202453,PL_2026_V1,ELIGIBLE,
APP202454,PL_2026_V1,ELIGIBLE,
APP202455,PL_2026_V1,ELIGIBLE,
APP202456,PL_2026_V1,ELIGIBLE,
APP202457,PL_2026_V1,INELIGIBLE,MIN_INCOME
APP202458,PL_2026_V1,ELIGIBLE,
APP202459,PL_2026_V1,ELIGIBLE,
APP202460,PL_2026_V1,ELIGIBLE,
APP202461,PL_2026_V1,ELIGIBLE,
APP202462,PL_2026_V1,INELIGIBLE,MIN_INCOME
APP202463,PL_2026_V1,ELIGIBLE,
APP202464,PL_2026_V1,INELIGIBLE,MIN_INCOME|BUREAU_SCORE
APP202465,PL_2026_V1,ELIGIBLE,
APP202466,PL_2026_V1,ELIGIBLE,
APP202467,PL_2026_V1,ELIGIBLE,
APP202468,PL_2026_V1,ELIGIBLE,
APP202469,PL_2026_V1,INELIGIBLE,MIN_INCOME
APP202470,PL_2026_V1,ELIGIBLE,
APP202471,PL_2026_V1,INELIGIBLE,BUREAU_SCORE
APP202472,PL_2026_V1,ELIGIBLE,
APP202473,PL_2026_V1,ELIGIBLE,
APP202474,PL_2026_V1,INELIGIBLE,MIN_INCOME
APP202475,PL_2026_V1,ELIGIBLE,
APP202476,PL_2026_V1,ELIGIBLE,
APP202477,PL_2026_V1,ELIGIBLE,
APP202478,PL_2026_V1,ELIGIBLE,
APP202479,PL_2026_V1,ELIGIBLE,
APP202480,PL_2026_V1,ELIGIBLE,
APP202481,PL_2026_V1,ELIGIBLE,
APP202482,PL_2026_V1,INELIGIBLE,MIN_INCOME
APP202483,PL_2026_V1,ELIGIBLE,
APP202484,PL_2026_V1,INELIGIBLE,BUREAU_SCORE
APP202485,PL_2026_V1,INELIGIBLE,MIN_INCOME
APP202486,PL_2026_V1,ELIGIBLE,
APP202487,PL_2026_V1,ELIGIBLE,
APP202488,PL_2026_V1,INELIGIBLE,BUREAU_SCORE
APP202489,PL_2026_V1,ELIGIBLE,
APP202490,PL_2026_V1,ELIGIBLE,
APP202491,PL_2026_V1,INELIGIBLE,BUREAU_SCORE
APP202492,PL_2026_V1,ELIGIBLE,
APP202493,PL_2026_V1,ELIGIBLE,
APP202494,PL_2026_V1,ELIGIBLE,
APP202495,PL_2026_V1,ELIGIBLE,
APP202496,PL_2026_V1,ELIGIBLE,
APP202497,PL_2026_V1,ELIGIBLE,
APP202498,PL_2026_V1,ELIGIBLE,
APP202499,PL_2026_V1,ELIGIBLE,
APP202500,PL_2026_V1,ELIGIBLE,
APP202501,PL_2026_V1,ELIGIBLE,
APP202502,PL_2026_V1,INELIGIBLE,MIN_INCOME
APP202503,PL_2026_V1,ELIGIBLE,
APP202504,PL_2026_V1,INELIGIBLE,BUREAU_SCORE
APP202505,PL_2026_V1,ELIGIBLE,
APP202506,PL_2026_V1,ELIGIBLE,
APP202507,PL_2026_V1,ELIGIBLE,
APP202508,PL_2026_V1,ELIGIBLE,
APP202509,PL_2026_V1,INELIGIBLE,MIN_INCOME
APP202510,PL_2026_V1,ELIGIBLE,
APP202511,PL_2026_V1,ELIGIBLE,
APP202512,PL_2026_V1,ELIGIBLE,
APP202513,PL_2026_V1,ELIGIBLE,
APP202514,PL_2026_V1,ELIGIBLE,
APP202515,PL_2026_V1,ELIGIBLE,
APP202516,PL_2026_V1,INELIGIBLE,MIN_INCOME
APP202517,PL_2026_V1,ELIGIBLE,
APP202518,PL_2026_V1,INELIGIBLE,BUREAU_SCORE
APP202519,PL_2026_V1,ELIGIBLE,
APP202520,PL_2026_V1,ELIGIBLE,
APP202521,PL_2026_V1,INELIGIBLE,BUREAU_SCORE
APP202522,PL_2026_V1,INELIGIBLE,MIN_INCOME|BUREAU_SCORE
APP202523,PL_2026_V1,INELIGIBLE,MIN_INCOME
APP202524,PL_2026_V1,ELIGIBLE,
APP202525,PL_2026_V1,ELIGIBLE,
APP202526,PL_2026_V1,ELIGIBLE,
APP202527,PL_2026_V1,INELIGIBLE,BUREAU_SCORE
APP202528,PL_2026_V1,INELIGIBLE,MIN_INCOME
APP202529,PL_2026_V1,ELIGIBLE,
APP202530,PL_2026_V1,ELIGIBLE,
APP202531,PL_2026_V1,ELIGIBLE,
APP202532,PL_2026_V1,ELIGIBLE,
APP202533,PL_2026_V1,ELIGIBLE,
APP202534,PL_2026_V1,INELIGIBLE,MIN_INCOME|BUREAU_SCORE
APP202535,PL_2026_V1,INELIGIBLE,MIN_INCOME|BUREAU_SCORE
APP202536,PL_2026_V1,ELIGIBLE,
APP202537,PL_2026_V1,ELIGIBLE,
APP202538,PL_2026_V1,ELIGIBLE,
APP202539,PL_2026_V1,ELIGIBLE,
APP202540,PL_2026_V1,INELIGIBLE,MIN_INCOME|BUREAU_SCORE
APP202541,PL_2026_V1,ELIGIBLE,
APP202542,PL_2026_V1,ELIGIBLE,
APP202543,PL_2026_V1,ELIGIBLE,
APP202544,PL_2026_V1,INELIGIBLE,MIN_INCOME
APP202545,PL_2026_V1,ELIGIBLE,
APP202546,PL_2026_V1,ELIGIBLE,
APP202547,PL_2026_V1,INELIGIBLE,MIN_INCOME
APP202548,PL_2026_V1,ELIGIBLE,
APP202549,PL_2026_V1,ELIGIBLE,
APP202550,PL_2026_V1,ELIGIBLE,
APP202551,PL_2026_V1,ELIGIBLE,
APP202552,PL_2026_V1,ELIGIBLE,
APP202553,PL_2026_V1,INELIGIBLE,EMPLOYMENT_TENURE
APP202554,PL_2026_V1,ELIGIBLE,
APP202555,PL_2026_V1,INELIGIBLE,BUREAU_SCORE
APP202556,PL_2026_V1,INELIGIBLE,BUREAU_SCORE
APP202557,PL_2026_V1,ELIGIBLE,
APP202558,PL_2026_V1,ELIGIBLE,
APP202559,PL_2026_V1,ELIGIBLE,
APP202560,PL_2026_V1,INELIGIBLE,BUREAU_SCORE
APP202561,PL_2026_V1,ELIGIBLE,
APP202562,PL_2026_V1,INELIGIBLE,BUREAU_SCORE
APP202563,PL_2026_V1,ELIGIBLE,
APP202564,PL_2026_V1,INELIGIBLE,MIN_INCOME|BUREAU_SCORE
APP202565,PL_2026_V1,ELIGIBLE,
APP202566,PL_2026_V1,ELIGIBLE,
APP202567,PL_2026_V1,ELIGIBLE,
APP202568,PL_2026_V1,ELIGIBLE,
APP202569,PL_2026_V1,ELIGIBLE,
APP202570,PL_2026_V1,INELIGIBLE,BUREAU_SCORE
APP202571,PL_2026_V1,INELIGIBLE,BUREAU_SCORE
APP202572,PL_2026_V1,INELIGIBLE,MIN_INCOME
APP202573,PL_2026_V1,ELIGIBLE,
APP202574,PL_2026_V1,ELIGIBLE,
APP202575,PL_2026_V1,ELIGIBLE,
APP202576,PL_2026_V1,ELIGIBLE,
APP202577,PL_2026_V1,ELIGIBLE,
APP202578,PL_2026_V1,ELIGIBLE,
APP202579,PL_2026_V1,INELIGIBLE,MIN_INCOME
APP202580,PL_2026_V1,ELIGIBLE,
APP202581,PL_2026_V1,ELIGIBLE,
APP202582,PL_2026_V1,INELIGIBLE,MIN_INCOME
APP202583,PL_2026_V1,INELIGIBLE,BUREAU_SCORE
APP202584,PL_2026_V1,INELIGIBLE,BUREAU_SCORE
APP202585,PL_2026_V1,ELIGIBLE,
APP202586,PL_2026_V1,ELIGIBLE,
APP202587,PL_2026_V1,ELIGIBLE,
APP202588,PL_2026_V1,ELIGIBLE,
APP202589,PL_2026_V1,ELIGIBLE,
APP202590,PL_2026_V1,INELIGIBLE,BUREAU_SCORE
APP202591,PL_2026_V1,ELIGIBLE,
APP202592,PL_2026_V1,INELIGIBLE,BUREAU_SCORE|EMPLOYMENT_TENURE
APP202593,PL_2026_V1,ELIGIBLE,
APP202594,PL_2026_V1,ELIGIBLE,
APP202595,PL_2026_V1,ELIGIBLE,
APP202596,PL_2026_V1,ELIGIBLE,
APP202597,PL_2026_V1,ELIGIBLE,
APP202598,PL_2026_V1,ELIGIBLE,
APP202599,PL_2026_V1,INELIGIBLE,BUREAU_SCORE
APP202600,PL_2026_V1,ELIGIBLE,
APP202601,PL_2026_V1,ELIGIBLE,
APP202602,PL_2026_V1,ELIGIBLE,
APP202603,PL_2026_V1,ELIGIBLE,
APP202604,PL_2026_V1,INELIGIBLE,BUREAU_SCORE
APP202605,PL_2026_V1,INELIGIBLE,FOIR
APP202606,PL_2026_V1,INELIGIBLE,BUREAU_SCORE
APP202607,PL_2026_V1,INELIGIBLE,MIN_INCOME|BUREAU_SCORE
APP202608,PL_2026_V1,INELIGIBLE,MIN_INCOME|BUREAU_SCORE
APP202609,PL_2026_V1,ELIGIBLE,
APP202610,PL_2026_V1,ELIGIBLE,
APP202611,PL_2026_V1,INELIGIBLE,FOIR
APP202612,PL_2026_V1,ELIGIBLE,
APP202613,PL_2026_V1,ELIGIBLE,
APP202614,PL_2026_V1,ELIGIBLE,
APP202615,PL_2026_V1,ELIGIBLE,
APP202616,PL_2026_V1,ELIGIBLE,
APP202617,PL_2026_V1,ELIGIBLE,
APP202618,PL_2026_V1,ELIGIBLE,
APP202619,PL_2026_V1,ELIGIBLE,
APP202620,PL_2026_V1,INELIGIBLE,BUREAU_SCORE
APP202621,PL_2026_V1,ELIGIBLE,
APP202622,PL_2026_V1,ELIGIBLE,
APP202623,PL_2026_V1,INELIGIBLE,FOIR
APP202624,PL_2026_V1,ELIGIBLE,
APP202625,PL_2026_V1,ELIGIBLE,
APP202626,PL_2026_V1,INELIGIBLE,FOIR
APP202627,PL_2026_V1,ELIGIBLE,
APP202628,PL_2026_V1,ELIGIBLE,
APP202629,PL_2026_V1,ELIGIBLE,
APP202630,PL_2026_V1,ELIGIBLE,
APP202631,PL_2026_V1,ELIGIBLE,
APP202632,PL_2026_V1,INELIGIBLE,BUREAU_SCORE
APP202633,PL_2026_V1,INELIGIBLE,MIN_INCOME|BUREAU_SCORE
APP202634,PL_2026_V1,INELIGIBLE,EMPLOYMENT_TENURE
APP202635,PL_2026_V1,ELIGIBLE,
APP202636,PL_2026_V1,INELIGIBLE,BUREAU_SCORE
APP202637,PL_2026_V1,INELIGIBLE,BUREAU_SCORE
APP202638,PL_2026_V1,INELIGIBLE,BUREAU_SCORE
APP202639,PL_2026_V1,ELIGIBLE,
APP202640,PL_2026_V1,ELIGIBLE,
APP202641,PL_2026_V1,INELIGIBLE,BUREAU_SCORE
APP202642,PL_2026_V1,INELIGIBLE,MIN_INCOME
APP202643,PL_2026_V1,ELIGIBLE,
APP202644,PL_2026_V1,INELIGIBLE,BUREAU_SCORE
APP202645,PL_2026_V1,ELIGIBLE,
APP202646,PL_2026_V1,ELIGIBLE,
APP202647,PL_2026_V1,ELIGIBLE,
APP202648,PL_2026_V1,INELIGIBLE,BUREAU_SCORE
APP202649,PL_2026_V1,INELIGIBLE,MIN_INCOME
APP202650,PL_2026_V1,ELIGIBLE,
APP202651,PL_2026_V1,ELIGIBLE,
APP202652,PL_2026_V1,INELIGIBLE,BUREAU_SCORE
APP202653,PL_2026_V1,INELIGIBLE,MIN_INCOME
APP202654,PL_2026_V1,ELIGIBLE,
APP202655,PL_2026_V1,ELIGIBLE,
APP202656,PL_2026_V1,INELIGIBLE,FOIR
APP202657,PL_2026_V1,ELIGIBLE,
APP202658,PL_2026_V1,ELIGIBLE,
APP202659,PL_2026_V1,INELIGIBLE,MIN_INCOME
APP202660,PL_2026_V1,INELIGIBLE,BUREAU_SCORE
APP202661,PL_2026_V1,ELIGIBLE,
APP202662,PL_2026_V1,INELIGIBLE,BUREAU_SCORE
APP202663,PL_2026_V1,ELIGIBLE,
APP202664,PL_2026_V1,ELIGIBLE,
APP202665,PL_2026_V1,ELIGIBLE,
APP202666,PL_2026_V1,INELIGIBLE,BUREAU_SCORE
APP202667,PL_2026_V1,INELIGIBLE,BUREAU_SCORE
APP202668,PL_2026_V1,ELIGIBLE,
APP202669,PL_2026_V1,ELIGIBLE,
APP202670,PL_2026_V1,INELIGIBLE,MIN_INCOME
APP202671,PL_2026_V1,ELIGIBLE,
APP202672,PL_2026_V1,ELIGIBLE,
APP202673,PL_2026_V1,ELIGIBLE,
APP202674,PL_2026_V1,ELIGIBLE,
APP202675,PL_2026_V1,INELIGIBLE,MIN_INCOME
APP202676,PL_2026_V1,ELIGIBLE,
APP202677,PL_2026_V1,ELIGIBLE,
APP202678,PL_2026_V1,ELIGIBLE,
APP202679,PL_2026_V1,ELIGIBLE,
APP202680,PL_2026_V1,ELIGIBLE,
APP202681,PL_2026_V1,ELIGIBLE,
APP202682,PL_2026_V1,INELIGIBLE,MIN_INCOME
APP202683,PL_2026_V1,ELIGIBLE,
APP202684,PL_2026_V1,ELIGIBLE,
APP202685,PL_2026_V1,INELIGIBLE,BUREAU_SCORE
APP202686,PL_2026_V1,ELIGIBLE,
APP202687,PL_2026_V1,INELIGIBLE,BUREAU_SCORE
APP202688,PL_2026_V1,ELIGIBLE,
APP202689,PL_2026_V1,ELIGIBLE,
APP202690,PL_2026_V1,INELIGIBLE,BUREAU_SCORE
APP202691,PL_2026_V1,ELIGIBLE,
APP202692,PL_2026_V1,ELIGIBLE,
APP202693,PL_2026_V1,ELIGIBLE,
APP202694,PL_2026_V1,ELIGIBLE,
APP202695,PL_2026_V1,ELIGIBLE,
APP202696,PL_2026_V1,INELIGIBLE,BUREAU_SCORE
APP202697,PL_2026_V1,ELIGIBLE,
APP202698,PL_2026_V1,ELIGIBLE,
APP202699,PL_2026_V1,ELIGIBLE,
APP202700,PL_2026_V1,ELIGIBLE,
APP202701,PL_2026_V1,INELIGIBLE,MIN_INCOME
APP202702,PL_2026_V1,INELIGIBLE,BUREAU_SCORE
APP202703,PL_2026_V1,ELIGIBLE,
APP202704,PL_2026_V1,INELIGIBLE,MIN_INCOME|BUREAU_SCORE
APP202705,PL_2026_V1,ELIGIBLE,
APP202706,PL_2026_V1,ELIGIBLE,
APP202707,PL_2026_V1,INELIGIBLE,MIN_INCOME
APP202708,PL_2026_V1,ELIGIBLE,
APP202709,PL_2026_V1,ELIGIBLE,
APP202710,PL_2026_V1,ELIGIBLE,
APP202711,PL_2026_V1,INELIGIBLE,MIN_INCOME
APP202712,PL_2026_V1,INELIGIBLE,BUREAU_SCORE
APP202713,PL_2026_V1,INELIGIBLE,BUREAU_SCORE
APP202714,PL_2026_V1,ELIGIBLE,
APP202715,PL_2026_V1,INELIGIBLE,BUREAU_SCORE
APP202716,PL_2026_V1,ELIGIBLE,
APP202717,PL_2026_V1,ELIGIBLE,
APP202718,PL_2026_V1,INELIGIBLE,BUREAU_SCORE
APP202719,PL_2026_V1,ELIGIBLE,
APP202720,PL_2026_V1,ELIGIBLE,
APP202721,PL_2026_V1,ELIGIBLE,
APP202722,PL_2026_V1,INELIGIBLE,MIN_INCOME|BUREAU_SCORE
APP202723,PL_2026_V1,ELIGIBLE,
APP202724,PL_2026_V1,INELIGIBLE,BUREAU_SCORE
APP202725,PL_2026_V1,ELIGIBLE,
APP202726,PL_2026_V1,INELIGIBLE,BUREAU_SCORE
APP202727,PL_2026_V1,ELIGIBLE,
APP202728,PL_2026_V1,ELIGIBLE,
APP202729,PL_2026_V1,INELIGIBLE,BUREAU_SCORE
APP202730,PL_2026_V1,INELIGIBLE,BUREAU_SCORE
APP202731,PL_2026_V1,ELIGIBLE,
APP202732,PL_2026_V1,ELIGIBLE,
APP202733,PL_2026_V1,INELIGIBLE,BUREAU_SCORE
APP202734,PL_2026_V1,INELIGIBLE,BUREAU_SCORE
APP202735,PL_2026_V1,INELIGIBLE,BUREAU_SCORE
APP202736,PL_2026_V1,INELIGIBLE,BUREAU_SCORE
APP202737,PL_2026_V1,ELIGIBLE,
APP202738,PL_2026_V1,INELIGIBLE,BUREAU_SCORE
APP202739,PL_2026_V1,INELIGIBLE,BUREAU_SCORE
APP202740,PL_2026_V1,ELIGIBLE,
APP202741,PL_2026_V1,ELIGIBLE,
APP202742,PL_2026_V1,ELIGIBLE,
APP202743,PL_2026_V1,ELIGIBLE,
APP202744,PL_2026_V1,ELIGIBLE,
APP202745,PL_2026_V1,INELIGIBLE,BUREAU_SCORE
APP202746,PL_2026_V1,ELIGIBLE,
APP202747,PL_2026_V1,INELIGIBLE,MIN_INCOME
APP202748,PL_2026_V1,ELIGIBLE,
APP202749,PL_2026_V1,INELIGIBLE,BUREAU_SCORE
APP202750,PL_2026_V1,ELIGIBLE,
APP202751,PL_2026_V1,INELIGIBLE,MIN_INCOME|BUREAU_SCORE
APP202752,PL_2026_V1,INELIGIBLE,BUREAU_SCORE
APP202753,PL_2026_V1,ELIGIBLE,
APP202754,PL_2026_V1,INELIGIBLE,BUREAU_SCORE
APP202755,PL_2026_V1,ELIGIBLE,
APP202756,PL_2026_V1,ELIGIBLE,
APP202757,PL_2026_V1,ELIGIBLE,
APP202758,PL_2026_V1,ELIGIBLE,
APP202759,PL_2026_V1,ELIGIBLE,
APP202760,PL_2026_V1,ELIGIBLE,
APP202761,PL_2026_V1,ELIGIBLE,
APP202762,PL_2026_V1,ELIGIBLE,
APP202763,PL_2026_V1,ELIGIBLE,
APP202764,PL_2026_V1,INELIGIBLE,MIN_INCOME|BUREAU_SCORE
APP202765,PL_2026_V1,ELIGIBLE,
APP202766,PL_2026_V1,INELIGIBLE,BUREAU_SCORE
APP202767,PL_2026_V1,INELIGIBLE,BUREAU_SCORE
APP202768,PL_2026_V1,INELIGIBLE,BUREAU_SCORE
APP202769,PL_2026_V1,ELIGIBLE,
APP202770,PL_2026_V1,INELIGIBLE,MIN_INCOME
APP202771,PL_2026_V1,ELIGIBLE,
APP202772,PL_2026_V1,ELIGIBLE,
APP202773,PL_2026_V1,INELIGIBLE,MIN_INCOME|BUREAU_SCORE
APP202774,PL_2026_V1,INELIGIBLE,BUREAU_SCORE
APP202775,PL_2026_V1,ELIGIBLE,
APP202776,PL_2026_V1,ELIGIBLE,
APP202777,PL_2026_V1,INELIGIBLE,MIN_INCOME
APP202778,PL_2026_V1,INELIGIBLE,MIN_INCOME
APP202779,PL_2026_V1,INELIGIBLE,BUREAU_SCORE
APP202780,PL_2026_V1,INELIGIBLE,BUREAU_SCORE
APP202781,PL_2026_V1,ELIGIBLE,
APP202782,PL_2026_V1,INELIGIBLE,BUREAU_SCORE
APP202783,PL_2026_V1,INELIGIBLE,BUREAU_SCORE
APP202784,PL_2026_V1,ELIGIBLE,
APP202785,PL_2026_V1,INELIGIBLE,EMPLOYMENT_TENURE
APP202786,PL_2026_V1,ELIGIBLE,
APP202787,PL_2026_V1,ELIGIBLE,
APP202788,PL_2026_V1,INELIGIBLE,BUREAU_SCORE
APP202789,PL_2026_V1,ELIGIBLE,
APP202790,PL_2026_V1,INELIGIBLE,MIN_INCOME|BUREAU_SCORE
APP202791,PL_2026_V1,ELIGIBLE,
APP202792,PL_2026_V1,INELIGIBLE,MIN_INCOME
APP202793,PL_2026_V1,INELIGIBLE,MIN_INCOME
APP202794,PL_2026_V1,INELIGIBLE,BUREAU_SCORE
APP202795,PL_2026_V1,INELIGIBLE,MIN_INCOME|BUREAU_SCORE
APP202796,PL_2026_V1,INELIGIBLE,FOIR
APP202797,PL_2026_V1,ELIGIBLE,
APP202798,PL_2026_V1,ELIGIBLE,
APP202799,PL_2026_V1,ELIGIBLE,
APP202800,PL_2026_V1,INELIGIBLE,EMPLOYMENT_TENURE
APP202801,PL_2026_V1,ELIGIBLE,
APP202802,PL_2026_V1,INELIGIBLE,MIN_INCOME
APP202803,PL_2026_V1,ELIGIBLE,
APP202804,PL_2026_V1,INELIGIBLE,FOIR
APP202805,PL_2026_V1,INELIGIBLE,MIN_INCOME|BUREAU_SCORE
APP202806,PL_2026_V1,ELIGIBLE,
APP202807,PL_2026_V1,ELIGIBLE,
APP202808,PL_2026_V1,ELIGIBLE,
APP202809,PL_2026_V1,ELIGIBLE,
APP202810,PL_2026_V1,ELIGIBLE,
APP202811,PL_2026_V1,INELIGIBLE,MIN_INCOME
APP202812,PL_2026_V1,INELIGIBLE,BUREAU_SCORE
APP202813,PL_2026_V1,ELIGIBLE,
APP202814,PL_2026_V1,INELIGIBLE,BUREAU_SCORE
APP202815,PL_2026_V1,ELIGIBLE,
APP202816,PL_2026_V1,INELIGIBLE,BUREAU_SCORE
APP202817,PL_2026_V1,INELIGIBLE,MIN_INCOME
APP202818,PL_2026_V1,ELIGIBLE,
APP202819,PL_2026_V1,ELIGIBLE,
APP202820,PL_2026_V1,ELIGIBLE,
APP202821,PL_2026_V1,INELIGIBLE,BUREAU_SCORE
APP202822,PL_2026_V1,ELIGIBLE,
APP202823,PL_2026_V1,ELIGIBLE,
APP202824,PL_2026_V1,ELIGIBLE,
APP202825,PL_2026_V1,ELIGIBLE,
APP202826,PL_2026_V1,ELIGIBLE,
APP202827,PL_2026_V1,INELIGIBLE,BUREAU_SCORE
APP202828,PL_2026_V1,ELIGIBLE,
APP202829,PL_2026_V1,ELIGIBLE,
APP202830,PL_2026_V1,ELIGIBLE,
APP202831,PL_2026_V1,ELIGIBLE,
APP202832,PL_2026_V1,ELIGIBLE,
APP202833,PL_2026_V1,ELIGIBLE,
APP202834,PL_2026_V1,INELIGIBLE,MIN_INCOME
APP202835,PL_2026_V1,ELIGIBLE,
APP202836,PL_2026_V1,INELIGIBLE,BUREAU_SCORE
APP202837,PL_2026_V1,ELIGIBLE,
APP202838,PL_2026_V1,ELIGIBLE,
APP202839,PL_2026_V1,ELIGIBLE,
APP202840,PL_2026_V1,INELIGIBLE,BUREAU_SCORE
APP202841,PL_2026_V1,ELIGIBLE,
APP202842,PL_2026_V1,ELIGIBLE,
APP202843,PL_2026_V1,ELIGIBLE,
APP202844,PL_2026_V1,INELIGIBLE,MIN_INCOME
APP202845,PL_2026_V1,ELIGIBLE,
APP202846,PL_2026_V1,INELIGIBLE,MIN_INCOME
APP202847,PL_2026_V1,INELIGIBLE,MIN_INCOME
APP202848,PL_2026_V1,INELIGIBLE,MIN_INCOME
APP202849,PL_2026_V1,ELIGIBLE,
APP202850,PL_2026_V1,ELIGIBLE,
APP202851,PL_2026_V1,ELIGIBLE,
APP202852,PL_2026_V1,ELIGIBLE,
APP202853,PL_2026_V1,INELIGIBLE,BUREAU_SCORE
APP202854,PL_2026_V1,ELIGIBLE,
APP202855,PL_2026_V1,ELIGIBLE,
APP202856,PL_2026_V1,INELIGIBLE,BUREAU_SCORE
APP202857,PL_2026_V1,ELIGIBLE,
APP202858,PL_2026_V1,ELIGIBLE,
APP202859,PL_2026_V1,INELIGIBLE,MIN_INCOME
APP202860,PL_2026_V1,INELIGIBLE,BUREAU_SCORE
APP202861,PL_2026_V1,ELIGIBLE,
APP202862,PL_2026_V1,ELIGIBLE,
APP202863,PL_2026_V1,INELIGIBLE,MIN_INCOME
APP202864,PL_2026_V1,INELIGIBLE,FOIR
APP202865,PL_2026_V1,ELIGIBLE,
APP202866,PL_2026_V1,INELIGIBLE,BUREAU_SCORE
APP202867,PL_2026_V1,ELIGIBLE,
APP202868,PL_2026_V1,ELIGIBLE,
APP202869,PL_2026_V1,INELIGIBLE,BUREAU_SCORE
APP202870,PL_2026_V1,ELIGIBLE,
APP202871,PL_2026_V1,INELIGIBLE,MIN_INCOME
APP202872,PL_2026_V1,INELIGIBLE,BUREAU_SCORE
APP202873,PL_2026_V1,ELIGIBLE,
APP202874,PL_2026_V1,INELIGIBLE,MIN_INCOME
APP202875,PL_2026_V1,INELIGIBLE,MIN_INCOME
APP202876,PL_2026_V1,INELIGIBLE,MIN_INCOME
APP202877,PL_2026_V1,ELIGIBLE,
APP202878,PL_2026_V1,ELIGIBLE,
APP202879,PL_2026_V1,ELIGIBLE,
APP202880,PL_2026_V1,INELIGIBLE,BUREAU_SCORE
APP202881,PL_2026_V1,ELIGIBLE,
APP202882,PL_2026_V1,ELIGIBLE,
APP202883,PL_2026_V1,ELIGIBLE,
APP202884,PL_2026_V1,ELIGIBLE,
APP202885,PL_2026_V1,ELIGIBLE,
APP202886,PL_2026_V1,INELIGIBLE,BUREAU_SCORE
APP202887,PL_2026_V1,ELIGIBLE,
APP202888,PL_2026_V1,ELIGIBLE,
APP202889,PL_2026_V1,ELIGIBLE,
APP202890,PL_2026_V1,INELIGIBLE,MIN_INCOME|BUREAU_SCORE
APP202891,PL_2026_V1,ELIGIBLE,
APP202892,PL_2026_V1,INELIGIBLE,BUREAU_SCORE
APP202893,PL_2026_V1,ELIGIBLE,
APP202894,PL_2026_V1,INELIGIBLE,MIN_INCOME
APP202895,PL_2026_V1,INELIGIBLE,BUREAU_SCORE
APP202896,PL_2026_V1,INELIGIBLE,BUREAU_SCORE
APP202897,PL_2026_V1,INELIGIBLE,MIN_INCOME
APP202898,PL_2026_V1,ELIGIBLE,
APP202899,PL_2026_V1,INELIGIBLE,BUREAU_SCORE
APP202900,PL_2026_V1,ELIGIBLE,
APP202901,PL_2026_V1,INELIGIBLE,BUREAU_SCORE
APP202902,PL_2026_V1,INELIGIBLE,MIN_INCOME
APP202903,PL_2026_V1,ELIGIBLE,
APP202904,PL_2026_V1,INELIGIBLE,BUREAU_SCORE
APP202905,PL_2026_V1,ELIGIBLE,
APP202906,PL_2026_V1,INELIGIBLE,BUREAU_SCORE
APP202907,PL_2026_V1,ELIGIBLE,
APP202908,PL_2026_V1,INELIGIBLE,FOIR
APP202909,PL_2026_V1,INELIGIBLE,BUREAU_SCORE
APP202910,PL_2026_V1,ELIGIBLE,
APP202911,PL_2026_V1,ELIGIBLE,
APP202912,PL_2026_V1,INELIGIBLE,MIN_INCOME
APP202913,PL_2026_V1,ELIGIBLE,
APP202914,PL_2026_V1,ELIGIBLE,
APP202915,PL_2026_V1,INELIGIBLE,BUREAU_SCORE
APP202916,PL_2026_V1,ELIGIBLE,
APP202917,PL_2026_V1,ELIGIBLE,
APP202918,PL_2026_V1,ELIGIBLE,
APP202919,PL_2026_V1,ELIGIBLE,
APP202920,PL_2026_V1,ELIGIBLE,
APP202921,PL_2026_V1,ELIGIBLE,
APP202922,PL_2026_V1,INELIGIBLE,MIN_INCOME
APP202923,PL_2026_V1,ELIGIBLE,
APP202924,PL_2026_V1,ELIGIBLE,
APP202925,PL_2026_V1,ELIGIBLE,
APP202926,PL_2026_V1,ELIGIBLE,
APP202927,PL_2026_V1,ELIGIBLE,
APP202928,PL_2026_V1,ELIGIBLE,
APP202929,PL_2026_V1,ELIGIBLE,
APP202930,PL_2026_V1,ELIGIBLE,
APP202931,PL_2026_V1,ELIGIBLE,
APP202932,PL_2026_V1,ELIGIBLE,
APP202933,PL_2026_V1,ELIGIBLE,
APP202934,PL_2026_V1,ELIGIBLE,
APP202935,PL_2026_V1,ELIGIBLE,
APP202936,PL_2026_V1,ELIGIBLE,
APP202937,PL_2026_V1,ELIGIBLE,
APP202938,PL_2026_V1,ELIGIBLE,
APP202939,PL_2026_V1,ELIGIBLE,
APP202940,PL_2026_V1,ELIGIBLE,
APP202941,PL_2026_V1,ELIGIBLE,
APP202942,PL_2026_V1,ELIGIBLE,
APP202943,PL_2026_V1,ELIGIBLE,
APP202944,PL_2026_V1,ELIGIBLE,
APP202945,PL_2026_V1,INELIGIBLE,BUREAU_SCORE
APP202946,PL_2026_V1,ELIGIBLE,
APP202947,PL_2026_V1,ELIGIBLE,
APP202948,PL_2026_V1,INELIGIBLE,BUREAU_SCORE
APP202949,PL_2026_V1,ELIGIBLE,
APP202950,PL_2026_V1,ELIGIBLE,
APP202951,PL_2026_V1,ELIGIBLE,
APP202952,PL_2026_V1,ELIGIBLE,
APP202953,PL_2026_V1,INELIGIBLE,BUREAU_SCORE
APP202954,PL_2026_V1,INELIGIBLE,MIN_INCOME|BUREAU_SCORE
APP202955,PL_2026_V1,ELIGIBLE,
APP202956,PL_2026_V1,ELIGIBLE,
APP202957,PL_2026_V1,INELIGIBLE,FOIR
APP202958,PL_2026_V1,ELIGIBLE,
APP202959,PL_2026_V1,INELIGIBLE,MIN_INCOME
APP202960,PL_2026_V1,ELIGIBLE,
APP202961,PL_2026_V1,ELIGIBLE,
APP202962,PL_2026_V1,INELIGIBLE,MIN_INCOME
APP202963,PL_2026_V1,INELIGIBLE,BUREAU_SCORE
APP202964,PL_2026_V1,INELIGIBLE,BUREAU_SCORE
APP202965,PL_2026_V1,ELIGIBLE,
APP202966,PL_2026_V1,ELIGIBLE,
APP202967,PL_2026_V1,ELIGIBLE,
APP202968,PL_2026_V1,INELIGIBLE,BUREAU_SCORE
APP202969,PL_2026_V1,ELIGIBLE,
APP202970,PL_2026_V1,ELIGIBLE,
APP202971,PL_2026_V1,ELIGIBLE,
APP202972,PL_2026_V1,ELIGIBLE,
APP202973,PL_2026_V1,INELIGIBLE,BUREAU_SCORE
APP202974,PL_2026_V1,INELIGIBLE,BUREAU_SCORE
APP202975,PL_2026_V1,ELIGIBLE,
APP202976,PL_2026_V1,ELIGIBLE,
APP202977,PL_2026_V1,ELIGIBLE,
APP202978,PL_2026_V1,ELIGIBLE,
APP202979,PL_2026_V1,ELIGIBLE,
APP202980,PL_2026_V1,ELIGIBLE,
APP202981,PL_2026_V1,ELIGIBLE,
APP202982,PL_2026_V1,ELIGIBLE,
APP202983,PL_2026_V1,ELIGIBLE,
APP202984,PL_2026_V1,ELIGIBLE,
APP202985,PL_2026_V1,ELIGIBLE,
APP202986,PL_2026_V1,ELIGIBLE,
APP202987,PL_2026_V1,ELIGIBLE,
APP202988,PL_2026_V1,ELIGIBLE,
APP202989,PL_2026_V1,ELIGIBLE,
APP202990,PL_2026_V1,ELIGIBLE,
APP202991,PL_2026_V1,ELIGIBLE,
APP202992,PL_2026_V1,ELIGIBLE,
APP202993,PL_2026_V1,ELIGIBLE,
APP202994,PL_2026_V1,INELIGIBLE,MIN_INCOME
APP202995,PL_2026_V1,INELIGIBLE,MIN_INCOME
APP202996,PL_2026_V1,INELIGIBLE,MIN_INCOME
APP202997,PL_2026_V1,INELIGIBLE,BUREAU_SCORE
APP202998,PL_2026_V1,ELIGIBLE,
APP202999,PL_2026_V1,INELIGIBLE,BUREAU_SCORE
APP203000,PL_2026_V1,ELIGIBLE,
APP203001,PL_2026_V1,ELIGIBLE,
APP203002,PL_2026_V1,ELIGIBLE,
APP203003,PL_2026_V1,INELIGIBLE,FOIR
APP203004,PL_2026_V1,ELIGIBLE,
APP203005,PL_2026_V1,INELIGIBLE,BUREAU_SCORE
APP203006,PL_2026_V1,ELIGIBLE,
APP203007,PL_2026_V1,INELIGIBLE,MIN_INCOME|BUREAU_SCORE
APP203008,PL_2026_V1,ELIGIBLE,
APP203009,PL_2026_V1,INELIGIBLE,BUREAU_SCORE
APP203010,PL_2026_V1,ELIGIBLE,
APP203011,PL_2026_V1,INELIGIBLE,BUREAU_SCORE
APP203012,PL_2026_V1,ELIGIBLE,
APP203013,PL_2026_V1,INELIGIBLE,BUREAU_SCORE
APP203014,PL_2026_V1,INELIGIBLE,BUREAU_SCORE
APP203015,PL_2026_V1,INELIGIBLE,BUREAU_SCORE
APP203016,PL_2026_V1,INELIGIBLE,BUREAU_SCORE
APP203017,PL_2026_V1,ELIGIBLE,
APP203018,PL_2026_V1,ELIGIBLE,
APP203019,PL_2026_V1,ELIGIBLE,
APP203020,PL_2026_V1,INELIGIBLE,BUREAU_SCORE
APP203021,PL_2026_V1,INELIGIBLE,BUREAU_SCORE
APP203022,PL_2026_V1,INELIGIBLE,MIN_INCOME
APP203023,PL_2026_V1,INELIGIBLE,MIN_INCOME|BUREAU_SCORE
APP203024,PL_2026_V1,ELIGIBLE,
APP203025,PL_2026_V1,ELIGIBLE,
APP203026,PL_2026_V1,INELIGIBLE,FOIR
APP203027,PL_2026_V1,INELIGIBLE,BUREAU_SCORE
APP203028,PL_2026_V1,INELIGIBLE,BUREAU_SCORE
APP203029,PL_2026_V1,ELIGIBLE,
APP203030,PL_2026_V1,INELIGIBLE,BUREAU_SCORE
APP203031,PL_2026_V1,ELIGIBLE,
APP203032,PL_2026_V1,INELIGIBLE,MIN_INCOME
APP203033,PL_2026_V1,ELIGIBLE,
APP203034,PL_2026_V1,ELIGIBLE,
APP203035,PL_2026_V1,INELIGIBLE,BUREAU_SCORE
APP203036,PL_2026_V1,INELIGIBLE,BUREAU_SCORE|EMPLOYMENT_TENURE
APP203037,PL_2026_V1,ELIGIBLE,
APP203038,PL_2026_V1,INELIGIBLE,MIN_INCOME
APP203039,PL_2026_V1,INELIGIBLE,MIN_INCOME
APP203040,PL_2026_V1,INELIGIBLE,BUREAU_SCORE
APP203041,PL_2026_V1,INELIGIBLE,BUREAU_SCORE
APP203042,PL_2026_V1,ELIGIBLE,
APP203043,PL_2026_V1,ELIGIBLE,
APP203044,PL_2026_V1,INELIGIBLE,BUREAU_SCORE
APP203045,PL_2026_V1,ELIGIBLE,
APP203046,PL_2026_V1,ELIGIBLE,
APP203047,PL_2026_V1,INELIGIBLE,BUREAU_SCORE
APP203048,PL_2026_V1,ELIGIBLE,
APP203049,PL_2026_V1,INELIGIBLE,BUREAU_SCORE
APP203050,PL_2026_V1,ELIGIBLE,
APP203051,PL_2026_V1,ELIGIBLE,
APP203052,PL_2026_V1,ELIGIBLE,
APP203053,PL_2026_V1,ELIGIBLE,
APP203054,PL_2026_V1,ELIGIBLE,
APP203055,PL_2026_V1,ELIGIBLE,
APP203056,PL_2026_V1,INELIGIBLE,MIN_INCOME
APP203057,PL_2026_V1,ELIGIBLE,
APP203058,PL_2026_V1,INELIGIBLE,BUREAU_SCORE
APP203059,PL_2026_V1,INELIGIBLE,BUREAU_SCORE
APP203060,PL_2026_V1,ELIGIBLE,
APP203061,PL_2026_V1,ELIGIBLE,
APP203062,PL_2026_V1,ELIGIBLE,
APP203063,PL_2026_V1,ELIGIBLE,
APP203064,PL_2026_V1,INELIGIBLE,MIN_INCOME
APP203065,PL_2026_V1,INELIGIBLE,BUREAU_SCORE
APP203066,PL_2026_V1,ELIGIBLE,
APP203067,PL_2026_V1,ELIGIBLE,
APP203068,PL_2026_V1,ELIGIBLE,
APP203069,PL_2026_V1,INELIGIBLE,BUREAU_SCORE
APP203070,PL_2026_V1,ELIGIBLE,
APP203071,PL_2026_V1,INELIGIBLE,BUREAU_SCORE
APP203072,PL_2026_V1,INELIGIBLE,MIN_INCOME|BUREAU_SCORE
APP203073,PL_2026_V1,ELIGIBLE,
APP203074,PL_2026_V1,ELIGIBLE,
APP203075,PL_2026_V1,ELIGIBLE,
APP203076,PL_2026_V1,ELIGIBLE,
APP203077,PL_2026_V1,ELIGIBLE,
APP203078,PL_2026_V1,ELIGIBLE,
APP203079,PL_2026_V1,ELIGIBLE,
APP203080,PL_2026_V1,INELIGIBLE,BUREAU_SCORE
APP203081,PL_2026_V1,ELIGIBLE,
APP203082,PL_2026_V1,ELIGIBLE,
APP203083,PL_2026_V1,ELIGIBLE,
APP203084,PL_2026_V1,ELIGIBLE,
APP203085,PL_2026_V1,ELIGIBLE,
APP203086,PL_2026_V1,ELIGIBLE,
APP203087,PL_2026_V1,ELIGIBLE,
APP203088,PL_2026_V1,ELIGIBLE,
APP203089,PL_2026_V1,INELIGIBLE,BUREAU_SCORE
APP203090,PL_2026_V1,INELIGIBLE,BUREAU_SCORE
APP203091,PL_2026_V1,ELIGIBLE,
APP203092,PL_2026_V1,ELIGIBLE,
APP203093,PL_2026_V1,ELIGIBLE,
APP203094,PL_2026_V1,ELIGIBLE,
APP203095,PL_2026_V1,ELIGIBLE,
APP203096,PL_2026_V1,ELIGIBLE,
APP203097,PL_2026_V1,ELIGIBLE,
APP203098,PL_2026_V1,INELIGIBLE,MIN_INCOME
APP203099,PL_2026_V1,ELIGIBLE,
APP203100,PL_2026_V1,ELIGIBLE,
APP203101,PL_2026_V1,ELIGIBLE,
APP203102,PL_2026_V1,ELIGIBLE,
APP203103,PL_2026_V1,INELIGIBLE,BUREAU_SCORE
APP203104,PL_2026_V1,INELIGIBLE,BUREAU_SCORE
APP203105,PL_2026_V1,ELIGIBLE,
APP203106,PL_2026_V1,INELIGIBLE,BUREAU_SCORE
APP203107,PL_2026_V1,ELIGIBLE,
APP203108,PL_2026_V1,ELIGIBLE,
APP203109,PL_2026_V1,ELIGIBLE,
APP203110,PL_2026_V1,ELIGIBLE,
APP203111,PL_2026_V1,ELIGIBLE,
APP203112,PL_2026_V1,ELIGIBLE,
APP203113,PL_2026_V1,INELIGIBLE,BUREAU_SCORE
APP203114,PL_2026_V1,ELIGIBLE,
APP203115,PL_2026_V1,ELIGIBLE,
APP203116,PL_2026_V1,INELIGIBLE,MIN_INCOME
APP203117,PL_2026_V1,INELIGIBLE,MIN_INCOME
APP203118,PL_2026_V1,ELIGIBLE,
APP203119,PL_2026_V1,ELIGIBLE,
APP203120,PL_2026_V1,INELIGIBLE,BUREAU_SCORE
APP203121,PL_2026_V1,ELIGIBLE,
APP203122,PL_2026_V1,INELIGIBLE,BUREAU_SCORE
APP203123,PL_2026_V1,INELIGIBLE,BUREAU_SCORE
APP203124,PL_2026_V1,INELIGIBLE,BUREAU_SCORE
APP203125,PL_2026_V1,ELIGIBLE,
APP203126,PL_2026_V1,INELIGIBLE,FOIR
APP203127,PL_2026_V1,ELIGIBLE,
APP203128,PL_2026_V1,ELIGIBLE,
APP203129,PL_2026_V1,INELIGIBLE,BUREAU_SCORE
APP203130,PL_2026_V1,ELIGIBLE,
APP203131,PL_2026_V1,ELIGIBLE,
APP203132,PL_2026_V1,INELIGIBLE,BUREAU_SCORE
APP203133,PL_2026_V1,ELIGIBLE,
APP203134,PL_2026_V1,ELIGIBLE,
APP203135,PL_2026_V1,ELIGIBLE,
APP203136,PL_2026_V1,ELIGIBLE,
APP203137,PL_2026_V1,ELIGIBLE,
APP203138,PL_2026_V1,ELIGIBLE,
APP203139,PL_2026_V1,INELIGIBLE,BUREAU_SCORE
APP203140,PL_2026_V1,ELIGIBLE,
APP203141,PL_2026_V1,ELIGIBLE,
APP203142,PL_2026_V1,ELIGIBLE,
APP203143,PL_2026_V1,INELIGIBLE,MIN_INCOME
APP203144,PL_2026_V1,ELIGIBLE,
APP203145,PL_2026_V1,ELIGIBLE,
APP203146,PL_2026_V1,ELIGIBLE,
APP203147,PL_2026_V1,ELIGIBLE,
APP203148,PL_2026_V1,ELIGIBLE,
APP203149,PL_2026_V1,ELIGIBLE,
APP203150,PL_2026_V1,ELIGIBLE,
APP203151,PL_2026_V1,INELIGIBLE,BUREAU_SCORE
APP203152,PL_2026_V1,ELIGIBLE,
APP203153,PL_2026_V1,ELIGIBLE,
APP203154,PL_2026_V1,ELIGIBLE,
APP203155,PL_2026_V1,ELIGIBLE,
APP203156,PL_2026_V1,ELIGIBLE,
APP203157,PL_2026_V1,INELIGIBLE,BUREAU_SCORE
APP203158,PL_2026_V1,INELIGIBLE,BUREAU_SCORE
APP203159,PL_2026_V1,ELIGIBLE,
APP203160,PL_2026_V1,ELIGIBLE,
APP203161,PL_2026_V1,INELIGIBLE,BUREAU_SCORE
APP203162,PL_2026_V1,INELIGIBLE,BUREAU_SCORE
APP203163,PL_2026_V1,INELIGIBLE,BUREAU_SCORE
APP203164,PL_2026_V1,INELIGIBLE,MIN_INCOME
APP203165,PL_2026_V1,INELIGIBLE,MIN_INCOME
APP203166,PL_2026_V1,INELIGIBLE,MIN_INCOME
APP203167,PL_2026_V1,ELIGIBLE,
APP203168,PL_2026_V1,ELIGIBLE,
APP203169,PL_2026_V1,INELIGIBLE,BUREAU_SCORE
APP203170,PL_2026_V1,ELIGIBLE,
APP203171,PL_2026_V1,ELIGIBLE,
APP203172,PL_2026_V1,ELIGIBLE,
APP203173,PL_2026_V1,ELIGIBLE,
APP203174,PL_2026_V1,INELIGIBLE,MIN_INCOME
APP203175,PL_2026_V1,ELIGIBLE,
APP203176,PL_2026_V1,INELIGIBLE,BUREAU_SCORE
APP203177,PL_2026_V1,ELIGIBLE,
APP203178,PL_2026_V1,ELIGIBLE,
APP203179,PL_2026_V1,ELIGIBLE,
APP203180,PL_2026_V1,ELIGIBLE,
APP203181,PL_2026_V1,ELIGIBLE,
APP203182,PL_2026_V1,ELIGIBLE,
APP203183,PL_2026_V1,ELIGIBLE,
APP203184,PL_2026_V1,INELIGIBLE,MIN_INCOME
APP203185,PL_2026_V1,ELIGIBLE,
APP203186,PL_2026_V1,ELIGIBLE,
APP203187,PL_2026_V1,INELIGIBLE,BUREAU_SCORE
APP203188,PL_2026_V1,INELIGIBLE,MIN_INCOME|BUREAU_SCORE
APP203189,PL_2026_V1,INELIGIBLE,BUREAU_SCORE
APP203190,PL_2026_V1,ELIGIBLE,
APP203191,PL_2026_V1,ELIGIBLE,
APP203192,PL_2026_V1,ELIGIBLE,
APP203193,PL_2026_V1,ELIGIBLE,
APP203194,PL_2026_V1,ELIGIBLE,
APP203195,PL_2026_V1,ELIGIBLE,
APP203196,PL_2026_V1,INELIGIBLE,MIN_INCOME
APP203197,PL_2026_V1,INELIGIBLE,MIN_INCOME
APP203198,PL_2026_V1,ELIGIBLE,
APP203199,PL_2026_V1,ELIGIBLE,
APP203200,PL_2026_V1,ELIGIBLE,
APP203201,PL_2026_V1,ELIGIBLE,
APP203202,PL_2026_V1,ELIGIBLE,
APP203203,PL_2026_V1,ELIGIBLE,
APP203204,PL_2026_V1,INELIGIBLE,BUREAU_SCORE
APP203205,PL_2026_V1,INELIGIBLE,BUREAU_SCORE
APP203206,PL_2026_V1,ELIGIBLE,
APP203207,PL_2026_V1,ELIGIBLE,
APP203208,PL_2026_V1,ELIGIBLE,
APP203209,PL_2026_V1,ELIGIBLE,
APP203210,PL_2026_V1,INELIGIBLE,BUREAU_SCORE
APP203211,PL_2026_V1,INELIGIBLE,BUREAU_SCORE
APP203212,PL_2026_V1,ELIGIBLE,
APP203213,PL_2026_V1,ELIGIBLE,
APP203214,PL_2026_V1,ELIGIBLE,
APP203215,PL_2026_V1,ELIGIBLE,
APP203216,PL_2026_V1,INELIGIBLE,EMPLOYMENT_TENURE
APP203217,PL_2026_V1,ELIGIBLE,
APP203218,PL_2026_V1,ELIGIBLE,
APP203219,PL_2026_V1,INELIGIBLE,MIN_INCOME|BUREAU_SCORE
APP203220,PL_2026_V1,ELIGIBLE,
APP203221,PL_2026_V1,INELIGIBLE,MIN_INCOME
APP203222,PL_2026_V1,INELIGIBLE,MIN_INCOME
APP203223,PL_2026_V1,ELIGIBLE,
APP203224,PL_2026_V1,ELIGIBLE,
APP203225,PL_2026_V1,ELIGIBLE,
APP203226,PL_2026_V1,ELIGIBLE,
APP203227,PL_2026_V1,INELIGIBLE,BUREAU_SCORE
APP203228,PL_2026_V1,ELIGIBLE,
APP203229,PL_2026_V1,ELIGIBLE,
APP203230,PL_2026_V1,ELIGIBLE,
APP203231,PL_2026_V1,ELIGIBLE,
APP203232,PL_2026_V1,ELIGIBLE,
APP203233,PL_2026_V1,ELIGIBLE,
APP203234,PL_2026_V1,ELIGIBLE,
APP203235,PL_2026_V1,INELIGIBLE,MIN_INCOME
APP203236,PL_2026_V1,INELIGIBLE,BUREAU_SCORE
APP203237,PL_2026_V1,INELIGIBLE,BUREAU_SCORE
APP203238,PL_2026_V1,ELIGIBLE,
APP203239,PL_2026_V1,ELIGIBLE,
APP203240,PL_2026_V1,ELIGIBLE,
APP203241,PL_2026_V1,INELIGIBLE,FOIR
APP203242,PL_2026_V1,INELIGIBLE,FOIR
APP203243,PL_2026_V1,INELIGIBLE,MIN_INCOME
APP203244,PL_2026_V1,ELIGIBLE,
APP203245,PL_2026_V1,ELIGIBLE,
APP203246,PL_2026_V1,INELIGIBLE,MIN_INCOME
APP203247,PL_2026_V1,ELIGIBLE,
APP203248,PL_2026_V1,INELIGIBLE,BUREAU_SCORE
APP203249,PL_2026_V1,ELIGIBLE,
APP203250,PL_2026_V1,INELIGIBLE,MIN_INCOME
APP203251,PL_2026_V1,INELIGIBLE,BUREAU_SCORE
APP203252,PL_2026_V1,INELIGIBLE,FOIR
APP203253,PL_2026_V1,INELIGIBLE,MIN_INCOME|FOIR
APP203254,PL_2026_V1,ELIGIBLE,
APP203255,PL_2026_V1,ELIGIBLE,
APP203256,PL_2026_V1,INELIGIBLE,MIN_INCOME
APP203257,PL_2026_V1,INELIGIBLE,MIN_INCOME
APP203258,PL_2026_V1,INELIGIBLE,BUREAU_SCORE
APP203259,PL_2026_V1,ELIGIBLE,
APP203260,PL_2026_V1,INELIGIBLE,BUREAU_SCORE
APP203261,PL_2026_V1,ELIGIBLE,
APP203262,PL_2026_V1,ELIGIBLE,
APP203263,PL_2026_V1,ELIGIBLE,
APP203264,PL_2026_V1,ELIGIBLE,
APP203265,PL_2026_V1,ELIGIBLE,
APP203266,PL_2026_V1,ELIGIBLE,
APP203267,PL_2026_V1,ELIGIBLE,
APP203268,PL_2026_V1,ELIGIBLE,
APP203269,PL_2026_V1,ELIGIBLE,
APP203270,PL_2026_V1,ELIGIBLE,
APP203271,PL_2026_V1,ELIGIBLE,
APP203272,PL_2026_V1,INELIGIBLE,BUREAU_SCORE
APP203273,PL_2026_V1,INELIGIBLE,BUREAU_SCORE
APP203274,PL_2026_V1,INELIGIBLE,BUREAU_SCORE
APP203275,PL_2026_V1,ELIGIBLE,
APP203276,PL_2026_V1,INELIGIBLE,BUREAU_SCORE
APP203277,PL_2026_V1,ELIGIBLE,
APP203278,PL_2026_V1,ELIGIBLE,
APP203279,PL_2026_V1,ELIGIBLE,
APP203280,PL_2026_V1,ELIGIBLE,
APP203281,PL_2026_V1,INELIGIBLE,BUREAU_SCORE|FOIR
APP203282,PL_2026_V1,INELIGIBLE,BUREAU_SCORE
APP203283,PL_2026_V1,INELIGIBLE,BUREAU_SCORE
APP203284,PL_2026_V1,INELIGIBLE,BUREAU_SCORE
APP203285,PL_2026_V1,ELIGIBLE,
APP203286,PL_2026_V1,INELIGIBLE,BUREAU_SCORE
APP203287,PL_2026_V1,INELIGIBLE,BUREAU_SCORE
APP203288,PL_2026_V1,ELIGIBLE,
APP203289,PL_2026_V1,INELIGIBLE,MIN_INCOME
APP203290,PL_2026_V1,INELIGIBLE,MIN_INCOME
APP203291,PL_2026_V1,INELIGIBLE,MIN_INCOME
APP203292,PL_2026_V1,ELIGIBLE,
APP203293,PL_2026_V1,INELIGIBLE,BUREAU_SCORE
APP203294,PL_2026_V1,INELIGIBLE,MIN_INCOME|BUREAU_SCORE
APP203295,PL_2026_V1,ELIGIBLE,
APP203296,PL_2026_V1,ELIGIBLE,
APP203297,PL_2026_V1,INELIGIBLE,BUREAU_SCORE
APP203298,PL_2026_V1,ELIGIBLE,
APP203299,PL_2026_V1,INELIGIBLE,BUREAU_SCORE
APP203300,PL_2026_V1,INELIGIBLE,BUREAU_SCORE
APP203301,PL_2026_V1,ELIGIBLE,
APP203302,PL_2026_V1,ELIGIBLE,
APP203303,PL_2026_V1,ELIGIBLE,
APP203304,PL_2026_V1,ELIGIBLE,
APP203305,PL_2026_V1,INELIGIBLE,BUREAU_SCORE
APP203306,PL_2026_V1,ELIGIBLE,
APP203307,PL_2026_V1,ELIGIBLE,
APP203308,PL_2026_V1,INELIGIBLE,BUREAU_SCORE
APP203309,PL_2026_V1,INELIGIBLE,MIN_INCOME
APP203310,PL_2026_V1,ELIGIBLE,
APP203311,PL_2026_V1,INELIGIBLE,MIN_INCOME|BUREAU_SCORE
APP203312,PL_2026_V1,INELIGIBLE,BUREAU_SCORE
APP203313,PL_2026_V1,INELIGIBLE,BUREAU_SCORE
APP203314,PL_2026_V1,INELIGIBLE,BUREAU_SCORE
APP203315,PL_2026_V1,INELIGIBLE,MIN_INCOME
APP203316,PL_2026_V1,ELIGIBLE,
APP203317,PL_2026_V1,ELIGIBLE,
APP203318,PL_2026_V1,ELIGIBLE,
APP203319,PL_2026_V1,ELIGIBLE,
APP203320,PL_2026_V1,INELIGIBLE,MIN_INCOME
APP203321,PL_2026_V1,ELIGIBLE,
APP203322,PL_2026_V1,INELIGIBLE,BUREAU_SCORE|FOIR
APP203323,PL_2026_V1,INELIGIBLE,BUREAU_SCORE
APP203324,PL_2026_V1,INELIGIBLE,BUREAU_SCORE
APP203325,PL_2026_V1,INELIGIBLE,BUREAU_SCORE
APP203326,PL_2026_V1,INELIGIBLE,MIN_INCOME
APP203327,PL_2026_V1,INELIGIBLE,BUREAU_SCORE|EMPLOYMENT_TENURE
APP203328,PL_2026_V1,ELIGIBLE,
APP203329,PL_2026_V1,ELIGIBLE,
APP203330,PL_2026_V1,ELIGIBLE,
APP203331,PL_2026_V1,ELIGIBLE,
APP203332,PL_2026_V1,INELIGIBLE,BUREAU_SCORE
APP203333,PL_2026_V1,INELIGIBLE,MIN_INCOME|BUREAU_SCORE
APP203334,PL_2026_V1,ELIGIBLE,
APP203335,PL_2026_V1,INELIGIBLE,BUREAU_SCORE
APP203336,PL_2026_V1,INELIGIBLE,BUREAU_SCORE|FOIR
APP203337,PL_2026_V1,ELIGIBLE,
APP203338,PL_2026_V1,ELIGIBLE,
APP203339,PL_2026_V1,ELIGIBLE,
APP203340,PL_2026_V1,ELIGIBLE,
APP203341,PL_2026_V1,ELIGIBLE,
APP203342,PL_2026_V1,ELIGIBLE,
APP203343,PL_2026_V1,ELIGIBLE,
APP203344,PL_2026_V1,ELIGIBLE,
APP203345,PL_2026_V1,ELIGIBLE,
APP203346,PL_2026_V1,ELIGIBLE,
APP203347,PL_2026_V1,ELIGIBLE,
APP203348,PL_2026_V1,ELIGIBLE,
APP203349,PL_2026_V1,INELIGIBLE,BUREAU_SCORE
APP203350,PL_2026_V1,ELIGIBLE,
APP203351,PL_2026_V1,ELIGIBLE,
APP203352,PL_2026_V1,ELIGIBLE,
APP203353,PL_2026_V1,INELIGIBLE,MIN_INCOME
APP203354,PL_2026_V1,ELIGIBLE,
APP203355,PL_2026_V1,ELIGIBLE,
APP203356,PL_2026_V1,ELIGIBLE,
APP203357,PL_2026_V1,ELIGIBLE,
APP203358,PL_2026_V1,INELIGIBLE,BUREAU_SCORE
APP203359,PL_2026_V1,ELIGIBLE,
APP203360,PL_2026_V1,INELIGIBLE,BUREAU_SCORE
APP203361,PL_2026_V1,INELIGIBLE,MIN_INCOME
APP203362,PL_2026_V1,INELIGIBLE,BUREAU_SCORE
APP203363,PL_2026_V1,INELIGIBLE,BUREAU_SCORE
APP203364,PL_2026_V1,ELIGIBLE,
APP203365,PL_2026_V1,INELIGIBLE,BUREAU_SCORE
APP203366,PL_2026_V1,ELIGIBLE,
APP203367,PL_2026_V1,ELIGIBLE,
APP203368,PL_2026_V1,INELIGIBLE,BUREAU_SCORE
APP203369,PL_2026_V1,INELIGIBLE,BUREAU_SCORE
APP203370,PL_2026_V1,ELIGIBLE,
APP203371,PL_2026_V1,ELIGIBLE,
APP203372,PL_2026_V1,ELIGIBLE,
APP203373,PL_2026_V1,ELIGIBLE,
APP203374,PL_2026_V1,INELIGIBLE,BUREAU_SCORE
APP203375,PL_2026_V1,INELIGIBLE,MIN_INCOME
APP203376,PL_2026_V1,ELIGIBLE,
APP203377,PL_2026_V1,ELIGIBLE,
APP203378,PL_2026_V1,ELIGIBLE,
APP203379,PL_2026_V1,INELIGIBLE,MIN_INCOME
APP203380,PL_2026_V1,ELIGIBLE,
APP203381,PL_2026_V1,ELIGIBLE,
APP203382,PL_2026_V1,ELIGIBLE,
APP203383,PL_2026_V1,ELIGIBLE,
APP203384,PL_2026_V1,ELIGIBLE,
APP203385,PL_2026_V1,ELIGIBLE,
APP203386,PL_2026_V1,ELIGIBLE,
APP203387,PL_2026_V1,ELIGIBLE,
APP203388,PL_2026_V1,ELIGIBLE,
APP203389,PL_2026_V1,INELIGIBLE,BUREAU_SCORE
APP203390,PL_2026_V1,INELIGIBLE,BUREAU_SCORE
APP203391,PL_2026_V1,INELIGIBLE,BUREAU_SCORE
APP203392,PL_2026_V1,ELIGIBLE,
APP203393,PL_2026_V1,ELIGIBLE,
APP203394,PL_2026_V1,INELIGIBLE,BUREAU_SCORE
APP203395,PL_2026_V1,INELIGIBLE,BUREAU_SCORE
APP203396,PL_2026_V1,INELIGIBLE,BUREAU_SCORE
APP203397,PL_2026_V1,ELIGIBLE,
APP203398,PL_2026_V1,INELIGIBLE,MIN_INCOME|BUREAU_SCORE
APP203399,PL_2026_V1,ELIGIBLE,
APP203400,PL_2026_V1,ELIGIBLE,
APP203401,PL_2026_V1,INELIGIBLE,BUREAU_SCORE
APP203402,PL_2026_V1,ELIGIBLE,
APP203403,PL_2026_V1,ELIGIBLE,
APP203404,PL_2026_V1,ELIGIBLE,
APP203405,PL_2026_V1,INELIGIBLE,BUREAU_SCORE
APP203406,PL_2026_V1,ELIGIBLE,
APP203407,PL_2026_V1,INELIGIBLE,BUREAU_SCORE
APP203408,PL_2026_V1,ELIGIBLE,
APP203409,PL_2026_V1,INELIGIBLE,BUREAU_SCORE
APP203410,PL_2026_V1,ELIGIBLE,
APP203411,PL_2026_V1,ELIGIBLE,
APP203412,PL_2026_V1,INELIGIBLE,MIN_INCOME
APP203413,PL_2026_V1,INELIGIBLE,BUREAU_SCORE
APP203414,PL_2026_V1,INELIGIBLE,MIN_INCOME
APP203415,PL_2026_V1,INELIGIBLE,BUREAU_SCORE
APP203416,PL_2026_V1,INELIGIBLE,BUREAU_SCORE
APP203417,PL_2026_V1,INELIGIBLE,MIN_INCOME|BUREAU_SCORE
APP203418,PL_2026_V1,ELIGIBLE,
APP203419,PL_2026_V1,ELIGIBLE,
APP203420,PL_2026_V1,ELIGIBLE,
APP203421,PL_2026_V1,ELIGIBLE,
APP203422,PL_2026_V1,ELIGIBLE,
APP203423,PL_2026_V1,INELIGIBLE,MIN_INCOME
APP203424,PL_2026_V1,INELIGIBLE,MIN_INCOME
APP203425,PL_2026_V1,INELIGIBLE,BUREAU_SCORE
APP203426,PL_2026_V1,ELIGIBLE,
APP203427,PL_2026_V1,ELIGIBLE,
APP203428,PL_2026_V1,ELIGIBLE,
APP203429,PL_2026_V1,INELIGIBLE,BUREAU_SCORE
APP203430,PL_2026_V1,INELIGIBLE,BUREAU_SCORE
APP203431,PL_2026_V1,ELIGIBLE,
APP203432,PL_2026_V1,ELIGIBLE,
APP203433,PL_2026_V1,INELIGIBLE,MIN_INCOME|BUREAU_SCORE
APP203434,PL_2026_V1,ELIGIBLE,
APP203435,PL_2026_V1,INELIGIBLE,MIN_INCOME
APP203436,PL_2026_V1,INELIGIBLE,BUREAU_SCORE
APP203437,PL_2026_V1,ELIGIBLE,
APP203438,PL_2026_V1,ELIGIBLE,
APP203439,PL_2026_V1,ELIGIBLE,
APP203440,PL_2026_V1,INELIGIBLE,BUREAU_SCORE
APP203441,PL_2026_V1,ELIGIBLE,
APP203442,PL_2026_V1,INELIGIBLE,MIN_INCOME
APP203443,PL_2026_V1,INELIGIBLE,MIN_INCOME
APP203444,PL_2026_V1,ELIGIBLE,
APP203445,PL_2026_V1,INELIGIBLE,EMPLOYMENT_TENURE
APP203446,PL_2026_V1,INELIGIBLE,MIN_INCOME
APP203447,PL_2026_V1,ELIGIBLE,
APP203448,PL_2026_V1,ELIGIBLE,
APP203449,PL_2026_V1,INELIGIBLE,BUREAU_SCORE
APP203450,PL_2026_V1,ELIGIBLE,
APP203451,PL_2026_V1,ELIGIBLE,
APP203452,PL_2026_V1,INELIGIBLE,BUREAU_SCORE
APP203453,PL_2026_V1,INELIGIBLE,BUREAU_SCORE
APP203454,PL_2026_V1,ELIGIBLE,
APP203455,PL_2026_V1,ELIGIBLE,
APP203456,PL_2026_V1,ELIGIBLE,
APP203457,PL_2026_V1,INELIGIBLE,MIN_INCOME
APP203458,PL_2026_V1,INELIGIBLE,BUREAU_SCORE
APP203459,PL_2026_V1,ELIGIBLE,
APP203460,PL_2026_V1,ELIGIBLE,
APP203461,PL_2026_V1,ELIGIBLE,
APP203462,PL_2026_V1,ELIGIBLE,
APP203463,PL_2026_V1,INELIGIBLE,BUREAU_SCORE
APP203464,PL_2026_V1,ELIGIBLE,
APP203465,PL_2026_V1,INELIGIBLE,BUREAU_SCORE
APP203466,PL_2026_V1,INELIGIBLE,BUREAU_SCORE
APP203467,PL_2026_V1,INELIGIBLE,BUREAU_SCORE
APP203468,PL_2026_V1,INELIGIBLE,MIN_INCOME
APP203469,PL_2026_V1,INELIGIBLE,BUREAU_SCORE
APP203470,PL_2026_V1,ELIGIBLE,
APP203471,PL_2026_V1,INELIGIBLE,BUREAU_SCORE
APP203472,PL_2026_V1,INELIGIBLE,MIN_INCOME
APP203473,PL_2026_V1,INELIGIBLE,BUREAU_SCORE
APP203474,PL_2026_V1,ELIGIBLE,
APP203475,PL_2026_V1,ELIGIBLE,
APP203476,PL_2026_V1,ELIGIBLE,
APP203477,PL_2026_V1,ELIGIBLE,
APP203478,PL_2026_V1,INELIGIBLE,MIN_INCOME|BUREAU_SCORE
APP203479,PL_2026_V1,INELIGIBLE,MIN_INCOME
APP203480,PL_2026_V1,INELIGIBLE,BUREAU_SCORE
APP203481,PL_2026_V1,INELIGIBLE,BUREAU_SCORE
APP203482,PL_2026_V1,ELIGIBLE,
APP203483,PL_2026_V1,INELIGIBLE,BUREAU_SCORE
APP203484,PL_2026_V1,ELIGIBLE,
APP203485,PL_2026_V1,ELIGIBLE,
APP203486,PL_2026_V1,INELIGIBLE,BUREAU_SCORE
APP203487,PL_2026_V1,INELIGIBLE,BUREAU_SCORE
APP203488,PL_2026_V1,ELIGIBLE,
APP203489,PL_2026_V1,INELIGIBLE,BUREAU_SCORE
APP203490,PL_2026_V1,INELIGIBLE,BUREAU_SCORE
APP203491,PL_2026_V1,ELIGIBLE,
APP203492,PL_2026_V1,ELIGIBLE,
APP203493,PL_2026_V1,INELIGIBLE,MIN_INCOME
APP203494,PL_2026_V1,ELIGIBLE,
APP203495,PL_2026_V1,ELIGIBLE,
APP203496,PL_2026_V1,ELIGIBLE,
APP203497,PL_2026_V1,INELIGIBLE,BUREAU_SCORE
APP203498,PL_2026_V1,ELIGIBLE,
APP203499,PL_2026_V1,INELIGIBLE,MIN_INCOME|BUREAU_SCORE
APP203500,PL_2026_V1,ELIGIBLE,
APP203501,PL_2026_V1,ELIGIBLE,
APP203502,PL_2026_V1,INELIGIBLE,BUREAU_SCORE
APP203503,PL_2026_V1,INELIGIBLE,BUREAU_SCORE
APP203504,PL_2026_V1,ELIGIBLE,
APP203505,PL_2026_V1,INELIGIBLE,MIN_INCOME
APP203506,PL_2026_V1,INELIGIBLE,BUREAU_SCORE
APP203507,PL_2026_V1,INELIGIBLE,BUREAU_SCORE
APP203508,PL_2026_V1,ELIGIBLE,
APP203509,PL_2026_V1,INELIGIBLE,MIN_INCOME|BUREAU_SCORE
APP203510,PL_2026_V1,ELIGIBLE,
APP203511,PL_2026_V1,ELIGIBLE,
APP203512,PL_2026_V1,INELIGIBLE,MIN_INCOME
APP203513,PL_2026_V1,INELIGIBLE,MIN_INCOME
APP203514,PL_2026_V1,INELIGIBLE,BUREAU_SCORE|FOIR
APP203515,PL_2026_V1,ELIGIBLE,
APP203516,PL_2026_V1,ELIGIBLE,
APP203517,PL_2026_V1,ELIGIBLE,
APP203518,PL_2026_V1,INELIGIBLE,BUREAU_SCORE
APP203519,PL_2026_V1,INELIGIBLE,BUREAU_SCORE|FOIR
APP203520,PL_2026_V1,ELIGIBLE,
APP203521,PL_2026_V1,ELIGIBLE,
APP203522,PL_2026_V1,INELIGIBLE,BUREAU_SCORE
APP203523,PL_2026_V1,ELIGIBLE,
APP203524,PL_2026_V1,INELIGIBLE,BUREAU_SCORE
APP203525,PL_2026_V1,INELIGIBLE,BUREAU_SCORE
APP203526,PL_2026_V1,INELIGIBLE,BUREAU_SCORE
APP203527,PL_2026_V1,INELIGIBLE,BUREAU_SCORE
APP203528,PL_2026_V1,ELIGIBLE,
APP203529,PL_2026_V1,INELIGIBLE,MIN_INCOME
APP203530,PL_2026_V1,INELIGIBLE,MIN_INCOME
APP203531,PL_2026_V1,INELIGIBLE,MIN_INCOME
APP203532,PL_2026_V1,ELIGIBLE,
APP203533,PL_2026_V1,INELIGIBLE,MIN_INCOME|BUREAU_SCORE
APP203534,PL_2026_V1,INELIGIBLE,BUREAU_SCORE|FOIR
APP203535,PL_2026_V1,ELIGIBLE,
APP203536,PL_2026_V1,ELIGIBLE,
APP203537,PL_2026_V1,ELIGIBLE,
APP203538,PL_2026_V1,INELIGIBLE,BUREAU_SCORE
APP203539,PL_2026_V1,INELIGIBLE,MIN_INCOME
APP203540,PL_2026_V1,INELIGIBLE,BUREAU_SCORE
APP203541,PL_2026_V1,ELIGIBLE,
APP203542,PL_2026_V1,ELIGIBLE,
APP203543,PL_2026_V1,INELIGIBLE,BUREAU_SCORE
APP203544,PL_2026_V1,INELIGIBLE,BUREAU_SCORE
APP203545,PL_2026_V1,INELIGIBLE,BUREAU_SCORE
APP203546,PL_2026_V1,ELIGIBLE,
APP203547,PL_2026_V1,ELIGIBLE,
APP203548,PL_2026_V1,ELIGIBLE,
APP203549,PL_2026_V1,INELIGIBLE,BUREAU_SCORE
APP203550,PL_2026_V1,ELIGIBLE,
APP203551,PL_2026_V1,ELIGIBLE,
APP203552,PL_2026_V1,ELIGIBLE,
APP203553,PL_2026_V1,INELIGIBLE,BUREAU_SCORE
APP203554,PL_2026_V1,INELIGIBLE,BUREAU_SCORE
APP203555,PL_2026_V1,ELIGIBLE,
APP203556,PL_2026_V1,ELIGIBLE,
APP203557,PL_2026_V1,ELIGIBLE,
APP203558,PL_2026_V1,ELIGIBLE,
APP203559,PL_2026_V1,INELIGIBLE,BUREAU_SCORE
APP203560,PL_2026_V1,ELIGIBLE,
APP203561,PL_2026_V1,ELIGIBLE,
APP203562,PL_2026_V1,INELIGIBLE,MIN_INCOME|BUREAU_SCORE
APP203563,PL_2026_V1,ELIGIBLE,
APP203564,PL_2026_V1,INELIGIBLE,MIN_INCOME
APP203565,PL_2026_V1,INELIGIBLE,BUREAU_SCORE
APP203566,PL_2026_V1,INELIGIBLE,BUREAU_SCORE
APP203567,PL_2026_V1,INELIGIBLE,BUREAU_SCORE
APP203568,PL_2026_V1,INELIGIBLE,BUREAU_SCORE
APP203569,PL_2026_V1,INELIGIBLE,BUREAU_SCORE
APP203570,PL_2026_V1,ELIGIBLE,
APP203571,PL_2026_V1,INELIGIBLE,BUREAU_SCORE
APP203572,PL_2026_V1,ELIGIBLE,
APP203573,PL_2026_V1,ELIGIBLE,
APP203574,PL_2026_V1,ELIGIBLE,
APP203575,PL_2026_V1,ELIGIBLE,
APP203576,PL_2026_V1,ELIGIBLE,
APP203577,PL_2026_V1,INELIGIBLE,MIN_INCOME
APP203578,PL_2026_V1,INELIGIBLE,BUREAU_SCORE
APP203579,PL_2026_V1,ELIGIBLE,
APP203580,PL_2026_V1,INELIGIBLE,BUREAU_SCORE
APP203581,PL_2026_V1,INELIGIBLE,BUREAU_SCORE
APP203582,PL_2026_V1,ELIGIBLE,
APP203583,PL_2026_V1,INELIGIBLE,MIN_INCOME
APP203584,PL_2026_V1,ELIGIBLE,
APP203585,PL_2026_V1,ELIGIBLE,
APP203586,PL_2026_V1,ELIGIBLE,
APP203587,PL_2026_V1,ELIGIBLE,
APP203588,PL_2026_V1,INELIGIBLE,MIN_INCOME
APP203589,PL_2026_V1,ELIGIBLE,
APP203590,PL_2026_V1,INELIGIBLE,BUREAU_SCORE
APP203591,PL_2026_V1,ELIGIBLE,
APP203592,PL_2026_V1,INELIGIBLE,BUREAU_SCORE
APP203593,PL_2026_V1,ELIGIBLE,
APP203594,PL_2026_V1,ELIGIBLE,
APP203595,PL_2026_V1,ELIGIBLE,
APP203596,PL_2026_V1,INELIGIBLE,BUREAU_SCORE
APP203597,PL_2026_V1,ELIGIBLE,
APP203598,PL_2026_V1,ELIGIBLE,
APP203599,PL_2026_V1,INELIGIBLE,BUREAU_SCORE
APP203600,PL_2026_V1,ELIGIBLE,
APP203601,PL_2026_V1,INELIGIBLE,BUREAU_SCORE
APP203602,PL_2026_V1,ELIGIBLE,
APP203603,PL_2026_V1,ELIGIBLE,
APP203604,PL_2026_V1,ELIGIBLE,
APP203605,PL_2026_V1,ELIGIBLE,
APP203606,PL_2026_V1,ELIGIBLE,
APP203607,PL_2026_V1,ELIGIBLE,
APP203608,PL_2026_V1,ELIGIBLE,
APP203609,PL_2026_V1,INELIGIBLE,BUREAU_SCORE
APP203610,PL_2026_V1,INELIGIBLE,BUREAU_SCORE
APP203611,PL_2026_V1,ELIGIBLE,
APP203612,PL_2026_V1,INELIGIBLE,BUREAU_SCORE
APP203613,PL_2026_V1,ELIGIBLE,
APP203614,PL_2026_V1,INELIGIBLE,MIN_INCOME|BUREAU_SCORE
APP203615,PL_2026_V1,INELIGIBLE,BUREAU_SCORE
APP203616,PL_2026_V1,INELIGIBLE,BUREAU_SCORE
APP203617,PL_2026_V1,ELIGIBLE,
APP203618,PL_2026_V1,ELIGIBLE,
APP203619,PL_2026_V1,ELIGIBLE,
APP203620,PL_2026_V1,ELIGIBLE,
APP203621,PL_2026_V1,ELIGIBLE,
APP203622,PL_2026_V1,INELIGIBLE,FOIR
APP203623,PL_2026_V1,ELIGIBLE,
APP203624,PL_2026_V1,ELIGIBLE,
APP203625,PL_2026_V1,ELIGIBLE,
APP203626,PL_2026_V1,ELIGIBLE,
APP203627,PL_2026_V1,ELIGIBLE,
APP203628,PL_2026_V1,ELIGIBLE,
APP203629,PL_2026_V1,ELIGIBLE,
APP203630,PL_2026_V1,INELIGIBLE,MIN_INCOME|BUREAU_SCORE
APP203631,PL_2026_V1,ELIGIBLE,
APP203632,PL_2026_V1,ELIGIBLE,
APP203633,PL_2026_V1,INELIGIBLE,BUREAU_SCORE
APP203634,PL_2026_V1,ELIGIBLE,
APP203635,PL_2026_V1,INELIGIBLE,BUREAU_SCORE
APP203636,PL_2026_V1,INELIGIBLE,BUREAU_SCORE
APP203637,PL_2026_V1,ELIGIBLE,
APP203638,PL_2026_V1,ELIGIBLE,
APP203639,PL_2026_V1,INELIGIBLE,MIN_INCOME
APP203640,PL_2026_V1,ELIGIBLE,
APP203641,PL_2026_V1,INELIGIBLE,MIN_INCOME
APP203642,PL_2026_V1,INELIGIBLE,MIN_INCOME|BUREAU_SCORE
APP203643,PL_2026_V1,ELIGIBLE,
APP203644,PL_2026_V1,ELIGIBLE,
APP203645,PL_2026_V1,INELIGIBLE,BUREAU_SCORE
APP203646,PL_2026_V1,ELIGIBLE,
APP203647,PL_2026_V1,ELIGIBLE,
APP203648,PL_2026_V1,ELIGIBLE,
APP203649,PL_2026_V1,INELIGIBLE,BUREAU_SCORE
APP203650,PL_2026_V1,ELIGIBLE,
APP203651,PL_2026_V1,INELIGIBLE,BUREAU_SCORE
APP203652,PL_2026_V1,ELIGIBLE,
APP203653,PL_2026_V1,INELIGIBLE,MIN_INCOME
APP203654,PL_2026_V1,ELIGIBLE,
APP203655,PL_2026_V1,ELIGIBLE,
APP203656,PL_2026_V1,INELIGIBLE,BUREAU_SCORE
APP203657,PL_2026_V1,ELIGIBLE,
APP203658,PL_2026_V1,ELIGIBLE,
APP203659,PL_2026_V1,ELIGIBLE,
APP203660,PL_2026_V1,ELIGIBLE,
APP203661,PL_2026_V1,INELIGIBLE,BUREAU_SCORE
APP203662,PL_2026_V1,ELIGIBLE,
APP203663,PL_2026_V1,ELIGIBLE,
APP203664,PL_2026_V1,ELIGIBLE,
APP203665,PL_2026_V1,ELIGIBLE,
APP203666,PL_2026_V1,INELIGIBLE,MIN_INCOME|BUREAU_SCORE
APP203667,PL_2026_V1,ELIGIBLE,
APP203668,PL_2026_V1,INELIGIBLE,BUREAU_SCORE
APP203669,PL_2026_V1,ELIGIBLE,
APP203670,PL_2026_V1,INELIGIBLE,BUREAU_SCORE
APP203671,PL_2026_V1,ELIGIBLE,
APP203672,PL_2026_V1,ELIGIBLE,
APP203673,PL_2026_V1,INELIGIBLE,BUREAU_SCORE
APP203674,PL_2026_V1,ELIGIBLE,
APP203675,PL_2026_V1,ELIGIBLE,
APP203676,PL_2026_V1,INELIGIBLE,MIN_INCOME|BUREAU_SCORE
APP203677,PL_2026_V1,INELIGIBLE,BUREAU_SCORE|FOIR
APP203678,PL_2026_V1,INELIGIBLE,BUREAU_SCORE
APP203679,PL_2026_V1,INELIGIBLE,BUREAU_SCORE|FOIR
APP203680,PL_2026_V1,ELIGIBLE,
APP203681,PL_2026_V1,INELIGIBLE,BUREAU_SCORE
APP203682,PL_2026_V1,INELIGIBLE,BUREAU_SCORE
APP203683,PL_2026_V1,ELIGIBLE,
APP203684,PL_2026_V1,ELIGIBLE,
APP203685,PL_2026_V1,ELIGIBLE,
APP203686,PL_2026_V1,ELIGIBLE,
APP203687,PL_2026_V1,INELIGIBLE,BUREAU_SCORE
APP203688,PL_2026_V1,ELIGIBLE,
APP203689,PL_2026_V1,INELIGIBLE,BUREAU_SCORE
APP203690,PL_2026_V1,ELIGIBLE,
APP203691,PL_2026_V1,INELIGIBLE,MIN_INCOME
APP203692,PL_2026_V1,INELIGIBLE,BUREAU_SCORE
APP203693,PL_2026_V1,INELIGIBLE,BUREAU_SCORE
APP203694,PL_2026_V1,ELIGIBLE,
APP203695,PL_2026_V1,ELIGIBLE,
APP203696,PL_2026_V1,ELIGIBLE,
APP203697,PL_2026_V1,ELIGIBLE,
APP203698,PL_2026_V1,ELIGIBLE,
APP203699,PL_2026_V1,INELIGIBLE,MIN_INCOME|FOIR
APP203700,PL_2026_V1,ELIGIBLE,
APP203701,PL_2026_V1,ELIGIBLE,
APP203702,PL_2026_V1,ELIGIBLE,
APP203703,PL_2026_V1,ELIGIBLE,
APP203704,PL_2026_V1,ELIGIBLE,
APP203705,PL_2026_V1,ELIGIBLE,
APP203706,PL_2026_V1,ELIGIBLE,
APP203707,PL_2026_V1,INELIGIBLE,BUREAU_SCORE
APP203708,PL_2026_V1,ELIGIBLE,
APP203709,PL_2026_V1,INELIGIBLE,BUREAU_SCORE
APP203710,PL_2026_V1,ELIGIBLE,
APP203711,PL_2026_V1,INELIGIBLE,BUREAU_SCORE
APP203712,PL_2026_V1,INELIGIBLE,BUREAU_SCORE
APP203713,PL_2026_V1,ELIGIBLE,
APP203714,PL_2026_V1,ELIGIBLE,
APP203715,PL_2026_V1,INELIGIBLE,MIN_INCOME|BUREAU_SCORE
APP203716,PL_2026_V1,INELIGIBLE,MIN_INCOME
APP203717,PL_2026_V1,INELIGIBLE,BUREAU_SCORE
APP203718,PL_2026_V1,INELIGIBLE,BUREAU_SCORE
APP203719,PL_2026_V1,INELIGIBLE,BUREAU_SCORE
APP203720,PL_2026_V1,ELIGIBLE,
APP203721,PL_2026_V1,ELIGIBLE,
APP203722,PL_2026_V1,ELIGIBLE,
APP203723,PL_2026_V1,ELIGIBLE,
APP203724,PL_2026_V1,ELIGIBLE,
APP203725,PL_2026_V1,ELIGIBLE,
APP203726,PL_2026_V1,INELIGIBLE,BUREAU_SCORE
APP203727,PL_2026_V1,ELIGIBLE,
APP203728,PL_2026_V1,INELIGIBLE,MIN_INCOME|BUREAU_SCORE
APP203729,PL_2026_V1,ELIGIBLE,
APP203730,PL_2026_V1,ELIGIBLE,
APP203731,PL_2026_V1,ELIGIBLE,
APP203732,PL_2026_V1,ELIGIBLE,
APP203733,PL_2026_V1,ELIGIBLE,
APP203734,PL_2026_V1,ELIGIBLE,
APP203735,PL_2026_V1,ELIGIBLE,
APP203736,PL_2026_V1,ELIGIBLE,
APP203737,PL_2026_V1,ELIGIBLE,
APP203738,PL_2026_V1,INELIGIBLE,BUREAU_SCORE
APP203739,PL_2026_V1,ELIGIBLE,
APP203740,PL_2026_V1,INELIGIBLE,MIN_INCOME
APP203741,PL_2026_V1,ELIGIBLE,
APP203742,PL_2026_V1,ELIGIBLE,
APP203743,PL_2026_V1,ELIGIBLE,
APP203744,PL_2026_V1,INELIGIBLE,MIN_INCOME
APP203745,PL_2026_V1,INELIGIBLE,MIN_INCOME
APP203746,PL_2026_V1,ELIGIBLE,
APP203747,PL_2026_V1,INELIGIBLE,MIN_INCOME
APP203748,PL_2026_V1,INELIGIBLE,BUREAU_SCORE
APP203749,PL_2026_V1,ELIGIBLE,
APP203750,PL_2026_V1,INELIGIBLE,BUREAU_SCORE
APP203751,PL_2026_V1,ELIGIBLE,
APP203752,PL_2026_V1,INELIGIBLE,BUREAU_SCORE
APP203753,PL_2026_V1,ELIGIBLE,
APP203754,PL_2026_V1,ELIGIBLE,
APP203755,PL_2026_V1,ELIGIBLE,
APP203756,PL_2026_V1,INELIGIBLE,BUREAU_SCORE
APP203757,PL_2026_V1,ELIGIBLE,
APP203758,PL_2026_V1,ELIGIBLE,
APP203759,PL_2026_V1,ELIGIBLE,
APP203760,PL_2026_V1,ELIGIBLE,
APP203761,PL_2026_V1,ELIGIBLE,
APP203762,PL_2026_V1,INELIGIBLE,MIN_INCOME
APP203763,PL_2026_V1,INELIGIBLE,BUREAU_SCORE
APP203764,PL_2026_V1,ELIGIBLE,
APP203765,PL_2026_V1,INELIGIBLE,MIN_INCOME|BUREAU_SCORE
APP203766,PL_2026_V1,INELIGIBLE,BUREAU_SCORE
APP203767,PL_2026_V1,ELIGIBLE,
APP203768,PL_2026_V1,ELIGIBLE,
APP203769,PL_2026_V1,INELIGIBLE,BUREAU_SCORE
APP203770,PL_2026_V1,ELIGIBLE,
APP203771,PL_2026_V1,ELIGIBLE,
APP203772,PL_2026_V1,INELIGIBLE,BUREAU_SCORE
APP203773,PL_2026_V1,ELIGIBLE,
APP203774,PL_2026_V1,ELIGIBLE,
APP203775,PL_2026_V1,INELIGIBLE,MIN_INCOME
APP203776,PL_2026_V1,ELIGIBLE,
APP203777,PL_2026_V1,INELIGIBLE,BUREAU_SCORE
APP203778,PL_2026_V1,ELIGIBLE,
APP203779,PL_2026_V1,ELIGIBLE,
APP203780,PL_2026_V1,INELIGIBLE,MIN_INCOME
APP203781,PL_2026_V1,INELIGIBLE,BUREAU_SCORE
APP203782,PL_2026_V1,ELIGIBLE,
APP203783,PL_2026_V1,INELIGIBLE,BUREAU_SCORE
APP203784,PL_2026_V1,ELIGIBLE,
APP203785,PL_2026_V1,INELIGIBLE,MIN_INCOME
APP203786,PL_2026_V1,INELIGIBLE,BUREAU_SCORE
APP203787,PL_2026_V1,ELIGIBLE,
APP203788,PL_2026_V1,INELIGIBLE,BUREAU_SCORE
APP203789,PL_2026_V1,ELIGIBLE,
APP203790,PL_2026_V1,INELIGIBLE,MIN_INCOME
APP203791,PL_2026_V1,INELIGIBLE,MIN_INCOME
APP203792,PL_2026_V1,INELIGIBLE,MIN_INCOME
APP203793,PL_2026_V1,INELIGIBLE,BUREAU_SCORE
APP203794,PL_2026_V1,ELIGIBLE,
APP203795,PL_2026_V1,ELIGIBLE,
APP203796,PL_2026_V1,ELIGIBLE,
APP203797,PL_2026_V1,ELIGIBLE,
APP203798,PL_2026_V1,ELIGIBLE,
APP203799,PL_2026_V1,INELIGIBLE,EMPLOYMENT_TENURE
APP203800,PL_2026_V1,ELIGIBLE,
APP203801,PL_2026_V1,ELIGIBLE,
APP203802,PL_2026_V1,INELIGIBLE,MIN_INCOME
APP203803,PL_2026_V1,ELIGIBLE,
APP203804,PL_2026_V1,ELIGIBLE,
APP203805,PL_2026_V1,INELIGIBLE,BUREAU_SCORE
APP203806,PL_2026_V1,ELIGIBLE,
APP203807,PL_2026_V1,ELIGIBLE,
APP203808,PL_2026_V1,INELIGIBLE,MIN_INCOME
APP203809,PL_2026_V1,ELIGIBLE,
APP203810,PL_2026_V1,ELIGIBLE,
APP203811,PL_2026_V1,INELIGIBLE,MIN_INCOME
APP203812,PL_2026_V1,ELIGIBLE,
APP203813,PL_2026_V1,ELIGIBLE,
APP203814,PL_2026_V1,ELIGIBLE,
APP203815,PL_2026_V1,INELIGIBLE,BUREAU_SCORE
APP203816,PL_2026_V1,INELIGIBLE,BUREAU_SCORE
APP203817,PL_2026_V1,ELIGIBLE,
APP203818,PL_2026_V1,ELIGIBLE,
APP203819,PL_2026_V1,ELIGIBLE,
APP203820,PL_2026_V1,INELIGIBLE,BUREAU_SCORE
APP203821,PL_2026_V1,ELIGIBLE,
APP203822,PL_2026_V1,INELIGIBLE,MIN_INCOME
APP203823,PL_2026_V1,ELIGIBLE,
APP203824,PL_2026_V1,ELIGIBLE,
APP203825,PL_2026_V1,ELIGIBLE,
APP203826,PL_2026_V1,INELIGIBLE,MIN_INCOME
APP203827,PL_2026_V1,ELIGIBLE,
APP203828,PL_2026_V1,INELIGIBLE,BUREAU_SCORE
APP203829,PL_2026_V1,ELIGIBLE,
APP203830,PL_2026_V1,ELIGIBLE,
APP203831,PL_2026_V1,ELIGIBLE,
APP203832,PL_2026_V1,ELIGIBLE,
APP203833,PL_2026_V1,ELIGIBLE,
APP203834,PL_2026_V1,INELIGIBLE,BUREAU_SCORE
APP203835,PL_2026_V1,INELIGIBLE,BUREAU_SCORE
APP203836,PL_2026_V1,ELIGIBLE,
APP203837,PL_2026_V1,INELIGIBLE,MIN_INCOME
APP203838,PL_2026_V1,INELIGIBLE,BUREAU_SCORE
APP203839,PL_2026_V1,INELIGIBLE,MIN_INCOME|BUREAU_SCORE
APP203840,PL_2026_V1,ELIGIBLE,
APP203841,PL_2026_V1,ELIGIBLE,
APP203842,PL_2026_V1,ELIGIBLE,
APP203843,PL_2026_V1,INELIGIBLE,BUREAU_SCORE
APP203844,PL_2026_V1,INELIGIBLE,BUREAU_SCORE
APP203845,PL_2026_V1,INELIGIBLE,BUREAU_SCORE
APP203846,PL_2026_V1,ELIGIBLE,
APP203847,PL_2026_V1,ELIGIBLE,
APP203848,PL_2026_V1,ELIGIBLE,
APP203849,PL_2026_V1,INELIGIBLE,BUREAU_SCORE
APP203850,PL_2026_V1,ELIGIBLE,
APP203851,PL_2026_V1,INELIGIBLE,MIN_INCOME
APP203852,PL_2026_V1,INELIGIBLE,BUREAU_SCORE
APP203853,PL_2026_V1,ELIGIBLE,
APP203854,PL_2026_V1,INELIGIBLE,BUREAU_SCORE
APP203855,PL_2026_V1,INELIGIBLE,BUREAU_SCORE
APP203856,PL_2026_V1,INELIGIBLE,BUREAU_SCORE
APP203857,PL_2026_V1,ELIGIBLE,
APP203858,PL_2026_V1,INELIGIBLE,BUREAU_SCORE
APP203859,PL_2026_V1,ELIGIBLE,
APP203860,PL_2026_V1,ELIGIBLE,
APP203861,PL_2026_V1,ELIGIBLE,
APP203862,PL_2026_V1,ELIGIBLE,
APP203863,PL_2026_V1,INELIGIBLE,MIN_INCOME
APP203864,PL_2026_V1,ELIGIBLE,
APP203865,PL_2026_V1,INELIGIBLE,BUREAU_SCORE
APP203866,PL_2026_V1,ELIGIBLE,
APP203867,PL_2026_V1,ELIGIBLE,
APP203868,PL_2026_V1,INELIGIBLE,BUREAU_SCORE
APP203869,PL_2026_V1,ELIGIBLE,
APP203870,PL_2026_V1,ELIGIBLE,
APP203871,PL_2026_V1,ELIGIBLE,
APP203872,PL_2026_V1,ELIGIBLE,
APP203873,PL_2026_V1,ELIGIBLE,
APP203874,PL_2026_V1,INELIGIBLE,MIN_INCOME|BUREAU_SCORE
APP203875,PL_2026_V1,ELIGIBLE,
APP203876,PL_2026_V1,ELIGIBLE,
APP203877,PL_2026_V1,ELIGIBLE,
APP203878,PL_2026_V1,INELIGIBLE,BUREAU_SCORE
APP203879,PL_2026_V1,ELIGIBLE,
APP203880,PL_2026_V1,ELIGIBLE,
APP203881,PL_2026_V1,INELIGIBLE,BUREAU_SCORE
APP203882,PL_2026_V1,ELIGIBLE,
APP203883,PL_2026_V1,ELIGIBLE,
APP203884,PL_2026_V1,INELIGIBLE,BUREAU_SCORE
APP203885,PL_2026_V1,ELIGIBLE,
APP203886,PL_2026_V1,INELIGIBLE,BUREAU_SCORE
APP203887,PL_2026_V1,ELIGIBLE,
APP203888,PL_2026_V1,ELIGIBLE,
APP203889,PL_2026_V1,INELIGIBLE,BUREAU_SCORE
APP203890,PL_2026_V1,ELIGIBLE,
APP203891,PL_2026_V1,ELIGIBLE,
APP203892,PL_2026_V1,ELIGIBLE,
APP203893,PL_2026_V1,ELIGIBLE,
APP203894,PL_2026_V1,ELIGIBLE,
APP203895,PL_2026_V1,ELIGIBLE,
APP203896,PL_2026_V1,ELIGIBLE,
APP203897,PL_2026_V1,ELIGIBLE,
APP203898,PL_2026_V1,ELIGIBLE,
APP203899,PL_2026_V1,INELIGIBLE,BUREAU_SCORE
APP203900,PL_2026_V1,ELIGIBLE,
APP203901,PL_2026_V1,INELIGIBLE,BUREAU_SCORE
APP203902,PL_2026_V1,ELIGIBLE,
APP203903,PL_2026_V1,ELIGIBLE,
APP203904,PL_2026_V1,ELIGIBLE,
APP203905,PL_2026_V1,ELIGIBLE,
APP203906,PL_2026_V1,ELIGIBLE,
APP203907,PL_2026_V1,ELIGIBLE,
APP203908,PL_2026_V1,ELIGIBLE,
APP203909,PL_2026_V1,ELIGIBLE,
APP203910,PL_2026_V1,ELIGIBLE,
APP203911,PL_2026_V1,ELIGIBLE,
APP203912,PL_2026_V1,ELIGIBLE,
APP203913,PL_2026_V1,INELIGIBLE,BUREAU_SCORE
APP203914,PL_2026_V1,ELIGIBLE,
APP203915,PL_2026_V1,INELIGIBLE,BUREAU_SCORE
APP203916,PL_2026_V1,ELIGIBLE,
APP203917,PL_2026_V1,ELIGIBLE,
APP203918,PL_2026_V1,ELIGIBLE,
APP203919,PL_2026_V1,ELIGIBLE,
APP203920,PL_2026_V1,ELIGIBLE,
APP203921,PL_2026_V1,ELIGIBLE,
APP203922,PL_2026_V1,ELIGIBLE,
APP203923,PL_2026_V1,ELIGIBLE,
APP203924,PL_2026_V1,INELIGIBLE,BUREAU_SCORE
APP203925,PL_2026_V1,INELIGIBLE,BUREAU_SCORE
APP203926,PL_2026_V1,ELIGIBLE,
APP203927,PL_2026_V1,ELIGIBLE,
APP203928,PL_2026_V1,INELIGIBLE,MIN_INCOME
APP203929,PL_2026_V1,ELIGIBLE,
APP203930,PL_2026_V1,INELIGIBLE,MIN_INCOME
APP203931,PL_2026_V1,ELIGIBLE,
APP203932,PL_2026_V1,ELIGIBLE,
APP203933,PL_2026_V1,ELIGIBLE,
APP203934,PL_2026_V1,INELIGIBLE,MIN_INCOME
APP203935,PL_2026_V1,INELIGIBLE,FOIR
APP203936,PL_2026_V1,ELIGIBLE,
APP203937,PL_2026_V1,ELIGIBLE,
APP203938,PL_2026_V1,ELIGIBLE,
APP203939,PL_2026_V1,ELIGIBLE,
APP203940,PL_2026_V1,INELIGIBLE,BUREAU_SCORE
APP203941,PL_2026_V1,ELIGIBLE,
APP203942,PL_2026_V1,ELIGIBLE,
APP203943,PL_2026_V1,ELIGIBLE,
APP203944,PL_2026_V1,ELIGIBLE,
APP203945,PL_2026_V1,ELIGIBLE,
APP203946,PL_2026_V1,ELIGIBLE,
APP203947,PL_2026_V1,ELIGIBLE,
APP203948,PL_2026_V1,ELIGIBLE,
APP203949,PL_2026_V1,ELIGIBLE,
APP203950,PL_2026_V1,INELIGIBLE,MIN_INCOME|BUREAU_SCORE
APP203951,PL_2026_V1,INELIGIBLE,BUREAU_SCORE
APP203952,PL_2026_V1,INELIGIBLE,BUREAU_SCORE
APP203953,PL_2026_V1,ELIGIBLE,
APP203954,PL_2026_V1,ELIGIBLE,
APP203955,PL_2026_V1,INELIGIBLE,BUREAU_SCORE
APP203956,PL_2026_V1,ELIGIBLE,
APP203957,PL_2026_V1,INELIGIBLE,MIN_INCOME
APP203958,PL_2026_V1,INELIGIBLE,MIN_INCOME
APP203959,PL_2026_V1,ELIGIBLE,
APP203960,PL_2026_V1,ELIGIBLE,
APP203961,PL_2026_V1,ELIGIBLE,
APP203962,PL_2026_V1,ELIGIBLE,
APP203963,PL_2026_V1,ELIGIBLE,
APP203964,PL_2026_V1,INELIGIBLE,BUREAU_SCORE
APP203965,PL_2026_V1,INELIGIBLE,MIN_INCOME
APP203966,PL_2026_V1,ELIGIBLE,
APP203967,PL_2026_V1,INELIGIBLE,MIN_INCOME|BUREAU_SCORE
APP203968,PL_2026_V1,INELIGIBLE,BUREAU_SCORE
APP203969,PL_2026_V1,ELIGIBLE,
APP203970,PL_2026_V1,INELIGIBLE,BUREAU_SCORE|FOIR
APP203971,PL_2026_V1,ELIGIBLE,
APP203972,PL_2026_V1,ELIGIBLE,
APP203973,PL_2026_V1,INELIGIBLE,BUREAU_SCORE
APP203974,PL_2026_V1,ELIGIBLE,
APP203975,PL_2026_V1,INELIGIBLE,BUREAU_SCORE
APP203976,PL_2026_V1,ELIGIBLE,
APP203977,PL_2026_V1,INELIGIBLE,BUREAU_SCORE
APP203978,PL_2026_V1,INELIGIBLE,BUREAU_SCORE
APP203979,PL_2026_V1,ELIGIBLE,
APP203980,PL_2026_V1,ELIGIBLE,
APP203981,PL_2026_V1,ELIGIBLE,
APP203982,PL_2026_V1,ELIGIBLE,
APP203983,PL_2026_V1,INELIGIBLE,BUREAU_SCORE
APP203984,PL_2026_V1,INELIGIBLE,BUREAU_SCORE
APP203985,PL_2026_V1,ELIGIBLE,
APP203986,PL_2026_V1,ELIGIBLE,
APP203987,PL_2026_V1,INELIGIBLE,MIN_INCOME
APP203988,PL_2026_V1,ELIGIBLE,
APP203989,PL_2026_V1,INELIGIBLE,BUREAU_SCORE
APP203990,PL_2026_V1,ELIGIBLE,
APP203991,PL_2026_V1,INELIGIBLE,MIN_INCOME
APP203992,PL_2026_V1,INELIGIBLE,EMPLOYMENT_TENURE
APP203993,PL_2026_V1,ELIGIBLE,
APP203994,PL_2026_V1,ELIGIBLE,
APP203995,PL_2026_V1,INELIGIBLE,BUREAU_SCORE
APP203996,PL_2026_V1,INELIGIBLE,MIN_INCOME|BUREAU_SCORE
APP203997,PL_2026_V1,ELIGIBLE,
APP203998,PL_2026_V1,ELIGIBLE,
APP203999,PL_2026_V1,ELIGIBLE,
APP204000,PL_2026_V1,ELIGIBLE,
APP204001,PL_2026_V1,INELIGIBLE,BUREAU_SCORE
APP204002,PL_2026_V1,INELIGIBLE,MIN_INCOME
APP204003,PL_2026_V1,INELIGIBLE,BUREAU_SCORE
APP204004,PL_2026_V1,ELIGIBLE,
APP204005,PL_2026_V1,INELIGIBLE,BUREAU_SCORE
APP204006,PL_2026_V1,ELIGIBLE,
APP204007,PL_2026_V1,INELIGIBLE,BUREAU_SCORE
APP204008,PL_2026_V1,INELIGIBLE,BUREAU_SCORE
APP204009,PL_2026_V1,ELIGIBLE,
APP204010,PL_2026_V1,ELIGIBLE,
APP204011,PL_2026_V1,ELIGIBLE,
APP204012,PL_2026_V1,INELIGIBLE,BUREAU_SCORE
APP204013,PL_2026_V1,ELIGIBLE,
APP204014,PL_2026_V1,ELIGIBLE,
APP204015,PL_2026_V1,ELIGIBLE,
APP204016,PL_2026_V1,INELIGIBLE,BUREAU_SCORE
APP204017,PL_2026_V1,ELIGIBLE,
APP204018,PL_2026_V1,INELIGIBLE,MIN_INCOME|BUREAU_SCORE
APP204019,PL_2026_V1,INELIGIBLE,MIN_INCOME|BUREAU_SCORE
APP204020,PL_2026_V1,INELIGIBLE,BUREAU_SCORE
APP204021,PL_2026_V1,ELIGIBLE,
APP204022,PL_2026_V1,ELIGIBLE,
APP204023,PL_2026_V1,ELIGIBLE,
APP204024,PL_2026_V1,INELIGIBLE,MIN_INCOME
APP204025,PL_2026_V1,ELIGIBLE,
APP204026,PL_2026_V1,ELIGIBLE,
APP204027,PL_2026_V1,ELIGIBLE,
APP204028,PL_2026_V1,ELIGIBLE,
APP204029,PL_2026_V1,INELIGIBLE,MIN_INCOME
APP204030,PL_2026_V1,ELIGIBLE,
APP204031,PL_2026_V1,INELIGIBLE,MIN_INCOME
APP204032,PL_2026_V1,ELIGIBLE,
APP204033,PL_2026_V1,INELIGIBLE,MIN_INCOME
APP204034,PL_2026_V1,ELIGIBLE,
APP204035,PL_2026_V1,ELIGIBLE,
APP204036,PL_2026_V1,ELIGIBLE,
APP204037,PL_2026_V1,ELIGIBLE,
APP204038,PL_2026_V1,INELIGIBLE,BUREAU_SCORE
APP204039,PL_2026_V1,ELIGIBLE,
APP204040,PL_2026_V1,INELIGIBLE,BUREAU_SCORE
APP204041,PL_2026_V1,ELIGIBLE,
APP204042,PL_2026_V1,ELIGIBLE,
APP204043,PL_2026_V1,ELIGIBLE,
APP204044,PL_2026_V1,ELIGIBLE,
APP204045,PL_2026_V1,ELIGIBLE,
APP204046,PL_2026_V1,INELIGIBLE,BUREAU_SCORE
APP204047,PL_2026_V1,ELIGIBLE,
APP204048,PL_2026_V1,ELIGIBLE,
APP204049,PL_2026_V1,ELIGIBLE,
APP204050,PL_2026_V1,ELIGIBLE,
APP204051,PL_2026_V1,INELIGIBLE,MIN_INCOME
APP204052,PL_2026_V1,ELIGIBLE,
APP204053,PL_2026_V1,ELIGIBLE,
APP204054,PL_2026_V1,INELIGIBLE,BUREAU_SCORE
APP204055,PL_2026_V1,INELIGIBLE,BUREAU_SCORE
APP204056,PL_2026_V1,INELIGIBLE,BUREAU_SCORE
APP204057,PL_2026_V1,ELIGIBLE,
APP204058,PL_2026_V1,INELIGIBLE,BUREAU_SCORE
APP204059,PL_2026_V1,INELIGIBLE,BUREAU_SCORE
APP204060,PL_2026_V1,INELIGIBLE,BUREAU_SCORE
APP204061,PL_2026_V1,ELIGIBLE,
APP204062,PL_2026_V1,INELIGIBLE,BUREAU_SCORE
APP204063,PL_2026_V1,INELIGIBLE,BUREAU_SCORE
APP204064,PL_2026_V1,INELIGIBLE,MIN_INCOME
APP204065,PL_2026_V1,ELIGIBLE,
APP204066,PL_2026_V1,INELIGIBLE,MIN_INCOME
APP204067,PL_2026_V1,INELIGIBLE,MIN_INCOME
APP204068,PL_2026_V1,ELIGIBLE,
APP204069,PL_2026_V1,ELIGIBLE,
APP204070,PL_2026_V1,ELIGIBLE,
APP204071,PL_2026_V1,INELIGIBLE,MIN_INCOME
APP204072,PL_2026_V1,ELIGIBLE,
APP204073,PL_2026_V1,ELIGIBLE,
APP204074,PL_2026_V1,INELIGIBLE,MIN_INCOME|BUREAU_SCORE
APP204075,PL_2026_V1,ELIGIBLE,
APP204076,PL_2026_V1,INELIGIBLE,MIN_INCOME
APP204077,PL_2026_V1,ELIGIBLE,
APP204078,PL_2026_V1,INELIGIBLE,BUREAU_SCORE
APP204079,PL_2026_V1,INELIGIBLE,BUREAU_SCORE
APP204080,PL_2026_V1,ELIGIBLE,
APP204081,PL_2026_V1,ELIGIBLE,
APP204082,PL_2026_V1,ELIGIBLE,
APP204083,PL_2026_V1,ELIGIBLE,
APP204084,PL_2026_V1,ELIGIBLE,
APP204085,PL_2026_V1,ELIGIBLE,
APP204086,PL_2026_V1,ELIGIBLE,
APP204087,PL_2026_V1,ELIGIBLE,
APP204088,PL_2026_V1,ELIGIBLE,
APP204089,PL_2026_V1,INELIGIBLE,MIN_INCOME
APP204090,PL_2026_V1,ELIGIBLE,
APP204091,PL_2026_V1,ELIGIBLE,
APP204092,PL_2026_V1,INELIGIBLE,BUREAU_SCORE
APP204093,PL_2026_V1,ELIGIBLE,
APP204094,PL_2026_V1,INELIGIBLE,BUREAU_SCORE
APP204095,PL_2026_V1,ELIGIBLE,
APP204096,PL_2026_V1,ELIGIBLE,
APP204097,PL_2026_V1,INELIGIBLE,MIN_INCOME
APP204098,PL_2026_V1,INELIGIBLE,MIN_INCOME
APP204099,PL_2026_V1,ELIGIBLE,
APP204100,PL_2026_V1,ELIGIBLE,
APP204101,PL_2026_V1,INELIGIBLE,BUREAU_SCORE
APP204102,PL_2026_V1,INELIGIBLE,BUREAU_SCORE
APP204103,PL_2026_V1,ELIGIBLE,
APP204104,PL_2026_V1,INELIGIBLE,MIN_INCOME|BUREAU_SCORE
APP204105,PL_2026_V1,ELIGIBLE,
APP204106,PL_2026_V1,ELIGIBLE,
APP204107,PL_2026_V1,INELIGIBLE,BUREAU_SCORE
APP204108,PL_2026_V1,ELIGIBLE,
APP204109,PL_2026_V1,ELIGIBLE,
APP204110,PL_2026_V1,INELIGIBLE,MIN_INCOME
APP204111,PL_2026_V1,INELIGIBLE,BUREAU_SCORE
APP204112,PL_2026_V1,ELIGIBLE,
APP204113,PL_2026_V1,INELIGIBLE,BUREAU_SCORE
APP204114,PL_2026_V1,ELIGIBLE,
APP204115,PL_2026_V1,ELIGIBLE,
APP204116,PL_2026_V1,ELIGIBLE,
APP204117,PL_2026_V1,ELIGIBLE,
APP204118,PL_2026_V1,ELIGIBLE,
APP204119,PL_2026_V1,ELIGIBLE,
APP204120,PL_2026_V1,INELIGIBLE,BUREAU_SCORE
APP204121,PL_2026_V1,INELIGIBLE,BUREAU_SCORE
APP204122,PL_2026_V1,INELIGIBLE,BUREAU_SCORE
APP204123,PL_2026_V1,ELIGIBLE,
APP204124,PL_2026_V1,ELIGIBLE,
APP204125,PL_2026_V1,ELIGIBLE,
APP204126,PL_2026_V1,INELIGIBLE,BUREAU_SCORE
APP204127,PL_2026_V1,INELIGIBLE,BUREAU_SCORE
APP204128,PL_2026_V1,ELIGIBLE,
APP204129,PL_2026_V1,ELIGIBLE,
APP204130,PL_2026_V1,INELIGIBLE,BUREAU_SCORE
APP204131,PL_2026_V1,ELIGIBLE,
APP204132,PL_2026_V1,INELIGIBLE,FOIR
APP204133,PL_2026_V1,INELIGIBLE,MIN_INCOME|BUREAU_SCORE
APP204134,PL_2026_V1,INELIGIBLE,FOIR
APP204135,PL_2026_V1,ELIGIBLE,
APP204136,PL_2026_V1,INELIGIBLE,BUREAU_SCORE
APP204137,PL_2026_V1,ELIGIBLE,
APP204138,PL_2026_V1,ELIGIBLE,
APP204139,PL_2026_V1,ELIGIBLE,
APP204140,PL_2026_V1,ELIGIBLE,
APP204141,PL_2026_V1,INELIGIBLE,BUREAU_SCORE
APP204142,PL_2026_V1,INELIGIBLE,BUREAU_SCORE
APP204143,PL_2026_V1,ELIGIBLE,
APP204144,PL_2026_V1,ELIGIBLE,
APP204145,PL_2026_V1,INELIGIBLE,BUREAU_SCORE
APP204146,PL_2026_V1,INELIGIBLE,BUREAU_SCORE
APP204147,PL_2026_V1,INELIGIBLE,BUREAU_SCORE
APP204148,PL_2026_V1,ELIGIBLE,
APP204149,PL_2026_V1,ELIGIBLE,
APP204150,PL_2026_V1,ELIGIBLE,
APP204151,PL_2026_V1,ELIGIBLE,
APP204152,PL_2026_V1,ELIGIBLE,
APP204153,PL_2026_V1,ELIGIBLE,
APP204154,PL_2026_V1,ELIGIBLE,
APP204155,PL_2026_V1,INELIGIBLE,BUREAU_SCORE
APP204156,PL_2026_V1,ELIGIBLE,
APP204157,PL_2026_V1,ELIGIBLE,
APP204158,PL_2026_V1,ELIGIBLE,
APP204159,PL_2026_V1,ELIGIBLE,
APP204160,PL_2026_V1,ELIGIBLE,
APP204161,PL_2026_V1,ELIGIBLE,
APP204162,PL_2026_V1,INELIGIBLE,BUREAU_SCORE
APP204163,PL_2026_V1,ELIGIBLE,
APP204164,PL_2026_V1,ELIGIBLE,
APP204165,PL_2026_V1,ELIGIBLE,
APP204166,PL_2026_V1,ELIGIBLE,
APP204167,PL_2026_V1,ELIGIBLE,
APP204168,PL_2026_V1,INELIGIBLE,BUREAU_SCORE
APP204169,PL_2026_V1,ELIGIBLE,
APP204170,PL_2026_V1,INELIGIBLE,BUREAU_SCORE
APP204171,PL_2026_V1,ELIGIBLE,
APP204172,PL_2026_V1,INELIGIBLE,MIN_INCOME
APP204173,PL_2026_V1,ELIGIBLE,
APP204174,PL_2026_V1,INELIGIBLE,MIN_INCOME
APP204175,PL_2026_V1,INELIGIBLE,BUREAU_SCORE
APP204176,PL_2026_V1,ELIGIBLE,
APP204177,PL_2026_V1,INELIGIBLE,BUREAU_SCORE
APP204178,PL_2026_V1,INELIGIBLE,BUREAU_SCORE
APP204179,PL_2026_V1,ELIGIBLE,
APP204180,PL_2026_V1,ELIGIBLE,
APP204181,PL_2026_V1,ELIGIBLE,
APP204182,PL_2026_V1,ELIGIBLE,
APP204183,PL_2026_V1,ELIGIBLE,
APP204184,PL_2026_V1,INELIGIBLE,BUREAU_SCORE
APP204185,PL_2026_V1,INELIGIBLE,MIN_INCOME
APP204186,PL_2026_V1,INELIGIBLE,MIN_INCOME
APP204187,PL_2026_V1,ELIGIBLE,
APP204188,PL_2026_V1,ELIGIBLE,
APP204189,PL_2026_V1,ELIGIBLE,
APP204190,PL_2026_V1,ELIGIBLE,
APP204191,PL_2026_V1,ELIGIBLE,
APP204192,PL_2026_V1,ELIGIBLE,
APP204193,PL_2026_V1,ELIGIBLE,
APP204194,PL_2026_V1,ELIGIBLE,
APP204195,PL_2026_V1,ELIGIBLE,
APP204196,PL_2026_V1,ELIGIBLE,
APP204197,PL_2026_V1,INELIGIBLE,MIN_INCOME|BUREAU_SCORE
APP204198,PL_2026_V1,ELIGIBLE,
APP204199,PL_2026_V1,ELIGIBLE,
APP204200,PL_2026_V1,INELIGIBLE,BUREAU_SCORE
APP204201,PL_2026_V1,ELIGIBLE,
APP204202,PL_2026_V1,ELIGIBLE,
APP204203,PL_2026_V1,INELIGIBLE,FOIR
APP204204,PL_2026_V1,ELIGIBLE,
APP204205,PL_2026_V1,INELIGIBLE,BUREAU_SCORE
APP204206,PL_2026_V1,ELIGIBLE,
APP204207,PL_2026_V1,INELIGIBLE,BUREAU_SCORE
APP204208,PL_2026_V1,ELIGIBLE,
APP204209,PL_2026_V1,ELIGIBLE,
APP204210,PL_2026_V1,ELIGIBLE,
APP204211,PL_2026_V1,INELIGIBLE,MIN_INCOME
APP204212,PL_2026_V1,ELIGIBLE,
APP204213,PL_2026_V1,ELIGIBLE,
APP204214,PL_2026_V1,INELIGIBLE,MIN_INCOME|BUREAU_SCORE
APP204215,PL_2026_V1,ELIGIBLE,
APP204216,PL_2026_V1,ELIGIBLE,
APP204217,PL_2026_V1,ELIGIBLE,
APP204218,PL_2026_V1,ELIGIBLE,
APP204219,PL_2026_V1,ELIGIBLE,
APP204220,PL_2026_V1,INELIGIBLE,BUREAU_SCORE|FOIR
APP204221,PL_2026_V1,INELIGIBLE,MIN_INCOME
APP204222,PL_2026_V1,ELIGIBLE,
APP204223,PL_2026_V1,INELIGIBLE,FOIR
APP204224,PL_2026_V1,ELIGIBLE,
APP204225,PL_2026_V1,ELIGIBLE,
APP204226,PL_2026_V1,ELIGIBLE,
APP204227,PL_2026_V1,ELIGIBLE,
APP204228,PL_2026_V1,INELIGIBLE,MIN_INCOME
APP204229,PL_2026_V1,ELIGIBLE,
APP204230,PL_2026_V1,ELIGIBLE,
APP204231,PL_2026_V1,INELIGIBLE,BUREAU_SCORE
APP204232,PL_2026_V1,ELIGIBLE,
APP204233,PL_2026_V1,INELIGIBLE,MIN_INCOME
APP204234,PL_2026_V1,ELIGIBLE,
APP204235,PL_2026_V1,ELIGIBLE,
APP204236,PL_2026_V1,INELIGIBLE,BUREAU_SCORE
APP204237,PL_2026_V1,INELIGIBLE,BUREAU_SCORE
APP204238,PL_2026_V1,ELIGIBLE,
APP204239,PL_2026_V1,ELIGIBLE,
APP204240,PL_2026_V1,INELIGIBLE,BUREAU_SCORE
APP204241,PL_2026_V1,ELIGIBLE,
APP204242,PL_2026_V1,ELIGIBLE,
APP204243,PL_2026_V1,ELIGIBLE,
APP204244,PL_2026_V1,ELIGIBLE,
APP204245,PL_2026_V1,ELIGIBLE,
APP204246,PL_2026_V1,ELIGIBLE,
APP204247,PL_2026_V1,INELIGIBLE,BUREAU_SCORE
APP204248,PL_2026_V1,ELIGIBLE,
APP204249,PL_2026_V1,ELIGIBLE,
APP204250,PL_2026_V1,ELIGIBLE,
APP204251,PL_2026_V1,ELIGIBLE,
APP204252,PL_2026_V1,INELIGIBLE,BUREAU_SCORE
APP204253,PL_2026_V1,ELIGIBLE,
APP204254,PL_2026_V1,ELIGIBLE,
APP204255,PL_2026_V1,ELIGIBLE,
APP204256,PL_2026_V1,INELIGIBLE,MIN_INCOME
APP204257,PL_2026_V1,ELIGIBLE,
APP204258,PL_2026_V1,ELIGIBLE,
APP204259,PL_2026_V1,ELIGIBLE,
APP204260,PL_2026_V1,INELIGIBLE,MIN_INCOME
APP204261,PL_2026_V1,ELIGIBLE,
APP204262,PL_2026_V1,ELIGIBLE,
APP204263,PL_2026_V1,INELIGIBLE,MIN_INCOME
APP204264,PL_2026_V1,ELIGIBLE,
APP204265,PL_2026_V1,ELIGIBLE,
APP204266,PL_2026_V1,ELIGIBLE,
APP204267,PL_2026_V1,ELIGIBLE,
APP204268,PL_2026_V1,ELIGIBLE,
APP204269,PL_2026_V1,INELIGIBLE,MIN_INCOME|BUREAU_SCORE
APP204270,PL_2026_V1,ELIGIBLE,
APP204271,PL_2026_V1,ELIGIBLE,
APP204272,PL_2026_V1,ELIGIBLE,
APP204273,PL_2026_V1,ELIGIBLE,
APP204274,PL_2026_V1,ELIGIBLE,
APP204275,PL_2026_V1,INELIGIBLE,MIN_INCOME
APP204276,PL_2026_V1,INELIGIBLE,BUREAU_SCORE
APP204277,PL_2026_V1,ELIGIBLE,
APP204278,PL_2026_V1,ELIGIBLE,
APP204279,PL_2026_V1,INELIGIBLE,BUREAU_SCORE
APP204280,PL_2026_V1,INELIGIBLE,MIN_INCOME
APP204281,PL_2026_V1,INELIGIBLE,BUREAU_SCORE
APP204282,PL_2026_V1,INELIGIBLE,BUREAU_SCORE
APP204283,PL_2026_V1,ELIGIBLE,
APP204284,PL_2026_V1,ELIGIBLE,
APP204285,PL_2026_V1,ELIGIBLE,
APP204286,PL_2026_V1,INELIGIBLE,BUREAU_SCORE
APP204287,PL_2026_V1,INELIGIBLE,MIN_INCOME
APP204288,PL_2026_V1,ELIGIBLE,
APP204289,PL_2026_V1,INELIGIBLE,MIN_INCOME
APP204290,PL_2026_V1,INELIGIBLE,BUREAU_SCORE
APP204291,PL_2026_V1,ELIGIBLE,
APP204292,PL_2026_V1,INELIGIBLE,MIN_INCOME
APP204293,PL_2026_V1,ELIGIBLE,
APP204294,PL_2026_V1,ELIGIBLE,
APP204295,PL_2026_V1,INELIGIBLE,MIN_INCOME
APP204296,PL_2026_V1,INELIGIBLE,BUREAU_SCORE
APP204297,PL_2026_V1,INELIGIBLE,BUREAU_SCORE
APP204298,PL_2026_V1,INELIGIBLE,MIN_INCOME
APP204299,PL_2026_V1,ELIGIBLE,
APP204300,PL_2026_V1,INELIGIBLE,BUREAU_SCORE
APP204301,PL_2026_V1,ELIGIBLE,
APP204302,PL_2026_V1,ELIGIBLE,
APP204303,PL_2026_V1,ELIGIBLE,
APP204304,PL_2026_V1,ELIGIBLE,
APP204305,PL_2026_V1,INELIGIBLE,MIN_INCOME|BUREAU_SCORE
APP204306,PL_2026_V1,ELIGIBLE,
APP204307,PL_2026_V1,INELIGIBLE,BUREAU_SCORE
APP204308,PL_2026_V1,INELIGIBLE,BUREAU_SCORE
APP204309,PL_2026_V1,ELIGIBLE,
APP204310,PL_2026_V1,ELIGIBLE,
APP204311,PL_2026_V1,ELIGIBLE,
APP204312,PL_2026_V1,ELIGIBLE,
APP204313,PL_2026_V1,INELIGIBLE,BUREAU_SCORE
APP204314,PL_2026_V1,ELIGIBLE,
APP204315,PL_2026_V1,ELIGIBLE,
APP204316,PL_2026_V1,ELIGIBLE,
APP204317,PL_2026_V1,ELIGIBLE,
APP204318,PL_2026_V1,ELIGIBLE,
APP204319,PL_2026_V1,INELIGIBLE,BUREAU_SCORE
APP204320,PL_2026_V1,ELIGIBLE,
APP204321,PL_2026_V1,INELIGIBLE,BUREAU_SCORE
APP204322,PL_2026_V1,ELIGIBLE,
APP204323,PL_2026_V1,ELIGIBLE,
APP204324,PL_2026_V1,ELIGIBLE,
APP204325,PL_2026_V1,ELIGIBLE,
APP204326,PL_2026_V1,ELIGIBLE,
APP204327,PL_2026_V1,INELIGIBLE,MIN_INCOME
APP204328,PL_2026_V1,ELIGIBLE,
APP204329,PL_2026_V1,ELIGIBLE,
APP204330,PL_2026_V1,ELIGIBLE,
APP204331,PL_2026_V1,ELIGIBLE,
APP204332,PL_2026_V1,ELIGIBLE,
APP204333,PL_2026_V1,ELIGIBLE,
APP204334,PL_2026_V1,INELIGIBLE,BUREAU_SCORE
APP204335,PL_2026_V1,INELIGIBLE,BUREAU_SCORE
APP204336,PL_2026_V1,INELIGIBLE,MIN_INCOME
APP204337,PL_2026_V1,INELIGIBLE,BUREAU_SCORE
APP204338,PL_2026_V1,ELIGIBLE,
APP204339,PL_2026_V1,ELIGIBLE,
APP204340,PL_2026_V1,ELIGIBLE,
APP204341,PL_2026_V1,ELIGIBLE,
APP204342,PL_2026_V1,ELIGIBLE,
APP204343,PL_2026_V1,ELIGIBLE,
APP204344,PL_2026_V1,INELIGIBLE,BUREAU_SCORE
APP204345,PL_2026_V1,INELIGIBLE,BUREAU_SCORE
APP204346,PL_2026_V1,ELIGIBLE,
APP204347,PL_2026_V1,INELIGIBLE,BUREAU_SCORE
APP204348,PL_2026_V1,ELIGIBLE,
APP204349,PL_2026_V1,ELIGIBLE,
APP204350,PL_2026_V1,ELIGIBLE,
APP204351,PL_2026_V1,INELIGIBLE,MIN_INCOME|BUREAU_SCORE
APP204352,PL_2026_V1,ELIGIBLE,
APP204353,PL_2026_V1,INELIGIBLE,BUREAU_SCORE
APP204354,PL_2026_V1,INELIGIBLE,BUREAU_SCORE
APP204355,PL_2026_V1,INELIGIBLE,EMPLOYMENT_TENURE
APP204356,PL_2026_V1,ELIGIBLE,
APP204357,PL_2026_V1,ELIGIBLE,
APP204358,PL_2026_V1,INELIGIBLE,MIN_INCOME
APP204359,PL_2026_V1,ELIGIBLE,
APP204360,PL_2026_V1,ELIGIBLE,
APP204361,PL_2026_V1,ELIGIBLE,
APP204362,PL_2026_V1,INELIGIBLE,BUREAU_SCORE
APP204363,PL_2026_V1,ELIGIBLE,
APP204364,PL_2026_V1,INELIGIBLE,BUREAU_SCORE
APP204365,PL_2026_V1,ELIGIBLE,
APP204366,PL_2026_V1,ELIGIBLE,
APP204367,PL_2026_V1,ELIGIBLE,
APP204368,PL_2026_V1,ELIGIBLE,
APP204369,PL_2026_V1,ELIGIBLE,
APP204370,PL_2026_V1,ELIGIBLE,
APP204371,PL_2026_V1,ELIGIBLE,
APP204372,PL_2026_V1,ELIGIBLE,
APP204373,PL_2026_V1,ELIGIBLE,
APP204374,PL_2026_V1,ELIGIBLE,
APP204375,PL_2026_V1,ELIGIBLE,
APP204376,PL_2026_V1,ELIGIBLE,
APP204377,PL_2026_V1,INELIGIBLE,BUREAU_SCORE
APP204378,PL_2026_V1,INELIGIBLE,BUREAU_SCORE
APP204379,PL_2026_V1,INELIGIBLE,BUREAU_SCORE
APP204380,PL_2026_V1,INELIGIBLE,BUREAU_SCORE
APP204381,PL_2026_V1,ELIGIBLE,
APP204382,PL_2026_V1,ELIGIBLE,
APP204383,PL_2026_V1,INELIGIBLE,BUREAU_SCORE
APP204384,PL_2026_V1,ELIGIBLE,
APP204385,PL_2026_V1,ELIGIBLE,
APP204386,PL_2026_V1,INELIGIBLE,MIN_INCOME
APP204387,PL_2026_V1,ELIGIBLE,
APP204388,PL_2026_V1,ELIGIBLE,
APP204389,PL_2026_V1,ELIGIBLE,
APP204390,PL_2026_V1,INELIGIBLE,BUREAU_SCORE
APP204391,PL_2026_V1,ELIGIBLE,
APP204392,PL_2026_V1,INELIGIBLE,BUREAU_SCORE
APP204393,PL_2026_V1,INELIGIBLE,BUREAU_SCORE
APP204394,PL_2026_V1,INELIGIBLE,BUREAU_SCORE
APP204395,PL_2026_V1,INELIGIBLE,MIN_INCOME
APP204396,PL_2026_V1,INELIGIBLE,BUREAU_SCORE
APP204397,PL_2026_V1,INELIGIBLE,BUREAU_SCORE
APP204398,PL_2026_V1,ELIGIBLE,
APP204399,PL_2026_V1,ELIGIBLE,
APP204400,PL_2026_V1,ELIGIBLE,
APP204401,PL_2026_V1,ELIGIBLE,
APP204402,PL_2026_V1,ELIGIBLE,
APP204403,PL_2026_V1,ELIGIBLE,
APP204404,PL_2026_V1,ELIGIBLE,
APP204405,PL_2026_V1,INELIGIBLE,MIN_INCOME
APP204406,PL_2026_V1,ELIGIBLE,
APP204407,PL_2026_V1,ELIGIBLE,
APP204408,PL_2026_V1,INELIGIBLE,MIN_INCOME
APP204409,PL_2026_V1,INELIGIBLE,MIN_INCOME
APP204410,PL_2026_V1,INELIGIBLE,BUREAU_SCORE
APP204411,PL_2026_V1,ELIGIBLE,
APP204412,PL_2026_V1,ELIGIBLE,
APP204413,PL_2026_V1,INELIGIBLE,BUREAU_SCORE
APP204414,PL_2026_V1,ELIGIBLE,
APP204415,PL_2026_V1,ELIGIBLE,
APP204416,PL_2026_V1,ELIGIBLE,
APP204417,PL_2026_V1,INELIGIBLE,BUREAU_SCORE
APP204418,PL_2026_V1,INELIGIBLE,MIN_INCOME|FOIR
APP204419,PL_2026_V1,ELIGIBLE,
APP204420,PL_2026_V1,ELIGIBLE,
APP204421,PL_2026_V1,INELIGIBLE,BUREAU_SCORE
APP204422,PL_2026_V1,ELIGIBLE,
APP204423,PL_2026_V1,INELIGIBLE,MIN_INCOME
APP204424,PL_2026_V1,INELIGIBLE,MIN_INCOME
APP204425,PL_2026_V1,INELIGIBLE,BUREAU_SCORE
APP204426,PL_2026_V1,ELIGIBLE,
APP204427,PL_2026_V1,ELIGIBLE,
APP204428,PL_2026_V1,ELIGIBLE,
APP204429,PL_2026_V1,INELIGIBLE,BUREAU_SCORE
APP204430,PL_2026_V1,INELIGIBLE,BUREAU_SCORE
APP204431,PL_2026_V1,ELIGIBLE,
APP204432,PL_2026_V1,ELIGIBLE,
APP204433,PL_2026_V1,ELIGIBLE,
APP204434,PL_2026_V1,INELIGIBLE,BUREAU_SCORE
APP204435,PL_2026_V1,ELIGIBLE,
APP204436,PL_2026_V1,ELIGIBLE,
APP204437,PL_2026_V1,ELIGIBLE,
APP204438,PL_2026_V1,INELIGIBLE,MIN_INCOME
APP204439,PL_2026_V1,INELIGIBLE,MIN_INCOME|BUREAU_SCORE
APP204440,PL_2026_V1,ELIGIBLE,
APP204441,PL_2026_V1,ELIGIBLE,
APP204442,PL_2026_V1,ELIGIBLE,
APP204443,PL_2026_V1,ELIGIBLE,
APP204444,PL_2026_V1,ELIGIBLE,
APP204445,PL_2026_V1,ELIGIBLE,
APP204446,PL_2026_V1,ELIGIBLE,
APP204447,PL_2026_V1,INELIGIBLE,MIN_INCOME
APP204448,PL_2026_V1,ELIGIBLE,
APP204449,PL_2026_V1,INELIGIBLE,BUREAU_SCORE
APP204450,PL_2026_V1,ELIGIBLE,
APP204451,PL_2026_V1,ELIGIBLE,
APP204452,PL_2026_V1,INELIGIBLE,BUREAU_SCORE
APP204453,PL_2026_V1,ELIGIBLE,
APP204454,PL_2026_V1,ELIGIBLE,
APP204455,PL_2026_V1,ELIGIBLE,
APP204456,PL_2026_V1,INELIGIBLE,BUREAU_SCORE
APP204457,PL_2026_V1,ELIGIBLE,
APP204458,PL_2026_V1,INELIGIBLE,BUREAU_SCORE
APP204459,PL_2026_V1,ELIGIBLE,
APP204460,PL_2026_V1,ELIGIBLE,
APP204461,PL_2026_V1,ELIGIBLE,
APP204462,PL_2026_V1,ELIGIBLE,
APP204463,PL_2026_V1,ELIGIBLE,
APP204464,PL_2026_V1,ELIGIBLE,
APP204465,PL_2026_V1,INELIGIBLE,BUREAU_SCORE
APP204466,PL_2026_V1,INELIGIBLE,BUREAU_SCORE
APP204467,PL_2026_V1,INELIGIBLE,MIN_INCOME
APP204468,PL_2026_V1,INELIGIBLE,MIN_INCOME
APP204469,PL_2026_V1,ELIGIBLE,
APP204470,PL_2026_V1,INELIGIBLE,BUREAU_SCORE
APP204471,PL_2026_V1,ELIGIBLE,
APP204472,PL_2026_V1,INELIGIBLE,MIN_INCOME
APP204473,PL_2026_V1,INELIGIBLE,BUREAU_SCORE
APP204474,PL_2026_V1,ELIGIBLE,
APP204475,PL_2026_V1,ELIGIBLE,
APP204476,PL_2026_V1,ELIGIBLE,
APP204477,PL_2026_V1,INELIGIBLE,BUREAU_SCORE
APP204478,PL_2026_V1,INELIGIBLE,BUREAU_SCORE
APP204479,PL_2026_V1,ELIGIBLE,
APP204480,PL_2026_V1,INELIGIBLE,BUREAU_SCORE
APP204481,PL_2026_V1,ELIGIBLE,
APP204482,PL_2026_V1,ELIGIBLE,
APP204483,PL_2026_V1,ELIGIBLE,
APP204484,PL_2026_V1,ELIGIBLE,
APP204485,PL_2026_V1,ELIGIBLE,
APP204486,PL_2026_V1,ELIGIBLE,
APP204487,PL_2026_V1,INELIGIBLE,MIN_INCOME|BUREAU_SCORE
APP204488,PL_2026_V1,ELIGIBLE,
APP204489,PL_2026_V1,INELIGIBLE,MIN_INCOME
APP204490,PL_2026_V1,INELIGIBLE,BUREAU_SCORE
APP204491,PL_2026_V1,ELIGIBLE,
APP204492,PL_2026_V1,INELIGIBLE,BUREAU_SCORE
APP204493,PL_2026_V1,ELIGIBLE,
APP204494,PL_2026_V1,ELIGIBLE,
APP204495,PL_2026_V1,ELIGIBLE,
APP204496,PL_2026_V1,ELIGIBLE,
APP204497,PL_2026_V1,INELIGIBLE,BUREAU_SCORE
APP204498,PL_2026_V1,INELIGIBLE,MIN_INCOME|BUREAU_SCORE
APP204499,PL_2026_V1,ELIGIBLE,
APP204500,PL_2026_V1,ELIGIBLE,
APP204501,PL_2026_V1,INELIGIBLE,BUREAU_SCORE
APP204502,PL_2026_V1,INELIGIBLE,BUREAU_SCORE
APP204503,PL_2026_V1,INELIGIBLE,MIN_INCOME
APP204504,PL_2026_V1,ELIGIBLE,
APP204505,PL_2026_V1,INELIGIBLE,BUREAU_SCORE
APP204506,PL_2026_V1,ELIGIBLE,
APP204507,PL_2026_V1,ELIGIBLE,
APP204508,PL_2026_V1,ELIGIBLE,
APP204509,PL_2026_V1,INELIGIBLE,BUREAU_SCORE
APP204510,PL_2026_V1,INELIGIBLE,BUREAU_SCORE
APP204511,PL_2026_V1,ELIGIBLE,
APP204512,PL_2026_V1,ELIGIBLE,
APP204513,PL_2026_V1,INELIGIBLE,BUREAU_SCORE
APP204514,PL_2026_V1,ELIGIBLE,
APP204515,PL_2026_V1,ELIGIBLE,
APP204516,PL_2026_V1,ELIGIBLE,
APP204517,PL_2026_V1,INELIGIBLE,BUREAU_SCORE
APP204518,PL_2026_V1,ELIGIBLE,
APP204519,PL_2026_V1,ELIGIBLE,
APP204520,PL_2026_V1,ELIGIBLE,
APP204521,PL_2026_V1,ELIGIBLE,
APP204522,PL_2026_V1,INELIGIBLE,BUREAU_SCORE
APP204523,PL_2026_V1,INELIGIBLE,BUREAU_SCORE
APP204524,PL_2026_V1,INELIGIBLE,MIN_INCOME
APP204525,PL_2026_V1,INELIGIBLE,BUREAU_SCORE
APP204526,PL_2026_V1,INELIGIBLE,BUREAU_SCORE
APP204527,PL_2026_V1,ELIGIBLE,
APP204528,PL_2026_V1,ELIGIBLE,
APP204529,PL_2026_V1,INELIGIBLE,MIN_INCOME
APP204530,PL_2026_V1,ELIGIBLE,
APP204531,PL_2026_V1,ELIGIBLE,
APP204532,PL_2026_V1,INELIGIBLE,MIN_INCOME
APP204533,PL_2026_V1,INELIGIBLE,BUREAU_SCORE
APP204534,PL_2026_V1,INELIGIBLE,BUREAU_SCORE
APP204535,PL_2026_V1,ELIGIBLE,
APP204536,PL_2026_V1,ELIGIBLE,
APP204537,PL_2026_V1,ELIGIBLE,
APP204538,PL_2026_V1,INELIGIBLE,BUREAU_SCORE
APP204539,PL_2026_V1,ELIGIBLE,
APP204540,PL_2026_V1,ELIGIBLE,
APP204541,PL_2026_V1,ELIGIBLE,
APP204542,PL_2026_V1,ELIGIBLE,
APP204543,PL_2026_V1,ELIGIBLE,
APP204544,PL_2026_V1,ELIGIBLE,
APP204545,PL_2026_V1,INELIGIBLE,EMPLOYMENT_TENURE
APP204546,PL_2026_V1,ELIGIBLE,
APP204547,PL_2026_V1,ELIGIBLE,
APP204548,PL_2026_V1,ELIGIBLE,
APP204549,PL_2026_V1,ELIGIBLE,
APP204550,PL_2026_V1,ELIGIBLE,
APP204551,PL_2026_V1,ELIGIBLE,
APP204552,PL_2026_V1,ELIGIBLE,
APP204553,PL_2026_V1,ELIGIBLE,
APP204554,PL_2026_V1,INELIGIBLE,BUREAU_SCORE
APP204555,PL_2026_V1,INELIGIBLE,MIN_INCOME
APP204556,PL_2026_V1,ELIGIBLE,
APP204557,PL_2026_V1,ELIGIBLE,
APP204558,PL_2026_V1,ELIGIBLE,
APP204559,PL_2026_V1,INELIGIBLE,BUREAU_SCORE
APP204560,PL_2026_V1,INELIGIBLE,BUREAU_SCORE
APP204561,PL_2026_V1,INELIGIBLE,BUREAU_SCORE
APP204562,PL_2026_V1,ELIGIBLE,
APP204563,PL_2026_V1,ELIGIBLE,
APP204564,PL_2026_V1,INELIGIBLE,EMPLOYMENT_TENURE
APP204565,PL_2026_V1,INELIGIBLE,MIN_INCOME|BUREAU_SCORE
APP204566,PL_2026_V1,ELIGIBLE,
APP204567,PL_2026_V1,ELIGIBLE,
APP204568,PL_2026_V1,ELIGIBLE,
APP204569,PL_2026_V1,INELIGIBLE,MIN_INCOME
APP204570,PL_2026_V1,ELIGIBLE,
APP204571,PL_2026_V1,ELIGIBLE,
APP204572,PL_2026_V1,INELIGIBLE,MIN_INCOME
APP204573,PL_2026_V1,ELIGIBLE,
APP204574,PL_2026_V1,INELIGIBLE,BUREAU_SCORE
APP204575,PL_2026_V1,ELIGIBLE,
APP204576,PL_2026_V1,INELIGIBLE,BUREAU_SCORE
APP204577,PL_2026_V1,INELIGIBLE,BUREAU_SCORE
APP204578,PL_2026_V1,INELIGIBLE,BUREAU_SCORE
APP204579,PL_2026_V1,ELIGIBLE,
APP204580,PL_2026_V1,ELIGIBLE,
APP204581,PL_2026_V1,INELIGIBLE,BUREAU_SCORE
APP204582,PL_2026_V1,ELIGIBLE,
APP204583,PL_2026_V1,ELIGIBLE,
APP204584,PL_2026_V1,INELIGIBLE,MIN_INCOME|BUREAU_SCORE
APP204585,PL_2026_V1,INELIGIBLE,BUREAU_SCORE
APP204586,PL_2026_V1,INELIGIBLE,BUREAU_SCORE
APP204587,PL_2026_V1,ELIGIBLE,
APP204588,PL_2026_V1,ELIGIBLE,
APP204589,PL_2026_V1,ELIGIBLE,
APP204590,PL_2026_V1,ELIGIBLE,
APP204591,PL_2026_V1,ELIGIBLE,
APP204592,PL_2026_V1,ELIGIBLE,
APP204593,PL_2026_V1,INELIGIBLE,MIN_INCOME
APP204594,PL_2026_V1,ELIGIBLE,
APP204595,PL_2026_V1,INELIGIBLE,BUREAU_SCORE
APP204596,PL_2026_V1,ELIGIBLE,
APP204597,PL_2026_V1,ELIGIBLE,
APP204598,PL_2026_V1,ELIGIBLE,
APP204599,PL_2026_V1,ELIGIBLE,
APP204600,PL_2026_V1,INELIGIBLE,BUREAU_SCORE
APP204601,PL_2026_V1,ELIGIBLE,
APP204602,PL_2026_V1,INELIGIBLE,BUREAU_SCORE
APP204603,PL_2026_V1,ELIGIBLE,
APP204604,PL_2026_V1,ELIGIBLE,
APP204605,PL_2026_V1,ELIGIBLE,
APP204606,PL_2026_V1,ELIGIBLE,
APP204607,PL_2026_V1,ELIGIBLE,
APP204608,PL_2026_V1,ELIGIBLE,
APP204609,PL_2026_V1,ELIGIBLE,
APP204610,PL_2026_V1,ELIGIBLE,
APP204611,PL_2026_V1,ELIGIBLE,
APP204612,PL_2026_V1,ELIGIBLE,
APP204613,PL_2026_V1,INELIGIBLE,BUREAU_SCORE
APP204614,PL_2026_V1,INELIGIBLE,MIN_INCOME
APP204615,PL_2026_V1,ELIGIBLE,
APP204616,PL_2026_V1,ELIGIBLE,
APP204617,PL_2026_V1,ELIGIBLE,
APP204618,PL_2026_V1,ELIGIBLE,
APP204619,PL_2026_V1,ELIGIBLE,
APP204620,PL_2026_V1,INELIGIBLE,BUREAU_SCORE
APP204621,PL_2026_V1,ELIGIBLE,
APP204622,PL_2026_V1,ELIGIBLE,
APP204623,PL_2026_V1,INELIGIBLE,MIN_INCOME
APP204624,PL_2026_V1,ELIGIBLE,
APP204625,PL_2026_V1,ELIGIBLE,
APP204626,PL_2026_V1,ELIGIBLE,
APP204627,PL_2026_V1,ELIGIBLE,
APP204628,PL_2026_V1,ELIGIBLE,
APP204629,PL_2026_V1,INELIGIBLE,BUREAU_SCORE
APP204630,PL_2026_V1,ELIGIBLE,
APP204631,PL_2026_V1,ELIGIBLE,
APP204632,PL_2026_V1,INELIGIBLE,BUREAU_SCORE
APP204633,PL_2026_V1,INELIGIBLE,BUREAU_SCORE
APP204634,PL_2026_V1,ELIGIBLE,
APP204635,PL_2026_V1,ELIGIBLE,
APP204636,PL_2026_V1,ELIGIBLE,
APP204637,PL_2026_V1,ELIGIBLE,
APP204638,PL_2026_V1,ELIGIBLE,
APP204639,PL_2026_V1,INELIGIBLE,BUREAU_SCORE
APP204640,PL_2026_V1,INELIGIBLE,EMPLOYMENT_TENURE
APP204641,PL_2026_V1,INELIGIBLE,MIN_INCOME
APP204642,PL_2026_V1,INELIGIBLE,MIN_INCOME|BUREAU_SCORE
APP204643,PL_2026_V1,INELIGIBLE,BUREAU_SCORE
APP204644,PL_2026_V1,INELIGIBLE,MIN_INCOME|BUREAU_SCORE
APP204645,PL_2026_V1,ELIGIBLE,
APP204646,PL_2026_V1,ELIGIBLE,
APP204647,PL_2026_V1,INELIGIBLE,MIN_INCOME|BUREAU_SCORE
APP204648,PL_2026_V1,ELIGIBLE,
APP204649,PL_2026_V1,ELIGIBLE,
APP204650,PL_2026_V1,ELIGIBLE,
APP204651,PL_2026_V1,INELIGIBLE,BUREAU_SCORE
APP204652,PL_2026_V1,ELIGIBLE,
APP204653,PL_2026_V1,INELIGIBLE,FOIR
APP204654,PL_2026_V1,ELIGIBLE,
APP204655,PL_2026_V1,INELIGIBLE,MIN_INCOME
APP204656,PL_2026_V1,INELIGIBLE,BUREAU_SCORE
APP204657,PL_2026_V1,ELIGIBLE,
APP204658,PL_2026_V1,ELIGIBLE,
APP204659,PL_2026_V1,INELIGIBLE,BUREAU_SCORE
APP204660,PL_2026_V1,ELIGIBLE,
APP204661,PL_2026_V1,ELIGIBLE,
APP204662,PL_2026_V1,ELIGIBLE,
APP204663,PL_2026_V1,ELIGIBLE,
APP204664,PL_2026_V1,INELIGIBLE,BUREAU_SCORE
APP204665,PL_2026_V1,ELIGIBLE,
APP204666,PL_2026_V1,ELIGIBLE,
APP204667,PL_2026_V1,ELIGIBLE,
APP204668,PL_2026_V1,INELIGIBLE,BUREAU_SCORE
APP204669,PL_2026_V1,ELIGIBLE,
APP204670,PL_2026_V1,ELIGIBLE,
APP204671,PL_2026_V1,ELIGIBLE,
APP204672,PL_2026_V1,INELIGIBLE,BUREAU_SCORE
APP204673,PL_2026_V1,INELIGIBLE,BUREAU_SCORE
APP204674,PL_2026_V1,ELIGIBLE,
APP204675,PL_2026_V1,ELIGIBLE,
APP204676,PL_2026_V1,ELIGIBLE,
APP204677,PL_2026_V1,INELIGIBLE,MIN_INCOME|BUREAU_SCORE
APP204678,PL_2026_V1,ELIGIBLE,
APP204679,PL_2026_V1,ELIGIBLE,
APP204680,PL_2026_V1,ELIGIBLE,
APP204681,PL_2026_V1,ELIGIBLE,
APP204682,PL_2026_V1,ELIGIBLE,
APP204683,PL_2026_V1,ELIGIBLE,
APP204684,PL_2026_V1,ELIGIBLE,
APP204685,PL_2026_V1,ELIGIBLE,
APP204686,PL_2026_V1,INELIGIBLE,BUREAU_SCORE
APP204687,PL_2026_V1,ELIGIBLE,
APP204688,PL_2026_V1,INELIGIBLE,FOIR
APP204689,PL_2026_V1,ELIGIBLE,
APP204690,PL_2026_V1,ELIGIBLE,
APP204691,PL_2026_V1,INELIGIBLE,MIN_INCOME
APP204692,PL_2026_V1,ELIGIBLE,
APP204693,PL_2026_V1,ELIGIBLE,
APP204694,PL_2026_V1,INELIGIBLE,MIN_INCOME|BUREAU_SCORE
APP204695,PL_2026_V1,ELIGIBLE,
APP204696,PL_2026_V1,INELIGIBLE,BUREAU_SCORE
APP204697,PL_2026_V1,ELIGIBLE,
APP204698,PL_2026_V1,INELIGIBLE,MIN_INCOME|BUREAU_SCORE
APP204699,PL_2026_V1,INELIGIBLE,MIN_INCOME
APP204700,PL_2026_V1,ELIGIBLE,
APP204701,PL_2026_V1,INELIGIBLE,MIN_INCOME
APP204702,PL_2026_V1,INELIGIBLE,BUREAU_SCORE
APP204703,PL_2026_V1,INELIGIBLE,BUREAU_SCORE
APP204704,PL_2026_V1,INELIGIBLE,MIN_INCOME
APP204705,PL_2026_V1,INELIGIBLE,MIN_INCOME
APP204706,PL_2026_V1,ELIGIBLE,
APP204707,PL_2026_V1,ELIGIBLE,
APP204708,PL_2026_V1,ELIGIBLE,
APP204709,PL_2026_V1,ELIGIBLE,
APP204710,PL_2026_V1,ELIGIBLE,
APP204711,PL_2026_V1,INELIGIBLE,BUREAU_SCORE
APP204712,PL_2026_V1,ELIGIBLE,
APP204713,PL_2026_V1,INELIGIBLE,MIN_INCOME
APP204714,PL_2026_V1,INELIGIBLE,MIN_INCOME
APP204715,PL_2026_V1,ELIGIBLE,
APP204716,PL_2026_V1,ELIGIBLE,
APP204717,PL_2026_V1,INELIGIBLE,BUREAU_SCORE
APP204718,PL_2026_V1,ELIGIBLE,
APP204719,PL_2026_V1,ELIGIBLE,
APP204720,PL_2026_V1,INELIGIBLE,BUREAU_SCORE
APP204721,PL_2026_V1,ELIGIBLE,
APP204722,PL_2026_V1,ELIGIBLE,
APP204723,PL_2026_V1,ELIGIBLE,
APP204724,PL_2026_V1,INELIGIBLE,BUREAU_SCORE
APP204725,PL_2026_V1,ELIGIBLE,
APP204726,PL_2026_V1,INELIGIBLE,MIN_INCOME
APP204727,PL_2026_V1,INELIGIBLE,BUREAU_SCORE
APP204728,PL_2026_V1,INELIGIBLE,MIN_INCOME|BUREAU_SCORE
APP204729,PL_2026_V1,INELIGIBLE,BUREAU_SCORE
APP204730,PL_2026_V1,ELIGIBLE,
APP204731,PL_2026_V1,ELIGIBLE,
APP204732,PL_2026_V1,INELIGIBLE,MIN_INCOME
APP204733,PL_2026_V1,ELIGIBLE,
APP204734,PL_2026_V1,ELIGIBLE,
APP204735,PL_2026_V1,INELIGIBLE,MIN_INCOME
APP204736,PL_2026_V1,ELIGIBLE,
APP204737,PL_2026_V1,INELIGIBLE,BUREAU_SCORE
APP204738,PL_2026_V1,ELIGIBLE,
APP204739,PL_2026_V1,INELIGIBLE,BUREAU_SCORE
APP204740,PL_2026_V1,ELIGIBLE,
APP204741,PL_2026_V1,ELIGIBLE,
APP204742,PL_2026_V1,INELIGIBLE,MIN_INCOME
APP204743,PL_2026_V1,INELIGIBLE,BUREAU_SCORE
APP204744,PL_2026_V1,ELIGIBLE,
APP204745,PL_2026_V1,INELIGIBLE,BUREAU_SCORE
APP204746,PL_2026_V1,ELIGIBLE,
APP204747,PL_2026_V1,INELIGIBLE,BUREAU_SCORE
APP204748,PL_2026_V1,INELIGIBLE,BUREAU_SCORE|FOIR
APP204749,PL_2026_V1,ELIGIBLE,
APP204750,PL_2026_V1,INELIGIBLE,MIN_INCOME
APP204751,PL_2026_V1,INELIGIBLE,MIN_INCOME
APP204752,PL_2026_V1,ELIGIBLE,
APP204753,PL_2026_V1,ELIGIBLE,
APP204754,PL_2026_V1,ELIGIBLE,
APP204755,PL_2026_V1,INELIGIBLE,BUREAU_SCORE
APP204756,PL_2026_V1,ELIGIBLE,
APP204757,PL_2026_V1,ELIGIBLE,
APP204758,PL_2026_V1,ELIGIBLE,
APP204759,PL_2026_V1,INELIGIBLE,MIN_INCOME
APP204760,PL_2026_V1,ELIGIBLE,
APP204761,PL_2026_V1,INELIGIBLE,BUREAU_SCORE
APP204762,PL_2026_V1,ELIGIBLE,
APP204763,PL_2026_V1,INELIGIBLE,BUREAU_SCORE
APP204764,PL_2026_V1,INELIGIBLE,MIN_INCOME
APP204765,PL_2026_V1,ELIGIBLE,
APP204766,PL_2026_V1,ELIGIBLE,
APP204767,PL_2026_V1,INELIGIBLE,MIN_INCOME
APP204768,PL_2026_V1,INELIGIBLE,BUREAU_SCORE
APP204769,PL_2026_V1,INELIGIBLE,MIN_INCOME|BUREAU_SCORE
APP204770,PL_2026_V1,INELIGIBLE,BUREAU_SCORE
APP204771,PL_2026_V1,INELIGIBLE,MIN_INCOME
APP204772,PL_2026_V1,ELIGIBLE,
APP204773,PL_2026_V1,ELIGIBLE,
APP204774,PL_2026_V1,ELIGIBLE,
APP204775,PL_2026_V1,ELIGIBLE,
APP204776,PL_2026_V1,ELIGIBLE,
APP204777,PL_2026_V1,INELIGIBLE,BUREAU_SCORE
APP204778,PL_2026_V1,ELIGIBLE,
APP204779,PL_2026_V1,INELIGIBLE,BUREAU_SCORE
APP204780,PL_2026_V1,ELIGIBLE,
APP204781,PL_2026_V1,ELIGIBLE,
APP204782,PL_2026_V1,ELIGIBLE,
APP204783,PL_2026_V1,ELIGIBLE,
APP204784,PL_2026_V1,INELIGIBLE,MIN_INCOME
APP204785,PL_2026_V1,ELIGIBLE,
APP204786,PL_2026_V1,ELIGIBLE,
APP204787,PL_2026_V1,ELIGIBLE,
APP204788,PL_2026_V1,INELIGIBLE,BUREAU_SCORE
APP204789,PL_2026_V1,ELIGIBLE,
APP204790,PL_2026_V1,ELIGIBLE,
APP204791,PL_2026_V1,ELIGIBLE,
APP204792,PL_2026_V1,ELIGIBLE,
APP204793,PL_2026_V1,ELIGIBLE,
APP204794,PL_2026_V1,ELIGIBLE,
APP204795,PL_2026_V1,ELIGIBLE,
APP204796,PL_2026_V1,ELIGIBLE,
APP204797,PL_2026_V1,ELIGIBLE,
APP204798,PL_2026_V1,ELIGIBLE,
APP204799,PL_2026_V1,ELIGIBLE,
APP204800,PL_2026_V1,ELIGIBLE,
APP204801,PL_2026_V1,INELIGIBLE,BUREAU_SCORE
APP204802,PL_2026_V1,INELIGIBLE,BUREAU_SCORE
APP204803,PL_2026_V1,ELIGIBLE,
APP204804,PL_2026_V1,ELIGIBLE,
APP204805,PL_2026_V1,INELIGIBLE,BUREAU_SCORE
APP204806,PL_2026_V1,ELIGIBLE,
APP204807,PL_2026_V1,INELIGIBLE,BUREAU_SCORE
APP204808,PL_2026_V1,ELIGIBLE,
APP204809,PL_2026_V1,INELIGIBLE,BUREAU_SCORE
APP204810,PL_2026_V1,ELIGIBLE,
APP204811,PL_2026_V1,ELIGIBLE,
APP204812,PL_2026_V1,INELIGIBLE,BUREAU_SCORE
APP204813,PL_2026_V1,ELIGIBLE,
APP204814,PL_2026_V1,ELIGIBLE,
APP204815,PL_2026_V1,ELIGIBLE,
APP204816,PL_2026_V1,ELIGIBLE,
APP204817,PL_2026_V1,ELIGIBLE,
APP204818,PL_2026_V1,INELIGIBLE,MIN_INCOME
APP204819,PL_2026_V1,ELIGIBLE,
APP204820,PL_2026_V1,ELIGIBLE,
APP204821,PL_2026_V1,INELIGIBLE,BUREAU_SCORE
APP204822,PL_2026_V1,ELIGIBLE,
APP204823,PL_2026_V1,ELIGIBLE,
APP204824,PL_2026_V1,ELIGIBLE,
APP204825,PL_2026_V1,INELIGIBLE,MIN_INCOME
APP204826,PL_2026_V1,ELIGIBLE,
APP204827,PL_2026_V1,ELIGIBLE,
APP204828,PL_2026_V1,ELIGIBLE,
APP204829,PL_2026_V1,INELIGIBLE,BUREAU_SCORE
APP204830,PL_2026_V1,ELIGIBLE,
APP204831,PL_2026_V1,INELIGIBLE,MIN_INCOME
APP204832,PL_2026_V1,ELIGIBLE,
APP204833,PL_2026_V1,ELIGIBLE,
APP204834,PL_2026_V1,ELIGIBLE,
APP204835,PL_2026_V1,ELIGIBLE,
APP204836,PL_2026_V1,INELIGIBLE,BUREAU_SCORE
APP204837,PL_2026_V1,ELIGIBLE,
APP204838,PL_2026_V1,ELIGIBLE,
APP204839,PL_2026_V1,ELIGIBLE,
APP204840,PL_2026_V1,ELIGIBLE,
APP204841,PL_2026_V1,INELIGIBLE,BUREAU_SCORE
APP204842,PL_2026_V1,INELIGIBLE,MIN_INCOME
APP204843,PL_2026_V1,ELIGIBLE,
APP204844,PL_2026_V1,ELIGIBLE,
APP204845,PL_2026_V1,INELIGIBLE,BUREAU_SCORE
APP204846,PL_2026_V1,INELIGIBLE,BUREAU_SCORE
APP204847,PL_2026_V1,INELIGIBLE,BUREAU_SCORE|EMPLOYMENT_TENURE
APP204848,PL_2026_V1,ELIGIBLE,
APP204849,PL_2026_V1,ELIGIBLE,
APP204850,PL_2026_V1,ELIGIBLE,
APP204851,PL_2026_V1,INELIGIBLE,MIN_INCOME
APP204852,PL_2026_V1,INELIGIBLE,MIN_INCOME|BUREAU_SCORE
APP204853,PL_2026_V1,INELIGIBLE,BUREAU_SCORE
APP204854,PL_2026_V1,ELIGIBLE,
APP204855,PL_2026_V1,ELIGIBLE,
APP204856,PL_2026_V1,INELIGIBLE,BUREAU_SCORE
APP204857,PL_2026_V1,ELIGIBLE,
APP204858,PL_2026_V1,INELIGIBLE,MIN_INCOME
APP204859,PL_2026_V1,ELIGIBLE,
APP204860,PL_2026_V1,ELIGIBLE,
APP204861,PL_2026_V1,INELIGIBLE,BUREAU_SCORE
APP204862,PL_2026_V1,INELIGIBLE,BUREAU_SCORE
APP204863,PL_2026_V1,ELIGIBLE,
APP204864,PL_2026_V1,ELIGIBLE,
APP204865,PL_2026_V1,INELIGIBLE,MIN_INCOME
APP204866,PL_2026_V1,ELIGIBLE,
APP204867,PL_2026_V1,ELIGIBLE,
APP204868,PL_2026_V1,ELIGIBLE,
APP204869,PL_2026_V1,INELIGIBLE,MIN_INCOME
APP204870,PL_2026_V1,ELIGIBLE,
APP204871,PL_2026_V1,ELIGIBLE,
APP204872,PL_2026_V1,INELIGIBLE,BUREAU_SCORE
APP204873,PL_2026_V1,ELIGIBLE,
APP204874,PL_2026_V1,INELIGIBLE,BUREAU_SCORE
APP204875,PL_2026_V1,INELIGIBLE,BUREAU_SCORE
APP204876,PL_2026_V1,INELIGIBLE,BUREAU_SCORE
APP204877,PL_2026_V1,INELIGIBLE,FOIR
APP204878,PL_2026_V1,ELIGIBLE,
APP204879,PL_2026_V1,ELIGIBLE,
APP204880,PL_2026_V1,ELIGIBLE,
APP204881,PL_2026_V1,ELIGIBLE,
APP204882,PL_2026_V1,ELIGIBLE,
APP204883,PL_2026_V1,INELIGIBLE,MIN_INCOME
APP204884,PL_2026_V1,INELIGIBLE,BUREAU_SCORE
APP204885,PL_2026_V1,ELIGIBLE,
APP204886,PL_2026_V1,ELIGIBLE,
APP204887,PL_2026_V1,ELIGIBLE,
APP204888,PL_2026_V1,INELIGIBLE,BUREAU_SCORE
APP204889,PL_2026_V1,ELIGIBLE,
APP204890,PL_2026_V1,ELIGIBLE,
APP204891,PL_2026_V1,ELIGIBLE,
APP204892,PL_2026_V1,ELIGIBLE,
APP204893,PL_2026_V1,INELIGIBLE,BUREAU_SCORE
APP204894,PL_2026_V1,INELIGIBLE,BUREAU_SCORE
APP204895,PL_2026_V1,ELIGIBLE,
APP204896,PL_2026_V1,INELIGIBLE,MIN_INCOME
APP204897,PL_2026_V1,ELIGIBLE,
APP204898,PL_2026_V1,ELIGIBLE,
APP204899,PL_2026_V1,INELIGIBLE,MIN_INCOME
APP204900,PL_2026_V1,ELIGIBLE,
APP204901,PL_2026_V1,INELIGIBLE,MIN_INCOME
APP204902,PL_2026_V1,ELIGIBLE,
APP204903,PL_2026_V1,ELIGIBLE,
APP204904,PL_2026_V1,ELIGIBLE,
APP204905,PL_2026_V1,INELIGIBLE,BUREAU_SCORE
APP204906,PL_2026_V1,INELIGIBLE,BUREAU_SCORE
APP204907,PL_2026_V1,ELIGIBLE,
APP204908,PL_2026_V1,INELIGIBLE,BUREAU_SCORE
APP204909,PL_2026_V1,INELIGIBLE,MIN_INCOME
APP204910,PL_2026_V1,INELIGIBLE,BUREAU_SCORE
APP204911,PL_2026_V1,ELIGIBLE,
APP204912,PL_2026_V1,ELIGIBLE,
APP204913,PL_2026_V1,ELIGIBLE,
APP204914,PL_2026_V1,ELIGIBLE,
APP204915,PL_2026_V1,ELIGIBLE,
APP204916,PL_2026_V1,INELIGIBLE,BUREAU_SCORE
APP204917,PL_2026_V1,ELIGIBLE,
APP204918,PL_2026_V1,ELIGIBLE,
APP204919,PL_2026_V1,ELIGIBLE,
APP204920,PL_2026_V1,INELIGIBLE,BUREAU_SCORE
APP204921,PL_2026_V1,ELIGIBLE,
APP204922,PL_2026_V1,ELIGIBLE,
APP204923,PL_2026_V1,ELIGIBLE,
APP204924,PL_2026_V1,INELIGIBLE,BUREAU_SCORE
APP204925,PL_2026_V1,ELIGIBLE,
APP204926,PL_2026_V1,ELIGIBLE,
APP204927,PL_2026_V1,INELIGIBLE,MIN_INCOME
APP204928,PL_2026_V1,ELIGIBLE,
APP204929,PL_2026_V1,ELIGIBLE,
APP204930,PL_2026_V1,INELIGIBLE,BUREAU_SCORE
APP204931,PL_2026_V1,ELIGIBLE,
APP204932,PL_2026_V1,INELIGIBLE,BUREAU_SCORE
APP204933,PL_2026_V1,ELIGIBLE,
APP204934,PL_2026_V1,INELIGIBLE,BUREAU_SCORE
APP204935,PL_2026_V1,INELIGIBLE,BUREAU_SCORE
APP204936,PL_2026_V1,ELIGIBLE,
APP204937,PL_2026_V1,ELIGIBLE,
APP204938,PL_2026_V1,ELIGIBLE,
APP204939,PL_2026_V1,ELIGIBLE,
APP204940,PL_2026_V1,INELIGIBLE,BUREAU_SCORE
APP204941,PL_2026_V1,INELIGIBLE,BUREAU_SCORE
APP204942,PL_2026_V1,INELIGIBLE,BUREAU_SCORE
APP204943,PL_2026_V1,ELIGIBLE,
APP204944,PL_2026_V1,ELIGIBLE,
APP204945,PL_2026_V1,INELIGIBLE,BUREAU_SCORE
APP204946,PL_2026_V1,ELIGIBLE,
APP204947,PL_2026_V1,INELIGIBLE,MIN_INCOME|BUREAU_SCORE
APP204948,PL_2026_V1,ELIGIBLE,
APP204949,PL_2026_V1,ELIGIBLE,
APP204950,PL_2026_V1,INELIGIBLE,BUREAU_SCORE
APP204951,PL_2026_V1,ELIGIBLE,
APP204952,PL_2026_V1,ELIGIBLE,
APP204953,PL_2026_V1,ELIGIBLE,
APP204954,PL_2026_V1,ELIGIBLE,
APP204955,PL_2026_V1,ELIGIBLE,
APP204956,PL_2026_V1,ELIGIBLE,
APP204957,PL_2026_V1,ELIGIBLE,
APP204958,PL_2026_V1,ELIGIBLE,
APP204959,PL_2026_V1,INELIGIBLE,BUREAU_SCORE
APP204960,PL_2026_V1,INELIGIBLE,BUREAU_SCORE
APP204961,PL_2026_V1,INELIGIBLE,MIN_INCOME|FOIR
APP204962,PL_2026_V1,ELIGIBLE,
APP204963,PL_2026_V1,INELIGIBLE,BUREAU_SCORE
APP204964,PL_2026_V1,INELIGIBLE,MIN_INCOME
APP204965,PL_2026_V1,ELIGIBLE,
APP204966,PL_2026_V1,ELIGIBLE,
APP204967,PL_2026_V1,INELIGIBLE,MIN_INCOME
APP204968,PL_2026_V1,ELIGIBLE,
APP204969,PL_2026_V1,INELIGIBLE,FOIR
APP204970,PL_2026_V1,ELIGIBLE,
APP204971,PL_2026_V1,ELIGIBLE,
APP204972,PL_2026_V1,ELIGIBLE,
APP204973,PL_2026_V1,ELIGIBLE,
APP204974,PL_2026_V1,ELIGIBLE,
APP204975,PL_2026_V1,ELIGIBLE,
APP204976,PL_2026_V1,INELIGIBLE,BUREAU_SCORE
APP204977,PL_2026_V1,ELIGIBLE,
APP204978,PL_2026_V1,INELIGIBLE,MIN_INCOME
APP204979,PL_2026_V1,INELIGIBLE,BUREAU_SCORE
APP204980,PL_2026_V1,ELIGIBLE,
APP204981,PL_2026_V1,ELIGIBLE,
APP204982,PL_2026_V1,ELIGIBLE,
APP204983,PL_2026_V1,ELIGIBLE,
APP204984,PL_2026_V1,ELIGIBLE,
APP204985,PL_2026_V1,INELIGIBLE,BUREAU_SCORE
APP204986,PL_2026_V1,INELIGIBLE,BUREAU_SCORE
APP204987,PL_2026_V1,ELIGIBLE,
APP204988,PL_2026_V1,INELIGIBLE,BUREAU_SCORE
APP204989,PL_2026_V1,ELIGIBLE,
APP204990,PL_2026_V1,ELIGIBLE,
APP204991,PL_2026_V1,ELIGIBLE,
APP204992,PL_2026_V1,ELIGIBLE,
APP204993,PL_2026_V1,ELIGIBLE,
APP204994,PL_2026_V1,INELIGIBLE,BUREAU_SCORE
APP204995,PL_2026_V1,ELIGIBLE,
APP204996,PL_2026_V1,ELIGIBLE,
APP204997,PL_2026_V1,ELIGIBLE,
APP204998,PL_2026_V1,INELIGIBLE,BUREAU_SCORE
APP204999,PL_2026_V1,ELIGIBLE,
APP205000,PL_2026_V1,INELIGIBLE,BUREAU_SCORE
APP205001,PL_2026_V1,INELIGIBLE,MIN_INCOME
APP205002,PL_2026_V1,ELIGIBLE,
APP205003,PL_2026_V1,ELIGIBLE,
APP205004,PL_2026_V1,INELIGIBLE,MIN_INCOME
APP205005,PL_2026_V1,ELIGIBLE,
APP205006,PL_2026_V1,INELIGIBLE,MIN_INCOME|BUREAU_SCORE
APP205007,PL_2026_V1,ELIGIBLE,
APP205008,PL_2026_V1,INELIGIBLE,MIN_INCOME
APP205009,PL_2026_V1,ELIGIBLE,
APP205010,PL_2026_V1,ELIGIBLE,
APP205011,PL_2026_V1,ELIGIBLE,
APP205012,PL_2026_V1,ELIGIBLE,
APP205013,PL_2026_V1,INELIGIBLE,MIN_INCOME
APP205014,PL_2026_V1,INELIGIBLE,MIN_INCOME
APP205015,PL_2026_V1,INELIGIBLE,MIN_INCOME
APP205016,PL_2026_V1,INELIGIBLE,BUREAU_SCORE
APP205017,PL_2026_V1,ELIGIBLE,
APP205018,PL_2026_V1,ELIGIBLE,
APP205019,PL_2026_V1,INELIGIBLE,BUREAU_SCORE
APP205020,PL_2026_V1,INELIGIBLE,MIN_INCOME|BUREAU_SCORE
APP205021,PL_2026_V1,ELIGIBLE,
APP205022,PL_2026_V1,ELIGIBLE,
APP205023,PL_2026_V1,ELIGIBLE,
APP205024,PL_2026_V1,ELIGIBLE,
APP205025,PL_2026_V1,ELIGIBLE,
APP205026,PL_2026_V1,ELIGIBLE,
APP205027,PL_2026_V1,INELIGIBLE,BUREAU_SCORE
APP205028,PL_2026_V1,ELIGIBLE,
APP205029,PL_2026_V1,INELIGIBLE,MIN_INCOME
APP205030,PL_2026_V1,INELIGIBLE,FOIR
APP205031,PL_2026_V1,ELIGIBLE,
APP205032,PL_2026_V1,ELIGIBLE,
APP205033,PL_2026_V1,ELIGIBLE,
APP205034,PL_2026_V1,ELIGIBLE,
APP205035,PL_2026_V1,ELIGIBLE,
APP205036,PL_2026_V1,ELIGIBLE,
APP205037,PL_2026_V1,ELIGIBLE,
APP205038,PL_2026_V1,INELIGIBLE,BUREAU_SCORE
APP205039,PL_2026_V1,INELIGIBLE,BUREAU_SCORE
APP205040,PL_2026_V1,ELIGIBLE,
APP205041,PL_2026_V1,ELIGIBLE,
APP205042,PL_2026_V1,ELIGIBLE,
APP205043,PL_2026_V1,ELIGIBLE,
APP205044,PL_2026_V1,ELIGIBLE,
APP205045,PL_2026_V1,INELIGIBLE,BUREAU_SCORE
APP205046,PL_2026_V1,ELIGIBLE,
APP205047,PL_2026_V1,ELIGIBLE,
APP205048,PL_2026_V1,ELIGIBLE,
APP205049,PL_2026_V1,ELIGIBLE,
APP205050,PL_2026_V1,INELIGIBLE,BUREAU_SCORE
APP205051,PL_2026_V1,ELIGIBLE,
APP205052,PL_2026_V1,ELIGIBLE,
APP205053,PL_2026_V1,ELIGIBLE,
APP205054,PL_2026_V1,INELIGIBLE,MIN_INCOME
APP205055,PL_2026_V1,ELIGIBLE,
APP205056,PL_2026_V1,INELIGIBLE,BUREAU_SCORE
APP205057,PL_2026_V1,ELIGIBLE,
APP205058,PL_2026_V1,INELIGIBLE,BUREAU_SCORE
APP205059,PL_2026_V1,INELIGIBLE,BUREAU_SCORE
APP205060,PL_2026_V1,ELIGIBLE,
APP205061,PL_2026_V1,ELIGIBLE,
APP205062,PL_2026_V1,INELIGIBLE,BUREAU_SCORE
APP205063,PL_2026_V1,ELIGIBLE,
APP205064,PL_2026_V1,ELIGIBLE,
APP205065,PL_2026_V1,ELIGIBLE,
APP205066,PL_2026_V1,ELIGIBLE,
APP205067,PL_2026_V1,INELIGIBLE,BUREAU_SCORE
APP205068,PL_2026_V1,INELIGIBLE,BUREAU_SCORE
APP205069,PL_2026_V1,ELIGIBLE,
APP205070,PL_2026_V1,ELIGIBLE,
APP205071,PL_2026_V1,INELIGIBLE,MIN_INCOME|BUREAU_SCORE
APP205072,PL_2026_V1,INELIGIBLE,MIN_INCOME
APP205073,PL_2026_V1,ELIGIBLE,
APP205074,PL_2026_V1,ELIGIBLE,
APP205075,PL_2026_V1,ELIGIBLE,
APP205076,PL_2026_V1,ELIGIBLE,
APP205077,PL_2026_V1,ELIGIBLE,
APP205078,PL_2026_V1,INELIGIBLE,BUREAU_SCORE
APP205079,PL_2026_V1,ELIGIBLE,
APP205080,PL_2026_V1,ELIGIBLE,
APP205081,PL_2026_V1,INELIGIBLE,BUREAU_SCORE
APP205082,PL_2026_V1,ELIGIBLE,
APP205083,PL_2026_V1,INELIGIBLE,BUREAU_SCORE
APP205084,PL_2026_V1,INELIGIBLE,MIN_INCOME
APP205085,PL_2026_V1,ELIGIBLE,
APP205086,PL_2026_V1,INELIGIBLE,MIN_INCOME
APP205087,PL_2026_V1,ELIGIBLE,
APP205088,PL_2026_V1,INELIGIBLE,BUREAU_SCORE
APP205089,PL_2026_V1,ELIGIBLE,
APP205090,PL_2026_V1,INELIGIBLE,BUREAU_SCORE
APP205091,PL_2026_V1,INELIGIBLE,MIN_INCOME
APP205092,PL_2026_V1,ELIGIBLE,
APP205093,PL_2026_V1,ELIGIBLE,
APP205094,PL_2026_V1,ELIGIBLE,
APP205095,PL_2026_V1,ELIGIBLE,
APP205096,PL_2026_V1,ELIGIBLE,
APP205097,PL_2026_V1,INELIGIBLE,BUREAU_SCORE
APP205098,PL_2026_V1,INELIGIBLE,FOIR
APP205099,PL_2026_V1,INELIGIBLE,BUREAU_SCORE
APP205100,PL_2026_V1,INELIGIBLE,BUREAU_SCORE
APP205101,PL_2026_V1,ELIGIBLE,
APP205102,PL_2026_V1,ELIGIBLE,
APP205103,PL_2026_V1,ELIGIBLE,
APP205104,PL_2026_V1,ELIGIBLE,
APP205105,PL_2026_V1,INELIGIBLE,MIN_INCOME
APP205106,PL_2026_V1,ELIGIBLE,
APP205107,PL_2026_V1,ELIGIBLE,
APP205108,PL_2026_V1,ELIGIBLE,
APP205109,PL_2026_V1,INELIGIBLE,BUREAU_SCORE
APP205110,PL_2026_V1,ELIGIBLE,
APP205111,PL_2026_V1,ELIGIBLE,
APP205112,PL_2026_V1,INELIGIBLE,BUREAU_SCORE
APP205113,PL_2026_V1,INELIGIBLE,BUREAU_SCORE
APP205114,PL_2026_V1,ELIGIBLE,
APP205115,PL_2026_V1,ELIGIBLE,
APP205116,PL_2026_V1,ELIGIBLE,
APP205117,PL_2026_V1,INELIGIBLE,MIN_INCOME
APP205118,PL_2026_V1,ELIGIBLE,
APP205119,PL_2026_V1,INELIGIBLE,BUREAU_SCORE
APP205120,PL_2026_V1,ELIGIBLE,
APP205121,PL_2026_V1,ELIGIBLE,
APP205122,PL_2026_V1,ELIGIBLE,
APP205123,PL_2026_V1,INELIGIBLE,MIN_INCOME
APP205124,PL_2026_V1,ELIGIBLE,
APP205125,PL_2026_V1,INELIGIBLE,BUREAU_SCORE
APP205126,PL_2026_V1,ELIGIBLE,
APP205127,PL_2026_V1,ELIGIBLE,
APP205128,PL_2026_V1,ELIGIBLE,
APP205129,PL_2026_V1,INELIGIBLE,BUREAU_SCORE
APP205130,PL_2026_V1,ELIGIBLE,
APP205131,PL_2026_V1,ELIGIBLE,
APP205132,PL_2026_V1,ELIGIBLE,
APP205133,PL_2026_V1,INELIGIBLE,FOIR
APP205134,PL_2026_V1,INELIGIBLE,BUREAU_SCORE
APP205135,PL_2026_V1,ELIGIBLE,
APP205136,PL_2026_V1,INELIGIBLE,BUREAU_SCORE
APP205137,PL_2026_V1,ELIGIBLE,
APP205138,PL_2026_V1,INELIGIBLE,BUREAU_SCORE
APP205139,PL_2026_V1,ELIGIBLE,
APP205140,PL_2026_V1,INELIGIBLE,MIN_INCOME
APP205141,PL_2026_V1,ELIGIBLE,
APP205142,PL_2026_V1,ELIGIBLE,
APP205143,PL_2026_V1,ELIGIBLE,
APP205144,PL_2026_V1,ELIGIBLE,
APP205145,PL_2026_V1,INELIGIBLE,MIN_INCOME
APP205146,PL_2026_V1,INELIGIBLE,MIN_INCOME
APP205147,PL_2026_V1,ELIGIBLE,
APP205148,PL_2026_V1,ELIGIBLE,
APP205149,PL_2026_V1,ELIGIBLE,
APP205150,PL_2026_V1,INELIGIBLE,BUREAU_SCORE
APP205151,PL_2026_V1,ELIGIBLE,
APP205152,PL_2026_V1,ELIGIBLE,
APP205153,PL_2026_V1,ELIGIBLE,
APP205154,PL_2026_V1,ELIGIBLE,
APP205155,PL_2026_V1,INELIGIBLE,MIN_INCOME
APP205156,PL_2026_V1,ELIGIBLE,
APP205157,PL_2026_V1,INELIGIBLE,MIN_INCOME|BUREAU_SCORE
APP205158,PL_2026_V1,ELIGIBLE,
APP205159,PL_2026_V1,ELIGIBLE,
APP205160,PL_2026_V1,INELIGIBLE,MIN_INCOME|BUREAU_SCORE
APP205161,PL_2026_V1,ELIGIBLE,
APP205162,PL_2026_V1,ELIGIBLE,
APP205163,PL_2026_V1,ELIGIBLE,
APP205164,PL_2026_V1,ELIGIBLE,
APP205165,PL_2026_V1,INELIGIBLE,BUREAU_SCORE
APP205166,PL_2026_V1,ELIGIBLE,
APP205167,PL_2026_V1,ELIGIBLE,
APP205168,PL_2026_V1,INELIGIBLE,BUREAU_SCORE
APP205169,PL_2026_V1,INELIGIBLE,MIN_INCOME|BUREAU_SCORE
APP205170,PL_2026_V1,ELIGIBLE,
APP205171,PL_2026_V1,ELIGIBLE,
APP205172,PL_2026_V1,INELIGIBLE,BUREAU_SCORE
APP205173,PL_2026_V1,ELIGIBLE,
APP205174,PL_2026_V1,ELIGIBLE,
APP205175,PL_2026_V1,INELIGIBLE,MIN_INCOME
APP205176,PL_2026_V1,ELIGIBLE,
APP205177,PL_2026_V1,ELIGIBLE,
APP205178,PL_2026_V1,ELIGIBLE,
APP205179,PL_2026_V1,ELIGIBLE,
APP205180,PL_2026_V1,ELIGIBLE,
APP205181,PL_2026_V1,ELIGIBLE,
APP205182,PL_2026_V1,ELIGIBLE,
APP205183,PL_2026_V1,ELIGIBLE,
APP205184,PL_2026_V1,INELIGIBLE,BUREAU_SCORE
APP205185,PL_2026_V1,INELIGIBLE,BUREAU_SCORE
APP205186,PL_2026_V1,INELIGIBLE,MIN_INCOME
APP205187,PL_2026_V1,ELIGIBLE,
APP205188,PL_2026_V1,INELIGIBLE,MIN_INCOME
APP205189,PL_2026_V1,ELIGIBLE,
APP205190,PL_2026_V1,INELIGIBLE,MIN_INCOME
APP205191,PL_2026_V1,INELIGIBLE,BUREAU_SCORE
APP205192,PL_2026_V1,INELIGIBLE,BUREAU_SCORE
APP205193,PL_2026_V1,INELIGIBLE,BUREAU_SCORE
APP205194,PL_2026_V1,ELIGIBLE,
APP205195,PL_2026_V1,ELIGIBLE,
APP205196,PL_2026_V1,ELIGIBLE,
APP205197,PL_2026_V1,INELIGIBLE,MIN_INCOME
APP205198,PL_2026_V1,ELIGIBLE,
APP205199,PL_2026_V1,ELIGIBLE,
APP205200,PL_2026_V1,ELIGIBLE,
APP205201,PL_2026_V1,ELIGIBLE,
APP205202,PL_2026_V1,ELIGIBLE,
APP205203,PL_2026_V1,ELIGIBLE,
APP205204,PL_2026_V1,INELIGIBLE,BUREAU_SCORE
APP205205,PL_2026_V1,ELIGIBLE,
APP205206,PL_2026_V1,ELIGIBLE,
APP205207,PL_2026_V1,INELIGIBLE,BUREAU_SCORE
APP205208,PL_2026_V1,ELIGIBLE,
APP205209,PL_2026_V1,ELIGIBLE,
APP205210,PL_2026_V1,ELIGIBLE,
APP205211,PL_2026_V1,ELIGIBLE,
APP205212,PL_2026_V1,ELIGIBLE,
APP205213,PL_2026_V1,ELIGIBLE,
APP205214,PL_2026_V1,ELIGIBLE,
APP205215,PL_2026_V1,ELIGIBLE,
APP205216,PL_2026_V1,ELIGIBLE,
APP205217,PL_2026_V1,ELIGIBLE,
APP205218,PL_2026_V1,ELIGIBLE,
APP205219,PL_2026_V1,INELIGIBLE,MIN_INCOME
APP205220,PL_2026_V1,INELIGIBLE,MIN_INCOME
APP205221,PL_2026_V1,ELIGIBLE,
APP205222,PL_2026_V1,ELIGIBLE,
APP205223,PL_2026_V1,INELIGIBLE,BUREAU_SCORE
APP205224,PL_2026_V1,INELIGIBLE,MIN_INCOME
APP205225,PL_2026_V1,ELIGIBLE,
APP205226,PL_2026_V1,ELIGIBLE,
APP205227,PL_2026_V1,ELIGIBLE,
APP205228,PL_2026_V1,INELIGIBLE,BUREAU_SCORE|EMPLOYMENT_TENURE
APP205229,PL_2026_V1,ELIGIBLE,
APP205230,PL_2026_V1,ELIGIBLE,
APP205231,PL_2026_V1,ELIGIBLE,
APP205232,PL_2026_V1,ELIGIBLE,
APP205233,PL_2026_V1,ELIGIBLE,
APP205234,PL_2026_V1,ELIGIBLE,
APP205235,PL_2026_V1,INELIGIBLE,BUREAU_SCORE
APP205236,PL_2026_V1,INELIGIBLE,MIN_INCOME
APP205237,PL_2026_V1,INELIGIBLE,MIN_INCOME
APP205238,PL_2026_V1,INELIGIBLE,MIN_INCOME
APP205239,PL_2026_V1,ELIGIBLE,
APP205240,PL_2026_V1,INELIGIBLE,BUREAU_SCORE
APP205241,PL_2026_V1,ELIGIBLE,
APP205242,PL_2026_V1,ELIGIBLE,
APP205243,PL_2026_V1,INELIGIBLE,BUREAU_SCORE
APP205244,PL_2026_V1,ELIGIBLE,
APP205245,PL_2026_V1,ELIGIBLE,
APP205246,PL_2026_V1,ELIGIBLE,
APP205247,PL_2026_V1,INELIGIBLE,BUREAU_SCORE
APP205248,PL_2026_V1,ELIGIBLE,
APP205249,PL_2026_V1,ELIGIBLE,
APP205250,PL_2026_V1,ELIGIBLE,
APP205251,PL_2026_V1,ELIGIBLE,
APP205252,PL_2026_V1,INELIGIBLE,MIN_INCOME|BUREAU_SCORE
APP205253,PL_2026_V1,ELIGIBLE,
APP205254,PL_2026_V1,ELIGIBLE,
APP205255,PL_2026_V1,ELIGIBLE,
APP205256,PL_2026_V1,ELIGIBLE,
APP205257,PL_2026_V1,ELIGIBLE,
APP205258,PL_2026_V1,INELIGIBLE,MIN_INCOME
APP205259,PL_2026_V1,INELIGIBLE,BUREAU_SCORE
APP205260,PL_2026_V1,ELIGIBLE,
APP205261,PL_2026_V1,ELIGIBLE,
APP205262,PL_2026_V1,ELIGIBLE,
APP205263,PL_2026_V1,ELIGIBLE,
APP205264,PL_2026_V1,INELIGIBLE,BUREAU_SCORE
APP205265,PL_2026_V1,ELIGIBLE,
APP205266,PL_2026_V1,ELIGIBLE,
APP205267,PL_2026_V1,INELIGIBLE,BUREAU_SCORE
APP205268,PL_2026_V1,ELIGIBLE,
APP205269,PL_2026_V1,ELIGIBLE,
APP205270,PL_2026_V1,ELIGIBLE,
APP205271,PL_2026_V1,INELIGIBLE,BUREAU_SCORE
APP205272,PL_2026_V1,ELIGIBLE,
APP205273,PL_2026_V1,INELIGIBLE,BUREAU_SCORE
APP205274,PL_2026_V1,ELIGIBLE,
APP205275,PL_2026_V1,INELIGIBLE,BUREAU_SCORE
APP205276,PL_2026_V1,ELIGIBLE,
APP205277,PL_2026_V1,ELIGIBLE,
APP205278,PL_2026_V1,INELIGIBLE,BUREAU_SCORE
APP205279,PL_2026_V1,INELIGIBLE,MIN_INCOME
APP205280,PL_2026_V1,ELIGIBLE,
APP205281,PL_2026_V1,INELIGIBLE,BUREAU_SCORE|EMPLOYMENT_TENURE
APP205282,PL_2026_V1,ELIGIBLE,
APP205283,PL_2026_V1,INELIGIBLE,FOIR
APP205284,PL_2026_V1,INELIGIBLE,FOIR
APP205285,PL_2026_V1,INELIGIBLE,BUREAU_SCORE
APP205286,PL_2026_V1,INELIGIBLE,MIN_INCOME|BUREAU_SCORE
APP205287,PL_2026_V1,ELIGIBLE,
APP205288,PL_2026_V1,ELIGIBLE,
APP205289,PL_2026_V1,ELIGIBLE,
APP205290,PL_2026_V1,ELIGIBLE,
APP205291,PL_2026_V1,INELIGIBLE,BUREAU_SCORE
APP205292,PL_2026_V1,INELIGIBLE,BUREAU_SCORE
APP205293,PL_2026_V1,INELIGIBLE,MIN_INCOME
APP205294,PL_2026_V1,INELIGIBLE,BUREAU_SCORE
APP205295,PL_2026_V1,ELIGIBLE,
APP205296,PL_2026_V1,ELIGIBLE,
APP205297,PL_2026_V1,INELIGIBLE,MIN_INCOME|BUREAU_SCORE
APP205298,PL_2026_V1,INELIGIBLE,BUREAU_SCORE
APP205299,PL_2026_V1,ELIGIBLE,
APP205300,PL_2026_V1,ELIGIBLE,
APP205301,PL_2026_V1,ELIGIBLE,
APP205302,PL_2026_V1,ELIGIBLE,
APP205303,PL_2026_V1,ELIGIBLE,
APP205304,PL_2026_V1,INELIGIBLE,MIN_INCOME
APP205305,PL_2026_V1,ELIGIBLE,
APP205306,PL_2026_V1,ELIGIBLE,
APP205307,PL_2026_V1,ELIGIBLE,
APP205308,PL_2026_V1,ELIGIBLE,
APP205309,PL_2026_V1,ELIGIBLE,
APP205310,PL_2026_V1,ELIGIBLE,
APP205311,PL_2026_V1,ELIGIBLE,
APP205312,PL_2026_V1,ELIGIBLE,
APP205313,PL_2026_V1,INELIGIBLE,BUREAU_SCORE
APP205314,PL_2026_V1,ELIGIBLE,
APP205315,PL_2026_V1,ELIGIBLE,
APP205316,PL_2026_V1,INELIGIBLE,BUREAU_SCORE
APP205317,PL_2026_V1,ELIGIBLE,
APP205318,PL_2026_V1,ELIGIBLE,
APP205319,PL_2026_V1,INELIGIBLE,BUREAU_SCORE
APP205320,PL_2026_V1,ELIGIBLE,
APP205321,PL_2026_V1,ELIGIBLE,
APP205322,PL_2026_V1,INELIGIBLE,MIN_INCOME
APP205323,PL_2026_V1,INELIGIBLE,MIN_INCOME
APP205324,PL_2026_V1,INELIGIBLE,BUREAU_SCORE
APP205325,PL_2026_V1,ELIGIBLE,
APP205326,PL_2026_V1,ELIGIBLE,
APP205327,PL_2026_V1,ELIGIBLE,
APP205328,PL_2026_V1,INELIGIBLE,MIN_INCOME
APP205329,PL_2026_V1,ELIGIBLE,
APP205330,PL_2026_V1,ELIGIBLE,
APP205331,PL_2026_V1,ELIGIBLE,
APP205332,PL_2026_V1,ELIGIBLE,
APP205333,PL_2026_V1,ELIGIBLE,
APP205334,PL_2026_V1,ELIGIBLE,
APP205335,PL_2026_V1,INELIGIBLE,BUREAU_SCORE
APP205336,PL_2026_V1,ELIGIBLE,
APP205337,PL_2026_V1,ELIGIBLE,
APP205338,PL_2026_V1,INELIGIBLE,MIN_INCOME
APP205339,PL_2026_V1,INELIGIBLE,BUREAU_SCORE
APP205340,PL_2026_V1,INELIGIBLE,BUREAU_SCORE
APP205341,PL_2026_V1,ELIGIBLE,
APP205342,PL_2026_V1,ELIGIBLE,
APP205343,PL_2026_V1,INELIGIBLE,BUREAU_SCORE
APP205344,PL_2026_V1,ELIGIBLE,
APP205345,PL_2026_V1,INELIGIBLE,MIN_INCOME|BUREAU_SCORE
APP205346,PL_2026_V1,ELIGIBLE,
APP205347,PL_2026_V1,ELIGIBLE,
APP205348,PL_2026_V1,ELIGIBLE,
APP205349,PL_2026_V1,ELIGIBLE,
APP205350,PL_2026_V1,INELIGIBLE,BUREAU_SCORE
APP205351,PL_2026_V1,ELIGIBLE,
APP205352,PL_2026_V1,ELIGIBLE,
APP205353,PL_2026_V1,INELIGIBLE,BUREAU_SCORE
APP205354,PL_2026_V1,ELIGIBLE,
APP205355,PL_2026_V1,ELIGIBLE,
APP205356,PL_2026_V1,ELIGIBLE,
APP205357,PL_2026_V1,INELIGIBLE,MIN_INCOME
APP205358,PL_2026_V1,ELIGIBLE,
APP205359,PL_2026_V1,ELIGIBLE,
APP205360,PL_2026_V1,ELIGIBLE,
APP205361,PL_2026_V1,ELIGIBLE,
APP205362,PL_2026_V1,ELIGIBLE,
APP205363,PL_2026_V1,ELIGIBLE,
APP205364,PL_2026_V1,ELIGIBLE,
APP205365,PL_2026_V1,ELIGIBLE,
APP205366,PL_2026_V1,ELIGIBLE,
APP205367,PL_2026_V1,INELIGIBLE,BUREAU_SCORE
APP205368,PL_2026_V1,ELIGIBLE,
APP205369,PL_2026_V1,ELIGIBLE,
APP205370,PL_2026_V1,INELIGIBLE,BUREAU_SCORE
APP205371,PL_2026_V1,ELIGIBLE,
APP205372,PL_2026_V1,ELIGIBLE,
APP205373,PL_2026_V1,ELIGIBLE,
APP205374,PL_2026_V1,INELIGIBLE,MIN_INCOME
APP205375,PL_2026_V1,ELIGIBLE,
APP205376,PL_2026_V1,ELIGIBLE,
APP205377,PL_2026_V1,ELIGIBLE,
APP205378,PL_2026_V1,INELIGIBLE,FOIR
APP205379,PL_2026_V1,ELIGIBLE,
APP205380,PL_2026_V1,ELIGIBLE,
APP205381,PL_2026_V1,ELIGIBLE,
APP205382,PL_2026_V1,ELIGIBLE,
APP205383,PL_2026_V1,INELIGIBLE,MIN_INCOME|BUREAU_SCORE
APP205384,PL_2026_V1,ELIGIBLE,
APP205385,PL_2026_V1,ELIGIBLE,
APP205386,PL_2026_V1,ELIGIBLE,
APP205387,PL_2026_V1,INELIGIBLE,MIN_INCOME
APP205388,PL_2026_V1,ELIGIBLE,
APP205389,PL_2026_V1,ELIGIBLE,
APP205390,PL_2026_V1,INELIGIBLE,BUREAU_SCORE
APP205391,PL_2026_V1,INELIGIBLE,BUREAU_SCORE
APP205392,PL_2026_V1,ELIGIBLE,
APP205393,PL_2026_V1,ELIGIBLE,
APP205394,PL_2026_V1,INELIGIBLE,BUREAU_SCORE
APP205395,PL_2026_V1,ELIGIBLE,
APP205396,PL_2026_V1,ELIGIBLE,
APP205397,PL_2026_V1,INELIGIBLE,MIN_INCOME|BUREAU_SCORE
APP205398,PL_2026_V1,ELIGIBLE,
APP205399,PL_2026_V1,INELIGIBLE,MIN_INCOME|BUREAU_SCORE
APP205400,PL_2026_V1,ELIGIBLE,
APP205401,PL_2026_V1,ELIGIBLE,
APP205402,PL_2026_V1,ELIGIBLE,
APP205403,PL_2026_V1,ELIGIBLE,
APP205404,PL_2026_V1,ELIGIBLE,
APP205405,PL_2026_V1,ELIGIBLE,
APP205406,PL_2026_V1,ELIGIBLE,
APP205407,PL_2026_V1,INELIGIBLE,MIN_INCOME
APP205408,PL_2026_V1,INELIGIBLE,BUREAU_SCORE
APP205409,PL_2026_V1,ELIGIBLE,
APP205410,PL_2026_V1,ELIGIBLE,
APP205411,PL_2026_V1,INELIGIBLE,BUREAU_SCORE
APP205412,PL_2026_V1,ELIGIBLE,
APP205413,PL_2026_V1,INELIGIBLE,MIN_INCOME|BUREAU_SCORE
APP205414,PL_2026_V1,INELIGIBLE,BUREAU_SCORE
APP205415,PL_2026_V1,ELIGIBLE,
APP205416,PL_2026_V1,ELIGIBLE,
APP205417,PL_2026_V1,ELIGIBLE,
APP205418,PL_2026_V1,ELIGIBLE,
APP205419,PL_2026_V1,ELIGIBLE,
APP205420,PL_2026_V1,ELIGIBLE,
APP205421,PL_2026_V1,ELIGIBLE,
APP205422,PL_2026_V1,ELIGIBLE,
APP205423,PL_2026_V1,ELIGIBLE,
APP205424,PL_2026_V1,ELIGIBLE,
APP205425,PL_2026_V1,ELIGIBLE,
APP205426,PL_2026_V1,ELIGIBLE,
APP205427,PL_2026_V1,INELIGIBLE,BUREAU_SCORE
APP205428,PL_2026_V1,ELIGIBLE,
APP205429,PL_2026_V1,ELIGIBLE,
APP205430,PL_2026_V1,INELIGIBLE,BUREAU_SCORE
APP205431,PL_2026_V1,INELIGIBLE,BUREAU_SCORE
APP205432,PL_2026_V1,ELIGIBLE,
APP205433,PL_2026_V1,ELIGIBLE,
APP205434,PL_2026_V1,ELIGIBLE,
APP205435,PL_2026_V1,INELIGIBLE,BUREAU_SCORE
APP205436,PL_2026_V1,INELIGIBLE,BUREAU_SCORE
APP205437,PL_2026_V1,INELIGIBLE,BUREAU_SCORE
APP205438,PL_2026_V1,ELIGIBLE,
APP205439,PL_2026_V1,INELIGIBLE,FOIR
APP205440,PL_2026_V1,ELIGIBLE,
APP205441,PL_2026_V1,ELIGIBLE,
APP205442,PL_2026_V1,ELIGIBLE,
APP205443,PL_2026_V1,INELIGIBLE,MIN_INCOME|BUREAU_SCORE
APP205444,PL_2026_V1,INELIGIBLE,BUREAU_SCORE
APP205445,PL_2026_V1,ELIGIBLE,
APP205446,PL_2026_V1,ELIGIBLE,
APP205447,PL_2026_V1,ELIGIBLE,
APP205448,PL_2026_V1,INELIGIBLE,BUREAU_SCORE
APP205449,PL_2026_V1,INELIGIBLE,BUREAU_SCORE
APP205450,PL_2026_V1,INELIGIBLE,BUREAU_SCORE
APP205451,PL_2026_V1,ELIGIBLE,
APP205452,PL_2026_V1,ELIGIBLE,
APP205453,PL_2026_V1,ELIGIBLE,
APP205454,PL_2026_V1,ELIGIBLE,
APP205455,PL_2026_V1,INELIGIBLE,BUREAU_SCORE
APP205456,PL_2026_V1,INELIGIBLE,BUREAU_SCORE
APP205457,PL_2026_V1,ELIGIBLE,
APP205458,PL_2026_V1,INELIGIBLE,BUREAU_SCORE
APP205459,PL_2026_V1,INELIGIBLE,BUREAU_SCORE
APP205460,PL_2026_V1,INELIGIBLE,BUREAU_SCORE
APP205461,PL_2026_V1,ELIGIBLE,
APP205462,PL_2026_V1,ELIGIBLE,
APP205463,PL_2026_V1,INELIGIBLE,MIN_INCOME
APP205464,PL_2026_V1,ELIGIBLE,
APP205465,PL_2026_V1,ELIGIBLE,
APP205466,PL_2026_V1,ELIGIBLE,
APP205467,PL_2026_V1,ELIGIBLE,
APP205468,PL_2026_V1,ELIGIBLE,
APP205469,PL_2026_V1,INELIGIBLE,BUREAU_SCORE
APP205470,PL_2026_V1,ELIGIBLE,
APP205471,PL_2026_V1,ELIGIBLE,
APP205472,PL_2026_V1,ELIGIBLE,
APP205473,PL_2026_V1,ELIGIBLE,
APP205474,PL_2026_V1,INELIGIBLE,MIN_INCOME
APP205475,PL_2026_V1,ELIGIBLE,
APP205476,PL_2026_V1,INELIGIBLE,BUREAU_SCORE
APP205477,PL_2026_V1,ELIGIBLE,
APP205478,PL_2026_V1,ELIGIBLE,
APP205479,PL_2026_V1,INELIGIBLE,BUREAU_SCORE
APP205480,PL_2026_V1,INELIGIBLE,BUREAU_SCORE
APP205481,PL_2026_V1,ELIGIBLE,
APP205482,PL_2026_V1,ELIGIBLE,
APP205483,PL_2026_V1,INELIGIBLE,BUREAU_SCORE
APP205484,PL_2026_V1,INELIGIBLE,MIN_INCOME
APP205485,PL_2026_V1,INELIGIBLE,BUREAU_SCORE
APP205486,PL_2026_V1,ELIGIBLE,
APP205487,PL_2026_V1,ELIGIBLE,
APP205488,PL_2026_V1,INELIGIBLE,BUREAU_SCORE
APP205489,PL_2026_V1,ELIGIBLE,
APP205490,PL_2026_V1,INELIGIBLE,BUREAU_SCORE
APP205491,PL_2026_V1,ELIGIBLE,
APP205492,PL_2026_V1,INELIGIBLE,BUREAU_SCORE
APP205493,PL_2026_V1,ELIGIBLE,
APP205494,PL_2026_V1,ELIGIBLE,
APP205495,PL_2026_V1,ELIGIBLE,
APP205496,PL_2026_V1,ELIGIBLE,
APP205497,PL_2026_V1,ELIGIBLE,
APP205498,PL_2026_V1,ELIGIBLE,
APP205499,PL_2026_V1,ELIGIBLE,
APP205500,PL_2026_V1,INELIGIBLE,MIN_INCOME
APP205501,PL_2026_V1,INELIGIBLE,BUREAU_SCORE
APP205502,PL_2026_V1,ELIGIBLE,
APP205503,PL_2026_V1,ELIGIBLE,
APP205504,PL_2026_V1,ELIGIBLE,
APP205505,PL_2026_V1,ELIGIBLE,
APP205506,PL_2026_V1,ELIGIBLE,
APP205507,PL_2026_V1,INELIGIBLE,BUREAU_SCORE
APP205508,PL_2026_V1,INELIGIBLE,FOIR
APP205509,PL_2026_V1,ELIGIBLE,
APP205510,PL_2026_V1,INELIGIBLE,BUREAU_SCORE
APP205511,PL_2026_V1,ELIGIBLE,
APP205512,PL_2026_V1,INELIGIBLE,BUREAU_SCORE
APP205513,PL_2026_V1,ELIGIBLE,
APP205514,PL_2026_V1,INELIGIBLE,BUREAU_SCORE
APP205515,PL_2026_V1,INELIGIBLE,BUREAU_SCORE|EMPLOYMENT_TENURE
APP205516,PL_2026_V1,INELIGIBLE,BUREAU_SCORE
APP205517,PL_2026_V1,INELIGIBLE,BUREAU_SCORE
APP205518,PL_2026_V1,ELIGIBLE,
APP205519,PL_2026_V1,INELIGIBLE,BUREAU_SCORE
APP205520,PL_2026_V1,ELIGIBLE,
APP205521,PL_2026_V1,ELIGIBLE,
APP205522,PL_2026_V1,INELIGIBLE,BUREAU_SCORE
APP205523,PL_2026_V1,INELIGIBLE,BUREAU_SCORE
APP205524,PL_2026_V1,ELIGIBLE,
APP205525,PL_2026_V1,INELIGIBLE,MIN_INCOME
APP205526,PL_2026_V1,ELIGIBLE,
APP205527,PL_2026_V1,ELIGIBLE,
APP205528,PL_2026_V1,ELIGIBLE,
APP205529,PL_2026_V1,ELIGIBLE,
APP205530,PL_2026_V1,INELIGIBLE,MIN_INCOME
APP205531,PL_2026_V1,ELIGIBLE,
APP205532,PL_2026_V1,ELIGIBLE,
APP205533,PL_2026_V1,INELIGIBLE,MIN_INCOME
APP205534,PL_2026_V1,INELIGIBLE,BUREAU_SCORE
APP205535,PL_2026_V1,INELIGIBLE,BUREAU_SCORE
APP205536,PL_2026_V1,INELIGIBLE,MIN_INCOME
APP205537,PL_2026_V1,ELIGIBLE,
APP205538,PL_2026_V1,ELIGIBLE,
APP205539,PL_2026_V1,ELIGIBLE,
APP205540,PL_2026_V1,ELIGIBLE,
APP205541,PL_2026_V1,INELIGIBLE,BUREAU_SCORE
APP205542,PL_2026_V1,INELIGIBLE,BUREAU_SCORE
APP205543,PL_2026_V1,ELIGIBLE,
APP205544,PL_2026_V1,ELIGIBLE,
APP205545,PL_2026_V1,INELIGIBLE,BUREAU_SCORE
APP205546,PL_2026_V1,ELIGIBLE,
APP205547,PL_2026_V1,INELIGIBLE,MIN_INCOME
APP205548,PL_2026_V1,INELIGIBLE,MIN_INCOME|BUREAU_SCORE
APP205549,PL_2026_V1,ELIGIBLE,
APP205550,PL_2026_V1,ELIGIBLE,
APP205551,PL_2026_V1,ELIGIBLE,
APP205552,PL_2026_V1,ELIGIBLE,
APP205553,PL_2026_V1,INELIGIBLE,BUREAU_SCORE
APP205554,PL_2026_V1,ELIGIBLE,
APP205555,PL_2026_V1,ELIGIBLE,
APP205556,PL_2026_V1,ELIGIBLE,
APP205557,PL_2026_V1,ELIGIBLE,
APP205558,PL_2026_V1,INELIGIBLE,BUREAU_SCORE
APP205559,PL_2026_V1,ELIGIBLE,
APP205560,PL_2026_V1,ELIGIBLE,
APP205561,PL_2026_V1,ELIGIBLE,
APP205562,PL_2026_V1,INELIGIBLE,BUREAU_SCORE
APP205563,PL_2026_V1,INELIGIBLE,BUREAU_SCORE
APP205564,PL_2026_V1,ELIGIBLE,
APP205565,PL_2026_V1,ELIGIBLE,
APP205566,PL_2026_V1,INELIGIBLE,MIN_INCOME|BUREAU_SCORE
APP205567,PL_2026_V1,INELIGIBLE,MIN_INCOME
APP205568,PL_2026_V1,ELIGIBLE,
APP205569,PL_2026_V1,ELIGIBLE,
APP205570,PL_2026_V1,ELIGIBLE,
APP205571,PL_2026_V1,ELIGIBLE,
APP205572,PL_2026_V1,ELIGIBLE,
APP205573,PL_2026_V1,ELIGIBLE,
APP205574,PL_2026_V1,ELIGIBLE,
APP205575,PL_2026_V1,INELIGIBLE,MIN_INCOME|BUREAU_SCORE
APP205576,PL_2026_V1,ELIGIBLE,
APP205577,PL_2026_V1,INELIGIBLE,BUREAU_SCORE
APP205578,PL_2026_V1,INELIGIBLE,MIN_INCOME
APP205579,PL_2026_V1,ELIGIBLE,
APP205580,PL_2026_V1,ELIGIBLE,
APP205581,PL_2026_V1,INELIGIBLE,BUREAU_SCORE
APP205582,PL_2026_V1,ELIGIBLE,
APP205583,PL_2026_V1,ELIGIBLE,
APP205584,PL_2026_V1,ELIGIBLE,
APP205585,PL_2026_V1,INELIGIBLE,BUREAU_SCORE
APP205586,PL_2026_V1,ELIGIBLE,
APP205587,PL_2026_V1,INELIGIBLE,MIN_INCOME
APP205588,PL_2026_V1,ELIGIBLE,
APP205589,PL_2026_V1,ELIGIBLE,
APP205590,PL_2026_V1,ELIGIBLE,
APP205591,PL_2026_V1,ELIGIBLE,
APP205592,PL_2026_V1,ELIGIBLE,
APP205593,PL_2026_V1,ELIGIBLE,
APP205594,PL_2026_V1,ELIGIBLE,
APP205595,PL_2026_V1,ELIGIBLE,
APP205596,PL_2026_V1,ELIGIBLE,
APP205597,PL_2026_V1,ELIGIBLE,
APP205598,PL_2026_V1,INELIGIBLE,FOIR
APP205599,PL_2026_V1,INELIGIBLE,BUREAU_SCORE
APP205600,PL_2026_V1,INELIGIBLE,MIN_INCOME|BUREAU_SCORE
APP205601,PL_2026_V1,ELIGIBLE,
APP205602,PL_2026_V1,ELIGIBLE,
APP205603,PL_2026_V1,INELIGIBLE,BUREAU_SCORE
APP205604,PL_2026_V1,INELIGIBLE,MIN_INCOME|BUREAU_SCORE
APP205605,PL_2026_V1,INELIGIBLE,MIN_INCOME|BUREAU_SCORE
APP205606,PL_2026_V1,ELIGIBLE,
APP205607,PL_2026_V1,ELIGIBLE,
APP205608,PL_2026_V1,INELIGIBLE,FOIR
APP205609,PL_2026_V1,ELIGIBLE,
APP205610,PL_2026_V1,ELIGIBLE,
APP205611,PL_2026_V1,ELIGIBLE,
APP205612,PL_2026_V1,ELIGIBLE,
APP205613,PL_2026_V1,ELIGIBLE,
APP205614,PL_2026_V1,ELIGIBLE,
APP205615,PL_2026_V1,ELIGIBLE,
APP205616,PL_2026_V1,INELIGIBLE,BUREAU_SCORE
APP205617,PL_2026_V1,INELIGIBLE,BUREAU_SCORE
APP205618,PL_2026_V1,ELIGIBLE,
APP205619,PL_2026_V1,INELIGIBLE,BUREAU_SCORE
APP205620,PL_2026_V1,INELIGIBLE,BUREAU_SCORE
APP205621,PL_2026_V1,ELIGIBLE,
APP205622,PL_2026_V1,INELIGIBLE,BUREAU_SCORE
APP205623,PL_2026_V1,ELIGIBLE,
APP205624,PL_2026_V1,INELIGIBLE,MIN_INCOME
APP205625,PL_2026_V1,INELIGIBLE,BUREAU_SCORE
APP205626,PL_2026_V1,ELIGIBLE,
APP205627,PL_2026_V1,INELIGIBLE,MIN_INCOME
APP205628,PL_2026_V1,ELIGIBLE,
APP205629,PL_2026_V1,INELIGIBLE,BUREAU_SCORE
APP205630,PL_2026_V1,INELIGIBLE,BUREAU_SCORE
APP205631,PL_2026_V1,ELIGIBLE,
APP205632,PL_2026_V1,INELIGIBLE,MIN_INCOME|BUREAU_SCORE
APP205633,PL_2026_V1,ELIGIBLE,
APP205634,PL_2026_V1,ELIGIBLE,
APP205635,PL_2026_V1,ELIGIBLE,
APP205636,PL_2026_V1,ELIGIBLE,
APP205637,PL_2026_V1,ELIGIBLE,
APP205638,PL_2026_V1,ELIGIBLE,
APP205639,PL_2026_V1,INELIGIBLE,MIN_INCOME
APP205640,PL_2026_V1,ELIGIBLE,
APP205641,PL_2026_V1,ELIGIBLE,
APP205642,PL_2026_V1,ELIGIBLE,
APP205643,PL_2026_V1,ELIGIBLE,
APP205644,PL_2026_V1,ELIGIBLE,
APP205645,PL_2026_V1,INELIGIBLE,MIN_INCOME
APP205646,PL_2026_V1,INELIGIBLE,FOIR
APP205647,PL_2026_V1,ELIGIBLE,
APP205648,PL_2026_V1,INELIGIBLE,BUREAU_SCORE
APP205649,PL_2026_V1,ELIGIBLE,
APP205650,PL_2026_V1,ELIGIBLE,
APP205651,PL_2026_V1,ELIGIBLE,
APP205652,PL_2026_V1,ELIGIBLE,
APP205653,PL_2026_V1,ELIGIBLE,
APP205654,PL_2026_V1,ELIGIBLE,
APP205655,PL_2026_V1,ELIGIBLE,
APP205656,PL_2026_V1,ELIGIBLE,
APP205657,PL_2026_V1,INELIGIBLE,BUREAU_SCORE
APP205658,PL_2026_V1,ELIGIBLE,
APP205659,PL_2026_V1,ELIGIBLE,
APP205660,PL_2026_V1,INELIGIBLE,BUREAU_SCORE
APP205661,PL_2026_V1,INELIGIBLE,BUREAU_SCORE
APP205662,PL_2026_V1,ELIGIBLE,
APP205663,PL_2026_V1,INELIGIBLE,MIN_INCOME
APP205664,PL_2026_V1,INELIGIBLE,MIN_INCOME
APP205665,PL_2026_V1,ELIGIBLE,
APP205666,PL_2026_V1,ELIGIBLE,
APP205667,PL_2026_V1,ELIGIBLE,
APP205668,PL_2026_V1,ELIGIBLE,
APP205669,PL_2026_V1,ELIGIBLE,
APP205670,PL_2026_V1,ELIGIBLE,
APP205671,PL_2026_V1,ELIGIBLE,
APP205672,PL_2026_V1,INELIGIBLE,BUREAU_SCORE
APP205673,PL_2026_V1,INELIGIBLE,BUREAU_SCORE
APP205674,PL_2026_V1,INELIGIBLE,MIN_INCOME|BUREAU_SCORE
APP205675,PL_2026_V1,ELIGIBLE,
APP205676,PL_2026_V1,ELIGIBLE,
APP205677,PL_2026_V1,ELIGIBLE,
APP205678,PL_2026_V1,INELIGIBLE,BUREAU_SCORE
APP205679,PL_2026_V1,ELIGIBLE,
APP205680,PL_2026_V1,INELIGIBLE,BUREAU_SCORE
APP205681,PL_2026_V1,ELIGIBLE,
APP205682,PL_2026_V1,INELIGIBLE,BUREAU_SCORE
APP205683,PL_2026_V1,INELIGIBLE,BUREAU_SCORE
APP205684,PL_2026_V1,INELIGIBLE,BUREAU_SCORE
APP205685,PL_2026_V1,INELIGIBLE,BUREAU_SCORE
APP205686,PL_2026_V1,ELIGIBLE,
APP205687,PL_2026_V1,ELIGIBLE,
APP205688,PL_2026_V1,INELIGIBLE,BUREAU_SCORE
APP205689,PL_2026_V1,INELIGIBLE,BUREAU_SCORE
APP205690,PL_2026_V1,INELIGIBLE,MIN_INCOME|BUREAU_SCORE
APP205691,PL_2026_V1,INELIGIBLE,MIN_INCOME
APP205692,PL_2026_V1,ELIGIBLE,
APP205693,PL_2026_V1,ELIGIBLE,
APP205694,PL_2026_V1,ELIGIBLE,
APP205695,PL_2026_V1,ELIGIBLE,
APP205696,PL_2026_V1,ELIGIBLE,
APP205697,PL_2026_V1,ELIGIBLE,
APP205698,PL_2026_V1,ELIGIBLE,
APP205699,PL_2026_V1,INELIGIBLE,MIN_INCOME
APP205700,PL_2026_V1,INELIGIBLE,MIN_INCOME
APP205701,PL_2026_V1,INELIGIBLE,MIN_INCOME|BUREAU_SCORE
APP205702,PL_2026_V1,ELIGIBLE,
APP205703,PL_2026_V1,ELIGIBLE,
APP205704,PL_2026_V1,INELIGIBLE,BUREAU_SCORE
APP205705,PL_2026_V1,INELIGIBLE,BUREAU_SCORE
APP205706,PL_2026_V1,INELIGIBLE,BUREAU_SCORE
APP205707,PL_2026_V1,ELIGIBLE,
APP205708,PL_2026_V1,ELIGIBLE,
APP205709,PL_2026_V1,INELIGIBLE,MIN_INCOME
APP205710,PL_2026_V1,ELIGIBLE,
APP205711,PL_2026_V1,ELIGIBLE,
APP205712,PL_2026_V1,ELIGIBLE,
APP205713,PL_2026_V1,ELIGIBLE,
APP205714,PL_2026_V1,ELIGIBLE,
APP205715,PL_2026_V1,ELIGIBLE,
APP205716,PL_2026_V1,INELIGIBLE,BUREAU_SCORE
APP205717,PL_2026_V1,ELIGIBLE,
APP205718,PL_2026_V1,ELIGIBLE,
APP205719,PL_2026_V1,ELIGIBLE,
APP205720,PL_2026_V1,INELIGIBLE,MIN_INCOME
APP205721,PL_2026_V1,ELIGIBLE,
APP205722,PL_2026_V1,INELIGIBLE,MIN_INCOME
APP205723,PL_2026_V1,INELIGIBLE,BUREAU_SCORE
APP205724,PL_2026_V1,INELIGIBLE,BUREAU_SCORE
APP205725,PL_2026_V1,INELIGIBLE,MIN_INCOME
APP205726,PL_2026_V1,ELIGIBLE,
APP205727,PL_2026_V1,INELIGIBLE,MIN_INCOME
APP205728,PL_2026_V1,INELIGIBLE,BUREAU_SCORE
APP205729,PL_2026_V1,ELIGIBLE,
APP205730,PL_2026_V1,INELIGIBLE,MIN_INCOME
APP205731,PL_2026_V1,INELIGIBLE,MIN_INCOME
APP205732,PL_2026_V1,ELIGIBLE,
APP205733,PL_2026_V1,ELIGIBLE,
APP205734,PL_2026_V1,INELIGIBLE,MIN_INCOME
APP205735,PL_2026_V1,INELIGIBLE,BUREAU_SCORE
APP205736,PL_2026_V1,ELIGIBLE,
APP205737,PL_2026_V1,ELIGIBLE,
APP205738,PL_2026_V1,INELIGIBLE,MIN_INCOME
APP205739,PL_2026_V1,ELIGIBLE,
APP205740,PL_2026_V1,INELIGIBLE,EMPLOYMENT_TENURE
APP205741,PL_2026_V1,INELIGIBLE,MIN_INCOME
APP205742,PL_2026_V1,INELIGIBLE,MIN_INCOME
APP205743,PL_2026_V1,ELIGIBLE,
APP205744,PL_2026_V1,INELIGIBLE,MIN_INCOME
APP205745,PL_2026_V1,ELIGIBLE,
APP205746,PL_2026_V1,INELIGIBLE,MIN_INCOME
APP205747,PL_2026_V1,INELIGIBLE,MIN_INCOME|BUREAU_SCORE
APP205748,PL_2026_V1,ELIGIBLE,
APP205749,PL_2026_V1,ELIGIBLE,
APP205750,PL_2026_V1,INELIGIBLE,BUREAU_SCORE
APP205751,PL_2026_V1,ELIGIBLE,
APP205752,PL_2026_V1,ELIGIBLE,
APP205753,PL_2026_V1,ELIGIBLE,
APP205754,PL_2026_V1,INELIGIBLE,MIN_INCOME|BUREAU_SCORE
APP205755,PL_2026_V1,ELIGIBLE,
APP205756,PL_2026_V1,ELIGIBLE,
APP205757,PL_2026_V1,INELIGIBLE,FOIR
APP205758,PL_2026_V1,INELIGIBLE,MIN_INCOME
APP205759,PL_2026_V1,INELIGIBLE,BUREAU_SCORE
APP205760,PL_2026_V1,ELIGIBLE,
APP205761,PL_2026_V1,INELIGIBLE,FOIR
APP205762,PL_2026_V1,ELIGIBLE,
APP205763,PL_2026_V1,ELIGIBLE,
APP205764,PL_2026_V1,ELIGIBLE,
APP205765,PL_2026_V1,ELIGIBLE,
APP205766,PL_2026_V1,ELIGIBLE,
APP205767,PL_2026_V1,ELIGIBLE,
APP205768,PL_2026_V1,ELIGIBLE,
APP205769,PL_2026_V1,INELIGIBLE,BUREAU_SCORE
APP205770,PL_2026_V1,ELIGIBLE,
APP205771,PL_2026_V1,ELIGIBLE,
APP205772,PL_2026_V1,INELIGIBLE,MIN_INCOME|BUREAU_SCORE
APP205773,PL_2026_V1,INELIGIBLE,MIN_INCOME|BUREAU_SCORE
APP205774,PL_2026_V1,INELIGIBLE,BUREAU_SCORE
APP205775,PL_2026_V1,ELIGIBLE,
APP205776,PL_2026_V1,INELIGIBLE,BUREAU_SCORE
APP205777,PL_2026_V1,ELIGIBLE,
APP205778,PL_2026_V1,ELIGIBLE,
APP205779,PL_2026_V1,INELIGIBLE,BUREAU_SCORE
APP205780,PL_2026_V1,ELIGIBLE,
APP205781,PL_2026_V1,ELIGIBLE,
APP205782,PL_2026_V1,ELIGIBLE,
APP205783,PL_2026_V1,ELIGIBLE,
APP205784,PL_2026_V1,ELIGIBLE,
APP205785,PL_2026_V1,INELIGIBLE,BUREAU_SCORE
APP205786,PL_2026_V1,ELIGIBLE,
APP205787,PL_2026_V1,ELIGIBLE,
APP205788,PL_2026_V1,INELIGIBLE,MIN_INCOME|BUREAU_SCORE|FOIR
APP205789,PL_2026_V1,INELIGIBLE,BUREAU_SCORE
APP205790,PL_2026_V1,ELIGIBLE,
APP205791,PL_2026_V1,INELIGIBLE,MIN_INCOME
APP205792,PL_2026_V1,INELIGIBLE,BUREAU_SCORE
APP205793,PL_2026_V1,INELIGIBLE,BUREAU_SCORE
APP205794,PL_2026_V1,ELIGIBLE,
APP205795,PL_2026_V1,ELIGIBLE,
APP205796,PL_2026_V1,ELIGIBLE,
APP205797,PL_2026_V1,INELIGIBLE,BUREAU_SCORE
APP205798,PL_2026_V1,INELIGIBLE,MIN_INCOME
APP205799,PL_2026_V1,ELIGIBLE,
APP205800,PL_2026_V1,ELIGIBLE,
APP205801,PL_2026_V1,ELIGIBLE,
APP205802,PL_2026_V1,INELIGIBLE,BUREAU_SCORE
APP205803,PL_2026_V1,INELIGIBLE,MIN_INCOME|BUREAU_SCORE
APP205804,PL_2026_V1,ELIGIBLE,
APP205805,PL_2026_V1,ELIGIBLE,
APP205806,PL_2026_V1,INELIGIBLE,BUREAU_SCORE
APP205807,PL_2026_V1,ELIGIBLE,
APP205808,PL_2026_V1,INELIGIBLE,BUREAU_SCORE
APP205809,PL_2026_V1,ELIGIBLE,
APP205810,PL_2026_V1,ELIGIBLE,
APP205811,PL_2026_V1,ELIGIBLE,
APP205812,PL_2026_V1,ELIGIBLE,
APP205813,PL_2026_V1,ELIGIBLE,
APP205814,PL_2026_V1,INELIGIBLE,BUREAU_SCORE
APP205815,PL_2026_V1,INELIGIBLE,BUREAU_SCORE
APP205816,PL_2026_V1,ELIGIBLE,
APP205817,PL_2026_V1,ELIGIBLE,
APP205818,PL_2026_V1,ELIGIBLE,
APP205819,PL_2026_V1,ELIGIBLE,
APP205820,PL_2026_V1,ELIGIBLE,
APP205821,PL_2026_V1,ELIGIBLE,
APP205822,PL_2026_V1,ELIGIBLE,
APP205823,PL_2026_V1,ELIGIBLE,
APP205824,PL_2026_V1,ELIGIBLE,
APP205825,PL_2026_V1,INELIGIBLE,MIN_INCOME|BUREAU_SCORE
APP205826,PL_2026_V1,ELIGIBLE,
APP205827,PL_2026_V1,ELIGIBLE,
APP205828,PL_2026_V1,ELIGIBLE,
APP205829,PL_2026_V1,ELIGIBLE,
APP205830,PL_2026_V1,ELIGIBLE,
APP205831,PL_2026_V1,INELIGIBLE,BUREAU_SCORE
APP205832,PL_2026_V1,INELIGIBLE,BUREAU_SCORE
APP205833,PL_2026_V1,ELIGIBLE,
APP205834,PL_2026_V1,ELIGIBLE,
APP205835,PL_2026_V1,INELIGIBLE,BUREAU_SCORE
APP205836,PL_2026_V1,ELIGIBLE,
APP205837,PL_2026_V1,ELIGIBLE,
APP205838,PL_2026_V1,INELIGIBLE,BUREAU_SCORE
APP205839,PL_2026_V1,INELIGIBLE,BUREAU_SCORE
APP205840,PL_2026_V1,ELIGIBLE,
APP205841,PL_2026_V1,ELIGIBLE,
APP205842,PL_2026_V1,ELIGIBLE,
APP205843,PL_2026_V1,ELIGIBLE,
APP205844,PL_2026_V1,ELIGIBLE,
APP205845,PL_2026_V1,INELIGIBLE,BUREAU_SCORE
APP205846,PL_2026_V1,ELIGIBLE,
APP205847,PL_2026_V1,ELIGIBLE,
APP205848,PL_2026_V1,ELIGIBLE,
APP205849,PL_2026_V1,ELIGIBLE,
APP205850,PL_2026_V1,ELIGIBLE,
APP205851,PL_2026_V1,INELIGIBLE,BUREAU_SCORE
APP205852,PL_2026_V1,INELIGIBLE,MIN_INCOME
APP205853,PL_2026_V1,ELIGIBLE,
APP205854,PL_2026_V1,ELIGIBLE,
APP205855,PL_2026_V1,INELIGIBLE,BUREAU_SCORE
APP205856,PL_2026_V1,ELIGIBLE,
APP205857,PL_2026_V1,INELIGIBLE,BUREAU_SCORE
APP205858,PL_2026_V1,INELIGIBLE,BUREAU_SCORE
APP205859,PL_2026_V1,INELIGIBLE,BUREAU_SCORE
APP205860,PL_2026_V1,ELIGIBLE,
APP205861,PL_2026_V1,ELIGIBLE,
APP205862,PL_2026_V1,ELIGIBLE,
APP205863,PL_2026_V1,ELIGIBLE,
APP205864,PL_2026_V1,ELIGIBLE,
APP205865,PL_2026_V1,ELIGIBLE,
APP205866,PL_2026_V1,INELIGIBLE,BUREAU_SCORE
APP205867,PL_2026_V1,ELIGIBLE,
APP205868,PL_2026_V1,INELIGIBLE,BUREAU_SCORE
APP205869,PL_2026_V1,ELIGIBLE,
APP205870,PL_2026_V1,ELIGIBLE,
APP205871,PL_2026_V1,ELIGIBLE,
APP205872,PL_2026_V1,ELIGIBLE,
APP205873,PL_2026_V1,ELIGIBLE,
APP205874,PL_2026_V1,INELIGIBLE,BUREAU_SCORE
APP205875,PL_2026_V1,ELIGIBLE,
APP205876,PL_2026_V1,ELIGIBLE,
APP205877,PL_2026_V1,ELIGIBLE,
APP205878,PL_2026_V1,ELIGIBLE,
APP205879,PL_2026_V1,INELIGIBLE,FOIR
APP205880,PL_2026_V1,ELIGIBLE,
APP205881,PL_2026_V1,INELIGIBLE,BUREAU_SCORE
APP205882,PL_2026_V1,INELIGIBLE,MIN_INCOME
APP205883,PL_2026_V1,ELIGIBLE,
APP205884,PL_2026_V1,ELIGIBLE,
APP205885,PL_2026_V1,ELIGIBLE,
APP205886,PL_2026_V1,ELIGIBLE,
APP205887,PL_2026_V1,INELIGIBLE,MIN_INCOME
APP205888,PL_2026_V1,INELIGIBLE,MIN_INCOME
APP205889,PL_2026_V1,ELIGIBLE,
APP205890,PL_2026_V1,ELIGIBLE,
APP205891,PL_2026_V1,ELIGIBLE,
APP205892,PL_2026_V1,INELIGIBLE,BUREAU_SCORE
APP205893,PL_2026_V1,ELIGIBLE,
APP205894,PL_2026_V1,ELIGIBLE,
APP205895,PL_2026_V1,INELIGIBLE,BUREAU_SCORE
APP205896,PL_2026_V1,ELIGIBLE,
APP205897,PL_2026_V1,INELIGIBLE,MIN_INCOME
APP205898,PL_2026_V1,ELIGIBLE,
APP205899,PL_2026_V1,ELIGIBLE,
APP205900,PL_2026_V1,INELIGIBLE,BUREAU_SCORE
APP205901,PL_2026_V1,ELIGIBLE,
APP205902,PL_2026_V1,ELIGIBLE,
APP205903,PL_2026_V1,ELIGIBLE,
APP205904,PL_2026_V1,ELIGIBLE,
APP205905,PL_2026_V1,ELIGIBLE,
APP205906,PL_2026_V1,INELIGIBLE,BUREAU_SCORE
APP205907,PL_2026_V1,INELIGIBLE,BUREAU_SCORE
APP205908,PL_2026_V1,INELIGIBLE,BUREAU_SCORE
APP205909,PL_2026_V1,ELIGIBLE,
APP205910,PL_2026_V1,ELIGIBLE,
APP205911,PL_2026_V1,ELIGIBLE,
APP205912,PL_2026_V1,ELIGIBLE,
APP205913,PL_2026_V1,ELIGIBLE,
APP205914,PL_2026_V1,ELIGIBLE,
APP205915,PL_2026_V1,INELIGIBLE,BUREAU_SCORE
APP205916,PL_2026_V1,ELIGIBLE,
APP205917,PL_2026_V1,INELIGIBLE,BUREAU_SCORE
APP205918,PL_2026_V1,INELIGIBLE,MIN_INCOME
APP205919,PL_2026_V1,ELIGIBLE,
APP205920,PL_2026_V1,INELIGIBLE,BUREAU_SCORE
APP205921,PL_2026_V1,ELIGIBLE,
APP205922,PL_2026_V1,INELIGIBLE,BUREAU_SCORE
APP205923,PL_2026_V1,INELIGIBLE,BUREAU_SCORE
APP205924,PL_2026_V1,INELIGIBLE,MIN_INCOME
APP205925,PL_2026_V1,ELIGIBLE,
APP205926,PL_2026_V1,ELIGIBLE,
APP205927,PL_2026_V1,ELIGIBLE,
APP205928,PL_2026_V1,ELIGIBLE,
APP205929,PL_2026_V1,ELIGIBLE,
APP205930,PL_2026_V1,ELIGIBLE,
APP205931,PL_2026_V1,ELIGIBLE,
APP205932,PL_2026_V1,ELIGIBLE,
APP205933,PL_2026_V1,ELIGIBLE,
APP205934,PL_2026_V1,INELIGIBLE,BUREAU_SCORE
APP205935,PL_2026_V1,ELIGIBLE,
APP205936,PL_2026_V1,ELIGIBLE,
APP205937,PL_2026_V1,ELIGIBLE,
APP205938,PL_2026_V1,ELIGIBLE,
APP205939,PL_2026_V1,ELIGIBLE,
APP205940,PL_2026_V1,ELIGIBLE,
APP205941,PL_2026_V1,INELIGIBLE,FOIR
APP205942,PL_2026_V1,ELIGIBLE,
APP205943,PL_2026_V1,INELIGIBLE,MIN_INCOME|BUREAU_SCORE
APP205944,PL_2026_V1,INELIGIBLE,MIN_INCOME
APP205945,PL_2026_V1,INELIGIBLE,BUREAU_SCORE
APP205946,PL_2026_V1,ELIGIBLE,
APP205947,PL_2026_V1,INELIGIBLE,BUREAU_SCORE
APP205948,PL_2026_V1,INELIGIBLE,MIN_INCOME
APP205949,PL_2026_V1,ELIGIBLE,
APP205950,PL_2026_V1,ELIGIBLE,
APP205951,PL_2026_V1,ELIGIBLE,
APP205952,PL_2026_V1,ELIGIBLE,
APP205953,PL_2026_V1,ELIGIBLE,
APP205954,PL_2026_V1,INELIGIBLE,BUREAU_SCORE
APP205955,PL_2026_V1,ELIGIBLE,
APP205956,PL_2026_V1,ELIGIBLE,
APP205957,PL_2026_V1,ELIGIBLE,
APP205958,PL_2026_V1,ELIGIBLE,
APP205959,PL_2026_V1,INELIGIBLE,BUREAU_SCORE
APP205960,PL_2026_V1,ELIGIBLE,
APP205961,PL_2026_V1,ELIGIBLE,
APP205962,PL_2026_V1,INELIGIBLE,BUREAU_SCORE
APP205963,PL_2026_V1,ELIGIBLE,
APP205964,PL_2026_V1,INELIGIBLE,MIN_INCOME
APP205965,PL_2026_V1,INELIGIBLE,EMPLOYMENT_TENURE
APP205966,PL_2026_V1,INELIGIBLE,MIN_INCOME|BUREAU_SCORE
APP205967,PL_2026_V1,INELIGIBLE,MIN_INCOME
APP205968,PL_2026_V1,INELIGIBLE,MIN_INCOME
APP205969,PL_2026_V1,INELIGIBLE,BUREAU_SCORE
APP205970,PL_2026_V1,ELIGIBLE,
APP205971,PL_2026_V1,ELIGIBLE,
APP205972,PL_2026_V1,INELIGIBLE,BUREAU_SCORE
APP205973,PL_2026_V1,ELIGIBLE,
APP205974,PL_2026_V1,INELIGIBLE,BUREAU_SCORE
APP205975,PL_2026_V1,INELIGIBLE,BUREAU_SCORE
APP205976,PL_2026_V1,ELIGIBLE,
APP205977,PL_2026_V1,ELIGIBLE,
APP205978,PL_2026_V1,INELIGIBLE,BUREAU_SCORE
APP205979,PL_2026_V1,ELIGIBLE,
APP205980,PL_2026_V1,ELIGIBLE,
APP205981,PL_2026_V1,INELIGIBLE,BUREAU_SCORE
APP205982,PL_2026_V1,ELIGIBLE,
APP205983,PL_2026_V1,ELIGIBLE,
APP205984,PL_2026_V1,INELIGIBLE,BUREAU_SCORE
APP205985,PL_2026_V1,INELIGIBLE,MIN_INCOME|BUREAU_SCORE
APP205986,PL_2026_V1,ELIGIBLE,
APP205987,PL_2026_V1,ELIGIBLE,
APP205988,PL_2026_V1,ELIGIBLE,
APP205989,PL_2026_V1,INELIGIBLE,BUREAU_SCORE|FOIR
APP205990,PL_2026_V1,ELIGIBLE,
APP205991,PL_2026_V1,INELIGIBLE,MIN_INCOME
APP205992,PL_2026_V1,ELIGIBLE,
APP205993,PL_2026_V1,INELIGIBLE,BUREAU_SCORE
APP205994,PL_2026_V1,INELIGIBLE,MIN_INCOME|BUREAU_SCORE
APP205995,PL_2026_V1,ELIGIBLE,
APP205996,PL_2026_V1,ELIGIBLE,
APP205997,PL_2026_V1,ELIGIBLE,
APP205998,PL_2026_V1,ELIGIBLE,
APP205999,PL_2026_V1,INELIGIBLE,BUREAU_SCORE
APP206000,PL_2026_V1,ELIGIBLE,
APP206001,PL_2026_V1,ELIGIBLE,
APP206002,PL_2026_V1,INELIGIBLE,BUREAU_SCORE
APP206003,PL_2026_V1,ELIGIBLE,
APP206004,PL_2026_V1,INELIGIBLE,MIN_INCOME|BUREAU_SCORE
APP206005,PL_2026_V1,ELIGIBLE,
APP206006,PL_2026_V1,ELIGIBLE,
APP206007,PL_2026_V1,ELIGIBLE,
APP206008,PL_2026_V1,ELIGIBLE,
APP206009,PL_2026_V1,ELIGIBLE,
APP206010,PL_2026_V1,ELIGIBLE,
APP206011,PL_2026_V1,INELIGIBLE,BUREAU_SCORE
APP206012,PL_2026_V1,ELIGIBLE,
APP206013,PL_2026_V1,ELIGIBLE,
APP206014,PL_2026_V1,ELIGIBLE,
APP206015,PL_2026_V1,ELIGIBLE,
APP206016,PL_2026_V1,ELIGIBLE,
APP206017,PL_2026_V1,ELIGIBLE,
APP206018,PL_2026_V1,INELIGIBLE,MIN_INCOME
APP206019,PL_2026_V1,ELIGIBLE,
APP206020,PL_2026_V1,ELIGIBLE,
APP206021,PL_2026_V1,INELIGIBLE,BUREAU_SCORE
APP206022,PL_2026_V1,ELIGIBLE,
APP206023,PL_2026_V1,ELIGIBLE,
APP206024,PL_2026_V1,ELIGIBLE,
APP206025,PL_2026_V1,ELIGIBLE,
APP206026,PL_2026_V1,ELIGIBLE,
APP206027,PL_2026_V1,ELIGIBLE,
APP206028,PL_2026_V1,ELIGIBLE,
APP206029,PL_2026_V1,INELIGIBLE,MIN_INCOME
APP206030,PL_2026_V1,INELIGIBLE,BUREAU_SCORE
APP206031,PL_2026_V1,INELIGIBLE,BUREAU_SCORE
APP206032,PL_2026_V1,ELIGIBLE,
APP206033,PL_2026_V1,INELIGIBLE,MIN_INCOME
APP206034,PL_2026_V1,ELIGIBLE,
APP206035,PL_2026_V1,INELIGIBLE,MIN_INCOME
APP206036,PL_2026_V1,ELIGIBLE,
APP206037,PL_2026_V1,INELIGIBLE,BUREAU_SCORE
APP206038,PL_2026_V1,ELIGIBLE,
APP206039,PL_2026_V1,ELIGIBLE,
APP206040,PL_2026_V1,ELIGIBLE,
APP206041,PL_2026_V1,ELIGIBLE,
APP206042,PL_2026_V1,INELIGIBLE,BUREAU_SCORE
APP206043,PL_2026_V1,ELIGIBLE,
APP206044,PL_2026_V1,ELIGIBLE,
APP206045,PL_2026_V1,INELIGIBLE,BUREAU_SCORE
APP206046,PL_2026_V1,ELIGIBLE,
APP206047,PL_2026_V1,ELIGIBLE,
APP206048,PL_2026_V1,INELIGIBLE,FOIR
APP206049,PL_2026_V1,ELIGIBLE,
APP206050,PL_2026_V1,ELIGIBLE,
APP206051,PL_2026_V1,INELIGIBLE,BUREAU_SCORE
APP206052,PL_2026_V1,ELIGIBLE,
APP206053,PL_2026_V1,ELIGIBLE,
APP206054,PL_2026_V1,ELIGIBLE,
APP206055,PL_2026_V1,ELIGIBLE,
APP206056,PL_2026_V1,ELIGIBLE,
APP206057,PL_2026_V1,INELIGIBLE,BUREAU_SCORE
APP206058,PL_2026_V1,ELIGIBLE,
APP206059,PL_2026_V1,ELIGIBLE,
APP206060,PL_2026_V1,INELIGIBLE,MIN_INCOME|BUREAU_SCORE
APP206061,PL_2026_V1,INELIGIBLE,BUREAU_SCORE
APP206062,PL_2026_V1,INELIGIBLE,MIN_INCOME
APP206063,PL_2026_V1,INELIGIBLE,MIN_INCOME
APP206064,PL_2026_V1,ELIGIBLE,
APP206065,PL_2026_V1,INELIGIBLE,BUREAU_SCORE
APP206066,PL_2026_V1,ELIGIBLE,
APP206067,PL_2026_V1,ELIGIBLE,
APP206068,PL_2026_V1,INELIGIBLE,BUREAU_SCORE
APP206069,PL_2026_V1,ELIGIBLE,
APP206070,PL_2026_V1,ELIGIBLE,
APP206071,PL_2026_V1,ELIGIBLE,
APP206072,PL_2026_V1,ELIGIBLE,
APP206073,PL_2026_V1,ELIGIBLE,
APP206074,PL_2026_V1,ELIGIBLE,
APP206075,PL_2026_V1,ELIGIBLE,
APP206076,PL_2026_V1,INELIGIBLE,MIN_INCOME
APP206077,PL_2026_V1,ELIGIBLE,
APP206078,PL_2026_V1,ELIGIBLE,
APP206079,PL_2026_V1,ELIGIBLE,
APP206080,PL_2026_V1,ELIGIBLE,
APP206081,PL_2026_V1,INELIGIBLE,BUREAU_SCORE
APP206082,PL_2026_V1,INELIGIBLE,BUREAU_SCORE
APP206083,PL_2026_V1,ELIGIBLE,
APP206084,PL_2026_V1,ELIGIBLE,
APP206085,PL_2026_V1,ELIGIBLE,
APP206086,PL_2026_V1,ELIGIBLE,
APP206087,PL_2026_V1,ELIGIBLE,
APP206088,PL_2026_V1,ELIGIBLE,
APP206089,PL_2026_V1,ELIGIBLE,
APP206090,PL_2026_V1,ELIGIBLE,
APP206091,PL_2026_V1,ELIGIBLE,
APP206092,PL_2026_V1,INELIGIBLE,BUREAU_SCORE
APP206093,PL_2026_V1,ELIGIBLE,
APP206094,PL_2026_V1,INELIGIBLE,EMPLOYMENT_TENURE
APP206095,PL_2026_V1,INELIGIBLE,BUREAU_SCORE
APP206096,PL_2026_V1,ELIGIBLE,
APP206097,PL_2026_V1,ELIGIBLE,
APP206098,PL_2026_V1,ELIGIBLE,
APP206099,PL_2026_V1,INELIGIBLE,BUREAU_SCORE
APP206100,PL_2026_V1,ELIGIBLE,
APP206101,PL_2026_V1,INELIGIBLE,BUREAU_SCORE
APP206102,PL_2026_V1,ELIGIBLE,
APP206103,PL_2026_V1,INELIGIBLE,BUREAU_SCORE
APP206104,PL_2026_V1,ELIGIBLE,
APP206105,PL_2026_V1,ELIGIBLE,
APP206106,PL_2026_V1,ELIGIBLE,
APP206107,PL_2026_V1,ELIGIBLE,
APP206108,PL_2026_V1,ELIGIBLE,
APP206109,PL_2026_V1,INELIGIBLE,BUREAU_SCORE
APP206110,PL_2026_V1,INELIGIBLE,MIN_INCOME
APP206111,PL_2026_V1,ELIGIBLE,
APP206112,PL_2026_V1,INELIGIBLE,BUREAU_SCORE
APP206113,PL_2026_V1,ELIGIBLE,
APP206114,PL_2026_V1,ELIGIBLE,
APP206115,PL_2026_V1,ELIGIBLE,
APP206116,PL_2026_V1,ELIGIBLE,
APP206117,PL_2026_V1,INELIGIBLE,BUREAU_SCORE
APP206118,PL_2026_V1,ELIGIBLE,
APP206119,PL_2026_V1,ELIGIBLE,
APP206120,PL_2026_V1,INELIGIBLE,BUREAU_SCORE
APP206121,PL_2026_V1,ELIGIBLE,
APP206122,PL_2026_V1,INELIGIBLE,EMPLOYMENT_TENURE
APP206123,PL_2026_V1,ELIGIBLE,
APP206124,PL_2026_V1,ELIGIBLE,
APP206125,PL_2026_V1,ELIGIBLE,
APP206126,PL_2026_V1,ELIGIBLE,
APP206127,PL_2026_V1,ELIGIBLE,
APP206128,PL_2026_V1,ELIGIBLE,
APP206129,PL_2026_V1,ELIGIBLE,
APP206130,PL_2026_V1,ELIGIBLE,
APP206131,PL_2026_V1,INELIGIBLE,MIN_INCOME
APP206132,PL_2026_V1,INELIGIBLE,BUREAU_SCORE
APP206133,PL_2026_V1,ELIGIBLE,
APP206134,PL_2026_V1,ELIGIBLE,
APP206135,PL_2026_V1,ELIGIBLE,
APP206136,PL_2026_V1,INELIGIBLE,BUREAU_SCORE
APP206137,PL_2026_V1,ELIGIBLE,
APP206138,PL_2026_V1,ELIGIBLE,
APP206139,PL_2026_V1,INELIGIBLE,MIN_INCOME
APP206140,PL_2026_V1,INELIGIBLE,BUREAU_SCORE
APP206141,PL_2026_V1,INELIGIBLE,BUREAU_SCORE
APP206142,PL_2026_V1,ELIGIBLE,
APP206143,PL_2026_V1,ELIGIBLE,
APP206144,PL_2026_V1,ELIGIBLE,
APP206145,PL_2026_V1,INELIGIBLE,BUREAU_SCORE
APP206146,PL_2026_V1,ELIGIBLE,
APP206147,PL_2026_V1,INELIGIBLE,BUREAU_SCORE
APP206148,PL_2026_V1,INELIGIBLE,BUREAU_SCORE
APP206149,PL_2026_V1,INELIGIBLE,BUREAU_SCORE
APP206150,PL_2026_V1,INELIGIBLE,MIN_INCOME
APP206151,PL_2026_V1,ELIGIBLE,
APP206152,PL_2026_V1,ELIGIBLE,
APP206153,PL_2026_V1,ELIGIBLE,
APP206154,PL_2026_V1,INELIGIBLE,MIN_INCOME
APP206155,PL_2026_V1,INELIGIBLE,BUREAU_SCORE
APP206156,PL_2026_V1,ELIGIBLE,
APP206157,PL_2026_V1,ELIGIBLE,
APP206158,PL_2026_V1,INELIGIBLE,BUREAU_SCORE
APP206159,PL_2026_V1,ELIGIBLE,
APP206160,PL_2026_V1,INELIGIBLE,MIN_INCOME|BUREAU_SCORE
APP206161,PL_2026_V1,ELIGIBLE,
APP206162,PL_2026_V1,ELIGIBLE,
APP206163,PL_2026_V1,INELIGIBLE,MIN_INCOME
APP206164,PL_2026_V1,INELIGIBLE,BUREAU_SCORE
APP206165,PL_2026_V1,ELIGIBLE,
APP206166,PL_2026_V1,INELIGIBLE,MIN_INCOME
APP206167,PL_2026_V1,ELIGIBLE,
APP206168,PL_2026_V1,ELIGIBLE,
APP206169,PL_2026_V1,ELIGIBLE,
APP206170,PL_2026_V1,ELIGIBLE,
APP206171,PL_2026_V1,INELIGIBLE,BUREAU_SCORE
APP206172,PL_2026_V1,ELIGIBLE,
APP206173,PL_2026_V1,INELIGIBLE,BUREAU_SCORE
APP206174,PL_2026_V1,INELIGIBLE,BUREAU_SCORE
APP206175,PL_2026_V1,ELIGIBLE,
APP206176,PL_2026_V1,ELIGIBLE,
APP206177,PL_2026_V1,ELIGIBLE,
APP206178,PL_2026_V1,INELIGIBLE,MIN_INCOME|BUREAU_SCORE
APP206179,PL_2026_V1,ELIGIBLE,
APP206180,PL_2026_V1,INELIGIBLE,BUREAU_SCORE
APP206181,PL_2026_V1,ELIGIBLE,
APP206182,PL_2026_V1,INELIGIBLE,BUREAU_SCORE
APP206183,PL_2026_V1,ELIGIBLE,
APP206184,PL_2026_V1,ELIGIBLE,
APP206185,PL_2026_V1,INELIGIBLE,MIN_INCOME|BUREAU_SCORE
APP206186,PL_2026_V1,ELIGIBLE,
APP206187,PL_2026_V1,ELIGIBLE,
APP206188,PL_2026_V1,INELIGIBLE,MIN_INCOME
APP206189,PL_2026_V1,ELIGIBLE,
APP206190,PL_2026_V1,INELIGIBLE,BUREAU_SCORE
APP206191,PL_2026_V1,INELIGIBLE,MIN_INCOME
APP206192,PL_2026_V1,INELIGIBLE,MIN_INCOME
APP206193,PL_2026_V1,INELIGIBLE,BUREAU_SCORE
APP206194,PL_2026_V1,ELIGIBLE,
APP206195,PL_2026_V1,ELIGIBLE,
APP206196,PL_2026_V1,ELIGIBLE,
APP206197,PL_2026_V1,INELIGIBLE,MIN_INCOME|BUREAU_SCORE
APP206198,PL_2026_V1,ELIGIBLE,
APP206199,PL_2026_V1,ELIGIBLE,
APP206200,PL_2026_V1,ELIGIBLE,
APP206201,PL_2026_V1,ELIGIBLE,
APP206202,PL_2026_V1,ELIGIBLE,
APP206203,PL_2026_V1,ELIGIBLE,
APP206204,PL_2026_V1,INELIGIBLE,MIN_INCOME|BUREAU_SCORE
APP206205,PL_2026_V1,ELIGIBLE,
APP206206,PL_2026_V1,ELIGIBLE,
APP206207,PL_2026_V1,INELIGIBLE,MIN_INCOME
APP206208,PL_2026_V1,ELIGIBLE,
APP206209,PL_2026_V1,INELIGIBLE,BUREAU_SCORE
APP206210,PL_2026_V1,INELIGIBLE,BUREAU_SCORE
APP206211,PL_2026_V1,ELIGIBLE,
APP206212,PL_2026_V1,INELIGIBLE,BUREAU_SCORE
APP206213,PL_2026_V1,INELIGIBLE,BUREAU_SCORE
APP206214,PL_2026_V1,ELIGIBLE,
APP206215,PL_2026_V1,ELIGIBLE,
APP206216,PL_2026_V1,ELIGIBLE,
APP206217,PL_2026_V1,ELIGIBLE,
APP206218,PL_2026_V1,INELIGIBLE,MIN_INCOME
APP206219,PL_2026_V1,ELIGIBLE,
APP206220,PL_2026_V1,INELIGIBLE,BUREAU_SCORE
APP206221,PL_2026_V1,INELIGIBLE,BUREAU_SCORE
APP206222,PL_2026_V1,INELIGIBLE,BUREAU_SCORE
APP206223,PL_2026_V1,ELIGIBLE,
APP206224,PL_2026_V1,ELIGIBLE,
APP206225,PL_2026_V1,ELIGIBLE,
APP206226,PL_2026_V1,ELIGIBLE,
APP206227,PL_2026_V1,INELIGIBLE,MIN_INCOME
APP206228,PL_2026_V1,INELIGIBLE,MIN_INCOME|BUREAU_SCORE
APP206229,PL_2026_V1,ELIGIBLE,
APP206230,PL_2026_V1,ELIGIBLE,
APP206231,PL_2026_V1,ELIGIBLE,
APP206232,PL_2026_V1,ELIGIBLE,
APP206233,PL_2026_V1,ELIGIBLE,
APP206234,PL_2026_V1,ELIGIBLE,
APP206235,PL_2026_V1,ELIGIBLE,
APP206236,PL_2026_V1,ELIGIBLE,
APP206237,PL_2026_V1,ELIGIBLE,
APP206238,PL_2026_V1,ELIGIBLE,
APP206239,PL_2026_V1,ELIGIBLE,
APP206240,PL_2026_V1,ELIGIBLE,
APP206241,PL_2026_V1,INELIGIBLE,BUREAU_SCORE
APP206242,PL_2026_V1,ELIGIBLE,
APP206243,PL_2026_V1,ELIGIBLE,
APP206244,PL_2026_V1,ELIGIBLE,
APP206245,PL_2026_V1,ELIGIBLE,
APP206246,PL_2026_V1,INELIGIBLE,BUREAU_SCORE
APP206247,PL_2026_V1,ELIGIBLE,
APP206248,PL_2026_V1,ELIGIBLE,
APP206249,PL_2026_V1,ELIGIBLE,
APP206250,PL_2026_V1,INELIGIBLE,MIN_INCOME
APP206251,PL_2026_V1,ELIGIBLE,
APP206252,PL_2026_V1,ELIGIBLE,
APP206253,PL_2026_V1,INELIGIBLE,MIN_INCOME|BUREAU_SCORE
APP206254,PL_2026_V1,ELIGIBLE,
APP206255,PL_2026_V1,ELIGIBLE,
APP206256,PL_2026_V1,ELIGIBLE,
APP206257,PL_2026_V1,INELIGIBLE,MIN_INCOME
APP206258,PL_2026_V1,INELIGIBLE,BUREAU_SCORE
APP206259,PL_2026_V1,INELIGIBLE,MIN_INCOME
APP206260,PL_2026_V1,ELIGIBLE,
APP206261,PL_2026_V1,ELIGIBLE,
APP206262,PL_2026_V1,INELIGIBLE,BUREAU_SCORE
APP206263,PL_2026_V1,ELIGIBLE,
APP206264,PL_2026_V1,INELIGIBLE,BUREAU_SCORE
APP206265,PL_2026_V1,INELIGIBLE,MIN_INCOME|FOIR
APP206266,PL_2026_V1,INELIGIBLE,FOIR
APP206267,PL_2026_V1,ELIGIBLE,
APP206268,PL_2026_V1,ELIGIBLE,
APP206269,PL_2026_V1,ELIGIBLE,
APP206270,PL_2026_V1,ELIGIBLE,
APP206271,PL_2026_V1,ELIGIBLE,
APP206272,PL_2026_V1,INELIGIBLE,BUREAU_SCORE
APP206273,PL_2026_V1,INELIGIBLE,BUREAU_SCORE
APP206274,PL_2026_V1,INELIGIBLE,BUREAU_SCORE
APP206275,PL_2026_V1,INELIGIBLE,BUREAU_SCORE
APP206276,PL_2026_V1,ELIGIBLE,
APP206277,PL_2026_V1,INELIGIBLE,BUREAU_SCORE
APP206278,PL_2026_V1,INELIGIBLE,BUREAU_SCORE
APP206279,PL_2026_V1,ELIGIBLE,
APP206280,PL_2026_V1,INELIGIBLE,BUREAU_SCORE
APP206281,PL_2026_V1,INELIGIBLE,BUREAU_SCORE
APP206282,PL_2026_V1,ELIGIBLE,
APP206283,PL_2026_V1,ELIGIBLE,
APP206284,PL_2026_V1,ELIGIBLE,
APP206285,PL_2026_V1,ELIGIBLE,
APP206286,PL_2026_V1,INELIGIBLE,MIN_INCOME|FOIR
APP206287,PL_2026_V1,ELIGIBLE,
APP206288,PL_2026_V1,ELIGIBLE,
APP206289,PL_2026_V1,ELIGIBLE,
APP206290,PL_2026_V1,ELIGIBLE,
APP206291,PL_2026_V1,ELIGIBLE,
APP206292,PL_2026_V1,INELIGIBLE,MIN_INCOME
APP206293,PL_2026_V1,ELIGIBLE,
APP206294,PL_2026_V1,INELIGIBLE,MIN_INCOME
APP206295,PL_2026_V1,ELIGIBLE,
APP206296,PL_2026_V1,ELIGIBLE,
APP206297,PL_2026_V1,ELIGIBLE,
APP206298,PL_2026_V1,INELIGIBLE,FOIR
APP206299,PL_2026_V1,ELIGIBLE,
APP206300,PL_2026_V1,ELIGIBLE,
APP206301,PL_2026_V1,INELIGIBLE,MIN_INCOME|BUREAU_SCORE
APP206302,PL_2026_V1,ELIGIBLE,
APP206303,PL_2026_V1,ELIGIBLE,
APP206304,PL_2026_V1,INELIGIBLE,BUREAU_SCORE
APP206305,PL_2026_V1,INELIGIBLE,BUREAU_SCORE
APP206306,PL_2026_V1,ELIGIBLE,
APP206307,PL_2026_V1,ELIGIBLE,
APP206308,PL_2026_V1,INELIGIBLE,BUREAU_SCORE
APP206309,PL_2026_V1,ELIGIBLE,
APP206310,PL_2026_V1,INELIGIBLE,MIN_INCOME
APP206311,PL_2026_V1,INELIGIBLE,BUREAU_SCORE
APP206312,PL_2026_V1,INELIGIBLE,MIN_INCOME
APP206313,PL_2026_V1,ELIGIBLE,
APP206314,PL_2026_V1,ELIGIBLE,
APP206315,PL_2026_V1,INELIGIBLE,BUREAU_SCORE
APP206316,PL_2026_V1,ELIGIBLE,
APP206317,PL_2026_V1,ELIGIBLE,
APP206318,PL_2026_V1,INELIGIBLE,BUREAU_SCORE
APP206319,PL_2026_V1,ELIGIBLE,
APP206320,PL_2026_V1,ELIGIBLE,
APP206321,PL_2026_V1,ELIGIBLE,
APP206322,PL_2026_V1,INELIGIBLE,BUREAU_SCORE
APP206323,PL_2026_V1,INELIGIBLE,MIN_INCOME|BUREAU_SCORE
APP206324,PL_2026_V1,ELIGIBLE,
APP206325,PL_2026_V1,INELIGIBLE,BUREAU_SCORE
APP206326,PL_2026_V1,INELIGIBLE,BUREAU_SCORE
APP206327,PL_2026_V1,INELIGIBLE,MIN_INCOME|BUREAU_SCORE
APP206328,PL_2026_V1,ELIGIBLE,
APP206329,PL_2026_V1,ELIGIBLE,
APP206330,PL_2026_V1,INELIGIBLE,BUREAU_SCORE
APP206331,PL_2026_V1,ELIGIBLE,
APP206332,PL_2026_V1,ELIGIBLE,
APP206333,PL_2026_V1,INELIGIBLE,BUREAU_SCORE
APP206334,PL_2026_V1,ELIGIBLE,
APP206335,PL_2026_V1,INELIGIBLE,BUREAU_SCORE
APP206336,PL_2026_V1,ELIGIBLE,
APP206337,PL_2026_V1,ELIGIBLE,
APP206338,PL_2026_V1,INELIGIBLE,BUREAU_SCORE
APP206339,PL_2026_V1,ELIGIBLE,
APP206340,PL_2026_V1,ELIGIBLE,
APP206341,PL_2026_V1,INELIGIBLE,BUREAU_SCORE
APP206342,PL_2026_V1,ELIGIBLE,
APP206343,PL_2026_V1,ELIGIBLE,
APP206344,PL_2026_V1,INELIGIBLE,FOIR
APP206345,PL_2026_V1,ELIGIBLE,
APP206346,PL_2026_V1,ELIGIBLE,
APP206347,PL_2026_V1,INELIGIBLE,BUREAU_SCORE
APP206348,PL_2026_V1,INELIGIBLE,MIN_INCOME|FOIR
APP206349,PL_2026_V1,ELIGIBLE,
APP206350,PL_2026_V1,ELIGIBLE,
APP206351,PL_2026_V1,INELIGIBLE,MIN_INCOME
APP206352,PL_2026_V1,INELIGIBLE,BUREAU_SCORE
APP206353,PL_2026_V1,INELIGIBLE,BUREAU_SCORE|FOIR
APP206354,PL_2026_V1,INELIGIBLE,BUREAU_SCORE
APP206355,PL_2026_V1,ELIGIBLE,
APP206356,PL_2026_V1,ELIGIBLE,
APP206357,PL_2026_V1,INELIGIBLE,BUREAU_SCORE
APP206358,PL_2026_V1,ELIGIBLE,
APP206359,PL_2026_V1,ELIGIBLE,
APP206360,PL_2026_V1,ELIGIBLE,
APP206361,PL_2026_V1,ELIGIBLE,
APP206362,PL_2026_V1,ELIGIBLE,
APP206363,PL_2026_V1,INELIGIBLE,BUREAU_SCORE
APP206364,PL_2026_V1,INELIGIBLE,BUREAU_SCORE
APP206365,PL_2026_V1,ELIGIBLE,
APP206366,PL_2026_V1,INELIGIBLE,MIN_INCOME
APP206367,PL_2026_V1,INELIGIBLE,MIN_INCOME
APP206368,PL_2026_V1,ELIGIBLE,
APP206369,PL_2026_V1,ELIGIBLE,
APP206370,PL_2026_V1,INELIGIBLE,BUREAU_SCORE
APP206371,PL_2026_V1,INELIGIBLE,BUREAU_SCORE
APP206372,PL_2026_V1,ELIGIBLE,
APP206373,PL_2026_V1,INELIGIBLE,FOIR
APP206374,PL_2026_V1,ELIGIBLE,
APP206375,PL_2026_V1,INELIGIBLE,BUREAU_SCORE
APP206376,PL_2026_V1,INELIGIBLE,BUREAU_SCORE
APP206377,PL_2026_V1,INELIGIBLE,FOIR
APP206378,PL_2026_V1,ELIGIBLE,
APP206379,PL_2026_V1,INELIGIBLE,BUREAU_SCORE
APP206380,PL_2026_V1,ELIGIBLE,
APP206381,PL_2026_V1,ELIGIBLE,
APP206382,PL_2026_V1,ELIGIBLE,
APP206383,PL_2026_V1,ELIGIBLE,
APP206384,PL_2026_V1,INELIGIBLE,BUREAU_SCORE
APP206385,PL_2026_V1,ELIGIBLE,
APP206386,PL_2026_V1,ELIGIBLE,
APP206387,PL_2026_V1,INELIGIBLE,BUREAU_SCORE
APP206388,PL_2026_V1,ELIGIBLE,
APP206389,PL_2026_V1,INELIGIBLE,MIN_INCOME|BUREAU_SCORE
APP206390,PL_2026_V1,ELIGIBLE,
APP206391,PL_2026_V1,INELIGIBLE,MIN_INCOME|BUREAU_SCORE
APP206392,PL_2026_V1,ELIGIBLE,
APP206393,PL_2026_V1,ELIGIBLE,
APP206394,PL_2026_V1,INELIGIBLE,BUREAU_SCORE
APP206395,PL_2026_V1,ELIGIBLE,
APP206396,PL_2026_V1,INELIGIBLE,BUREAU_SCORE
APP206397,PL_2026_V1,ELIGIBLE,
APP206398,PL_2026_V1,INELIGIBLE,BUREAU_SCORE
APP206399,PL_2026_V1,ELIGIBLE,
APP206400,PL_2026_V1,ELIGIBLE,
APP206401,PL_2026_V1,ELIGIBLE,
APP206402,PL_2026_V1,INELIGIBLE,MIN_INCOME
APP206403,PL_2026_V1,ELIGIBLE,
APP206404,PL_2026_V1,INELIGIBLE,BUREAU_SCORE
APP206405,PL_2026_V1,ELIGIBLE,
APP206406,PL_2026_V1,INELIGIBLE,MIN_INCOME|BUREAU_SCORE
APP206407,PL_2026_V1,ELIGIBLE,
APP206408,PL_2026_V1,INELIGIBLE,BUREAU_SCORE
APP206409,PL_2026_V1,INELIGIBLE,BUREAU_SCORE
APP206410,PL_2026_V1,ELIGIBLE,
APP206411,PL_2026_V1,ELIGIBLE,
APP206412,PL_2026_V1,INELIGIBLE,BUREAU_SCORE
APP206413,PL_2026_V1,ELIGIBLE,
APP206414,PL_2026_V1,ELIGIBLE,
APP206415,PL_2026_V1,INELIGIBLE,MIN_INCOME
APP206416,PL_2026_V1,INELIGIBLE,BUREAU_SCORE
APP206417,PL_2026_V1,INELIGIBLE,BUREAU_SCORE
APP206418,PL_2026_V1,ELIGIBLE,
APP206419,PL_2026_V1,INELIGIBLE,BUREAU_SCORE
APP206420,PL_2026_V1,ELIGIBLE,
APP206421,PL_2026_V1,ELIGIBLE,
APP206422,PL_2026_V1,INELIGIBLE,BUREAU_SCORE
APP206423,PL_2026_V1,INELIGIBLE,BUREAU_SCORE
APP206424,PL_2026_V1,ELIGIBLE,
APP206425,PL_2026_V1,ELIGIBLE,
APP206426,PL_2026_V1,INELIGIBLE,BUREAU_SCORE
APP206427,PL_2026_V1,INELIGIBLE,BUREAU_SCORE
APP206428,PL_2026_V1,INELIGIBLE,BUREAU_SCORE
APP206429,PL_2026_V1,ELIGIBLE,
APP206430,PL_2026_V1,ELIGIBLE,
APP206431,PL_2026_V1,ELIGIBLE,
APP206432,PL_2026_V1,ELIGIBLE,
APP206433,PL_2026_V1,ELIGIBLE,
APP206434,PL_2026_V1,INELIGIBLE,MIN_INCOME
APP206435,PL_2026_V1,ELIGIBLE,
APP206436,PL_2026_V1,INELIGIBLE,MIN_INCOME
APP206437,PL_2026_V1,INELIGIBLE,BUREAU_SCORE
APP206438,PL_2026_V1,ELIGIBLE,
APP206439,PL_2026_V1,INELIGIBLE,MIN_INCOME
APP206440,PL_2026_V1,ELIGIBLE,
APP206441,PL_2026_V1,INELIGIBLE,BUREAU_SCORE
APP206442,PL_2026_V1,ELIGIBLE,
APP206443,PL_2026_V1,ELIGIBLE,
APP206444,PL_2026_V1,ELIGIBLE,
APP206445,PL_2026_V1,ELIGIBLE,
APP206446,PL_2026_V1,ELIGIBLE,
APP206447,PL_2026_V1,ELIGIBLE,
APP206448,PL_2026_V1,INELIGIBLE,BUREAU_SCORE
APP206449,PL_2026_V1,ELIGIBLE,
APP206450,PL_2026_V1,INELIGIBLE,MIN_INCOME
APP206451,PL_2026_V1,ELIGIBLE,
APP206452,PL_2026_V1,INELIGIBLE,MIN_INCOME
APP206453,PL_2026_V1,INELIGIBLE,BUREAU_SCORE
APP206454,PL_2026_V1,INELIGIBLE,BUREAU_SCORE
APP206455,PL_2026_V1,ELIGIBLE,
APP206456,PL_2026_V1,INELIGIBLE,MIN_INCOME
APP206457,PL_2026_V1,ELIGIBLE,
APP206458,PL_2026_V1,ELIGIBLE,
APP206459,PL_2026_V1,INELIGIBLE,BUREAU_SCORE
APP206460,PL_2026_V1,ELIGIBLE,
APP206461,PL_2026_V1,INELIGIBLE,BUREAU_SCORE
APP206462,PL_2026_V1,ELIGIBLE,
APP206463,PL_2026_V1,INELIGIBLE,BUREAU_SCORE
APP206464,PL_2026_V1,ELIGIBLE,
APP206465,PL_2026_V1,ELIGIBLE,
APP206466,PL_2026_V1,ELIGIBLE,
APP206467,PL_2026_V1,ELIGIBLE,
APP206468,PL_2026_V1,ELIGIBLE,
APP206469,PL_2026_V1,ELIGIBLE,
APP206470,PL_2026_V1,INELIGIBLE,MIN_INCOME
APP206471,PL_2026_V1,ELIGIBLE,
APP206472,PL_2026_V1,ELIGIBLE,
APP206473,PL_2026_V1,ELIGIBLE,
APP206474,PL_2026_V1,ELIGIBLE,
APP206475,PL_2026_V1,ELIGIBLE,
APP206476,PL_2026_V1,ELIGIBLE,
APP206477,PL_2026_V1,INELIGIBLE,BUREAU_SCORE
APP206478,PL_2026_V1,ELIGIBLE,
APP206479,PL_2026_V1,INELIGIBLE,MIN_INCOME
APP206480,PL_2026_V1,ELIGIBLE,
APP206481,PL_2026_V1,ELIGIBLE,
APP206482,PL_2026_V1,INELIGIBLE,MIN_INCOME
APP206483,PL_2026_V1,ELIGIBLE,
APP206484,PL_2026_V1,ELIGIBLE,
APP206485,PL_2026_V1,INELIGIBLE,MIN_INCOME
APP206486,PL_2026_V1,ELIGIBLE,
APP206487,PL_2026_V1,INELIGIBLE,BUREAU_SCORE
APP206488,PL_2026_V1,ELIGIBLE,
APP206489,PL_2026_V1,INELIGIBLE,BUREAU_SCORE
APP206490,PL_2026_V1,INELIGIBLE,FOIR
APP206491,PL_2026_V1,INELIGIBLE,BUREAU_SCORE
APP206492,PL_2026_V1,INELIGIBLE,BUREAU_SCORE|FOIR
APP206493,PL_2026_V1,ELIGIBLE,
APP206494,PL_2026_V1,ELIGIBLE,
APP206495,PL_2026_V1,ELIGIBLE,
APP206496,PL_2026_V1,ELIGIBLE,
APP206497,PL_2026_V1,ELIGIBLE,
APP206498,PL_2026_V1,ELIGIBLE,
APP206499,PL_2026_V1,INELIGIBLE,BUREAU_SCORE
APP206500,PL_2026_V1,ELIGIBLE,
APP206501,PL_2026_V1,ELIGIBLE,
APP206502,PL_2026_V1,ELIGIBLE,
APP206503,PL_2026_V1,ELIGIBLE,
APP206504,PL_2026_V1,ELIGIBLE,
APP206505,PL_2026_V1,ELIGIBLE,
APP206506,PL_2026_V1,ELIGIBLE,
APP206507,PL_2026_V1,ELIGIBLE,
APP206508,PL_2026_V1,ELIGIBLE,
APP206509,PL_2026_V1,ELIGIBLE,
APP206510,PL_2026_V1,ELIGIBLE,
APP206511,PL_2026_V1,ELIGIBLE,
APP206512,PL_2026_V1,INELIGIBLE,BUREAU_SCORE
APP206513,PL_2026_V1,ELIGIBLE,
APP206514,PL_2026_V1,INELIGIBLE,FOIR
APP206515,PL_2026_V1,ELIGIBLE,
APP206516,PL_2026_V1,ELIGIBLE,
APP206517,PL_2026_V1,INELIGIBLE,BUREAU_SCORE
APP206518,PL_2026_V1,INELIGIBLE,BUREAU_SCORE|FOIR
APP206519,PL_2026_V1,ELIGIBLE,
APP206520,PL_2026_V1,ELIGIBLE,
APP206521,PL_2026_V1,ELIGIBLE,
APP206522,PL_2026_V1,ELIGIBLE,
APP206523,PL_2026_V1,ELIGIBLE,
APP206524,PL_2026_V1,ELIGIBLE,
APP206525,PL_2026_V1,INELIGIBLE,FOIR
APP206526,PL_2026_V1,ELIGIBLE,
APP206527,PL_2026_V1,ELIGIBLE,
APP206528,PL_2026_V1,INELIGIBLE,BUREAU_SCORE
APP206529,PL_2026_V1,INELIGIBLE,FOIR
APP206530,PL_2026_V1,INELIGIBLE,BUREAU_SCORE
APP206531,PL_2026_V1,INELIGIBLE,BUREAU_SCORE
APP206532,PL_2026_V1,INELIGIBLE,BUREAU_SCORE
APP206533,PL_2026_V1,INELIGIBLE,BUREAU_SCORE
APP206534,PL_2026_V1,ELIGIBLE,
APP206535,PL_2026_V1,ELIGIBLE,
APP206536,PL_2026_V1,ELIGIBLE,
APP206537,PL_2026_V1,INELIGIBLE,BUREAU_SCORE
APP206538,PL_2026_V1,INELIGIBLE,BUREAU_SCORE
APP206539,PL_2026_V1,ELIGIBLE,
APP206540,PL_2026_V1,ELIGIBLE,
APP206541,PL_2026_V1,ELIGIBLE,
APP206542,PL_2026_V1,ELIGIBLE,
APP206543,PL_2026_V1,INELIGIBLE,BUREAU_SCORE
APP206544,PL_2026_V1,INELIGIBLE,BUREAU_SCORE
APP206545,PL_2026_V1,INELIGIBLE,BUREAU_SCORE
APP206546,PL_2026_V1,INELIGIBLE,MIN_INCOME
APP206547,PL_2026_V1,INELIGIBLE,BUREAU_SCORE
APP206548,PL_2026_V1,INELIGIBLE,BUREAU_SCORE
APP206549,PL_2026_V1,ELIGIBLE,
APP206550,PL_2026_V1,ELIGIBLE,
APP206551,PL_2026_V1,ELIGIBLE,
APP206552,PL_2026_V1,ELIGIBLE,
APP206553,PL_2026_V1,ELIGIBLE,
APP206554,PL_2026_V1,INELIGIBLE,MIN_INCOME
APP206555,PL_2026_V1,ELIGIBLE,
APP206556,PL_2026_V1,ELIGIBLE,
APP206557,PL_2026_V1,INELIGIBLE,BUREAU_SCORE
APP206558,PL_2026_V1,INELIGIBLE,FOIR
APP206559,PL_2026_V1,ELIGIBLE,
APP206560,PL_2026_V1,ELIGIBLE,
APP206561,PL_2026_V1,INELIGIBLE,FOIR
APP206562,PL_2026_V1,INELIGIBLE,BUREAU_SCORE
APP206563,PL_2026_V1,INELIGIBLE,BUREAU_SCORE
APP206564,PL_2026_V1,ELIGIBLE,
APP206565,PL_2026_V1,ELIGIBLE,
APP206566,PL_2026_V1,INELIGIBLE,MIN_INCOME
APP206567,PL_2026_V1,INELIGIBLE,BUREAU_SCORE
APP206568,PL_2026_V1,ELIGIBLE,
APP206569,PL_2026_V1,ELIGIBLE,
APP206570,PL_2026_V1,ELIGIBLE,
APP206571,PL_2026_V1,INELIGIBLE,MIN_INCOME
APP206572,PL_2026_V1,ELIGIBLE,
APP206573,PL_2026_V1,ELIGIBLE,
APP206574,PL_2026_V1,ELIGIBLE,
APP206575,PL_2026_V1,ELIGIBLE,
APP206576,PL_2026_V1,ELIGIBLE,
APP206577,PL_2026_V1,ELIGIBLE,
APP206578,PL_2026_V1,ELIGIBLE,
APP206579,PL_2026_V1,ELIGIBLE,
APP206580,PL_2026_V1,INELIGIBLE,MIN_INCOME
APP206581,PL_2026_V1,INELIGIBLE,BUREAU_SCORE
APP206582,PL_2026_V1,ELIGIBLE,
APP206583,PL_2026_V1,INELIGIBLE,MIN_INCOME|BUREAU_SCORE
APP206584,PL_2026_V1,INELIGIBLE,BUREAU_SCORE
APP206585,PL_2026_V1,ELIGIBLE,
APP206586,PL_2026_V1,ELIGIBLE,
APP206587,PL_2026_V1,ELIGIBLE,
APP206588,PL_2026_V1,ELIGIBLE,
APP206589,PL_2026_V1,ELIGIBLE,
APP206590,PL_2026_V1,ELIGIBLE,
APP206591,PL_2026_V1,ELIGIBLE,
APP206592,PL_2026_V1,ELIGIBLE,
APP206593,PL_2026_V1,INELIGIBLE,BUREAU_SCORE
APP206594,PL_2026_V1,INELIGIBLE,MIN_INCOME
APP206595,PL_2026_V1,INELIGIBLE,BUREAU_SCORE
APP206596,PL_2026_V1,INELIGIBLE,BUREAU_SCORE
APP206597,PL_2026_V1,INELIGIBLE,MIN_INCOME
APP206598,PL_2026_V1,INELIGIBLE,BUREAU_SCORE
APP206599,PL_2026_V1,ELIGIBLE,
APP206600,PL_2026_V1,ELIGIBLE,
APP206601,PL_2026_V1,INELIGIBLE,MIN_INCOME
APP206602,PL_2026_V1,ELIGIBLE,
APP206603,PL_2026_V1,INELIGIBLE,MIN_INCOME
APP206604,PL_2026_V1,ELIGIBLE,
APP206605,PL_2026_V1,INELIGIBLE,BUREAU_SCORE
APP206606,PL_2026_V1,ELIGIBLE,
APP206607,PL_2026_V1,ELIGIBLE,
APP206608,PL_2026_V1,INELIGIBLE,MIN_INCOME|BUREAU_SCORE
APP206609,PL_2026_V1,INELIGIBLE,BUREAU_SCORE
APP206610,PL_2026_V1,INELIGIBLE,BUREAU_SCORE
APP206611,PL_2026_V1,ELIGIBLE,
APP206612,PL_2026_V1,INELIGIBLE,BUREAU_SCORE
APP206613,PL_2026_V1,INELIGIBLE,BUREAU_SCORE
APP206614,PL_2026_V1,ELIGIBLE,
APP206615,PL_2026_V1,ELIGIBLE,
APP206616,PL_2026_V1,INELIGIBLE,BUREAU_SCORE
APP206617,PL_2026_V1,INELIGIBLE,BUREAU_SCORE
APP206618,PL_2026_V1,ELIGIBLE,
APP206619,PL_2026_V1,INELIGIBLE,BUREAU_SCORE
APP206620,PL_2026_V1,ELIGIBLE,
APP206621,PL_2026_V1,ELIGIBLE,
APP206622,PL_2026_V1,INELIGIBLE,BUREAU_SCORE
APP206623,PL_2026_V1,INELIGIBLE,BUREAU_SCORE
APP206624,PL_2026_V1,INELIGIBLE,BUREAU_SCORE
APP206625,PL_2026_V1,ELIGIBLE,
APP206626,PL_2026_V1,ELIGIBLE,
APP206627,PL_2026_V1,INELIGIBLE,BUREAU_SCORE
APP206628,PL_2026_V1,ELIGIBLE,
APP206629,PL_2026_V1,ELIGIBLE,
APP206630,PL_2026_V1,ELIGIBLE,
APP206631,PL_2026_V1,ELIGIBLE,
APP206632,PL_2026_V1,ELIGIBLE,
APP206633,PL_2026_V1,ELIGIBLE,
APP206634,PL_2026_V1,INELIGIBLE,BUREAU_SCORE
APP206635,PL_2026_V1,ELIGIBLE,
APP206636,PL_2026_V1,ELIGIBLE,
APP206637,PL_2026_V1,INELIGIBLE,BUREAU_SCORE
APP206638,PL_2026_V1,ELIGIBLE,
APP206639,PL_2026_V1,ELIGIBLE,
APP206640,PL_2026_V1,ELIGIBLE,
APP206641,PL_2026_V1,ELIGIBLE,
APP206642,PL_2026_V1,INELIGIBLE,MIN_INCOME|BUREAU_SCORE
APP206643,PL_2026_V1,INELIGIBLE,BUREAU_SCORE
APP206644,PL_2026_V1,ELIGIBLE,
APP206645,PL_2026_V1,ELIGIBLE,
APP206646,PL_2026_V1,INELIGIBLE,BUREAU_SCORE
APP206647,PL_2026_V1,INELIGIBLE,BUREAU_SCORE
APP206648,PL_2026_V1,INELIGIBLE,BUREAU_SCORE
APP206649,PL_2026_V1,ELIGIBLE,
APP206650,PL_2026_V1,ELIGIBLE,
APP206651,PL_2026_V1,INELIGIBLE,BUREAU_SCORE
APP206652,PL_2026_V1,INELIGIBLE,BUREAU_SCORE
APP206653,PL_2026_V1,ELIGIBLE,
APP206654,PL_2026_V1,ELIGIBLE,
APP206655,PL_2026_V1,INELIGIBLE,BUREAU_SCORE
APP206656,PL_2026_V1,ELIGIBLE,
APP206657,PL_2026_V1,ELIGIBLE,
APP206658,PL_2026_V1,INELIGIBLE,BUREAU_SCORE
APP206659,PL_2026_V1,ELIGIBLE,
APP206660,PL_2026_V1,ELIGIBLE,
APP206661,PL_2026_V1,ELIGIBLE,
APP206662,PL_2026_V1,ELIGIBLE,
APP206663,PL_2026_V1,ELIGIBLE,
APP206664,PL_2026_V1,INELIGIBLE,MIN_INCOME
APP206665,PL_2026_V1,INELIGIBLE,BUREAU_SCORE
APP206666,PL_2026_V1,INELIGIBLE,BUREAU_SCORE
APP206667,PL_2026_V1,INELIGIBLE,BUREAU_SCORE
APP206668,PL_2026_V1,ELIGIBLE,
APP206669,PL_2026_V1,ELIGIBLE,
APP206670,PL_2026_V1,ELIGIBLE,
APP206671,PL_2026_V1,INELIGIBLE,BUREAU_SCORE
APP206672,PL_2026_V1,ELIGIBLE,
APP206673,PL_2026_V1,ELIGIBLE,
APP206674,PL_2026_V1,ELIGIBLE,
APP206675,PL_2026_V1,INELIGIBLE,MIN_INCOME
APP206676,PL_2026_V1,INELIGIBLE,BUREAU_SCORE
APP206677,PL_2026_V1,INELIGIBLE,MIN_INCOME
APP206678,PL_2026_V1,ELIGIBLE,
APP206679,PL_2026_V1,ELIGIBLE,
APP206680,PL_2026_V1,INELIGIBLE,BUREAU_SCORE
APP206681,PL_2026_V1,ELIGIBLE,
APP206682,PL_2026_V1,INELIGIBLE,BUREAU_SCORE
APP206683,PL_2026_V1,ELIGIBLE,
APP206684,PL_2026_V1,ELIGIBLE,
APP206685,PL_2026_V1,INELIGIBLE,BUREAU_SCORE
APP206686,PL_2026_V1,ELIGIBLE,
APP206687,PL_2026_V1,INELIGIBLE,MIN_INCOME|BUREAU_SCORE
APP206688,PL_2026_V1,INELIGIBLE,BUREAU_SCORE
APP206689,PL_2026_V1,ELIGIBLE,
APP206690,PL_2026_V1,ELIGIBLE,
APP206691,PL_2026_V1,INELIGIBLE,MIN_INCOME
APP206692,PL_2026_V1,ELIGIBLE,
APP206693,PL_2026_V1,INELIGIBLE,MIN_INCOME|BUREAU_SCORE
APP206694,PL_2026_V1,ELIGIBLE,
APP206695,PL_2026_V1,INELIGIBLE,BUREAU_SCORE
APP206696,PL_2026_V1,ELIGIBLE,
APP206697,PL_2026_V1,ELIGIBLE,
APP206698,PL_2026_V1,ELIGIBLE,
APP206699,PL_2026_V1,ELIGIBLE,
APP206700,PL_2026_V1,ELIGIBLE,
APP206701,PL_2026_V1,ELIGIBLE,
APP206702,PL_2026_V1,ELIGIBLE,
APP206703,PL_2026_V1,ELIGIBLE,
APP206704,PL_2026_V1,INELIGIBLE,MIN_INCOME
APP206705,PL_2026_V1,ELIGIBLE,
APP206706,PL_2026_V1,INELIGIBLE,MIN_INCOME
APP206707,PL_2026_V1,INELIGIBLE,MIN_INCOME
APP206708,PL_2026_V1,ELIGIBLE,
APP206709,PL_2026_V1,ELIGIBLE,
APP206710,PL_2026_V1,ELIGIBLE,
APP206711,PL_2026_V1,ELIGIBLE,
APP206712,PL_2026_V1,INELIGIBLE,MIN_INCOME
APP206713,PL_2026_V1,ELIGIBLE,
APP206714,PL_2026_V1,ELIGIBLE,
APP206715,PL_2026_V1,ELIGIBLE,
APP206716,PL_2026_V1,INELIGIBLE,BUREAU_SCORE
APP206717,PL_2026_V1,ELIGIBLE,
APP206718,PL_2026_V1,INELIGIBLE,BUREAU_SCORE
APP206719,PL_2026_V1,INELIGIBLE,BUREAU_SCORE
APP206720,PL_2026_V1,INELIGIBLE,BUREAU_SCORE
APP206721,PL_2026_V1,ELIGIBLE,
APP206722,PL_2026_V1,ELIGIBLE,
APP206723,PL_2026_V1,ELIGIBLE,
APP206724,PL_2026_V1,INELIGIBLE,BUREAU_SCORE
APP206725,PL_2026_V1,ELIGIBLE,
APP206726,PL_2026_V1,INELIGIBLE,MIN_INCOME
APP206727,PL_2026_V1,ELIGIBLE,
APP206728,PL_2026_V1,ELIGIBLE,
APP206729,PL_2026_V1,ELIGIBLE,
APP206730,PL_2026_V1,ELIGIBLE,
APP206731,PL_2026_V1,INELIGIBLE,BUREAU_SCORE
APP206732,PL_2026_V1,ELIGIBLE,
APP206733,PL_2026_V1,ELIGIBLE,
APP206734,PL_2026_V1,ELIGIBLE,
APP206735,PL_2026_V1,ELIGIBLE,
APP206736,PL_2026_V1,ELIGIBLE,
APP206737,PL_2026_V1,INELIGIBLE,MIN_INCOME
APP206738,PL_2026_V1,ELIGIBLE,
APP206739,PL_2026_V1,INELIGIBLE,BUREAU_SCORE
APP206740,PL_2026_V1,ELIGIBLE,
APP206741,PL_2026_V1,ELIGIBLE,
APP206742,PL_2026_V1,INELIGIBLE,MIN_INCOME
APP206743,PL_2026_V1,INELIGIBLE,MIN_INCOME
APP206744,PL_2026_V1,ELIGIBLE,
APP206745,PL_2026_V1,ELIGIBLE,
APP206746,PL_2026_V1,ELIGIBLE,
APP206747,PL_2026_V1,ELIGIBLE,
APP206748,PL_2026_V1,ELIGIBLE,
APP206749,PL_2026_V1,ELIGIBLE,
APP206750,PL_2026_V1,ELIGIBLE,
APP206751,PL_2026_V1,INELIGIBLE,BUREAU_SCORE
APP206752,PL_2026_V1,ELIGIBLE,
APP206753,PL_2026_V1,ELIGIBLE,
APP206754,PL_2026_V1,INELIGIBLE,MIN_INCOME|BUREAU_SCORE
APP206755,PL_2026_V1,ELIGIBLE,
APP206756,PL_2026_V1,INELIGIBLE,MIN_INCOME
APP206757,PL_2026_V1,ELIGIBLE,
APP206758,PL_2026_V1,ELIGIBLE,
APP206759,PL_2026_V1,INELIGIBLE,MIN_INCOME
APP206760,PL_2026_V1,ELIGIBLE,
APP206761,PL_2026_V1,ELIGIBLE,
APP206762,PL_2026_V1,ELIGIBLE,
APP206763,PL_2026_V1,INELIGIBLE,MIN_INCOME
APP206764,PL_2026_V1,ELIGIBLE,
APP206765,PL_2026_V1,INELIGIBLE,MIN_INCOME
APP206766,PL_2026_V1,ELIGIBLE,
APP206767,PL_2026_V1,INELIGIBLE,MIN_INCOME
APP206768,PL_2026_V1,ELIGIBLE,
APP206769,PL_2026_V1,ELIGIBLE,
APP206770,PL_2026_V1,ELIGIBLE,
APP206771,PL_2026_V1,ELIGIBLE,
APP206772,PL_2026_V1,ELIGIBLE,
APP206773,PL_2026_V1,INELIGIBLE,BUREAU_SCORE
APP206774,PL_2026_V1,INELIGIBLE,BUREAU_SCORE
APP206775,PL_2026_V1,INELIGIBLE,MIN_INCOME|BUREAU_SCORE
APP206776,PL_2026_V1,ELIGIBLE,
APP206777,PL_2026_V1,INELIGIBLE,BUREAU_SCORE
APP206778,PL_2026_V1,ELIGIBLE,
APP206779,PL_2026_V1,ELIGIBLE,
APP206780,PL_2026_V1,INELIGIBLE,MIN_INCOME
APP206781,PL_2026_V1,ELIGIBLE,
APP206782,PL_2026_V1,INELIGIBLE,BUREAU_SCORE
APP206783,PL_2026_V1,ELIGIBLE,
APP206784,PL_2026_V1,ELIGIBLE,
APP206785,PL_2026_V1,ELIGIBLE,
APP206786,PL_2026_V1,INELIGIBLE,BUREAU_SCORE
APP206787,PL_2026_V1,ELIGIBLE,
APP206788,PL_2026_V1,ELIGIBLE,
APP206789,PL_2026_V1,ELIGIBLE,
APP206790,PL_2026_V1,ELIGIBLE,
APP206791,PL_2026_V1,INELIGIBLE,BUREAU_SCORE
APP206792,PL_2026_V1,INELIGIBLE,BUREAU_SCORE
APP206793,PL_2026_V1,INELIGIBLE,MIN_INCOME
APP206794,PL_2026_V1,ELIGIBLE,
APP206795,PL_2026_V1,INELIGIBLE,BUREAU_SCORE
APP206796,PL_2026_V1,ELIGIBLE,
APP206797,PL_2026_V1,ELIGIBLE,
APP206798,PL_2026_V1,ELIGIBLE,
APP206799,PL_2026_V1,ELIGIBLE,
APP206800,PL_2026_V1,ELIGIBLE,
APP206801,PL_2026_V1,INELIGIBLE,BUREAU_SCORE
APP206802,PL_2026_V1,INELIGIBLE,FOIR
APP206803,PL_2026_V1,ELIGIBLE,
APP206804,PL_2026_V1,INELIGIBLE,BUREAU_SCORE
APP206805,PL_2026_V1,ELIGIBLE,
APP206806,PL_2026_V1,INELIGIBLE,BUREAU_SCORE
APP206807,PL_2026_V1,INELIGIBLE,MIN_INCOME|BUREAU_SCORE
APP206808,PL_2026_V1,INELIGIBLE,BUREAU_SCORE
APP206809,PL_2026_V1,ELIGIBLE,
APP206810,PL_2026_V1,ELIGIBLE,
APP206811,PL_2026_V1,ELIGIBLE,
APP206812,PL_2026_V1,INELIGIBLE,MIN_INCOME
APP206813,PL_2026_V1,INELIGIBLE,BUREAU_SCORE
APP206814,PL_2026_V1,ELIGIBLE,
APP206815,PL_2026_V1,ELIGIBLE,
APP206816,PL_2026_V1,ELIGIBLE,
APP206817,PL_2026_V1,ELIGIBLE,
APP206818,PL_2026_V1,ELIGIBLE,
APP206819,PL_2026_V1,ELIGIBLE,
APP206820,PL_2026_V1,ELIGIBLE,
APP206821,PL_2026_V1,ELIGIBLE,
APP206822,PL_2026_V1,ELIGIBLE,
APP206823,PL_2026_V1,INELIGIBLE,BUREAU_SCORE
APP206824,PL_2026_V1,ELIGIBLE,
APP206825,PL_2026_V1,ELIGIBLE,
APP206826,PL_2026_V1,ELIGIBLE,
APP206827,PL_2026_V1,ELIGIBLE,
APP206828,PL_2026_V1,ELIGIBLE,
APP206829,PL_2026_V1,INELIGIBLE,BUREAU_SCORE
APP206830,PL_2026_V1,ELIGIBLE,
APP206831,PL_2026_V1,ELIGIBLE,
APP206832,PL_2026_V1,ELIGIBLE,
APP206833,PL_2026_V1,ELIGIBLE,
APP206834,PL_2026_V1,INELIGIBLE,BUREAU_SCORE
APP206835,PL_2026_V1,ELIGIBLE,
APP206836,PL_2026_V1,ELIGIBLE,
APP206837,PL_2026_V1,ELIGIBLE,
APP206838,PL_2026_V1,INELIGIBLE,BUREAU_SCORE
APP206839,PL_2026_V1,ELIGIBLE,
APP206840,PL_2026_V1,ELIGIBLE,
APP206841,PL_2026_V1,INELIGIBLE,BUREAU_SCORE
APP206842,PL_2026_V1,ELIGIBLE,
APP206843,PL_2026_V1,INELIGIBLE,BUREAU_SCORE
APP206844,PL_2026_V1,ELIGIBLE,
APP206845,PL_2026_V1,INELIGIBLE,MIN_INCOME
APP206846,PL_2026_V1,ELIGIBLE,
APP206847,PL_2026_V1,INELIGIBLE,MIN_INCOME
APP206848,PL_2026_V1,ELIGIBLE,
APP206849,PL_2026_V1,ELIGIBLE,
APP206850,PL_2026_V1,INELIGIBLE,BUREAU_SCORE|FOIR
APP206851,PL_2026_V1,ELIGIBLE,
APP206852,PL_2026_V1,ELIGIBLE,
APP206853,PL_2026_V1,ELIGIBLE,
APP206854,PL_2026_V1,ELIGIBLE,
APP206855,PL_2026_V1,ELIGIBLE,
APP206856,PL_2026_V1,ELIGIBLE,
APP206857,PL_2026_V1,ELIGIBLE,
APP206858,PL_2026_V1,INELIGIBLE,MIN_INCOME
APP206859,PL_2026_V1,ELIGIBLE,
APP206860,PL_2026_V1,ELIGIBLE,
APP206861,PL_2026_V1,ELIGIBLE,
APP206862,PL_2026_V1,INELIGIBLE,BUREAU_SCORE
APP206863,PL_2026_V1,INELIGIBLE,BUREAU_SCORE
APP206864,PL_2026_V1,ELIGIBLE,
APP206865,PL_2026_V1,INELIGIBLE,MIN_INCOME
APP206866,PL_2026_V1,INELIGIBLE,BUREAU_SCORE
APP206867,PL_2026_V1,ELIGIBLE,
APP206868,PL_2026_V1,ELIGIBLE,
APP206869,PL_2026_V1,ELIGIBLE,
APP206870,PL_2026_V1,ELIGIBLE,
APP206871,PL_2026_V1,ELIGIBLE,
APP206872,PL_2026_V1,INELIGIBLE,BUREAU_SCORE
APP206873,PL_2026_V1,ELIGIBLE,
APP206874,PL_2026_V1,INELIGIBLE,MIN_INCOME|BUREAU_SCORE
APP206875,PL_2026_V1,ELIGIBLE,
APP206876,PL_2026_V1,ELIGIBLE,
APP206877,PL_2026_V1,INELIGIBLE,BUREAU_SCORE
APP206878,PL_2026_V1,INELIGIBLE,BUREAU_SCORE
APP206879,PL_2026_V1,INELIGIBLE,BUREAU_SCORE
APP206880,PL_2026_V1,INELIGIBLE,BUREAU_SCORE
APP206881,PL_2026_V1,ELIGIBLE,
APP206882,PL_2026_V1,ELIGIBLE,
APP206883,PL_2026_V1,ELIGIBLE,
APP206884,PL_2026_V1,INELIGIBLE,MIN_INCOME
APP206885,PL_2026_V1,ELIGIBLE,
APP206886,PL_2026_V1,ELIGIBLE,
APP206887,PL_2026_V1,ELIGIBLE,
APP206888,PL_2026_V1,ELIGIBLE,
APP206889,PL_2026_V1,ELIGIBLE,
APP206890,PL_2026_V1,ELIGIBLE,
APP206891,PL_2026_V1,ELIGIBLE,
APP206892,PL_2026_V1,INELIGIBLE,BUREAU_SCORE
APP206893,PL_2026_V1,ELIGIBLE,
APP206894,PL_2026_V1,ELIGIBLE,
APP206895,PL_2026_V1,INELIGIBLE,BUREAU_SCORE
APP206896,PL_2026_V1,INELIGIBLE,BUREAU_SCORE
APP206897,PL_2026_V1,INELIGIBLE,BUREAU_SCORE
APP206898,PL_2026_V1,INELIGIBLE,MIN_INCOME
APP206899,PL_2026_V1,ELIGIBLE,
APP206900,PL_2026_V1,ELIGIBLE,
APP206901,PL_2026_V1,ELIGIBLE,
APP206902,PL_2026_V1,INELIGIBLE,BUREAU_SCORE
APP206903,PL_2026_V1,ELIGIBLE,
APP206904,PL_2026_V1,INELIGIBLE,MIN_INCOME|BUREAU_SCORE
APP206905,PL_2026_V1,INELIGIBLE,MIN_INCOME
APP206906,PL_2026_V1,ELIGIBLE,
APP206907,PL_2026_V1,INELIGIBLE,BUREAU_SCORE
APP206908,PL_2026_V1,INELIGIBLE,MIN_INCOME
APP206909,PL_2026_V1,ELIGIBLE,
APP206910,PL_2026_V1,INELIGIBLE,BUREAU_SCORE
APP206911,PL_2026_V1,ELIGIBLE,
APP206912,PL_2026_V1,ELIGIBLE,
APP206913,PL_2026_V1,ELIGIBLE,
APP206914,PL_2026_V1,ELIGIBLE,
APP206915,PL_2026_V1,ELIGIBLE,
APP206916,PL_2026_V1,ELIGIBLE,
APP206917,PL_2026_V1,INELIGIBLE,BUREAU_SCORE
APP206918,PL_2026_V1,ELIGIBLE,
APP206919,PL_2026_V1,INELIGIBLE,BUREAU_SCORE
APP206920,PL_2026_V1,ELIGIBLE,
APP206921,PL_2026_V1,ELIGIBLE,
APP206922,PL_2026_V1,ELIGIBLE,
APP206923,PL_2026_V1,INELIGIBLE,BUREAU_SCORE
APP206924,PL_2026_V1,ELIGIBLE,
APP206925,PL_2026_V1,INELIGIBLE,BUREAU_SCORE
APP206926,PL_2026_V1,ELIGIBLE,
APP206927,PL_2026_V1,ELIGIBLE,
APP206928,PL_2026_V1,INELIGIBLE,BUREAU_SCORE
APP206929,PL_2026_V1,ELIGIBLE,
APP206930,PL_2026_V1,ELIGIBLE,
APP206931,PL_2026_V1,ELIGIBLE,
APP206932,PL_2026_V1,ELIGIBLE,
APP206933,PL_2026_V1,INELIGIBLE,MIN_INCOME|BUREAU_SCORE
APP206934,PL_2026_V1,ELIGIBLE,
APP206935,PL_2026_V1,ELIGIBLE,
APP206936,PL_2026_V1,ELIGIBLE,
APP206937,PL_2026_V1,ELIGIBLE,
APP206938,PL_2026_V1,INELIGIBLE,BUREAU_SCORE
APP206939,PL_2026_V1,ELIGIBLE,
APP206940,PL_2026_V1,ELIGIBLE,
APP206941,PL_2026_V1,INELIGIBLE,MIN_INCOME|FOIR
APP206942,PL_2026_V1,ELIGIBLE,
APP206943,PL_2026_V1,ELIGIBLE,
APP206944,PL_2026_V1,INELIGIBLE,BUREAU_SCORE
APP206945,PL_2026_V1,ELIGIBLE,
APP206946,PL_2026_V1,ELIGIBLE,
APP206947,PL_2026_V1,INELIGIBLE,BUREAU_SCORE
APP206948,PL_2026_V1,ELIGIBLE,
APP206949,PL_2026_V1,ELIGIBLE,
APP206950,PL_2026_V1,ELIGIBLE,
APP206951,PL_2026_V1,ELIGIBLE,
APP206952,PL_2026_V1,ELIGIBLE,
APP206953,PL_2026_V1,ELIGIBLE,
APP206954,PL_2026_V1,ELIGIBLE,
APP206955,PL_2026_V1,INELIGIBLE,BUREAU_SCORE
APP206956,PL_2026_V1,ELIGIBLE,
APP206957,PL_2026_V1,ELIGIBLE,
APP206958,PL_2026_V1,INELIGIBLE,BUREAU_SCORE
APP206959,PL_2026_V1,ELIGIBLE,
APP206960,PL_2026_V1,ELIGIBLE,
APP206961,PL_2026_V1,ELIGIBLE,
APP206962,PL_2026_V1,ELIGIBLE,
APP206963,PL_2026_V1,ELIGIBLE,
APP206964,PL_2026_V1,ELIGIBLE,
APP206965,PL_2026_V1,ELIGIBLE,
APP206966,PL_2026_V1,INELIGIBLE,BUREAU_SCORE
APP206967,PL_2026_V1,INELIGIBLE,BUREAU_SCORE
APP206968,PL_2026_V1,ELIGIBLE,
APP206969,PL_2026_V1,INELIGIBLE,FOIR
APP206970,PL_2026_V1,ELIGIBLE,
APP206971,PL_2026_V1,ELIGIBLE,
APP206972,PL_2026_V1,INELIGIBLE,BUREAU_SCORE
APP206973,PL_2026_V1,INELIGIBLE,BUREAU_SCORE
APP206974,PL_2026_V1,ELIGIBLE,
APP206975,PL_2026_V1,INELIGIBLE,BUREAU_SCORE
APP206976,PL_2026_V1,ELIGIBLE,
APP206977,PL_2026_V1,ELIGIBLE,
APP206978,PL_2026_V1,ELIGIBLE,
APP206979,PL_2026_V1,ELIGIBLE,
APP206980,PL_2026_V1,INELIGIBLE,BUREAU_SCORE
APP206981,PL_2026_V1,ELIGIBLE,
APP206982,PL_2026_V1,ELIGIBLE,
APP206983,PL_2026_V1,ELIGIBLE,
APP206984,PL_2026_V1,ELIGIBLE,
APP206985,PL_2026_V1,ELIGIBLE,
APP206986,PL_2026_V1,ELIGIBLE,
APP206987,PL_2026_V1,INELIGIBLE,BUREAU_SCORE
APP206988,PL_2026_V1,ELIGIBLE,
APP206989,PL_2026_V1,ELIGIBLE,
APP206990,PL_2026_V1,ELIGIBLE,
APP206991,PL_2026_V1,ELIGIBLE,
APP206992,PL_2026_V1,INELIGIBLE,BUREAU_SCORE
APP206993,PL_2026_V1,INELIGIBLE,BUREAU_SCORE
APP206994,PL_2026_V1,INELIGIBLE,FOIR
APP206995,PL_2026_V1,ELIGIBLE,
APP206996,PL_2026_V1,ELIGIBLE,
APP206997,PL_2026_V1,INELIGIBLE,MIN_INCOME|BUREAU_SCORE
APP206998,PL_2026_V1,ELIGIBLE,
APP206999,PL_2026_V1,INELIGIBLE,FOIR
APP207000,PL_2026_V1,ELIGIBLE,
APP207001,PL_2026_V1,ELIGIBLE,
APP207002,PL_2026_V1,ELIGIBLE,
APP207003,PL_2026_V1,INELIGIBLE,MIN_INCOME|BUREAU_SCORE
APP207004,PL_2026_V1,INELIGIBLE,BUREAU_SCORE
APP207005,PL_2026_V1,ELIGIBLE,
APP207006,PL_2026_V1,INELIGIBLE,BUREAU_SCORE
APP207007,PL_2026_V1,ELIGIBLE,
APP207008,PL_2026_V1,ELIGIBLE,
APP207009,PL_2026_V1,ELIGIBLE,
APP207010,PL_2026_V1,INELIGIBLE,MIN_INCOME
APP207011,PL_2026_V1,ELIGIBLE,
APP207012,PL_2026_V1,ELIGIBLE,
APP207013,PL_2026_V1,INELIGIBLE,BUREAU_SCORE
APP207014,PL_2026_V1,ELIGIBLE,
APP207015,PL_2026_V1,ELIGIBLE,
APP207016,PL_2026_V1,ELIGIBLE,
APP207017,PL_2026_V1,ELIGIBLE,
APP207018,PL_2026_V1,INELIGIBLE,BUREAU_SCORE
APP207019,PL_2026_V1,ELIGIBLE,
APP207020,PL_2026_V1,ELIGIBLE,
APP207021,PL_2026_V1,ELIGIBLE,
APP207022,PL_2026_V1,ELIGIBLE,
APP207023,PL_2026_V1,ELIGIBLE,
APP207024,PL_2026_V1,ELIGIBLE,
APP207025,PL_2026_V1,ELIGIBLE,
APP207026,PL_2026_V1,ELIGIBLE,
APP207027,PL_2026_V1,INELIGIBLE,EMPLOYMENT_TENURE
APP207028,PL_2026_V1,ELIGIBLE,
APP207029,PL_2026_V1,ELIGIBLE,
APP207030,PL_2026_V1,INELIGIBLE,BUREAU_SCORE
APP207031,PL_2026_V1,INELIGIBLE,BUREAU_SCORE
APP207032,PL_2026_V1,INELIGIBLE,MIN_INCOME
APP207033,PL_2026_V1,ELIGIBLE,
APP207034,PL_2026_V1,ELIGIBLE,
APP207035,PL_2026_V1,ELIGIBLE,
APP207036,PL_2026_V1,ELIGIBLE,
APP207037,PL_2026_V1,ELIGIBLE,
APP207038,PL_2026_V1,ELIGIBLE,
APP207039,PL_2026_V1,ELIGIBLE,
APP207040,PL_2026_V1,ELIGIBLE,
APP207041,PL_2026_V1,ELIGIBLE,
APP207042,PL_2026_V1,ELIGIBLE,
APP207043,PL_2026_V1,ELIGIBLE,
APP207044,PL_2026_V1,INELIGIBLE,BUREAU_SCORE
APP207045,PL_2026_V1,ELIGIBLE,
APP207046,PL_2026_V1,ELIGIBLE,
APP207047,PL_2026_V1,ELIGIBLE,
APP207048,PL_2026_V1,ELIGIBLE,
APP207049,PL_2026_V1,ELIGIBLE,
APP207050,PL_2026_V1,INELIGIBLE,MIN_INCOME
APP207051,PL_2026_V1,INELIGIBLE,BUREAU_SCORE
APP207052,PL_2026_V1,INELIGIBLE,BUREAU_SCORE
APP207053,PL_2026_V1,ELIGIBLE,
APP207054,PL_2026_V1,INELIGIBLE,BUREAU_SCORE
APP207055,PL_2026_V1,ELIGIBLE,
APP207056,PL_2026_V1,ELIGIBLE,
APP207057,PL_2026_V1,ELIGIBLE,
APP207058,PL_2026_V1,INELIGIBLE,MIN_INCOME|BUREAU_SCORE
APP207059,PL_2026_V1,ELIGIBLE,
APP207060,PL_2026_V1,ELIGIBLE,
APP207061,PL_2026_V1,ELIGIBLE,
APP207062,PL_2026_V1,ELIGIBLE,
APP207063,PL_2026_V1,ELIGIBLE,
APP207064,PL_2026_V1,INELIGIBLE,BUREAU_SCORE
APP207065,PL_2026_V1,ELIGIBLE,
APP207066,PL_2026_V1,INELIGIBLE,BUREAU_SCORE
APP207067,PL_2026_V1,ELIGIBLE,
APP207068,PL_2026_V1,ELIGIBLE,
APP207069,PL_2026_V1,INELIGIBLE,BUREAU_SCORE
APP207070,PL_2026_V1,INELIGIBLE,BUREAU_SCORE
APP207071,PL_2026_V1,ELIGIBLE,
APP207072,PL_2026_V1,INELIGIBLE,MIN_INCOME
APP207073,PL_2026_V1,ELIGIBLE,
APP207074,PL_2026_V1,ELIGIBLE,
APP207075,PL_2026_V1,ELIGIBLE,
APP207076,PL_2026_V1,ELIGIBLE,
APP207077,PL_2026_V1,INELIGIBLE,BUREAU_SCORE
APP207078,PL_2026_V1,INELIGIBLE,BUREAU_SCORE
APP207079,PL_2026_V1,ELIGIBLE,
APP207080,PL_2026_V1,ELIGIBLE,
APP207081,PL_2026_V1,INELIGIBLE,FOIR|EMPLOYMENT_TENURE
APP207082,PL_2026_V1,ELIGIBLE,
APP207083,PL_2026_V1,INELIGIBLE,MIN_INCOME|BUREAU_SCORE
APP207084,PL_2026_V1,ELIGIBLE,
APP207085,PL_2026_V1,INELIGIBLE,BUREAU_SCORE
APP207086,PL_2026_V1,ELIGIBLE,
APP207087,PL_2026_V1,ELIGIBLE,
APP207088,PL_2026_V1,ELIGIBLE,
APP207089,PL_2026_V1,INELIGIBLE,BUREAU_SCORE
APP207090,PL_2026_V1,INELIGIBLE,BUREAU_SCORE
APP207091,PL_2026_V1,ELIGIBLE,
APP207092,PL_2026_V1,INELIGIBLE,MIN_INCOME
APP207093,PL_2026_V1,ELIGIBLE,
APP207094,PL_2026_V1,ELIGIBLE,
APP207095,PL_2026_V1,ELIGIBLE,
APP207096,PL_2026_V1,ELIGIBLE,
APP207097,PL_2026_V1,ELIGIBLE,
APP207098,PL_2026_V1,INELIGIBLE,BUREAU_SCORE
APP207099,PL_2026_V1,ELIGIBLE,
APP207100,PL_2026_V1,ELIGIBLE,
APP207101,PL_2026_V1,INELIGIBLE,BUREAU_SCORE
APP207102,PL_2026_V1,INELIGIBLE,BUREAU_SCORE
APP207103,PL_2026_V1,ELIGIBLE,
APP207104,PL_2026_V1,ELIGIBLE,
APP207105,PL_2026_V1,ELIGIBLE,
APP207106,PL_2026_V1,ELIGIBLE,
APP207107,PL_2026_V1,ELIGIBLE,
APP207108,PL_2026_V1,ELIGIBLE,
APP207109,PL_2026_V1,ELIGIBLE,
APP207110,PL_2026_V1,ELIGIBLE,
APP207111,PL_2026_V1,INELIGIBLE,BUREAU_SCORE
APP207112,PL_2026_V1,ELIGIBLE,
APP207113,PL_2026_V1,ELIGIBLE,
APP207114,PL_2026_V1,ELIGIBLE,
APP207115,PL_2026_V1,ELIGIBLE,
APP207116,PL_2026_V1,ELIGIBLE,
APP207117,PL_2026_V1,ELIGIBLE,
APP207118,PL_2026_V1,INELIGIBLE,BUREAU_SCORE
APP207119,PL_2026_V1,ELIGIBLE,
APP207120,PL_2026_V1,ELIGIBLE,
APP207121,PL_2026_V1,INELIGIBLE,MIN_INCOME|BUREAU_SCORE
APP207122,PL_2026_V1,INELIGIBLE,BUREAU_SCORE
APP207123,PL_2026_V1,ELIGIBLE,
APP207124,PL_2026_V1,INELIGIBLE,MIN_INCOME|BUREAU_SCORE
APP207125,PL_2026_V1,ELIGIBLE,
APP207126,PL_2026_V1,INELIGIBLE,BUREAU_SCORE
APP207127,PL_2026_V1,INELIGIBLE,BUREAU_SCORE
APP207128,PL_2026_V1,ELIGIBLE,
APP207129,PL_2026_V1,ELIGIBLE,
APP207130,PL_2026_V1,ELIGIBLE,
APP207131,PL_2026_V1,ELIGIBLE,
APP207132,PL_2026_V1,INELIGIBLE,BUREAU_SCORE
APP207133,PL_2026_V1,ELIGIBLE,
APP207134,PL_2026_V1,INELIGIBLE,BUREAU_SCORE
APP207135,PL_2026_V1,ELIGIBLE,
APP207136,PL_2026_V1,INELIGIBLE,MIN_INCOME
APP207137,PL_2026_V1,ELIGIBLE,
APP207138,PL_2026_V1,ELIGIBLE,
APP207139,PL_2026_V1,ELIGIBLE,
APP207140,PL_2026_V1,ELIGIBLE,
APP207141,PL_2026_V1,INELIGIBLE,BUREAU_SCORE
APP207142,PL_2026_V1,INELIGIBLE,BUREAU_SCORE
APP207143,PL_2026_V1,ELIGIBLE,
APP207144,PL_2026_V1,INELIGIBLE,BUREAU_SCORE
APP207145,PL_2026_V1,ELIGIBLE,
APP207146,PL_2026_V1,INELIGIBLE,BUREAU_SCORE
APP207147,PL_2026_V1,INELIGIBLE,BUREAU_SCORE
APP207148,PL_2026_V1,ELIGIBLE,
APP207149,PL_2026_V1,ELIGIBLE,
APP207150,PL_2026_V1,ELIGIBLE,
APP207151,PL_2026_V1,ELIGIBLE,
APP207152,PL_2026_V1,INELIGIBLE,FOIR
APP207153,PL_2026_V1,ELIGIBLE,
APP207154,PL_2026_V1,INELIGIBLE,MIN_INCOME|BUREAU_SCORE
APP207155,PL_2026_V1,ELIGIBLE,
APP207156,PL_2026_V1,ELIGIBLE,
APP207157,PL_2026_V1,ELIGIBLE,
APP207158,PL_2026_V1,ELIGIBLE,
APP207159,PL_2026_V1,ELIGIBLE,
APP207160,PL_2026_V1,ELIGIBLE,
APP207161,PL_2026_V1,INELIGIBLE,BUREAU_SCORE
APP207162,PL_2026_V1,ELIGIBLE,
APP207163,PL_2026_V1,INELIGIBLE,BUREAU_SCORE
APP207164,PL_2026_V1,INELIGIBLE,MIN_INCOME
APP207165,PL_2026_V1,INELIGIBLE,BUREAU_SCORE
APP207166,PL_2026_V1,ELIGIBLE,
APP207167,PL_2026_V1,ELIGIBLE,
APP207168,PL_2026_V1,ELIGIBLE,
APP207169,PL_2026_V1,INELIGIBLE,BUREAU_SCORE
APP207170,PL_2026_V1,INELIGIBLE,BUREAU_SCORE
APP207171,PL_2026_V1,INELIGIBLE,BUREAU_SCORE
APP207172,PL_2026_V1,ELIGIBLE,
APP207173,PL_2026_V1,ELIGIBLE,
APP207174,PL_2026_V1,ELIGIBLE,
APP207175,PL_2026_V1,INELIGIBLE,MIN_INCOME
APP207176,PL_2026_V1,ELIGIBLE,
APP207177,PL_2026_V1,INELIGIBLE,BUREAU_SCORE
APP207178,PL_2026_V1,INELIGIBLE,MIN_INCOME
APP207179,PL_2026_V1,ELIGIBLE,
APP207180,PL_2026_V1,ELIGIBLE,
APP207181,PL_2026_V1,INELIGIBLE,BUREAU_SCORE
APP207182,PL_2026_V1,ELIGIBLE,
APP207183,PL_2026_V1,INELIGIBLE,BUREAU_SCORE
APP207184,PL_2026_V1,ELIGIBLE,
APP207185,PL_2026_V1,ELIGIBLE,
APP207186,PL_2026_V1,ELIGIBLE,
APP207187,PL_2026_V1,ELIGIBLE,
APP207188,PL_2026_V1,INELIGIBLE,BUREAU_SCORE
APP207189,PL_2026_V1,ELIGIBLE,
APP207190,PL_2026_V1,INELIGIBLE,BUREAU_SCORE
APP207191,PL_2026_V1,INELIGIBLE,MIN_INCOME
APP207192,PL_2026_V1,ELIGIBLE,
APP207193,PL_2026_V1,ELIGIBLE,
APP207194,PL_2026_V1,INELIGIBLE,BUREAU_SCORE
APP207195,PL_2026_V1,INELIGIBLE,BUREAU_SCORE
APP207196,PL_2026_V1,INELIGIBLE,BUREAU_SCORE
APP207197,PL_2026_V1,ELIGIBLE,
APP207198,PL_2026_V1,ELIGIBLE,
APP207199,PL_2026_V1,ELIGIBLE,
APP207200,PL_2026_V1,INELIGIBLE,BUREAU_SCORE
APP207201,PL_2026_V1,ELIGIBLE,
APP207202,PL_2026_V1,ELIGIBLE,
APP207203,PL_2026_V1,ELIGIBLE,
APP207204,PL_2026_V1,ELIGIBLE,
APP207205,PL_2026_V1,INELIGIBLE,BUREAU_SCORE
APP207206,PL_2026_V1,ELIGIBLE,
APP207207,PL_2026_V1,INELIGIBLE,MIN_INCOME
APP207208,PL_2026_V1,ELIGIBLE,
APP207209,PL_2026_V1,ELIGIBLE,
APP207210,PL_2026_V1,ELIGIBLE,
APP207211,PL_2026_V1,ELIGIBLE,
APP207212,PL_2026_V1,ELIGIBLE,
APP207213,PL_2026_V1,ELIGIBLE,
APP207214,PL_2026_V1,INELIGIBLE,BUREAU_SCORE
APP207215,PL_2026_V1,ELIGIBLE,
APP207216,PL_2026_V1,INELIGIBLE,BUREAU_SCORE
APP207217,PL_2026_V1,ELIGIBLE,
APP207218,PL_2026_V1,ELIGIBLE,
APP207219,PL_2026_V1,INELIGIBLE,MIN_INCOME
APP207220,PL_2026_V1,ELIGIBLE,
APP207221,PL_2026_V1,ELIGIBLE,
APP207222,PL_2026_V1,INELIGIBLE,MIN_INCOME
APP207223,PL_2026_V1,INELIGIBLE,BUREAU_SCORE
APP207224,PL_2026_V1,ELIGIBLE,
APP207225,PL_2026_V1,ELIGIBLE,
APP207226,PL_2026_V1,ELIGIBLE,
APP207227,PL_2026_V1,ELIGIBLE,
APP207228,PL_2026_V1,ELIGIBLE,
APP207229,PL_2026_V1,ELIGIBLE,
APP207230,PL_2026_V1,ELIGIBLE,
APP207231,PL_2026_V1,INELIGIBLE,BUREAU_SCORE
APP207232,PL_2026_V1,INELIGIBLE,MIN_INCOME
APP207233,PL_2026_V1,ELIGIBLE,
APP207234,PL_2026_V1,INELIGIBLE,BUREAU_SCORE
APP207235,PL_2026_V1,ELIGIBLE,
APP207236,PL_2026_V1,ELIGIBLE,
APP207237,PL_2026_V1,INELIGIBLE,BUREAU_SCORE
APP207238,PL_2026_V1,ELIGIBLE,
APP207239,PL_2026_V1,INELIGIBLE,MIN_INCOME|BUREAU_SCORE
APP207240,PL_2026_V1,ELIGIBLE,
APP207241,PL_2026_V1,ELIGIBLE,
APP207242,PL_2026_V1,ELIGIBLE,
APP207243,PL_2026_V1,ELIGIBLE,
APP207244,PL_2026_V1,ELIGIBLE,
APP207245,PL_2026_V1,ELIGIBLE,
APP207246,PL_2026_V1,INELIGIBLE,MIN_INCOME
APP207247,PL_2026_V1,ELIGIBLE,
APP207248,PL_2026_V1,INELIGIBLE,BUREAU_SCORE
APP207249,PL_2026_V1,ELIGIBLE,
APP207250,PL_2026_V1,ELIGIBLE,
APP207251,PL_2026_V1,INELIGIBLE,MIN_INCOME|BUREAU_SCORE
APP207252,PL_2026_V1,INELIGIBLE,BUREAU_SCORE
APP207253,PL_2026_V1,ELIGIBLE,
APP207254,PL_2026_V1,ELIGIBLE,
APP207255,PL_2026_V1,INELIGIBLE,MIN_INCOME
APP207256,PL_2026_V1,INELIGIBLE,BUREAU_SCORE
APP207257,PL_2026_V1,ELIGIBLE,
APP207258,PL_2026_V1,INELIGIBLE,BUREAU_SCORE
APP207259,PL_2026_V1,ELIGIBLE,
APP207260,PL_2026_V1,ELIGIBLE,
APP207261,PL_2026_V1,INELIGIBLE,BUREAU_SCORE
APP207262,PL_2026_V1,INELIGIBLE,MIN_INCOME
APP207263,PL_2026_V1,ELIGIBLE,
APP207264,PL_2026_V1,ELIGIBLE,
APP207265,PL_2026_V1,INELIGIBLE,BUREAU_SCORE
APP207266,PL_2026_V1,ELIGIBLE,
APP207267,PL_2026_V1,ELIGIBLE,
APP207268,PL_2026_V1,INELIGIBLE,BUREAU_SCORE
APP207269,PL_2026_V1,INELIGIBLE,MIN_INCOME
APP207270,PL_2026_V1,INELIGIBLE,BUREAU_SCORE
APP207271,PL_2026_V1,ELIGIBLE,
APP207272,PL_2026_V1,INELIGIBLE,BUREAU_SCORE
APP207273,PL_2026_V1,INELIGIBLE,BUREAU_SCORE|FOIR
APP207274,PL_2026_V1,ELIGIBLE,
APP207275,PL_2026_V1,ELIGIBLE,
APP207276,PL_2026_V1,INELIGIBLE,BUREAU_SCORE
APP207277,PL_2026_V1,ELIGIBLE,
APP207278,PL_2026_V1,INELIGIBLE,MIN_INCOME|BUREAU_SCORE
APP207279,PL_2026_V1,ELIGIBLE,
APP207280,PL_2026_V1,ELIGIBLE,
APP207281,PL_2026_V1,INELIGIBLE,BUREAU_SCORE
APP207282,PL_2026_V1,ELIGIBLE,
APP207283,PL_2026_V1,ELIGIBLE,
APP207284,PL_2026_V1,ELIGIBLE,
APP207285,PL_2026_V1,INELIGIBLE,BUREAU_SCORE
APP207286,PL_2026_V1,ELIGIBLE,
APP207287,PL_2026_V1,ELIGIBLE,
APP207288,PL_2026_V1,ELIGIBLE,
APP207289,PL_2026_V1,INELIGIBLE,MIN_INCOME
APP207290,PL_2026_V1,ELIGIBLE,
APP207291,PL_2026_V1,ELIGIBLE,
APP207292,PL_2026_V1,ELIGIBLE,
APP207293,PL_2026_V1,INELIGIBLE,BUREAU_SCORE
APP207294,PL_2026_V1,INELIGIBLE,BUREAU_SCORE
APP207295,PL_2026_V1,ELIGIBLE,
APP207296,PL_2026_V1,INELIGIBLE,MIN_INCOME
APP207297,PL_2026_V1,ELIGIBLE,
APP207298,PL_2026_V1,ELIGIBLE,
APP207299,PL_2026_V1,ELIGIBLE,
APP207300,PL_2026_V1,ELIGIBLE,
APP207301,PL_2026_V1,ELIGIBLE,
APP207302,PL_2026_V1,ELIGIBLE,
APP207303,PL_2026_V1,ELIGIBLE,
APP207304,PL_2026_V1,ELIGIBLE,
APP207305,PL_2026_V1,ELIGIBLE,
APP207306,PL_2026_V1,ELIGIBLE,
APP207307,PL_2026_V1,INELIGIBLE,MIN_INCOME|BUREAU_SCORE
APP207308,PL_2026_V1,INELIGIBLE,BUREAU_SCORE
APP207309,PL_2026_V1,INELIGIBLE,BUREAU_SCORE
APP207310,PL_2026_V1,ELIGIBLE,
APP207311,PL_2026_V1,ELIGIBLE,
APP207312,PL_2026_V1,ELIGIBLE,
APP207313,PL_2026_V1,ELIGIBLE,
APP207314,PL_2026_V1,ELIGIBLE,
APP207315,PL_2026_V1,ELIGIBLE,
APP207316,PL_2026_V1,ELIGIBLE,
APP207317,PL_2026_V1,INELIGIBLE,BUREAU_SCORE
APP207318,PL_2026_V1,ELIGIBLE,
APP207319,PL_2026_V1,INELIGIBLE,MIN_INCOME
APP207320,PL_2026_V1,INELIGIBLE,MIN_INCOME
APP207321,PL_2026_V1,INELIGIBLE,MIN_INCOME
APP207322,PL_2026_V1,ELIGIBLE,
APP207323,PL_2026_V1,INELIGIBLE,BUREAU_SCORE
APP207324,PL_2026_V1,INELIGIBLE,BUREAU_SCORE
APP207325,PL_2026_V1,INELIGIBLE,MIN_INCOME
APP207326,PL_2026_V1,ELIGIBLE,
APP207327,PL_2026_V1,INELIGIBLE,MIN_INCOME
APP207328,PL_2026_V1,ELIGIBLE,
APP207329,PL_2026_V1,INELIGIBLE,MIN_INCOME|BUREAU_SCORE
APP207330,PL_2026_V1,INELIGIBLE,BUREAU_SCORE
APP207331,PL_2026_V1,ELIGIBLE,
APP207332,PL_2026_V1,ELIGIBLE,
APP207333,PL_2026_V1,INELIGIBLE,MIN_INCOME
APP207334,PL_2026_V1,ELIGIBLE,
APP207335,PL_2026_V1,ELIGIBLE,
APP207336,PL_2026_V1,INELIGIBLE,MIN_INCOME
APP207337,PL_2026_V1,INELIGIBLE,BUREAU_SCORE
APP207338,PL_2026_V1,ELIGIBLE,
APP207339,PL_2026_V1,ELIGIBLE,
APP207340,PL_2026_V1,ELIGIBLE,
APP207341,PL_2026_V1,ELIGIBLE,
APP207342,PL_2026_V1,ELIGIBLE,
APP207343,PL_2026_V1,ELIGIBLE,
APP207344,PL_2026_V1,ELIGIBLE,
APP207345,PL_2026_V1,INELIGIBLE,MIN_INCOME
APP207346,PL_2026_V1,ELIGIBLE,
APP207347,PL_2026_V1,ELIGIBLE,
APP207348,PL_2026_V1,ELIGIBLE,
APP207349,PL_2026_V1,ELIGIBLE,
APP207350,PL_2026_V1,ELIGIBLE,
APP207351,PL_2026_V1,INELIGIBLE,BUREAU_SCORE
APP207352,PL_2026_V1,ELIGIBLE,
APP207353,PL_2026_V1,ELIGIBLE,
APP207354,PL_2026_V1,ELIGIBLE,
APP207355,PL_2026_V1,ELIGIBLE,
APP207356,PL_2026_V1,INELIGIBLE,MIN_INCOME|BUREAU_SCORE
APP207357,PL_2026_V1,INELIGIBLE,BUREAU_SCORE
APP207358,PL_2026_V1,INELIGIBLE,MIN_INCOME
APP207359,PL_2026_V1,ELIGIBLE,
APP207360,PL_2026_V1,INELIGIBLE,BUREAU_SCORE
APP207361,PL_2026_V1,ELIGIBLE,
APP207362,PL_2026_V1,ELIGIBLE,
APP207363,PL_2026_V1,INELIGIBLE,BUREAU_SCORE
APP207364,PL_2026_V1,ELIGIBLE,
APP207365,PL_2026_V1,INELIGIBLE,BUREAU_SCORE
APP207366,PL_2026_V1,ELIGIBLE,
APP207367,PL_2026_V1,ELIGIBLE,
APP207368,PL_2026_V1,ELIGIBLE,
APP207369,PL_2026_V1,ELIGIBLE,
APP207370,PL_2026_V1,ELIGIBLE,
APP207371,PL_2026_V1,ELIGIBLE,
APP207372,PL_2026_V1,ELIGIBLE,
APP207373,PL_2026_V1,INELIGIBLE,MIN_INCOME
APP207374,PL_2026_V1,INELIGIBLE,FOIR
APP207375,PL_2026_V1,ELIGIBLE,
APP207376,PL_2026_V1,INELIGIBLE,BUREAU_SCORE
APP207377,PL_2026_V1,INELIGIBLE,BUREAU_SCORE
APP207378,PL_2026_V1,INELIGIBLE,MIN_INCOME
APP207379,PL_2026_V1,ELIGIBLE,
APP207380,PL_2026_V1,INELIGIBLE,MIN_INCOME|BUREAU_SCORE
APP207381,PL_2026_V1,INELIGIBLE,MIN_INCOME
APP207382,PL_2026_V1,INELIGIBLE,BUREAU_SCORE
APP207383,PL_2026_V1,INELIGIBLE,BUREAU_SCORE
APP207384,PL_2026_V1,ELIGIBLE,
APP207385,PL_2026_V1,INELIGIBLE,BUREAU_SCORE
APP207386,PL_2026_V1,INELIGIBLE,MIN_INCOME
APP207387,PL_2026_V1,ELIGIBLE,
APP207388,PL_2026_V1,INELIGIBLE,BUREAU_SCORE
APP207389,PL_2026_V1,INELIGIBLE,MIN_INCOME
APP207390,PL_2026_V1,ELIGIBLE,
APP207391,PL_2026_V1,INELIGIBLE,EMPLOYMENT_TENURE
APP207392,PL_2026_V1,ELIGIBLE,
APP207393,PL_2026_V1,INELIGIBLE,BUREAU_SCORE
APP207394,PL_2026_V1,INELIGIBLE,BUREAU_SCORE
APP207395,PL_2026_V1,INELIGIBLE,BUREAU_SCORE
APP207396,PL_2026_V1,ELIGIBLE,
APP207397,PL_2026_V1,INELIGIBLE,BUREAU_SCORE
APP207398,PL_2026_V1,ELIGIBLE,
APP207399,PL_2026_V1,INELIGIBLE,BUREAU_SCORE
APP207400,PL_2026_V1,ELIGIBLE,
APP207401,PL_2026_V1,ELIGIBLE,
APP207402,PL_2026_V1,ELIGIBLE,
APP207403,PL_2026_V1,ELIGIBLE,
APP207404,PL_2026_V1,ELIGIBLE,
APP207405,PL_2026_V1,ELIGIBLE,
APP207406,PL_2026_V1,ELIGIBLE,
APP207407,PL_2026_V1,INELIGIBLE,MIN_INCOME
APP207408,PL_2026_V1,ELIGIBLE,
APP207409,PL_2026_V1,ELIGIBLE,
APP207410,PL_2026_V1,ELIGIBLE,
APP207411,PL_2026_V1,INELIGIBLE,MIN_INCOME|BUREAU_SCORE
APP207412,PL_2026_V1,INELIGIBLE,BUREAU_SCORE
APP207413,PL_2026_V1,ELIGIBLE,
APP207414,PL_2026_V1,ELIGIBLE,
APP207415,PL_2026_V1,INELIGIBLE,BUREAU_SCORE
APP207416,PL_2026_V1,ELIGIBLE,
APP207417,PL_2026_V1,ELIGIBLE,
APP207418,PL_2026_V1,ELIGIBLE,
APP207419,PL_2026_V1,ELIGIBLE,
APP207420,PL_2026_V1,ELIGIBLE,
APP207421,PL_2026_V1,ELIGIBLE,
APP207422,PL_2026_V1,INELIGIBLE,BUREAU_SCORE
APP207423,PL_2026_V1,ELIGIBLE,
APP207424,PL_2026_V1,INELIGIBLE,BUREAU_SCORE
APP207425,PL_2026_V1,ELIGIBLE,
APP207426,PL_2026_V1,INELIGIBLE,MIN_INCOME
APP207427,PL_2026_V1,INELIGIBLE,MIN_INCOME
APP207428,PL_2026_V1,ELIGIBLE,
APP207429,PL_2026_V1,ELIGIBLE,
APP207430,PL_2026_V1,ELIGIBLE,
APP207431,PL_2026_V1,INELIGIBLE,MIN_INCOME
APP207432,PL_2026_V1,ELIGIBLE,
APP207433,PL_2026_V1,ELIGIBLE,
APP207434,PL_2026_V1,ELIGIBLE,
APP207435,PL_2026_V1,INELIGIBLE,BUREAU_SCORE
APP207436,PL_2026_V1,ELIGIBLE,
APP207437,PL_2026_V1,ELIGIBLE,
APP207438,PL_2026_V1,ELIGIBLE,
APP207439,PL_2026_V1,ELIGIBLE,
APP207440,PL_2026_V1,ELIGIBLE,
APP207441,PL_2026_V1,ELIGIBLE,
APP207442,PL_2026_V1,ELIGIBLE,
APP207443,PL_2026_V1,INELIGIBLE,BUREAU_SCORE
APP207444,PL_2026_V1,INELIGIBLE,BUREAU_SCORE
APP207445,PL_2026_V1,ELIGIBLE,
APP207446,PL_2026_V1,ELIGIBLE,
APP207447,PL_2026_V1,INELIGIBLE,BUREAU_SCORE
APP207448,PL_2026_V1,ELIGIBLE,
APP207449,PL_2026_V1,ELIGIBLE,
APP207450,PL_2026_V1,INELIGIBLE,MIN_INCOME|BUREAU_SCORE
APP207451,PL_2026_V1,ELIGIBLE,
APP207452,PL_2026_V1,ELIGIBLE,
APP207453,PL_2026_V1,INELIGIBLE,BUREAU_SCORE
APP207454,PL_2026_V1,INELIGIBLE,MIN_INCOME|BUREAU_SCORE
APP207455,PL_2026_V1,INELIGIBLE,MIN_INCOME|BUREAU_SCORE
APP207456,PL_2026_V1,INELIGIBLE,MIN_INCOME
APP207457,PL_2026_V1,ELIGIBLE,
APP207458,PL_2026_V1,ELIGIBLE,
APP207459,PL_2026_V1,ELIGIBLE,
APP207460,PL_2026_V1,ELIGIBLE,
APP207461,PL_2026_V1,INELIGIBLE,BUREAU_SCORE
APP207462,PL_2026_V1,INELIGIBLE,FOIR
APP207463,PL_2026_V1,ELIGIBLE,
APP207464,PL_2026_V1,INELIGIBLE,BUREAU_SCORE
APP207465,PL_2026_V1,INELIGIBLE,BUREAU_SCORE
APP207466,PL_2026_V1,ELIGIBLE,
APP207467,PL_2026_V1,INELIGIBLE,BUREAU_SCORE
APP207468,PL_2026_V1,INELIGIBLE,BUREAU_SCORE
APP207469,PL_2026_V1,INELIGIBLE,BUREAU_SCORE
APP207470,PL_2026_V1,ELIGIBLE,
APP207471,PL_2026_V1,ELIGIBLE,
APP207472,PL_2026_V1,ELIGIBLE,
APP207473,PL_2026_V1,ELIGIBLE,
APP207474,PL_2026_V1,ELIGIBLE,
APP207475,PL_2026_V1,ELIGIBLE,
APP207476,PL_2026_V1,INELIGIBLE,MIN_INCOME|BUREAU_SCORE
APP207477,PL_2026_V1,ELIGIBLE,
APP207478,PL_2026_V1,ELIGIBLE,
APP207479,PL_2026_V1,INELIGIBLE,FOIR
APP207480,PL_2026_V1,ELIGIBLE,
APP207481,PL_2026_V1,ELIGIBLE,
APP207482,PL_2026_V1,ELIGIBLE,
APP207483,PL_2026_V1,INELIGIBLE,MIN_INCOME
APP207484,PL_2026_V1,ELIGIBLE,
APP207485,PL_2026_V1,ELIGIBLE,
APP207486,PL_2026_V1,ELIGIBLE,
APP207487,PL_2026_V1,ELIGIBLE,
APP207488,PL_2026_V1,ELIGIBLE,
APP207489,PL_2026_V1,ELIGIBLE,
APP207490,PL_2026_V1,ELIGIBLE,
APP207491,PL_2026_V1,ELIGIBLE,
APP207492,PL_2026_V1,ELIGIBLE,
APP207493,PL_2026_V1,ELIGIBLE,
APP207494,PL_2026_V1,INELIGIBLE,BUREAU_SCORE
APP207495,PL_2026_V1,INELIGIBLE,MIN_INCOME
APP207496,PL_2026_V1,ELIGIBLE,
APP207497,PL_2026_V1,ELIGIBLE,
APP207498,PL_2026_V1,ELIGIBLE,
APP207499,PL_2026_V1,ELIGIBLE,
APP207500,PL_2026_V1,INELIGIBLE,MIN_INCOME
APP207501,PL_2026_V1,ELIGIBLE,
APP207502,PL_2026_V1,ELIGIBLE,
APP207503,PL_2026_V1,INELIGIBLE,MIN_INCOME|FOIR
APP207504,PL_2026_V1,INELIGIBLE,MIN_INCOME
APP207505,PL_2026_V1,INELIGIBLE,MIN_INCOME
APP207506,PL_2026_V1,INELIGIBLE,BUREAU_SCORE
APP207507,PL_2026_V1,ELIGIBLE,
APP207508,PL_2026_V1,ELIGIBLE,
APP207509,PL_2026_V1,INELIGIBLE,EMPLOYMENT_TENURE
APP207510,PL_2026_V1,ELIGIBLE,
APP207511,PL_2026_V1,INELIGIBLE,BUREAU_SCORE
APP207512,PL_2026_V1,INELIGIBLE,BUREAU_SCORE
APP207513,PL_2026_V1,ELIGIBLE,
APP207514,PL_2026_V1,ELIGIBLE,
APP207515,PL_2026_V1,ELIGIBLE,
APP207516,PL_2026_V1,INELIGIBLE,BUREAU_SCORE
APP207517,PL_2026_V1,INELIGIBLE,MIN_INCOME
APP207518,PL_2026_V1,ELIGIBLE,
APP207519,PL_2026_V1,ELIGIBLE,
APP207520,PL_2026_V1,ELIGIBLE,
APP207521,PL_2026_V1,ELIGIBLE,
APP207522,PL_2026_V1,ELIGIBLE,
APP207523,PL_2026_V1,INELIGIBLE,BUREAU_SCORE
APP207524,PL_2026_V1,ELIGIBLE,
APP207525,PL_2026_V1,INELIGIBLE,MIN_INCOME
APP207526,PL_2026_V1,INELIGIBLE,BUREAU_SCORE|FOIR
APP207527,PL_2026_V1,ELIGIBLE,
APP207528,PL_2026_V1,ELIGIBLE,
APP207529,PL_2026_V1,ELIGIBLE,
APP207530,PL_2026_V1,ELIGIBLE,
APP207531,PL_2026_V1,ELIGIBLE,
APP207532,PL_2026_V1,INELIGIBLE,BUREAU_SCORE
APP207533,PL_2026_V1,ELIGIBLE,
APP207534,PL_2026_V1,ELIGIBLE,
APP207535,PL_2026_V1,ELIGIBLE,
APP207536,PL_2026_V1,INELIGIBLE,MIN_INCOME
APP207537,PL_2026_V1,ELIGIBLE,
APP207538,PL_2026_V1,INELIGIBLE,BUREAU_SCORE
APP207539,PL_2026_V1,ELIGIBLE,
APP207540,PL_2026_V1,ELIGIBLE,
APP207541,PL_2026_V1,INELIGIBLE,BUREAU_SCORE
APP207542,PL_2026_V1,INELIGIBLE,BUREAU_SCORE
APP207543,PL_2026_V1,ELIGIBLE,
APP207544,PL_2026_V1,ELIGIBLE,
APP207545,PL_2026_V1,ELIGIBLE,
APP207546,PL_2026_V1,ELIGIBLE,
APP207547,PL_2026_V1,ELIGIBLE,
APP207548,PL_2026_V1,INELIGIBLE,BUREAU_SCORE
APP207549,PL_2026_V1,INELIGIBLE,BUREAU_SCORE
APP207550,PL_2026_V1,INELIGIBLE,BUREAU_SCORE
APP207551,PL_2026_V1,INELIGIBLE,BUREAU_SCORE
APP207552,PL_2026_V1,INELIGIBLE,MIN_INCOME|BUREAU_SCORE|FOIR
APP207553,PL_2026_V1,ELIGIBLE,
APP207554,PL_2026_V1,ELIGIBLE,
APP207555,PL_2026_V1,ELIGIBLE,
APP207556,PL_2026_V1,ELIGIBLE,
APP207557,PL_2026_V1,ELIGIBLE,
APP207558,PL_2026_V1,ELIGIBLE,
APP207559,PL_2026_V1,ELIGIBLE,
APP207560,PL_2026_V1,ELIGIBLE,
APP207561,PL_2026_V1,INELIGIBLE,BUREAU_SCORE
APP207562,PL_2026_V1,ELIGIBLE,
APP207563,PL_2026_V1,INELIGIBLE,BUREAU_SCORE
APP207564,PL_2026_V1,ELIGIBLE,
APP207565,PL_2026_V1,ELIGIBLE,
APP207566,PL_2026_V1,ELIGIBLE,
APP207567,PL_2026_V1,ELIGIBLE,
APP207568,PL_2026_V1,ELIGIBLE,
APP207569,PL_2026_V1,INELIGIBLE,BUREAU_SCORE
APP207570,PL_2026_V1,INELIGIBLE,FOIR
APP207571,PL_2026_V1,ELIGIBLE,
APP207572,PL_2026_V1,ELIGIBLE,
APP207573,PL_2026_V1,ELIGIBLE,
APP207574,PL_2026_V1,ELIGIBLE,
APP207575,PL_2026_V1,INELIGIBLE,BUREAU_SCORE
APP207576,PL_2026_V1,ELIGIBLE,
APP207577,PL_2026_V1,ELIGIBLE,
APP207578,PL_2026_V1,INELIGIBLE,BUREAU_SCORE
APP207579,PL_2026_V1,INELIGIBLE,BUREAU_SCORE
APP207580,PL_2026_V1,INELIGIBLE,MIN_INCOME
APP207581,PL_2026_V1,ELIGIBLE,
APP207582,PL_2026_V1,ELIGIBLE,
APP207583,PL_2026_V1,ELIGIBLE,
APP207584,PL_2026_V1,ELIGIBLE,
APP207585,PL_2026_V1,ELIGIBLE,
APP207586,PL_2026_V1,ELIGIBLE,
APP207587,PL_2026_V1,ELIGIBLE,
APP207588,PL_2026_V1,ELIGIBLE,
APP207589,PL_2026_V1,INELIGIBLE,MIN_INCOME
APP207590,PL_2026_V1,ELIGIBLE,
APP207591,PL_2026_V1,ELIGIBLE,
APP207592,PL_2026_V1,ELIGIBLE,
APP207593,PL_2026_V1,ELIGIBLE,
APP207594,PL_2026_V1,INELIGIBLE,BUREAU_SCORE
APP207595,PL_2026_V1,ELIGIBLE,
APP207596,PL_2026_V1,ELIGIBLE,
APP207597,PL_2026_V1,ELIGIBLE,
APP207598,PL_2026_V1,ELIGIBLE,
APP207599,PL_2026_V1,INELIGIBLE,MIN_INCOME
APP207600,PL_2026_V1,INELIGIBLE,MIN_INCOME
APP207601,PL_2026_V1,ELIGIBLE,
APP207602,PL_2026_V1,ELIGIBLE,
APP207603,PL_2026_V1,ELIGIBLE,
APP207604,PL_2026_V1,INELIGIBLE,BUREAU_SCORE
APP207605,PL_2026_V1,INELIGIBLE,BUREAU_SCORE
APP207606,PL_2026_V1,ELIGIBLE,
APP207607,PL_2026_V1,INELIGIBLE,MIN_INCOME
APP207608,PL_2026_V1,INELIGIBLE,BUREAU_SCORE
APP207609,PL_2026_V1,INELIGIBLE,BUREAU_SCORE
APP207610,PL_2026_V1,ELIGIBLE,
APP207611,PL_2026_V1,INELIGIBLE,BUREAU_SCORE
APP207612,PL_2026_V1,ELIGIBLE,
APP207613,PL_2026_V1,ELIGIBLE,
APP207614,PL_2026_V1,INELIGIBLE,BUREAU_SCORE
APP207615,PL_2026_V1,ELIGIBLE,
APP207616,PL_2026_V1,ELIGIBLE,
APP207617,PL_2026_V1,INELIGIBLE,MIN_INCOME|BUREAU_SCORE
APP207618,PL_2026_V1,INELIGIBLE,EMPLOYMENT_TENURE
APP207619,PL_2026_V1,ELIGIBLE,
APP207620,PL_2026_V1,ELIGIBLE,
APP207621,PL_2026_V1,ELIGIBLE,
APP207622,PL_2026_V1,INELIGIBLE,BUREAU_SCORE
APP207623,PL_2026_V1,ELIGIBLE,
APP207624,PL_2026_V1,ELIGIBLE,
APP207625,PL_2026_V1,INELIGIBLE,BUREAU_SCORE
APP207626,PL_2026_V1,ELIGIBLE,
APP207627,PL_2026_V1,ELIGIBLE,
APP207628,PL_2026_V1,ELIGIBLE,
APP207629,PL_2026_V1,INELIGIBLE,BUREAU_SCORE
APP207630,PL_2026_V1,ELIGIBLE,
APP207631,PL_2026_V1,INELIGIBLE,BUREAU_SCORE|EMPLOYMENT_TENURE
APP207632,PL_2026_V1,ELIGIBLE,
APP207633,PL_2026_V1,ELIGIBLE,
APP207634,PL_2026_V1,INELIGIBLE,BUREAU_SCORE
APP207635,PL_2026_V1,INELIGIBLE,MIN_INCOME
APP207636,PL_2026_V1,ELIGIBLE,
APP207637,PL_2026_V1,INELIGIBLE,BUREAU_SCORE
APP207638,PL_2026_V1,ELIGIBLE,
APP207639,PL_2026_V1,INELIGIBLE,MIN_INCOME|BUREAU_SCORE
APP207640,PL_2026_V1,ELIGIBLE,
APP207641,PL_2026_V1,ELIGIBLE,
APP207642,PL_2026_V1,INELIGIBLE,MIN_INCOME|BUREAU_SCORE
APP207643,PL_2026_V1,ELIGIBLE,
APP207644,PL_2026_V1,ELIGIBLE,
APP207645,PL_2026_V1,INELIGIBLE,BUREAU_SCORE
APP207646,PL_2026_V1,ELIGIBLE,
APP207647,PL_2026_V1,ELIGIBLE,
APP207648,PL_2026_V1,INELIGIBLE,BUREAU_SCORE
APP207649,PL_2026_V1,INELIGIBLE,MIN_INCOME
APP207650,PL_2026_V1,ELIGIBLE,
APP207651,PL_2026_V1,ELIGIBLE,
APP207652,PL_2026_V1,INELIGIBLE,BUREAU_SCORE
APP207653,PL_2026_V1,ELIGIBLE,
APP207654,PL_2026_V1,INELIGIBLE,BUREAU_SCORE
APP207655,PL_2026_V1,ELIGIBLE,
APP207656,PL_2026_V1,INELIGIBLE,MIN_INCOME
APP207657,PL_2026_V1,ELIGIBLE,
APP207658,PL_2026_V1,ELIGIBLE,
APP207659,PL_2026_V1,ELIGIBLE,
APP207660,PL_2026_V1,INELIGIBLE,MIN_INCOME
APP207661,PL_2026_V1,ELIGIBLE,
APP207662,PL_2026_V1,INELIGIBLE,BUREAU_SCORE
APP207663,PL_2026_V1,ELIGIBLE,
APP207664,PL_2026_V1,INELIGIBLE,FOIR
APP207665,PL_2026_V1,ELIGIBLE,
APP207666,PL_2026_V1,ELIGIBLE,
APP207667,PL_2026_V1,INELIGIBLE,BUREAU_SCORE
APP207668,PL_2026_V1,ELIGIBLE,
APP207669,PL_2026_V1,ELIGIBLE,
APP207670,PL_2026_V1,INELIGIBLE,BUREAU_SCORE
APP207671,PL_2026_V1,INELIGIBLE,FOIR
APP207672,PL_2026_V1,ELIGIBLE,
APP207673,PL_2026_V1,INELIGIBLE,BUREAU_SCORE
APP207674,PL_2026_V1,ELIGIBLE,
APP207675,PL_2026_V1,INELIGIBLE,BUREAU_SCORE
APP207676,PL_2026_V1,ELIGIBLE,
APP207677,PL_2026_V1,ELIGIBLE,
APP207678,PL_2026_V1,INELIGIBLE,MIN_INCOME|BUREAU_SCORE
APP207679,PL_2026_V1,INELIGIBLE,BUREAU_SCORE
APP207680,PL_2026_V1,INELIGIBLE,BUREAU_SCORE
APP207681,PL_2026_V1,ELIGIBLE,
APP207682,PL_2026_V1,ELIGIBLE,
APP207683,PL_2026_V1,ELIGIBLE,
APP207684,PL_2026_V1,INELIGIBLE,BUREAU_SCORE
APP207685,PL_2026_V1,ELIGIBLE,
APP207686,PL_2026_V1,INELIGIBLE,BUREAU_SCORE
APP207687,PL_2026_V1,ELIGIBLE,
APP207688,PL_2026_V1,ELIGIBLE,
APP207689,PL_2026_V1,INELIGIBLE,BUREAU_SCORE
APP207690,PL_2026_V1,ELIGIBLE,
APP207691,PL_2026_V1,ELIGIBLE,
APP207692,PL_2026_V1,ELIGIBLE,
APP207693,PL_2026_V1,INELIGIBLE,BUREAU_SCORE
APP207694,PL_2026_V1,ELIGIBLE,
APP207695,PL_2026_V1,INELIGIBLE,MIN_INCOME
APP207696,PL_2026_V1,INELIGIBLE,MIN_INCOME
APP207697,PL_2026_V1,INELIGIBLE,MIN_INCOME|BUREAU_SCORE
APP207698,PL_2026_V1,ELIGIBLE,
APP207699,PL_2026_V1,INELIGIBLE,BUREAU_SCORE
APP207700,PL_2026_V1,ELIGIBLE,
APP207701,PL_2026_V1,INELIGIBLE,BUREAU_SCORE
APP207702,PL_2026_V1,ELIGIBLE,
APP207703,PL_2026_V1,INELIGIBLE,BUREAU_SCORE
APP207704,PL_2026_V1,ELIGIBLE,
APP207705,PL_2026_V1,ELIGIBLE,
APP207706,PL_2026_V1,INELIGIBLE,BUREAU_SCORE
APP207707,PL_2026_V1,INELIGIBLE,BUREAU_SCORE
APP207708,PL_2026_V1,ELIGIBLE,
APP207709,PL_2026_V1,ELIGIBLE,
APP207710,PL_2026_V1,INELIGIBLE,BUREAU_SCORE
APP207711,PL_2026_V1,INELIGIBLE,MIN_INCOME
APP207712,PL_2026_V1,INELIGIBLE,BUREAU_SCORE
APP207713,PL_2026_V1,INELIGIBLE,BUREAU_SCORE|EMPLOYMENT_TENURE
APP207714,PL_2026_V1,INELIGIBLE,MIN_INCOME
APP207715,PL_2026_V1,INELIGIBLE,BUREAU_SCORE
APP207716,PL_2026_V1,ELIGIBLE,
APP207717,PL_2026_V1,ELIGIBLE,
APP207718,PL_2026_V1,ELIGIBLE,
APP207719,PL_2026_V1,INELIGIBLE,BUREAU_SCORE
APP207720,PL_2026_V1,INELIGIBLE,FOIR
APP207721,PL_2026_V1,ELIGIBLE,
APP207722,PL_2026_V1,ELIGIBLE,
APP207723,PL_2026_V1,ELIGIBLE,
APP207724,PL_2026_V1,ELIGIBLE,
APP207725,PL_2026_V1,ELIGIBLE,
APP207726,PL_2026_V1,ELIGIBLE,
APP207727,PL_2026_V1,INELIGIBLE,BUREAU_SCORE
APP207728,PL_2026_V1,ELIGIBLE,
APP207729,PL_2026_V1,INELIGIBLE,MIN_INCOME|BUREAU_SCORE
APP207730,PL_2026_V1,ELIGIBLE,
APP207731,PL_2026_V1,ELIGIBLE,
APP207732,PL_2026_V1,INELIGIBLE,MIN_INCOME
APP207733,PL_2026_V1,ELIGIBLE,
APP207734,PL_2026_V1,ELIGIBLE,
APP207735,PL_2026_V1,ELIGIBLE,
APP207736,PL_2026_V1,ELIGIBLE,
APP207737,PL_2026_V1,ELIGIBLE,
APP207738,PL_2026_V1,INELIGIBLE,BUREAU_SCORE
APP207739,PL_2026_V1,INELIGIBLE,BUREAU_SCORE
APP207740,PL_2026_V1,INELIGIBLE,BUREAU_SCORE
APP207741,PL_2026_V1,INELIGIBLE,BUREAU_SCORE
APP207742,PL_2026_V1,INELIGIBLE,MIN_INCOME|BUREAU_SCORE
APP207743,PL_2026_V1,ELIGIBLE,
APP207744,PL_2026_V1,ELIGIBLE,
APP207745,PL_2026_V1,ELIGIBLE,
APP207746,PL_2026_V1,INELIGIBLE,BUREAU_SCORE
APP207747,PL_2026_V1,ELIGIBLE,
APP207748,PL_2026_V1,ELIGIBLE,
APP207749,PL_2026_V1,INELIGIBLE,MIN_INCOME
APP207750,PL_2026_V1,ELIGIBLE,
APP207751,PL_2026_V1,ELIGIBLE,
APP207752,PL_2026_V1,INELIGIBLE,FOIR
APP207753,PL_2026_V1,ELIGIBLE,
APP207754,PL_2026_V1,ELIGIBLE,
APP207755,PL_2026_V1,ELIGIBLE,
APP207756,PL_2026_V1,ELIGIBLE,
APP207757,PL_2026_V1,ELIGIBLE,
APP207758,PL_2026_V1,ELIGIBLE,
APP207759,PL_2026_V1,INELIGIBLE,BUREAU_SCORE
APP207760,PL_2026_V1,INELIGIBLE,BUREAU_SCORE
APP207761,PL_2026_V1,ELIGIBLE,
APP207762,PL_2026_V1,INELIGIBLE,BUREAU_SCORE
APP207763,PL_2026_V1,INELIGIBLE,MIN_INCOME
APP207764,PL_2026_V1,INELIGIBLE,BUREAU_SCORE
APP207765,PL_2026_V1,INELIGIBLE,BUREAU_SCORE
APP207766,PL_2026_V1,INELIGIBLE,MIN_INCOME
APP207767,PL_2026_V1,ELIGIBLE,
APP207768,PL_2026_V1,ELIGIBLE,
APP207769,PL_2026_V1,ELIGIBLE,
APP207770,PL_2026_V1,ELIGIBLE,
APP207771,PL_2026_V1,ELIGIBLE,
APP207772,PL_2026_V1,INELIGIBLE,MIN_INCOME
APP207773,PL_2026_V1,ELIGIBLE,
APP207774,PL_2026_V1,ELIGIBLE,
APP207775,PL_2026_V1,ELIGIBLE,
APP207776,PL_2026_V1,INELIGIBLE,BUREAU_SCORE
APP207777,PL_2026_V1,ELIGIBLE,
APP207778,PL_2026_V1,INELIGIBLE,MIN_INCOME
APP207779,PL_2026_V1,ELIGIBLE,
APP207780,PL_2026_V1,INELIGIBLE,BUREAU_SCORE
APP207781,PL_2026_V1,ELIGIBLE,
APP207782,PL_2026_V1,INELIGIBLE,FOIR
APP207783,PL_2026_V1,INELIGIBLE,BUREAU_SCORE
APP207784,PL_2026_V1,INELIGIBLE,BUREAU_SCORE
APP207785,PL_2026_V1,INELIGIBLE,BUREAU_SCORE
APP207786,PL_2026_V1,ELIGIBLE,
APP207787,PL_2026_V1,ELIGIBLE,
APP207788,PL_2026_V1,ELIGIBLE,
APP207789,PL_2026_V1,ELIGIBLE,
APP207790,PL_2026_V1,ELIGIBLE,
APP207791,PL_2026_V1,ELIGIBLE,
APP207792,PL_2026_V1,ELIGIBLE,
APP207793,PL_2026_V1,ELIGIBLE,
APP207794,PL_2026_V1,ELIGIBLE,
APP207795,PL_2026_V1,INELIGIBLE,MIN_INCOME
APP207796,PL_2026_V1,ELIGIBLE,
APP207797,PL_2026_V1,ELIGIBLE,
APP207798,PL_2026_V1,INELIGIBLE,BUREAU_SCORE
APP207799,PL_2026_V1,ELIGIBLE,
APP207800,PL_2026_V1,INELIGIBLE,BUREAU_SCORE
APP207801,PL_2026_V1,ELIGIBLE,
APP207802,PL_2026_V1,INELIGIBLE,BUREAU_SCORE
APP207803,PL_2026_V1,ELIGIBLE,
APP207804,PL_2026_V1,ELIGIBLE,
APP207805,PL_2026_V1,INELIGIBLE,MIN_INCOME
APP207806,PL_2026_V1,ELIGIBLE,
APP207807,PL_2026_V1,INELIGIBLE,BUREAU_SCORE
APP207808,PL_2026_V1,ELIGIBLE,
APP207809,PL_2026_V1,ELIGIBLE,
APP207810,PL_2026_V1,INELIGIBLE,BUREAU_SCORE
APP207811,PL_2026_V1,INELIGIBLE,BUREAU_SCORE
APP207812,PL_2026_V1,ELIGIBLE,
APP207813,PL_2026_V1,ELIGIBLE,
APP207814,PL_2026_V1,INELIGIBLE,BUREAU_SCORE
APP207815,PL_2026_V1,INELIGIBLE,BUREAU_SCORE
APP207816,PL_2026_V1,ELIGIBLE,
APP207817,PL_2026_V1,INELIGIBLE,BUREAU_SCORE
APP207818,PL_2026_V1,ELIGIBLE,
APP207819,PL_2026_V1,INELIGIBLE,BUREAU_SCORE
APP207820,PL_2026_V1,ELIGIBLE,
APP207821,PL_2026_V1,INELIGIBLE,BUREAU_SCORE
APP207822,PL_2026_V1,INELIGIBLE,BUREAU_SCORE
APP207823,PL_2026_V1,INELIGIBLE,BUREAU_SCORE
APP207824,PL_2026_V1,INELIGIBLE,BUREAU_SCORE
APP207825,PL_2026_V1,INELIGIBLE,BUREAU_SCORE
APP207826,PL_2026_V1,ELIGIBLE,
APP207827,PL_2026_V1,ELIGIBLE,
APP207828,PL_2026_V1,ELIGIBLE,
APP207829,PL_2026_V1,INELIGIBLE,BUREAU_SCORE
APP207830,PL_2026_V1,ELIGIBLE,
APP207831,PL_2026_V1,INELIGIBLE,MIN_INCOME
APP207832,PL_2026_V1,ELIGIBLE,
APP207833,PL_2026_V1,ELIGIBLE,
APP207834,PL_2026_V1,ELIGIBLE,
APP207835,PL_2026_V1,ELIGIBLE,
APP207836,PL_2026_V1,INELIGIBLE,BUREAU_SCORE
APP207837,PL_2026_V1,INELIGIBLE,MIN_INCOME|BUREAU_SCORE
APP207838,PL_2026_V1,INELIGIBLE,BUREAU_SCORE
APP207839,PL_2026_V1,INELIGIBLE,BUREAU_SCORE
APP207840,PL_2026_V1,INELIGIBLE,BUREAU_SCORE
APP207841,PL_2026_V1,ELIGIBLE,
APP207842,PL_2026_V1,ELIGIBLE,
APP207843,PL_2026_V1,ELIGIBLE,
APP207844,PL_2026_V1,ELIGIBLE,
APP207845,PL_2026_V1,ELIGIBLE,
APP207846,PL_2026_V1,ELIGIBLE,
APP207847,PL_2026_V1,ELIGIBLE,
APP207848,PL_2026_V1,ELIGIBLE,
APP207849,PL_2026_V1,ELIGIBLE,
APP207850,PL_2026_V1,INELIGIBLE,BUREAU_SCORE
APP207851,PL_2026_V1,ELIGIBLE,
APP207852,PL_2026_V1,ELIGIBLE,
APP207853,PL_2026_V1,ELIGIBLE,
APP207854,PL_2026_V1,ELIGIBLE,
APP207855,PL_2026_V1,ELIGIBLE,
APP207856,PL_2026_V1,INELIGIBLE,BUREAU_SCORE
APP207857,PL_2026_V1,ELIGIBLE,
APP207858,PL_2026_V1,INELIGIBLE,MIN_INCOME
APP207859,PL_2026_V1,ELIGIBLE,
APP207860,PL_2026_V1,INELIGIBLE,FOIR
APP207861,PL_2026_V1,INELIGIBLE,BUREAU_SCORE
APP207862,PL_2026_V1,ELIGIBLE,
APP207863,PL_2026_V1,ELIGIBLE,
APP207864,PL_2026_V1,ELIGIBLE,
APP207865,PL_2026_V1,INELIGIBLE,MIN_INCOME|BUREAU_SCORE
APP207866,PL_2026_V1,INELIGIBLE,BUREAU_SCORE
APP207867,PL_2026_V1,ELIGIBLE,
APP207868,PL_2026_V1,ELIGIBLE,
APP207869,PL_2026_V1,ELIGIBLE,
APP207870,PL_2026_V1,ELIGIBLE,
APP207871,PL_2026_V1,ELIGIBLE,
APP207872,PL_2026_V1,INELIGIBLE,MIN_INCOME|BUREAU_SCORE
APP207873,PL_2026_V1,INELIGIBLE,BUREAU_SCORE
APP207874,PL_2026_V1,ELIGIBLE,
APP207875,PL_2026_V1,ELIGIBLE,
APP207876,PL_2026_V1,ELIGIBLE,
APP207877,PL_2026_V1,INELIGIBLE,MIN_INCOME
APP207878,PL_2026_V1,INELIGIBLE,BUREAU_SCORE
APP207879,PL_2026_V1,ELIGIBLE,
APP207880,PL_2026_V1,ELIGIBLE,
APP207881,PL_2026_V1,INELIGIBLE,BUREAU_SCORE
APP207882,PL_2026_V1,ELIGIBLE,
APP207883,PL_2026_V1,INELIGIBLE,MIN_INCOME|BUREAU_SCORE
APP207884,PL_2026_V1,ELIGIBLE,
APP207885,PL_2026_V1,INELIGIBLE,BUREAU_SCORE
APP207886,PL_2026_V1,INELIGIBLE,BUREAU_SCORE
APP207887,PL_2026_V1,ELIGIBLE,
APP207888,PL_2026_V1,ELIGIBLE,
APP207889,PL_2026_V1,ELIGIBLE,
APP207890,PL_2026_V1,ELIGIBLE,
APP207891,PL_2026_V1,ELIGIBLE,
APP207892,PL_2026_V1,INELIGIBLE,BUREAU_SCORE
APP207893,PL_2026_V1,INELIGIBLE,BUREAU_SCORE
APP207894,PL_2026_V1,ELIGIBLE,
APP207895,PL_2026_V1,ELIGIBLE,
APP207896,PL_2026_V1,INELIGIBLE,BUREAU_SCORE
APP207897,PL_2026_V1,ELIGIBLE,
APP207898,PL_2026_V1,ELIGIBLE,
APP207899,PL_2026_V1,ELIGIBLE,
APP207900,PL_2026_V1,ELIGIBLE,
APP207901,PL_2026_V1,INELIGIBLE,BUREAU_SCORE
APP207902,PL_2026_V1,INELIGIBLE,BUREAU_SCORE
APP207903,PL_2026_V1,ELIGIBLE,
APP207904,PL_2026_V1,INELIGIBLE,BUREAU_SCORE
APP207905,PL_2026_V1,INELIGIBLE,BUREAU_SCORE
APP207906,PL_2026_V1,ELIGIBLE,
APP207907,PL_2026_V1,ELIGIBLE,
APP207908,PL_2026_V1,ELIGIBLE,
APP207909,PL_2026_V1,INELIGIBLE,MIN_INCOME|BUREAU_SCORE
APP207910,PL_2026_V1,ELIGIBLE,
APP207911,PL_2026_V1,ELIGIBLE,
APP207912,PL_2026_V1,ELIGIBLE,
APP207913,PL_2026_V1,ELIGIBLE,
APP207914,PL_2026_V1,INELIGIBLE,BUREAU_SCORE|FOIR
APP207915,PL_2026_V1,ELIGIBLE,
APP207916,PL_2026_V1,INELIGIBLE,BUREAU_SCORE
APP207917,PL_2026_V1,ELIGIBLE,
APP207918,PL_2026_V1,ELIGIBLE,
APP207919,PL_2026_V1,ELIGIBLE,
APP207920,PL_2026_V1,INELIGIBLE,BUREAU_SCORE
APP207921,PL_2026_V1,ELIGIBLE,
APP207922,PL_2026_V1,ELIGIBLE,
APP207923,PL_2026_V1,INELIGIBLE,BUREAU_SCORE
APP207924,PL_2026_V1,ELIGIBLE,
APP207925,PL_2026_V1,INELIGIBLE,BUREAU_SCORE
APP207926,PL_2026_V1,ELIGIBLE,
APP207927,PL_2026_V1,ELIGIBLE,
APP207928,PL_2026_V1,ELIGIBLE,
APP207929,PL_2026_V1,ELIGIBLE,
APP207930,PL_2026_V1,INELIGIBLE,BUREAU_SCORE
APP207931,PL_2026_V1,ELIGIBLE,
APP207932,PL_2026_V1,ELIGIBLE,
APP207933,PL_2026_V1,INELIGIBLE,BUREAU_SCORE|FOIR
APP207934,PL_2026_V1,ELIGIBLE,
APP207935,PL_2026_V1,ELIGIBLE,
APP207936,PL_2026_V1,ELIGIBLE,
APP207937,PL_2026_V1,ELIGIBLE,
APP207938,PL_2026_V1,ELIGIBLE,
APP207939,PL_2026_V1,INELIGIBLE,BUREAU_SCORE
APP207940,PL_2026_V1,ELIGIBLE,
APP207941,PL_2026_V1,ELIGIBLE,
APP207942,PL_2026_V1,ELIGIBLE,
APP207943,PL_2026_V1,INELIGIBLE,BUREAU_SCORE
APP207944,PL_2026_V1,ELIGIBLE,
APP207945,PL_2026_V1,ELIGIBLE,
APP207946,PL_2026_V1,INELIGIBLE,MIN_INCOME|BUREAU_SCORE
APP207947,PL_2026_V1,ELIGIBLE,
APP207948,PL_2026_V1,ELIGIBLE,
APP207949,PL_2026_V1,INELIGIBLE,BUREAU_SCORE
APP207950,PL_2026_V1,ELIGIBLE,
APP207951,PL_2026_V1,ELIGIBLE,
APP207952,PL_2026_V1,ELIGIBLE,
APP207953,PL_2026_V1,ELIGIBLE,
APP207954,PL_2026_V1,ELIGIBLE,
APP207955,PL_2026_V1,ELIGIBLE,
APP207956,PL_2026_V1,ELIGIBLE,
APP207957,PL_2026_V1,ELIGIBLE,
APP207958,PL_2026_V1,ELIGIBLE,
APP207959,PL_2026_V1,INELIGIBLE,MIN_INCOME
APP207960,PL_2026_V1,INELIGIBLE,BUREAU_SCORE
APP207961,PL_2026_V1,INELIGIBLE,BUREAU_SCORE
APP207962,PL_2026_V1,INELIGIBLE,MIN_INCOME|BUREAU_SCORE
APP207963,PL_2026_V1,INELIGIBLE,BUREAU_SCORE
APP207964,PL_2026_V1,ELIGIBLE,
APP207965,PL_2026_V1,ELIGIBLE,
APP207966,PL_2026_V1,ELIGIBLE,
APP207967,PL_2026_V1,INELIGIBLE,MIN_INCOME|BUREAU_SCORE
APP207968,PL_2026_V1,ELIGIBLE,
APP207969,PL_2026_V1,ELIGIBLE,
APP207970,PL_2026_V1,ELIGIBLE,
APP207971,PL_2026_V1,INELIGIBLE,BUREAU_SCORE
APP207972,PL_2026_V1,ELIGIBLE,
APP207973,PL_2026_V1,ELIGIBLE,
APP207974,PL_2026_V1,INELIGIBLE,BUREAU_SCORE
APP207975,PL_2026_V1,INELIGIBLE,BUREAU_SCORE
APP207976,PL_2026_V1,ELIGIBLE,
APP207977,PL_2026_V1,ELIGIBLE,
APP207978,PL_2026_V1,INELIGIBLE,BUREAU_SCORE
APP207979,PL_2026_V1,INELIGIBLE,BUREAU_SCORE
APP207980,PL_2026_V1,INELIGIBLE,MIN_INCOME
APP207981,PL_2026_V1,ELIGIBLE,
APP207982,PL_2026_V1,INELIGIBLE,BUREAU_SCORE
APP207983,PL_2026_V1,INELIGIBLE,BUREAU_SCORE
APP207984,PL_2026_V1,ELIGIBLE,
APP207985,PL_2026_V1,ELIGIBLE,
APP207986,PL_2026_V1,ELIGIBLE,
APP207987,PL_2026_V1,ELIGIBLE,
APP207988,PL_2026_V1,ELIGIBLE,
APP207989,PL_2026_V1,ELIGIBLE,
APP207990,PL_2026_V1,ELIGIBLE,
APP207991,PL_2026_V1,ELIGIBLE,
APP207992,PL_2026_V1,INELIGIBLE,BUREAU_SCORE
APP207993,PL_2026_V1,ELIGIBLE,
APP207994,PL_2026_V1,ELIGIBLE,
APP207995,PL_2026_V1,ELIGIBLE,
APP207996,PL_2026_V1,ELIGIBLE,
APP207997,PL_2026_V1,ELIGIBLE,
APP207998,PL_2026_V1,ELIGIBLE,
APP207999,PL_2026_V1,ELIGIBLE,
APP208000,PL_2026_V1,INELIGIBLE,BUREAU_SCORE
APP208001,PL_2026_V1,ELIGIBLE,
APP208002,PL_2026_V1,ELIGIBLE,
APP208003,PL_2026_V1,ELIGIBLE,
APP208004,PL_2026_V1,ELIGIBLE,
APP208005,PL_2026_V1,ELIGIBLE,
APP208006,PL_2026_V1,ELIGIBLE,
APP208007,PL_2026_V1,ELIGIBLE,
APP208008,PL_2026_V1,ELIGIBLE,
APP208009,PL_2026_V1,INELIGIBLE,MIN_INCOME
APP208010,PL_2026_V1,ELIGIBLE,
APP208011,PL_2026_V1,INELIGIBLE,BUREAU_SCORE
APP208012,PL_2026_V1,INELIGIBLE,MIN_INCOME|BUREAU_SCORE
APP208013,PL_2026_V1,ELIGIBLE,
APP208014,PL_2026_V1,ELIGIBLE,
APP208015,PL_2026_V1,ELIGIBLE,
APP208016,PL_2026_V1,ELIGIBLE,
APP208017,PL_2026_V1,ELIGIBLE,
APP208018,PL_2026_V1,ELIGIBLE,
APP208019,PL_2026_V1,ELIGIBLE,
APP208020,PL_2026_V1,ELIGIBLE,
APP208021,PL_2026_V1,INELIGIBLE,BUREAU_SCORE
APP208022,PL_2026_V1,INELIGIBLE,MIN_INCOME|BUREAU_SCORE
APP208023,PL_2026_V1,ELIGIBLE,
APP208024,PL_2026_V1,INELIGIBLE,MIN_INCOME|BUREAU_SCORE
APP208025,PL_2026_V1,ELIGIBLE,
APP208026,PL_2026_V1,INELIGIBLE,BUREAU_SCORE
APP208027,PL_2026_V1,ELIGIBLE,
APP208028,PL_2026_V1,INELIGIBLE,BUREAU_SCORE
APP208029,PL_2026_V1,ELIGIBLE,
APP208030,PL_2026_V1,INELIGIBLE,BUREAU_SCORE
APP208031,PL_2026_V1,ELIGIBLE,
APP208032,PL_2026_V1,INELIGIBLE,BUREAU_SCORE
APP208033,PL_2026_V1,ELIGIBLE,
APP208034,PL_2026_V1,ELIGIBLE,
APP208035,PL_2026_V1,INELIGIBLE,BUREAU_SCORE
APP208036,PL_2026_V1,ELIGIBLE,
APP208037,PL_2026_V1,INELIGIBLE,BUREAU_SCORE
APP208038,PL_2026_V1,ELIGIBLE,
APP208039,PL_2026_V1,ELIGIBLE,
APP208040,PL_2026_V1,INELIGIBLE,BUREAU_SCORE
APP208041,PL_2026_V1,ELIGIBLE,
APP208042,PL_2026_V1,ELIGIBLE,
APP208043,PL_2026_V1,INELIGIBLE,MIN_INCOME|BUREAU_SCORE
APP208044,PL_2026_V1,ELIGIBLE,
APP208045,PL_2026_V1,INELIGIBLE,BUREAU_SCORE
APP208046,PL_2026_V1,ELIGIBLE,
APP208047,PL_2026_V1,INELIGIBLE,BUREAU_SCORE
APP208048,PL_2026_V1,ELIGIBLE,
APP208049,PL_2026_V1,ELIGIBLE,
APP208050,PL_2026_V1,ELIGIBLE,
APP208051,PL_2026_V1,ELIGIBLE,
APP208052,PL_2026_V1,INELIGIBLE,MIN_INCOME
APP208053,PL_2026_V1,ELIGIBLE,
APP208054,PL_2026_V1,ELIGIBLE,
APP208055,PL_2026_V1,ELIGIBLE,
APP208056,PL_2026_V1,ELIGIBLE,
APP208057,PL_2026_V1,ELIGIBLE,
APP208058,PL_2026_V1,INELIGIBLE,BUREAU_SCORE
APP208059,PL_2026_V1,INELIGIBLE,FOIR
APP208060,PL_2026_V1,INELIGIBLE,BUREAU_SCORE
APP208061,PL_2026_V1,ELIGIBLE,
APP208062,PL_2026_V1,ELIGIBLE,
APP208063,PL_2026_V1,INELIGIBLE,BUREAU_SCORE
APP208064,PL_2026_V1,ELIGIBLE,
APP208065,PL_2026_V1,ELIGIBLE,
APP208066,PL_2026_V1,ELIGIBLE,
APP208067,PL_2026_V1,ELIGIBLE,
APP208068,PL_2026_V1,INELIGIBLE,BUREAU_SCORE|FOIR
APP208069,PL_2026_V1,ELIGIBLE,
APP208070,PL_2026_V1,ELIGIBLE,
APP208071,PL_2026_V1,ELIGIBLE,
APP208072,PL_2026_V1,ELIGIBLE,
APP208073,PL_2026_V1,ELIGIBLE,
APP208074,PL_2026_V1,ELIGIBLE,
APP208075,PL_2026_V1,ELIGIBLE,
APP208076,PL_2026_V1,INELIGIBLE,BUREAU_SCORE
APP208077,PL_2026_V1,INELIGIBLE,BUREAU_SCORE
APP208078,PL_2026_V1,INELIGIBLE,BUREAU_SCORE
APP208079,PL_2026_V1,ELIGIBLE,
APP208080,PL_2026_V1,INELIGIBLE,BUREAU_SCORE
APP208081,PL_2026_V1,ELIGIBLE,
APP208082,PL_2026_V1,INELIGIBLE,MIN_INCOME
APP208083,PL_2026_V1,ELIGIBLE,
APP208084,PL_2026_V1,INELIGIBLE,MIN_INCOME
APP208085,PL_2026_V1,ELIGIBLE,
APP208086,PL_2026_V1,ELIGIBLE,
APP208087,PL_2026_V1,ELIGIBLE,
APP208088,PL_2026_V1,ELIGIBLE,
APP208089,PL_2026_V1,ELIGIBLE,
APP208090,PL_2026_V1,ELIGIBLE,
APP208091,PL_2026_V1,ELIGIBLE,
APP208092,PL_2026_V1,INELIGIBLE,FOIR
APP208093,PL_2026_V1,ELIGIBLE,
APP208094,PL_2026_V1,INELIGIBLE,BUREAU_SCORE
APP208095,PL_2026_V1,ELIGIBLE,
APP208096,PL_2026_V1,ELIGIBLE,
APP208097,PL_2026_V1,INELIGIBLE,BUREAU_SCORE
APP208098,PL_2026_V1,ELIGIBLE,
APP208099,PL_2026_V1,INELIGIBLE,BUREAU_SCORE
APP208100,PL_2026_V1,INELIGIBLE,MIN_INCOME
APP208101,PL_2026_V1,ELIGIBLE,
APP208102,PL_2026_V1,ELIGIBLE,
APP208103,PL_2026_V1,ELIGIBLE,
APP208104,PL_2026_V1,ELIGIBLE,
APP208105,PL_2026_V1,ELIGIBLE,
APP208106,PL_2026_V1,INELIGIBLE,BUREAU_SCORE
APP208107,PL_2026_V1,INELIGIBLE,BUREAU_SCORE
APP208108,PL_2026_V1,ELIGIBLE,
APP208109,PL_2026_V1,INELIGIBLE,BUREAU_SCORE
APP208110,PL_2026_V1,ELIGIBLE,
APP208111,PL_2026_V1,ELIGIBLE,
APP208112,PL_2026_V1,INELIGIBLE,MIN_INCOME
APP208113,PL_2026_V1,ELIGIBLE,
APP208114,PL_2026_V1,ELIGIBLE,
APP208115,PL_2026_V1,ELIGIBLE,
APP208116,PL_2026_V1,ELIGIBLE,
APP208117,PL_2026_V1,ELIGIBLE,
APP208118,PL_2026_V1,ELIGIBLE,
APP208119,PL_2026_V1,ELIGIBLE,
APP208120,PL_2026_V1,ELIGIBLE,
APP208121,PL_2026_V1,INELIGIBLE,MIN_INCOME
APP208122,PL_2026_V1,ELIGIBLE,
APP208123,PL_2026_V1,ELIGIBLE,
APP208124,PL_2026_V1,ELIGIBLE,
APP208125,PL_2026_V1,ELIGIBLE,
APP208126,PL_2026_V1,ELIGIBLE,
APP208127,PL_2026_V1,ELIGIBLE,
APP208128,PL_2026_V1,ELIGIBLE,
APP208129,PL_2026_V1,ELIGIBLE,
APP208130,PL_2026_V1,ELIGIBLE,
APP208131,PL_2026_V1,INELIGIBLE,FOIR
APP208132,PL_2026_V1,ELIGIBLE,
APP208133,PL_2026_V1,ELIGIBLE,
APP208134,PL_2026_V1,INELIGIBLE,BUREAU_SCORE
APP208135,PL_2026_V1,ELIGIBLE,
APP208136,PL_2026_V1,INELIGIBLE,BUREAU_SCORE
APP208137,PL_2026_V1,ELIGIBLE,
APP208138,PL_2026_V1,ELIGIBLE,
APP208139,PL_2026_V1,ELIGIBLE,
APP208140,PL_2026_V1,INELIGIBLE,MIN_INCOME
APP208141,PL_2026_V1,INELIGIBLE,BUREAU_SCORE
APP208142,PL_2026_V1,ELIGIBLE,
APP208143,PL_2026_V1,INELIGIBLE,BUREAU_SCORE
APP208144,PL_2026_V1,ELIGIBLE,
APP208145,PL_2026_V1,INELIGIBLE,BUREAU_SCORE
APP208146,PL_2026_V1,ELIGIBLE,
APP208147,PL_2026_V1,ELIGIBLE,
APP208148,PL_2026_V1,ELIGIBLE,
APP208149,PL_2026_V1,INELIGIBLE,BUREAU_SCORE
APP208150,PL_2026_V1,ELIGIBLE,
APP208151,PL_2026_V1,ELIGIBLE,
APP208152,PL_2026_V1,INELIGIBLE,MIN_INCOME|BUREAU_SCORE
APP208153,PL_2026_V1,INELIGIBLE,BUREAU_SCORE
APP208154,PL_2026_V1,ELIGIBLE,
APP208155,PL_2026_V1,INELIGIBLE,BUREAU_SCORE
APP208156,PL_2026_V1,ELIGIBLE,
APP208157,PL_2026_V1,ELIGIBLE,
APP208158,PL_2026_V1,ELIGIBLE,
APP208159,PL_2026_V1,INELIGIBLE,BUREAU_SCORE
APP208160,PL_2026_V1,ELIGIBLE,
APP208161,PL_2026_V1,INELIGIBLE,BUREAU_SCORE
APP208162,PL_2026_V1,INELIGIBLE,BUREAU_SCORE
APP208163,PL_2026_V1,ELIGIBLE,
APP208164,PL_2026_V1,ELIGIBLE,
APP208165,PL_2026_V1,INELIGIBLE,BUREAU_SCORE
APP208166,PL_2026_V1,ELIGIBLE,
APP208167,PL_2026_V1,ELIGIBLE,
APP208168,PL_2026_V1,ELIGIBLE,
APP208169,PL_2026_V1,INELIGIBLE,BUREAU_SCORE
APP208170,PL_2026_V1,ELIGIBLE,
APP208171,PL_2026_V1,INELIGIBLE,BUREAU_SCORE
APP208172,PL_2026_V1,INELIGIBLE,BUREAU_SCORE
APP208173,PL_2026_V1,INELIGIBLE,BUREAU_SCORE
APP208174,PL_2026_V1,ELIGIBLE,
APP208175,PL_2026_V1,ELIGIBLE,
APP208176,PL_2026_V1,INELIGIBLE,MIN_INCOME
APP208177,PL_2026_V1,ELIGIBLE,
APP208178,PL_2026_V1,ELIGIBLE,
APP208179,PL_2026_V1,ELIGIBLE,
APP208180,PL_2026_V1,ELIGIBLE,
APP208181,PL_2026_V1,INELIGIBLE,BUREAU_SCORE
APP208182,PL_2026_V1,ELIGIBLE,
APP208183,PL_2026_V1,ELIGIBLE,
APP208184,PL_2026_V1,ELIGIBLE,
APP208185,PL_2026_V1,INELIGIBLE,BUREAU_SCORE
APP208186,PL_2026_V1,INELIGIBLE,BUREAU_SCORE
APP208187,PL_2026_V1,INELIGIBLE,BUREAU_SCORE
APP208188,PL_2026_V1,ELIGIBLE,
APP208189,PL_2026_V1,INELIGIBLE,MIN_INCOME
APP208190,PL_2026_V1,ELIGIBLE,
APP208191,PL_2026_V1,ELIGIBLE,
APP208192,PL_2026_V1,ELIGIBLE,
APP208193,PL_2026_V1,ELIGIBLE,
APP208194,PL_2026_V1,ELIGIBLE,
APP208195,PL_2026_V1,ELIGIBLE,
APP208196,PL_2026_V1,ELIGIBLE,
APP208197,PL_2026_V1,ELIGIBLE,
APP208198,PL_2026_V1,ELIGIBLE,
APP208199,PL_2026_V1,INELIGIBLE,MIN_INCOME
APP208200,PL_2026_V1,ELIGIBLE,
APP208201,PL_2026_V1,ELIGIBLE,
APP208202,PL_2026_V1,INELIGIBLE,MIN_INCOME
APP208203,PL_2026_V1,INELIGIBLE,BUREAU_SCORE
APP208204,PL_2026_V1,INELIGIBLE,FOIR
APP208205,PL_2026_V1,INELIGIBLE,FOIR
APP208206,PL_2026_V1,ELIGIBLE,
APP208207,PL_2026_V1,INELIGIBLE,BUREAU_SCORE
APP208208,PL_2026_V1,ELIGIBLE,
APP208209,PL_2026_V1,ELIGIBLE,
APP208210,PL_2026_V1,ELIGIBLE,
APP208211,PL_2026_V1,ELIGIBLE,
APP208212,PL_2026_V1,INELIGIBLE,BUREAU_SCORE
APP208213,PL_2026_V1,ELIGIBLE,
APP208214,PL_2026_V1,ELIGIBLE,
APP208215,PL_2026_V1,INELIGIBLE,BUREAU_SCORE
APP208216,PL_2026_V1,INELIGIBLE,BUREAU_SCORE
APP208217,PL_2026_V1,INELIGIBLE,BUREAU_SCORE
APP208218,PL_2026_V1,INELIGIBLE,FOIR
APP208219,PL_2026_V1,INELIGIBLE,BUREAU_SCORE
APP208220,PL_2026_V1,ELIGIBLE,
APP208221,PL_2026_V1,INELIGIBLE,BUREAU_SCORE
APP208222,PL_2026_V1,INELIGIBLE,BUREAU_SCORE
APP208223,PL_2026_V1,ELIGIBLE,
APP208224,PL_2026_V1,ELIGIBLE,
APP208225,PL_2026_V1,INELIGIBLE,MIN_INCOME|BUREAU_SCORE
APP208226,PL_2026_V1,INELIGIBLE,BUREAU_SCORE
APP208227,PL_2026_V1,INELIGIBLE,BUREAU_SCORE
APP208228,PL_2026_V1,ELIGIBLE,
APP208229,PL_2026_V1,ELIGIBLE,
APP208230,PL_2026_V1,ELIGIBLE,
APP208231,PL_2026_V1,ELIGIBLE,
APP208232,PL_2026_V1,ELIGIBLE,
APP208233,PL_2026_V1,INELIGIBLE,BUREAU_SCORE
APP208234,PL_2026_V1,ELIGIBLE,
APP208235,PL_2026_V1,INELIGIBLE,BUREAU_SCORE
APP208236,PL_2026_V1,INELIGIBLE,FOIR
APP208237,PL_2026_V1,ELIGIBLE,
APP208238,PL_2026_V1,INELIGIBLE,BUREAU_SCORE
APP208239,PL_2026_V1,ELIGIBLE,
APP208240,PL_2026_V1,ELIGIBLE,
APP208241,PL_2026_V1,ELIGIBLE,
APP208242,PL_2026_V1,ELIGIBLE,
APP208243,PL_2026_V1,INELIGIBLE,BUREAU_SCORE
APP208244,PL_2026_V1,ELIGIBLE,
APP208245,PL_2026_V1,INELIGIBLE,BUREAU_SCORE
APP208246,PL_2026_V1,INELIGIBLE,BUREAU_SCORE
APP208247,PL_2026_V1,ELIGIBLE,
APP208248,PL_2026_V1,ELIGIBLE,
APP208249,PL_2026_V1,ELIGIBLE,
APP208250,PL_2026_V1,ELIGIBLE,
APP208251,PL_2026_V1,ELIGIBLE,
APP208252,PL_2026_V1,INELIGIBLE,BUREAU_SCORE
APP208253,PL_2026_V1,ELIGIBLE,
APP208254,PL_2026_V1,ELIGIBLE,
APP208255,PL_2026_V1,ELIGIBLE,
APP208256,PL_2026_V1,ELIGIBLE,
APP208257,PL_2026_V1,ELIGIBLE,
APP208258,PL_2026_V1,INELIGIBLE,BUREAU_SCORE
APP208259,PL_2026_V1,ELIGIBLE,
APP208260,PL_2026_V1,ELIGIBLE,
APP208261,PL_2026_V1,ELIGIBLE,
APP208262,PL_2026_V1,INELIGIBLE,BUREAU_SCORE
APP208263,PL_2026_V1,INELIGIBLE,BUREAU_SCORE
APP208264,PL_2026_V1,ELIGIBLE,
APP208265,PL_2026_V1,ELIGIBLE,
APP208266,PL_2026_V1,ELIGIBLE,
APP208267,PL_2026_V1,INELIGIBLE,BUREAU_SCORE
APP208268,PL_2026_V1,ELIGIBLE,
APP208269,PL_2026_V1,INELIGIBLE,BUREAU_SCORE
APP208270,PL_2026_V1,INELIGIBLE,MIN_INCOME|BUREAU_SCORE
APP208271,PL_2026_V1,ELIGIBLE,
APP208272,PL_2026_V1,ELIGIBLE,
APP208273,PL_2026_V1,INELIGIBLE,MIN_INCOME|BUREAU_SCORE
APP208274,PL_2026_V1,ELIGIBLE,
APP208275,PL_2026_V1,ELIGIBLE,
APP208276,PL_2026_V1,ELIGIBLE,
APP208277,PL_2026_V1,INELIGIBLE,BUREAU_SCORE
APP208278,PL_2026_V1,INELIGIBLE,MIN_INCOME
APP208279,PL_2026_V1,ELIGIBLE,
APP208280,PL_2026_V1,ELIGIBLE,
APP208281,PL_2026_V1,INELIGIBLE,BUREAU_SCORE
APP208282,PL_2026_V1,ELIGIBLE,
APP208283,PL_2026_V1,ELIGIBLE,
APP208284,PL_2026_V1,ELIGIBLE,
APP208285,PL_2026_V1,INELIGIBLE,BUREAU_SCORE
APP208286,PL_2026_V1,INELIGIBLE,BUREAU_SCORE
APP208287,PL_2026_V1,ELIGIBLE,
APP208288,PL_2026_V1,ELIGIBLE,
APP208289,PL_2026_V1,INELIGIBLE,MIN_INCOME
APP208290,PL_2026_V1,ELIGIBLE,
APP208291,PL_2026_V1,ELIGIBLE,
APP208292,PL_2026_V1,ELIGIBLE,
APP208293,PL_2026_V1,ELIGIBLE,
APP208294,PL_2026_V1,ELIGIBLE,
APP208295,PL_2026_V1,INELIGIBLE,BUREAU_SCORE
APP208296,PL_2026_V1,ELIGIBLE,
APP208297,PL_2026_V1,ELIGIBLE,
APP208298,PL_2026_V1,ELIGIBLE,
APP208299,PL_2026_V1,ELIGIBLE,
APP208300,PL_2026_V1,ELIGIBLE,
APP208301,PL_2026_V1,ELIGIBLE,
APP208302,PL_2026_V1,ELIGIBLE,
APP208303,PL_2026_V1,ELIGIBLE,
APP208304,PL_2026_V1,ELIGIBLE,
APP208305,PL_2026_V1,INELIGIBLE,BUREAU_SCORE
APP208306,PL_2026_V1,INELIGIBLE,BUREAU_SCORE
APP208307,PL_2026_V1,ELIGIBLE,
APP208308,PL_2026_V1,ELIGIBLE,
APP208309,PL_2026_V1,ELIGIBLE,
APP208310,PL_2026_V1,ELIGIBLE,
APP208311,PL_2026_V1,INELIGIBLE,MIN_INCOME|BUREAU_SCORE
APP208312,PL_2026_V1,ELIGIBLE,
APP208313,PL_2026_V1,ELIGIBLE,
APP208314,PL_2026_V1,INELIGIBLE,BUREAU_SCORE
APP208315,PL_2026_V1,ELIGIBLE,
APP208316,PL_2026_V1,ELIGIBLE,
APP208317,PL_2026_V1,ELIGIBLE,
APP208318,PL_2026_V1,ELIGIBLE,
APP208319,PL_2026_V1,ELIGIBLE,
APP208320,PL_2026_V1,ELIGIBLE,
APP208321,PL_2026_V1,ELIGIBLE,
APP208322,PL_2026_V1,INELIGIBLE,MIN_INCOME
APP208323,PL_2026_V1,ELIGIBLE,
APP208324,PL_2026_V1,INELIGIBLE,BUREAU_SCORE
APP208325,PL_2026_V1,ELIGIBLE,
APP208326,PL_2026_V1,INELIGIBLE,BUREAU_SCORE
APP208327,PL_2026_V1,INELIGIBLE,BUREAU_SCORE
APP208328,PL_2026_V1,INELIGIBLE,BUREAU_SCORE
APP208329,PL_2026_V1,ELIGIBLE,
APP208330,PL_2026_V1,ELIGIBLE,
APP208331,PL_2026_V1,ELIGIBLE,
APP208332,PL_2026_V1,ELIGIBLE,
APP208333,PL_2026_V1,INELIGIBLE,BUREAU_SCORE
APP208334,PL_2026_V1,ELIGIBLE,
APP208335,PL_2026_V1,ELIGIBLE,
APP208336,PL_2026_V1,ELIGIBLE,
APP208337,PL_2026_V1,INELIGIBLE,EMPLOYMENT_TENURE
APP208338,PL_2026_V1,ELIGIBLE,
APP208339,PL_2026_V1,ELIGIBLE,
APP208340,PL_2026_V1,ELIGIBLE,
APP208341,PL_2026_V1,ELIGIBLE,
APP208342,PL_2026_V1,ELIGIBLE,
APP208343,PL_2026_V1,INELIGIBLE,BUREAU_SCORE
APP208344,PL_2026_V1,INELIGIBLE,BUREAU_SCORE
APP208345,PL_2026_V1,INELIGIBLE,MIN_INCOME
APP208346,PL_2026_V1,ELIGIBLE,
APP208347,PL_2026_V1,ELIGIBLE,
APP208348,PL_2026_V1,ELIGIBLE,
APP208349,PL_2026_V1,INELIGIBLE,MIN_INCOME
APP208350,PL_2026_V1,ELIGIBLE,
APP208351,PL_2026_V1,ELIGIBLE,
APP208352,PL_2026_V1,ELIGIBLE,
APP208353,PL_2026_V1,INELIGIBLE,BUREAU_SCORE
APP208354,PL_2026_V1,ELIGIBLE,
APP208355,PL_2026_V1,ELIGIBLE,
APP208356,PL_2026_V1,INELIGIBLE,MIN_INCOME
APP208357,PL_2026_V1,ELIGIBLE,
APP208358,PL_2026_V1,ELIGIBLE,
APP208359,PL_2026_V1,ELIGIBLE,
APP208360,PL_2026_V1,ELIGIBLE,
APP208361,PL_2026_V1,ELIGIBLE,
APP208362,PL_2026_V1,ELIGIBLE,
APP208363,PL_2026_V1,ELIGIBLE,
APP208364,PL_2026_V1,INELIGIBLE,BUREAU_SCORE
APP208365,PL_2026_V1,ELIGIBLE,
APP208366,PL_2026_V1,ELIGIBLE,
APP208367,PL_2026_V1,INELIGIBLE,MIN_INCOME
APP208368,PL_2026_V1,ELIGIBLE,
APP208369,PL_2026_V1,INELIGIBLE,BUREAU_SCORE
APP208370,PL_2026_V1,ELIGIBLE,
APP208371,PL_2026_V1,INELIGIBLE,MIN_INCOME
APP208372,PL_2026_V1,ELIGIBLE,
APP208373,PL_2026_V1,ELIGIBLE,
APP208374,PL_2026_V1,INELIGIBLE,MIN_INCOME
APP208375,PL_2026_V1,INELIGIBLE,BUREAU_SCORE
APP208376,PL_2026_V1,ELIGIBLE,
APP208377,PL_2026_V1,INELIGIBLE,MIN_INCOME
APP208378,PL_2026_V1,ELIGIBLE,
APP208379,PL_2026_V1,ELIGIBLE,
APP208380,PL_2026_V1,ELIGIBLE,
APP208381,PL_2026_V1,ELIGIBLE,
APP208382,PL_2026_V1,ELIGIBLE,
APP208383,PL_2026_V1,INELIGIBLE,BUREAU_SCORE
APP208384,PL_2026_V1,ELIGIBLE,
APP208385,PL_2026_V1,INELIGIBLE,BUREAU_SCORE
APP208386,PL_2026_V1,INELIGIBLE,MIN_INCOME
APP208387,PL_2026_V1,ELIGIBLE,
APP208388,PL_2026_V1,ELIGIBLE,
APP208389,PL_2026_V1,ELIGIBLE,
APP208390,PL_2026_V1,ELIGIBLE,
APP208391,PL_2026_V1,INELIGIBLE,BUREAU_SCORE
APP208392,PL_2026_V1,ELIGIBLE,
APP208393,PL_2026_V1,INELIGIBLE,MIN_INCOME
APP208394,PL_2026_V1,INELIGIBLE,MIN_INCOME|BUREAU_SCORE
APP208395,PL_2026_V1,ELIGIBLE,
APP208396,PL_2026_V1,INELIGIBLE,BUREAU_SCORE
APP208397,PL_2026_V1,INELIGIBLE,BUREAU_SCORE
APP208398,PL_2026_V1,INELIGIBLE,BUREAU_SCORE
APP208399,PL_2026_V1,INELIGIBLE,BUREAU_SCORE
APP208400,PL_2026_V1,ELIGIBLE,
APP208401,PL_2026_V1,ELIGIBLE,
APP208402,PL_2026_V1,ELIGIBLE,
APP208403,PL_2026_V1,ELIGIBLE,
APP208404,PL_2026_V1,ELIGIBLE,
APP208405,PL_2026_V1,ELIGIBLE,
APP208406,PL_2026_V1,ELIGIBLE,
APP208407,PL_2026_V1,ELIGIBLE,
APP208408,PL_2026_V1,ELIGIBLE,
APP208409,PL_2026_V1,ELIGIBLE,
APP208410,PL_2026_V1,ELIGIBLE,
APP208411,PL_2026_V1,ELIGIBLE,
APP208412,PL_2026_V1,ELIGIBLE,
APP208413,PL_2026_V1,ELIGIBLE,
APP208414,PL_2026_V1,ELIGIBLE,
APP208415,PL_2026_V1,INELIGIBLE,MIN_INCOME
APP208416,PL_2026_V1,ELIGIBLE,
APP208417,PL_2026_V1,INELIGIBLE,BUREAU_SCORE
APP208418,PL_2026_V1,ELIGIBLE,
APP208419,PL_2026_V1,ELIGIBLE,
APP208420,PL_2026_V1,ELIGIBLE,
APP208421,PL_2026_V1,ELIGIBLE,
APP208422,PL_2026_V1,ELIGIBLE,
APP208423,PL_2026_V1,INELIGIBLE,BUREAU_SCORE
APP208424,PL_2026_V1,INELIGIBLE,BUREAU_SCORE
APP208425,PL_2026_V1,ELIGIBLE,
APP208426,PL_2026_V1,INELIGIBLE,BUREAU_SCORE
APP208427,PL_2026_V1,INELIGIBLE,MIN_INCOME
APP208428,PL_2026_V1,ELIGIBLE,
APP208429,PL_2026_V1,ELIGIBLE,
APP208430,PL_2026_V1,INELIGIBLE,BUREAU_SCORE
APP208431,PL_2026_V1,INELIGIBLE,MIN_INCOME
APP208432,PL_2026_V1,ELIGIBLE,
APP208433,PL_2026_V1,ELIGIBLE,
APP208434,PL_2026_V1,ELIGIBLE,
APP208435,PL_2026_V1,ELIGIBLE,
APP208436,PL_2026_V1,ELIGIBLE,
APP208437,PL_2026_V1,ELIGIBLE,
APP208438,PL_2026_V1,INELIGIBLE,BUREAU_SCORE
APP208439,PL_2026_V1,INELIGIBLE,BUREAU_SCORE
APP208440,PL_2026_V1,ELIGIBLE,
APP208441,PL_2026_V1,ELIGIBLE,
APP208442,PL_2026_V1,ELIGIBLE,
APP208443,PL_2026_V1,ELIGIBLE,
APP208444,PL_2026_V1,ELIGIBLE,
APP208445,PL_2026_V1,ELIGIBLE,
APP208446,PL_2026_V1,INELIGIBLE,MIN_INCOME
APP208447,PL_2026_V1,ELIGIBLE,
APP208448,PL_2026_V1,INELIGIBLE,BUREAU_SCORE
APP208449,PL_2026_V1,INELIGIBLE,BUREAU_SCORE
APP208450,PL_2026_V1,ELIGIBLE,
APP208451,PL_2026_V1,ELIGIBLE,
APP208452,PL_2026_V1,INELIGIBLE,MIN_INCOME
APP208453,PL_2026_V1,INELIGIBLE,BUREAU_SCORE
APP208454,PL_2026_V1,ELIGIBLE,
APP208455,PL_2026_V1,ELIGIBLE,
APP208456,PL_2026_V1,ELIGIBLE,
APP208457,PL_2026_V1,ELIGIBLE,
APP208458,PL_2026_V1,ELIGIBLE,
APP208459,PL_2026_V1,INELIGIBLE,BUREAU_SCORE
APP208460,PL_2026_V1,INELIGIBLE,MIN_INCOME
APP208461,PL_2026_V1,INELIGIBLE,MIN_INCOME|BUREAU_SCORE
APP208462,PL_2026_V1,ELIGIBLE,
APP208463,PL_2026_V1,ELIGIBLE,
APP208464,PL_2026_V1,ELIGIBLE,
APP208465,PL_2026_V1,ELIGIBLE,
APP208466,PL_2026_V1,INELIGIBLE,BUREAU_SCORE
APP208467,PL_2026_V1,INELIGIBLE,BUREAU_SCORE
APP208468,PL_2026_V1,ELIGIBLE,
APP208469,PL_2026_V1,INELIGIBLE,BUREAU_SCORE
APP208470,PL_2026_V1,ELIGIBLE,
APP208471,PL_2026_V1,ELIGIBLE,
APP208472,PL_2026_V1,ELIGIBLE,
APP208473,PL_2026_V1,ELIGIBLE,
APP208474,PL_2026_V1,ELIGIBLE,
APP208475,PL_2026_V1,ELIGIBLE,
APP208476,PL_2026_V1,ELIGIBLE,
APP208477,PL_2026_V1,ELIGIBLE,
APP208478,PL_2026_V1,INELIGIBLE,BUREAU_SCORE
APP208479,PL_2026_V1,INELIGIBLE,BUREAU_SCORE|EMPLOYMENT_TENURE
APP208480,PL_2026_V1,ELIGIBLE,
APP208481,PL_2026_V1,INELIGIBLE,BUREAU_SCORE|EMPLOYMENT_TENURE
APP208482,PL_2026_V1,ELIGIBLE,
APP208483,PL_2026_V1,INELIGIBLE,MIN_INCOME
APP208484,PL_2026_V1,ELIGIBLE,
APP208485,PL_2026_V1,ELIGIBLE,
APP208486,PL_2026_V1,INELIGIBLE,BUREAU_SCORE
APP208487,PL_2026_V1,ELIGIBLE,
APP208488,PL_2026_V1,ELIGIBLE,
APP208489,PL_2026_V1,ELIGIBLE,
APP208490,PL_2026_V1,ELIGIBLE,
APP208491,PL_2026_V1,ELIGIBLE,
APP208492,PL_2026_V1,ELIGIBLE,
APP208493,PL_2026_V1,ELIGIBLE,
APP208494,PL_2026_V1,ELIGIBLE,
APP208495,PL_2026_V1,ELIGIBLE,
APP208496,PL_2026_V1,ELIGIBLE,
APP208497,PL_2026_V1,INELIGIBLE,BUREAU_SCORE
APP208498,PL_2026_V1,ELIGIBLE,
APP208499,PL_2026_V1,ELIGIBLE,
APP208500,PL_2026_V1,INELIGIBLE,BUREAU_SCORE
APP208501,PL_2026_V1,INELIGIBLE,BUREAU_SCORE
APP208502,PL_2026_V1,INELIGIBLE,BUREAU_SCORE
APP208503,PL_2026_V1,ELIGIBLE,
APP208504,PL_2026_V1,ELIGIBLE,
APP208505,PL_2026_V1,INELIGIBLE,BUREAU_SCORE
APP208506,PL_2026_V1,ELIGIBLE,
APP208507,PL_2026_V1,ELIGIBLE,
APP208508,PL_2026_V1,INELIGIBLE,BUREAU_SCORE
APP208509,PL_2026_V1,ELIGIBLE,
APP208510,PL_2026_V1,INELIGIBLE,BUREAU_SCORE
APP208511,PL_2026_V1,ELIGIBLE,
APP208512,PL_2026_V1,ELIGIBLE,
APP208513,PL_2026_V1,ELIGIBLE,
APP208514,PL_2026_V1,INELIGIBLE,BUREAU_SCORE
APP208515,PL_2026_V1,ELIGIBLE,
APP208516,PL_2026_V1,ELIGIBLE,
APP208517,PL_2026_V1,ELIGIBLE,
APP208518,PL_2026_V1,ELIGIBLE,
APP208519,PL_2026_V1,INELIGIBLE,MIN_INCOME|BUREAU_SCORE
APP208520,PL_2026_V1,ELIGIBLE,
APP208521,PL_2026_V1,ELIGIBLE,
APP208522,PL_2026_V1,ELIGIBLE,
APP208523,PL_2026_V1,ELIGIBLE,
APP208524,PL_2026_V1,INELIGIBLE,MIN_INCOME|BUREAU_SCORE
APP208525,PL_2026_V1,INELIGIBLE,BUREAU_SCORE
APP208526,PL_2026_V1,ELIGIBLE,
APP208527,PL_2026_V1,INELIGIBLE,BUREAU_SCORE
APP208528,PL_2026_V1,INELIGIBLE,BUREAU_SCORE|FOIR
APP208529,PL_2026_V1,ELIGIBLE,
APP208530,PL_2026_V1,ELIGIBLE,
APP208531,PL_2026_V1,INELIGIBLE,BUREAU_SCORE
APP208532,PL_2026_V1,ELIGIBLE,
APP208533,PL_2026_V1,ELIGIBLE,
APP208534,PL_2026_V1,INELIGIBLE,BUREAU_SCORE
APP208535,PL_2026_V1,INELIGIBLE,BUREAU_SCORE
APP208536,PL_2026_V1,INELIGIBLE,MIN_INCOME|FOIR
APP208537,PL_2026_V1,ELIGIBLE,
APP208538,PL_2026_V1,ELIGIBLE,
APP208539,PL_2026_V1,ELIGIBLE,
APP208540,PL_2026_V1,INELIGIBLE,MIN_INCOME|BUREAU_SCORE
APP208541,PL_2026_V1,ELIGIBLE,
APP208542,PL_2026_V1,INELIGIBLE,BUREAU_SCORE
APP208543,PL_2026_V1,ELIGIBLE,
APP208544,PL_2026_V1,INELIGIBLE,MIN_INCOME
APP208545,PL_2026_V1,INELIGIBLE,BUREAU_SCORE
APP208546,PL_2026_V1,INELIGIBLE,BUREAU_SCORE
APP208547,PL_2026_V1,ELIGIBLE,
APP208548,PL_2026_V1,ELIGIBLE,
APP208549,PL_2026_V1,INELIGIBLE,MIN_INCOME|BUREAU_SCORE
APP208550,PL_2026_V1,ELIGIBLE,
APP208551,PL_2026_V1,INELIGIBLE,FOIR
APP208552,PL_2026_V1,ELIGIBLE,
APP208553,PL_2026_V1,ELIGIBLE,
APP208554,PL_2026_V1,ELIGIBLE,
APP208555,PL_2026_V1,ELIGIBLE,
APP208556,PL_2026_V1,ELIGIBLE,
APP208557,PL_2026_V1,ELIGIBLE,
APP208558,PL_2026_V1,ELIGIBLE,
APP208559,PL_2026_V1,ELIGIBLE,
APP208560,PL_2026_V1,ELIGIBLE,
APP208561,PL_2026_V1,ELIGIBLE,
APP208562,PL_2026_V1,ELIGIBLE,
APP208563,PL_2026_V1,ELIGIBLE,
APP208564,PL_2026_V1,ELIGIBLE,
APP208565,PL_2026_V1,INELIGIBLE,EMPLOYMENT_TENURE
APP208566,PL_2026_V1,ELIGIBLE,
APP208567,PL_2026_V1,ELIGIBLE,
APP208568,PL_2026_V1,ELIGIBLE,
APP208569,PL_2026_V1,ELIGIBLE,
APP208570,PL_2026_V1,INELIGIBLE,MIN_INCOME|BUREAU_SCORE
APP208571,PL_2026_V1,ELIGIBLE,
APP208572,PL_2026_V1,INELIGIBLE,BUREAU_SCORE
APP208573,PL_2026_V1,INELIGIBLE,BUREAU_SCORE
APP208574,PL_2026_V1,INELIGIBLE,MIN_INCOME|BUREAU_SCORE
APP208575,PL_2026_V1,ELIGIBLE,
APP208576,PL_2026_V1,INELIGIBLE,BUREAU_SCORE
APP208577,PL_2026_V1,INELIGIBLE,BUREAU_SCORE
APP208578,PL_2026_V1,ELIGIBLE,
APP208579,PL_2026_V1,ELIGIBLE,
APP208580,PL_2026_V1,ELIGIBLE,
APP208581,PL_2026_V1,INELIGIBLE,MIN_INCOME
APP208582,PL_2026_V1,ELIGIBLE,
APP208583,PL_2026_V1,ELIGIBLE,
APP208584,PL_2026_V1,ELIGIBLE,
APP208585,PL_2026_V1,INELIGIBLE,BUREAU_SCORE
APP208586,PL_2026_V1,ELIGIBLE,
APP208587,PL_2026_V1,ELIGIBLE,
APP208588,PL_2026_V1,INELIGIBLE,BUREAU_SCORE
APP208589,PL_2026_V1,INELIGIBLE,BUREAU_SCORE
APP208590,PL_2026_V1,ELIGIBLE,
APP208591,PL_2026_V1,ELIGIBLE,
APP208592,PL_2026_V1,ELIGIBLE,
APP208593,PL_2026_V1,ELIGIBLE,
APP208594,PL_2026_V1,INELIGIBLE,MIN_INCOME
APP208595,PL_2026_V1,ELIGIBLE,
APP208596,PL_2026_V1,ELIGIBLE,
APP208597,PL_2026_V1,ELIGIBLE,
APP208598,PL_2026_V1,ELIGIBLE,
APP208599,PL_2026_V1,ELIGIBLE,
APP208600,PL_2026_V1,ELIGIBLE,
APP208601,PL_2026_V1,ELIGIBLE,
APP208602,PL_2026_V1,ELIGIBLE,
APP208603,PL_2026_V1,ELIGIBLE,
APP208604,PL_2026_V1,ELIGIBLE,
APP208605,PL_2026_V1,ELIGIBLE,
APP208606,PL_2026_V1,ELIGIBLE,
APP208607,PL_2026_V1,ELIGIBLE,
APP208608,PL_2026_V1,ELIGIBLE,
APP208609,PL_2026_V1,ELIGIBLE,
APP208610,PL_2026_V1,ELIGIBLE,
APP208611,PL_2026_V1,INELIGIBLE,BUREAU_SCORE|FOIR
APP208612,PL_2026_V1,INELIGIBLE,BUREAU_SCORE
APP208613,PL_2026_V1,ELIGIBLE,
APP208614,PL_2026_V1,INELIGIBLE,BUREAU_SCORE
APP208615,PL_2026_V1,INELIGIBLE,BUREAU_SCORE
APP208616,PL_2026_V1,ELIGIBLE,
APP208617,PL_2026_V1,ELIGIBLE,
APP208618,PL_2026_V1,INELIGIBLE,BUREAU_SCORE
APP208619,PL_2026_V1,ELIGIBLE,
APP208620,PL_2026_V1,INELIGIBLE,MIN_INCOME
APP208621,PL_2026_V1,ELIGIBLE,
APP208622,PL_2026_V1,ELIGIBLE,
APP208623,PL_2026_V1,ELIGIBLE,
APP208624,PL_2026_V1,ELIGIBLE,
APP208625,PL_2026_V1,ELIGIBLE,
APP208626,PL_2026_V1,INELIGIBLE,BUREAU_SCORE
APP208627,PL_2026_V1,INELIGIBLE,BUREAU_SCORE
APP208628,PL_2026_V1,INELIGIBLE,MIN_INCOME
APP208629,PL_2026_V1,ELIGIBLE,
APP208630,PL_2026_V1,INELIGIBLE,BUREAU_SCORE
APP208631,PL_2026_V1,INELIGIBLE,BUREAU_SCORE
APP208632,PL_2026_V1,INELIGIBLE,BUREAU_SCORE
APP208633,PL_2026_V1,INELIGIBLE,BUREAU_SCORE
APP208634,PL_2026_V1,ELIGIBLE,
APP208635,PL_2026_V1,ELIGIBLE,
APP208636,PL_2026_V1,ELIGIBLE,
APP208637,PL_2026_V1,INELIGIBLE,FOIR
APP208638,PL_2026_V1,ELIGIBLE,
APP208639,PL_2026_V1,ELIGIBLE,
APP208640,PL_2026_V1,INELIGIBLE,BUREAU_SCORE
APP208641,PL_2026_V1,INELIGIBLE,MIN_INCOME|BUREAU_SCORE
APP208642,PL_2026_V1,ELIGIBLE,
APP208643,PL_2026_V1,INELIGIBLE,MIN_INCOME
APP208644,PL_2026_V1,ELIGIBLE,
APP208645,PL_2026_V1,INELIGIBLE,MIN_INCOME|BUREAU_SCORE
APP208646,PL_2026_V1,ELIGIBLE,
APP208647,PL_2026_V1,INELIGIBLE,BUREAU_SCORE
APP208648,PL_2026_V1,ELIGIBLE,
APP208649,PL_2026_V1,ELIGIBLE,
APP208650,PL_2026_V1,ELIGIBLE,
APP208651,PL_2026_V1,ELIGIBLE,
APP208652,PL_2026_V1,ELIGIBLE,
APP208653,PL_2026_V1,ELIGIBLE,
APP208654,PL_2026_V1,ELIGIBLE,
APP208655,PL_2026_V1,INELIGIBLE,BUREAU_SCORE
APP208656,PL_2026_V1,ELIGIBLE,
APP208657,PL_2026_V1,ELIGIBLE,
APP208658,PL_2026_V1,ELIGIBLE,
APP208659,PL_2026_V1,ELIGIBLE,
APP208660,PL_2026_V1,ELIGIBLE,
APP208661,PL_2026_V1,ELIGIBLE,
APP208662,PL_2026_V1,ELIGIBLE,
APP208663,PL_2026_V1,ELIGIBLE,
APP208664,PL_2026_V1,ELIGIBLE,
APP208665,PL_2026_V1,ELIGIBLE,
APP208666,PL_2026_V1,ELIGIBLE,
APP208667,PL_2026_V1,INELIGIBLE,MIN_INCOME
APP208668,PL_2026_V1,INELIGIBLE,MIN_INCOME
APP208669,PL_2026_V1,ELIGIBLE,
APP208670,PL_2026_V1,ELIGIBLE,
APP208671,PL_2026_V1,INELIGIBLE,MIN_INCOME|BUREAU_SCORE
APP208672,PL_2026_V1,ELIGIBLE,
APP208673,PL_2026_V1,ELIGIBLE,
APP208674,PL_2026_V1,ELIGIBLE,
APP208675,PL_2026_V1,ELIGIBLE,
APP208676,PL_2026_V1,ELIGIBLE,
APP208677,PL_2026_V1,ELIGIBLE,
APP208678,PL_2026_V1,INELIGIBLE,BUREAU_SCORE|FOIR
APP208679,PL_2026_V1,INELIGIBLE,BUREAU_SCORE|FOIR
APP208680,PL_2026_V1,ELIGIBLE,
APP208681,PL_2026_V1,ELIGIBLE,
APP208682,PL_2026_V1,ELIGIBLE,
APP208683,PL_2026_V1,INELIGIBLE,MIN_INCOME
APP208684,PL_2026_V1,INELIGIBLE,BUREAU_SCORE
APP208685,PL_2026_V1,ELIGIBLE,
APP208686,PL_2026_V1,INELIGIBLE,BUREAU_SCORE
APP208687,PL_2026_V1,ELIGIBLE,
APP208688,PL_2026_V1,ELIGIBLE,
APP208689,PL_2026_V1,ELIGIBLE,
APP208690,PL_2026_V1,ELIGIBLE,
APP208691,PL_2026_V1,ELIGIBLE,
APP208692,PL_2026_V1,ELIGIBLE,
APP208693,PL_2026_V1,ELIGIBLE,
APP208694,PL_2026_V1,ELIGIBLE,
APP208695,PL_2026_V1,ELIGIBLE,
APP208696,PL_2026_V1,INELIGIBLE,MIN_INCOME
APP208697,PL_2026_V1,INELIGIBLE,BUREAU_SCORE
APP208698,PL_2026_V1,ELIGIBLE,
APP208699,PL_2026_V1,INELIGIBLE,BUREAU_SCORE
APP208700,PL_2026_V1,INELIGIBLE,BUREAU_SCORE
APP208701,PL_2026_V1,ELIGIBLE,
APP208702,PL_2026_V1,INELIGIBLE,MIN_INCOME|BUREAU_SCORE
APP208703,PL_2026_V1,ELIGIBLE,
APP208704,PL_2026_V1,ELIGIBLE,
APP208705,PL_2026_V1,INELIGIBLE,BUREAU_SCORE
APP208706,PL_2026_V1,INELIGIBLE,BUREAU_SCORE
APP208707,PL_2026_V1,ELIGIBLE,
APP208708,PL_2026_V1,ELIGIBLE,
APP208709,PL_2026_V1,INELIGIBLE,BUREAU_SCORE
APP208710,PL_2026_V1,INELIGIBLE,MIN_INCOME|BUREAU_SCORE
APP208711,PL_2026_V1,INELIGIBLE,BUREAU_SCORE
APP208712,PL_2026_V1,ELIGIBLE,
APP208713,PL_2026_V1,ELIGIBLE,
APP208714,PL_2026_V1,ELIGIBLE,
APP208715,PL_2026_V1,ELIGIBLE,
APP208716,PL_2026_V1,ELIGIBLE,
APP208717,PL_2026_V1,ELIGIBLE,
APP208718,PL_2026_V1,ELIGIBLE,
APP208719,PL_2026_V1,INELIGIBLE,BUREAU_SCORE
APP208720,PL_2026_V1,INELIGIBLE,BUREAU_SCORE
APP208721,PL_2026_V1,INELIGIBLE,FOIR
APP208722,PL_2026_V1,ELIGIBLE,
APP208723,PL_2026_V1,INELIGIBLE,BUREAU_SCORE
APP208724,PL_2026_V1,INELIGIBLE,FOIR
APP208725,PL_2026_V1,INELIGIBLE,MIN_INCOME
APP208726,PL_2026_V1,INELIGIBLE,BUREAU_SCORE
APP208727,PL_2026_V1,ELIGIBLE,
APP208728,PL_2026_V1,ELIGIBLE,
APP208729,PL_2026_V1,INELIGIBLE,BUREAU_SCORE
APP208730,PL_2026_V1,INELIGIBLE,BUREAU_SCORE
APP208731,PL_2026_V1,ELIGIBLE,
APP208732,PL_2026_V1,ELIGIBLE,
APP208733,PL_2026_V1,INELIGIBLE,BUREAU_SCORE|FOIR
APP208734,PL_2026_V1,INELIGIBLE,BUREAU_SCORE
APP208735,PL_2026_V1,ELIGIBLE,
APP208736,PL_2026_V1,ELIGIBLE,
APP208737,PL_2026_V1,ELIGIBLE,
APP208738,PL_2026_V1,ELIGIBLE,
APP208739,PL_2026_V1,ELIGIBLE,
APP208740,PL_2026_V1,ELIGIBLE,
APP208741,PL_2026_V1,ELIGIBLE,
APP208742,PL_2026_V1,INELIGIBLE,BUREAU_SCORE
APP208743,PL_2026_V1,INELIGIBLE,BUREAU_SCORE
APP208744,PL_2026_V1,ELIGIBLE,
APP208745,PL_2026_V1,ELIGIBLE,
APP208746,PL_2026_V1,INELIGIBLE,BUREAU_SCORE
APP208747,PL_2026_V1,ELIGIBLE,
APP208748,PL_2026_V1,ELIGIBLE,
APP208749,PL_2026_V1,ELIGIBLE,
APP208750,PL_2026_V1,INELIGIBLE,BUREAU_SCORE
APP208751,PL_2026_V1,INELIGIBLE,MIN_INCOME|BUREAU_SCORE
APP208752,PL_2026_V1,ELIGIBLE,
APP208753,PL_2026_V1,ELIGIBLE,
APP208754,PL_2026_V1,ELIGIBLE,
APP208755,PL_2026_V1,INELIGIBLE,BUREAU_SCORE
APP208756,PL_2026_V1,ELIGIBLE,
APP208757,PL_2026_V1,ELIGIBLE,
APP208758,PL_2026_V1,INELIGIBLE,MIN_INCOME|BUREAU_SCORE
APP208759,PL_2026_V1,ELIGIBLE,
APP208760,PL_2026_V1,ELIGIBLE,
APP208761,PL_2026_V1,ELIGIBLE,
APP208762,PL_2026_V1,ELIGIBLE,
APP208763,PL_2026_V1,ELIGIBLE,
APP208764,PL_2026_V1,ELIGIBLE,
APP208765,PL_2026_V1,INELIGIBLE,BUREAU_SCORE
APP208766,PL_2026_V1,INELIGIBLE,MIN_INCOME
APP208767,PL_2026_V1,INELIGIBLE,BUREAU_SCORE
APP208768,PL_2026_V1,ELIGIBLE,
APP208769,PL_2026_V1,ELIGIBLE,
APP208770,PL_2026_V1,ELIGIBLE,
APP208771,PL_2026_V1,INELIGIBLE,BUREAU_SCORE
APP208772,PL_2026_V1,ELIGIBLE,
APP208773,PL_2026_V1,INELIGIBLE,BUREAU_SCORE
APP208774,PL_2026_V1,ELIGIBLE,
APP208775,PL_2026_V1,INELIGIBLE,BUREAU_SCORE
APP208776,PL_2026_V1,ELIGIBLE,
APP208777,PL_2026_V1,INELIGIBLE,MIN_INCOME
APP208778,PL_2026_V1,INELIGIBLE,BUREAU_SCORE
APP208779,PL_2026_V1,ELIGIBLE,
APP208780,PL_2026_V1,ELIGIBLE,
APP208781,PL_2026_V1,ELIGIBLE,
APP208782,PL_2026_V1,ELIGIBLE,
APP208783,PL_2026_V1,ELIGIBLE,
APP208784,PL_2026_V1,ELIGIBLE,
APP208785,PL_2026_V1,ELIGIBLE,
APP208786,PL_2026_V1,ELIGIBLE,
APP208787,PL_2026_V1,INELIGIBLE,MIN_INCOME
APP208788,PL_2026_V1,INELIGIBLE,BUREAU_SCORE
APP208789,PL_2026_V1,INELIGIBLE,BUREAU_SCORE
APP208790,PL_2026_V1,INELIGIBLE,MIN_INCOME
APP208791,PL_2026_V1,ELIGIBLE,
APP208792,PL_2026_V1,ELIGIBLE,
APP208793,PL_2026_V1,INELIGIBLE,BUREAU_SCORE
APP208794,PL_2026_V1,ELIGIBLE,
APP208795,PL_2026_V1,ELIGIBLE,
APP208796,PL_2026_V1,ELIGIBLE,
APP208797,PL_2026_V1,ELIGIBLE,
APP208798,PL_2026_V1,ELIGIBLE,
APP208799,PL_2026_V1,ELIGIBLE,
APP208800,PL_2026_V1,INELIGIBLE,BUREAU_SCORE
APP208801,PL_2026_V1,ELIGIBLE,
APP208802,PL_2026_V1,ELIGIBLE,
APP208803,PL_2026_V1,INELIGIBLE,MIN_INCOME|BUREAU_SCORE
APP208804,PL_2026_V1,ELIGIBLE,
APP208805,PL_2026_V1,INELIGIBLE,BUREAU_SCORE
APP208806,PL_2026_V1,INELIGIBLE,MIN_INCOME
APP208807,PL_2026_V1,ELIGIBLE,
APP208808,PL_2026_V1,ELIGIBLE,
APP208809,PL_2026_V1,ELIGIBLE,
APP208810,PL_2026_V1,INELIGIBLE,BUREAU_SCORE
APP208811,PL_2026_V1,ELIGIBLE,
APP208812,PL_2026_V1,ELIGIBLE,
APP208813,PL_2026_V1,ELIGIBLE,
APP208814,PL_2026_V1,ELIGIBLE,
APP208815,PL_2026_V1,ELIGIBLE,
APP208816,PL_2026_V1,ELIGIBLE,
APP208817,PL_2026_V1,ELIGIBLE,
APP208818,PL_2026_V1,ELIGIBLE,
APP208819,PL_2026_V1,ELIGIBLE,
APP208820,PL_2026_V1,INELIGIBLE,MIN_INCOME
APP208821,PL_2026_V1,ELIGIBLE,
APP208822,PL_2026_V1,INELIGIBLE,BUREAU_SCORE
APP208823,PL_2026_V1,INELIGIBLE,BUREAU_SCORE
APP208824,PL_2026_V1,INELIGIBLE,MIN_INCOME
APP208825,PL_2026_V1,INELIGIBLE,MIN_INCOME
APP208826,PL_2026_V1,ELIGIBLE,
APP208827,PL_2026_V1,INELIGIBLE,BUREAU_SCORE
APP208828,PL_2026_V1,ELIGIBLE,
APP208829,PL_2026_V1,ELIGIBLE,
APP208830,PL_2026_V1,ELIGIBLE,
APP208831,PL_2026_V1,ELIGIBLE,
APP208832,PL_2026_V1,ELIGIBLE,
APP208833,PL_2026_V1,ELIGIBLE,
APP208834,PL_2026_V1,ELIGIBLE,
APP208835,PL_2026_V1,ELIGIBLE,
APP208836,PL_2026_V1,INELIGIBLE,BUREAU_SCORE
APP208837,PL_2026_V1,ELIGIBLE,
APP208838,PL_2026_V1,ELIGIBLE,
APP208839,PL_2026_V1,ELIGIBLE,
APP208840,PL_2026_V1,ELIGIBLE,
APP208841,PL_2026_V1,ELIGIBLE,
APP208842,PL_2026_V1,ELIGIBLE,
APP208843,PL_2026_V1,ELIGIBLE,
APP208844,PL_2026_V1,INELIGIBLE,BUREAU_SCORE
APP208845,PL_2026_V1,ELIGIBLE,
APP208846,PL_2026_V1,ELIGIBLE,
APP208847,PL_2026_V1,INELIGIBLE,BUREAU_SCORE
APP208848,PL_2026_V1,ELIGIBLE,
APP208849,PL_2026_V1,ELIGIBLE,
APP208850,PL_2026_V1,ELIGIBLE,
APP208851,PL_2026_V1,ELIGIBLE,
APP208852,PL_2026_V1,INELIGIBLE,FOIR
APP208853,PL_2026_V1,ELIGIBLE,
APP208854,PL_2026_V1,INELIGIBLE,MIN_INCOME
APP208855,PL_2026_V1,INELIGIBLE,MIN_INCOME|BUREAU_SCORE
APP208856,PL_2026_V1,ELIGIBLE,
APP208857,PL_2026_V1,ELIGIBLE,
APP208858,PL_2026_V1,ELIGIBLE,
APP208859,PL_2026_V1,ELIGIBLE,
APP208860,PL_2026_V1,ELIGIBLE,
APP208861,PL_2026_V1,ELIGIBLE,
APP208862,PL_2026_V1,ELIGIBLE,
APP208863,PL_2026_V1,ELIGIBLE,
APP208864,PL_2026_V1,INELIGIBLE,MIN_INCOME
APP208865,PL_2026_V1,ELIGIBLE,
APP208866,PL_2026_V1,ELIGIBLE,
APP208867,PL_2026_V1,INELIGIBLE,BUREAU_SCORE
APP208868,PL_2026_V1,ELIGIBLE,
APP208869,PL_2026_V1,ELIGIBLE,
APP208870,PL_2026_V1,ELIGIBLE,
APP208871,PL_2026_V1,INELIGIBLE,BUREAU_SCORE
APP208872,PL_2026_V1,ELIGIBLE,
APP208873,PL_2026_V1,ELIGIBLE,
APP208874,PL_2026_V1,INELIGIBLE,BUREAU_SCORE
APP208875,PL_2026_V1,ELIGIBLE,
APP208876,PL_2026_V1,INELIGIBLE,BUREAU_SCORE
APP208877,PL_2026_V1,INELIGIBLE,BUREAU_SCORE
APP208878,PL_2026_V1,INELIGIBLE,BUREAU_SCORE
APP208879,PL_2026_V1,INELIGIBLE,BUREAU_SCORE
APP208880,PL_2026_V1,ELIGIBLE,
APP208881,PL_2026_V1,INELIGIBLE,BUREAU_SCORE
APP208882,PL_2026_V1,ELIGIBLE,
APP208883,PL_2026_V1,INELIGIBLE,BUREAU_SCORE
APP208884,PL_2026_V1,ELIGIBLE,
APP208885,PL_2026_V1,ELIGIBLE,
APP208886,PL_2026_V1,ELIGIBLE,
APP208887,PL_2026_V1,ELIGIBLE,
APP208888,PL_2026_V1,ELIGIBLE,
APP208889,PL_2026_V1,ELIGIBLE,
APP208890,PL_2026_V1,ELIGIBLE,
APP208891,PL_2026_V1,INELIGIBLE,BUREAU_SCORE
APP208892,PL_2026_V1,ELIGIBLE,
APP208893,PL_2026_V1,INELIGIBLE,BUREAU_SCORE
APP208894,PL_2026_V1,ELIGIBLE,
APP208895,PL_2026_V1,ELIGIBLE,
APP208896,PL_2026_V1,INELIGIBLE,MIN_INCOME
APP208897,PL_2026_V1,ELIGIBLE,
APP208898,PL_2026_V1,ELIGIBLE,
APP208899,PL_2026_V1,ELIGIBLE,
APP208900,PL_2026_V1,ELIGIBLE,
APP208901,PL_2026_V1,ELIGIBLE,
APP208902,PL_2026_V1,ELIGIBLE,
APP208903,PL_2026_V1,ELIGIBLE,
APP208904,PL_2026_V1,INELIGIBLE,MIN_INCOME
APP208905,PL_2026_V1,INELIGIBLE,MIN_INCOME|BUREAU_SCORE
APP208906,PL_2026_V1,INELIGIBLE,MIN_INCOME|BUREAU_SCORE
APP208907,PL_2026_V1,INELIGIBLE,BUREAU_SCORE
APP208908,PL_2026_V1,INELIGIBLE,BUREAU_SCORE
APP208909,PL_2026_V1,INELIGIBLE,BUREAU_SCORE
APP208910,PL_2026_V1,ELIGIBLE,
APP208911,PL_2026_V1,ELIGIBLE,
APP208912,PL_2026_V1,INELIGIBLE,MIN_INCOME
APP208913,PL_2026_V1,ELIGIBLE,
APP208914,PL_2026_V1,INELIGIBLE,BUREAU_SCORE
APP208915,PL_2026_V1,INELIGIBLE,BUREAU_SCORE
APP208916,PL_2026_V1,ELIGIBLE,
APP208917,PL_2026_V1,ELIGIBLE,
APP208918,PL_2026_V1,ELIGIBLE,
APP208919,PL_2026_V1,INELIGIBLE,BUREAU_SCORE
APP208920,PL_2026_V1,ELIGIBLE,
APP208921,PL_2026_V1,ELIGIBLE,
APP208922,PL_2026_V1,ELIGIBLE,
APP208923,PL_2026_V1,ELIGIBLE,
APP208924,PL_2026_V1,ELIGIBLE,
APP208925,PL_2026_V1,ELIGIBLE,
APP208926,PL_2026_V1,INELIGIBLE,BUREAU_SCORE
APP208927,PL_2026_V1,INELIGIBLE,BUREAU_SCORE
APP208928,PL_2026_V1,INELIGIBLE,MIN_INCOME
APP208929,PL_2026_V1,ELIGIBLE,
APP208930,PL_2026_V1,INELIGIBLE,MIN_INCOME|BUREAU_SCORE
APP208931,PL_2026_V1,INELIGIBLE,FOIR
APP208932,PL_2026_V1,ELIGIBLE,
APP208933,PL_2026_V1,ELIGIBLE,
APP208934,PL_2026_V1,ELIGIBLE,
APP208935,PL_2026_V1,INELIGIBLE,BUREAU_SCORE
APP208936,PL_2026_V1,INELIGIBLE,BUREAU_SCORE
APP208937,PL_2026_V1,ELIGIBLE,
APP208938,PL_2026_V1,ELIGIBLE,
APP208939,PL_2026_V1,ELIGIBLE,
APP208940,PL_2026_V1,ELIGIBLE,
APP208941,PL_2026_V1,INELIGIBLE,BUREAU_SCORE
APP208942,PL_2026_V1,ELIGIBLE,
APP208943,PL_2026_V1,ELIGIBLE,
APP208944,PL_2026_V1,ELIGIBLE,
APP208945,PL_2026_V1,INELIGIBLE,MIN_INCOME
APP208946,PL_2026_V1,INELIGIBLE,EMPLOYMENT_TENURE
APP208947,PL_2026_V1,ELIGIBLE,
APP208948,PL_2026_V1,ELIGIBLE,
APP208949,PL_2026_V1,ELIGIBLE,
APP208950,PL_2026_V1,ELIGIBLE,
APP208951,PL_2026_V1,INELIGIBLE,MIN_INCOME
APP208952,PL_2026_V1,INELIGIBLE,BUREAU_SCORE
APP208953,PL_2026_V1,ELIGIBLE,
APP208954,PL_2026_V1,ELIGIBLE,
APP208955,PL_2026_V1,ELIGIBLE,
APP208956,PL_2026_V1,INELIGIBLE,BUREAU_SCORE
APP208957,PL_2026_V1,INELIGIBLE,MIN_INCOME
APP208958,PL_2026_V1,ELIGIBLE,
APP208959,PL_2026_V1,ELIGIBLE,
APP208960,PL_2026_V1,ELIGIBLE,
APP208961,PL_2026_V1,INELIGIBLE,MIN_INCOME
APP208962,PL_2026_V1,ELIGIBLE,
APP208963,PL_2026_V1,INELIGIBLE,BUREAU_SCORE
APP208964,PL_2026_V1,INELIGIBLE,FOIR
APP208965,PL_2026_V1,ELIGIBLE,
APP208966,PL_2026_V1,INELIGIBLE,BUREAU_SCORE
APP208967,PL_2026_V1,INELIGIBLE,BUREAU_SCORE
APP208968,PL_2026_V1,INELIGIBLE,BUREAU_SCORE
APP208969,PL_2026_V1,INELIGIBLE,BUREAU_SCORE
APP208970,PL_2026_V1,ELIGIBLE,
APP208971,PL_2026_V1,ELIGIBLE,
APP208972,PL_2026_V1,ELIGIBLE,
APP208973,PL_2026_V1,INELIGIBLE,BUREAU_SCORE
APP208974,PL_2026_V1,ELIGIBLE,
APP208975,PL_2026_V1,ELIGIBLE,
APP208976,PL_2026_V1,ELIGIBLE,
APP208977,PL_2026_V1,ELIGIBLE,
APP208978,PL_2026_V1,INELIGIBLE,BUREAU_SCORE
APP208979,PL_2026_V1,ELIGIBLE,
APP208980,PL_2026_V1,ELIGIBLE,
APP208981,PL_2026_V1,ELIGIBLE,
APP208982,PL_2026_V1,INELIGIBLE,BUREAU_SCORE
APP208983,PL_2026_V1,ELIGIBLE,
APP208984,PL_2026_V1,ELIGIBLE,
APP208985,PL_2026_V1,INELIGIBLE,MIN_INCOME
APP208986,PL_2026_V1,INELIGIBLE,MIN_INCOME
APP208987,PL_2026_V1,ELIGIBLE,
APP208988,PL_2026_V1,INELIGIBLE,BUREAU_SCORE
APP208989,PL_2026_V1,ELIGIBLE,
APP208990,PL_2026_V1,ELIGIBLE,
APP208991,PL_2026_V1,ELIGIBLE,
APP208992,PL_2026_V1,ELIGIBLE,
APP208993,PL_2026_V1,INELIGIBLE,BUREAU_SCORE
APP208994,PL_2026_V1,ELIGIBLE,
APP208995,PL_2026_V1,ELIGIBLE,
APP208996,PL_2026_V1,ELIGIBLE,
APP208997,PL_2026_V1,ELIGIBLE,
APP208998,PL_2026_V1,ELIGIBLE,
APP208999,PL_2026_V1,ELIGIBLE,
APP209000,PL_2026_V1,ELIGIBLE,
APP209001,PL_2026_V1,INELIGIBLE,BUREAU_SCORE
APP209002,PL_2026_V1,INELIGIBLE,MIN_INCOME
APP209003,PL_2026_V1,ELIGIBLE,
APP209004,PL_2026_V1,INELIGIBLE,MIN_INCOME
APP209005,PL_2026_V1,ELIGIBLE,
APP209006,PL_2026_V1,INELIGIBLE,MIN_INCOME|BUREAU_SCORE
APP209007,PL_2026_V1,INELIGIBLE,MIN_INCOME|BUREAU_SCORE
APP209008,PL_2026_V1,ELIGIBLE,
APP209009,PL_2026_V1,INELIGIBLE,BUREAU_SCORE
APP209010,PL_2026_V1,ELIGIBLE,
APP209011,PL_2026_V1,ELIGIBLE,
APP209012,PL_2026_V1,ELIGIBLE,
APP209013,PL_2026_V1,ELIGIBLE,
APP209014,PL_2026_V1,ELIGIBLE,
APP209015,PL_2026_V1,ELIGIBLE,
APP209016,PL_2026_V1,INELIGIBLE,BUREAU_SCORE
APP209017,PL_2026_V1,INELIGIBLE,BUREAU_SCORE
APP209018,PL_2026_V1,INELIGIBLE,FOIR
APP209019,PL_2026_V1,ELIGIBLE,
APP209020,PL_2026_V1,ELIGIBLE,
APP209021,PL_2026_V1,INELIGIBLE,MIN_INCOME
APP209022,PL_2026_V1,ELIGIBLE,
APP209023,PL_2026_V1,ELIGIBLE,
APP209024,PL_2026_V1,ELIGIBLE,
APP209025,PL_2026_V1,ELIGIBLE,
APP209026,PL_2026_V1,INELIGIBLE,BUREAU_SCORE
APP209027,PL_2026_V1,INELIGIBLE,FOIR
APP209028,PL_2026_V1,ELIGIBLE,
APP209029,PL_2026_V1,INELIGIBLE,BUREAU_SCORE
APP209030,PL_2026_V1,ELIGIBLE,
APP209031,PL_2026_V1,INELIGIBLE,BUREAU_SCORE
APP209032,PL_2026_V1,ELIGIBLE,
APP209033,PL_2026_V1,ELIGIBLE,
APP209034,PL_2026_V1,ELIGIBLE,
APP209035,PL_2026_V1,ELIGIBLE,
APP209036,PL_2026_V1,INELIGIBLE,MIN_INCOME|BUREAU_SCORE
APP209037,PL_2026_V1,ELIGIBLE,
APP209038,PL_2026_V1,ELIGIBLE,
APP209039,PL_2026_V1,ELIGIBLE,
APP209040,PL_2026_V1,INELIGIBLE,BUREAU_SCORE
APP209041,PL_2026_V1,ELIGIBLE,
APP209042,PL_2026_V1,INELIGIBLE,BUREAU_SCORE
APP209043,PL_2026_V1,ELIGIBLE,
APP209044,PL_2026_V1,ELIGIBLE,
APP209045,PL_2026_V1,ELIGIBLE,
APP209046,PL_2026_V1,INELIGIBLE,BUREAU_SCORE
APP209047,PL_2026_V1,ELIGIBLE,
APP209048,PL_2026_V1,ELIGIBLE,
APP209049,PL_2026_V1,ELIGIBLE,
APP209050,PL_2026_V1,ELIGIBLE,
APP209051,PL_2026_V1,ELIGIBLE,
APP209052,PL_2026_V1,ELIGIBLE,
APP209053,PL_2026_V1,INELIGIBLE,BUREAU_SCORE
APP209054,PL_2026_V1,ELIGIBLE,
APP209055,PL_2026_V1,ELIGIBLE,
APP209056,PL_2026_V1,ELIGIBLE,
APP209057,PL_2026_V1,ELIGIBLE,
APP209058,PL_2026_V1,ELIGIBLE,
APP209059,PL_2026_V1,INELIGIBLE,MIN_INCOME
APP209060,PL_2026_V1,ELIGIBLE,
APP209061,PL_2026_V1,ELIGIBLE,
APP209062,PL_2026_V1,ELIGIBLE,
APP209063,PL_2026_V1,ELIGIBLE,
APP209064,PL_2026_V1,ELIGIBLE,
APP209065,PL_2026_V1,INELIGIBLE,MIN_INCOME
APP209066,PL_2026_V1,ELIGIBLE,
APP209067,PL_2026_V1,ELIGIBLE,
APP209068,PL_2026_V1,ELIGIBLE,
APP209069,PL_2026_V1,INELIGIBLE,MIN_INCOME
APP209070,PL_2026_V1,INELIGIBLE,BUREAU_SCORE
APP209071,PL_2026_V1,ELIGIBLE,
APP209072,PL_2026_V1,INELIGIBLE,BUREAU_SCORE
APP209073,PL_2026_V1,ELIGIBLE,
APP209074,PL_2026_V1,INELIGIBLE,BUREAU_SCORE
APP209075,PL_2026_V1,INELIGIBLE,BUREAU_SCORE
APP209076,PL_2026_V1,ELIGIBLE,
APP209077,PL_2026_V1,ELIGIBLE,
APP209078,PL_2026_V1,INELIGIBLE,BUREAU_SCORE
APP209079,PL_2026_V1,ELIGIBLE,
APP209080,PL_2026_V1,INELIGIBLE,MIN_INCOME|BUREAU_SCORE
APP209081,PL_2026_V1,INELIGIBLE,BUREAU_SCORE
APP209082,PL_2026_V1,INELIGIBLE,BUREAU_SCORE
APP209083,PL_2026_V1,INELIGIBLE,MIN_INCOME
APP209084,PL_2026_V1,ELIGIBLE,
APP209085,PL_2026_V1,ELIGIBLE,
APP209086,PL_2026_V1,INELIGIBLE,MIN_INCOME
APP209087,PL_2026_V1,ELIGIBLE,
APP209088,PL_2026_V1,INELIGIBLE,MIN_INCOME|BUREAU_SCORE
APP209089,PL_2026_V1,ELIGIBLE,
APP209090,PL_2026_V1,ELIGIBLE,
APP209091,PL_2026_V1,ELIGIBLE,
APP209092,PL_2026_V1,ELIGIBLE,
APP209093,PL_2026_V1,ELIGIBLE,
APP209094,PL_2026_V1,INELIGIBLE,MIN_INCOME
APP209095,PL_2026_V1,ELIGIBLE,
APP209096,PL_2026_V1,ELIGIBLE,
APP209097,PL_2026_V1,ELIGIBLE,
APP209098,PL_2026_V1,ELIGIBLE,
APP209099,PL_2026_V1,ELIGIBLE,
APP209100,PL_2026_V1,ELIGIBLE,
APP209101,PL_2026_V1,INELIGIBLE,BUREAU_SCORE
APP209102,PL_2026_V1,INELIGIBLE,BUREAU_SCORE
APP209103,PL_2026_V1,ELIGIBLE,
APP209104,PL_2026_V1,ELIGIBLE,
APP209105,PL_2026_V1,ELIGIBLE,
APP209106,PL_2026_V1,INELIGIBLE,BUREAU_SCORE
APP209107,PL_2026_V1,ELIGIBLE,
APP209108,PL_2026_V1,ELIGIBLE,
APP209109,PL_2026_V1,INELIGIBLE,FOIR
APP209110,PL_2026_V1,ELIGIBLE,
APP209111,PL_2026_V1,INELIGIBLE,BUREAU_SCORE
APP209112,PL_2026_V1,ELIGIBLE,
APP209113,PL_2026_V1,INELIGIBLE,BUREAU_SCORE
APP209114,PL_2026_V1,ELIGIBLE,
APP209115,PL_2026_V1,INELIGIBLE,MIN_INCOME
APP209116,PL_2026_V1,ELIGIBLE,
APP209117,PL_2026_V1,INELIGIBLE,BUREAU_SCORE
APP209118,PL_2026_V1,ELIGIBLE,
APP209119,PL_2026_V1,ELIGIBLE,
APP209120,PL_2026_V1,ELIGIBLE,
APP209121,PL_2026_V1,ELIGIBLE,
APP209122,PL_2026_V1,INELIGIBLE,BUREAU_SCORE
APP209123,PL_2026_V1,INELIGIBLE,BUREAU_SCORE
APP209124,PL_2026_V1,ELIGIBLE,
APP209125,PL_2026_V1,INELIGIBLE,MIN_INCOME|BUREAU_SCORE
APP209126,PL_2026_V1,INELIGIBLE,MIN_INCOME|BUREAU_SCORE
APP209127,PL_2026_V1,INELIGIBLE,BUREAU_SCORE
APP209128,PL_2026_V1,INELIGIBLE,BUREAU_SCORE
APP209129,PL_2026_V1,ELIGIBLE,
APP209130,PL_2026_V1,ELIGIBLE,
APP209131,PL_2026_V1,ELIGIBLE,
APP209132,PL_2026_V1,INELIGIBLE,BUREAU_SCORE
APP209133,PL_2026_V1,ELIGIBLE,
APP209134,PL_2026_V1,ELIGIBLE,
APP209135,PL_2026_V1,INELIGIBLE,BUREAU_SCORE
APP209136,PL_2026_V1,INELIGIBLE,BUREAU_SCORE
APP209137,PL_2026_V1,INELIGIBLE,BUREAU_SCORE
APP209138,PL_2026_V1,INELIGIBLE,BUREAU_SCORE
APP209139,PL_2026_V1,ELIGIBLE,
APP209140,PL_2026_V1,ELIGIBLE,
APP209141,PL_2026_V1,ELIGIBLE,
APP209142,PL_2026_V1,INELIGIBLE,BUREAU_SCORE
APP209143,PL_2026_V1,ELIGIBLE,
APP209144,PL_2026_V1,ELIGIBLE,
APP209145,PL_2026_V1,INELIGIBLE,MIN_INCOME|BUREAU_SCORE
APP209146,PL_2026_V1,ELIGIBLE,
APP209147,PL_2026_V1,INELIGIBLE,FOIR
APP209148,PL_2026_V1,ELIGIBLE,
APP209149,PL_2026_V1,INELIGIBLE,BUREAU_SCORE
APP209150,PL_2026_V1,INELIGIBLE,MIN_INCOME|BUREAU_SCORE|FOIR
APP209151,PL_2026_V1,ELIGIBLE,
APP209152,PL_2026_V1,ELIGIBLE,
APP209153,PL_2026_V1,ELIGIBLE,
APP209154,PL_2026_V1,ELIGIBLE,
APP209155,PL_2026_V1,ELIGIBLE,
APP209156,PL_2026_V1,ELIGIBLE,
APP209157,PL_2026_V1,INELIGIBLE,BUREAU_SCORE
APP209158,PL_2026_V1,ELIGIBLE,
APP209159,PL_2026_V1,ELIGIBLE,
APP209160,PL_2026_V1,INELIGIBLE,MIN_INCOME
APP209161,PL_2026_V1,ELIGIBLE,
APP209162,PL_2026_V1,INELIGIBLE,MIN_INCOME
APP209163,PL_2026_V1,INELIGIBLE,EMPLOYMENT_TENURE
APP209164,PL_2026_V1,INELIGIBLE,BUREAU_SCORE
APP209165,PL_2026_V1,ELIGIBLE,
APP209166,PL_2026_V1,ELIGIBLE,
APP209167,PL_2026_V1,ELIGIBLE,
APP209168,PL_2026_V1,ELIGIBLE,
APP209169,PL_2026_V1,ELIGIBLE,
APP209170,PL_2026_V1,ELIGIBLE,
APP209171,PL_2026_V1,ELIGIBLE,
APP209172,PL_2026_V1,INELIGIBLE,MIN_INCOME
APP209173,PL_2026_V1,ELIGIBLE,
APP209174,PL_2026_V1,ELIGIBLE,
APP209175,PL_2026_V1,INELIGIBLE,MIN_INCOME
APP209176,PL_2026_V1,ELIGIBLE,
APP209177,PL_2026_V1,ELIGIBLE,
APP209178,PL_2026_V1,ELIGIBLE,
APP209179,PL_2026_V1,INELIGIBLE,BUREAU_SCORE
APP209180,PL_2026_V1,INELIGIBLE,MIN_INCOME
APP209181,PL_2026_V1,ELIGIBLE,
APP209182,PL_2026_V1,ELIGIBLE,
APP209183,PL_2026_V1,ELIGIBLE,
APP209184,PL_2026_V1,ELIGIBLE,
APP209185,PL_2026_V1,ELIGIBLE,
APP209186,PL_2026_V1,ELIGIBLE,
APP209187,PL_2026_V1,ELIGIBLE,
APP209188,PL_2026_V1,INELIGIBLE,MIN_INCOME|BUREAU_SCORE
APP209189,PL_2026_V1,INELIGIBLE,BUREAU_SCORE
APP209190,PL_2026_V1,INELIGIBLE,MIN_INCOME
APP209191,PL_2026_V1,ELIGIBLE,
APP209192,PL_2026_V1,ELIGIBLE,
APP209193,PL_2026_V1,INELIGIBLE,BUREAU_SCORE
APP209194,PL_2026_V1,ELIGIBLE,
APP209195,PL_2026_V1,INELIGIBLE,MIN_INCOME
APP209196,PL_2026_V1,INELIGIBLE,BUREAU_SCORE
APP209197,PL_2026_V1,ELIGIBLE,
APP209198,PL_2026_V1,ELIGIBLE,
APP209199,PL_2026_V1,ELIGIBLE,
APP209200,PL_2026_V1,ELIGIBLE,
APP209201,PL_2026_V1,ELIGIBLE,
APP209202,PL_2026_V1,INELIGIBLE,MIN_INCOME
APP209203,PL_2026_V1,ELIGIBLE,
APP209204,PL_2026_V1,INELIGIBLE,BUREAU_SCORE
APP209205,PL_2026_V1,INELIGIBLE,BUREAU_SCORE
APP209206,PL_2026_V1,ELIGIBLE,
APP209207,PL_2026_V1,ELIGIBLE,
APP209208,PL_2026_V1,ELIGIBLE,
APP209209,PL_2026_V1,ELIGIBLE,
APP209210,PL_2026_V1,ELIGIBLE,
APP209211,PL_2026_V1,ELIGIBLE,
APP209212,PL_2026_V1,INELIGIBLE,MIN_INCOME
APP209213,PL_2026_V1,INELIGIBLE,BUREAU_SCORE
APP209214,PL_2026_V1,ELIGIBLE,
APP209215,PL_2026_V1,ELIGIBLE,
APP209216,PL_2026_V1,ELIGIBLE,
APP209217,PL_2026_V1,ELIGIBLE,
APP209218,PL_2026_V1,ELIGIBLE,
APP209219,PL_2026_V1,INELIGIBLE,MIN_INCOME
APP209220,PL_2026_V1,INELIGIBLE,BUREAU_SCORE
APP209221,PL_2026_V1,ELIGIBLE,
APP209222,PL_2026_V1,ELIGIBLE,
APP209223,PL_2026_V1,ELIGIBLE,
APP209224,PL_2026_V1,ELIGIBLE,
APP209225,PL_2026_V1,ELIGIBLE,
APP209226,PL_2026_V1,ELIGIBLE,
APP209227,PL_2026_V1,INELIGIBLE,BUREAU_SCORE
APP209228,PL_2026_V1,ELIGIBLE,
APP209229,PL_2026_V1,ELIGIBLE,
APP209230,PL_2026_V1,ELIGIBLE,
APP209231,PL_2026_V1,ELIGIBLE,
APP209232,PL_2026_V1,INELIGIBLE,MIN_INCOME
APP209233,PL_2026_V1,ELIGIBLE,
APP209234,PL_2026_V1,ELIGIBLE,
APP209235,PL_2026_V1,ELIGIBLE,
APP209236,PL_2026_V1,ELIGIBLE,
APP209237,PL_2026_V1,INELIGIBLE,MIN_INCOME
APP209238,PL_2026_V1,INELIGIBLE,MIN_INCOME
APP209239,PL_2026_V1,INELIGIBLE,BUREAU_SCORE
APP209240,PL_2026_V1,INELIGIBLE,BUREAU_SCORE
APP209241,PL_2026_V1,INELIGIBLE,MIN_INCOME|BUREAU_SCORE
APP209242,PL_2026_V1,ELIGIBLE,
APP209243,PL_2026_V1,INELIGIBLE,BUREAU_SCORE
APP209244,PL_2026_V1,ELIGIBLE,
APP209245,PL_2026_V1,ELIGIBLE,
APP209246,PL_2026_V1,ELIGIBLE,
APP209247,PL_2026_V1,INELIGIBLE,MIN_INCOME|BUREAU_SCORE
APP209248,PL_2026_V1,INELIGIBLE,MIN_INCOME|BUREAU_SCORE
APP209249,PL_2026_V1,INELIGIBLE,MIN_INCOME
APP209250,PL_2026_V1,ELIGIBLE,
APP209251,PL_2026_V1,ELIGIBLE,
APP209252,PL_2026_V1,ELIGIBLE,
APP209253,PL_2026_V1,INELIGIBLE,BUREAU_SCORE
APP209254,PL_2026_V1,INELIGIBLE,BUREAU_SCORE
APP209255,PL_2026_V1,INELIGIBLE,MIN_INCOME
APP209256,PL_2026_V1,INELIGIBLE,FOIR
APP209257,PL_2026_V1,ELIGIBLE,
APP209258,PL_2026_V1,ELIGIBLE,
APP209259,PL_2026_V1,INELIGIBLE,MIN_INCOME
APP209260,PL_2026_V1,INELIGIBLE,BUREAU_SCORE
APP209261,PL_2026_V1,ELIGIBLE,
APP209262,PL_2026_V1,INELIGIBLE,BUREAU_SCORE
APP209263,PL_2026_V1,ELIGIBLE,
APP209264,PL_2026_V1,INELIGIBLE,MIN_INCOME
APP209265,PL_2026_V1,ELIGIBLE,
APP209266,PL_2026_V1,ELIGIBLE,
APP209267,PL_2026_V1,INELIGIBLE,MIN_INCOME
APP209268,PL_2026_V1,INELIGIBLE,MIN_INCOME|BUREAU_SCORE
APP209269,PL_2026_V1,ELIGIBLE,
APP209270,PL_2026_V1,ELIGIBLE,
APP209271,PL_2026_V1,ELIGIBLE,
APP209272,PL_2026_V1,ELIGIBLE,
APP209273,PL_2026_V1,INELIGIBLE,BUREAU_SCORE
APP209274,PL_2026_V1,ELIGIBLE,
APP209275,PL_2026_V1,ELIGIBLE,
APP209276,PL_2026_V1,ELIGIBLE,
APP209277,PL_2026_V1,ELIGIBLE,
APP209278,PL_2026_V1,INELIGIBLE,MIN_INCOME
APP209279,PL_2026_V1,ELIGIBLE,
APP209280,PL_2026_V1,INELIGIBLE,MIN_INCOME|BUREAU_SCORE
APP209281,PL_2026_V1,ELIGIBLE,
APP209282,PL_2026_V1,INELIGIBLE,MIN_INCOME
APP209283,PL_2026_V1,ELIGIBLE,
APP209284,PL_2026_V1,INELIGIBLE,MIN_INCOME
APP209285,PL_2026_V1,ELIGIBLE,
APP209286,PL_2026_V1,ELIGIBLE,
APP209287,PL_2026_V1,INELIGIBLE,MIN_INCOME
APP209288,PL_2026_V1,ELIGIBLE,
APP209289,PL_2026_V1,ELIGIBLE,
APP209290,PL_2026_V1,ELIGIBLE,
APP209291,PL_2026_V1,ELIGIBLE,
APP209292,PL_2026_V1,ELIGIBLE,
APP209293,PL_2026_V1,INELIGIBLE,BUREAU_SCORE
APP209294,PL_2026_V1,ELIGIBLE,
APP209295,PL_2026_V1,ELIGIBLE,
APP209296,PL_2026_V1,ELIGIBLE,
APP209297,PL_2026_V1,INELIGIBLE,MIN_INCOME|BUREAU_SCORE
APP209298,PL_2026_V1,ELIGIBLE,
APP209299,PL_2026_V1,INELIGIBLE,BUREAU_SCORE
APP209300,PL_2026_V1,ELIGIBLE,
APP209301,PL_2026_V1,ELIGIBLE,
APP209302,PL_2026_V1,INELIGIBLE,MIN_INCOME
APP209303,PL_2026_V1,INELIGIBLE,EMPLOYMENT_TENURE
APP209304,PL_2026_V1,INELIGIBLE,BUREAU_SCORE
APP209305,PL_2026_V1,ELIGIBLE,
APP209306,PL_2026_V1,INELIGIBLE,BUREAU_SCORE
APP209307,PL_2026_V1,ELIGIBLE,
APP209308,PL_2026_V1,ELIGIBLE,
APP209309,PL_2026_V1,INELIGIBLE,BUREAU_SCORE
APP209310,PL_2026_V1,INELIGIBLE,BUREAU_SCORE
APP209311,PL_2026_V1,ELIGIBLE,
APP209312,PL_2026_V1,ELIGIBLE,
APP209313,PL_2026_V1,INELIGIBLE,MIN_INCOME
APP209314,PL_2026_V1,ELIGIBLE,
APP209315,PL_2026_V1,ELIGIBLE,
APP209316,PL_2026_V1,ELIGIBLE,
APP209317,PL_2026_V1,ELIGIBLE,
APP209318,PL_2026_V1,ELIGIBLE,
APP209319,PL_2026_V1,INELIGIBLE,BUREAU_SCORE
APP209320,PL_2026_V1,INELIGIBLE,BUREAU_SCORE
APP209321,PL_2026_V1,ELIGIBLE,
APP209322,PL_2026_V1,ELIGIBLE,
APP209323,PL_2026_V1,INELIGIBLE,MIN_INCOME|BUREAU_SCORE
APP209324,PL_2026_V1,ELIGIBLE,
APP209325,PL_2026_V1,ELIGIBLE,
APP209326,PL_2026_V1,ELIGIBLE,
APP209327,PL_2026_V1,ELIGIBLE,
APP209328,PL_2026_V1,ELIGIBLE,
APP209329,PL_2026_V1,ELIGIBLE,
APP209330,PL_2026_V1,INELIGIBLE,BUREAU_SCORE
APP209331,PL_2026_V1,ELIGIBLE,
APP209332,PL_2026_V1,ELIGIBLE,
APP209333,PL_2026_V1,INELIGIBLE,MIN_INCOME
APP209334,PL_2026_V1,ELIGIBLE,
APP209335,PL_2026_V1,ELIGIBLE,
APP209336,PL_2026_V1,ELIGIBLE,
APP209337,PL_2026_V1,ELIGIBLE,
APP209338,PL_2026_V1,ELIGIBLE,
APP209339,PL_2026_V1,ELIGIBLE,
APP209340,PL_2026_V1,ELIGIBLE,
APP209341,PL_2026_V1,INELIGIBLE,MIN_INCOME
APP209342,PL_2026_V1,ELIGIBLE,
APP209343,PL_2026_V1,INELIGIBLE,BUREAU_SCORE
APP209344,PL_2026_V1,ELIGIBLE,
APP209345,PL_2026_V1,INELIGIBLE,BUREAU_SCORE
APP209346,PL_2026_V1,ELIGIBLE,
APP209347,PL_2026_V1,ELIGIBLE,
APP209348,PL_2026_V1,INELIGIBLE,BUREAU_SCORE
APP209349,PL_2026_V1,INELIGIBLE,MIN_INCOME
APP209350,PL_2026_V1,ELIGIBLE,
APP209351,PL_2026_V1,ELIGIBLE,
APP209352,PL_2026_V1,ELIGIBLE,
APP209353,PL_2026_V1,ELIGIBLE,
APP209354,PL_2026_V1,ELIGIBLE,
APP209355,PL_2026_V1,ELIGIBLE,
APP209356,PL_2026_V1,INELIGIBLE,MIN_INCOME
APP209357,PL_2026_V1,ELIGIBLE,
APP209358,PL_2026_V1,ELIGIBLE,
APP209359,PL_2026_V1,ELIGIBLE,
APP209360,PL_2026_V1,ELIGIBLE,
APP209361,PL_2026_V1,ELIGIBLE,
APP209362,PL_2026_V1,ELIGIBLE,
APP209363,PL_2026_V1,ELIGIBLE,
APP209364,PL_2026_V1,ELIGIBLE,
APP209365,PL_2026_V1,INELIGIBLE,MIN_INCOME|FOIR
APP209366,PL_2026_V1,ELIGIBLE,
APP209367,PL_2026_V1,ELIGIBLE,
APP209368,PL_2026_V1,INELIGIBLE,BUREAU_SCORE
APP209369,PL_2026_V1,ELIGIBLE,
APP209370,PL_2026_V1,ELIGIBLE,
APP209371,PL_2026_V1,ELIGIBLE,
APP209372,PL_2026_V1,ELIGIBLE,
APP209373,PL_2026_V1,ELIGIBLE,
APP209374,PL_2026_V1,ELIGIBLE,
APP209375,PL_2026_V1,ELIGIBLE,
APP209376,PL_2026_V1,INELIGIBLE,MIN_INCOME
APP209377,PL_2026_V1,INELIGIBLE,MIN_INCOME
APP209378,PL_2026_V1,ELIGIBLE,
APP209379,PL_2026_V1,ELIGIBLE,
APP209380,PL_2026_V1,ELIGIBLE,
APP209381,PL_2026_V1,ELIGIBLE,
APP209382,PL_2026_V1,ELIGIBLE,
APP209383,PL_2026_V1,ELIGIBLE,
APP209384,PL_2026_V1,ELIGIBLE,
APP209385,PL_2026_V1,INELIGIBLE,BUREAU_SCORE
APP209386,PL_2026_V1,ELIGIBLE,
APP209387,PL_2026_V1,INELIGIBLE,MIN_INCOME|BUREAU_SCORE
APP209388,PL_2026_V1,ELIGIBLE,
APP209389,PL_2026_V1,ELIGIBLE,
APP209390,PL_2026_V1,ELIGIBLE,
APP209391,PL_2026_V1,ELIGIBLE,
APP209392,PL_2026_V1,ELIGIBLE,
APP209393,PL_2026_V1,ELIGIBLE,
APP209394,PL_2026_V1,INELIGIBLE,BUREAU_SCORE
APP209395,PL_2026_V1,ELIGIBLE,
APP209396,PL_2026_V1,ELIGIBLE,
APP209397,PL_2026_V1,ELIGIBLE,
APP209398,PL_2026_V1,INELIGIBLE,MIN_INCOME
APP209399,PL_2026_V1,ELIGIBLE,
APP209400,PL_2026_V1,ELIGIBLE,
APP209401,PL_2026_V1,INELIGIBLE,BUREAU_SCORE
APP209402,PL_2026_V1,ELIGIBLE,
APP209403,PL_2026_V1,ELIGIBLE,
APP209404,PL_2026_V1,INELIGIBLE,MIN_INCOME|BUREAU_SCORE
APP209405,PL_2026_V1,ELIGIBLE,
APP209406,PL_2026_V1,ELIGIBLE,
APP209407,PL_2026_V1,INELIGIBLE,BUREAU_SCORE
APP209408,PL_2026_V1,ELIGIBLE,
APP209409,PL_2026_V1,ELIGIBLE,
APP209410,PL_2026_V1,ELIGIBLE,
APP209411,PL_2026_V1,ELIGIBLE,
APP209412,PL_2026_V1,ELIGIBLE,
APP209413,PL_2026_V1,ELIGIBLE,
APP209414,PL_2026_V1,INELIGIBLE,MIN_INCOME
APP209415,PL_2026_V1,INELIGIBLE,BUREAU_SCORE
APP209416,PL_2026_V1,ELIGIBLE,
APP209417,PL_2026_V1,ELIGIBLE,
APP209418,PL_2026_V1,INELIGIBLE,BUREAU_SCORE
APP209419,PL_2026_V1,ELIGIBLE,
APP209420,PL_2026_V1,INELIGIBLE,BUREAU_SCORE
APP209421,PL_2026_V1,ELIGIBLE,
APP209422,PL_2026_V1,ELIGIBLE,
APP209423,PL_2026_V1,ELIGIBLE,
APP209424,PL_2026_V1,ELIGIBLE,
APP209425,PL_2026_V1,INELIGIBLE,BUREAU_SCORE
APP209426,PL_2026_V1,INELIGIBLE,BUREAU_SCORE
APP209427,PL_2026_V1,ELIGIBLE,
APP209428,PL_2026_V1,INELIGIBLE,FOIR
APP209429,PL_2026_V1,ELIGIBLE,
APP209430,PL_2026_V1,ELIGIBLE,
APP209431,PL_2026_V1,ELIGIBLE,
APP209432,PL_2026_V1,INELIGIBLE,MIN_INCOME
APP209433,PL_2026_V1,INELIGIBLE,BUREAU_SCORE
APP209434,PL_2026_V1,INELIGIBLE,EMPLOYMENT_TENURE
APP209435,PL_2026_V1,ELIGIBLE,
APP209436,PL_2026_V1,ELIGIBLE,
APP209437,PL_2026_V1,ELIGIBLE,
APP209438,PL_2026_V1,ELIGIBLE,
APP209439,PL_2026_V1,INELIGIBLE,BUREAU_SCORE
APP209440,PL_2026_V1,ELIGIBLE,
APP209441,PL_2026_V1,ELIGIBLE,
APP209442,PL_2026_V1,ELIGIBLE,
APP209443,PL_2026_V1,ELIGIBLE,
APP209444,PL_2026_V1,ELIGIBLE,
APP209445,PL_2026_V1,ELIGIBLE,
APP209446,PL_2026_V1,INELIGIBLE,BUREAU_SCORE
APP209447,PL_2026_V1,ELIGIBLE,
APP209448,PL_2026_V1,ELIGIBLE,
APP209449,PL_2026_V1,INELIGIBLE,BUREAU_SCORE
APP209450,PL_2026_V1,INELIGIBLE,MIN_INCOME
APP209451,PL_2026_V1,INELIGIBLE,BUREAU_SCORE
APP209452,PL_2026_V1,INELIGIBLE,MIN_INCOME
APP209453,PL_2026_V1,ELIGIBLE,
APP209454,PL_2026_V1,ELIGIBLE,
APP209455,PL_2026_V1,INELIGIBLE,BUREAU_SCORE
APP209456,PL_2026_V1,INELIGIBLE,BUREAU_SCORE
APP209457,PL_2026_V1,INELIGIBLE,MIN_INCOME
APP209458,PL_2026_V1,ELIGIBLE,
APP209459,PL_2026_V1,ELIGIBLE,
APP209460,PL_2026_V1,INELIGIBLE,BUREAU_SCORE
APP209461,PL_2026_V1,INELIGIBLE,MIN_INCOME|BUREAU_SCORE
APP209462,PL_2026_V1,ELIGIBLE,
APP209463,PL_2026_V1,INELIGIBLE,BUREAU_SCORE
APP209464,PL_2026_V1,ELIGIBLE,
APP209465,PL_2026_V1,ELIGIBLE,
APP209466,PL_2026_V1,INELIGIBLE,MIN_INCOME
APP209467,PL_2026_V1,INELIGIBLE,BUREAU_SCORE
APP209468,PL_2026_V1,ELIGIBLE,
APP209469,PL_2026_V1,ELIGIBLE,
APP209470,PL_2026_V1,ELIGIBLE,
APP209471,PL_2026_V1,ELIGIBLE,
APP209472,PL_2026_V1,ELIGIBLE,
APP209473,PL_2026_V1,INELIGIBLE,BUREAU_SCORE
APP209474,PL_2026_V1,INELIGIBLE,BUREAU_SCORE
APP209475,PL_2026_V1,INELIGIBLE,BUREAU_SCORE
APP209476,PL_2026_V1,ELIGIBLE,
APP209477,PL_2026_V1,ELIGIBLE,
APP209478,PL_2026_V1,ELIGIBLE,
APP209479,PL_2026_V1,INELIGIBLE,BUREAU_SCORE
APP209480,PL_2026_V1,INELIGIBLE,BUREAU_SCORE
APP209481,PL_2026_V1,ELIGIBLE,
APP209482,PL_2026_V1,ELIGIBLE,
APP209483,PL_2026_V1,INELIGIBLE,BUREAU_SCORE
APP209484,PL_2026_V1,INELIGIBLE,BUREAU_SCORE
APP209485,PL_2026_V1,ELIGIBLE,
APP209486,PL_2026_V1,ELIGIBLE,
APP209487,PL_2026_V1,ELIGIBLE,
APP209488,PL_2026_V1,ELIGIBLE,
APP209489,PL_2026_V1,ELIGIBLE,
APP209490,PL_2026_V1,ELIGIBLE,
APP209491,PL_2026_V1,INELIGIBLE,BUREAU_SCORE
APP209492,PL_2026_V1,ELIGIBLE,
APP209493,PL_2026_V1,INELIGIBLE,BUREAU_SCORE
APP209494,PL_2026_V1,INELIGIBLE,BUREAU_SCORE
APP209495,PL_2026_V1,ELIGIBLE,
APP209496,PL_2026_V1,INELIGIBLE,BUREAU_SCORE
APP209497,PL_2026_V1,INELIGIBLE,BUREAU_SCORE
APP209498,PL_2026_V1,ELIGIBLE,
APP209499,PL_2026_V1,ELIGIBLE,
APP209500,PL_2026_V1,ELIGIBLE,
APP209501,PL_2026_V1,INELIGIBLE,MIN_INCOME
APP209502,PL_2026_V1,INELIGIBLE,BUREAU_SCORE
APP209503,PL_2026_V1,ELIGIBLE,
APP209504,PL_2026_V1,ELIGIBLE,
APP209505,PL_2026_V1,ELIGIBLE,
APP209506,PL_2026_V1,ELIGIBLE,
APP209507,PL_2026_V1,ELIGIBLE,
APP209508,PL_2026_V1,ELIGIBLE,
APP209509,PL_2026_V1,ELIGIBLE,
APP209510,PL_2026_V1,ELIGIBLE,
APP209511,PL_2026_V1,ELIGIBLE,
APP209512,PL_2026_V1,ELIGIBLE,
APP209513,PL_2026_V1,INELIGIBLE,BUREAU_SCORE
APP209514,PL_2026_V1,ELIGIBLE,
APP209515,PL_2026_V1,INELIGIBLE,BUREAU_SCORE
APP209516,PL_2026_V1,ELIGIBLE,
APP209517,PL_2026_V1,INELIGIBLE,BUREAU_SCORE
APP209518,PL_2026_V1,ELIGIBLE,
APP209519,PL_2026_V1,INELIGIBLE,BUREAU_SCORE
APP209520,PL_2026_V1,ELIGIBLE,
APP209521,PL_2026_V1,ELIGIBLE,
APP209522,PL_2026_V1,ELIGIBLE,
APP209523,PL_2026_V1,INELIGIBLE,BUREAU_SCORE
APP209524,PL_2026_V1,ELIGIBLE,
APP209525,PL_2026_V1,ELIGIBLE,
APP209526,PL_2026_V1,ELIGIBLE,
APP209527,PL_2026_V1,ELIGIBLE,
APP209528,PL_2026_V1,ELIGIBLE,
APP209529,PL_2026_V1,INELIGIBLE,BUREAU_SCORE
APP209530,PL_2026_V1,ELIGIBLE,
APP209531,PL_2026_V1,ELIGIBLE,
APP209532,PL_2026_V1,ELIGIBLE,
APP209533,PL_2026_V1,ELIGIBLE,
APP209534,PL_2026_V1,ELIGIBLE,
APP209535,PL_2026_V1,INELIGIBLE,MIN_INCOME
APP209536,PL_2026_V1,ELIGIBLE,
APP209537,PL_2026_V1,INELIGIBLE,MIN_INCOME|BUREAU_SCORE
APP209538,PL_2026_V1,INELIGIBLE,BUREAU_SCORE
APP209539,PL_2026_V1,INELIGIBLE,MIN_INCOME|BUREAU_SCORE
APP209540,PL_2026_V1,ELIGIBLE,
APP209541,PL_2026_V1,INELIGIBLE,BUREAU_SCORE
APP209542,PL_2026_V1,ELIGIBLE,
APP209543,PL_2026_V1,ELIGIBLE,
APP209544,PL_2026_V1,INELIGIBLE,BUREAU_SCORE
APP209545,PL_2026_V1,ELIGIBLE,
APP209546,PL_2026_V1,ELIGIBLE,
APP209547,PL_2026_V1,INELIGIBLE,BUREAU_SCORE
APP209548,PL_2026_V1,ELIGIBLE,
APP209549,PL_2026_V1,ELIGIBLE,
APP209550,PL_2026_V1,ELIGIBLE,
APP209551,PL_2026_V1,ELIGIBLE,
APP209552,PL_2026_V1,INELIGIBLE,BUREAU_SCORE
APP209553,PL_2026_V1,INELIGIBLE,BUREAU_SCORE
APP209554,PL_2026_V1,ELIGIBLE,
APP209555,PL_2026_V1,ELIGIBLE,
APP209556,PL_2026_V1,ELIGIBLE,
APP209557,PL_2026_V1,ELIGIBLE,
APP209558,PL_2026_V1,INELIGIBLE,MIN_INCOME
APP209559,PL_2026_V1,ELIGIBLE,
APP209560,PL_2026_V1,ELIGIBLE,
APP209561,PL_2026_V1,INELIGIBLE,BUREAU_SCORE
APP209562,PL_2026_V1,ELIGIBLE,
APP209563,PL_2026_V1,ELIGIBLE,
APP209564,PL_2026_V1,ELIGIBLE,
APP209565,PL_2026_V1,ELIGIBLE,
APP209566,PL_2026_V1,ELIGIBLE,
APP209567,PL_2026_V1,INELIGIBLE,BUREAU_SCORE
APP209568,PL_2026_V1,INELIGIBLE,BUREAU_SCORE
APP209569,PL_2026_V1,INELIGIBLE,BUREAU_SCORE
APP209570,PL_2026_V1,INELIGIBLE,BUREAU_SCORE
APP209571,PL_2026_V1,INELIGIBLE,BUREAU_SCORE
APP209572,PL_2026_V1,ELIGIBLE,
APP209573,PL_2026_V1,ELIGIBLE,
APP209574,PL_2026_V1,ELIGIBLE,
APP209575,PL_2026_V1,INELIGIBLE,BUREAU_SCORE
APP209576,PL_2026_V1,INELIGIBLE,MIN_INCOME|BUREAU_SCORE
APP209577,PL_2026_V1,ELIGIBLE,
APP209578,PL_2026_V1,INELIGIBLE,MIN_INCOME|BUREAU_SCORE
APP209579,PL_2026_V1,INELIGIBLE,BUREAU_SCORE|EMPLOYMENT_TENURE
APP209580,PL_2026_V1,INELIGIBLE,BUREAU_SCORE
APP209581,PL_2026_V1,ELIGIBLE,
APP209582,PL_2026_V1,ELIGIBLE,
APP209583,PL_2026_V1,ELIGIBLE,
APP209584,PL_2026_V1,INELIGIBLE,BUREAU_SCORE
APP209585,PL_2026_V1,INELIGIBLE,BUREAU_SCORE
APP209586,PL_2026_V1,INELIGIBLE,BUREAU_SCORE
APP209587,PL_2026_V1,INELIGIBLE,MIN_INCOME
APP209588,PL_2026_V1,ELIGIBLE,
APP209589,PL_2026_V1,INELIGIBLE,MIN_INCOME
APP209590,PL_2026_V1,INELIGIBLE,MIN_INCOME|BUREAU_SCORE
APP209591,PL_2026_V1,INELIGIBLE,BUREAU_SCORE
APP209592,PL_2026_V1,INELIGIBLE,MIN_INCOME|BUREAU_SCORE
APP209593,PL_2026_V1,ELIGIBLE,
APP209594,PL_2026_V1,ELIGIBLE,
APP209595,PL_2026_V1,ELIGIBLE,
APP209596,PL_2026_V1,INELIGIBLE,BUREAU_SCORE
APP209597,PL_2026_V1,INELIGIBLE,BUREAU_SCORE
APP209598,PL_2026_V1,ELIGIBLE,
APP209599,PL_2026_V1,ELIGIBLE,
APP209600,PL_2026_V1,ELIGIBLE,
APP209601,PL_2026_V1,ELIGIBLE,
APP209602,PL_2026_V1,ELIGIBLE,
APP209603,PL_2026_V1,INELIGIBLE,EMPLOYMENT_TENURE
APP209604,PL_2026_V1,INELIGIBLE,MIN_INCOME
APP209605,PL_2026_V1,ELIGIBLE,
APP209606,PL_2026_V1,INELIGIBLE,BUREAU_SCORE
APP209607,PL_2026_V1,ELIGIBLE,
APP209608,PL_2026_V1,INELIGIBLE,BUREAU_SCORE
APP209609,PL_2026_V1,ELIGIBLE,
APP209610,PL_2026_V1,ELIGIBLE,
APP209611,PL_2026_V1,INELIGIBLE,MIN_INCOME
APP209612,PL_2026_V1,ELIGIBLE,
APP209613,PL_2026_V1,ELIGIBLE,
APP209614,PL_2026_V1,ELIGIBLE,
APP209615,PL_2026_V1,ELIGIBLE,
APP209616,PL_2026_V1,ELIGIBLE,
APP209617,PL_2026_V1,ELIGIBLE,
APP209618,PL_2026_V1,INELIGIBLE,BUREAU_SCORE
APP209619,PL_2026_V1,INELIGIBLE,MIN_INCOME|EMPLOYMENT_TENURE
APP209620,PL_2026_V1,INELIGIBLE,BUREAU_SCORE
APP209621,PL_2026_V1,ELIGIBLE,
APP209622,PL_2026_V1,INELIGIBLE,BUREAU_SCORE|FOIR
APP209623,PL_2026_V1,ELIGIBLE,
APP209624,PL_2026_V1,ELIGIBLE,
APP209625,PL_2026_V1,ELIGIBLE,
APP209626,PL_2026_V1,ELIGIBLE,
APP209627,PL_2026_V1,ELIGIBLE,
APP209628,PL_2026_V1,ELIGIBLE,
APP209629,PL_2026_V1,INELIGIBLE,BUREAU_SCORE
APP209630,PL_2026_V1,INELIGIBLE,BUREAU_SCORE
APP209631,PL_2026_V1,INELIGIBLE,BUREAU_SCORE
APP209632,PL_2026_V1,ELIGIBLE,
APP209633,PL_2026_V1,INELIGIBLE,BUREAU_SCORE
APP209634,PL_2026_V1,ELIGIBLE,
APP209635,PL_2026_V1,INELIGIBLE,MIN_INCOME
APP209636,PL_2026_V1,ELIGIBLE,
APP209637,PL_2026_V1,INELIGIBLE,BUREAU_SCORE
APP209638,PL_2026_V1,ELIGIBLE,
APP209639,PL_2026_V1,ELIGIBLE,
APP209640,PL_2026_V1,INELIGIBLE,BUREAU_SCORE
APP209641,PL_2026_V1,ELIGIBLE,
APP209642,PL_2026_V1,ELIGIBLE,
APP209643,PL_2026_V1,INELIGIBLE,BUREAU_SCORE
APP209644,PL_2026_V1,ELIGIBLE,
APP209645,PL_2026_V1,ELIGIBLE,
APP209646,PL_2026_V1,ELIGIBLE,
APP209647,PL_2026_V1,ELIGIBLE,
APP209648,PL_2026_V1,INELIGIBLE,MIN_INCOME
APP209649,PL_2026_V1,ELIGIBLE,
APP209650,PL_2026_V1,ELIGIBLE,
APP209651,PL_2026_V1,INELIGIBLE,BUREAU_SCORE
APP209652,PL_2026_V1,INELIGIBLE,MIN_INCOME|BUREAU_SCORE
APP209653,PL_2026_V1,ELIGIBLE,
APP209654,PL_2026_V1,ELIGIBLE,
APP209655,PL_2026_V1,INELIGIBLE,BUREAU_SCORE
APP209656,PL_2026_V1,ELIGIBLE,
APP209657,PL_2026_V1,INELIGIBLE,BUREAU_SCORE
APP209658,PL_2026_V1,INELIGIBLE,BUREAU_SCORE
APP209659,PL_2026_V1,INELIGIBLE,BUREAU_SCORE
APP209660,PL_2026_V1,ELIGIBLE,
APP209661,PL_2026_V1,ELIGIBLE,
APP209662,PL_2026_V1,INELIGIBLE,BUREAU_SCORE
APP209663,PL_2026_V1,ELIGIBLE,
APP209664,PL_2026_V1,ELIGIBLE,
APP209665,PL_2026_V1,INELIGIBLE,MIN_INCOME
APP209666,PL_2026_V1,ELIGIBLE,
APP209667,PL_2026_V1,ELIGIBLE,
APP209668,PL_2026_V1,ELIGIBLE,
APP209669,PL_2026_V1,INELIGIBLE,BUREAU_SCORE
APP209670,PL_2026_V1,ELIGIBLE,
APP209671,PL_2026_V1,INELIGIBLE,BUREAU_SCORE
APP209672,PL_2026_V1,ELIGIBLE,
APP209673,PL_2026_V1,INELIGIBLE,BUREAU_SCORE
APP209674,PL_2026_V1,INELIGIBLE,MIN_INCOME|BUREAU_SCORE
APP209675,PL_2026_V1,ELIGIBLE,
APP209676,PL_2026_V1,INELIGIBLE,BUREAU_SCORE
APP209677,PL_2026_V1,ELIGIBLE,
APP209678,PL_2026_V1,ELIGIBLE,
APP209679,PL_2026_V1,ELIGIBLE,
APP209680,PL_2026_V1,ELIGIBLE,
APP209681,PL_2026_V1,ELIGIBLE,
APP209682,PL_2026_V1,INELIGIBLE,MIN_INCOME
APP209683,PL_2026_V1,ELIGIBLE,
APP209684,PL_2026_V1,ELIGIBLE,
APP209685,PL_2026_V1,ELIGIBLE,
APP209686,PL_2026_V1,ELIGIBLE,
APP209687,PL_2026_V1,ELIGIBLE,
APP209688,PL_2026_V1,ELIGIBLE,
APP209689,PL_2026_V1,ELIGIBLE,
APP209690,PL_2026_V1,ELIGIBLE,
APP209691,PL_2026_V1,ELIGIBLE,
APP209692,PL_2026_V1,ELIGIBLE,
APP209693,PL_2026_V1,INELIGIBLE,BUREAU_SCORE
APP209694,PL_2026_V1,INELIGIBLE,MIN_INCOME
APP209695,PL_2026_V1,ELIGIBLE,
APP209696,PL_2026_V1,ELIGIBLE,
APP209697,PL_2026_V1,ELIGIBLE,
APP209698,PL_2026_V1,INELIGIBLE,BUREAU_SCORE
APP209699,PL_2026_V1,ELIGIBLE,
APP209700,PL_2026_V1,INELIGIBLE,BUREAU_SCORE
APP209701,PL_2026_V1,INELIGIBLE,BUREAU_SCORE
APP209702,PL_2026_V1,ELIGIBLE,
APP209703,PL_2026_V1,ELIGIBLE,
APP209704,PL_2026_V1,INELIGIBLE,MIN_INCOME
APP209705,PL_2026_V1,ELIGIBLE,
APP209706,PL_2026_V1,INELIGIBLE,BUREAU_SCORE
APP209707,PL_2026_V1,ELIGIBLE,
APP209708,PL_2026_V1,ELIGIBLE,
APP209709,PL_2026_V1,INELIGIBLE,BUREAU_SCORE
APP209710,PL_2026_V1,ELIGIBLE,
APP209711,PL_2026_V1,INELIGIBLE,BUREAU_SCORE
APP209712,PL_2026_V1,ELIGIBLE,
APP209713,PL_2026_V1,INELIGIBLE,BUREAU_SCORE|EMPLOYMENT_TENURE
APP209714,PL_2026_V1,ELIGIBLE,
APP209715,PL_2026_V1,ELIGIBLE,
APP209716,PL_2026_V1,ELIGIBLE,
APP209717,PL_2026_V1,ELIGIBLE,
APP209718,PL_2026_V1,ELIGIBLE,
APP209719,PL_2026_V1,ELIGIBLE,
APP209720,PL_2026_V1,INELIGIBLE,FOIR
APP209721,PL_2026_V1,INELIGIBLE,BUREAU_SCORE
APP209722,PL_2026_V1,INELIGIBLE,MIN_INCOME|BUREAU_SCORE
APP209723,PL_2026_V1,ELIGIBLE,
APP209724,PL_2026_V1,ELIGIBLE,
APP209725,PL_2026_V1,ELIGIBLE,
APP209726,PL_2026_V1,ELIGIBLE,
APP209727,PL_2026_V1,INELIGIBLE,FOIR
APP209728,PL_2026_V1,ELIGIBLE,
APP209729,PL_2026_V1,INELIGIBLE,MIN_INCOME
APP209730,PL_2026_V1,INELIGIBLE,MIN_INCOME|BUREAU_SCORE
APP209731,PL_2026_V1,ELIGIBLE,
APP209732,PL_2026_V1,ELIGIBLE,
APP209733,PL_2026_V1,ELIGIBLE,
APP209734,PL_2026_V1,INELIGIBLE,MIN_INCOME
APP209735,PL_2026_V1,ELIGIBLE,
APP209736,PL_2026_V1,INELIGIBLE,MIN_INCOME
APP209737,PL_2026_V1,ELIGIBLE,
APP209738,PL_2026_V1,ELIGIBLE,
APP209739,PL_2026_V1,INELIGIBLE,MIN_INCOME
APP209740,PL_2026_V1,ELIGIBLE,
APP209741,PL_2026_V1,INELIGIBLE,BUREAU_SCORE
APP209742,PL_2026_V1,INELIGIBLE,BUREAU_SCORE
APP209743,PL_2026_V1,INELIGIBLE,BUREAU_SCORE
APP209744,PL_2026_V1,ELIGIBLE,
APP209745,PL_2026_V1,ELIGIBLE,
APP209746,PL_2026_V1,ELIGIBLE,
APP209747,PL_2026_V1,ELIGIBLE,
APP209748,PL_2026_V1,ELIGIBLE,
APP209749,PL_2026_V1,INELIGIBLE,MIN_INCOME|BUREAU_SCORE
APP209750,PL_2026_V1,ELIGIBLE,
APP209751,PL_2026_V1,ELIGIBLE,
APP209752,PL_2026_V1,INELIGIBLE,MIN_INCOME|BUREAU_SCORE
APP209753,PL_2026_V1,ELIGIBLE,
APP209754,PL_2026_V1,ELIGIBLE,
APP209755,PL_2026_V1,INELIGIBLE,BUREAU_SCORE
APP209756,PL_2026_V1,ELIGIBLE,
APP209757,PL_2026_V1,ELIGIBLE,
APP209758,PL_2026_V1,INELIGIBLE,MIN_INCOME
APP209759,PL_2026_V1,INELIGIBLE,BUREAU_SCORE
APP209760,PL_2026_V1,ELIGIBLE,
APP209761,PL_2026_V1,INELIGIBLE,MIN_INCOME
APP209762,PL_2026_V1,ELIGIBLE,
APP209763,PL_2026_V1,ELIGIBLE,
APP209764,PL_2026_V1,ELIGIBLE,
APP209765,PL_2026_V1,ELIGIBLE,
APP209766,PL_2026_V1,ELIGIBLE,
APP209767,PL_2026_V1,ELIGIBLE,
APP209768,PL_2026_V1,ELIGIBLE,
APP209769,PL_2026_V1,INELIGIBLE,MIN_INCOME
APP209770,PL_2026_V1,ELIGIBLE,
APP209771,PL_2026_V1,INELIGIBLE,BUREAU_SCORE
APP209772,PL_2026_V1,ELIGIBLE,
APP209773,PL_2026_V1,INELIGIBLE,BUREAU_SCORE
APP209774,PL_2026_V1,ELIGIBLE,
APP209775,PL_2026_V1,ELIGIBLE,
APP209776,PL_2026_V1,ELIGIBLE,
APP209777,PL_2026_V1,ELIGIBLE,
APP209778,PL_2026_V1,INELIGIBLE,BUREAU_SCORE
APP209779,PL_2026_V1,ELIGIBLE,
APP209780,PL_2026_V1,INELIGIBLE,BUREAU_SCORE
APP209781,PL_2026_V1,ELIGIBLE,
APP209782,PL_2026_V1,ELIGIBLE,
APP209783,PL_2026_V1,ELIGIBLE,
APP209784,PL_2026_V1,ELIGIBLE,
APP209785,PL_2026_V1,INELIGIBLE,BUREAU_SCORE
APP209786,PL_2026_V1,ELIGIBLE,
APP209787,PL_2026_V1,ELIGIBLE,
APP209788,PL_2026_V1,ELIGIBLE,
APP209789,PL_2026_V1,INELIGIBLE,BUREAU_SCORE
APP209790,PL_2026_V1,INELIGIBLE,BUREAU_SCORE
APP209791,PL_2026_V1,ELIGIBLE,
APP209792,PL_2026_V1,ELIGIBLE,
APP209793,PL_2026_V1,ELIGIBLE,
APP209794,PL_2026_V1,ELIGIBLE,
APP209795,PL_2026_V1,INELIGIBLE,MIN_INCOME
APP209796,PL_2026_V1,INELIGIBLE,BUREAU_SCORE
APP209797,PL_2026_V1,INELIGIBLE,MIN_INCOME
APP209798,PL_2026_V1,ELIGIBLE,
APP209799,PL_2026_V1,ELIGIBLE,
APP209800,PL_2026_V1,ELIGIBLE,
APP209801,PL_2026_V1,ELIGIBLE,
APP209802,PL_2026_V1,ELIGIBLE,
APP209803,PL_2026_V1,ELIGIBLE,
APP209804,PL_2026_V1,INELIGIBLE,MIN_INCOME
APP209805,PL_2026_V1,ELIGIBLE,
APP209806,PL_2026_V1,INELIGIBLE,MIN_INCOME|BUREAU_SCORE
APP209807,PL_2026_V1,INELIGIBLE,MIN_INCOME
APP209808,PL_2026_V1,ELIGIBLE,
APP209809,PL_2026_V1,INELIGIBLE,BUREAU_SCORE
APP209810,PL_2026_V1,INELIGIBLE,BUREAU_SCORE
APP209811,PL_2026_V1,ELIGIBLE,
APP209812,PL_2026_V1,ELIGIBLE,
APP209813,PL_2026_V1,ELIGIBLE,
APP209814,PL_2026_V1,INELIGIBLE,MIN_INCOME|FOIR
APP209815,PL_2026_V1,ELIGIBLE,
APP209816,PL_2026_V1,ELIGIBLE,
APP209817,PL_2026_V1,INELIGIBLE,MIN_INCOME|BUREAU_SCORE
APP209818,PL_2026_V1,INELIGIBLE,MIN_INCOME|BUREAU_SCORE
APP209819,PL_2026_V1,ELIGIBLE,
APP209820,PL_2026_V1,ELIGIBLE,
APP209821,PL_2026_V1,INELIGIBLE,MIN_INCOME
APP209822,PL_2026_V1,INELIGIBLE,MIN_INCOME
APP209823,PL_2026_V1,INELIGIBLE,BUREAU_SCORE
APP209824,PL_2026_V1,ELIGIBLE,
APP209825,PL_2026_V1,INELIGIBLE,BUREAU_SCORE
APP209826,PL_2026_V1,INELIGIBLE,BUREAU_SCORE
APP209827,PL_2026_V1,ELIGIBLE,
APP209828,PL_2026_V1,ELIGIBLE,
APP209829,PL_2026_V1,ELIGIBLE,
APP209830,PL_2026_V1,ELIGIBLE,
APP209831,PL_2026_V1,ELIGIBLE,
APP209832,PL_2026_V1,INELIGIBLE,BUREAU_SCORE
APP209833,PL_2026_V1,ELIGIBLE,
APP209834,PL_2026_V1,ELIGIBLE,
APP209835,PL_2026_V1,INELIGIBLE,BUREAU_SCORE
APP209836,PL_2026_V1,INELIGIBLE,MIN_INCOME
APP209837,PL_2026_V1,ELIGIBLE,
APP209838,PL_2026_V1,INELIGIBLE,BUREAU_SCORE
APP209839,PL_2026_V1,ELIGIBLE,
APP209840,PL_2026_V1,ELIGIBLE,
APP209841,PL_2026_V1,ELIGIBLE,
APP209842,PL_2026_V1,ELIGIBLE,
APP209843,PL_2026_V1,INELIGIBLE,BUREAU_SCORE
APP209844,PL_2026_V1,ELIGIBLE,
APP209845,PL_2026_V1,INELIGIBLE,BUREAU_SCORE
APP209846,PL_2026_V1,INELIGIBLE,BUREAU_SCORE
APP209847,PL_2026_V1,ELIGIBLE,
APP209848,PL_2026_V1,INELIGIBLE,BUREAU_SCORE
APP209849,PL_2026_V1,INELIGIBLE,BUREAU_SCORE
APP209850,PL_2026_V1,INELIGIBLE,BUREAU_SCORE
APP209851,PL_2026_V1,INELIGIBLE,BUREAU_SCORE
APP209852,PL_2026_V1,ELIGIBLE,
APP209853,PL_2026_V1,ELIGIBLE,
APP209854,PL_2026_V1,INELIGIBLE,MIN_INCOME
APP209855,PL_2026_V1,ELIGIBLE,
APP209856,PL_2026_V1,ELIGIBLE,
APP209857,PL_2026_V1,ELIGIBLE,
APP209858,PL_2026_V1,ELIGIBLE,
APP209859,PL_2026_V1,ELIGIBLE,
APP209860,PL_2026_V1,INELIGIBLE,BUREAU_SCORE
APP209861,PL_2026_V1,ELIGIBLE,
APP209862,PL_2026_V1,ELIGIBLE,
APP209863,PL_2026_V1,ELIGIBLE,
APP209864,PL_2026_V1,ELIGIBLE,
APP209865,PL_2026_V1,INELIGIBLE,BUREAU_SCORE
APP209866,PL_2026_V1,ELIGIBLE,
APP209867,PL_2026_V1,INELIGIBLE,MIN_INCOME|FOIR
APP209868,PL_2026_V1,ELIGIBLE,
APP209869,PL_2026_V1,ELIGIBLE,
APP209870,PL_2026_V1,INELIGIBLE,BUREAU_SCORE
APP209871,PL_2026_V1,INELIGIBLE,BUREAU_SCORE
APP209872,PL_2026_V1,INELIGIBLE,MIN_INCOME
APP209873,PL_2026_V1,ELIGIBLE,
APP209874,PL_2026_V1,ELIGIBLE,
APP209875,PL_2026_V1,ELIGIBLE,
APP209876,PL_2026_V1,INELIGIBLE,BUREAU_SCORE
APP209877,PL_2026_V1,INELIGIBLE,BUREAU_SCORE
APP209878,PL_2026_V1,ELIGIBLE,
APP209879,PL_2026_V1,ELIGIBLE,
APP209880,PL_2026_V1,ELIGIBLE,
APP209881,PL_2026_V1,ELIGIBLE,
APP209882,PL_2026_V1,ELIGIBLE,
APP209883,PL_2026_V1,ELIGIBLE,
APP209884,PL_2026_V1,INELIGIBLE,BUREAU_SCORE
APP209885,PL_2026_V1,ELIGIBLE,
APP209886,PL_2026_V1,INELIGIBLE,MIN_INCOME|BUREAU_SCORE
APP209887,PL_2026_V1,INELIGIBLE,BUREAU_SCORE
APP209888,PL_2026_V1,ELIGIBLE,
APP209889,PL_2026_V1,ELIGIBLE,
APP209890,PL_2026_V1,ELIGIBLE,
APP209891,PL_2026_V1,ELIGIBLE,
APP209892,PL_2026_V1,ELIGIBLE,
APP209893,PL_2026_V1,INELIGIBLE,MIN_INCOME
APP209894,PL_2026_V1,ELIGIBLE,
APP209895,PL_2026_V1,ELIGIBLE,
APP209896,PL_2026_V1,INELIGIBLE,BUREAU_SCORE
APP209897,PL_2026_V1,INELIGIBLE,BUREAU_SCORE
APP209898,PL_2026_V1,INELIGIBLE,MIN_INCOME|BUREAU_SCORE
APP209899,PL_2026_V1,ELIGIBLE,
APP209900,PL_2026_V1,ELIGIBLE,
APP209901,PL_2026_V1,ELIGIBLE,
APP209902,PL_2026_V1,ELIGIBLE,
APP209903,PL_2026_V1,ELIGIBLE,
APP209904,PL_2026_V1,ELIGIBLE,
APP209905,PL_2026_V1,INELIGIBLE,BUREAU_SCORE
APP209906,PL_2026_V1,ELIGIBLE,
APP209907,PL_2026_V1,ELIGIBLE,
APP209908,PL_2026_V1,ELIGIBLE,
APP209909,PL_2026_V1,ELIGIBLE,
APP209910,PL_2026_V1,ELIGIBLE,
APP209911,PL_2026_V1,ELIGIBLE,
APP209912,PL_2026_V1,ELIGIBLE,
APP209913,PL_2026_V1,ELIGIBLE,
APP209914,PL_2026_V1,INELIGIBLE,MIN_INCOME
APP209915,PL_2026_V1,ELIGIBLE,
APP209916,PL_2026_V1,ELIGIBLE,
APP209917,PL_2026_V1,ELIGIBLE,
APP209918,PL_2026_V1,ELIGIBLE,
APP209919,PL_2026_V1,ELIGIBLE,
APP209920,PL_2026_V1,ELIGIBLE,
APP209921,PL_2026_V1,ELIGIBLE,
APP209922,PL_2026_V1,ELIGIBLE,
APP209923,PL_2026_V1,ELIGIBLE,
APP209924,PL_2026_V1,ELIGIBLE,
APP209925,PL_2026_V1,INELIGIBLE,BUREAU_SCORE
APP209926,PL_2026_V1,INELIGIBLE,MIN_INCOME
APP209927,PL_2026_V1,INELIGIBLE,MIN_INCOME
APP209928,PL_2026_V1,ELIGIBLE,
APP209929,PL_2026_V1,ELIGIBLE,
APP209930,PL_2026_V1,ELIGIBLE,
APP209931,PL_2026_V1,INELIGIBLE,BUREAU_SCORE
APP209932,PL_2026_V1,ELIGIBLE,
APP209933,PL_2026_V1,ELIGIBLE,
APP209934,PL_2026_V1,ELIGIBLE,
APP209935,PL_2026_V1,ELIGIBLE,
APP209936,PL_2026_V1,INELIGIBLE,FOIR
APP209937,PL_2026_V1,ELIGIBLE,
APP209938,PL_2026_V1,ELIGIBLE,
APP209939,PL_2026_V1,ELIGIBLE,
APP209940,PL_2026_V1,INELIGIBLE,FOIR
APP209941,PL_2026_V1,INELIGIBLE,BUREAU_SCORE
APP209942,PL_2026_V1,ELIGIBLE,
APP209943,PL_2026_V1,ELIGIBLE,
APP209944,PL_2026_V1,INELIGIBLE,MIN_INCOME
APP209945,PL_2026_V1,INELIGIBLE,EMPLOYMENT_TENURE
APP209946,PL_2026_V1,INELIGIBLE,BUREAU_SCORE
APP209947,PL_2026_V1,INELIGIBLE,BUREAU_SCORE
APP209948,PL_2026_V1,ELIGIBLE,
APP209949,PL_2026_V1,ELIGIBLE,
APP209950,PL_2026_V1,ELIGIBLE,
APP209951,PL_2026_V1,ELIGIBLE,
APP209952,PL_2026_V1,INELIGIBLE,BUREAU_SCORE
APP209953,PL_2026_V1,INELIGIBLE,BUREAU_SCORE
APP209954,PL_2026_V1,ELIGIBLE,
APP209955,PL_2026_V1,INELIGIBLE,BUREAU_SCORE
APP209956,PL_2026_V1,ELIGIBLE,
APP209957,PL_2026_V1,INELIGIBLE,BUREAU_SCORE
APP209958,PL_2026_V1,ELIGIBLE,
APP209959,PL_2026_V1,ELIGIBLE,
APP209960,PL_2026_V1,INELIGIBLE,MIN_INCOME|BUREAU_SCORE
APP209961,PL_2026_V1,ELIGIBLE,
APP209962,PL_2026_V1,ELIGIBLE,
APP209963,PL_2026_V1,INELIGIBLE,MIN_INCOME
APP209964,PL_2026_V1,ELIGIBLE,
APP209965,PL_2026_V1,ELIGIBLE,
APP209966,PL_2026_V1,ELIGIBLE,
APP209967,PL_2026_V1,ELIGIBLE,
APP209968,PL_2026_V1,INELIGIBLE,BUREAU_SCORE
APP209969,PL_2026_V1,ELIGIBLE,
APP209970,PL_2026_V1,ELIGIBLE,
APP209971,PL_2026_V1,ELIGIBLE,
APP209972,PL_2026_V1,ELIGIBLE,
APP209973,PL_2026_V1,INELIGIBLE,MIN_INCOME
APP209974,PL_2026_V1,ELIGIBLE,
APP209975,PL_2026_V1,ELIGIBLE,
APP209976,PL_2026_V1,ELIGIBLE,
APP209977,PL_2026_V1,ELIGIBLE,
APP209978,PL_2026_V1,INELIGIBLE,FOIR
APP209979,PL_2026_V1,ELIGIBLE,
APP209980,PL_2026_V1,INELIGIBLE,BUREAU_SCORE
APP209981,PL_2026_V1,ELIGIBLE,
APP209982,PL_2026_V1,ELIGIBLE,
APP209983,PL_2026_V1,ELIGIBLE,
APP209984,PL_2026_V1,INELIGIBLE,MIN_INCOME
APP209985,PL_2026_V1,ELIGIBLE,
APP209986,PL_2026_V1,INELIGIBLE,BUREAU_SCORE
APP209987,PL_2026_V1,ELIGIBLE,
APP209988,PL_2026_V1,ELIGIBLE,
APP209989,PL_2026_V1,ELIGIBLE,
APP209990,PL_2026_V1,INELIGIBLE,BUREAU_SCORE
APP209991,PL_2026_V1,INELIGIBLE,BUREAU_SCORE
APP209992,PL_2026_V1,ELIGIBLE,
APP209993,PL_2026_V1,INELIGIBLE,MIN_INCOME
APP209994,PL_2026_V1,ELIGIBLE,
APP209995,PL_2026_V1,ELIGIBLE,
APP209996,PL_2026_V1,ELIGIBLE,
APP209997,PL_2026_V1,ELIGIBLE,
APP209998,PL_2026_V1,ELIGIBLE,
APP209999,PL_2026_V1,ELIGIBLE,
