customer_id,avg_monthly_credits,salary_consistency,cash_withdrawal_ratio,monthly_transaction_count
CUS100000,56800,0.917,0.126,16
CUS100001,120400,0.825,0.09,18
CUS100002,81100,0.79,0.103,11
CUS100003,57700,0.861,0.086,22
CUS100004,101500,0.862,0.41,24
CUS100005,63100,0.864,0.281,9
CUS100006,91800,0.927,0.017,14
CUS100007,74000,0.82,0.054,26
CUS100008,76700,0.924,0.196,12
CUS100009,143300,0.922,0.062,16
CUS100010,29800,0.93,0.122,24
CUS100011,121600,0.866,0.081,12
CUS100012,114200,0.99,0.023,15
CUS100013,75400,0.906,0.127,15
CUS100014,145000,0.915,0.319,18
CUS100015,61800,1.0,0.202,19
CUS100016,64900,0.901,0.207,19
CUS100017,59400,0.97,0.114,22
CUS100018,124300,0.882,0.149,19
CUS100019,39600,0.825,0.048,22
CUS100020,177700,0.955,0.092,13
CUS100021,79900,0.875,0.177,20
CUS100022,108500,0.951,0.227,21
CUS100023,113300,0.91,0.06,15
CUS100024,92400,1.0,0.125,18
CUS100025,69300,0.975,0.052,17
CUS100026,144100,0.868,0.161,14
CUS100027,64300,0.921,0.059,10
CUS100028,69400,0.976,0.129,16
CUS100029,121400,0.873,0.14,14
CUS100030,100600,0.937,0.042,18
CUS100031,157700,1.0,0.149,19
CUS100032,79700,1.0,0.081,18
CUS100033,61000,0.991,0.091,24
CUS100034,103400,0.874,0.184,16
CUS100035,76400,0.894,0.01,15
CUS100036,71100,1.0,0.255,14
CUS100037,137500,0.844,0.116,19
CUS100038,201600,0.969,0.059,18
CUS100039,85900,0.948,0.194,22
CUS100040,54100,1.0,0.015,21
CUS100041,80100,0.929,0.171,15
CUS100042,122100,0.868,0.125,20
CUS100043,98100,0.796,0.168,19
CUS100044,141300,0.913,0.182,13
CUS100045,105600,0.845,0.043,18
CUS100046,57900,0.873,0.424,15
CUS100047,65300,1.0,0.127,17
CUS100048,43300,0.798,0.092,10
CUS100049,154400,0.932,0.021,21
CUS100050,36700,0.893,0.2,13
CUS100051,43000,0.778,0.162,21
CUS100052,69900,0.899,0.028,19
CUS100053,125800,0.813,0.3,22
CUS100054,60400,0.992,0.204,15
CUS100055,81900,0.853,0.025,15
CUS100056,69800,0.983,0.039,21
CUS100057,96500,0.963,0.134,19
CUS100058,45200,0.795,0.023,14
CUS100059,67300,0.844,0.142,25
CUS100060,180300,0.951,0.103,13
CUS100061,112500,0.952,0.141,24
CUS100062,112300,1.0,0.233,17
CUS100063,86500,0.806,0.114,20
CUS100064,81200,0.783,0.143,20
CUS100065,104200,0.958,0.216,15
CUS100066,106500,0.953,0.138,20
CUS100067,108000,0.785,0.074,21
CUS100068,75900,1.0,0.09,22
CUS100069,124100,0.897,0.186,17
CUS100070,34400,0.741,0.323,15
CUS100071,128100,0.841,0.229,18
CUS100072,67000,0.848,0.042,13
CUS100073,110900,0.939,0.226,18
CUS100074,70100,0.77,0.109,24
CUS100075,44400,0.854,0.468,18
CUS100076,107000,0.945,0.14,23
CUS100077,43000,0.865,0.07,17
CUS100078,64900,0.944,0.114,21
CUS100079,59400,1.0,0.213,22
CUS100080,69900,0.772,0.004,20
CUS100081,134700,0.813,0.233,17
CUS100082,70900,0.948,0.229,16
CUS100083,96000,0.964,0.127,17
CUS100084,111900,0.837,0.065,15
CUS100085,78600,0.839,0.053,20
CUS100086,69700,0.955,0.105,16
CUS100087,176700,0.962,0.054,17
CUS100088,75800,0.891,0.032,16
CUS100089,99000,0.813,0.099,22
CUS100090,112400,1.0,0.027,25
CUS100091,43900,0.934,0.013,15
CUS100092,60900,0.877,0.037,11
CUS100093,124200,0.737,0.111,18
CUS100094,34100,0.814,0.105,16
CUS100095,81200,0.985,0.067,23
CUS100096,65000,0.917,0.036,21
CUS100097,145500,0.858,0.16,23
CUS100098,87700,0.882,0.103,20
CUS100099,165200,1.0,0.005,16
CUS100100,79300,1.0,0.065,16
CUS100101,76500,0.932,0.137,12
CUS100102,70500,0.936,0.16,21
CUS100103,70300,0.892,0.031,22
CUS100104,293200,0.829,0.181,22
CUS100105,145800,0.919,0.259,23
CUS100106,51200,0.924,0.046,17
CUS100107,247700,0.905,0.045,15
CUS100108,74500,0.788,0.044,16
CUS100109,99700,0.835,0.272,12
CUS100110,138500,1.0,0.166,15
CUS100111,42300,0.904,0.106,14
CUS100112,62400,0.851,0.134,22
CUS100113,168100,0.843,0.234,19
CUS100114,79800,0.9,0.117,13
CUS100115,127300,0.917,0.085,26
CUS100116,77700,0.934,0.36,16
CUS100117,89200,0.895,0.052,22
CUS100118,189900,0.844,0.046,12
CUS100119,104300,0.93,0.254,14
CUS100120,78300,0.864,0.076,25
CUS100121,62700,0.845,0.037,18
CUS100122,66700,0.795,0.043,17
CUS100123,140900,0.999,0.085,30
CUS100124,118100,0.986,0.022,17
CUS100125,47900,0.931,0.142,19
CUS100126,85500,1.0,0.101,21
CUS100127,81100,0.896,0.138,17
CUS100128,103300,0.8,0.148,27
CUS100129,64800,0.806,0.093,22
CUS100130,140900,1.0,0.132,22
CUS100131,87300,0.952,0.036,15
CUS100132,94800,0.986,0.078,19
CUS100133,53800,0.977,0.035,16
CUS100134,53500,0.874,0.046,17
CUS100135,231900,0.849,0.066,20
CUS100136,205600,0.798,0.142,25
CUS100137,86300,0.93,0.098,31
CUS100138,191000,0.869,0.021,18
CUS100139,154000,0.806,0.147,23
CUS100140,72900,1.0,0.081,19
CUS100141,54300,1.0,0.052,19
CUS100142,113400,0.914,0.047,24
CUS100143,97800,0.999,0.036,18
CUS100144,82100,1.0,0.269,23
CUS100145,121600,1.0,0.02,18
CUS100146,44800,0.916,0.116,20
CUS100147,84800,0.84,0.026,22
CUS100148,53200,0.886,0.15,15
CUS100149,49800,0.836,0.113,20
CUS100150,64400,0.956,0.23,23
CUS100151,89900,0.959,0.179,19
CUS100152,66200,0.792,0.032,24
CUS100153,48700,0.98,0.097,21
CUS100154,102400,0.868,0.336,13
CUS100155,182600,1.0,0.2,14
CUS100156,117300,0.809,0.165,14
CUS100157,192600,1.0,0.028,15
CUS100158,177800,0.911,0.388,23
CUS100159,68900,0.894,0.086,11
CUS100160,106500,1.0,0.124,18
CUS100161,73300,1.0,0.178,16
CUS100162,154200,1.0,0.086,16
CUS100163,80100,1.0,0.163,28
CUS100164,64300,0.95,0.075,21
CUS100165,158000,1.0,0.14,19
CUS100166,101800,0.926,0.168,20
CUS100167,69300,0.887,0.132,20
CUS100168,73900,1.0,0.124,11
CUS100169,68300,0.874,0.089,24
CUS100170,51400,0.987,0.109,18
CUS100171,67600,0.96,0.074,19
CUS100172,102000,0.766,0.067,19
CUS100173,91100,1.0,0.05,22
CUS100174,69900,0.964,0.041,19
CUS100175,161700,0.853,0.166,23
CUS100176,36000,0.868,0.026,15
CUS100177,104100,1.0,0.021,12
CUS100178,73200,0.954,0.099,18
CUS100179,56800,0.985,0.312,16
CUS100180,100600,0.899,0.192,15
CUS100181,78200,0.919,0.018,9
CUS100182,144600,0.947,0.008,17
CUS100183,120300,0.915,0.066,24
CUS100184,234100,0.813,0.013,16
CUS100185,70300,0.822,0.063,21
CUS100186,145000,0.96,0.168,25
CUS100187,54300,0.983,0.244,18
CUS100188,89000,0.833,0.23,19
CUS100189,86900,0.965,0.031,17
CUS100190,107700,0.933,0.054,13
CUS100191,109100,0.915,0.124,24
CUS100192,57300,0.889,0.184,14
CUS100193,127700,1.0,0.007,11
CUS100194,69500,0.831,0.125,18
CUS100195,69900,0.978,0.044,20
CUS100196,75300,0.93,0.206,18
CUS100197,47400,0.832,0.007,24
CUS100198,134500,0.929,0.052,17
CUS100199,78700,0.819,0.201,16
CUS100200,83800,0.981,0.181,28
CUS100201,97100,1.0,0.069,13
CUS100202,176100,0.965,0.088,17
CUS100203,171100,0.941,0.073,16
CUS100204,155900,0.906,0.126,17
CUS100205,81100,1.0,0.155,18
CUS100206,48300,0.979,0.179,18
CUS100207,91400,0.909,0.129,20
CUS100208,85300,0.945,0.013,12
CUS100209,134200,0.943,0.127,23
CUS100210,96500,0.977,0.043,20
CUS100211,54100,0.923,0.035,16
CUS100212,63500,0.952,0.104,13
CUS100213,64000,0.825,0.166,20
CUS100214,112400,1.0,0.029,10
CUS100215,105000,0.826,0.208,16
CUS100216,109500,0.984,0.203,12
CUS100217,114900,1.0,0.088,26
CUS100218,36700,0.893,0.027,22
CUS100219,40200,0.9,0.228,15
CUS100220,76600,0.95,0.15,22
CUS100221,101300,0.944,0.056,19
CUS100222,162100,0.986,0.034,14
CUS100223,86700,0.829,0.017,21
CUS100224,54300,0.839,0.361,20
CUS100225,108000,0.887,0.111,18
CUS100226,86400,0.951,0.081,13
CUS100227,69600,0.896,0.314,24
CUS100228,38700,0.923,0.05,16
CUS100229,92500,0.798,0.332,21
CUS100230,110300,0.936,0.064,19
CUS100231,54600,0.911,0.103,19
CUS100232,123600,0.987,0.095,19
CUS100233,109800,1.0,0.153,17
CUS100234,101200,0.932,0.099,20
CUS100235,80500,0.898,0.32,10
CUS100236,107200,0.872,0.102,18
CUS100237,105500,0.814,0.057,19
CUS100238,60500,0.962,0.023,19
CUS100239,81700,0.933,0.208,27
CUS100240,106600,1.0,0.082,18
CUS100241,33400,0.908,0.051,11
CUS100242,50000,0.951,0.149,23
CUS100243,123700,1.0,0.234,13
CUS100244,150800,0.95,0.133,19
CUS100245,121100,0.781,0.202,19
CUS100246,130700,0.922,0.298,25
CUS100247,102200,1.0,0.229,21
CUS100248,50600,1.0,0.16,17
CUS100249,84300,0.837,0.003,18
CUS100250,35800,0.89,0.112,21
CUS100251,160500,0.757,0.067,21
CUS100252,60000,0.895,0.043,15
CUS100253,71300,0.929,0.141,17
CUS100254,138300,0.913,0.141,13
CUS100255,39800,0.964,0.043,17
CUS100256,46700,0.887,0.03,11
CUS100257,92600,1.0,0.217,18
CUS100258,109600,0.761,0.091,17
CUS100259,74000,1.0,0.017,20
CUS100260,90500,0.961,0.041,13
CUS100261,163700,0.941,0.074,19
CUS100262,124400,0.913,0.013,21
CUS100263,103000,0.792,0.294,21
CUS100264,118900,0.769,0.211,14
CUS100265,80900,1.0,0.02,17
CUS100266,253700,0.906,0.185,16
CUS100267,31800,0.865,0.03,32
CUS100268,172400,0.903,0.008,26
CUS100269,135500,0.973,0.316,16
CUS100270,107100,0.998,0.011,20
CUS100271,93300,0.916,0.156,10
CUS100272,89400,0.885,0.052,21
CUS100273,126100,0.875,0.118,22
CUS100274,90500,0.826,0.429,12
CUS100275,58400,0.82,0.193,18
CUS100276,132900,0.915,0.046,17
CUS100277,167900,0.823,0.031,21
CUS100278,32300,1.0,0.058,13
CUS100279,248200,0.901,0.397,19
CUS100280,57400,0.783,0.314,20
CUS100281,55800,0.92,0.16,25
CUS100282,52600,0.911,0.092,12
CUS100283,84400,0.941,0.077,17
CUS100284,51300,1.0,0.142,14
CUS100285,48100,1.0,0.069,16
CUS100286,65500,0.86,0.121,19
CUS100287,79000,0.923,0.197,18
CUS100288,97300,1.0,0.069,25
CUS100289,158900,0.986,0.051,17
CUS100290,135100,0.888,0.023,17
CUS100291,139000,0.969,0.161,16
CUS100292,75200,0.829,0.054,10
CUS100293,37700,0.954,0.006,17
CUS100294,35800,0.948,0.084,20
CUS100295,152300,0.988,0.132,12
CUS100296,117100,1.0,0.222,15
CUS100297,63800,1.0,0.179,9
CUS100298,44700,0.974,0.095,19
CUS100299,48500,0.999,0.033,18
CUS100300,86400,0.95,0.219,17
CUS100301,110800,0.964,0.063,25
CUS100302,132100,1.0,0.142,25
CUS100303,75500,0.828,0.109,31
CUS100304,68300,0.847,0.025,20
CUS100305,146500,0.843,0.183,14
CUS100306,33100,0.933,0.017,27
CUS100307,89500,1.0,0.219,21
CUS100308,78700,0.89,0.27,16
CUS100309,120000,0.859,0.266,25
CUS100310,110100,0.964,0.086,29
CUS100311,53500,0.801,0.06,14
CUS100312,77600,0.901,0.074,19
CUS100313,24800,0.916,0.009,22
CUS100314,133400,0.928,0.066,15
CUS100315,102100,0.966,0.141,12
CUS100316,154400,0.98,0.336,19
CUS100317,67400,0.944,0.157,8
CUS100318,122300,0.965,0.218,14
CUS100319,52600,1.0,0.108,21
CUS100320,23100,0.882,0.098,18
CUS100321,88400,0.889,0.139,17
CUS100322,62600,1.0,0.223,13
CUS100323,57200,0.908,0.104,12
CUS100324,162000,0.967,0.22,22
CUS100325,155200,0.842,0.179,26
CUS100326,97300,0.874,0.043,18
CUS100327,78100,0.956,0.061,21
CUS100328,82100,0.959,0.159,20
CUS100329,65100,0.88,0.16,20
CUS100330,99500,1.0,0.023,17
CUS100331,44200,0.975,0.21,17
CUS100332,55800,0.915,0.187,13
CUS100333,53300,0.956,0.08,22
CUS100334,93900,0.745,0.192,16
CUS100335,72500,0.898,0.157,16
CUS100336,152000,0.942,0.119,13
CUS100337,116700,1.0,0.359,17
CUS100338,63400,0.852,0.113,24
CUS100339,107300,0.859,0.148,23
CUS100340,67800,0.871,0.061,19
CUS100341,96500,0.827,0.03,19
CUS100342,128000,1.0,0.325,19
CUS100343,150400,0.853,0.013,20
CUS100344,79400,0.957,0.112,18
CUS100345,190200,0.932,0.004,19
CUS100346,94000,0.878,0.096,20
CUS100347,96500,1.0,0.085,19
CUS100348,78600,0.943,0.068,14
CUS100349,69000,1.0,0.125,17
CUS100350,107600,0.972,0.149,18
CUS100351,86300,0.878,0.067,20
CUS100352,99900,0.959,0.112,16
CUS100353,104800,0.892,0.014,21
CUS100354,96600,1.0,0.029,17
CUS100355,239900,1.0,0.05,21
CUS100356,79700,0.908,0.061,15
CUS100357,102700,0.832,0.31,15
CUS100358,78000,0.932,0.012,13
CUS100359,28200,0.958,0.125,18
CUS100360,87100,1.0,0.112,11
CUS100361,61000,0.95,0.034,14
CUS100362,75900,0.925,0.264,20
CUS100363,83800,0.904,0.164,19
CUS100364,100200,0.977,0.05,13
CUS100365,64800,0.806,0.292,14
CUS100366,64700,0.916,0.179,15
CUS100367,132100,0.926,0.083,23
CUS100368,57600,0.8,0.096,21
CUS100369,35700,0.99,0.008,20
CUS100370,96900,0.97,0.239,15
CUS100371,129600,1.0,0.252,22
CUS100372,98800,1.0,0.148,11
CUS100373,97400,0.827,0.106,18
CUS100374,131400,0.95,0.097,13
CUS100375,124500,0.867,0.047,16
CUS100376,75800,1.0,0.108,17
CUS100377,94600,0.857,0.023,19
CUS100378,95000,0.981,0.048,21
CUS100379,77900,0.999,0.136,22
CUS100380,151300,0.98,0.166,20
CUS100381,87400,0.746,0.162,17
CUS100382,75800,1.0,0.064,18
CUS100383,29800,0.96,0.147,23
CUS100384,55200,0.92,0.203,17
CUS100385,47500,0.989,0.144,17
CUS100386,84100,0.942,0.12,23
CUS100387,47500,0.803,0.097,9
CUS100388,113300,0.888,0.083,23
CUS100389,153500,0.983,0.112,16
CUS100390,80800,1.0,0.028,26
CUS100391,48400,0.933,0.051,17
CUS100392,94600,0.961,0.121,26
CUS100393,197100,0.864,0.123,13
CUS100394,186100,0.891,0.088,20
CUS100395,45900,0.846,0.055,18
CUS100396,44300,0.92,0.081,16
CUS100397,37100,0.847,0.246,21
CUS100398,50300,0.889,0.239,17
CUS100399,98500,0.86,0.323,17
CUS100400,62600,0.946,0.084,15
CUS100401,62700,0.838,0.466,13
CUS100402,151600,0.817,0.207,14
CUS100403,102500,0.95,0.048,10
CUS100404,39000,0.888,0.073,14
CUS100405,145500,0.89,0.06,13
CUS100406,108400,0.816,0.252,22
CUS100407,106100,0.882,0.032,19
CUS100408,66200,0.769,0.06,21
CUS100409,75800,0.817,0.002,17
CUS100410,34000,0.839,0.109,20
CUS100411,133100,0.836,0.063,27
CUS100412,60300,0.962,0.032,13
CUS100413,50300,1.0,0.077,21
CUS100414,59900,0.929,0.169,21
CUS100415,206500,0.836,0.09,26
CUS100416,64500,0.88,0.304,9
CUS100417,135200,0.858,0.276,18
CUS100418,79700,0.938,0.016,20
CUS100419,56800,0.806,0.263,19
CUS100420,49400,0.996,0.307,14
CUS100421,58700,0.803,0.095,23
CUS100422,87700,0.847,0.22,18
CUS100423,115700,0.889,0.041,25
CUS100424,65300,1.0,0.232,24
CUS100425,68400,0.926,0.039,16
CUS100426,61800,0.903,0.189,12
CUS100427,55900,0.982,0.25,12
CUS100428,42800,0.862,0.225,22
CUS100429,135800,0.841,0.084,12
CUS100430,69000,0.877,0.035,22
CUS100431,74100,0.99,0.267,24
CUS100432,60800,0.935,0.246,13
CUS100433,76000,0.907,0.076,17
CUS100434,110000,1.0,0.303,18
CUS100435,69900,1.0,0.217,23
CUS100436,94200,0.843,0.097,17
CUS100437,155400,0.951,0.1,16
CUS100438,60000,0.882,0.036,16
CUS100439,67200,0.997,0.225,12
CUS100440,114000,1.0,0.425,28
CUS100441,162600,1.0,0.067,30
CUS100442,48300,0.947,0.407,23
CUS100443,47100,0.935,0.149,21
CUS100444,88200,0.88,0.216,22
CUS100445,72900,0.827,0.172,16
CUS100446,124200,0.777,0.034,18
CUS100447,106000,0.953,0.096,22
CUS100448,73600,1.0,0.116,22
CUS100449,155400,0.994,0.027,19
CUS100450,64900,0.922,0.372,14
CUS100451,81900,0.899,0.419,21
CUS100452,49800,0.844,0.148,22
CUS100453,71500,0.945,0.135,14
CUS100454,46800,0.893,0.136,14
CUS100455,48000,0.878,0.104,19
CUS100456,180000,0.95,0.163,19
CUS100457,40300,0.838,0.089,17
CUS100458,81900,0.946,0.259,21
CUS100459,134400,0.876,0.169,12
CUS100460,211400,0.784,0.069,15
CUS100461,89000,0.85,0.019,11
CUS100462,92800,0.849,0.056,14
CUS100463,94400,0.898,0.269,12
CUS100464,156000,0.826,0.126,21
CUS100465,120700,0.861,0.129,16
CUS100466,64500,0.918,0.057,18
CUS100467,155500,1.0,0.07,15
CUS100468,64200,0.93,0.243,22
CUS100469,42700,0.896,0.067,19
CUS100470,37600,0.961,0.224,22
CUS100471,75500,0.93,0.579,25
CUS100472,102200,0.805,0.089,17
CUS100473,121700,0.826,0.025,28
CUS100474,122000,0.916,0.187,27
CUS100475,92400,0.875,0.142,24
CUS100476,155300,0.849,0.033,20
CUS100477,68100,1.0,0.1,21
CUS100478,42400,1.0,0.053,20
CUS100479,48200,0.916,0.097,26
CUS100480,153200,1.0,0.165,16
CUS100481,35000,0.965,0.08,20
CUS100482,77300,0.939,0.215,12
CUS100483,301800,1.0,0.107,25
CUS100484,115200,1.0,0.082,16
CUS100485,87200,0.934,0.151,15
CUS100486,44700,0.97,0.255,18
CUS100487,194600,0.997,0.195,17
CUS100488,149300,0.956,0.109,15
CUS100489,114900,0.849,0.021,19
CUS100490,86600,1.0,0.168,23
CUS100491,124500,0.9,0.068,23
CUS100492,72700,0.738,0.101,22
CUS100493,55900,1.0,0.098,15
CUS100494,129900,0.856,0.191,14
CUS100495,75300,1.0,0.379,18
CUS100496,106800,0.993,0.023,23
CUS100497,73400,0.826,0.068,23
CUS100498,106200,0.869,0.059,18
CUS100499,87200,0.955,0.08,13
CUS100500,83900,0.91,0.026,18
CUS100501,100300,0.901,0.08,20
CUS100502,341300,0.967,0.053,22
CUS100503,125700,0.953,0.097,18
CUS100504,270200,0.833,0.213,25
CUS100505,80900,0.905,0.059,17
CUS100506,76700,0.849,0.072,11
CUS100507,51000,0.905,0.239,12
CUS100508,184100,0.943,0.384,14
CUS100509,61100,0.879,0.055,17
CUS100510,181500,0.991,0.158,15
CUS100511,56600,0.917,0.1,26
CUS100512,127800,0.98,0.036,16
CUS100513,43800,0.983,0.244,23
CUS100514,69200,0.897,0.042,21
CUS100515,90300,1.0,0.277,18
CUS100516,66500,0.864,0.316,18
CUS100517,71500,0.872,0.088,24
CUS100518,78000,0.917,0.079,14
CUS100519,126800,1.0,0.227,14
CUS100520,38000,0.929,0.225,20
CUS100521,72100,0.902,0.206,23
CUS100522,164700,0.873,0.015,11
CUS100523,134700,0.904,0.097,21
CUS100524,135800,0.91,0.364,22
CUS100525,120800,0.837,0.293,25
CUS100526,47800,0.842,0.039,19
CUS100527,136300,0.976,0.405,14
CUS100528,87300,1.0,0.129,15
CUS100529,205100,0.948,0.04,25
CUS100530,142200,0.853,0.052,19
CUS100531,106200,0.859,0.074,25
CUS100532,112300,0.888,0.167,15
CUS100533,113800,0.958,0.036,15
CUS100534,109500,0.81,0.27,16
CUS100535,66500,0.937,0.183,13
CUS100536,108900,0.904,0.12,22
CUS100537,137000,0.855,0.02,18
CUS100538,134400,1.0,0.103,22
CUS100539,148900,0.954,0.288,14
CUS100540,185000,0.964,0.192,12
CUS100541,160500,0.918,0.16,13
CUS100542,89700,0.923,0.137,21
CUS100543,43600,0.876,0.04,13
CUS100544,57300,0.951,0.118,17
CUS100545,66100,0.977,0.03,18
CUS100546,78800,0.889,0.287,18
CUS100547,174600,0.881,0.115,20
CUS100548,31600,0.992,0.313,16
CUS100549,60200,0.832,0.045,21
CUS100550,62200,0.977,0.136,15
CUS100551,54100,0.942,0.176,23
CUS100552,55400,0.973,0.077,10
CUS100553,78500,0.949,0.067,13
CUS100554,62900,0.87,0.094,13
CUS100555,60100,0.944,0.169,13
CUS100556,180900,1.0,0.134,18
CUS100557,115300,0.853,0.194,20
CUS100558,135600,0.815,0.327,18
CUS100559,77500,0.94,0.408,23
CUS100560,127800,1.0,0.182,24
CUS100561,132700,0.839,0.087,11
CUS100562,122600,0.896,0.095,19
CUS100563,59900,0.936,0.224,17
CUS100564,67600,0.87,0.105,15
CUS100565,129500,1.0,0.088,18
CUS100566,68500,0.87,0.086,13
CUS100567,48600,1.0,0.041,23
CUS100568,65300,0.902,0.392,27
CUS100569,171100,0.989,0.086,20
CUS100570,60400,0.862,0.272,21
CUS100571,112200,0.922,0.24,23
CUS100572,57100,0.775,0.029,23
CUS100573,112600,0.962,0.303,19
CUS100574,103600,1.0,0.068,14
CUS100575,42800,0.935,0.253,20
CUS100576,98900,0.81,0.116,19
CUS100577,42000,0.831,0.074,9
CUS100578,62200,0.846,0.154,17
CUS100579,86900,0.965,0.199,18
CUS100580,178700,0.951,0.193,24
CUS100581,97400,0.942,0.19,14
CUS100582,64400,0.977,0.074,19
CUS100583,76200,0.915,0.014,11
CUS100584,126200,0.977,0.053,19
CUS100585,58800,1.0,0.111,14
CUS100586,155300,1.0,0.274,20
CUS100587,65300,0.845,0.104,23
CUS100588,51900,1.0,0.427,20
CUS100589,70700,0.948,0.087,15
CUS100590,43300,0.846,0.275,19
CUS100591,36400,0.863,0.319,23
CUS100592,90500,0.804,0.043,17
CUS100593,96200,0.894,0.304,14
CUS100594,96900,0.919,0.119,24
CUS100595,89300,0.909,0.104,18
CUS100596,287900,0.948,0.022,18
CUS100597,96500,0.958,0.127,21
CUS100598,45300,0.971,0.323,18
CUS100599,48700,0.909,0.057,20
CUS100600,89200,0.972,0.131,10
CUS100601,77600,0.843,0.155,13
CUS100602,48200,0.961,0.096,21
CUS100603,81200,0.874,0.481,18
CUS100604,83500,0.979,0.195,15
CUS100605,180400,0.945,0.13,26
CUS100606,49900,0.948,0.048,20
CUS100607,67500,0.863,0.05,19
CUS100608,181600,1.0,0.254,17
CUS100609,109600,0.89,0.068,19
CUS100610,65400,0.997,0.13,17
CUS100611,61500,0.862,0.12,18
CUS100612,45500,1.0,0.171,17
CUS100613,83400,0.962,0.148,20
CUS100614,129500,0.927,0.045,22
CUS100615,186000,0.928,0.105,14
CUS100616,46800,0.884,0.076,18
CUS100617,122400,0.965,0.142,16
CUS100618,92300,0.912,0.066,22
CUS100619,83400,0.997,0.028,22
CUS100620,66500,0.786,0.031,21
CUS100621,36800,1.0,0.057,15
CUS100622,101700,0.747,0.101,23
CUS100623,45800,1.0,0.038,23
CUS100624,58100,0.876,0.232,11
CUS100625,90900,0.857,0.108,13
CUS100626,39100,0.714,0.148,16
CUS100627,51700,0.901,0.113,11
CUS100628,166200,0.989,0.061,22
CUS100629,89400,0.914,0.124,22
CUS100630,64600,0.917,0.065,21
CUS100631,99900,0.828,0.171,20
CUS100632,115700,0.875,0.179,25
CUS100633,146600,0.922,0.281,17
CUS100634,56000,0.925,0.044,17
CUS100635,47000,1.0,0.088,16
CUS100636,124800,0.962,0.115,11
CUS100637,130700,0.939,0.048,27
CUS100638,48200,0.961,0.123,16
CUS100639,62800,0.95,0.23,13
CUS100640,71900,1.0,0.175,18
CUS100641,94700,0.85,0.225,24
CUS100642,93500,0.891,0.052,17
CUS100643,45900,0.928,0.097,11
CUS100644,92200,0.973,0.025,23
CUS100645,64000,0.832,0.141,17
CUS100646,45200,1.0,0.217,17
CUS100647,90600,0.996,0.044,18
CUS100648,77800,0.9,0.279,27
CUS100649,122700,0.941,0.266,22
CUS100650,54100,1.0,0.037,19
CUS100651,82200,0.834,0.119,25
CUS100652,42100,0.881,0.182,19
CUS100653,73700,0.972,0.284,20
CUS100654,104000,0.842,0.082,22
CUS100655,110800,0.882,0.134,16
CUS100656,99700,0.848,0.145,17
CUS100657,122300,0.964,0.08,16
CUS100658,73000,0.858,0.11,28
CUS100659,102800,0.839,0.216,12
CUS100660,197900,0.784,0.123,22
CUS100661,72400,0.797,0.118,16
CUS100662,174900,0.96,0.204,18
CUS100663,129700,0.978,0.015,18
CUS100664,69400,0.874,0.013,26
CUS100665,85500,0.75,0.138,9
CUS100666,92000,0.831,0.166,18
CUS100667,112100,0.871,0.165,19
CUS100668,112800,1.0,0.097,18
CUS100669,67700,0.912,0.194,14
CUS100670,33700,1.0,0.035,17
CUS100671,116200,0.818,0.016,20
CUS100672,32600,0.937,0.046,17
CUS100673,47400,0.949,0.016,16
CUS100674,73900,0.946,0.134,24
CUS100675,48300,1.0,0.144,13
CUS100676,102800,0.97,0.238,18
CUS100677,74800,0.988,0.138,13
CUS100678,129700,0.916,0.25,30
CUS100679,43700,0.955,0.081,20
CUS100680,59600,1.0,0.056,17
CUS100681,93000,0.904,0.136,14
CUS100682,95200,0.9,0.04,24
CUS100683,134800,0.894,0.365,23
CUS100684,52900,0.996,0.067,16
CUS100685,69800,0.948,0.167,17
CUS100686,105100,0.816,0.101,21
CUS100687,30800,0.893,0.041,18
CUS100688,104200,0.856,0.097,13
CUS100689,112900,1.0,0.125,18
CUS100690,46000,0.89,0.242,18
CUS100691,75900,1.0,0.06,17
CUS100692,187400,0.929,0.109,9
CUS100693,121300,0.879,0.041,16
CUS100694,99300,0.891,0.024,17
CUS100695,134100,0.762,0.221,16
CUS100696,193800,0.901,0.355,20
CUS100697,101700,0.918,0.051,17
CUS100698,76300,0.923,0.175,12
CUS100699,127800,0.97,0.025,13
CUS100700,75400,0.827,0.332,15
CUS100701,51800,0.973,0.056,25
CUS100702,62000,0.825,0.131,22
CUS100703,104400,0.945,0.327,20
CUS100704,79800,0.845,0.054,14
CUS100705,79100,1.0,0.04,17
CUS100706,54300,0.788,0.046,18
CUS100707,151100,0.788,0.27,16
CUS100708,65400,0.962,0.244,22
CUS100709,65300,0.975,0.06,20
CUS100710,65000,0.895,0.236,17
CUS100711,119600,0.997,0.04,18
CUS100712,122700,0.948,0.039,12
CUS100713,69500,1.0,0.036,22
CUS100714,94600,0.741,0.226,14
CUS100715,97000,0.831,0.214,21
CUS100716,60700,0.844,0.072,18
CUS100717,44900,0.793,0.136,27
CUS100718,101300,0.841,0.039,17
CUS100719,63500,1.0,0.048,12
CUS100720,95700,0.906,0.038,16
CUS100721,88100,0.903,0.2,18
CUS100722,89900,0.83,0.077,14
CUS100723,82200,0.807,0.152,16
CUS100724,70100,0.802,0.027,20
CUS100725,58000,0.843,0.045,14
CUS100726,78600,0.828,0.099,19
CUS100727,102300,0.987,0.12,14
CUS100728,167800,0.91,0.097,12
CUS100729,146700,0.953,0.019,20
CUS100730,96700,0.977,0.167,15
CUS100731,155700,0.832,0.025,19
CUS100732,66500,0.935,0.183,12
CUS100733,46300,0.809,0.004,19
CUS100734,220400,0.928,0.372,18
CUS100735,111600,0.897,0.111,18
CUS100736,37400,0.843,0.091,22
CUS100737,162900,0.865,0.216,19
CUS100738,64100,0.941,0.262,13
CUS100739,70800,0.957,0.01,12
CUS100740,145400,0.926,0.016,21
CUS100741,164100,0.771,0.086,12
CUS100742,59000,0.821,0.198,17
CUS100743,185700,0.882,0.376,18
CUS100744,124200,0.805,0.134,15
CUS100745,59600,0.889,0.086,25
CUS100746,71400,0.978,0.207,18
CUS100747,159400,0.813,0.025,18
CUS100748,45800,0.775,0.121,12
CUS100749,175900,0.937,0.12,18
CUS100750,112400,0.846,0.378,13
CUS100751,110200,0.701,0.134,20
CUS100752,95300,0.862,0.051,24
CUS100753,216000,1.0,0.038,23
CUS100754,205900,0.9,0.344,21
CUS100755,64900,0.976,0.16,10
CUS100756,105000,1.0,0.184,19
CUS100757,200000,0.976,0.038,14
CUS100758,63000,1.0,0.133,27
CUS100759,107400,0.961,0.04,26
CUS100760,136700,0.953,0.102,14
CUS100761,32800,0.886,0.172,17
CUS100762,135600,1.0,0.25,13
CUS100763,45300,0.929,0.072,16
CUS100764,87400,0.852,0.073,15
CUS100765,150000,0.88,0.111,17
CUS100766,29600,0.961,0.456,19
CUS100767,142400,0.87,0.037,17
CUS100768,200400,0.877,0.044,15
CUS100769,66000,0.966,0.302,14
CUS100770,109200,0.778,0.175,19
CUS100771,150600,0.896,0.292,21
CUS100772,39400,0.883,0.208,17
CUS100773,129100,1.0,0.014,17
CUS100774,129000,0.909,0.299,20
CUS100775,115000,0.819,0.156,13
CUS100776,88200,0.899,0.109,21
CUS100777,59600,0.964,0.046,23
CUS100778,155100,0.838,0.322,12
CUS100779,97900,0.862,0.124,17
CUS100780,59700,0.879,0.272,21
CUS100781,83500,0.956,0.024,18
CUS100782,107800,0.969,0.068,19
CUS100783,38500,0.984,0.114,20
CUS100784,94100,0.981,0.246,13
CUS100785,71000,0.877,0.133,22
CUS100786,151200,0.917,0.006,17
CUS100787,40200,0.949,0.148,24
CUS100788,145400,0.896,0.07,18
CUS100789,162900,0.923,0.044,16
CUS100790,39800,0.779,0.081,15
CUS100791,42900,1.0,0.158,17
CUS100792,213200,1.0,0.02,20
CUS100793,55500,0.904,0.135,18
CUS100794,314200,0.766,0.16,16
CUS100795,36500,1.0,0.099,20
CUS100796,103600,1.0,0.119,19
CUS100797,86100,0.926,0.071,19
CUS100798,69800,0.896,0.052,28
CUS100799,93600,1.0,0.022,21
CUS100800,117000,0.979,0.102,12
CUS100801,83100,0.809,0.037,17
CUS100802,52100,0.99,0.114,19
CUS100803,139100,0.962,0.039,26
CUS100804,106900,1.0,0.303,20
CUS100805,90600,0.78,0.058,16
CUS100806,118700,1.0,0.06,25
CUS100807,131400,0.898,0.173,13
CUS100808,59500,0.951,0.136,20
CUS100809,105200,1.0,0.28,11
CUS100810,65800,0.898,0.134,24
CUS100811,126200,0.835,0.206,20
CUS100812,82200,1.0,0.046,19
CUS100813,114600,1.0,0.182,15
CUS100814,73200,0.988,0.087,23
CUS100815,110000,0.889,0.068,15
CUS100816,69500,0.923,0.209,27
CUS100817,87500,0.95,0.104,14
CUS100818,139600,0.804,0.161,16
CUS100819,110700,1.0,0.175,14
CUS100820,86300,0.93,0.053,25
CUS100821,195900,1.0,0.09,17
CUS100822,139000,0.929,0.111,20
CUS100823,123200,0.908,0.091,22
CUS100824,125900,0.886,0.211,14
CUS100825,114000,0.727,0.078,17
CUS100826,183700,1.0,0.171,20
CUS100827,70900,1.0,0.025,19
CUS100828,136700,0.915,0.103,21
CUS100829,100800,0.868,0.272,17
CUS100830,68100,0.904,0.087,12
CUS100831,78100,0.931,0.078,19
CUS100832,99800,0.755,0.063,17
CUS100833,54000,0.861,0.225,22
CUS100834,132400,0.911,0.2,23
CUS100835,83600,0.847,0.072,14
CUS100836,113700,0.865,0.035,22
CUS100837,179400,0.903,0.168,22
CUS100838,96600,0.941,0.158,19
CUS100839,181400,0.798,0.143,20
CUS100840,68800,0.883,0.286,15
CUS100841,58700,0.994,0.103,20
CUS100842,73000,0.971,0.194,14
CUS100843,32300,0.97,0.099,15
CUS100844,115200,0.91,0.037,17
CUS100845,50800,0.908,0.093,18
CUS100846,56100,0.938,0.217,23
CUS100847,111500,0.998,0.1,14
CUS100848,94300,0.841,0.042,21
CUS100849,79900,0.923,0.002,18
CUS100850,36200,0.923,0.139,14
CUS100851,143200,1.0,0.066,13
CUS100852,111300,0.957,0.171,18
CUS100853,238000,0.986,0.11,15
CUS100854,67200,0.939,0.13,13
CUS100855,48800,1.0,0.079,18
CUS100856,130600,1.0,0.033,20
CUS100857,73100,0.985,0.529,16
CUS100858,116100,1.0,0.119,23
CUS100859,173700,0.755,0.077,21
CUS100860,106700,0.922,0.127,23
CUS100861,94600,0.97,0.006,23
CUS100862,87500,1.0,0.059,12
CUS100863,41800,0.979,0.111,15
CUS100864,145800,0.908,0.146,20
CUS100865,140000,0.851,0.02,19
CUS100866,103700,0.981,0.335,14
CUS100867,39900,0.869,0.198,11
CUS100868,74700,0.95,0.086,20
CUS100869,171000,1.0,0.003,21
CUS100870,65000,0.87,0.04,16
CUS100871,118900,0.979,0.185,19
CUS100872,92500,0.768,0.153,21
CUS100873,113900,0.869,0.056,29
CUS100874,78800,1.0,0.068,18
CUS100875,86200,0.987,0.021,21
CUS100876,99500,0.803,0.076,15
CUS100877,57100,1.0,0.198,20
CUS100878,87300,0.941,0.174,19
CUS100879,28100,0.986,0.282,17
CUS100880,75800,0.878,0.176,17
CUS100881,125000,0.898,0.125,19
CUS100882,137400,0.95,0.14,22
CUS100883,117100,0.971,0.175,14
CUS100884,43700,1.0,0.013,17
CUS100885,129000,1.0,0.087,17
CUS100886,52700,0.889,0.012,16
CUS100887,110500,0.893,0.03,12
CUS100888,55800,1.0,0.063,23
CUS100889,62600,0.918,0.086,19
CUS100890,61000,1.0,0.023,14
CUS100891,95800,1.0,0.107,26
CUS100892,78100,0.765,0.08,16
CUS100893,99800,1.0,0.444,24
CUS100894,82800,1.0,0.091,16
CUS100895,43600,0.916,0.121,24
CUS100896,100100,1.0,0.101,17
CUS100897,36100,0.961,0.12,16
CUS100898,62800,0.902,0.115,15
CUS100899,72400,0.854,0.106,17
CUS100900,70500,1.0,0.123,16
CUS100901,36700,0.869,0.074,20
CUS100902,161400,0.872,0.378,13
CUS100903,171300,0.773,0.405,22
CUS100904,201100,0.78,0.205,15
CUS100905,143800,0.986,0.073,27
CUS100906,69300,0.964,0.434,18
CUS100907,65200,0.919,0.047,13
CUS100908,68900,1.0,0.154,9
CUS100909,229300,0.938,0.062,30
CUS100910,82000,0.943,0.1,21
CUS100911,149700,0.894,0.256,16
CUS100912,157700,0.847,0.078,19
CUS100913,87300,0.826,0.153,12
CUS100914,44000,0.847,0.268,23
CUS100915,83700,0.874,0.058,23
CUS100916,93400,0.93,0.088,18
CUS100917,167400,0.949,0.188,22
CUS100918,75300,1.0,0.17,21
CUS100919,52700,0.932,0.212,22
CUS100920,118500,1.0,0.055,26
CUS100921,88000,0.858,0.366,16
CUS100922,29700,0.997,0.092,13
CUS100923,105300,0.847,0.143,22
CUS100924,127900,0.808,0.125,22
CUS100925,57800,0.977,0.127,13
CUS100926,78800,0.984,0.089,19
CUS100927,131400,0.923,0.167,17
CUS100928,99000,0.887,0.029,27
CUS100929,42500,0.948,0.049,16
CUS100930,143900,0.756,0.355,17
CUS100931,181000,0.918,0.045,21
CUS100932,68700,0.835,0.236,14
CUS100933,31800,1.0,0.06,20
CUS100934,124600,0.898,0.039,12
CUS100935,56000,0.909,0.066,20
CUS100936,106100,0.703,0.012,22
CUS100937,237800,0.887,0.132,24
CUS100938,44200,0.813,0.08,17
CUS100939,57100,0.895,0.109,21
CUS100940,78900,0.927,0.057,23
CUS100941,188300,0.982,0.085,14
CUS100942,441500,1.0,0.16,21
CUS100943,99100,0.992,0.077,23
CUS100944,44900,0.837,0.012,20
CUS100945,77400,0.887,0.055,11
CUS100946,65000,0.847,0.089,21
CUS100947,125300,0.94,0.051,14
CUS100948,106500,0.884,0.069,20
CUS100949,45500,0.859,0.167,13
CUS100950,58000,0.875,0.401,28
CUS100951,77500,0.949,0.351,23
CUS100952,74200,0.742,0.033,25
CUS100953,79700,1.0,0.017,20
CUS100954,85800,0.889,0.148,20
CUS100955,143700,0.895,0.22,19
CUS100956,66300,0.87,0.035,12
CUS100957,70800,0.965,0.072,23
CUS100958,45700,0.88,0.05,11
CUS100959,86900,0.859,0.045,16
CUS100960,87200,1.0,0.189,25
CUS100961,38900,0.994,0.071,19
CUS100962,77400,0.775,0.071,21
CUS100963,140800,0.914,0.188,10
CUS100964,123900,0.911,0.243,10
CUS100965,108800,1.0,0.051,15
CUS100966,109500,0.915,0.058,11
CUS100967,62800,0.896,0.325,19
CUS100968,71000,1.0,0.095,30
CUS100969,160600,0.762,0.051,15
CUS100970,126500,0.935,0.118,21
CUS100971,63800,0.986,0.153,18
CUS100972,38800,0.799,0.218,23
CUS100973,60800,0.894,0.536,24
CUS100974,113900,0.969,0.151,16
CUS100975,59700,1.0,0.13,13
CUS100976,112000,0.87,0.091,23
CUS100977,174300,0.816,0.119,21
CUS100978,84300,0.865,0.017,20
CUS100979,79500,1.0,0.127,16
CUS100980,101500,0.96,0.195,18
CUS100981,52700,0.992,0.231,27
CUS100982,59500,0.868,0.077,16
CUS100983,110200,0.824,0.136,15
CUS100984,75400,0.989,0.223,22
CUS100985,96600,0.893,0.13,14
CUS100986,93700,0.855,0.039,30
CUS100987,137400,0.833,0.015,22
CUS100988,113700,0.996,0.157,15
CUS100989,110700,0.858,0.125,20
CUS100990,181400,1.0,0.064,16
CUS100991,186000,1.0,0.101,21
CUS100992,263500,0.987,0.111,21
CUS100993,74100,0.969,0.116,20
CUS100994,243300,0.852,0.279,19
CUS100995,41700,0.875,0.026,16
CUS100996,204000,0.935,0.064,10
CUS100997,60100,0.918,0.212,23
CUS100998,94900,0.944,0.055,24
CUS100999,97300,1.0,0.248,23
CUS101000,57000,0.881,0.033,24
CUS101001,92600,0.897,0.115,28
CUS101002,61900,0.886,0.166,20
CUS101003,48100,0.941,0.066,16
CUS101004,82900,1.0,0.026,17
CUS101005,174300,0.856,0.011,22
CUS101006,70100,0.867,0.167,18
CUS101007,119300,0.892,0.15,18
CUS101008,67300,0.994,0.308,12
CUS101009,50600,0.895,0.031,31
CUS101010,101300,0.91,0.069,20
CUS101011,184300,0.923,0.232,18
CUS101012,96100,0.981,0.359,13
CUS101013,126000,0.891,0.186,14
CUS101014,164900,0.93,0.191,18
CUS101015,92900,0.866,0.138,15
CUS101016,68100,1.0,0.254,15
CUS101017,113200,0.981,0.093,15
CUS101018,116900,0.944,0.03,15
CUS101019,47500,0.941,0.018,17
CUS101020,114500,0.928,0.341,16
CUS101021,90200,0.948,0.055,20
CUS101022,64600,0.887,0.084,18
CUS101023,76400,0.764,0.151,15
CUS101024,57800,0.811,0.157,19
CUS101025,42100,0.945,0.071,7
CUS101026,83600,0.913,0.186,25
CUS101027,118300,0.973,0.268,23
CUS101028,70100,1.0,0.112,17
CUS101029,60300,0.817,0.076,22
CUS101030,60500,1.0,0.172,22
CUS101031,105200,0.889,0.004,18
CUS101032,171600,1.0,0.12,18
CUS101033,123400,1.0,0.079,18
CUS101034,167000,0.982,0.265,18
CUS101035,54900,1.0,0.054,17
CUS101036,81600,0.958,0.171,25
CUS101037,137800,1.0,0.123,20
CUS101038,46700,1.0,0.224,24
CUS101039,64200,1.0,0.11,18
CUS101040,132800,0.985,0.131,18
CUS101041,102400,0.929,0.186,17
CUS101042,58600,0.955,0.105,17
CUS101043,39900,0.883,0.096,17
CUS101044,152700,0.908,0.195,19
CUS101045,34600,0.751,0.166,18
CUS101046,122900,0.983,0.001,13
CUS101047,65300,1.0,0.04,24
CUS101048,130600,0.886,0.069,21
CUS101049,48700,1.0,0.276,18
CUS101050,264500,0.892,0.053,10
CUS101051,115400,0.982,0.091,23
CUS101052,106600,0.846,0.151,18
CUS101053,56100,0.888,0.282,19
CUS101054,84600,1.0,0.027,18
CUS101055,73700,0.879,0.224,12
CUS101056,173100,0.955,0.015,19
CUS101057,115600,0.931,0.023,17
CUS101058,118700,0.882,0.07,16
CUS101059,110500,1.0,0.069,16
CUS101060,119200,0.935,0.161,21
CUS101061,53200,0.902,0.062,18
CUS101062,181400,0.995,0.195,18
CUS101063,58000,0.929,0.064,13
CUS101064,83300,0.963,0.04,17
CUS101065,164800,1.0,0.008,9
CUS101066,209100,0.924,0.231,17
CUS101067,116000,0.885,0.082,22
CUS101068,78400,0.87,0.026,21
CUS101069,90300,0.908,0.011,23
CUS101070,97800,0.933,0.075,18
CUS101071,98300,0.85,0.221,21
CUS101072,53200,0.946,0.277,10
CUS101073,165000,0.767,0.182,20
CUS101074,88400,0.987,0.056,20
CUS101075,69400,0.767,0.098,16
CUS101076,72400,0.86,0.296,26
CUS101077,91500,0.937,0.286,21
CUS101078,46400,0.873,0.095,18
CUS101079,140400,0.904,0.068,15
CUS101080,111900,0.91,0.089,13
CUS101081,169500,0.843,0.135,20
CUS101082,85800,0.898,0.387,28
CUS101083,49800,1.0,0.028,15
CUS101084,51200,1.0,0.125,6
CUS101085,79200,0.925,0.082,9
CUS101086,62700,0.993,0.38,18
CUS101087,70000,0.946,0.199,15
CUS101088,94400,1.0,0.066,24
CUS101089,62100,0.908,0.124,25
CUS101090,96800,0.877,0.136,14
CUS101091,67500,0.914,0.115,20
CUS101092,120600,1.0,0.168,18
CUS101093,71200,1.0,0.089,23
CUS101094,163000,0.857,0.06,12
CUS101095,111800,1.0,0.069,18
CUS101096,100100,0.93,0.243,16
CUS101097,77900,0.83,0.108,15
CUS101098,44400,0.989,0.039,17
CUS101099,152500,0.992,0.118,18
CUS101100,68700,0.973,0.116,22
CUS101101,88200,0.817,0.091,19
CUS101102,95500,0.819,0.024,21
CUS101103,75400,0.922,0.085,13
CUS101104,174700,0.77,0.153,14
CUS101105,47500,0.71,0.165,20
CUS101106,199400,0.853,0.039,11
CUS101107,121200,1.0,0.085,12
CUS101108,83000,0.882,0.007,16
CUS101109,77800,0.924,0.086,30
CUS101110,29900,0.932,0.095,21
CUS101111,57000,0.822,0.28,22
CUS101112,74800,0.962,0.005,17
CUS101113,92200,0.864,0.049,14
CUS101114,167900,0.94,0.443,11
CUS101115,214800,1.0,0.139,16
CUS101116,108500,0.938,0.066,24
CUS101117,102400,1.0,0.22,19
CUS101118,64900,0.965,0.034,18
CUS101119,39100,1.0,0.019,20
CUS101120,66200,0.955,0.421,18
CUS101121,85100,0.952,0.225,15
CUS101122,122600,0.869,0.071,14
CUS101123,115600,1.0,0.199,14
CUS101124,100900,0.924,0.072,8
CUS101125,70000,0.869,0.254,15
CUS101126,34500,0.935,0.188,13
CUS101127,40500,0.8,0.139,14
CUS101128,39000,0.951,0.017,26
CUS101129,89800,0.896,0.135,13
CUS101130,137500,0.954,0.302,13
CUS101131,137800,0.832,0.185,21
CUS101132,121700,0.947,0.063,15
CUS101133,63300,0.755,0.018,17
CUS101134,120000,0.981,0.228,16
CUS101135,57800,0.999,0.126,19
CUS101136,126400,0.938,0.182,19
CUS101137,41300,0.802,0.076,18
CUS101138,52800,0.953,0.18,20
CUS101139,183600,0.873,0.102,18
CUS101140,80200,0.907,0.009,27
CUS101141,60100,0.9,0.016,24
CUS101142,123700,0.934,0.052,14
CUS101143,153000,0.861,0.121,18
CUS101144,67400,0.896,0.043,14
CUS101145,94300,0.903,0.111,24
CUS101146,94100,1.0,0.055,25
CUS101147,33900,1.0,0.11,13
CUS101148,47300,0.785,0.04,22
CUS101149,134100,0.894,0.074,25
CUS101150,57400,0.917,0.109,19
CUS101151,120500,1.0,0.11,25
CUS101152,98200,0.969,0.051,17
CUS101153,151500,1.0,0.305,20
CUS101154,51000,0.94,0.141,19
CUS101155,93800,0.834,0.069,22
CUS101156,89400,0.856,0.062,13
CUS101157,65300,0.877,0.206,15
CUS101158,57900,0.984,0.016,13
CUS101159,96100,0.949,0.049,19
CUS101160,120600,1.0,0.046,23
CUS101161,95000,0.812,0.148,14
CUS101162,92800,0.992,0.081,15
CUS101163,70700,0.993,0.063,20
CUS101164,62800,0.944,0.19,14
CUS101165,57900,1.0,0.181,16
CUS101166,71000,0.845,0.116,16
CUS101167,113200,0.863,0.123,18
CUS101168,132400,0.918,0.271,24
CUS101169,46800,0.855,0.29,14
CUS101170,54200,1.0,0.025,16
CUS101171,62200,0.955,0.059,22
CUS101172,90700,0.807,0.077,16
CUS101173,39600,0.886,0.161,15
CUS101174,58600,0.963,0.107,13
CUS101175,50700,0.955,0.06,18
CUS101176,105000,0.852,0.099,26
CUS101177,98400,0.843,0.073,5
CUS101178,72700,0.997,0.093,12
CUS101179,59100,0.828,0.019,26
CUS101180,70300,0.997,0.094,27
CUS101181,67700,1.0,0.129,17
CUS101182,182100,0.857,0.172,17
CUS101183,126400,1.0,0.072,12
CUS101184,60100,0.894,0.014,18
CUS101185,87200,0.872,0.04,18
CUS101186,120700,1.0,0.081,29
CUS101187,65200,0.925,0.244,18
CUS101188,43900,0.923,0.278,21
CUS101189,40000,0.892,0.054,19
CUS101190,154700,0.853,0.022,15
CUS101191,80500,1.0,0.024,19
CUS101192,117900,0.958,0.022,22
CUS101193,74500,1.0,0.167,19
CUS101194,44800,0.974,0.109,21
CUS101195,51900,0.948,0.15,29
CUS101196,52400,0.858,0.169,20
CUS101197,136600,0.776,0.007,24
CUS101198,186600,0.742,0.218,18
CUS101199,88200,1.0,0.201,17
CUS101200,46300,1.0,0.023,19
CUS101201,115400,0.872,0.087,19
CUS101202,154700,1.0,0.217,26
CUS101203,138600,0.882,0.207,14
CUS101204,84500,0.879,0.123,18
CUS101205,91500,0.99,0.064,22
CUS101206,86100,0.947,0.011,21
CUS101207,136300,1.0,0.062,13
CUS101208,112300,0.866,0.052,16
CUS101209,74500,0.997,0.078,19
CUS101210,65100,0.896,0.132,21
CUS101211,68500,0.877,0.158,13
CUS101212,51900,0.94,0.132,22
CUS101213,157900,1.0,0.106,22
CUS101214,56100,0.915,0.042,20
CUS101215,102400,0.908,0.205,14
CUS101216,58500,0.976,0.12,21
CUS101217,70900,0.962,0.038,16
CUS101218,82200,0.933,0.236,25
CUS101219,114000,0.884,0.059,10
CUS101220,69600,0.797,0.1,9
CUS101221,51200,0.954,0.325,17
CUS101222,88600,0.992,0.098,16
CUS101223,64600,0.911,0.132,13
CUS101224,174900,0.922,0.153,19
CUS101225,71300,0.771,0.051,18
CUS101226,71400,0.829,0.358,20
CUS101227,199400,1.0,0.096,16
CUS101228,127200,0.921,0.06,18
CUS101229,57800,0.948,0.121,23
CUS101230,67700,0.945,0.148,16
CUS101231,113700,0.915,0.122,11
CUS101232,84000,0.831,0.023,25
CUS101233,125600,0.963,0.249,18
CUS101234,54100,1.0,0.076,17
CUS101235,119100,0.989,0.241,20
CUS101236,30500,1.0,0.067,23
CUS101237,83800,0.792,0.176,15
CUS101238,58600,0.863,0.061,20
CUS101239,81300,0.974,0.022,19
CUS101240,82100,0.871,0.078,13
CUS101241,132800,0.989,0.062,18
CUS101242,46900,1.0,0.041,27
CUS101243,32700,0.989,0.126,19
CUS101244,56200,0.926,0.07,22
CUS101245,143900,0.878,0.221,18
CUS101246,42400,0.927,0.258,14
CUS101247,70600,0.841,0.107,14
CUS101248,114100,0.996,0.073,15
CUS101249,89800,1.0,0.129,22
CUS101250,159400,0.946,0.097,13
CUS101251,36300,0.865,0.111,15
CUS101252,78100,0.927,0.096,18
CUS101253,140400,1.0,0.111,18
CUS101254,49700,0.789,0.048,15
CUS101255,154000,1.0,0.298,19
CUS101256,68200,0.846,0.195,24
CUS101257,106500,0.939,0.086,15
CUS101258,151300,0.827,0.035,16
CUS101259,99400,0.867,0.055,11
CUS101260,67000,1.0,0.05,18
CUS101261,122300,0.937,0.261,19
CUS101262,62100,0.896,0.124,16
CUS101263,100400,0.931,0.106,23
CUS101264,45600,0.854,0.155,20
CUS101265,84500,0.86,0.016,20
CUS101266,152200,0.908,0.124,16
CUS101267,67400,1.0,0.042,25
CUS101268,133700,1.0,0.159,25
CUS101269,366300,0.944,0.123,23
CUS101270,81200,0.85,0.051,20
CUS101271,111900,0.912,0.049,17
CUS101272,108400,0.964,0.088,20
CUS101273,89400,0.813,0.09,17
CUS101274,130700,0.987,0.025,21
CUS101275,79500,0.865,0.04,14
CUS101276,65900,0.908,0.264,13
CUS101277,47200,0.935,0.239,22
CUS101278,79100,0.968,0.106,20
CUS101279,123500,0.89,0.03,27
CUS101280,65000,0.819,0.023,17
CUS101281,108200,0.804,0.113,15
CUS101282,89800,0.866,0.134,20
CUS101283,66900,0.876,0.004,23
CUS101284,33600,0.887,0.071,13
CUS101285,164900,0.979,0.351,24
CUS101286,124000,0.937,0.169,16
CUS101287,220600,0.943,0.038,16
CUS101288,128600,0.84,0.289,24
CUS101289,155800,0.867,0.24,20
CUS101290,39900,0.87,0.034,20
CUS101291,39900,0.926,0.084,20
CUS101292,90600,0.995,0.031,18
CUS101293,53100,0.997,0.043,16
CUS101294,61400,0.934,0.125,14
CUS101295,310000,0.847,0.029,16
CUS101296,154400,0.901,0.066,17
CUS101297,51500,0.916,0.096,16
CUS101298,30900,0.94,0.036,16
CUS101299,58800,0.937,0.026,14
CUS101300,65100,0.881,0.047,18
CUS101301,80700,0.858,0.105,22
CUS101302,54800,0.925,0.085,12
CUS101303,126200,1.0,0.158,29
CUS101304,68000,0.94,0.173,16
CUS101305,113700,1.0,0.034,12
CUS101306,87100,0.868,0.157,18
CUS101307,133100,0.949,0.007,17
CUS101308,66800,1.0,0.161,10
CUS101309,57500,0.878,0.142,18
CUS101310,61900,0.939,0.25,14
CUS101311,72700,0.957,0.116,17
CUS101312,218400,0.867,0.007,23
CUS101313,89900,0.971,0.014,13
CUS101314,79400,0.901,0.042,23
CUS101315,143100,0.856,0.135,23
CUS101316,89500,0.993,0.105,16
CUS101317,150500,0.817,0.262,20
CUS101318,71100,0.857,0.264,10
CUS101319,70600,0.89,0.021,18
CUS101320,54900,0.98,0.043,12
CUS101321,202300,0.956,0.019,19
CUS101322,89500,0.799,0.168,12
CUS101323,46800,0.854,0.115,22
CUS101324,91500,0.797,0.029,24
CUS101325,66800,0.869,0.133,24
CUS101326,75000,0.956,0.167,19
CUS101327,100000,1.0,0.017,17
CUS101328,166500,1.0,0.06,16
CUS101329,105100,0.836,0.018,25
CUS101330,64800,0.817,0.107,14
CUS101331,67200,0.81,0.375,13
CUS101332,111700,0.869,0.013,20
CUS101333,35800,0.886,0.005,24
CUS101334,60100,0.885,0.141,25
CUS101335,85800,0.79,0.069,22
CUS101336,38600,0.895,0.094,19
CUS101337,75200,0.912,0.076,25
CUS101338,71100,0.876,0.035,20
CUS101339,136700,1.0,0.07,25
CUS101340,73700,0.783,0.107,13
CUS101341,139600,0.928,0.171,18
CUS101342,100800,0.921,0.117,17
CUS101343,223800,0.919,0.167,11
CUS101344,44800,0.917,0.181,19
CUS101345,181500,0.964,0.106,18
CUS101346,65600,0.896,0.011,8
CUS101347,178200,0.94,0.132,29
CUS101348,144600,0.808,0.116,29
CUS101349,32300,0.887,0.019,18
CUS101350,99800,0.94,0.003,21
CUS101351,138600,1.0,0.069,15
CUS101352,147900,0.974,0.086,19
CUS101353,57000,0.963,0.17,20
CUS101354,115900,0.875,0.165,16
CUS101355,93600,0.986,0.066,16
CUS101356,108400,0.792,0.244,13
CUS101357,146600,0.981,0.26,22
CUS101358,136800,0.978,0.169,13
CUS101359,54000,1.0,0.291,18
CUS101360,98200,0.842,0.032,15
CUS101361,86900,0.888,0.201,23
CUS101362,76200,0.918,0.177,22
CUS101363,89100,0.934,0.045,19
CUS101364,115100,0.951,0.143,13
CUS101365,71000,1.0,0.105,19
CUS101366,129700,1.0,0.182,24
CUS101367,156400,0.89,0.332,9
CUS101368,58600,0.912,0.246,20
CUS101369,151800,0.908,0.244,18
CUS101370,52400,0.879,0.033,26
CUS101371,103400,0.913,0.162,17
CUS101372,174900,0.976,0.029,14
CUS101373,82600,0.93,0.179,22
CUS101374,63300,0.884,0.304,26
CUS101375,75000,0.969,0.059,13
CUS101376,109500,0.927,0.215,22
CUS101377,211400,0.772,0.09,19
CUS101378,41100,0.911,0.412,15
CUS101379,81900,0.969,0.099,14
CUS101380,77400,0.961,0.019,18
CUS101381,73800,1.0,0.041,17
CUS101382,78600,0.936,0.131,18
CUS101383,63400,0.854,0.154,25
CUS101384,154800,0.877,0.25,21
CUS101385,154000,0.928,0.055,16
CUS101386,83700,0.795,0.051,12
CUS101387,77000,0.917,0.174,12
CUS101388,61600,0.999,0.12,20
CUS101389,102800,0.837,0.14,15
CUS101390,182700,0.992,0.333,16
CUS101391,78400,0.868,0.079,16
CUS101392,58500,0.857,0.011,18
CUS101393,69500,0.979,0.114,23
CUS101394,125500,1.0,0.111,12
CUS101395,62900,0.952,0.074,23
CUS101396,84800,0.917,0.084,23
CUS101397,104800,0.808,0.444,18
CUS101398,65300,0.853,0.035,13
CUS101399,39400,0.992,0.152,15
CUS101400,52200,0.861,0.028,13
CUS101401,50600,0.799,0.025,21
CUS101402,76600,0.976,0.24,10
CUS101403,88800,1.0,0.374,19
CUS101404,135800,0.912,0.208,11
CUS101405,53000,0.975,0.2,16
CUS101406,103400,0.902,0.032,10
CUS101407,75000,0.82,0.109,22
CUS101408,35200,0.936,0.188,18
CUS101409,81700,0.943,0.072,24
CUS101410,159100,0.885,0.057,16
CUS101411,110100,0.946,0.093,13
CUS101412,84900,0.919,0.093,16
CUS101413,142900,0.913,0.249,14
CUS101414,89100,1.0,0.034,19
CUS101415,111600,0.769,0.108,18
CUS101416,41100,0.906,0.113,22
CUS101417,49000,0.955,0.134,20
CUS101418,122600,0.857,0.143,18
CUS101419,170500,0.879,0.015,12
CUS101420,95100,0.937,0.274,19
CUS101421,69800,0.824,0.261,18
CUS101422,56700,0.745,0.153,16
CUS101423,69300,0.86,0.094,17
CUS101424,149100,0.954,0.086,12
CUS101425,78400,0.937,0.012,19
CUS101426,143100,0.845,0.102,21
CUS101427,127500,0.902,0.079,22
CUS101428,156200,1.0,0.094,17
CUS101429,95000,0.907,0.249,18
CUS101430,77100,0.871,0.109,19
CUS101431,153700,1.0,0.177,21
CUS101432,56400,0.943,0.05,13
CUS101433,65000,0.958,0.028,23
CUS101434,42700,0.792,0.026,18
CUS101435,46100,0.809,0.255,22
CUS101436,232400,0.863,0.019,18
CUS101437,115100,0.887,0.249,18
CUS101438,50100,0.932,0.133,13
CUS101439,134600,0.783,0.041,14
CUS101440,68600,0.924,0.045,11
CUS101441,108800,0.894,0.049,8
CUS101442,122600,1.0,0.147,17
CUS101443,176200,0.813,0.087,18
CUS101444,64000,0.97,0.094,20
CUS101445,67700,0.969,0.117,22
CUS101446,27900,0.984,0.077,18
CUS101447,84300,0.98,0.263,16
CUS101448,118100,0.853,0.158,19
CUS101449,130700,0.852,0.025,22
CUS101450,138400,0.848,0.033,11
CUS101451,85600,0.976,0.35,21
CUS101452,100200,0.864,0.066,16
CUS101453,89800,0.997,0.072,22
CUS101454,105200,0.911,0.244,21
CUS101455,59100,0.935,0.141,9
CUS101456,44800,0.872,0.008,25
CUS101457,54300,0.92,0.128,8
CUS101458,81800,0.877,0.237,13
CUS101459,48900,0.971,0.096,20
CUS101460,68700,1.0,0.024,9
CUS101461,67800,0.897,0.054,12
CUS101462,119000,0.927,0.058,23
CUS101463,125300,0.912,0.182,21
CUS101464,84700,0.947,0.127,19
CUS101465,94000,0.859,0.21,20
CUS101466,101600,0.78,0.112,14
CUS101467,68000,0.898,0.061,21
CUS101468,70000,0.895,0.224,18
CUS101469,178700,0.998,0.04,22
CUS101470,30200,0.972,0.371,21
CUS101471,61400,0.968,0.04,18
CUS101472,79200,0.949,0.184,24
CUS101473,116000,0.887,0.152,23
CUS101474,165100,0.91,0.275,13
CUS101475,234300,0.868,0.233,12
CUS101476,81600,1.0,0.156,22
CUS101477,99500,0.917,0.163,20
CUS101478,94000,0.971,0.228,16
CUS101479,61200,0.888,0.216,13
CUS101480,50400,0.853,0.045,22
CUS101481,85700,0.914,0.283,17
CUS101482,123200,0.89,0.127,25
CUS101483,85800,0.918,0.055,22
CUS101484,100500,0.936,0.019,18
CUS101485,32000,0.959,0.098,17
CUS101486,79200,0.935,0.194,12
CUS101487,71300,0.86,0.031,15
CUS101488,53200,0.958,0.105,17
CUS101489,104800,0.841,0.178,20
CUS101490,211200,0.966,0.224,22
CUS101491,143400,0.966,0.042,20
CUS101492,155200,0.931,0.062,17
CUS101493,121900,0.988,0.14,26
CUS101494,111700,0.824,0.065,23
CUS101495,40300,0.89,0.158,18
CUS101496,90300,0.821,0.06,10
CUS101497,103300,0.761,0.289,24
CUS101498,114300,0.782,0.05,19
CUS101499,161900,1.0,0.043,23
CUS101500,48300,0.887,0.103,22
CUS101501,118700,0.888,0.14,16
CUS101502,62100,1.0,0.078,12
CUS101503,94400,0.942,0.173,15
CUS101504,77700,0.87,0.06,16
CUS101505,120700,1.0,0.252,30
CUS101506,130300,0.893,0.221,16
CUS101507,90100,1.0,0.074,16
CUS101508,34500,0.948,0.139,22
CUS101509,92000,0.92,0.105,13
CUS101510,85300,1.0,0.185,23
CUS101511,146400,0.924,0.096,18
CUS101512,125700,0.771,0.02,12
CUS101513,60800,1.0,0.102,21
CUS101514,111000,0.909,0.025,21
CUS101515,150200,0.968,0.102,16
CUS101516,106600,1.0,0.107,21
CUS101517,105200,0.896,0.214,17
CUS101518,106300,1.0,0.379,24
CUS101519,179200,1.0,0.114,16
CUS101520,55300,0.983,0.186,22
CUS101521,47400,0.916,0.358,16
CUS101522,138600,0.97,0.269,28
CUS101523,36900,0.965,0.059,13
CUS101524,113600,0.969,0.218,21
CUS101525,95000,0.954,0.396,18
CUS101526,27700,0.803,0.109,15
CUS101527,65800,0.99,0.092,12
CUS101528,180900,0.987,0.234,15
CUS101529,47700,0.733,0.116,18
CUS101530,110000,0.897,0.375,17
CUS101531,60600,0.955,0.018,12
CUS101532,68800,1.0,0.137,12
CUS101533,201000,1.0,0.107,13
CUS101534,99300,1.0,0.083,17
CUS101535,118800,0.979,0.116,27
CUS101536,87400,0.957,0.293,16
CUS101537,48800,0.819,0.065,22
CUS101538,51400,0.848,0.129,11
CUS101539,134100,1.0,0.076,12
CUS101540,100900,0.941,0.155,25
CUS101541,65300,1.0,0.024,18
CUS101542,86700,0.946,0.046,13
CUS101543,111400,0.84,0.037,14
CUS101544,106400,0.861,0.132,21
CUS101545,67300,0.863,0.141,13
CUS101546,48400,0.913,0.087,10
CUS101547,71700,0.981,0.152,16
CUS101548,130700,1.0,0.137,17
CUS101549,120000,0.877,0.058,14
CUS101550,105700,1.0,0.254,22
CUS101551,74400,1.0,0.094,20
CUS101552,60200,0.963,0.09,15
CUS101553,91500,1.0,0.123,22
CUS101554,130000,0.87,0.089,22
CUS101555,131600,0.839,0.151,21
CUS101556,78700,0.86,0.055,15
CUS101557,283400,1.0,0.018,21
CUS101558,86300,0.839,0.015,12
CUS101559,70900,0.83,0.394,16
CUS101560,148600,0.971,0.148,20
CUS101561,35900,0.812,0.257,11
CUS101562,108500,0.981,0.073,21
CUS101563,68700,0.882,0.086,18
CUS101564,193500,0.845,0.184,16
CUS101565,107600,0.917,0.105,15
CUS101566,84300,0.917,0.096,15
CUS101567,127300,0.787,0.128,18
CUS101568,46600,0.812,0.184,18
CUS101569,155900,0.944,0.062,13
CUS101570,48100,0.987,0.066,12
CUS101571,99300,1.0,0.098,19
CUS101572,91100,0.866,0.38,21
CUS101573,38700,0.972,0.196,12
CUS101574,90400,0.885,0.082,27
CUS101575,105000,0.972,0.091,15
CUS101576,63900,0.917,0.061,16
CUS101577,58600,0.812,0.102,14
CUS101578,112600,0.905,0.171,12
CUS101579,106100,0.999,0.093,23
CUS101580,91400,0.951,0.114,23
CUS101581,78300,0.959,0.196,18
CUS101582,68300,0.926,0.165,12
CUS101583,257700,0.745,0.021,24
CUS101584,67500,0.98,0.112,20
CUS101585,60600,1.0,0.087,13
CUS101586,100100,0.976,0.182,23
CUS101587,83800,1.0,0.068,24
CUS101588,81900,0.942,0.192,24
CUS101589,222700,0.84,0.132,16
CUS101590,56900,1.0,0.061,16
CUS101591,96100,0.989,0.066,18
CUS101592,58200,0.924,0.149,13
CUS101593,66600,0.789,0.107,16
CUS101594,187500,0.955,0.117,11
CUS101595,109600,0.892,0.03,21
CUS101596,103200,0.849,0.215,11
CUS101597,56500,0.957,0.074,17
CUS101598,63300,1.0,0.077,13
CUS101599,214100,0.971,0.046,24
CUS101600,119200,1.0,0.065,17
CUS101601,78600,0.886,0.071,12
CUS101602,111200,0.963,0.141,10
CUS101603,96200,0.86,0.265,16
CUS101604,61100,0.927,0.186,15
CUS101605,72700,0.906,0.074,24
CUS101606,261700,1.0,0.046,10
CUS101607,97700,0.822,0.379,13
CUS101608,43900,0.852,0.238,9
CUS101609,102800,0.821,0.14,15
CUS101610,159800,0.97,0.043,16
CUS101611,58800,0.83,0.22,19
CUS101612,59700,0.898,0.197,18
CUS101613,140600,0.968,0.218,21
CUS101614,88300,0.883,0.158,20
CUS101615,86300,0.961,0.01,20
CUS101616,46300,0.899,0.091,13
CUS101617,136200,0.929,0.177,28
CUS101618,74600,0.853,0.036,27
CUS101619,26800,0.787,0.19,20
CUS101620,39100,0.818,0.246,17
CUS101621,80300,0.912,0.069,12
CUS101622,45500,0.925,0.06,23
CUS101623,55200,0.882,0.044,13
CUS101624,254700,0.938,0.064,17
CUS101625,104800,0.966,0.155,16
CUS101626,30700,0.911,0.138,20
CUS101627,77400,0.92,0.064,18
CUS101628,77800,1.0,0.134,21
CUS101629,40300,0.926,0.186,19
CUS101630,128300,0.888,0.073,15
CUS101631,31500,1.0,0.064,23
CUS101632,125200,0.923,0.25,15
CUS101633,166000,0.934,0.022,16
CUS101634,239900,0.925,0.248,18
CUS101635,39500,0.928,0.035,17
CUS101636,45900,0.963,0.141,19
CUS101637,112600,0.907,0.293,22
CUS101638,147400,0.932,0.137,12
CUS101639,120300,0.963,0.191,16
CUS101640,149800,0.887,0.004,25
CUS101641,166800,0.977,0.036,16
CUS101642,75400,0.882,0.008,18
CUS101643,69200,0.853,0.046,20
CUS101644,44200,0.822,0.055,20
CUS101645,72000,1.0,0.117,18
CUS101646,83400,0.967,0.263,15
CUS101647,59700,0.871,0.048,18
CUS101648,93200,0.964,0.119,13
CUS101649,65300,0.955,0.025,15
CUS101650,145100,1.0,0.034,17
CUS101651,105300,1.0,0.142,24
CUS101652,67100,0.998,0.118,22
CUS101653,89200,0.84,0.048,18
CUS101654,56700,0.812,0.158,9
CUS101655,53000,0.774,0.281,12
CUS101656,66500,0.905,0.17,11
CUS101657,76200,0.809,0.072,18
CUS101658,85700,0.888,0.024,18
CUS101659,89000,0.893,0.19,20
CUS101660,44800,0.89,0.134,23
CUS101661,84400,0.824,0.067,13
CUS101662,63500,0.818,0.154,13
CUS101663,30600,0.923,0.084,16
CUS101664,377400,1.0,0.012,20
CUS101665,60200,0.785,0.01,17
CUS101666,56600,0.94,0.139,14
CUS101667,51300,1.0,0.029,20
CUS101668,51300,0.91,0.099,17
CUS101669,74800,0.968,0.293,23
CUS101670,150400,0.98,0.085,19
CUS101671,74200,0.838,0.202,18
CUS101672,80600,0.995,0.277,16
CUS101673,150400,0.914,0.332,17
CUS101674,61600,0.875,0.146,16
CUS101675,98000,0.919,0.058,8
CUS101676,50700,0.917,0.206,16
CUS101677,187800,1.0,0.035,19
CUS101678,138300,0.823,0.023,21
CUS101679,90400,1.0,0.136,18
CUS101680,71300,0.936,0.051,19
CUS101681,74100,0.822,0.059,19
CUS101682,79600,1.0,0.032,18
CUS101683,44700,1.0,0.086,18
CUS101684,154200,1.0,0.131,20
CUS101685,71400,0.872,0.142,20
CUS101686,178800,0.893,0.103,19
CUS101687,100300,1.0,0.136,19
CUS101688,31600,0.862,0.027,22
CUS101689,44200,0.916,0.221,26
CUS101690,32400,0.984,0.067,16
CUS101691,47400,1.0,0.07,21
CUS101692,44300,0.842,0.137,11
CUS101693,110000,0.854,0.09,20
CUS101694,71100,0.862,0.089,18
CUS101695,139400,0.887,0.083,22
CUS101696,85500,0.928,0.154,14
CUS101697,71700,0.918,0.065,15
CUS101698,187800,0.798,0.176,23
CUS101699,98700,0.963,0.047,12
CUS101700,93400,0.923,0.149,30
CUS101701,62600,0.931,0.136,17
CUS101702,47500,0.833,0.043,15
CUS101703,132600,0.954,0.112,30
CUS101704,115700,0.944,0.131,12
CUS101705,168000,1.0,0.102,19
CUS101706,102300,0.827,0.193,16
CUS101707,79600,0.828,0.103,23
CUS101708,114000,0.783,0.093,15
CUS101709,88300,0.991,0.004,17
CUS101710,130000,1.0,0.22,20
CUS101711,155600,0.941,0.086,30
CUS101712,75000,1.0,0.011,35
CUS101713,220700,0.955,0.089,18
CUS101714,149900,0.872,0.035,23
CUS101715,87400,0.869,0.102,15
CUS101716,104400,1.0,0.179,19
CUS101717,98300,0.909,0.058,14
CUS101718,70500,0.954,0.005,9
CUS101719,192100,0.915,0.308,15
CUS101720,109600,1.0,0.076,22
CUS101721,67000,0.892,0.105,13
CUS101722,59300,0.834,0.013,22
CUS101723,64500,0.872,0.213,22
CUS101724,113000,0.937,0.008,17
CUS101725,72700,0.947,0.169,15
CUS101726,98600,0.924,0.264,16
CUS101727,126100,0.985,0.181,16
CUS101728,217700,0.878,0.234,25
CUS101729,73400,0.893,0.195,12
CUS101730,45100,0.902,0.12,12
CUS101731,201500,0.725,0.035,23
CUS101732,45300,1.0,0.291,11
CUS101733,35900,0.92,0.112,18
CUS101734,201900,0.87,0.369,25
CUS101735,134200,0.989,0.05,14
CUS101736,95300,0.978,0.115,16
CUS101737,84800,0.766,0.176,22
CUS101738,74700,0.936,0.145,20
CUS101739,65100,1.0,0.094,14
CUS101740,81000,0.878,0.227,11
CUS101741,92600,0.827,0.027,22
CUS101742,51900,0.881,0.055,27
CUS101743,49300,0.824,0.06,22
CUS101744,29300,0.888,0.062,9
CUS101745,82200,0.838,0.106,14
CUS101746,91800,0.835,0.421,13
CUS101747,192100,0.906,0.072,22
CUS101748,113200,0.983,0.067,24
CUS101749,63500,0.99,0.045,17
CUS101750,75000,1.0,0.056,15
CUS101751,102000,1.0,0.09,13
CUS101752,94100,0.896,0.267,18
CUS101753,115700,0.967,0.164,22
CUS101754,112900,0.949,0.083,23
CUS101755,81700,0.877,0.107,21
CUS101756,72900,0.862,0.036,19
CUS101757,65300,0.892,0.011,20
CUS101758,53000,0.841,0.153,16
CUS101759,54600,0.848,0.107,15
CUS101760,195600,0.835,0.116,20
CUS101761,115900,0.96,0.003,15
CUS101762,73900,1.0,0.074,15
CUS101763,77000,0.962,0.102,24
CUS101764,96600,1.0,0.064,14
CUS101765,137200,0.847,0.007,20
CUS101766,134000,0.874,0.08,13
CUS101767,128400,0.994,0.288,18
CUS101768,57200,0.916,0.372,14
CUS101769,96400,0.874,0.139,16
CUS101770,74700,0.969,0.042,24
CUS101771,90300,0.933,0.211,17
CUS101772,132900,1.0,0.021,16
CUS101773,111100,0.839,0.022,20
CUS101774,182300,1.0,0.31,15
CUS101775,74000,0.75,0.326,14
CUS101776,60500,0.858,0.033,17
CUS101777,110300,1.0,0.329,25
CUS101778,93600,0.76,0.181,19
CUS101779,82400,1.0,0.096,13
CUS101780,92100,0.918,0.229,16
CUS101781,69600,0.874,0.085,16
CUS101782,80800,1.0,0.051,18
CUS101783,145200,0.919,0.034,20
CUS101784,145600,1.0,0.264,20
CUS101785,70000,0.843,0.092,15
CUS101786,98400,0.914,0.067,21
CUS101787,185900,0.904,0.072,12
CUS101788,71800,0.856,0.009,21
CUS101789,62900,0.944,0.173,17
CUS101790,126500,1.0,0.083,18
CUS101791,110000,1.0,0.065,16
CUS101792,60000,0.97,0.043,15
CUS101793,48700,0.873,0.199,19
CUS101794,91800,0.834,0.085,17
CUS101795,63400,0.845,0.092,20
CUS101796,41000,0.819,0.124,20
CUS101797,66700,0.997,0.428,20
CUS101798,116000,0.873,0.231,19
CUS101799,87800,0.75,0.088,13
CUS101800,196600,0.874,0.371,19
CUS101801,32800,0.884,0.051,29
CUS101802,156900,0.972,0.149,20
CUS101803,66400,0.912,0.024,16
CUS101804,66200,0.678,0.114,14
CUS101805,47100,0.826,0.06,23
CUS101806,105700,0.91,0.12,18
CUS101807,41300,0.979,0.149,23
CUS101808,116200,0.997,0.056,13
CUS101809,45900,0.807,0.587,18
CUS101810,47800,0.853,0.007,15
CUS101811,53300,0.86,0.348,19
CUS101812,64300,0.835,0.13,22
CUS101813,114900,1.0,0.134,17
CUS101814,179700,0.898,0.137,25
CUS101815,69200,1.0,0.166,13
CUS101816,81300,1.0,0.183,28
CUS101817,107000,0.982,0.427,14
CUS101818,76700,0.861,0.084,13
CUS101819,112600,0.895,0.213,12
CUS101820,98100,0.85,0.044,16
CUS101821,72600,0.837,0.14,18
CUS101822,46400,0.81,0.04,17
CUS101823,91500,0.861,0.19,21
CUS101824,117800,0.885,0.064,20
CUS101825,60400,0.978,0.071,12
CUS101826,32000,0.897,0.034,13
CUS101827,80800,1.0,0.156,15
CUS101828,167700,0.706,0.055,19
CUS101829,145900,0.943,0.161,15
CUS101830,64300,0.918,0.098,24
CUS101831,113100,0.992,0.077,23
CUS101832,123100,0.792,0.126,21
CUS101833,159600,0.859,0.155,19
CUS101834,45200,1.0,0.029,16
CUS101835,53100,0.827,0.089,22
CUS101836,38700,0.746,0.24,15
CUS101837,61100,0.893,0.078,23
CUS101838,142900,0.916,0.17,17
CUS101839,68400,0.8,0.042,12
CUS101840,48400,0.942,0.015,22
CUS101841,97600,0.986,0.321,15
CUS101842,100100,1.0,0.063,18
CUS101843,50900,0.953,0.118,14
CUS101844,64000,0.814,0.133,20
CUS101845,88500,0.882,0.024,16
CUS101846,111300,0.869,0.266,17
CUS101847,64500,1.0,0.268,21
CUS101848,63800,0.724,0.144,21
CUS101849,197500,0.9,0.287,9
CUS101850,74900,0.836,0.08,21
CUS101851,92300,0.789,0.093,21
CUS101852,112100,1.0,0.218,26
CUS101853,38600,0.945,0.116,11
CUS101854,81400,0.839,0.02,12
CUS101855,40900,0.779,0.129,19
CUS101856,89600,0.85,0.074,20
CUS101857,169800,0.933,0.049,16
CUS101858,54400,0.86,0.142,22
CUS101859,38100,0.884,0.095,16
CUS101860,196700,0.779,0.067,27
CUS101861,51900,0.793,0.117,11
CUS101862,46000,1.0,0.047,32
CUS101863,179200,1.0,0.206,17
CUS101864,51600,0.88,0.085,15
CUS101865,164600,1.0,0.056,15
CUS101866,102300,0.967,0.018,17
CUS101867,166800,0.697,0.161,16
CUS101868,93400,0.853,0.098,15
CUS101869,144700,0.844,0.186,11
CUS101870,58000,0.798,0.19,16
CUS101871,58700,0.979,0.142,13
CUS101872,33800,0.802,0.293,18
CUS101873,149000,0.917,0.181,20
CUS101874,98100,1.0,0.118,14
CUS101875,49500,0.877,0.159,20
CUS101876,45700,1.0,0.021,21
CUS101877,91100,0.918,0.21,13
CUS101878,175200,0.675,0.149,15
CUS101879,74000,0.909,0.167,21
CUS101880,64500,0.795,0.191,24
CUS101881,62700,0.94,0.07,13
CUS101882,153300,0.992,0.156,14
CUS101883,63700,0.892,0.027,18
CUS101884,76500,0.867,0.045,13
CUS101885,138200,1.0,0.108,19
CUS101886,105400,0.991,0.131,22
CUS101887,74100,1.0,0.195,17
CUS101888,53400,0.891,0.217,20
CUS101889,159400,0.955,0.016,22
CUS101890,45400,0.996,0.032,10
CUS101891,81200,1.0,0.062,24
CUS101892,48900,0.946,0.101,12
CUS101893,126800,0.833,0.324,22
CUS101894,74500,0.934,0.058,16
CUS101895,64100,0.874,0.028,18
CUS101896,131300,0.866,0.045,20
CUS101897,44800,0.866,0.032,20
CUS101898,115400,1.0,0.214,20
CUS101899,82200,0.94,0.19,20
CUS101900,48600,0.873,0.039,24
CUS101901,53700,0.929,0.017,18
CUS101902,61900,0.894,0.008,20
CUS101903,74700,1.0,0.01,26
CUS101904,45900,0.905,0.172,18
CUS101905,102600,1.0,0.086,11
CUS101906,48400,0.778,0.252,26
CUS101907,28900,1.0,0.04,12
CUS101908,216700,1.0,0.043,17
CUS101909,107100,1.0,0.139,23
CUS101910,193100,0.985,0.116,15
CUS101911,57400,0.911,0.317,13
CUS101912,91400,0.928,0.3,18
CUS101913,115600,1.0,0.241,16
CUS101914,75700,0.883,0.435,24
CUS101915,46700,0.948,0.191,18
CUS101916,62700,0.94,0.234,17
CUS101917,104100,0.903,0.054,23
CUS101918,121600,0.838,0.167,19
CUS101919,86800,0.937,0.435,20
CUS101920,139700,0.722,0.042,14
CUS101921,113900,0.957,0.017,18
CUS101922,69500,0.883,0.059,21
CUS101923,41700,0.889,0.268,15
CUS101924,81200,0.942,0.208,17
CUS101925,66900,0.923,0.206,15
CUS101926,92300,0.808,0.129,21
CUS101927,161800,0.927,0.016,21
CUS101928,117600,0.996,0.079,21
CUS101929,161600,1.0,0.161,18
CUS101930,57500,0.883,0.149,23
CUS101931,134000,1.0,0.036,14
CUS101932,180800,0.861,0.053,26
CUS101933,97700,0.914,0.084,17
CUS101934,241800,0.883,0.139,19
CUS101935,61800,0.993,0.111,25
CUS101936,66600,0.88,0.071,12
CUS101937,119900,0.935,0.179,19
CUS101938,84400,1.0,0.057,26
CUS101939,53200,1.0,0.094,11
CUS101940,103000,0.895,0.075,18
CUS101941,98600,0.959,0.02,19
CUS101942,63700,1.0,0.197,21
CUS101943,98700,0.971,0.113,15
CUS101944,117500,0.94,0.299,17
CUS101945,69500,0.934,0.167,20
CUS101946,102900,0.88,0.179,17
CUS101947,67200,1.0,0.051,18
CUS101948,59100,0.944,0.166,20
CUS101949,156700,0.903,0.037,13
CUS101950,103200,0.864,0.209,13
CUS101951,38200,0.911,0.141,12
CUS101952,73000,0.809,0.012,20
CUS101953,109700,0.984,0.129,18
CUS101954,101900,0.895,0.199,19
CUS101955,110500,0.903,0.108,13
CUS101956,105700,1.0,0.116,23
CUS101957,79700,1.0,0.185,16
CUS101958,82400,0.834,0.221,18
CUS101959,134300,1.0,0.241,25
CUS101960,101300,0.915,0.051,15
CUS101961,102400,0.966,0.059,12
CUS101962,94300,0.796,0.022,16
CUS101963,57600,0.987,0.151,27
CUS101964,79000,0.87,0.084,17
CUS101965,135100,0.799,0.231,19
CUS101966,130900,0.804,0.083,20
CUS101967,59700,0.967,0.145,17
CUS101968,95000,0.907,0.009,19
CUS101969,120500,0.688,0.081,21
CUS101970,114200,0.884,0.249,15
CUS101971,89200,0.811,0.04,17
CUS101972,53000,0.808,0.262,19
CUS101973,51000,0.972,0.035,13
CUS101974,115300,0.855,0.102,18
CUS101975,189600,0.942,0.046,19
CUS101976,42000,0.812,0.117,17
CUS101977,81300,0.94,0.339,20
CUS101978,122100,0.856,0.271,23
CUS101979,32800,0.853,0.075,21
CUS101980,57600,0.956,0.107,16
CUS101981,87600,0.965,0.089,17
CUS101982,60400,0.831,0.052,17
CUS101983,105900,0.925,0.032,12
CUS101984,185100,0.768,0.083,15
CUS101985,59500,0.939,0.098,17
CUS101986,98600,0.851,0.183,15
CUS101987,75100,0.969,0.062,16
CUS101988,89300,0.901,0.041,16
CUS101989,98000,0.99,0.024,24
CUS101990,298100,0.859,0.149,14
CUS101991,190900,0.932,0.165,13
CUS101992,42400,0.816,0.055,14
CUS101993,57600,0.852,0.201,21
CUS101994,70400,0.997,0.061,23
CUS101995,58100,0.905,0.023,22
CUS101996,49000,0.934,0.201,15
CUS101997,81700,0.934,0.046,14
CUS101998,59300,0.868,0.253,12
CUS101999,62500,1.0,0.156,18
CUS102000,212000,1.0,0.148,17
CUS102001,62000,0.789,0.004,15
CUS102002,73000,0.871,0.02,17
CUS102003,107100,0.765,0.143,19
CUS102004,70100,0.88,0.466,16
CUS102005,47200,0.857,0.035,21
CUS102006,70500,1.0,0.266,17
CUS102007,210400,0.85,0.168,17
CUS102008,71500,0.903,0.017,24
CUS102009,58900,0.99,0.077,20
CUS102010,107800,0.996,0.086,14
CUS102011,77100,0.947,0.171,22
CUS102012,274200,0.957,0.371,26
CUS102013,59000,1.0,0.294,24
CUS102014,179800,0.944,0.083,18
CUS102015,146800,0.848,0.158,10
CUS102016,77800,1.0,0.143,17
CUS102017,97300,1.0,0.163,25
CUS102018,53000,0.865,0.27,14
CUS102019,69600,0.857,0.003,14
CUS102020,84700,0.939,0.064,19
CUS102021,96700,0.943,0.082,24
CUS102022,48500,0.865,0.111,20
CUS102023,93300,0.946,0.129,22
CUS102024,77000,0.96,0.497,18
CUS102025,103300,0.867,0.088,10
CUS102026,122700,0.891,0.338,18
CUS102027,73700,0.971,0.132,24
CUS102028,120300,0.825,0.105,15
CUS102029,85800,0.9,0.035,9
CUS102030,113600,0.805,0.304,18
CUS102031,97200,0.8,0.175,16
CUS102032,78600,1.0,0.195,13
CUS102033,85200,0.871,0.254,17
CUS102034,181500,0.946,0.111,14
CUS102035,78300,0.923,0.147,22
CUS102036,48100,0.864,0.18,28
CUS102037,73900,0.819,0.101,23
CUS102038,66900,1.0,0.091,26
CUS102039,77500,0.918,0.265,16
CUS102040,83000,0.704,0.169,19
CUS102041,53300,1.0,0.131,16
CUS102042,84900,0.846,0.179,14
CUS102043,72800,0.987,0.116,15
CUS102044,138600,0.996,0.187,17
CUS102045,54600,0.869,0.112,27
CUS102046,82900,0.91,0.228,19
CUS102047,62000,0.846,0.009,17
CUS102048,199900,0.899,0.266,14
CUS102049,146600,0.915,0.187,21
CUS102050,37000,0.956,0.028,13
CUS102051,57700,0.872,0.074,15
CUS102052,128400,0.915,0.276,17
CUS102053,109500,0.979,0.079,20
CUS102054,106900,0.792,0.147,16
CUS102055,94700,0.989,0.012,15
CUS102056,121800,0.999,0.189,14
CUS102057,132600,0.881,0.147,17
CUS102058,74600,0.913,0.04,15
CUS102059,49500,0.783,0.049,21
CUS102060,39600,1.0,0.172,13
CUS102061,82700,0.982,0.185,18
CUS102062,36800,0.828,0.293,20
CUS102063,97100,0.803,0.014,19
CUS102064,76700,0.969,0.096,22
CUS102065,223700,0.876,0.15,13
CUS102066,94200,0.881,0.06,14
CUS102067,84100,0.957,0.058,17
CUS102068,44100,1.0,0.272,16
CUS102069,51000,0.959,0.056,24
CUS102070,111100,0.847,0.143,18
CUS102071,76600,0.843,0.159,20
CUS102072,238100,0.908,0.124,15
CUS102073,92000,0.992,0.153,19
CUS102074,91600,0.944,0.277,24
CUS102075,45200,0.936,0.015,9
CUS102076,141000,0.954,0.088,27
CUS102077,55100,0.952,0.157,20
CUS102078,103700,0.852,0.08,17
CUS102079,111300,0.932,0.06,17
CUS102080,92400,1.0,0.077,15
CUS102081,206800,0.832,0.042,14
CUS102082,69300,0.904,0.178,22
CUS102083,171400,0.817,0.15,17
CUS102084,40300,0.997,0.384,16
CUS102085,123700,0.921,0.126,15
CUS102086,80800,0.829,0.117,25
CUS102087,68400,0.877,0.031,12
CUS102088,42300,0.953,0.099,17
CUS102089,71800,0.911,0.023,18
CUS102090,74600,0.844,0.272,21
CUS102091,90700,0.971,0.224,22
CUS102092,128200,0.94,0.078,16
CUS102093,64600,0.992,0.288,19
CUS102094,177100,1.0,0.09,23
CUS102095,68500,0.727,0.057,7
CUS102096,105800,0.756,0.115,19
CUS102097,80300,0.862,0.071,18
CUS102098,84900,0.875,0.224,20
CUS102099,99600,0.953,0.124,14
CUS102100,59000,0.817,0.124,19
CUS102101,80300,1.0,0.018,18
CUS102102,44700,0.93,0.149,17
CUS102103,69600,0.763,0.365,16
CUS102104,54300,0.909,0.083,9
CUS102105,115500,0.9,0.01,14
CUS102106,80500,0.887,0.182,18
CUS102107,63700,0.965,0.049,18
CUS102108,99200,1.0,0.127,19
CUS102109,101400,0.819,0.293,21
CUS102110,59600,0.967,0.2,19
CUS102111,101000,0.917,0.265,17
CUS102112,77000,0.885,0.167,18
CUS102113,62300,0.856,0.366,17
CUS102114,72700,0.92,0.064,20
CUS102115,132400,0.988,0.101,12
CUS102116,57800,0.885,0.166,9
CUS102117,85600,0.964,0.6,14
CUS102118,46900,0.913,0.059,19
CUS102119,150100,0.862,0.135,12
CUS102120,68200,0.819,0.12,21
CUS102121,111900,0.94,0.004,18
CUS102122,90000,0.906,0.218,23
CUS102123,112500,0.879,0.143,19
CUS102124,110200,0.862,0.131,20
CUS102125,80200,0.95,0.032,15
CUS102126,41800,0.888,0.089,16
CUS102127,131600,0.963,0.147,14
CUS102128,74800,1.0,0.035,14
CUS102129,98500,0.988,0.039,18
CUS102130,128700,0.991,0.23,16
CUS102131,75700,0.828,0.219,20
CUS102132,92900,0.806,0.147,17
CUS102133,61600,0.902,0.395,20
CUS102134,104900,0.955,0.002,16
CUS102135,79400,0.887,0.243,19
CUS102136,65300,0.846,0.022,22
CUS102137,87600,0.949,0.185,24
CUS102138,53900,1.0,0.169,24
CUS102139,94800,0.652,0.073,15
CUS102140,97400,0.964,0.055,11
CUS102141,93800,1.0,0.055,27
CUS102142,175900,0.889,0.208,19
CUS102143,84900,0.755,0.234,26
CUS102144,89100,0.911,0.232,19
CUS102145,50000,0.94,0.283,17
CUS102146,172100,0.87,0.182,18
CUS102147,44700,0.906,0.118,14
CUS102148,87300,1.0,0.152,12
CUS102149,64800,0.951,0.059,26
CUS102150,85500,0.826,0.034,21
CUS102151,46800,1.0,0.073,14
CUS102152,123900,0.875,0.086,29
CUS102153,59100,1.0,0.265,16
CUS102154,132100,0.815,0.187,23
CUS102155,49600,0.981,0.381,20
CUS102156,142900,0.873,0.213,19
CUS102157,63300,0.991,0.047,22
CUS102158,65700,0.816,0.295,9
CUS102159,96000,0.958,0.07,13
CUS102160,67100,0.965,0.197,16
CUS102161,52800,0.86,0.081,12
CUS102162,67000,0.843,0.31,23
CUS102163,97000,0.772,0.349,18
CUS102164,92500,0.788,0.046,28
CUS102165,89900,0.978,0.012,25
CUS102166,77700,0.762,0.169,15
CUS102167,95400,0.801,0.164,25
CUS102168,125300,0.929,0.054,23
CUS102169,111000,0.783,0.026,15
CUS102170,80800,0.956,0.047,15
CUS102171,52000,0.989,0.189,18
CUS102172,34400,1.0,0.09,18
CUS102173,100400,0.956,0.028,17
CUS102174,37900,0.812,0.017,19
CUS102175,86500,0.912,0.054,18
CUS102176,160600,0.931,0.054,33
CUS102177,49000,1.0,0.014,10
CUS102178,54400,1.0,0.158,14
CUS102179,110200,1.0,0.216,18
CUS102180,28200,0.813,0.595,17
CUS102181,116900,0.823,0.129,21
CUS102182,176400,0.952,0.244,19
CUS102183,59500,0.868,0.252,20
CUS102184,51300,0.87,0.167,16
CUS102185,112400,0.948,0.352,15
CUS102186,48800,0.741,0.242,19
CUS102187,121400,0.806,0.116,14
CUS102188,58900,0.928,0.159,20
CUS102189,166900,0.956,0.028,19
CUS102190,117800,0.934,0.119,14
CUS102191,88100,0.851,0.098,20
CUS102192,194700,1.0,0.249,15
CUS102193,137900,0.85,0.102,15
CUS102194,105300,0.94,0.079,15
CUS102195,43700,0.811,0.148,16
CUS102196,66900,0.931,0.119,20
CUS102197,139700,0.914,0.115,12
CUS102198,54200,0.941,0.122,15
CUS102199,58600,0.881,0.191,14
CUS102200,51100,0.986,0.101,14
CUS102201,120200,0.971,0.24,23
CUS102202,135000,0.94,0.028,18
CUS102203,138000,0.849,0.022,19
CUS102204,59100,0.865,0.104,13
CUS102205,105900,0.949,0.247,18
CUS102206,56400,0.744,0.11,16
CUS102207,80800,0.983,0.098,15
CUS102208,109400,0.977,0.084,20
CUS102209,148400,1.0,0.122,22
CUS102210,28100,0.964,0.086,14
CUS102211,94300,0.893,0.235,11
CUS102212,175600,0.921,0.036,18
CUS102213,99800,0.799,0.173,21
CUS102214,86000,0.969,0.04,10
CUS102215,69900,0.815,0.12,15
CUS102216,166000,0.807,0.025,20
CUS102217,66900,0.915,0.06,10
CUS102218,90400,0.818,0.028,19
CUS102219,66900,1.0,0.153,18
CUS102220,93200,0.984,0.027,14
CUS102221,134500,0.819,0.067,16
CUS102222,63600,0.792,0.194,12
CUS102223,87900,0.834,0.053,17
CUS102224,92700,0.932,0.007,21
CUS102225,67400,0.703,0.208,19
CUS102226,90900,0.884,0.153,20
CUS102227,191700,1.0,0.102,23
CUS102228,38600,1.0,0.078,23
CUS102229,66600,1.0,0.098,13
CUS102230,100100,0.839,0.03,20
CUS102231,77000,0.937,0.232,15
CUS102232,355200,0.994,0.213,17
CUS102233,133000,0.904,0.134,17
CUS102234,52000,0.853,0.014,16
CUS102235,30300,0.76,0.017,23
CUS102236,102300,1.0,0.036,20
CUS102237,52700,0.859,0.057,17
CUS102238,162800,0.881,0.026,14
CUS102239,76500,0.962,0.132,18
CUS102240,65600,0.853,0.286,23
CUS102241,63300,0.998,0.211,23
CUS102242,128000,0.991,0.055,23
CUS102243,107700,0.897,0.116,19
CUS102244,190100,1.0,0.169,19
CUS102245,90400,0.894,0.013,18
CUS102246,116300,0.939,0.338,18
CUS102247,122400,0.825,0.054,11
CUS102248,138200,0.937,0.324,14
CUS102249,71500,0.855,0.221,13
CUS102250,105500,0.94,0.211,21
CUS102251,77800,0.831,0.083,15
CUS102252,92600,0.942,0.476,24
CUS102253,58400,0.962,0.108,18
CUS102254,32700,0.762,0.276,26
CUS102255,144700,0.781,0.114,16
CUS102256,93800,0.876,0.059,20
CUS102257,48700,0.855,0.093,19
CUS102258,105300,1.0,0.341,23
CUS102259,147000,0.774,0.071,15
CUS102260,119000,0.888,0.35,15
CUS102261,60900,0.898,0.184,21
CUS102262,45900,0.871,0.076,16
CUS102263,66700,0.859,0.128,13
CUS102264,120900,0.836,0.102,24
CUS102265,114200,0.863,0.171,18
CUS102266,304400,0.789,0.39,16
CUS102267,39800,0.912,0.225,13
CUS102268,83800,0.96,0.209,22
CUS102269,36400,0.99,0.033,20
CUS102270,115200,1.0,0.077,16
CUS102271,142600,0.88,0.071,20
CUS102272,161100,0.817,0.117,16
CUS102273,89800,0.942,0.053,24
CUS102274,38200,1.0,0.113,20
CUS102275,77300,0.96,0.286,19
CUS102276,104500,0.95,0.01,17
CUS102277,49500,0.845,0.009,19
CUS102278,84400,0.887,0.003,23
CUS102279,48400,0.983,0.133,20
CUS102280,64500,1.0,0.059,23
CUS102281,143200,0.913,0.148,16
CUS102282,123100,0.914,0.076,25
CUS102283,44300,0.992,0.353,19
CUS102284,67000,0.981,0.175,18
CUS102285,95200,0.997,0.096,16
CUS102286,96000,0.887,0.16,18
CUS102287,71000,1.0,0.057,13
CUS102288,123100,0.95,0.116,19
CUS102289,79300,1.0,0.271,24
CUS102290,31100,0.768,0.031,21
CUS102291,69800,0.909,0.107,22
CUS102292,72700,1.0,0.074,19
CUS102293,112600,0.907,0.083,29
CUS102294,131200,0.915,0.229,16
CUS102295,37700,0.907,0.083,19
CUS102296,101500,0.912,0.149,16
CUS102297,92700,0.887,0.046,20
CUS102298,96000,0.792,0.109,20
CUS102299,72900,0.986,0.226,17
CUS102300,82500,0.946,0.183,20
CUS102301,139300,0.989,0.034,16
CUS102302,89200,0.954,0.115,19
CUS102303,84800,0.845,0.13,18
CUS102304,67900,1.0,0.071,18
CUS102305,110200,0.854,0.393,19
CUS102306,48200,1.0,0.12,16
CUS102307,62100,0.907,0.249,16
CUS102308,36300,0.924,0.157,16
CUS102309,98100,0.905,0.014,20
CUS102310,157100,0.935,0.037,14
CUS102311,71200,1.0,0.215,20
CUS102312,60200,0.893,0.033,16
CUS102313,183800,0.956,0.125,11
CUS102314,101200,0.87,0.016,20
CUS102315,87500,0.939,0.082,10
CUS102316,74800,0.99,0.327,17
CUS102317,118000,0.935,0.117,17
CUS102318,95000,0.757,0.148,19
CUS102319,68600,0.888,0.079,19
CUS102320,78000,1.0,0.019,17
CUS102321,55700,0.956,0.028,19
CUS102322,47100,0.922,0.106,19
CUS102323,73800,1.0,0.135,18
CUS102324,143600,1.0,0.002,16
CUS102325,49000,1.0,0.08,19
CUS102326,119800,1.0,0.004,16
CUS102327,66800,0.97,0.216,25
CUS102328,36900,0.957,0.044,15
CUS102329,115500,0.899,0.084,9
CUS102330,196500,0.969,0.085,27
CUS102331,57100,0.934,0.142,12
CUS102332,42600,0.909,0.266,22
CUS102333,106500,0.891,0.014,17
CUS102334,65000,1.0,0.196,23
CUS102335,120300,0.968,0.034,22
CUS102336,147300,0.792,0.228,17
CUS102337,104000,1.0,0.096,13
CUS102338,120600,0.787,0.147,12
CUS102339,120300,0.964,0.077,20
CUS102340,115900,0.922,0.116,14
CUS102341,74900,0.843,0.111,16
CUS102342,128000,0.868,0.079,15
CUS102343,101600,0.912,0.201,15
CUS102344,107900,0.753,0.143,19
CUS102345,321400,0.775,0.06,20
CUS102346,104500,0.814,0.074,14
CUS102347,41100,1.0,0.314,19
CUS102348,83500,1.0,0.044,24
CUS102349,78500,1.0,0.028,15
CUS102350,74300,0.809,0.015,16
CUS102351,130100,0.861,0.037,22
CUS102352,129000,0.788,0.028,14
CUS102353,92400,0.959,0.173,17
CUS102354,46200,0.943,0.048,17
CUS102355,93100,0.937,0.046,18
CUS102356,66800,0.796,0.153,19
CUS102357,90400,0.985,0.083,20
CUS102358,86400,0.913,0.142,20
CUS102359,156000,0.944,0.087,14
CUS102360,101300,0.966,0.235,21
CUS102361,61300,0.959,0.144,20
CUS102362,54900,0.926,0.177,18
CUS102363,82900,0.949,0.319,16
CUS102364,96500,0.97,0.031,11
CUS102365,80000,0.869,0.158,21
CUS102366,130200,0.957,0.053,22
CUS102367,46400,0.933,0.047,21
CUS102368,65800,1.0,0.205,20
CUS102369,101300,0.979,0.086,11
CUS102370,74000,1.0,0.216,20
CUS102371,80200,0.859,0.036,16
CUS102372,83400,0.959,0.145,13
CUS102373,108100,0.869,0.093,18
CUS102374,83800,0.998,0.064,21
CUS102375,36600,1.0,0.139,19
CUS102376,70700,0.845,0.184,14
CUS102377,99700,0.867,0.107,22
CUS102378,112800,0.973,0.056,23
CUS102379,132400,0.754,0.054,11
CUS102380,137700,0.842,0.054,21
CUS102381,75700,1.0,0.137,25
CUS102382,93000,0.806,0.293,13
CUS102383,50300,0.986,0.089,22
CUS102384,34700,0.986,0.096,17
CUS102385,50100,0.93,0.163,26
CUS102386,58500,0.941,0.328,15
CUS102387,50800,0.982,0.245,11
CUS102388,72000,0.851,0.312,16
CUS102389,82900,0.92,0.314,19
CUS102390,122900,0.833,0.141,21
CUS102391,52100,0.935,0.053,24
CUS102392,90400,0.907,0.248,22
CUS102393,76800,0.89,0.064,14
CUS102394,53500,0.978,0.035,17
CUS102395,59300,1.0,0.246,15
CUS102396,30900,0.966,0.072,14
CUS102397,115800,0.875,0.111,15
CUS102398,161400,0.903,0.118,20
CUS102399,72000,1.0,0.147,20
CUS102400,87800,1.0,0.037,16
CUS102401,78500,0.922,0.097,21
CUS102402,70100,1.0,0.147,13
CUS102403,119600,0.918,0.015,15
CUS102404,90400,0.796,0.018,16
CUS102405,33800,0.862,0.047,17
CUS102406,63500,0.928,0.37,22
CUS102407,33400,0.983,0.055,20
CUS102408,177000,0.991,0.333,20
CUS102409,74000,0.782,0.216,23
CUS102410,94100,0.934,0.1,9
CUS102411,65800,0.969,0.096,20
CUS102412,129000,0.886,0.36,15
CUS102413,120900,0.907,0.013,16
CUS102414,76900,0.798,0.041,15
CUS102415,204600,0.926,0.156,20
CUS102416,84800,0.94,0.186,18
CUS102417,47100,1.0,0.255,11
CUS102418,88100,0.912,0.114,26
CUS102419,113700,0.858,0.195,16
CUS102420,89900,1.0,0.074,28
CUS102421,75600,0.927,0.369,20
CUS102422,181900,0.925,0.404,14
CUS102423,55300,1.0,0.091,17
CUS102424,29000,0.897,0.177,17
CUS102425,157700,0.867,0.075,19
CUS102426,43500,0.987,0.097,11
CUS102427,72600,0.897,0.166,21
CUS102428,71500,0.97,0.038,21
CUS102429,154600,0.995,0.31,19
CUS102430,149600,0.857,0.085,14
CUS102431,43200,0.862,0.273,18
CUS102432,166400,0.928,0.045,19
CUS102433,176700,0.942,0.011,23
CUS102434,96600,0.822,0.068,23
CUS102435,120600,1.0,0.033,18
CUS102436,130100,0.815,0.174,15
CUS102437,73500,1.0,0.215,21
CUS102438,94200,0.917,0.148,18
CUS102439,104100,0.858,0.079,20
CUS102440,45900,0.944,0.202,13
CUS102441,71400,0.997,0.252,25
CUS102442,57900,0.812,0.069,22
CUS102443,173600,0.978,0.108,19
CUS102444,74000,1.0,0.1,20
CUS102445,98400,0.772,0.091,18
CUS102446,90000,0.99,0.392,17
CUS102447,74200,0.87,0.034,16
CUS102448,86400,0.941,0.218,20
CUS102449,63900,1.0,0.089,17
CUS102450,81000,0.762,0.079,16
CUS102451,70100,0.98,0.071,19
CUS102452,88100,1.0,0.119,16
CUS102453,123200,0.939,0.117,11
CUS102454,72100,0.916,0.3,12
CUS102455,148900,0.788,0.008,18
CUS102456,121900,1.0,0.022,18
CUS102457,50300,0.788,0.034,19
CUS102458,106400,0.863,0.139,22
CUS102459,60300,0.984,0.025,19
CUS102460,93700,0.805,0.23,15
CUS102461,65800,0.87,0.077,14
CUS102462,28700,0.899,0.074,25
CUS102463,83400,1.0,0.162,19
CUS102464,44200,0.78,0.244,20
CUS102465,109500,0.987,0.161,20
CUS102466,89300,0.969,0.009,13
CUS102467,65800,0.869,0.014,22
CUS102468,210000,0.951,0.137,22
CUS102469,46800,0.796,0.228,18
CUS102470,70300,1.0,0.1,25
CUS102471,50100,0.782,0.062,15
CUS102472,207500,1.0,0.068,22
CUS102473,161600,0.936,0.229,19
CUS102474,46300,0.928,0.08,17
CUS102475,60000,0.87,0.124,22
CUS102476,66600,0.976,0.051,14
CUS102477,72100,0.97,0.094,19
CUS102478,62900,0.855,0.32,20
CUS102479,53400,1.0,0.345,18
CUS102480,122600,0.874,0.49,15
CUS102481,201200,0.882,0.063,17
CUS102482,36200,0.971,0.251,18
CUS102483,55800,0.9,0.292,14
CUS102484,94600,1.0,0.234,7
CUS102485,42700,0.97,0.109,9
CUS102486,111300,0.999,0.01,23
CUS102487,125000,0.977,0.063,10
CUS102488,98900,1.0,0.074,19
CUS102489,119300,0.959,0.102,18
CUS102490,67100,1.0,0.076,26
CUS102491,80000,0.751,0.363,19
CUS102492,47100,0.897,0.051,20
CUS102493,99000,0.956,0.242,12
CUS102494,192700,1.0,0.012,13
CUS102495,112600,0.972,0.022,18
CUS102496,62400,1.0,0.092,15
CUS102497,154800,0.879,0.083,15
CUS102498,236500,1.0,0.354,13
CUS102499,97900,0.996,0.202,15
CUS102500,112200,0.863,0.116,14
CUS102501,109700,1.0,0.074,19
CUS102502,39700,0.822,0.084,21
CUS102503,75000,1.0,0.073,22
CUS102504,63900,0.951,0.013,18
CUS102505,137600,0.827,0.075,24
CUS102506,112400,1.0,0.324,20
CUS102507,100600,0.942,0.127,22
CUS102508,69600,1.0,0.053,18
CUS102509,43700,0.925,0.031,18
CUS102510,87400,0.997,0.169,19
CUS102511,46900,0.87,0.106,16
CUS102512,52900,0.801,0.273,18
CUS102513,144700,0.803,0.072,21
CUS102514,123100,0.962,0.03,13
CUS102515,72700,1.0,0.153,16
CUS102516,47400,1.0,0.164,16
CUS102517,62200,0.977,0.035,19
CUS102518,145200,0.9,0.079,14
CUS102519,109600,0.9,0.187,15
CUS102520,77000,0.948,0.189,13
CUS102521,95800,0.872,0.134,12
CUS102522,36500,0.904,0.008,16
CUS102523,29100,0.969,0.322,19
CUS102524,210000,1.0,0.015,20
CUS102525,107600,0.961,0.138,18
CUS102526,95800,0.831,0.286,19
CUS102527,76900,0.935,0.31,22
CUS102528,39400,0.922,0.026,15
CUS102529,144600,0.927,0.308,10
CUS102530,56500,0.844,0.022,21
CUS102531,112700,0.83,0.073,22
CUS102532,90900,0.937,0.028,24
CUS102533,88600,0.921,0.177,23
CUS102534,40700,0.834,0.082,19
CUS102535,50000,0.88,0.167,17
CUS102536,98800,0.996,0.015,11
CUS102537,85400,0.74,0.115,22
CUS102538,85600,0.842,0.095,16
CUS102539,95400,0.912,0.252,18
CUS102540,39700,0.918,0.02,12
CUS102541,155500,0.925,0.191,11
CUS102542,82000,1.0,0.037,12
CUS102543,127700,1.0,0.112,12
CUS102544,35700,0.797,0.184,15
CUS102545,105400,0.951,0.071,18
CUS102546,114600,1.0,0.137,26
CUS102547,38800,0.763,0.04,20
CUS102548,68700,0.864,0.127,18
CUS102549,56600,1.0,0.103,18
CUS102550,124300,0.992,0.038,13
CUS102551,105300,0.941,0.283,16
CUS102552,195500,0.962,0.058,26
CUS102553,96600,0.891,0.28,15
CUS102554,125500,0.951,0.103,21
CUS102555,149400,0.948,0.032,13
CUS102556,131200,0.987,0.247,17
CUS102557,75600,0.901,0.049,14
CUS102558,61800,1.0,0.098,21
CUS102559,79800,0.863,0.022,20
CUS102560,124100,0.952,0.247,15
CUS102561,55000,0.853,0.28,18
CUS102562,113400,0.87,0.116,18
CUS102563,105700,0.986,0.233,10
CUS102564,41000,0.852,0.041,19
CUS102565,115500,0.987,0.068,15
CUS102566,105400,0.89,0.192,17
CUS102567,71300,1.0,0.213,12
CUS102568,86900,0.833,0.012,22
CUS102569,70900,0.932,0.159,17
CUS102570,83700,0.887,0.088,15
CUS102571,86100,0.917,0.118,14
CUS102572,45200,0.953,0.26,17
CUS102573,77100,0.761,0.06,20
CUS102574,69100,0.917,0.202,15
CUS102575,108900,0.905,0.201,18
CUS102576,142100,0.769,0.155,18
CUS102577,64300,0.906,0.257,19
CUS102578,61800,0.846,0.164,16
CUS102579,38600,0.829,0.174,16
CUS102580,50900,0.914,0.369,15
CUS102581,63300,0.97,0.099,25
CUS102582,48700,0.915,0.087,28
CUS102583,131000,0.886,0.06,20
CUS102584,98200,1.0,0.076,14
CUS102585,71900,0.87,0.098,20
CUS102586,82100,0.728,0.046,21
CUS102587,113600,1.0,0.125,15
CUS102588,114300,0.943,0.023,20
CUS102589,100400,0.898,0.072,21
CUS102590,79400,0.864,0.032,14
CUS102591,81200,0.96,0.217,28
CUS102592,81800,0.897,0.019,20
CUS102593,80100,0.914,0.173,17
CUS102594,135500,0.942,0.078,15
CUS102595,162200,0.78,0.224,22
CUS102596,96400,0.882,0.188,14
CUS102597,51400,0.879,0.291,21
CUS102598,111100,0.926,0.029,13
CUS102599,104500,0.943,0.035,15
CUS102600,57100,0.924,0.267,18
CUS102601,114900,0.92,0.244,17
CUS102602,69200,0.931,0.038,19
CUS102603,138300,1.0,0.061,28
CUS102604,116200,0.998,0.234,26
CUS102605,97200,0.954,0.052,3
CUS102606,90200,1.0,0.114,16
CUS102607,36200,1.0,0.144,17
CUS102608,54000,0.899,0.223,18
CUS102609,68500,0.99,0.048,26
CUS102610,176400,0.894,0.086,19
CUS102611,99200,0.993,0.118,25
CUS102612,206000,0.977,0.026,27
CUS102613,80700,0.831,0.018,25
CUS102614,82900,0.981,0.111,14
CUS102615,155300,0.824,0.003,16
CUS102616,91100,0.975,0.321,27
CUS102617,49100,0.927,0.022,18
CUS102618,99300,0.887,0.02,16
CUS102619,126400,1.0,0.11,32
CUS102620,62700,0.895,0.279,25
CUS102621,111300,0.96,0.337,20
CUS102622,78700,1.0,0.051,13
CUS102623,108800,0.898,0.065,7
CUS102624,100200,1.0,0.301,17
CUS102625,75300,0.83,0.161,14
CUS102626,91200,1.0,0.24,17
CUS102627,78400,1.0,0.088,14
CUS102628,88200,0.846,0.221,19
CUS102629,61300,0.802,0.093,24
CUS102630,67600,0.833,0.127,21
CUS102631,76600,0.899,0.426,17
CUS102632,109200,0.883,0.043,18
CUS102633,51100,0.917,0.05,17
CUS102634,80900,0.894,0.052,19
CUS102635,67900,0.83,0.205,17
CUS102636,73300,0.837,0.13,19
CUS102637,67800,0.898,0.099,14
CUS102638,88900,0.778,0.366,19
CUS102639,75500,0.902,0.05,16
CUS102640,131900,0.848,0.322,11
CUS102641,115700,0.84,0.12,24
CUS102642,46400,0.881,0.041,11
CUS102643,57600,0.849,0.099,15
CUS102644,77400,0.973,0.192,22
CUS102645,91400,0.974,0.124,24
CUS102646,62000,0.808,0.299,15
CUS102647,156000,0.922,0.016,19
CUS102648,125200,0.764,0.238,17
CUS102649,39100,0.913,0.02,18
CUS102650,104700,0.911,0.08,17
CUS102651,80900,0.865,0.037,20
CUS102652,151200,0.819,0.189,20
CUS102653,43800,0.931,0.208,15
CUS102654,230900,0.87,0.429,16
CUS102655,50700,0.964,0.321,20
CUS102656,105500,0.924,0.163,19
CUS102657,66400,0.921,0.233,22
CUS102658,74400,0.843,0.306,17
CUS102659,42100,0.91,0.279,11
CUS102660,137200,0.953,0.039,19
CUS102661,74800,0.958,0.24,23
CUS102662,81400,0.925,0.118,17
CUS102663,225600,0.823,0.046,26
CUS102664,128200,0.834,0.203,21
CUS102665,75100,1.0,0.19,15
CUS102666,66800,0.924,0.151,26
CUS102667,93000,0.805,0.103,20
CUS102668,124200,0.884,0.39,15
CUS102669,187800,1.0,0.16,20
CUS102670,43000,0.707,0.267,19
CUS102671,119400,0.912,0.104,14
CUS102672,125600,0.885,0.12,21
CUS102673,62100,1.0,0.205,14
CUS102674,64700,0.845,0.083,17
CUS102675,35200,1.0,0.002,20
CUS102676,70900,0.842,0.114,18
CUS102677,90000,0.906,0.048,22
CUS102678,155200,0.833,0.068,13
CUS102679,212500,0.955,0.007,15
CUS102680,59600,0.939,0.043,17
CUS102681,157600,0.932,0.014,18
CUS102682,37600,0.986,0.025,18
CUS102683,68900,0.882,0.018,20
CUS102684,62900,0.955,0.114,20
CUS102685,86900,0.821,0.008,20
CUS102686,94800,0.935,0.001,16
CUS102687,97700,0.97,0.266,22
CUS102688,78700,0.866,0.05,22
CUS102689,135100,0.872,0.052,21
CUS102690,122900,1.0,0.1,20
CUS102691,79100,1.0,0.428,11
CUS102692,119500,0.967,0.017,22
CUS102693,225600,0.816,0.044,20
CUS102694,63700,0.966,0.446,20
CUS102695,195900,0.993,0.175,17
CUS102696,78300,0.928,0.026,13
CUS102697,176200,0.878,0.056,16
CUS102698,56000,0.984,0.048,21
CUS102699,115200,0.938,0.035,20
CUS102700,98100,0.944,0.123,15
CUS102701,41100,1.0,0.078,13
CUS102702,191000,0.931,0.113,18
CUS102703,69700,0.893,0.044,19
CUS102704,49400,0.997,0.011,27
CUS102705,68800,0.856,0.362,17
CUS102706,300400,0.953,0.139,12
CUS102707,49400,0.926,0.41,24
CUS102708,86100,0.863,0.307,11
CUS102709,53500,0.788,0.108,16
CUS102710,58300,0.902,0.22,12
CUS102711,41200,0.861,0.156,19
CUS102712,96900,0.894,0.094,18
CUS102713,79100,0.997,0.123,17
CUS102714,48400,0.972,0.09,26
CUS102715,135000,0.935,0.205,20
CUS102716,143600,0.975,0.051,13
CUS102717,111000,1.0,0.183,17
CUS102718,137200,0.859,0.251,23
CUS102719,82400,0.813,0.109,20
CUS102720,108000,0.826,0.18,15
CUS102721,74800,0.807,0.132,22
CUS102722,42900,0.921,0.165,15
CUS102723,110600,0.852,0.025,18
CUS102724,86900,0.904,0.196,22
CUS102725,91900,0.97,0.124,12
CUS102726,106600,0.943,0.043,19
CUS102727,160200,0.832,0.008,22
CUS102728,87600,0.979,0.128,9
CUS102729,61600,0.958,0.063,14
CUS102730,81700,0.793,0.084,20
CUS102731,87300,0.872,0.264,24
CUS102732,143400,0.91,0.083,20
CUS102733,94400,0.913,0.24,9
CUS102734,47700,1.0,0.148,21
CUS102735,107800,0.97,0.056,20
CUS102736,118700,0.91,0.06,15
CUS102737,86300,0.965,0.04,19
CUS102738,147200,0.865,0.231,14
CUS102739,152900,0.871,0.284,21
CUS102740,65300,0.888,0.028,12
CUS102741,70000,0.987,0.164,14
CUS102742,87300,0.923,0.057,20
CUS102743,108100,0.868,0.277,8
CUS102744,83200,0.969,0.061,17
CUS102745,67600,1.0,0.162,13
CUS102746,102800,0.874,0.169,17
CUS102747,37600,0.952,0.023,15
CUS102748,75800,0.888,0.031,17
CUS102749,141400,0.893,0.014,23
CUS102750,131100,1.0,0.308,25
CUS102751,28500,0.96,0.257,21
CUS102752,76900,1.0,0.097,24
CUS102753,124100,1.0,0.058,22
CUS102754,54400,0.91,0.178,13
CUS102755,73200,0.937,0.11,23
CUS102756,148300,0.755,0.181,17
CUS102757,68800,0.904,0.224,26
CUS102758,170700,0.818,0.172,30
CUS102759,66600,0.842,0.09,13
CUS102760,165000,0.735,0.056,19
CUS102761,86500,0.914,0.034,10
CUS102762,56200,0.905,0.092,23
CUS102763,159100,0.885,0.276,22
CUS102764,50100,0.938,0.07,15
CUS102765,56300,0.962,0.14,13
CUS102766,121800,0.707,0.038,24
CUS102767,88000,0.815,0.059,17
CUS102768,89600,0.982,0.218,22
CUS102769,71400,0.989,0.114,17
CUS102770,51100,0.898,0.097,15
CUS102771,64000,0.979,0.259,23
CUS102772,162700,0.78,0.085,20
CUS102773,49600,1.0,0.278,18
CUS102774,201700,0.949,0.036,17
CUS102775,97300,0.818,0.158,12
CUS102776,76100,0.755,0.156,24
CUS102777,33800,1.0,0.021,16
CUS102778,35600,0.97,0.309,25
CUS102779,72700,0.943,0.261,10
CUS102780,76800,1.0,0.086,16
CUS102781,89200,1.0,0.11,14
CUS102782,183200,0.845,0.411,16
CUS102783,93400,0.93,0.038,16
CUS102784,75900,0.941,0.269,16
CUS102785,135200,0.872,0.221,13
CUS102786,101100,1.0,0.028,17
CUS102787,181300,0.824,0.219,16
CUS102788,62200,0.845,0.14,14
CUS102789,44600,0.859,0.176,13
CUS102790,36300,0.808,0.074,22
CUS102791,81600,0.921,0.035,27
CUS102792,48700,0.797,0.22,21
CUS102793,48300,0.917,0.05,16
CUS102794,118600,0.934,0.266,22
CUS102795,44100,0.97,0.049,18
CUS102796,91000,0.89,0.003,17
CUS102797,91900,0.881,0.07,18
CUS102798,89100,0.867,0.04,18
CUS102799,175200,0.858,0.222,23
CUS102800,62500,0.862,0.102,19
CUS102801,172900,0.881,0.023,12
CUS102802,36400,1.0,0.173,28
CUS102803,122200,0.8,0.021,21
CUS102804,164700,0.82,0.151,22
CUS102805,32400,0.792,0.142,14
CUS102806,93000,0.813,0.056,25
CUS102807,83500,1.0,0.163,20
CUS102808,77000,0.919,0.133,16
CUS102809,178200,0.888,0.057,20
CUS102810,54700,1.0,0.116,16
CUS102811,51800,0.762,0.127,17
CUS102812,82100,0.974,0.125,19
CUS102813,147200,1.0,0.039,22
CUS102814,107300,0.934,0.291,13
CUS102815,81600,0.9,0.062,22
CUS102816,81700,0.824,0.139,17
CUS102817,36000,0.844,0.088,14
CUS102818,96100,0.745,0.123,16
CUS102819,125600,0.967,0.044,17
CUS102820,65000,0.972,0.031,20
CUS102821,71500,0.948,0.196,15
CUS102822,57900,0.925,0.17,21
CUS102823,113600,1.0,0.244,18
CUS102824,73600,0.976,0.166,16
CUS102825,80900,0.984,0.045,20
CUS102826,118400,0.937,0.277,18
CUS102827,86000,0.921,0.027,14
CUS102828,112500,0.833,0.058,22
CUS102829,88500,0.906,0.151,24
CUS102830,97900,0.861,0.153,12
CUS102831,105100,0.956,0.153,22
CUS102832,107800,0.973,0.086,18
CUS102833,123700,0.843,0.149,21
CUS102834,46600,1.0,0.365,27
CUS102835,61200,0.914,0.218,16
CUS102836,84500,0.857,0.193,12
CUS102837,105400,0.966,0.41,22
CUS102838,181100,0.866,0.252,22
CUS102839,59100,0.938,0.152,13
CUS102840,129900,0.826,0.193,17
CUS102841,61700,0.883,0.054,20
CUS102842,159500,0.94,0.094,12
CUS102843,223800,0.87,0.149,25
CUS102844,38300,0.796,0.032,20
CUS102845,75900,0.997,0.016,21
CUS102846,31400,0.808,0.247,14
CUS102847,44500,0.994,0.462,17
CUS102848,45400,0.879,0.035,17
CUS102849,121800,0.814,0.171,20
CUS102850,93800,1.0,0.263,11
CUS102851,118500,0.835,0.138,21
CUS102852,113700,0.87,0.095,17
CUS102853,113200,0.879,0.024,21
CUS102854,80500,0.977,0.147,18
CUS102855,71800,0.967,0.064,25
CUS102856,121300,0.957,0.015,16
CUS102857,88800,0.936,0.071,17
CUS102858,105500,0.889,0.51,14
CUS102859,34900,0.98,0.114,19
CUS102860,46300,0.998,0.067,24
CUS102861,143700,0.804,0.06,15
CUS102862,66500,0.977,0.141,20
CUS102863,50500,0.867,0.086,20
CUS102864,104000,0.893,0.029,18
CUS102865,91200,0.917,0.038,17
CUS102866,74300,0.936,0.075,12
CUS102867,161900,0.805,0.057,24
CUS102868,148900,0.941,0.064,22
CUS102869,79500,1.0,0.135,15
CUS102870,119700,0.953,0.118,13
CUS102871,27700,0.942,0.162,25
CUS102872,152500,0.872,0.093,19
CUS102873,45800,1.0,0.339,19
CUS102874,40600,0.935,0.265,21
CUS102875,39200,0.884,0.125,16
CUS102876,33100,0.937,0.023,19
CUS102877,125200,0.936,0.113,22
CUS102878,125100,0.918,0.056,17
CUS102879,59900,0.933,0.013,15
CUS102880,130200,0.951,0.055,24
CUS102881,63400,0.807,0.08,15
CUS102882,108000,0.987,0.196,21
CUS102883,67600,0.927,0.324,18
CUS102884,83000,0.942,0.032,17
CUS102885,65800,0.79,0.09,16
CUS102886,66500,1.0,0.323,16
CUS102887,113400,0.734,0.018,25
CUS102888,116200,1.0,0.067,22
CUS102889,61000,1.0,0.125,15
CUS102890,40000,1.0,0.114,24
CUS102891,270300,1.0,0.231,9
CUS102892,94300,0.938,0.279,10
CUS102893,92700,0.874,0.15,15
CUS102894,58700,0.993,0.033,15
CUS102895,149100,0.994,0.223,27
CUS102896,171700,0.896,0.062,13
CUS102897,40300,0.935,0.053,18
CUS102898,78000,0.86,0.286,29
CUS102899,85100,0.866,0.099,16
CUS102900,248800,0.983,0.046,14
CUS102901,178600,0.942,0.161,16
CUS102902,47500,0.736,0.254,17
CUS102903,67100,0.969,0.123,20
CUS102904,52400,0.899,0.027,27
CUS102905,107700,0.913,0.169,21
CUS102906,159100,0.908,0.155,26
CUS102907,90400,0.854,0.084,24
CUS102908,106100,0.899,0.119,20
CUS102909,68900,0.997,0.08,21
CUS102910,101700,1.0,0.088,17
CUS102911,70600,1.0,0.224,28
CUS102912,43700,0.874,0.041,15
CUS102913,95400,0.953,0.089,20
CUS102914,87800,0.966,0.08,18
CUS102915,47200,0.945,0.135,24
CUS102916,215600,1.0,0.114,23
CUS102917,63200,0.903,0.17,19
CUS102918,111400,1.0,0.144,24
CUS102919,70500,0.926,0.194,25
CUS102920,176400,0.815,0.012,12
CUS102921,72600,0.858,0.236,17
CUS102922,41700,0.866,0.068,23
CUS102923,126800,0.776,0.161,21
CUS102924,174900,1.0,0.282,18
CUS102925,71500,0.941,0.092,21
CUS102926,103500,0.872,0.269,19
CUS102927,95700,0.949,0.04,23
CUS102928,69700,0.886,0.087,13
CUS102929,129800,0.955,0.027,21
CUS102930,61300,0.835,0.014,18
CUS102931,80600,0.822,0.095,17
CUS102932,98300,0.815,0.116,15
CUS102933,105900,0.925,0.134,19
CUS102934,55800,0.882,0.007,18
CUS102935,195200,0.835,0.287,17
CUS102936,162800,0.909,0.018,21
CUS102937,130900,0.915,0.217,16
CUS102938,170500,0.844,0.246,17
CUS102939,90600,1.0,0.059,16
CUS102940,78100,1.0,0.114,21
CUS102941,57100,1.0,0.186,22
CUS102942,55200,0.821,0.218,19
CUS102943,53100,0.955,0.08,17
CUS102944,76100,0.867,0.025,17
CUS102945,99600,0.917,0.068,22
CUS102946,118400,0.807,0.09,24
CUS102947,135400,0.991,0.082,20
CUS102948,53800,0.997,0.137,17
CUS102949,122300,0.779,0.02,17
CUS102950,145100,0.93,0.042,25
CUS102951,81600,0.93,0.236,13
CUS102952,151000,0.963,0.143,14
CUS102953,125400,0.992,0.15,15
CUS102954,56900,0.962,0.05,11
CUS102955,275300,0.953,0.005,19
CUS102956,55300,0.882,0.039,16
CUS102957,134700,1.0,0.132,19
CUS102958,126700,0.913,0.349,15
CUS102959,50300,1.0,0.097,10
CUS102960,109400,0.939,0.067,20
CUS102961,128100,0.909,0.107,16
CUS102962,49400,0.974,0.368,27
CUS102963,89100,0.862,0.311,14
CUS102964,148600,0.909,0.061,19
CUS102965,138100,0.89,0.145,18
CUS102966,78800,0.994,0.281,30
CUS102967,165000,0.923,0.139,20
CUS102968,152800,0.863,0.047,18
CUS102969,97000,1.0,0.149,11
CUS102970,68200,0.801,0.03,14
CUS102971,47100,0.887,0.055,13
CUS102972,110100,0.816,0.022,18
CUS102973,165900,0.925,0.091,19
CUS102974,93600,0.89,0.109,26
CUS102975,56000,0.932,0.17,18
CUS102976,117400,1.0,0.11,20
CUS102977,97000,1.0,0.118,15
CUS102978,98300,0.784,0.07,17
CUS102979,73700,0.972,0.069,21
CUS102980,71800,0.954,0.07,20
CUS102981,61400,0.906,0.162,22
CUS102982,110600,0.786,0.355,14
CUS102983,73000,0.876,0.032,24
CUS102984,125200,0.837,0.132,16
CUS102985,74700,0.952,0.072,20
CUS102986,124800,0.919,0.111,19
CUS102987,120600,0.953,0.033,14
CUS102988,112500,1.0,0.298,13
CUS102989,129700,0.924,0.228,16
CUS102990,75900,0.896,0.06,20
CUS102991,117600,0.89,0.174,24
CUS102992,89700,0.995,0.186,19
CUS102993,65000,0.917,0.212,20
CUS102994,38000,0.785,0.191,23
CUS102995,43900,0.851,0.045,18
CUS102996,33900,0.819,0.071,21
CUS102997,105500,1.0,0.011,18
CUS102998,74300,0.741,0.114,14
CUS102999,100700,1.0,0.053,23
CUS103000,75300,1.0,0.09,23
CUS103001,108800,0.797,0.172,13
CUS103002,116800,0.977,0.05,26
CUS103003,86400,1.0,0.198,13
CUS103004,96700,0.839,0.132,13
CUS103005,96100,0.841,0.128,23
CUS103006,155700,0.951,0.005,19
CUS103007,34500,0.925,0.076,29
CUS103008,68500,0.854,0.064,17
CUS103009,121800,0.859,0.127,14
CUS103010,141000,0.937,0.138,17
CUS103011,99600,0.831,0.101,12
CUS103012,83400,0.791,0.007,14
CUS103013,219500,0.941,0.048,17
CUS103014,91900,0.93,0.155,11
CUS103015,86800,1.0,0.224,21
CUS103016,170800,0.931,0.071,20
CUS103017,108500,0.904,0.185,15
CUS103018,134500,0.982,0.13,17
CUS103019,147200,0.91,0.02,19
CUS103020,70500,0.901,0.286,17
CUS103021,191700,1.0,0.041,15
CUS103022,31500,0.774,0.044,24
CUS103023,37800,0.928,0.163,16
CUS103024,60700,0.908,0.063,25
CUS103025,73600,0.838,0.062,17
CUS103026,97400,0.91,0.169,20
CUS103027,70900,0.837,0.21,10
CUS103028,89300,0.878,0.043,20
CUS103029,80100,0.822,0.036,16
CUS103030,186300,0.897,0.035,14
CUS103031,73000,0.846,0.062,20
CUS103032,41000,0.875,0.311,14
CUS103033,149800,0.944,0.074,12
CUS103034,60600,0.741,0.017,19
CUS103035,75400,0.876,0.123,20
CUS103036,60000,1.0,0.032,14
CUS103037,132600,0.952,0.097,22
CUS103038,45200,1.0,0.052,20
CUS103039,33700,0.932,0.113,25
CUS103040,147000,0.926,0.091,17
CUS103041,107300,0.88,0.072,14
CUS103042,149700,0.912,0.04,20
CUS103043,160500,0.942,0.287,20
CUS103044,57700,0.936,0.158,25
CUS103045,94300,0.909,0.087,13
CUS103046,108300,0.876,0.03,14
CUS103047,88000,1.0,0.444,13
CUS103048,79300,0.809,0.049,20
CUS103049,80200,0.847,0.11,23
CUS103050,133400,0.794,0.034,26
CUS103051,70500,0.782,0.001,20
CUS103052,110300,0.81,0.44,23
CUS103053,100000,0.822,0.34,26
CUS103054,61600,0.779,0.165,16
CUS103055,105300,0.94,0.101,15
CUS103056,44900,0.966,0.065,16
CUS103057,103400,0.888,0.127,18
CUS103058,135400,0.919,0.063,17
CUS103059,132700,0.941,0.257,7
CUS103060,56900,0.908,0.002,17
CUS103061,58800,1.0,0.03,8
CUS103062,109100,0.874,0.002,31
CUS103063,67900,0.898,0.296,21
CUS103064,38500,1.0,0.171,15
CUS103065,67200,0.892,0.049,20
CUS103066,100800,0.905,0.289,20
CUS103067,159700,1.0,0.166,19
CUS103068,198000,0.984,0.104,18
CUS103069,93600,0.789,0.077,23
CUS103070,124600,0.954,0.109,16
CUS103071,124500,0.937,0.082,24
CUS103072,36700,0.954,0.074,24
CUS103073,44200,0.754,0.092,18
CUS103074,89100,0.895,0.051,21
CUS103075,158800,0.974,0.342,14
CUS103076,107800,0.971,0.026,23
CUS103077,106700,0.773,0.021,10
CUS103078,80000,0.968,0.133,28
CUS103079,104200,0.89,0.162,17
CUS103080,72100,0.971,0.21,17
CUS103081,54800,0.901,0.089,11
CUS103082,64400,0.97,0.138,15
CUS103083,152900,0.972,0.046,18
CUS103084,56000,0.941,0.129,23
CUS103085,68600,1.0,0.039,18
CUS103086,105400,0.989,0.169,23
CUS103087,59700,0.937,0.018,16
CUS103088,89400,0.953,0.195,18
CUS103089,99900,0.92,0.017,14
CUS103090,60900,0.934,0.142,17
CUS103091,72200,0.913,0.227,30
CUS103092,49100,0.777,0.029,19
CUS103093,164300,0.93,0.046,14
CUS103094,105500,0.807,0.128,20
CUS103095,54500,0.908,0.062,16
CUS103096,84700,0.864,0.251,15
CUS103097,78500,0.833,0.279,24
CUS103098,32400,1.0,0.227,11
CUS103099,159500,1.0,0.322,18
CUS103100,55400,1.0,0.053,13
CUS103101,227500,0.815,0.106,16
CUS103102,116400,0.947,0.15,22
CUS103103,50800,0.939,0.06,16
CUS103104,77800,0.907,0.064,25
CUS103105,122100,1.0,0.134,21
CUS103106,85000,0.955,0.163,18
CUS103107,165800,0.986,0.156,16
CUS103108,65000,0.978,0.02,19
CUS103109,88400,0.889,0.094,14
CUS103110,133100,0.783,0.098,24
CUS103111,111700,0.839,0.266,11
CUS103112,63600,0.887,0.405,18
CUS103113,94900,0.846,0.214,15
CUS103114,103400,0.95,0.274,11
CUS103115,48800,0.864,0.278,16
CUS103116,50500,1.0,0.182,20
CUS103117,39500,0.924,0.131,20
CUS103118,75800,0.837,0.122,16
CUS103119,81000,0.875,0.017,15
CUS103120,99500,0.907,0.016,13
CUS103121,135700,0.844,0.166,5
CUS103122,68800,0.914,0.025,15
CUS103123,71500,0.916,0.14,23
CUS103124,59300,0.86,0.033,7
CUS103125,86000,0.804,0.025,18
CUS103126,130800,0.89,0.159,21
CUS103127,93100,0.88,0.027,15
CUS103128,132800,0.83,0.127,9
CUS103129,146300,1.0,0.015,19
CUS103130,175000,0.94,0.321,18
CUS103131,95400,0.889,0.005,21
CUS103132,71100,0.912,0.036,13
CUS103133,119600,0.801,0.144,20
CUS103134,76300,0.874,0.267,22
CUS103135,109900,0.985,0.018,16
CUS103136,64500,0.948,0.132,20
CUS103137,57100,0.946,0.038,27
CUS103138,147200,0.867,0.018,23
CUS103139,53500,0.815,0.035,14
CUS103140,144500,0.946,0.033,21
CUS103141,99800,0.984,0.175,7
CUS103142,102400,0.843,0.283,23
CUS103143,39800,0.897,0.137,15
CUS103144,201800,0.967,0.27,21
CUS103145,58100,0.831,0.17,13
CUS103146,133300,0.911,0.111,34
CUS103147,71800,0.882,0.08,22
CUS103148,55700,0.881,0.274,16
CUS103149,110100,0.886,0.058,13
CUS103150,108300,0.805,0.183,17
CUS103151,45300,0.835,0.198,17
CUS103152,153100,0.878,0.086,16
CUS103153,85300,0.839,0.057,27
CUS103154,76600,0.88,0.067,15
CUS103155,88000,0.959,0.258,14
CUS103156,54700,1.0,0.176,17
CUS103157,115900,0.938,0.35,14
CUS103158,102600,0.913,0.105,10
CUS103159,56000,1.0,0.192,21
CUS103160,127600,1.0,0.116,21
CUS103161,92800,0.903,0.224,15
CUS103162,90500,0.872,0.054,10
CUS103163,206000,1.0,0.047,17
CUS103164,45600,0.943,0.153,17
CUS103165,44700,0.922,0.16,30
CUS103166,52300,1.0,0.067,21
CUS103167,102600,0.92,0.216,15
CUS103168,74300,0.852,0.088,17
CUS103169,79000,0.962,0.236,12
CUS103170,54700,0.824,0.132,26
CUS103171,189700,0.858,0.186,15
CUS103172,219900,0.89,0.182,19
CUS103173,123600,0.952,0.296,21
CUS103174,46400,0.939,0.2,22
CUS103175,69900,0.855,0.103,25
CUS103176,131700,0.948,0.217,13
CUS103177,76100,1.0,0.231,16
CUS103178,105900,0.94,0.128,17
CUS103179,144800,0.833,0.132,19
CUS103180,213200,1.0,0.117,15
CUS103181,63000,0.898,0.037,25
CUS103182,89500,0.967,0.105,20
CUS103183,70800,1.0,0.204,20
CUS103184,36100,0.859,0.188,19
CUS103185,98000,1.0,0.059,19
CUS103186,118100,0.881,0.036,23
CUS103187,64600,0.833,0.037,22
CUS103188,42900,0.796,0.178,21
CUS103189,84900,0.905,0.053,17
CUS103190,112100,0.915,0.017,13
CUS103191,157200,0.951,0.104,13
CUS103192,57500,1.0,0.12,24
CUS103193,137900,0.975,0.18,19
CUS103194,104600,0.957,0.118,21
CUS103195,116500,0.919,0.154,20
CUS103196,46900,0.898,0.277,22
CUS103197,54600,1.0,0.184,16
CUS103198,62500,1.0,0.11,16
CUS103199,81400,0.935,0.114,24
CUS103200,175400,0.817,0.087,14
CUS103201,61500,0.897,0.08,19
CUS103202,142400,0.779,0.044,25
CUS103203,72500,0.893,0.1,15
CUS103204,99800,0.87,0.033,15
CUS103205,86300,1.0,0.044,18
CUS103206,104800,0.873,0.088,19
CUS103207,90400,0.956,0.128,22
CUS103208,63000,0.926,0.209,8
CUS103209,95000,0.871,0.046,23
CUS103210,154600,0.951,0.02,24
CUS103211,64600,0.964,0.174,17
CUS103212,134300,0.874,0.064,21
CUS103213,75800,0.908,0.169,15
CUS103214,76500,0.922,0.017,19
CUS103215,111600,0.851,0.072,15
CUS103216,75500,1.0,0.021,17
CUS103217,88100,0.86,0.194,18
CUS103218,97900,0.977,0.286,18
CUS103219,29400,0.811,0.126,17
CUS103220,99200,1.0,0.174,16
CUS103221,48000,0.809,0.065,19
CUS103222,47700,0.986,0.255,19
CUS103223,105800,0.906,0.167,20
CUS103224,96200,0.978,0.044,16
CUS103225,152800,0.897,0.247,16
CUS103226,52000,0.886,0.074,14
CUS103227,60500,0.989,0.149,17
CUS103228,105300,1.0,0.017,26
CUS103229,127100,0.833,0.116,19
CUS103230,102600,0.832,0.103,18
CUS103231,56900,0.963,0.237,11
CUS103232,183600,0.843,0.041,11
CUS103233,72300,1.0,0.298,18
CUS103234,76800,1.0,0.063,16
CUS103235,43200,1.0,0.213,27
CUS103236,116100,0.906,0.157,20
CUS103237,118300,0.788,0.368,23
CUS103238,53400,0.912,0.249,21
CUS103239,225200,1.0,0.134,13
CUS103240,71300,0.973,0.061,13
CUS103241,127800,0.928,0.033,24
CUS103242,87300,0.961,0.106,19
CUS103243,31200,0.928,0.026,18
CUS103244,105600,0.846,0.094,16
CUS103245,115700,0.724,0.015,15
CUS103246,36400,1.0,0.226,20
CUS103247,186500,0.905,0.069,23
CUS103248,84600,0.936,0.174,22
CUS103249,156300,0.859,0.064,16
CUS103250,41500,0.868,0.11,11
CUS103251,71600,0.965,0.182,19
CUS103252,142800,0.938,0.168,8
CUS103253,40300,0.812,0.008,17
CUS103254,69800,0.992,0.104,18
CUS103255,109200,0.933,0.068,15
CUS103256,38800,0.985,0.141,16
CUS103257,49100,0.89,0.176,11
CUS103258,173600,0.843,0.113,16
CUS103259,82600,0.894,0.115,10
CUS103260,159900,0.856,0.174,18
CUS103261,88100,0.948,0.211,19
CUS103262,269200,0.896,0.198,16
CUS103263,103300,0.871,0.251,14
CUS103264,170400,1.0,0.158,22
CUS103265,71200,0.831,0.041,16
CUS103266,94000,0.856,0.238,22
CUS103267,121700,1.0,0.114,15
CUS103268,114100,1.0,0.26,27
CUS103269,79500,1.0,0.201,14
CUS103270,78600,0.855,0.116,22
CUS103271,99300,0.921,0.053,19
CUS103272,126300,0.96,0.013,22
CUS103273,49500,0.994,0.027,18
CUS103274,101700,0.802,0.028,24
CUS103275,98000,1.0,0.108,22
CUS103276,57000,1.0,0.117,17
CUS103277,155500,0.784,0.27,20
CUS103278,89300,0.872,0.212,12
CUS103279,251200,1.0,0.115,20
CUS103280,90300,1.0,0.008,16
CUS103281,156200,0.991,0.043,15
CUS103282,121200,0.961,0.199,19
CUS103283,188800,0.962,0.287,12
CUS103284,58600,0.936,0.143,23
CUS103285,63600,0.964,0.025,12
CUS103286,48900,0.92,0.123,15
CUS103287,90600,0.9,0.062,18
CUS103288,50800,0.79,0.027,15
CUS103289,43800,0.779,0.221,10
CUS103290,35800,0.87,0.054,25
CUS103291,29800,0.954,0.286,22
CUS103292,110800,1.0,0.006,21
CUS103293,68600,0.97,0.099,11
CUS103294,45500,0.914,0.017,21
CUS103295,64800,1.0,0.092,16
CUS103296,70600,0.936,0.331,12
CUS103297,58200,1.0,0.371,26
CUS103298,159400,0.885,0.076,13
CUS103299,145100,1.0,0.161,22
CUS103300,187600,0.894,0.102,20
CUS103301,86200,0.918,0.156,21
CUS103302,108100,0.912,0.065,16
CUS103303,67500,1.0,0.138,20
CUS103304,60800,0.991,0.034,25
CUS103305,83600,0.866,0.138,24
CUS103306,116500,0.818,0.172,21
CUS103307,149800,0.992,0.029,9
CUS103308,76900,0.923,0.132,13
CUS103309,48400,0.985,0.252,23
CUS103310,121700,1.0,0.017,22
CUS103311,38800,0.813,0.172,19
CUS103312,87500,0.94,0.07,21
CUS103313,100000,0.946,0.21,14
CUS103314,75200,0.961,0.2,17
CUS103315,40400,1.0,0.042,17
CUS103316,73100,0.92,0.083,22
CUS103317,169000,0.721,0.125,10
CUS103318,112600,1.0,0.074,23
CUS103319,142600,0.991,0.084,13
CUS103320,45300,0.898,0.076,19
CUS103321,103500,0.953,0.212,26
CUS103322,77600,0.902,0.02,24
CUS103323,95300,0.781,0.078,17
CUS103324,103400,0.846,0.076,15
CUS103325,91200,0.807,0.147,19
CUS103326,47700,0.93,0.098,13
CUS103327,108500,0.785,0.066,24
CUS103328,112600,0.975,0.064,19
CUS103329,155600,0.961,0.025,26
CUS103330,153300,0.939,0.016,24
CUS103331,111600,0.893,0.109,26
CUS103332,53900,0.88,0.154,20
CUS103333,38000,1.0,0.11,24
CUS103334,86700,0.816,0.118,13
CUS103335,114200,0.797,0.153,12
CUS103336,137700,0.842,0.076,27
CUS103337,101400,0.729,0.125,22
CUS103338,81600,0.912,0.142,22
CUS103339,202100,0.915,0.076,23
CUS103340,125100,0.918,0.003,25
CUS103341,77200,0.862,0.17,19
CUS103342,71900,0.881,0.147,21
CUS103343,57200,0.84,0.158,19
CUS103344,56500,0.982,0.447,20
CUS103345,58200,0.981,0.081,24
CUS103346,103800,0.944,0.016,17
CUS103347,88300,0.823,0.007,15
CUS103348,85900,0.93,0.122,11
CUS103349,124300,0.858,0.087,19
CUS103350,188400,0.889,0.046,15
CUS103351,61900,0.994,0.348,15
CUS103352,62800,0.984,0.302,23
CUS103353,32700,1.0,0.214,14
CUS103354,84400,0.971,0.098,18
CUS103355,79000,0.784,0.067,12
CUS103356,118700,1.0,0.024,18
CUS103357,87600,0.935,0.175,22
CUS103358,71100,0.953,0.033,18
CUS103359,78500,0.877,0.148,24
CUS103360,111600,0.954,0.088,15
CUS103361,40300,0.916,0.079,14
CUS103362,126000,1.0,0.15,18
CUS103363,155600,0.865,0.076,19
CUS103364,113800,0.74,0.234,18
CUS103365,56400,0.874,0.157,19
CUS103366,66500,0.899,0.149,17
CUS103367,137400,0.93,0.065,18
CUS103368,57400,0.827,0.275,18
CUS103369,121400,0.917,0.002,13
CUS103370,89600,1.0,0.042,20
CUS103371,97500,0.981,0.13,20
CUS103372,52000,0.859,0.219,14
CUS103373,103900,0.92,0.34,18
CUS103374,107600,1.0,0.011,23
CUS103375,42700,0.958,0.054,11
CUS103376,75700,0.882,0.28,25
CUS103377,137100,0.772,0.046,21
CUS103378,88800,0.99,0.251,15
CUS103379,29800,0.939,0.33,18
CUS103380,78700,0.895,0.088,16
CUS103381,166200,0.967,0.056,16
CUS103382,66900,0.985,0.261,21
CUS103383,167700,1.0,0.136,15
CUS103384,56100,0.991,0.031,16
CUS103385,53200,0.85,0.125,20
CUS103386,96500,0.941,0.108,20
CUS103387,54600,0.998,0.215,13
CUS103388,104900,0.966,0.034,27
CUS103389,73100,0.812,0.244,16
CUS103390,166800,0.994,0.054,22
CUS103391,75200,1.0,0.116,16
CUS103392,103200,0.842,0.017,16
CUS103393,111100,0.8,0.037,16
CUS103394,123400,0.82,0.264,15
CUS103395,181700,0.895,0.062,17
CUS103396,83100,0.909,0.029,21
CUS103397,75200,0.891,0.196,11
CUS103398,30100,0.888,0.098,20
CUS103399,228600,0.946,0.096,9
CUS103400,88700,0.865,0.084,22
CUS103401,123400,0.928,0.263,16
CUS103402,115800,0.918,0.156,22
CUS103403,88100,1.0,0.097,18
CUS103404,98200,1.0,0.108,28
CUS103405,69200,0.888,0.159,20
CUS103406,69300,0.905,0.222,20
CUS103407,54900,1.0,0.158,24
CUS103408,194400,1.0,0.068,32
CUS103409,110200,0.94,0.062,20
CUS103410,208100,1.0,0.06,21
CUS103411,250800,0.973,0.32,15
CUS103412,35700,0.814,0.079,15
CUS103413,133900,0.919,0.181,20
CUS103414,48200,0.863,0.05,14
CUS103415,86800,0.844,0.152,16
CUS103416,102700,1.0,0.084,24
CUS103417,56600,0.794,0.079,13
CUS103418,68600,0.865,0.06,13
CUS103419,93400,0.764,0.428,21
CUS103420,96100,0.876,0.15,20
CUS103421,55700,0.891,0.119,18
CUS103422,61800,0.901,0.078,14
CUS103423,38100,0.845,0.169,17
CUS103424,49700,1.0,0.025,11
CUS103425,61100,0.814,0.148,12
CUS103426,140100,0.869,0.021,15
CUS103427,150800,0.965,0.175,14
CUS103428,181300,0.916,0.041,17
CUS103429,114700,0.959,0.213,17
CUS103430,102900,0.873,0.015,20
CUS103431,114800,0.844,0.115,13
CUS103432,109400,0.928,0.068,18
CUS103433,42100,1.0,0.138,17
CUS103434,203100,1.0,0.239,20
CUS103435,33500,0.947,0.036,17
CUS103436,138100,0.927,0.369,21
CUS103437,88400,0.959,0.328,15
CUS103438,49700,0.95,0.323,13
CUS103439,104500,0.871,0.021,19
CUS103440,81800,0.931,0.172,25
CUS103441,71000,1.0,0.263,18
CUS103442,46300,0.855,0.043,21
CUS103443,50900,0.826,0.086,21
CUS103444,62700,0.876,0.044,21
CUS103445,65100,0.928,0.154,27
CUS103446,48100,0.918,0.027,23
CUS103447,91200,0.919,0.043,14
CUS103448,52800,0.963,0.296,17
CUS103449,92000,0.871,0.084,11
CUS103450,166000,1.0,0.042,19
CUS103451,101800,1.0,0.176,8
CUS103452,89400,0.863,0.03,17
CUS103453,61500,0.909,0.257,17
CUS103454,154200,0.876,0.185,27
CUS103455,81200,0.911,0.147,19
CUS103456,261900,0.849,0.44,18
CUS103457,53400,0.86,0.059,22
CUS103458,84800,1.0,0.1,15
CUS103459,169600,0.97,0.09,19
CUS103460,63700,1.0,0.172,24
CUS103461,80300,0.94,0.401,11
CUS103462,118700,0.86,0.265,16
CUS103463,82300,0.939,0.207,16
CUS103464,98100,0.998,0.131,10
CUS103465,163700,0.851,0.097,20
CUS103466,73300,0.998,0.157,18
CUS103467,169700,0.836,0.117,21
CUS103468,40400,0.907,0.184,24
CUS103469,133500,1.0,0.155,13
CUS103470,149800,0.833,0.309,27
CUS103471,61800,0.941,0.07,14
CUS103472,41800,1.0,0.04,15
CUS103473,89900,0.951,0.049,19
CUS103474,122300,1.0,0.28,19
CUS103475,72800,0.998,0.011,10
CUS103476,103800,0.857,0.097,19
CUS103477,196500,0.979,0.088,15
CUS103478,45300,1.0,0.259,15
CUS103479,38900,0.937,0.254,7
CUS103480,72900,0.936,0.173,23
CUS103481,59100,0.843,0.311,24
CUS103482,62200,0.93,0.167,19
CUS103483,149300,0.829,0.142,23
CUS103484,85900,1.0,0.111,16
CUS103485,85700,0.933,0.021,14
CUS103486,72000,0.932,0.033,14
CUS103487,90900,0.849,0.215,23
CUS103488,108700,1.0,0.004,17
CUS103489,283500,0.872,0.262,26
CUS103490,100800,0.922,0.164,21
CUS103491,159300,0.991,0.167,10
CUS103492,92500,0.879,0.034,17
CUS103493,31400,0.97,0.125,22
CUS103494,70500,0.7,0.137,18
CUS103495,91200,0.935,0.107,19
CUS103496,108700,0.98,0.17,26
CUS103497,92300,0.89,0.222,17
CUS103498,115300,0.943,0.035,18
CUS103499,43200,0.967,0.172,18
CUS103500,87800,0.885,0.072,21
CUS103501,144700,0.791,0.125,24
CUS103502,49700,0.963,0.096,24
CUS103503,148000,0.887,0.074,19
CUS103504,137600,1.0,0.193,21
CUS103505,51000,0.993,0.04,20
CUS103506,97000,0.808,0.085,14
CUS103507,104700,0.98,0.061,19
CUS103508,81800,0.944,0.208,14
CUS103509,43700,0.866,0.047,26
CUS103510,78500,0.851,0.087,17
CUS103511,73900,0.915,0.188,14
CUS103512,42500,0.88,0.172,19
CUS103513,45000,0.786,0.321,20
CUS103514,54200,0.999,0.027,22
CUS103515,51000,0.908,0.032,14
CUS103516,101100,0.929,0.164,14
CUS103517,120100,0.887,0.054,13
CUS103518,75100,0.83,0.012,19
CUS103519,117400,0.998,0.039,19
CUS103520,128900,0.88,0.132,19
CUS103521,92600,0.929,0.016,20
CUS103522,107800,0.932,0.117,12
CUS103523,83000,0.921,0.234,14
CUS103524,49800,0.821,0.142,19
CUS103525,59800,0.847,0.435,20
CUS103526,91200,1.0,0.012,11
CUS103527,87600,0.881,0.076,18
CUS103528,131000,1.0,0.238,12
CUS103529,36200,0.943,0.273,17
CUS103530,40500,1.0,0.031,17
CUS103531,45500,0.997,0.087,20
CUS103532,85000,0.998,0.208,18
CUS103533,46100,0.813,0.196,15
CUS103534,92400,1.0,0.066,18
CUS103535,128900,0.893,0.065,18
CUS103536,178800,0.846,0.379,24
CUS103537,177100,0.987,0.128,22
CUS103538,71900,1.0,0.318,32
CUS103539,41600,0.977,0.099,18
CUS103540,63000,0.905,0.02,10
CUS103541,140000,0.976,0.2,20
CUS103542,73900,1.0,0.054,25
CUS103543,85300,0.875,0.073,17
CUS103544,57200,0.85,0.078,22
CUS103545,197700,0.943,0.119,19
CUS103546,61500,0.987,0.054,19
CUS103547,90400,1.0,0.045,19
CUS103548,144300,0.907,0.133,15
CUS103549,205900,0.933,0.173,23
CUS103550,60100,1.0,0.181,22
CUS103551,139400,1.0,0.133,8
CUS103552,72200,0.89,0.115,16
CUS103553,156700,0.996,0.184,17
CUS103554,188400,0.923,0.037,19
CUS103555,50500,0.874,0.092,16
CUS103556,122800,0.819,0.026,20
CUS103557,161700,1.0,0.147,19
CUS103558,76600,0.851,0.098,13
CUS103559,123200,0.85,0.272,11
CUS103560,108500,0.783,0.052,12
CUS103561,205400,0.823,0.04,12
CUS103562,37700,1.0,0.083,13
CUS103563,76600,0.818,0.062,18
CUS103564,52800,0.98,0.114,24
CUS103565,86900,1.0,0.055,22
CUS103566,67200,0.963,0.086,13
CUS103567,81400,1.0,0.103,21
CUS103568,58400,0.989,0.098,18
CUS103569,92900,0.988,0.121,20
CUS103570,147500,0.932,0.104,21
CUS103571,71700,0.808,0.242,7
CUS103572,148000,0.99,0.293,15
CUS103573,133800,0.922,0.063,13
CUS103574,225100,1.0,0.062,14
CUS103575,110500,0.911,0.023,15
CUS103576,85200,0.855,0.119,11
CUS103577,42600,0.99,0.119,30
CUS103578,50700,0.894,0.385,16
CUS103579,82400,0.929,0.245,23
CUS103580,88300,0.815,0.068,21
CUS103581,245500,0.845,0.188,15
CUS103582,79000,1.0,0.163,23
CUS103583,39900,0.949,0.23,19
CUS103584,118500,0.852,0.106,19
CUS103585,91500,0.806,0.272,14
CUS103586,72500,0.939,0.023,9
CUS103587,240000,0.956,0.245,18
CUS103588,35300,0.83,0.034,17
CUS103589,149100,0.956,0.1,14
CUS103590,70900,0.847,0.031,20
CUS103591,55400,0.93,0.092,22
CUS103592,250800,0.929,0.113,16
CUS103593,110400,0.987,0.178,20
CUS103594,68100,0.853,0.025,19
CUS103595,68300,0.98,0.091,24
CUS103596,106200,0.905,0.203,16
CUS103597,69300,0.943,0.15,18
CUS103598,143500,0.952,0.042,19
CUS103599,91800,1.0,0.108,19
CUS103600,131300,0.954,0.089,14
CUS103601,88600,0.947,0.079,17
CUS103602,137500,0.966,0.348,17
CUS103603,152600,0.761,0.106,18
CUS103604,208600,0.915,0.095,20
CUS103605,118600,0.865,0.031,21
CUS103606,55900,0.948,0.171,20
CUS103607,79400,0.876,0.049,22
CUS103608,73700,0.881,0.049,20
CUS103609,65400,1.0,0.056,17
CUS103610,64700,0.801,0.127,19
CUS103611,88800,0.968,0.041,18
CUS103612,54100,1.0,0.048,15
CUS103613,55200,1.0,0.068,22
CUS103614,36500,0.852,0.148,18
CUS103615,101200,0.893,0.023,20
CUS103616,98000,0.839,0.135,24
CUS103617,70900,0.899,0.085,15
CUS103618,124300,1.0,0.115,14
CUS103619,60600,0.793,0.057,24
CUS103620,99700,0.747,0.231,12
CUS103621,99300,0.882,0.038,20
CUS103622,63000,0.812,0.248,18
CUS103623,59200,1.0,0.167,18
CUS103624,71800,0.85,0.022,12
CUS103625,98400,0.979,0.098,18
CUS103626,111600,0.909,0.032,21
CUS103627,67800,0.915,0.146,12
CUS103628,52600,0.769,0.092,17
CUS103629,96300,0.817,0.585,16
CUS103630,40500,0.954,0.084,20
CUS103631,86900,0.987,0.082,17
CUS103632,173200,1.0,0.141,24
CUS103633,64900,0.951,0.216,20
CUS103634,82000,0.952,0.168,24
CUS103635,153600,0.97,0.309,14
CUS103636,128700,0.888,0.052,14
CUS103637,83800,0.887,0.168,16
CUS103638,88100,0.949,0.086,22
CUS103639,50100,0.804,0.027,13
CUS103640,103400,0.903,0.136,14
CUS103641,48400,0.897,0.192,19
CUS103642,34400,0.844,0.307,16
CUS103643,129500,0.886,0.455,18
CUS103644,108700,0.995,0.148,18
CUS103645,132700,0.939,0.12,25
CUS103646,61700,0.797,0.24,15
CUS103647,100100,0.95,0.014,20
CUS103648,65400,0.859,0.006,23
CUS103649,82400,0.998,0.046,15
CUS103650,152500,0.857,0.016,18
CUS103651,85700,0.817,0.15,12
CUS103652,52400,1.0,0.32,16
CUS103653,53900,0.751,0.023,17
CUS103654,100200,0.898,0.014,17
CUS103655,138400,1.0,0.011,10
CUS103656,64000,0.924,0.364,19
CUS103657,110500,0.787,0.032,15
CUS103658,58200,0.866,0.097,20
CUS103659,124400,0.927,0.016,19
CUS103660,95600,0.929,0.328,19
CUS103661,91400,1.0,0.03,18
CUS103662,64800,1.0,0.018,24
CUS103663,106000,0.977,0.205,16
CUS103664,70900,0.882,0.079,19
CUS103665,74900,0.847,0.098,26
CUS103666,44300,1.0,0.062,15
CUS103667,66900,1.0,0.056,17
CUS103668,63400,0.937,0.331,21
CUS103669,105300,0.933,0.204,17
CUS103670,115900,0.983,0.073,19
CUS103671,70300,0.933,0.233,19
CUS103672,82100,0.907,0.288,14
CUS103673,198200,1.0,0.205,16
CUS103674,93500,0.959,0.214,14
CUS103675,73100,0.916,0.254,21
CUS103676,42200,0.955,0.222,22
CUS103677,56300,1.0,0.077,20
CUS103678,57200,0.928,0.126,18
CUS103679,226500,0.961,0.565,10
CUS103680,55900,1.0,0.038,14
CUS103681,93700,0.928,0.016,21
CUS103682,111200,0.945,0.119,22
CUS103683,150100,0.751,0.011,20
CUS103684,97200,0.844,0.071,24
CUS103685,68700,0.96,0.258,13
CUS103686,63700,0.963,0.059,18
CUS103687,109300,1.0,0.3,16
CUS103688,69400,0.983,0.111,15
CUS103689,58900,0.986,0.006,13
CUS103690,74000,1.0,0.014,15
CUS103691,50800,0.948,0.096,23
CUS103692,195300,0.92,0.083,17
CUS103693,123100,0.997,0.194,8
CUS103694,196600,1.0,0.173,22
CUS103695,107300,0.852,0.02,21
CUS103696,173300,0.71,0.142,18
CUS103697,100400,0.925,0.441,20
CUS103698,125500,0.914,0.187,21
CUS103699,34800,0.964,0.047,16
CUS103700,60700,0.782,0.21,15
CUS103701,95500,0.931,0.323,10
CUS103702,77200,0.89,0.345,17
CUS103703,82200,1.0,0.094,21
CUS103704,95500,0.751,0.085,18
CUS103705,90800,1.0,0.042,14
CUS103706,113500,0.965,0.194,12
CUS103707,125000,0.979,0.118,19
CUS103708,152800,0.718,0.106,24
CUS103709,149600,0.949,0.031,23
CUS103710,90100,0.889,0.07,21
CUS103711,205000,0.862,0.134,20
CUS103712,162900,0.805,0.03,24
CUS103713,53400,0.903,0.07,16
CUS103714,98500,0.843,0.109,11
CUS103715,39800,0.945,0.143,15
CUS103716,40600,0.885,0.094,23
CUS103717,66700,1.0,0.097,25
CUS103718,56700,0.979,0.019,21
CUS103719,69800,1.0,0.048,19
CUS103720,93000,0.912,0.078,26
CUS103721,152600,0.937,0.286,16
CUS103722,141200,0.923,0.018,19
CUS103723,112100,0.76,0.024,13
CUS103724,57300,0.906,0.243,17
CUS103725,70900,0.874,0.144,17
CUS103726,119200,0.887,0.098,15
CUS103727,66900,0.95,0.045,13
CUS103728,52600,1.0,0.032,15
CUS103729,116000,1.0,0.082,22
CUS103730,99200,0.941,0.021,15
CUS103731,82000,0.79,0.186,15
CUS103732,146500,0.744,0.192,22
CUS103733,152200,0.966,0.179,27
CUS103734,218300,0.866,0.052,15
CUS103735,63400,0.994,0.087,19
CUS103736,116100,0.868,0.171,14
CUS103737,80800,0.979,0.21,18
CUS103738,97000,1.0,0.128,15
CUS103739,51200,0.917,0.073,17
CUS103740,52200,0.977,0.242,15
CUS103741,77300,0.992,0.18,18
CUS103742,59300,0.871,0.246,18
CUS103743,137700,0.961,0.195,14
CUS103744,40700,1.0,0.205,8
CUS103745,43100,0.948,0.193,11
CUS103746,77700,0.901,0.101,20
CUS103747,47800,0.724,0.172,15
CUS103748,182900,0.887,0.082,29
CUS103749,83700,0.877,0.146,23
CUS103750,61800,0.705,0.262,17
CUS103751,99700,0.878,0.256,17
CUS103752,135900,1.0,0.211,20
CUS103753,87000,0.878,0.148,15
CUS103754,83800,1.0,0.163,14
CUS103755,56700,0.924,0.081,20
CUS103756,114100,0.871,0.27,12
CUS103757,155900,0.978,0.021,19
CUS103758,83600,0.818,0.115,17
CUS103759,65700,1.0,0.008,19
CUS103760,93500,0.929,0.055,16
CUS103761,79800,0.831,0.057,19
CUS103762,51600,0.765,0.102,25
CUS103763,69500,0.816,0.205,17
CUS103764,208400,0.906,0.078,31
CUS103765,49500,0.96,0.264,15
CUS103766,62200,1.0,0.149,17
CUS103767,55500,0.755,0.065,17
CUS103768,64200,0.98,0.065,23
CUS103769,60400,1.0,0.087,23
CUS103770,102800,0.954,0.164,15
CUS103771,147900,1.0,0.003,17
CUS103772,102900,1.0,0.5,12
CUS103773,74700,0.802,0.214,21
CUS103774,171500,0.828,0.029,17
CUS103775,33200,0.941,0.073,17
CUS103776,110900,0.917,0.145,17
CUS103777,60100,0.818,0.12,12
CUS103778,82000,0.858,0.056,19
CUS103779,108500,1.0,0.137,19
CUS103780,41300,0.889,0.317,14
CUS103781,87000,0.838,0.128,16
CUS103782,104600,0.992,0.114,19
CUS103783,153400,0.96,0.03,13
CUS103784,299500,0.933,0.068,18
CUS103785,40600,0.948,0.1,15
CUS103786,158900,1.0,0.079,14
CUS103787,82200,0.854,0.17,12
CUS103788,60100,1.0,0.229,21
CUS103789,97700,1.0,0.133,22
CUS103790,45900,0.967,0.231,19
CUS103791,43600,0.738,0.251,25
CUS103792,41800,0.983,0.092,20
CUS103793,118600,0.953,0.098,15
CUS103794,103600,0.92,0.196,12
CUS103795,60500,0.86,0.139,20
CUS103796,162100,0.885,0.009,13
CUS103797,68400,1.0,0.085,17
CUS103798,145800,0.925,0.059,12
CUS103799,97300,1.0,0.229,12
CUS103800,61400,0.938,0.479,20
CUS103801,81100,0.863,0.055,19
CUS103802,43300,0.903,0.098,29
CUS103803,90200,0.856,0.015,14
CUS103804,82100,0.953,0.088,14
CUS103805,108600,0.857,0.091,18
CUS103806,123100,0.823,0.042,11
CUS103807,96000,0.857,0.2,18
CUS103808,41700,0.878,0.146,24
CUS103809,129100,0.883,0.023,20
CUS103810,94700,0.906,0.044,18
CUS103811,43800,0.876,0.005,18
CUS103812,106300,0.938,0.022,25
CUS103813,117200,0.919,0.037,15
CUS103814,73400,0.869,0.305,18
CUS103815,77100,0.814,0.153,22
CUS103816,55600,0.849,0.083,16
CUS103817,91000,0.982,0.097,24
CUS103818,93600,0.746,0.028,24
CUS103819,55500,0.929,0.059,17
CUS103820,187900,0.888,0.209,13
CUS103821,59500,0.836,0.073,12
CUS103822,31200,0.993,0.068,24
CUS103823,80400,0.863,0.016,18
CUS103824,131200,0.986,0.036,12
CUS103825,77500,0.974,0.067,21
CUS103826,40800,1.0,0.011,19
CUS103827,55900,0.922,0.052,16
CUS103828,55100,0.919,0.243,12
CUS103829,74600,1.0,0.047,22
CUS103830,60800,1.0,0.184,25
CUS103831,100300,0.944,0.026,15
CUS103832,92700,0.956,0.027,16
CUS103833,95400,0.893,0.024,12
CUS103834,195000,0.954,0.109,23
CUS103835,141000,0.793,0.213,27
CUS103836,141700,0.985,0.184,13
CUS103837,38800,0.995,0.009,14
CUS103838,63900,0.925,0.296,19
CUS103839,37500,0.969,0.133,15
CUS103840,65300,0.986,0.106,24
CUS103841,121100,0.937,0.298,23
CUS103842,71900,0.895,0.299,12
CUS103843,146200,0.886,0.104,19
CUS103844,105600,1.0,0.379,23
CUS103845,96700,0.955,0.116,16
CUS103846,150000,0.886,0.227,15
CUS103847,170000,0.992,0.007,18
CUS103848,96300,1.0,0.475,12
CUS103849,100500,0.945,0.111,22
CUS103850,123300,0.878,0.099,17
CUS103851,47300,0.859,0.163,15
CUS103852,90700,0.976,0.137,13
CUS103853,83400,0.938,0.039,22
CUS103854,77600,0.874,0.252,23
CUS103855,59400,0.845,0.105,23
CUS103856,143500,0.864,0.366,10
CUS103857,75000,0.867,0.267,20
CUS103858,100400,0.95,0.393,18
CUS103859,171300,0.813,0.088,25
CUS103860,70700,0.969,0.063,15
CUS103861,77500,0.924,0.131,21
CUS103862,172200,0.875,0.111,21
CUS103863,43000,0.939,0.251,19
CUS103864,79200,0.962,0.017,13
CUS103865,61100,0.771,0.032,25
CUS103866,95200,0.907,0.185,9
CUS103867,119400,1.0,0.021,15
CUS103868,121900,0.935,0.219,19
CUS103869,130500,0.906,0.195,18
CUS103870,74700,0.725,0.096,22
CUS103871,80900,0.973,0.128,18
CUS103872,107400,0.831,0.287,20
CUS103873,133400,1.0,0.06,15
CUS103874,48200,0.887,0.142,13
CUS103875,95900,0.94,0.377,15
CUS103876,65400,0.935,0.204,21
CUS103877,94800,1.0,0.086,14
CUS103878,76300,0.813,0.161,18
CUS103879,57400,0.977,0.38,14
CUS103880,54700,0.963,0.295,19
CUS103881,85500,1.0,0.022,18
CUS103882,114600,0.829,0.194,17
CUS103883,59200,0.798,0.236,16
CUS103884,155100,0.853,0.136,14
CUS103885,302800,0.79,0.45,21
CUS103886,105700,0.958,0.223,21
CUS103887,102400,0.918,0.06,19
CUS103888,55800,0.993,0.169,17
CUS103889,101400,0.892,0.06,15
CUS103890,161600,1.0,0.019,27
CUS103891,221300,0.859,0.31,23
CUS103892,159300,0.943,0.078,15
CUS103893,127800,0.774,0.069,15
CUS103894,109700,0.849,0.281,15
CUS103895,49800,1.0,0.183,16
CUS103896,79300,1.0,0.077,14
CUS103897,87200,0.76,0.042,15
CUS103898,84400,0.91,0.119,15
CUS103899,59200,0.911,0.108,25
CUS103900,122900,1.0,0.269,20
CUS103901,84200,0.722,0.135,16
CUS103902,71500,1.0,0.05,22
CUS103903,69000,0.911,0.21,12
CUS103904,83400,0.865,0.078,13
CUS103905,165600,0.798,0.274,16
CUS103906,81200,0.869,0.104,10
CUS103907,108800,0.868,0.07,16
CUS103908,192700,0.834,0.109,13
CUS103909,143900,0.933,0.113,24
CUS103910,101100,0.915,0.064,25
CUS103911,107400,1.0,0.267,13
CUS103912,75300,0.911,0.002,9
CUS103913,62000,0.888,0.308,21
CUS103914,98000,1.0,0.158,20
CUS103915,91400,0.897,0.183,14
CUS103916,55800,0.941,0.02,20
CUS103917,128400,0.86,0.161,13
CUS103918,81800,0.848,0.243,25
CUS103919,148900,0.956,0.171,14
CUS103920,78200,0.854,0.221,18
CUS103921,88100,0.965,0.247,22
CUS103922,57400,0.992,0.091,14
CUS103923,67900,0.948,0.021,13
CUS103924,147400,1.0,0.121,8
CUS103925,96600,0.767,0.207,12
CUS103926,102700,0.956,0.281,15
CUS103927,181100,0.912,0.231,20
CUS103928,52700,0.916,0.06,13
CUS103929,101700,0.941,0.018,24
CUS103930,40600,0.912,0.071,26
CUS103931,65500,0.951,0.222,22
CUS103932,47600,0.923,0.123,13
CUS103933,145600,1.0,0.1,10
CUS103934,37400,0.902,0.086,28
CUS103935,71400,0.92,0.12,15
CUS103936,44800,0.983,0.153,17
CUS103937,55800,1.0,0.012,17
CUS103938,64600,1.0,0.219,27
CUS103939,150600,0.899,0.158,13
CUS103940,70200,1.0,0.059,16
CUS103941,198600,1.0,0.088,14
CUS103942,225000,0.918,0.203,24
CUS103943,208200,0.944,0.077,15
CUS103944,84300,0.818,0.295,22
CUS103945,89100,1.0,0.174,24
CUS103946,90100,0.787,0.015,25
CUS103947,68300,0.987,0.184,16
CUS103948,113400,0.876,0.223,15
CUS103949,56200,0.886,0.2,22
CUS103950,32800,0.984,0.251,17
CUS103951,114200,0.979,0.076,14
CUS103952,73900,0.857,0.055,11
CUS103953,65100,0.914,0.188,13
CUS103954,55500,0.912,0.041,14
CUS103955,176600,0.873,0.062,18
CUS103956,106200,1.0,0.064,12
CUS103957,38500,0.956,0.247,15
CUS103958,43700,1.0,0.125,15
CUS103959,71800,0.809,0.322,14
CUS103960,109200,0.877,0.013,16
CUS103961,62000,0.972,0.039,14
CUS103962,76200,0.868,0.05,22
CUS103963,90900,0.92,0.093,12
CUS103964,93100,0.88,0.07,19
CUS103965,32600,0.95,0.126,27
CUS103966,89600,0.911,0.065,20
CUS103967,45700,0.882,0.003,14
CUS103968,67700,0.987,0.054,17
CUS103969,68000,0.845,0.239,15
CUS103970,60200,1.0,0.064,19
CUS103971,122200,0.862,0.163,14
CUS103972,49500,0.901,0.122,22
CUS103973,67700,1.0,0.288,19
CUS103974,113300,0.875,0.322,21
CUS103975,68000,0.92,0.087,21
CUS103976,51900,1.0,0.105,18
CUS103977,70900,0.967,0.081,24
CUS103978,110500,0.929,0.096,20
CUS103979,179400,0.807,0.073,16
CUS103980,58500,0.93,0.337,16
CUS103981,56200,0.885,0.174,20
CUS103982,80500,0.831,0.128,22
CUS103983,90400,1.0,0.154,21
CUS103984,58800,0.984,0.123,15
CUS103985,102200,0.9,0.111,14
CUS103986,54200,0.862,0.04,19
CUS103987,32800,0.947,0.096,21
CUS103988,108700,0.854,0.13,19
CUS103989,126600,1.0,0.149,20
CUS103990,159800,0.844,0.221,19
CUS103991,35500,0.989,0.302,27
CUS103992,59500,0.946,0.37,22
CUS103993,71500,0.957,0.114,16
CUS103994,184700,0.895,0.069,22
CUS103995,72400,1.0,0.017,15
CUS103996,52200,1.0,0.201,18
CUS103997,103600,1.0,0.157,17
CUS103998,162400,1.0,0.342,29
CUS103999,150700,0.941,0.126,16
CUS104000,106800,0.855,0.006,8
CUS104001,100300,0.791,0.291,24
CUS104002,31900,0.904,0.13,14
CUS104003,88300,0.953,0.126,22
CUS104004,86600,0.822,0.116,17
CUS104005,85700,0.943,0.132,17
CUS104006,125700,0.966,0.438,17
CUS104007,71600,0.871,0.13,16
CUS104008,76100,0.963,0.155,25
CUS104009,147700,0.84,0.05,22
CUS104010,62200,0.953,0.053,11
CUS104011,74400,0.895,0.144,15
CUS104012,113200,0.767,0.259,13
CUS104013,53700,0.966,0.143,12
CUS104014,56400,1.0,0.151,24
CUS104015,155600,0.837,0.223,18
CUS104016,68100,0.997,0.138,22
CUS104017,103300,0.851,0.108,19
CUS104018,40100,0.898,0.041,21
CUS104019,26000,0.982,0.247,18
CUS104020,98200,0.8,0.447,13
CUS104021,74900,1.0,0.108,15
CUS104022,99400,0.85,0.009,18
CUS104023,227300,0.951,0.044,25
CUS104024,48600,0.966,0.013,12
CUS104025,87100,0.811,0.08,16
CUS104026,196600,0.862,0.231,17
CUS104027,48000,0.811,0.141,15
CUS104028,71000,0.862,0.19,13
CUS104029,42200,1.0,0.115,24
CUS104030,234400,0.9,0.109,19
CUS104031,34600,0.996,0.077,21
CUS104032,107800,0.694,0.422,15
CUS104033,49300,0.939,0.253,9
CUS104034,58000,0.902,0.205,27
CUS104035,159000,0.937,0.272,14
CUS104036,64800,0.91,0.02,14
CUS104037,100100,0.948,0.036,6
CUS104038,157300,0.94,0.163,20
CUS104039,94700,0.876,0.083,20
CUS104040,139700,0.931,0.017,13
CUS104041,86900,0.937,0.196,14
CUS104042,98900,0.926,0.275,17
CUS104043,68200,1.0,0.075,18
CUS104044,200200,0.931,0.108,18
CUS104045,130900,0.896,0.033,17
CUS104046,116000,0.966,0.229,21
CUS104047,117700,1.0,0.246,21
CUS104048,67100,1.0,0.186,17
CUS104049,121600,0.863,0.087,20
CUS104050,159600,0.89,0.083,21
CUS104051,49400,1.0,0.282,18
CUS104052,120100,0.842,0.266,20
CUS104053,97400,0.996,0.068,32
CUS104054,67200,0.919,0.075,16
CUS104055,55900,0.93,0.14,19
CUS104056,149700,0.925,0.253,18
CUS104057,109400,0.891,0.193,15
CUS104058,81500,0.892,0.174,17
CUS104059,109600,0.925,0.102,15
CUS104060,72300,1.0,0.126,19
CUS104061,60600,0.933,0.056,22
CUS104062,92300,0.807,0.4,20
CUS104063,87100,0.968,0.183,18
CUS104064,43300,1.0,0.151,15
CUS104065,65900,0.884,0.081,17
CUS104066,50900,0.837,0.105,11
CUS104067,43500,0.939,0.102,21
CUS104068,105200,0.773,0.071,23
CUS104069,60300,0.921,0.231,18
CUS104070,142300,0.963,0.076,11
CUS104071,41200,0.979,0.098,13
CUS104072,68900,1.0,0.157,15
CUS104073,68600,0.96,0.097,17
CUS104074,38600,0.993,0.138,19
CUS104075,83100,0.984,0.125,20
CUS104076,46100,0.853,0.039,17
CUS104077,90000,0.93,0.165,17
CUS104078,117800,0.94,0.103,19
CUS104079,96100,0.83,0.056,17
CUS104080,97200,0.846,0.047,20
CUS104081,134800,1.0,0.245,17
CUS104082,88800,0.896,0.097,25
CUS104083,56000,1.0,0.115,22
CUS104084,65100,0.939,0.06,17
CUS104085,71300,1.0,0.14,21
CUS104086,63600,1.0,0.218,14
CUS104087,125100,0.879,0.028,18
CUS104088,110700,1.0,0.045,23
CUS104089,39400,0.992,0.163,14
CUS104090,61900,0.949,0.045,18
CUS104091,55000,0.777,0.093,16
CUS104092,87700,0.942,0.123,16
CUS104093,148300,0.947,0.16,14
CUS104094,108100,0.769,0.035,22
CUS104095,62000,0.917,0.043,19
CUS104096,71000,0.73,0.088,21
CUS104097,45500,1.0,0.133,15
CUS104098,43100,0.97,0.041,12
CUS104099,124100,1.0,0.145,19
CUS104100,149100,1.0,0.03,19
CUS104101,66000,0.915,0.131,16
CUS104102,87900,0.955,0.125,17
CUS104103,126900,0.965,0.029,13
CUS104104,45100,0.884,0.093,20
CUS104105,54700,0.845,0.004,19
CUS104106,215500,0.893,0.017,17
CUS104107,58100,0.926,0.079,23
CUS104108,65000,0.924,0.114,16
CUS104109,64800,0.766,0.171,26
CUS104110,36000,0.88,0.261,21
CUS104111,89800,0.89,0.117,20
CUS104112,83100,1.0,0.291,23
CUS104113,108500,1.0,0.397,27
CUS104114,88800,0.88,0.017,14
CUS104115,82300,0.845,0.091,24
CUS104116,67700,0.868,0.181,11
CUS104117,67000,0.767,0.273,22
CUS104118,43200,0.973,0.427,23
CUS104119,61100,0.85,0.124,16
CUS104120,61500,1.0,0.049,20
CUS104121,116900,0.872,0.144,14
CUS104122,106500,0.918,0.206,12
CUS104123,94100,1.0,0.14,22
CUS104124,211300,0.918,0.038,12
CUS104125,59900,1.0,0.027,14
CUS104126,143000,0.892,0.134,25
CUS104127,86100,0.941,0.119,11
CUS104128,93700,0.902,0.204,12
CUS104129,113500,0.9,0.132,16
CUS104130,72400,0.952,0.215,16
CUS104131,48700,0.936,0.01,14
CUS104132,56700,0.972,0.028,18
CUS104133,34100,0.835,0.417,26
CUS104134,108200,1.0,0.016,21
CUS104135,91600,0.999,0.066,18
CUS104136,193100,0.823,0.022,21
CUS104137,122700,0.939,0.155,23
CUS104138,128100,0.864,0.109,12
CUS104139,64900,0.945,0.14,18
CUS104140,101100,0.857,0.177,15
CUS104141,137200,0.927,0.135,19
CUS104142,95700,0.875,0.07,19
CUS104143,64800,0.867,0.025,20
CUS104144,78500,0.969,0.025,13
CUS104145,104100,0.741,0.037,22
CUS104146,67800,0.974,0.172,20
CUS104147,136700,0.937,0.076,24
CUS104148,194600,1.0,0.027,17
CUS104149,126200,1.0,0.125,29
CUS104150,132300,1.0,0.052,16
CUS104151,83500,0.898,0.428,22
CUS104152,63100,0.928,0.096,18
CUS104153,58100,1.0,0.146,21
CUS104154,67700,0.928,0.012,27
CUS104155,116200,0.918,0.174,18
CUS104156,74300,0.88,0.089,9
CUS104157,92500,0.959,0.255,22
CUS104158,109500,0.862,0.29,16
CUS104159,61800,0.785,0.226,26
CUS104160,85000,0.769,0.183,17
CUS104161,101800,0.849,0.128,16
CUS104162,76300,0.823,0.171,13
CUS104163,91100,0.918,0.271,22
CUS104164,56100,0.928,0.041,14
CUS104165,77900,0.803,0.02,17
CUS104166,199000,0.88,0.221,14
CUS104167,67800,0.911,0.055,23
CUS104168,54600,1.0,0.13,26
CUS104169,137600,0.873,0.12,15
CUS104170,112800,0.83,0.272,17
CUS104171,91200,0.919,0.058,19
CUS104172,46500,0.914,0.011,15
CUS104173,49700,0.917,0.159,22
CUS104174,34800,1.0,0.159,21
CUS104175,107300,1.0,0.242,31
CUS104176,111200,0.866,0.051,16
CUS104177,99200,0.974,0.014,23
CUS104178,204800,0.933,0.086,16
CUS104179,64800,0.879,0.47,16
CUS104180,82900,0.894,0.04,20
CUS104181,78700,0.872,0.146,10
CUS104182,70000,0.824,0.048,13
CUS104183,110000,0.905,0.246,19
CUS104184,57100,0.993,0.018,14
CUS104185,45600,0.921,0.097,21
CUS104186,38400,0.836,0.113,32
CUS104187,100000,0.96,0.02,11
CUS104188,66000,0.882,0.165,19
CUS104189,48300,0.825,0.325,19
CUS104190,68500,0.88,0.226,19
CUS104191,186200,0.95,0.392,18
CUS104192,61000,0.786,0.072,22
CUS104193,116900,0.958,0.178,19
CUS104194,120600,1.0,0.062,17
CUS104195,168500,0.937,0.139,20
CUS104196,82500,0.863,0.15,17
CUS104197,42500,0.947,0.114,13
CUS104198,143200,0.933,0.265,16
CUS104199,75600,0.93,0.205,16
CUS104200,150900,0.955,0.24,16
CUS104201,134600,1.0,0.217,15
CUS104202,143100,0.935,0.248,12
CUS104203,242200,0.928,0.17,15
CUS104204,102200,1.0,0.212,25
CUS104205,177300,0.943,0.294,22
CUS104206,72200,0.784,0.033,23
CUS104207,108700,0.884,0.415,26
CUS104208,65200,0.942,0.029,23
CUS104209,83700,0.949,0.062,11
CUS104210,96200,0.87,0.032,17
CUS104211,38500,1.0,0.024,19
CUS104212,62100,0.876,0.102,22
CUS104213,102300,0.999,0.192,17
CUS104214,35600,0.811,0.26,19
CUS104215,77400,1.0,0.159,12
CUS104216,142100,1.0,0.212,10
CUS104217,126700,0.854,0.182,16
CUS104218,62400,0.932,0.037,17
CUS104219,168400,0.877,0.074,22
CUS104220,155900,0.849,0.035,16
CUS104221,36600,1.0,0.221,20
CUS104222,86100,0.836,0.55,10
CUS104223,86900,1.0,0.015,25
CUS104224,166500,0.963,0.41,19
CUS104225,94000,0.907,0.094,20
CUS104226,157900,0.949,0.089,20
CUS104227,51800,0.871,0.084,10
CUS104228,45900,0.761,0.243,21
CUS104229,50000,0.914,0.124,21
CUS104230,161100,0.872,0.046,14
CUS104231,104200,0.88,0.24,24
CUS104232,233100,0.981,0.05,23
CUS104233,44600,1.0,0.05,26
CUS104234,142900,0.927,0.165,24
CUS104235,121900,0.845,0.212,19
CUS104236,83200,0.829,0.154,27
CUS104237,121900,0.872,0.116,11
CUS104238,95900,0.885,0.134,19
CUS104239,106600,1.0,0.188,19
CUS104240,121700,0.984,0.057,18
CUS104241,129400,0.939,0.034,12
CUS104242,85900,0.919,0.305,19
CUS104243,203400,0.953,0.056,11
CUS104244,72300,0.935,0.407,23
CUS104245,186800,0.853,0.107,18
CUS104246,50200,0.871,0.226,22
CUS104247,54300,1.0,0.053,23
CUS104248,53900,0.936,0.154,24
CUS104249,123800,0.939,0.118,21
CUS104250,58300,0.977,0.027,21
CUS104251,175400,0.925,0.225,18
CUS104252,66300,0.981,0.27,22
CUS104253,92400,0.995,0.054,29
CUS104254,115200,0.933,0.015,18
CUS104255,51800,0.794,0.172,12
CUS104256,42500,0.834,0.102,19
CUS104257,90400,0.961,0.11,21
CUS104258,73300,0.968,0.082,19
CUS104259,114700,1.0,0.25,20
CUS104260,42700,1.0,0.019,15
CUS104261,65400,0.848,0.261,17
CUS104262,83900,0.836,0.23,21
CUS104263,28700,1.0,0.444,13
CUS104264,132400,1.0,0.032,13
CUS104265,50500,0.774,0.202,15
CUS104266,154100,0.962,0.072,25
CUS104267,69800,0.956,0.185,17
CUS104268,66800,0.882,0.063,23
CUS104269,45800,0.86,0.272,19
CUS104270,142000,0.874,0.206,13
CUS104271,100200,0.875,0.096,15
CUS104272,151400,0.85,0.075,22
CUS104273,74900,0.868,0.177,23
CUS104274,80500,0.909,0.231,20
CUS104275,47100,0.908,0.062,19
CUS104276,62900,1.0,0.041,20
CUS104277,94300,0.783,0.097,18
CUS104278,100900,0.914,0.086,18
CUS104279,195900,1.0,0.039,18
CUS104280,34200,0.991,0.087,16
CUS104281,92000,0.854,0.021,15
CUS104282,77600,1.0,0.163,19
CUS104283,90200,0.983,0.097,19
CUS104284,87400,1.0,0.079,23
CUS104285,78600,0.815,0.126,20
CUS104286,51000,1.0,0.144,23
CUS104287,48900,0.875,0.029,20
CUS104288,83200,1.0,0.343,13
CUS104289,39200,0.831,0.064,16
CUS104290,82400,0.861,0.095,20
CUS104291,83600,0.989,0.173,16
CUS104292,30900,1.0,0.115,22
CUS104293,189400,0.854,0.133,16
CUS104294,95400,0.942,0.151,13
CUS104295,29400,0.877,0.017,14
CUS104296,96900,0.887,0.073,14
CUS104297,78800,0.996,0.091,14
CUS104298,51100,0.907,0.207,20
CUS104299,112300,0.907,0.129,14
CUS104300,54600,0.815,0.321,26
CUS104301,92300,0.904,0.282,14
CUS104302,64800,1.0,0.022,18
CUS104303,57800,0.899,0.07,17
CUS104304,87100,0.775,0.191,19
CUS104305,41700,0.86,0.055,15
CUS104306,77700,0.884,0.068,20
CUS104307,104100,0.993,0.125,18
CUS104308,127000,1.0,0.07,25
CUS104309,145100,0.754,0.274,19
CUS104310,167500,0.942,0.047,21
CUS104311,75700,0.947,0.058,28
CUS104312,54700,0.879,0.13,25
CUS104313,135900,0.962,0.107,20
CUS104314,54600,0.971,0.106,10
CUS104315,92100,0.906,0.028,16
CUS104316,127800,1.0,0.041,15
CUS104317,239300,0.915,0.039,18
CUS104318,112200,0.915,0.229,16
CUS104319,93700,0.965,0.047,22
CUS104320,56800,1.0,0.115,17
CUS104321,141100,0.92,0.24,15
CUS104322,86900,0.994,0.37,16
CUS104323,67500,1.0,0.285,23
CUS104324,70200,0.948,0.052,21
CUS104325,72400,0.861,0.259,15
CUS104326,87200,0.884,0.067,23
CUS104327,40300,0.855,0.082,13
CUS104328,156400,0.891,0.113,16
CUS104329,147600,0.941,0.143,19
CUS104330,79400,0.956,0.166,16
CUS104331,65100,0.864,0.081,17
CUS104332,89900,0.999,0.288,16
CUS104333,95000,0.865,0.135,16
CUS104334,71200,1.0,0.23,22
CUS104335,135800,0.938,0.204,20
CUS104336,50300,0.893,0.106,13
CUS104337,58500,0.948,0.171,13
CUS104338,106600,0.946,0.6,19
CUS104339,102600,0.941,0.008,7
CUS104340,63600,1.0,0.175,19
CUS104341,94100,0.823,0.077,14
CUS104342,61800,1.0,0.163,19
CUS104343,82400,0.94,0.289,15
CUS104344,136400,0.95,0.13,21
CUS104345,142800,0.935,0.226,14
CUS104346,92200,0.722,0.018,10
CUS104347,54700,0.832,0.036,18
CUS104348,71800,0.863,0.111,21
CUS104349,99900,1.0,0.272,13
CUS104350,186600,0.995,0.147,16
CUS104351,39400,0.983,0.206,17
CUS104352,56800,0.765,0.01,16
CUS104353,155300,0.931,0.112,20
CUS104354,151200,1.0,0.099,19
CUS104355,86800,0.923,0.253,19
CUS104356,191100,0.948,0.089,19
CUS104357,65100,0.836,0.104,27
CUS104358,44100,0.951,0.052,16
CUS104359,102700,0.981,0.229,13
CUS104360,142300,0.927,0.092,20
CUS104361,141500,0.908,0.225,15
CUS104362,68400,0.796,0.203,23
CUS104363,95600,0.735,0.043,32
CUS104364,131000,0.961,0.2,12
CUS104365,101300,0.925,0.321,18
CUS104366,180500,0.855,0.152,21
CUS104367,76400,1.0,0.342,15
CUS104368,84200,0.902,0.19,15
CUS104369,107400,0.832,0.21,24
CUS104370,125400,0.906,0.186,14
CUS104371,81100,0.938,0.184,17
CUS104372,114800,0.812,0.234,21
CUS104373,166700,0.901,0.147,19
CUS104374,74400,0.856,0.038,19
CUS104375,80600,0.85,0.016,20
CUS104376,150200,0.828,0.173,17
CUS104377,214700,0.902,0.198,17
CUS104378,117100,0.866,0.105,14
CUS104379,74700,0.862,0.052,21
CUS104380,103000,0.872,0.151,20
CUS104381,147700,0.883,0.093,19
CUS104382,54600,0.952,0.058,23
CUS104383,53700,0.921,0.103,18
CUS104384,76300,1.0,0.239,16
CUS104385,105500,0.887,0.236,12
CUS104386,43900,0.919,0.11,19
CUS104387,69500,0.959,0.168,11
CUS104388,89600,0.9,0.161,17
CUS104389,148900,0.955,0.103,25
CUS104390,105100,0.804,0.134,20
CUS104391,102500,0.837,0.019,22
CUS104392,132500,0.935,0.081,15
CUS104393,159000,0.898,0.188,21
CUS104394,170900,1.0,0.296,19
CUS104395,38000,1.0,0.144,20
CUS104396,90100,1.0,0.07,24
CUS104397,128000,0.826,0.11,13
CUS104398,175400,0.978,0.142,15
CUS104399,112000,0.796,0.279,18
CUS104400,60900,0.877,0.1,22
CUS104401,60400,1.0,0.09,25
CUS104402,70800,1.0,0.037,12
CUS104403,106900,0.808,0.314,21
CUS104404,75800,0.791,0.185,18
CUS104405,30200,0.919,0.023,22
CUS104406,54100,1.0,0.036,16
CUS104407,62600,1.0,0.008,18
CUS104408,51300,0.976,0.097,20
CUS104409,51500,1.0,0.206,27
CUS104410,240200,1.0,0.151,12
CUS104411,93000,0.803,0.055,18
CUS104412,68200,0.856,0.059,17
CUS104413,129500,0.943,0.134,20
CUS104414,157300,0.832,0.054,25
CUS104415,263900,0.839,0.052,22
CUS104416,159900,1.0,0.381,16
CUS104417,116700,0.96,0.212,23
CUS104418,46700,0.926,0.076,14
CUS104419,55400,0.909,0.162,17
CUS104420,78000,0.918,0.1,17
CUS104421,106500,1.0,0.204,18
CUS104422,94500,0.862,0.082,21
CUS104423,42600,0.762,0.386,16
CUS104424,37300,0.948,0.054,18
CUS104425,105200,0.981,0.041,17
CUS104426,74800,0.822,0.2,17
CUS104427,84600,0.935,0.036,16
CUS104428,102400,0.952,0.056,22
CUS104429,173400,0.993,0.113,18
CUS104430,91900,0.885,0.079,18
CUS104431,51800,0.939,0.206,17
CUS104432,175400,0.807,0.34,11
CUS104433,84600,0.69,0.138,18
CUS104434,78600,1.0,0.369,25
CUS104435,60200,0.969,0.162,17
CUS104436,53400,0.924,0.129,19
CUS104437,60900,0.808,0.068,14
CUS104438,49200,0.921,0.109,16
CUS104439,29600,0.854,0.129,22
CUS104440,91500,0.997,0.328,18
CUS104441,122900,0.908,0.205,16
CUS104442,58800,0.898,0.025,16
CUS104443,255400,1.0,0.196,19
CUS104444,153100,0.984,0.198,13
CUS104445,84900,0.988,0.08,12
CUS104446,52500,0.896,0.011,25
CUS104447,40500,0.978,0.22,26
CUS104448,81000,0.865,0.208,19
CUS104449,94400,0.974,0.171,20
CUS104450,76600,1.0,0.57,13
CUS104451,158900,0.97,0.126,12
CUS104452,163200,0.948,0.194,13
CUS104453,105700,0.854,0.049,26
CUS104454,107100,1.0,0.009,13
CUS104455,73000,0.771,0.087,13
CUS104456,79200,0.875,0.243,12
CUS104457,108600,0.998,0.428,18
CUS104458,78800,0.932,0.259,24
CUS104459,118000,1.0,0.066,21
CUS104460,62600,0.957,0.032,14
CUS104461,68500,0.994,0.279,17
CUS104462,56700,0.785,0.009,20
CUS104463,59900,0.895,0.223,19
CUS104464,74700,0.957,0.451,23
CUS104465,143000,0.961,0.044,23
CUS104466,89400,0.87,0.294,20
CUS104467,39500,1.0,0.156,14
CUS104468,42400,0.787,0.029,15
CUS104469,76900,0.972,0.215,21
CUS104470,131000,0.924,0.136,17
CUS104471,164800,0.87,0.251,15
CUS104472,46800,0.929,0.096,18
CUS104473,114600,0.827,0.164,14
CUS104474,71300,0.904,0.317,18
CUS104475,78800,0.822,0.316,17
CUS104476,55700,1.0,0.007,10
CUS104477,79100,0.968,0.039,18
CUS104478,56000,1.0,0.065,17
CUS104479,74500,0.89,0.036,19
CUS104480,134000,0.887,0.124,14
CUS104481,122600,0.9,0.145,19
CUS104482,203600,0.894,0.287,21
CUS104483,99100,1.0,0.114,15
CUS104484,80000,0.843,0.192,13
CUS104485,106600,0.808,0.152,21
CUS104486,72200,0.899,0.14,10
CUS104487,33100,0.84,0.074,16
CUS104488,122700,0.928,0.101,27
CUS104489,32200,0.831,0.068,13
CUS104490,139700,0.983,0.383,14
CUS104491,138100,0.934,0.099,24
CUS104492,72300,0.823,0.003,12
CUS104493,68100,0.975,0.13,18
CUS104494,83700,0.866,0.159,16
CUS104495,60900,0.902,0.234,20
CUS104496,128100,0.863,0.036,23
CUS104497,124800,0.87,0.222,14
CUS104498,41900,0.899,0.524,17
CUS104499,58800,0.943,0.094,20
CUS104500,85000,0.754,0.021,21
CUS104501,135000,0.83,0.045,16
CUS104502,125000,0.813,0.106,20
CUS104503,32200,0.939,0.139,21
CUS104504,71100,0.801,0.151,17
CUS104505,102900,0.778,0.207,14
CUS104506,61500,1.0,0.176,14
CUS104507,57800,0.954,0.061,15
CUS104508,67100,0.866,0.045,20
CUS104509,72900,0.944,0.058,18
CUS104510,53100,0.792,0.175,11
CUS104511,121900,1.0,0.032,18
CUS104512,55700,0.866,0.161,16
CUS104513,57100,0.695,0.413,18
CUS104514,71700,0.935,0.267,27
CUS104515,171400,0.878,0.284,21
CUS104516,115000,0.95,0.039,18
CUS104517,108400,1.0,0.113,22
CUS104518,94400,0.946,0.206,17
CUS104519,57800,0.98,0.116,23
CUS104520,63700,1.0,0.21,23
CUS104521,56900,0.856,0.206,20
CUS104522,152500,0.913,0.054,26
CUS104523,115000,0.917,0.132,18
CUS104524,42300,0.963,0.201,15
CUS104525,153300,1.0,0.193,26
CUS104526,77100,1.0,0.067,17
CUS104527,116200,0.891,0.026,17
CUS104528,141500,0.784,0.174,7
CUS104529,28300,0.847,0.033,20
CUS104530,110100,1.0,0.156,13
CUS104531,81400,0.834,0.114,16
CUS104532,30800,1.0,0.166,26
CUS104533,54800,0.986,0.131,17
CUS104534,70300,0.699,0.041,16
CUS104535,121100,0.94,0.178,9
CUS104536,81400,1.0,0.116,12
CUS104537,91800,0.847,0.28,22
CUS104538,79300,0.944,0.033,27
CUS104539,128800,0.882,0.093,26
CUS104540,118000,0.857,0.13,19
CUS104541,88600,0.899,0.006,16
CUS104542,46900,0.857,0.048,21
CUS104543,90200,0.922,0.102,24
CUS104544,319900,0.955,0.051,23
CUS104545,139000,0.917,0.121,13
CUS104546,57500,0.883,0.199,16
CUS104547,211600,0.849,0.202,18
CUS104548,65300,0.844,0.095,10
CUS104549,123800,1.0,0.024,16
CUS104550,93800,0.956,0.008,17
CUS104551,99300,0.958,0.222,13
CUS104552,89500,0.919,0.015,14
CUS104553,93000,0.896,0.117,27
CUS104554,72300,0.801,0.127,13
CUS104555,44500,0.887,0.046,16
CUS104556,51400,0.897,0.143,20
CUS104557,102800,0.867,0.083,20
CUS104558,65600,0.968,0.238,9
CUS104559,56000,0.798,0.117,18
CUS104560,298600,0.976,0.136,21
CUS104561,274100,1.0,0.103,22
CUS104562,123000,1.0,0.13,14
CUS104563,128700,0.853,0.114,15
CUS104564,58000,0.782,0.106,15
CUS104565,55100,0.943,0.119,13
CUS104566,72700,0.945,0.192,18
CUS104567,90600,0.934,0.074,14
CUS104568,133300,1.0,0.013,15
CUS104569,34700,0.926,0.11,17
CUS104570,262500,0.955,0.294,14
CUS104571,102000,0.808,0.058,28
CUS104572,42500,0.756,0.062,20
CUS104573,92900,1.0,0.137,17
CUS104574,66700,0.868,0.14,14
CUS104575,58700,0.932,0.255,18
CUS104576,55200,0.779,0.109,26
CUS104577,73500,0.988,0.003,21
CUS104578,202600,0.864,0.106,14
CUS104579,102500,1.0,0.038,22
CUS104580,120900,0.786,0.016,17
CUS104581,132900,0.844,0.068,20
CUS104582,73200,0.838,0.071,18
CUS104583,56700,0.942,0.081,14
CUS104584,44000,0.866,0.073,12
CUS104585,76200,0.967,0.058,16
CUS104586,151000,0.845,0.08,18
CUS104587,129900,0.95,0.03,19
CUS104588,94800,0.935,0.036,23
CUS104589,107500,0.92,0.063,19
CUS104590,78100,0.837,0.217,13
CUS104591,65800,0.906,0.244,18
CUS104592,55200,0.874,0.165,13
CUS104593,43400,0.811,0.238,19
CUS104594,220400,0.819,0.117,17
CUS104595,95000,0.937,0.047,20
CUS104596,65500,0.872,0.183,21
CUS104597,186700,0.944,0.146,18
CUS104598,204100,0.899,0.126,26
CUS104599,336100,1.0,0.052,12
CUS104600,70500,0.966,0.273,14
CUS104601,91700,0.894,0.071,14
CUS104602,108500,1.0,0.131,18
CUS104603,188600,0.861,0.056,20
CUS104604,101400,0.942,0.14,24
CUS104605,53100,0.948,0.083,17
CUS104606,56200,0.882,0.083,21
CUS104607,152200,0.812,0.009,26
CUS104608,136700,0.959,0.024,20
CUS104609,80900,0.892,0.034,13
CUS104610,76800,0.952,0.04,19
CUS104611,75100,0.977,0.08,15
CUS104612,134300,1.0,0.077,12
CUS104613,55300,0.765,0.224,21
CUS104614,48200,0.899,0.072,11
CUS104615,203200,0.887,0.031,18
CUS104616,85900,0.912,0.068,27
CUS104617,87600,0.89,0.023,20
CUS104618,123800,0.909,0.078,11
CUS104619,51000,1.0,0.106,15
CUS104620,127600,0.939,0.179,16
CUS104621,73800,0.961,0.06,23
CUS104622,155800,0.871,0.087,25
CUS104623,44800,0.852,0.07,26
CUS104624,103400,0.951,0.305,18
CUS104625,75000,0.944,0.086,22
CUS104626,56600,0.9,0.015,21
CUS104627,124800,0.935,0.3,20
CUS104628,84900,0.869,0.043,19
CUS104629,116600,1.0,0.164,19
CUS104630,146900,0.87,0.081,14
CUS104631,122800,0.808,0.157,21
CUS104632,48500,1.0,0.065,18
CUS104633,82900,0.791,0.196,20
CUS104634,106100,0.966,0.075,22
CUS104635,133000,0.977,0.12,19
CUS104636,79400,1.0,0.223,22
CUS104637,90100,0.885,0.035,16
CUS104638,101000,0.913,0.041,19
CUS104639,94600,0.8,0.058,17
CUS104640,51300,0.894,0.183,23
CUS104641,46500,0.892,0.131,19
CUS104642,34200,0.916,0.005,15
CUS104643,101400,0.788,0.145,13
CUS104644,45100,0.903,0.056,12
CUS104645,220900,0.828,0.08,23
CUS104646,123000,1.0,0.053,14
CUS104647,55700,0.92,0.176,10
CUS104648,162200,0.967,0.09,11
CUS104649,141300,0.955,0.083,15
CUS104650,171900,0.998,0.047,21
CUS104651,60200,0.966,0.362,20
CUS104652,130900,0.925,0.204,14
CUS104653,168300,0.945,0.245,20
CUS104654,150100,0.795,0.201,16
CUS104655,49100,0.927,0.129,16
CUS104656,82000,1.0,0.045,16
CUS104657,56200,0.954,0.132,20
CUS104658,194900,1.0,0.087,18
CUS104659,102400,0.976,0.15,19
CUS104660,137200,0.77,0.136,23
CUS104661,111800,0.877,0.013,23
CUS104662,103900,0.896,0.194,19
CUS104663,60300,0.907,0.13,11
CUS104664,73800,0.949,0.141,17
CUS104665,109000,0.847,0.1,15
CUS104666,69600,0.915,0.443,19
CUS104667,52700,0.832,0.369,14
CUS104668,78700,0.915,0.048,18
CUS104669,63100,0.721,0.045,12
CUS104670,95300,0.863,0.112,22
CUS104671,72600,0.925,0.155,21
CUS104672,69400,0.876,0.145,16
CUS104673,56000,0.836,0.143,25
CUS104674,88000,0.97,0.076,19
CUS104675,122700,1.0,0.233,21
CUS104676,111900,0.945,0.166,15
CUS104677,41500,1.0,0.144,24
CUS104678,120100,0.908,0.317,22
CUS104679,128700,1.0,0.165,19
CUS104680,120100,0.987,0.135,22
CUS104681,139300,0.887,0.219,20
CUS104682,64400,1.0,0.123,21
CUS104683,67100,1.0,0.078,16
CUS104684,225800,0.928,0.017,14
CUS104685,194300,0.844,0.217,13
CUS104686,79100,0.87,0.084,18
CUS104687,120100,0.928,0.143,22
CUS104688,120100,0.873,0.379,26
CUS104689,157700,1.0,0.137,18
CUS104690,101100,0.926,0.003,24
CUS104691,49300,1.0,0.041,17
CUS104692,68300,1.0,0.106,18
CUS104693,376600,1.0,0.062,15
CUS104694,44000,0.853,0.111,20
CUS104695,82600,1.0,0.134,23
CUS104696,270400,0.831,0.047,18
CUS104697,62700,0.854,0.099,15
CUS104698,29300,0.827,0.034,16
CUS104699,32700,0.972,0.144,27
CUS104700,68100,0.914,0.263,25
CUS104701,41800,1.0,0.349,15
CUS104702,139500,0.992,0.05,16
CUS104703,101800,0.929,0.176,22
CUS104704,35600,0.98,0.113,20
CUS104705,39600,0.988,0.157,19
CUS104706,160000,0.944,0.168,16
CUS104707,101000,1.0,0.158,18
CUS104708,173600,0.928,0.149,22
CUS104709,153100,0.901,0.325,15
CUS104710,50300,0.93,0.164,17
CUS104711,141100,0.838,0.168,23
CUS104712,107100,1.0,0.277,18
CUS104713,37900,0.869,0.182,23
CUS104714,44100,0.974,0.073,25
CUS104715,239700,1.0,0.022,14
CUS104716,55400,1.0,0.338,13
CUS104717,107300,0.823,0.192,20
CUS104718,72100,0.993,0.173,11
CUS104719,92200,1.0,0.143,16
CUS104720,86800,0.92,0.018,17
CUS104721,128900,0.882,0.125,23
CUS104722,150300,0.99,0.085,14
CUS104723,87400,0.882,0.106,18
CUS104724,56400,0.924,0.088,24
CUS104725,67500,0.847,0.022,19
CUS104726,41300,0.868,0.026,15
CUS104727,69700,0.931,0.017,16
CUS104728,40000,0.805,0.237,18
CUS104729,94700,0.843,0.208,21
CUS104730,97100,0.756,0.047,14
CUS104731,150200,0.953,0.144,22
CUS104732,50200,0.852,0.229,22
CUS104733,48300,0.917,0.123,23
CUS104734,151500,1.0,0.105,9
CUS104735,47600,0.802,0.332,15
CUS104736,215500,1.0,0.114,15
CUS104737,58300,0.886,0.083,18
CUS104738,55800,0.996,0.161,16
CUS104739,150000,0.694,0.106,19
CUS104740,104600,0.952,0.155,18
CUS104741,194200,0.727,0.088,20
CUS104742,34400,1.0,0.021,13
CUS104743,119100,0.817,0.323,14
CUS104744,86300,0.942,0.122,17
CUS104745,49500,0.918,0.059,19
CUS104746,209600,1.0,0.022,24
CUS104747,95400,0.942,0.019,16
CUS104748,84000,0.839,0.158,19
CUS104749,107900,0.788,0.067,27
CUS104750,38200,0.976,0.062,20
CUS104751,55000,0.934,0.142,25
CUS104752,73200,0.972,0.053,14
CUS104753,83400,0.856,0.052,20
CUS104754,167800,0.832,0.1,13
CUS104755,60400,0.88,0.284,14
CUS104756,62200,0.946,0.016,17
CUS104757,118200,0.906,0.059,17
CUS104758,81800,0.993,0.112,13
CUS104759,39700,0.874,0.361,17
CUS104760,58100,0.96,0.044,10
CUS104761,75500,0.778,0.085,21
CUS104762,77800,0.903,0.154,17
CUS104763,106800,0.935,0.112,25
CUS104764,56300,0.8,0.217,26
CUS104765,82800,0.753,0.086,14
CUS104766,136000,1.0,0.049,14
CUS104767,31700,0.925,0.068,22
CUS104768,73500,0.983,0.034,15
CUS104769,42400,0.904,0.04,17
CUS104770,79500,0.941,0.131,21
CUS104771,46900,1.0,0.151,28
CUS104772,85800,0.844,0.166,22
CUS104773,179400,0.948,0.075,15
CUS104774,54600,0.857,0.112,16
CUS104775,65600,0.921,0.084,17
CUS104776,72800,0.925,0.129,29
CUS104777,110600,0.969,0.047,25
CUS104778,60800,1.0,0.102,16
CUS104779,74300,1.0,0.076,14
CUS104780,67200,0.934,0.262,10
CUS104781,70900,1.0,0.2,28
CUS104782,107900,0.746,0.169,19
CUS104783,115500,0.883,0.095,24
CUS104784,42500,0.896,0.281,20
CUS104785,100300,0.98,0.124,19
CUS104786,368400,0.87,0.33,17
CUS104787,179100,1.0,0.066,18
CUS104788,62000,0.86,0.029,9
CUS104789,80900,1.0,0.093,17
CUS104790,93300,0.982,0.15,15
CUS104791,92300,0.886,0.07,18
CUS104792,76200,0.915,0.172,12
CUS104793,65000,0.911,0.041,18
CUS104794,61700,0.999,0.149,18
CUS104795,141100,0.959,0.138,14
CUS104796,90000,0.845,0.097,21
CUS104797,117300,0.759,0.066,12
CUS104798,153700,1.0,0.011,26
CUS104799,153200,0.994,0.14,24
CUS104800,159200,0.905,0.167,14
CUS104801,145000,0.879,0.044,19
CUS104802,187900,0.863,0.022,20
CUS104803,56400,0.926,0.026,23
CUS104804,78500,0.982,0.259,17
CUS104805,114100,0.955,0.188,17
CUS104806,55900,0.847,0.19,15
CUS104807,77000,1.0,0.35,18
CUS104808,103300,0.866,0.033,28
CUS104809,82400,1.0,0.051,19
CUS104810,90000,0.806,0.466,18
CUS104811,56300,0.949,0.145,16
CUS104812,77200,0.978,0.307,19
CUS104813,110600,0.752,0.066,15
CUS104814,180800,0.881,0.035,14
CUS104815,66500,0.856,0.025,19
CUS104816,70100,0.98,0.122,16
CUS104817,115300,0.981,0.217,20
CUS104818,27500,0.909,0.234,20
CUS104819,76300,0.945,0.116,18
CUS104820,74500,1.0,0.383,18
CUS104821,109600,0.832,0.241,10
CUS104822,168000,0.914,0.102,17
CUS104823,187600,0.942,0.129,15
CUS104824,104500,0.898,0.072,26
CUS104825,43600,0.939,0.132,12
CUS104826,77600,0.991,0.366,17
CUS104827,66800,0.867,0.139,21
CUS104828,100000,0.929,0.119,13
CUS104829,90700,0.905,0.044,12
CUS104830,57800,0.917,0.138,18
CUS104831,45000,0.897,0.057,17
CUS104832,49700,0.979,0.12,18
CUS104833,54400,0.978,0.178,21
CUS104834,205900,0.922,0.15,23
CUS104835,65900,0.9,0.132,29
CUS104836,100700,0.899,0.09,27
CUS104837,149300,0.943,0.028,24
CUS104838,101500,0.95,0.152,15
CUS104839,48900,0.969,0.081,16
CUS104840,131400,1.0,0.206,21
CUS104841,115200,0.939,0.038,16
CUS104842,36000,0.912,0.072,17
CUS104843,150900,0.814,0.029,15
CUS104844,113900,0.922,0.093,14
CUS104845,103400,0.89,0.257,14
CUS104846,179700,0.838,0.128,17
CUS104847,131500,1.0,0.199,13
CUS104848,134900,0.929,0.204,15
CUS104849,129600,0.948,0.007,19
CUS104850,127300,0.947,0.43,11
CUS104851,40200,0.987,0.057,19
CUS104852,37300,0.748,0.085,13
CUS104853,134900,0.919,0.099,14
CUS104854,168900,0.873,0.067,14
CUS104855,61600,0.835,0.022,9
CUS104856,55500,0.945,0.102,15
CUS104857,97900,0.839,0.065,16
CUS104858,47400,0.845,0.135,18
CUS104859,83800,0.872,0.097,21
CUS104860,63400,0.984,0.157,16
CUS104861,70500,0.887,0.034,19
CUS104862,231300,0.876,0.115,18
CUS104863,72700,0.905,0.108,21
CUS104864,95000,0.999,0.321,25
CUS104865,40500,0.81,0.267,19
CUS104866,136400,0.908,0.161,27
CUS104867,76500,0.953,0.227,20
CUS104868,162300,0.987,0.123,17
CUS104869,32100,1.0,0.18,20
CUS104870,95000,0.905,0.037,14
CUS104871,91600,0.855,0.078,21
CUS104872,123300,0.791,0.067,12
CUS104873,58900,0.835,0.111,27
CUS104874,118800,0.95,0.012,14
CUS104875,76900,0.869,0.044,13
CUS104876,95700,0.815,0.275,14
CUS104877,135400,0.96,0.065,19
CUS104878,52700,0.982,0.282,18
CUS104879,118700,0.873,0.36,12
CUS104880,103300,0.742,0.021,13
CUS104881,88300,0.793,0.006,18
CUS104882,70700,1.0,0.119,12
CUS104883,29400,0.878,0.342,17
CUS104884,78400,0.706,0.045,12
CUS104885,75900,0.812,0.128,16
CUS104886,105100,0.915,0.045,12
CUS104887,97600,0.859,0.232,11
CUS104888,136000,0.962,0.089,12
CUS104889,144900,0.76,0.191,12
CUS104890,362100,0.886,0.182,17
CUS104891,99200,0.942,0.071,14
CUS104892,56700,0.787,0.105,16
CUS104893,120700,0.866,0.175,16
CUS104894,180200,0.852,0.058,10
CUS104895,105100,0.838,0.307,20
CUS104896,33500,0.932,0.191,15
CUS104897,112700,1.0,0.207,14
CUS104898,62500,0.945,0.042,17
CUS104899,55500,0.872,0.371,13
CUS104900,100700,1.0,0.128,20
CUS104901,49400,0.823,0.252,17
CUS104902,157400,0.826,0.016,18
CUS104903,123400,0.829,0.068,19
CUS104904,80600,0.878,0.088,8
CUS104905,59700,1.0,0.024,18
CUS104906,82500,1.0,0.021,27
CUS104907,52700,1.0,0.32,11
CUS104908,83000,0.908,0.171,19
CUS104909,27800,0.934,0.032,23
CUS104910,90700,1.0,0.083,24
CUS104911,81700,0.887,0.017,13
CUS104912,135300,1.0,0.088,20
CUS104913,95300,0.979,0.336,17
CUS104914,132400,0.936,0.113,29
CUS104915,104700,0.923,0.084,16
CUS104916,130200,0.926,0.193,18
CUS104917,293700,0.964,0.25,16
CUS104918,105600,1.0,0.127,23
CUS104919,90100,0.852,0.011,18
CUS104920,143100,0.919,0.419,13
CUS104921,70300,1.0,0.127,18
CUS104922,92800,0.853,0.214,19
CUS104923,98000,0.707,0.107,20
CUS104924,93800,0.837,0.035,25
CUS104925,86200,0.916,0.265,18
CUS104926,120900,0.863,0.252,17
CUS104927,33700,0.943,0.159,17
CUS104928,214900,0.914,0.11,19
CUS104929,125100,0.953,0.086,16
CUS104930,73800,0.915,0.106,22
CUS104931,180700,0.917,0.151,17
CUS104932,90200,0.841,0.068,23
CUS104933,83100,0.987,0.143,16
CUS104934,91500,0.957,0.195,13
CUS104935,158200,1.0,0.081,18
CUS104936,84600,0.897,0.192,20
CUS104937,70100,0.904,0.388,26
CUS104938,123200,0.825,0.138,21
CUS104939,140400,0.97,0.267,26
CUS104940,159600,0.981,0.053,11
CUS104941,124700,0.905,0.166,19
CUS104942,154200,0.845,0.07,17
CUS104943,77400,0.917,0.134,15
CUS104944,154400,0.861,0.032,18
CUS104945,125300,0.927,0.142,11
CUS104946,92800,1.0,0.145,14
CUS104947,48000,1.0,0.308,23
CUS104948,69300,0.779,0.32,19
CUS104949,98300,1.0,0.111,24
CUS104950,94000,0.823,0.117,23
CUS104951,250800,0.866,0.28,23
CUS104952,126600,1.0,0.136,16
CUS104953,53700,0.956,0.248,23
CUS104954,70400,0.902,0.134,15
CUS104955,190200,0.875,0.028,18
CUS104956,72100,0.863,0.067,16
CUS104957,125200,1.0,0.082,23
CUS104958,97400,0.907,0.072,20
CUS104959,80300,0.987,0.114,18
CUS104960,70100,0.684,0.106,18
CUS104961,29900,0.916,0.034,23
CUS104962,114900,0.946,0.109,22
CUS104963,60700,0.96,0.214,17
CUS104964,50500,0.986,0.249,16
CUS104965,102100,0.773,0.144,19
CUS104966,137000,0.869,0.111,10
CUS104967,37800,0.935,0.391,15
CUS104968,139000,0.818,0.073,21
CUS104969,58200,0.923,0.002,22
CUS104970,118000,0.894,0.083,20
CUS104971,100500,1.0,0.178,10
CUS104972,72700,1.0,0.168,12
CUS104973,91100,0.965,0.12,12
CUS104974,72400,1.0,0.051,18
CUS104975,101100,0.882,0.154,23
CUS104976,95600,1.0,0.182,17
CUS104977,60000,0.971,0.186,14
CUS104978,43400,1.0,0.026,18
CUS104979,128300,1.0,0.152,27
CUS104980,80000,0.754,0.168,14
CUS104981,140000,0.989,0.163,20
CUS104982,70900,1.0,0.247,21
CUS104983,56700,0.923,0.255,25
CUS104984,51500,0.861,0.047,11
CUS104985,76100,0.871,0.135,22
CUS104986,114100,0.823,0.044,13
CUS104987,66600,0.997,0.457,22
CUS104988,181500,0.997,0.039,14
CUS104989,59100,0.959,0.134,21
CUS104990,101600,1.0,0.043,24
CUS104991,60800,1.0,0.115,12
CUS104992,62300,0.841,0.104,18
CUS104993,75800,0.886,0.135,14
CUS104994,61400,1.0,0.066,14
CUS104995,87200,0.868,0.078,19
CUS104996,106100,0.919,0.333,16
CUS104997,120400,1.0,0.114,13
CUS104998,59800,0.95,0.052,15
CUS104999,96200,0.987,0.032,20
CUS105000,88200,0.991,0.016,14
CUS105001,33500,0.9,0.128,16
CUS105002,55700,0.954,0.285,23
CUS105003,103500,0.867,0.227,18
CUS105004,40700,0.862,0.182,22
CUS105005,74500,0.908,0.055,16
CUS105006,36500,0.88,0.084,20
CUS105007,79200,0.959,0.182,15
CUS105008,36000,0.898,0.102,20
CUS105009,63700,0.849,0.24,12
CUS105010,70600,1.0,0.149,22
CUS105011,80100,0.943,0.125,19
CUS105012,78500,1.0,0.001,17
CUS105013,53200,0.903,0.518,12
CUS105014,51200,0.86,0.07,19
CUS105015,37500,0.85,0.283,17
CUS105016,88400,0.94,0.081,14
CUS105017,92000,0.886,0.078,17
CUS105018,116000,0.962,0.218,16
CUS105019,71800,0.869,0.291,20
CUS105020,39800,0.933,0.128,17
CUS105021,72200,0.847,0.184,18
CUS105022,70200,0.926,0.06,12
CUS105023,43200,1.0,0.315,16
CUS105024,56200,1.0,0.072,20
CUS105025,106700,0.946,0.077,17
CUS105026,91500,0.84,0.172,18
CUS105027,139600,0.859,0.139,22
CUS105028,219200,0.822,0.387,20
CUS105029,40600,0.878,0.024,9
CUS105030,60200,0.908,0.045,14
CUS105031,95400,0.862,0.06,20
CUS105032,95300,0.942,0.109,21
CUS105033,112100,0.867,0.061,11
CUS105034,122300,0.955,0.102,21
CUS105035,152100,0.953,0.099,17
CUS105036,95200,0.924,0.211,18
CUS105037,60700,1.0,0.189,11
CUS105038,223800,0.935,0.274,23
CUS105039,92400,0.898,0.127,22
CUS105040,80900,0.93,0.209,19
CUS105041,54300,1.0,0.185,24
CUS105042,94700,0.878,0.114,18
CUS105043,144200,0.744,0.367,18
CUS105044,61200,1.0,0.166,18
CUS105045,80800,0.947,0.078,21
CUS105046,98500,0.857,0.294,23
CUS105047,100200,0.93,0.084,19
CUS105048,72500,0.893,0.228,23
CUS105049,80400,0.799,0.091,17
CUS105050,72700,0.934,0.088,19
CUS105051,48200,0.865,0.428,19
CUS105052,65800,0.879,0.002,15
CUS105053,61200,0.901,0.131,17
CUS105054,47600,0.877,0.156,18
CUS105055,142400,0.951,0.023,17
CUS105056,88400,0.889,0.055,13
CUS105057,91600,1.0,0.109,14
CUS105058,142000,0.806,0.064,15
CUS105059,138000,0.95,0.131,21
CUS105060,58800,0.814,0.058,18
CUS105061,144500,0.939,0.108,11
CUS105062,125800,0.924,0.02,22
CUS105063,52600,0.91,0.126,17
CUS105064,131400,0.956,0.04,14
CUS105065,75200,0.771,0.117,20
CUS105066,133500,1.0,0.058,17
CUS105067,74800,0.93,0.184,22
CUS105068,76100,0.952,0.083,11
CUS105069,65700,0.87,0.131,13
CUS105070,56000,1.0,0.02,20
CUS105071,42300,1.0,0.059,18
CUS105072,34200,0.826,0.102,17
CUS105073,60600,0.982,0.122,11
CUS105074,299500,0.825,0.129,22
CUS105075,119400,1.0,0.111,15
CUS105076,197500,0.888,0.144,21
CUS105077,65500,0.842,0.085,14
CUS105078,69200,0.887,0.082,18
CUS105079,234700,1.0,0.052,23
CUS105080,105900,0.986,0.131,23
CUS105081,54700,1.0,0.014,16
CUS105082,113700,0.81,0.159,17
CUS105083,138100,0.979,0.263,19
CUS105084,43300,0.89,0.124,21
CUS105085,104400,0.903,0.215,21
CUS105086,47900,1.0,0.211,15
CUS105087,155300,0.922,0.156,14
CUS105088,86300,0.996,0.086,20
CUS105089,115400,0.848,0.05,19
CUS105090,70600,1.0,0.324,21
CUS105091,32900,0.872,0.108,17
CUS105092,77600,0.911,0.304,9
CUS105093,139600,0.968,0.152,15
CUS105094,210000,0.941,0.027,19
CUS105095,81800,0.806,0.251,12
CUS105096,70500,0.955,0.029,29
CUS105097,123800,0.747,0.199,25
CUS105098,115000,0.949,0.126,24
CUS105099,81300,0.943,0.058,21
CUS105100,89900,1.0,0.127,20
CUS105101,90500,0.901,0.03,19
CUS105102,93000,0.987,0.115,13
CUS105103,106900,0.835,0.021,17
CUS105104,201300,1.0,0.09,14
CUS105105,35300,0.951,0.042,12
CUS105106,73800,0.794,0.213,22
CUS105107,56400,1.0,0.089,17
CUS105108,165600,0.912,0.113,16
CUS105109,77500,0.916,0.113,13
CUS105110,118400,0.948,0.079,13
CUS105111,188900,0.836,0.275,13
CUS105112,58300,1.0,0.09,11
CUS105113,71300,0.834,0.24,9
CUS105114,152700,0.939,0.194,26
CUS105115,54400,0.914,0.077,22
CUS105116,70000,1.0,0.057,20
CUS105117,44500,0.811,0.083,17
CUS105118,160800,0.853,0.097,15
CUS105119,65200,1.0,0.031,25
CUS105120,106800,0.844,0.022,19
CUS105121,108000,0.957,0.171,17
CUS105122,65700,0.894,0.103,30
CUS105123,37200,0.926,0.051,12
CUS105124,87500,1.0,0.091,17
CUS105125,71700,1.0,0.322,15
CUS105126,85400,0.984,0.191,15
CUS105127,84400,0.947,0.114,14
CUS105128,62800,0.899,0.061,12
CUS105129,65000,0.936,0.168,17
CUS105130,105500,0.975,0.048,17
CUS105131,64300,0.847,0.296,20
CUS105132,81400,0.85,0.195,16
CUS105133,71700,0.98,0.066,21
CUS105134,91700,0.893,0.059,19
CUS105135,122800,0.882,0.222,23
CUS105136,146200,0.785,0.219,17
CUS105137,135500,0.918,0.102,20
CUS105138,79600,0.978,0.076,28
CUS105139,78400,1.0,0.072,23
CUS105140,47800,1.0,0.11,17
CUS105141,65800,0.947,0.023,24
CUS105142,75600,1.0,0.084,25
CUS105143,69500,0.905,0.416,22
CUS105144,66900,0.781,0.196,20
CUS105145,38000,0.899,0.201,14
CUS105146,51300,0.896,0.215,25
CUS105147,81800,0.94,0.144,23
CUS105148,94000,0.911,0.069,20
CUS105149,110700,0.914,0.112,20
CUS105150,87300,0.989,0.001,14
CUS105151,85900,0.881,0.03,13
CUS105152,158300,0.824,0.297,24
CUS105153,76100,0.966,0.126,16
CUS105154,57300,0.877,0.006,15
CUS105155,50000,0.913,0.13,14
CUS105156,124700,0.985,0.037,17
CUS105157,41800,1.0,0.111,25
CUS105158,59100,1.0,0.069,14
CUS105159,113100,0.887,0.245,21
CUS105160,32100,1.0,0.025,24
CUS105161,65800,0.999,0.118,20
CUS105162,93300,1.0,0.375,13
CUS105163,78900,0.861,0.209,20
CUS105164,49900,0.894,0.004,12
CUS105165,62200,0.872,0.182,14
CUS105166,121800,0.938,0.052,20
CUS105167,205400,0.907,0.076,14
CUS105168,87600,1.0,0.126,17
CUS105169,37200,0.883,0.103,13
CUS105170,105900,0.911,0.134,15
CUS105171,80600,0.793,0.356,20
CUS105172,54300,1.0,0.1,17
CUS105173,66800,0.857,0.09,16
CUS105174,63800,0.97,0.121,20
CUS105175,39000,0.908,0.142,15
CUS105176,74400,0.889,0.02,16
CUS105177,219900,0.864,0.066,17
CUS105178,48600,0.937,0.048,13
CUS105179,207100,0.929,0.224,16
CUS105180,103800,1.0,0.111,20
CUS105181,80200,1.0,0.127,19
CUS105182,73100,0.861,0.017,18
CUS105183,55000,0.867,0.077,19
CUS105184,101900,0.902,0.395,15
CUS105185,109100,0.965,0.043,11
CUS105186,29200,0.8,0.121,20
CUS105187,318500,0.938,0.087,8
CUS105188,40000,0.925,0.392,19
CUS105189,79200,0.908,0.085,22
CUS105190,30700,1.0,0.045,18
CUS105191,76600,0.817,0.081,13
CUS105192,75600,0.846,0.024,15
CUS105193,69200,0.866,0.172,14
CUS105194,96000,0.885,0.221,20
CUS105195,68600,0.895,0.33,21
CUS105196,123400,1.0,0.152,11
CUS105197,43200,1.0,0.06,19
CUS105198,90500,0.874,0.083,17
CUS105199,65200,0.95,0.111,19
CUS105200,66600,0.831,0.092,16
CUS105201,101600,0.827,0.105,26
CUS105202,70300,0.802,0.179,21
CUS105203,88600,0.925,0.142,21
CUS105204,55400,0.881,0.145,16
CUS105205,152700,0.945,0.1,18
CUS105206,119500,0.893,0.115,24
CUS105207,79500,0.947,0.275,21
CUS105208,82600,0.919,0.131,17
CUS105209,79900,0.975,0.091,14
CUS105210,142800,0.954,0.08,24
CUS105211,110200,0.819,0.29,24
CUS105212,136900,0.881,0.273,14
CUS105213,73500,0.82,0.15,18
CUS105214,105900,0.986,0.095,21
CUS105215,137100,0.819,0.215,15
CUS105216,57900,1.0,0.097,15
CUS105217,52300,0.921,0.35,17
CUS105218,96500,0.93,0.199,19
CUS105219,47800,0.958,0.138,15
CUS105220,41200,1.0,0.244,22
CUS105221,142700,0.931,0.044,18
CUS105222,140500,0.995,0.054,16
CUS105223,44100,0.96,0.084,14
CUS105224,50800,0.921,0.089,21
CUS105225,73400,1.0,0.095,11
CUS105226,157000,0.882,0.192,19
CUS105227,67000,1.0,0.131,19
CUS105228,83600,0.822,0.048,11
CUS105229,104000,1.0,0.071,22
CUS105230,101700,0.933,0.032,22
CUS105231,184900,1.0,0.194,17
CUS105232,58800,0.958,0.248,27
CUS105233,76900,0.918,0.055,21
CUS105234,94700,0.94,0.063,18
CUS105235,85100,0.96,0.05,13
CUS105236,45300,0.79,0.066,17
CUS105237,46600,0.984,0.148,15
CUS105238,50700,0.853,0.248,23
CUS105239,134500,0.868,0.12,14
CUS105240,64300,0.801,0.032,16
CUS105241,117900,0.858,0.136,16
CUS105242,82900,0.822,0.12,22
CUS105243,58800,0.851,0.234,21
CUS105244,54300,0.862,0.221,21
CUS105245,82700,0.944,0.081,18
CUS105246,85300,0.884,0.041,15
CUS105247,110600,1.0,0.449,26
CUS105248,67000,0.93,0.265,18
CUS105249,61800,0.836,0.025,17
CUS105250,90000,0.905,0.016,23
CUS105251,148200,0.957,0.122,21
CUS105252,32000,0.909,0.082,19
CUS105253,69000,0.858,0.055,21
CUS105254,124400,0.633,0.166,11
CUS105255,95500,0.946,0.154,24
CUS105256,113600,0.887,0.257,15
CUS105257,74300,0.875,0.09,26
CUS105258,41300,0.929,0.16,17
CUS105259,179200,0.956,0.053,23
CUS105260,144700,0.856,0.019,24
CUS105261,92300,0.933,0.166,14
CUS105262,57000,0.764,0.324,14
CUS105263,64500,0.904,0.142,19
CUS105264,95500,1.0,0.065,18
CUS105265,86600,0.852,0.238,25
CUS105266,85100,0.77,0.344,23
CUS105267,187400,0.966,0.154,21
CUS105268,148900,0.863,0.01,15
CUS105269,50500,0.957,0.086,18
CUS105270,89500,0.84,0.041,21
CUS105271,65300,1.0,0.116,16
CUS105272,101300,0.924,0.075,28
CUS105273,80100,0.825,0.284,23
CUS105274,381500,0.949,0.126,19
CUS105275,120400,0.846,0.266,18
CUS105276,70700,0.938,0.232,16
CUS105277,191500,0.94,0.045,14
CUS105278,104600,0.993,0.039,10
CUS105279,40900,1.0,0.259,11
CUS105280,90600,0.854,0.219,18
CUS105281,102200,0.96,0.069,16
CUS105282,102400,0.985,0.309,17
CUS105283,129500,0.934,0.102,23
CUS105284,90300,0.929,0.086,16
CUS105285,90100,0.961,0.265,18
CUS105286,45200,0.906,0.011,24
CUS105287,160900,0.798,0.065,23
CUS105288,69500,0.822,0.229,16
CUS105289,58100,1.0,0.264,16
CUS105290,270500,0.924,0.073,16
CUS105291,194900,0.831,0.057,23
CUS105292,70400,0.994,0.163,23
CUS105293,37200,0.933,0.06,14
CUS105294,57800,0.723,0.235,17
CUS105295,165100,0.984,0.24,16
CUS105296,93900,0.811,0.074,28
CUS105297,45300,1.0,0.307,13
CUS105298,131300,0.765,0.232,16
CUS105299,84800,0.906,0.117,21
CUS105300,64100,0.83,0.121,15
CUS105301,81000,0.851,0.002,9
CUS105302,133700,0.824,0.051,22
CUS105303,114800,1.0,0.023,21
CUS105304,47900,0.894,0.1,13
CUS105305,98200,0.852,0.288,15
CUS105306,78000,0.83,0.212,15
CUS105307,64800,1.0,0.053,17
CUS105308,74500,0.848,0.366,15
CUS105309,61600,0.956,0.058,15
CUS105310,70400,0.986,0.078,16
CUS105311,99000,0.944,0.091,19
CUS105312,88900,0.917,0.275,18
CUS105313,117300,0.915,0.223,11
CUS105314,64500,0.945,0.152,21
CUS105315,125300,1.0,0.041,26
CUS105316,167900,0.953,0.009,12
CUS105317,73500,0.862,0.067,16
CUS105318,99800,0.813,0.071,15
CUS105319,116400,0.994,0.112,24
CUS105320,72300,0.903,0.158,15
CUS105321,97500,0.99,0.211,16
CUS105322,29700,0.96,0.016,11
CUS105323,26100,1.0,0.245,24
CUS105324,85100,0.866,0.075,24
CUS105325,109400,0.868,0.191,20
CUS105326,86200,0.973,0.125,24
CUS105327,128100,0.92,0.181,20
CUS105328,45100,1.0,0.106,22
CUS105329,129500,0.891,0.432,17
CUS105330,184600,0.861,0.148,23
CUS105331,67200,0.974,0.108,17
CUS105332,121100,0.842,0.079,10
CUS105333,99800,0.87,0.046,23
CUS105334,89600,0.812,0.156,19
CUS105335,177000,0.918,0.047,24
CUS105336,104600,0.868,0.057,17
CUS105337,119500,0.87,0.081,22
CUS105338,46500,0.685,0.399,13
CUS105339,113400,0.745,0.011,23
CUS105340,179000,0.939,0.196,14
CUS105341,57700,1.0,0.281,15
CUS105342,78800,0.793,0.117,16
CUS105343,119200,0.992,0.175,20
CUS105344,105000,0.847,0.125,21
CUS105345,44300,0.998,0.296,12
CUS105346,86700,0.895,0.202,14
CUS105347,72900,0.952,0.061,17
CUS105348,58200,0.847,0.033,15
CUS105349,141900,0.97,0.072,24
CUS105350,94900,0.831,0.364,19
CUS105351,123200,0.928,0.063,20
CUS105352,46300,0.962,0.18,21
CUS105353,110700,0.85,0.158,20
CUS105354,123200,0.785,0.133,8
CUS105355,81400,1.0,0.253,14
CUS105356,76500,1.0,0.03,17
CUS105357,46300,0.805,0.067,17
CUS105358,51600,1.0,0.049,24
CUS105359,69000,0.997,0.07,15
CUS105360,52900,0.956,0.116,24
CUS105361,70400,1.0,0.505,15
CUS105362,80900,0.883,0.047,18
CUS105363,89600,0.964,0.078,17
CUS105364,145200,1.0,0.131,9
CUS105365,56400,0.976,0.217,17
CUS105366,89800,0.95,0.08,21
CUS105367,67800,0.846,0.027,15
CUS105368,63200,0.94,0.161,15
CUS105369,76400,0.844,0.216,11
CUS105370,86400,0.916,0.049,14
CUS105371,100700,0.872,0.183,26
CUS105372,67700,0.907,0.148,15
CUS105373,151800,0.889,0.174,17
CUS105374,37500,1.0,0.103,16
CUS105375,149400,0.882,0.134,15
CUS105376,69700,0.918,0.455,25
CUS105377,79500,0.811,0.125,17
CUS105378,83000,0.902,0.228,24
CUS105379,107700,0.923,0.155,19
CUS105380,57300,0.857,0.068,31
CUS105381,65600,1.0,0.144,26
CUS105382,115200,0.962,0.112,24
CUS105383,44100,0.925,0.124,14
CUS105384,85500,0.838,0.086,11
CUS105385,61300,0.957,0.084,17
CUS105386,53500,1.0,0.123,26
CUS105387,46700,1.0,0.072,15
CUS105388,129800,0.995,0.18,15
CUS105389,91900,0.924,0.029,25
CUS105390,61900,0.933,0.079,24
CUS105391,88400,0.897,0.033,17
CUS105392,56400,0.904,0.102,18
CUS105393,72700,0.845,0.105,20
CUS105394,84900,0.886,0.008,23
CUS105395,86200,0.879,0.099,17
CUS105396,109700,0.933,0.074,15
CUS105397,43800,1.0,0.058,21
CUS105398,107300,0.792,0.085,15
CUS105399,38300,0.953,0.169,15
CUS105400,122000,1.0,0.253,23
CUS105401,80900,0.897,0.356,18
CUS105402,143500,1.0,0.055,15
CUS105403,68800,0.937,0.036,19
CUS105404,133000,0.854,0.016,16
CUS105405,51500,0.783,0.031,18
CUS105406,85500,0.823,0.044,20
CUS105407,31600,0.968,0.149,15
CUS105408,124400,0.851,0.334,11
CUS105409,175900,0.923,0.013,15
CUS105410,71400,0.911,0.048,23
CUS105411,97200,0.914,0.203,21
CUS105412,105300,1.0,0.165,17
CUS105413,44100,0.912,0.067,15
CUS105414,71300,0.915,0.194,15
CUS105415,59700,0.853,0.113,13
CUS105416,246700,1.0,0.135,17
CUS105417,129900,0.769,0.063,17
CUS105418,77200,0.9,0.254,13
CUS105419,123600,1.0,0.046,23
CUS105420,90300,0.913,0.06,18
CUS105421,89200,0.881,0.393,36
CUS105422,47900,0.871,0.06,17
CUS105423,164900,1.0,0.234,16
CUS105424,51900,0.971,0.028,19
CUS105425,53900,0.985,0.22,11
CUS105426,114800,0.798,0.076,19
CUS105427,98400,0.792,0.129,10
CUS105428,83900,0.858,0.179,24
CUS105429,137700,0.866,0.126,22
CUS105430,59700,0.815,0.133,13
CUS105431,202600,0.836,0.027,20
CUS105432,65000,0.821,0.182,14
CUS105433,92600,0.942,0.158,23
CUS105434,217300,1.0,0.202,16
CUS105435,67700,0.955,0.12,25
CUS105436,135300,0.931,0.234,18
CUS105437,67700,0.942,0.262,24
CUS105438,58300,0.8,0.063,19
CUS105439,67300,0.859,0.33,12
CUS105440,120700,0.861,0.311,24
CUS105441,114800,0.971,0.128,18
CUS105442,85700,0.815,0.274,21
CUS105443,42800,0.817,0.005,13
CUS105444,118200,0.899,0.152,15
CUS105445,76500,0.753,0.003,18
CUS105446,53500,0.978,0.213,25
CUS105447,103100,0.791,0.213,17
CUS105448,163600,0.846,0.016,17
CUS105449,86200,0.876,0.167,13
CUS105450,119500,0.84,0.055,22
CUS105451,97200,0.898,0.133,21
CUS105452,96900,0.78,0.274,19
CUS105453,85400,0.872,0.357,27
CUS105454,121400,0.869,0.068,17
CUS105455,131300,1.0,0.337,14
CUS105456,138200,0.99,0.086,21
CUS105457,76200,0.931,0.174,26
CUS105458,118400,0.876,0.064,14
CUS105459,102700,0.988,0.201,16
CUS105460,57600,0.928,0.178,15
CUS105461,67200,0.942,0.147,15
CUS105462,69000,0.876,0.079,18
CUS105463,38000,0.875,0.04,18
CUS105464,118500,0.833,0.095,9
CUS105465,331300,0.956,0.17,19
CUS105466,150400,0.858,0.186,22
CUS105467,72900,0.772,0.137,22
CUS105468,60700,0.898,0.059,23
CUS105469,56200,0.912,0.078,11
CUS105470,85100,0.848,0.065,23
CUS105471,112900,0.965,0.053,13
CUS105472,75300,0.936,0.097,14
CUS105473,253100,1.0,0.16,19
CUS105474,46400,1.0,0.367,24
CUS105475,93000,0.833,0.137,18
CUS105476,90800,1.0,0.006,13
CUS105477,85900,0.92,0.042,22
CUS105478,70900,0.976,0.12,20
CUS105479,89800,0.948,0.081,15
CUS105480,71000,1.0,0.157,14
CUS105481,155000,0.944,0.129,22
CUS105482,160900,0.937,0.136,12
CUS105483,68700,0.992,0.384,17
CUS105484,42600,1.0,0.255,25
CUS105485,91300,0.882,0.312,19
CUS105486,100600,0.941,0.032,12
CUS105487,79800,0.946,0.154,13
CUS105488,108800,0.916,0.112,17
CUS105489,175700,0.687,0.112,13
CUS105490,107600,0.883,0.106,13
CUS105491,106600,0.771,0.301,18
CUS105492,116600,1.0,0.301,15
CUS105493,102900,1.0,0.281,9
CUS105494,55400,0.887,0.14,23
CUS105495,166400,0.937,0.019,19
CUS105496,94700,0.758,0.01,17
CUS105497,61000,0.944,0.184,18
CUS105498,55100,0.984,0.19,17
CUS105499,52100,0.819,0.201,20
CUS105500,53900,0.958,0.142,10
CUS105501,117700,0.79,0.058,18
CUS105502,71200,0.812,0.128,9
CUS105503,129400,0.92,0.262,11
CUS105504,124200,0.989,0.102,17
CUS105505,140600,0.937,0.008,17
CUS105506,102200,0.813,0.282,23
CUS105507,95900,0.752,0.237,17
CUS105508,93500,0.973,0.047,17
CUS105509,71700,0.975,0.041,18
CUS105510,105800,0.845,0.108,13
CUS105511,57800,0.875,0.008,20
CUS105512,98600,0.894,0.03,15
CUS105513,66100,0.881,0.133,25
CUS105514,143200,0.864,0.032,16
CUS105515,108500,0.968,0.45,15
CUS105516,231900,0.872,0.112,18
CUS105517,71500,0.8,0.214,19
CUS105518,61600,1.0,0.084,18
CUS105519,87500,1.0,0.451,19
CUS105520,64100,0.86,0.268,18
CUS105521,116400,0.976,0.037,15
CUS105522,83900,0.988,0.006,23
CUS105523,73800,1.0,0.039,17
CUS105524,136200,0.906,0.086,18
CUS105525,37200,0.902,0.041,27
CUS105526,114800,0.932,0.06,21
CUS105527,77100,0.969,0.044,19
CUS105528,112000,0.881,0.028,18
CUS105529,150500,0.961,0.151,19
CUS105530,29600,0.988,0.137,20
CUS105531,78400,0.93,0.237,17
CUS105532,84400,1.0,0.211,17
CUS105533,28400,0.926,0.065,12
CUS105534,106400,0.916,0.166,22
CUS105535,71400,0.965,0.128,21
CUS105536,49200,0.848,0.217,20
CUS105537,59400,0.964,0.231,17
CUS105538,58100,0.973,0.016,22
CUS105539,74500,0.922,0.116,23
CUS105540,102600,0.899,0.145,18
CUS105541,129600,0.812,0.234,19
CUS105542,81300,0.945,0.109,21
CUS105543,153900,0.776,0.12,28
CUS105544,52200,1.0,0.201,24
CUS105545,89600,0.887,0.183,20
CUS105546,223300,0.839,0.062,20
CUS105547,50900,0.892,0.059,24
CUS105548,34600,1.0,0.25,19
CUS105549,140500,1.0,0.273,21
CUS105550,100400,1.0,0.182,16
CUS105551,67700,0.894,0.023,12
CUS105552,45800,1.0,0.022,13
CUS105553,80100,0.919,0.015,18
CUS105554,102200,0.951,0.207,15
CUS105555,96300,0.867,0.015,20
CUS105556,49500,0.917,0.023,28
CUS105557,74600,0.875,0.04,23
CUS105558,67200,1.0,0.003,16
CUS105559,98300,0.941,0.257,13
CUS105560,57800,0.848,0.126,14
CUS105561,77700,0.924,0.296,25
CUS105562,211400,0.987,0.242,24
CUS105563,50200,1.0,0.354,18
CUS105564,59700,0.868,0.119,13
CUS105565,87700,0.943,0.133,18
CUS105566,25300,0.809,0.1,27
CUS105567,48900,0.988,0.291,14
CUS105568,92800,0.916,0.089,21
CUS105569,77600,0.876,0.199,13
CUS105570,148000,1.0,0.06,17
CUS105571,76000,0.983,0.384,19
CUS105572,68100,0.875,0.085,17
CUS105573,61400,1.0,0.212,13
CUS105574,76000,0.848,0.392,10
CUS105575,47600,0.984,0.105,19
CUS105576,85400,0.878,0.175,21
CUS105577,61000,0.941,0.077,15
CUS105578,51700,0.828,0.177,25
CUS105579,66800,0.899,0.09,14
CUS105580,104600,0.785,0.168,12
CUS105581,91500,0.859,0.097,22
CUS105582,108000,0.778,0.021,21
CUS105583,51000,0.868,0.066,17
CUS105584,98200,0.924,0.002,19
CUS105585,186300,0.786,0.086,18
CUS105586,152900,0.938,0.131,18
CUS105587,54700,0.926,0.215,14
CUS105588,56800,0.923,0.127,17
CUS105589,164700,1.0,0.16,18
CUS105590,111400,1.0,0.288,17
CUS105591,79800,0.995,0.017,17
CUS105592,73300,0.824,0.09,22
CUS105593,85100,0.923,0.101,16
CUS105594,94000,0.949,0.087,22
CUS105595,73000,0.927,0.08,13
CUS105596,78400,0.872,0.079,12
CUS105597,68100,1.0,0.058,19
CUS105598,95300,0.923,0.191,19
CUS105599,76900,0.941,0.051,17
CUS105600,49700,0.913,0.024,18
CUS105601,168200,0.877,0.074,21
CUS105602,77200,0.894,0.315,16
CUS105603,188000,0.866,0.032,17
CUS105604,35800,0.949,0.048,14
CUS105605,48800,1.0,0.025,18
CUS105606,124500,1.0,0.146,22
CUS105607,75200,1.0,0.389,12
CUS105608,51900,1.0,0.125,10
CUS105609,160100,0.967,0.178,21
CUS105610,58200,0.825,0.061,23
CUS105611,160800,0.762,0.169,13
CUS105612,86800,0.95,0.126,14
CUS105613,53600,0.993,0.045,17
CUS105614,67000,0.785,0.014,19
CUS105615,147900,0.982,0.031,19
CUS105616,80000,0.938,0.035,20
CUS105617,114600,0.846,0.039,17
CUS105618,201300,0.907,0.018,27
CUS105619,88500,0.943,0.269,15
CUS105620,76200,0.968,0.047,23
CUS105621,74600,0.828,0.095,19
CUS105622,93300,1.0,0.036,16
CUS105623,192200,0.9,0.191,23
CUS105624,50200,0.845,0.008,15
CUS105625,100800,0.89,0.272,21
CUS105626,87500,0.899,0.275,16
CUS105627,42900,0.967,0.231,13
CUS105628,49500,0.804,0.102,23
CUS105629,61400,0.832,0.215,20
CUS105630,129500,0.967,0.063,18
CUS105631,123200,0.995,0.16,15
CUS105632,36200,0.892,0.069,23
CUS105633,119400,0.983,0.174,16
CUS105634,109200,0.901,0.109,12
CUS105635,98700,1.0,0.199,16
CUS105636,97600,1.0,0.143,22
CUS105637,130200,0.919,0.097,17
CUS105638,161800,0.881,0.104,13
CUS105639,42500,0.952,0.095,17
CUS105640,79100,1.0,0.212,15
CUS105641,84200,0.777,0.143,8
CUS105642,59700,0.67,0.009,11
CUS105643,63100,0.852,0.115,12
CUS105644,101100,0.675,0.21,19
CUS105645,48900,0.843,0.031,24
CUS105646,114300,0.81,0.088,16
CUS105647,69800,0.836,0.005,13
CUS105648,134800,0.928,0.343,16
CUS105649,73300,0.664,0.121,16
CUS105650,60300,0.915,0.115,22
CUS105651,57100,0.908,0.232,21
CUS105652,70500,0.873,0.085,15
CUS105653,60000,0.831,0.139,13
CUS105654,104800,0.884,0.196,19
CUS105655,147000,0.934,0.253,30
CUS105656,96200,0.96,0.035,22
CUS105657,87700,0.895,0.135,17
CUS105658,101700,0.873,0.176,17
CUS105659,81900,0.842,0.245,19
CUS105660,83900,0.951,0.194,26
CUS105661,75200,0.997,0.074,18
CUS105662,130500,0.839,0.13,16
CUS105663,28600,0.846,0.079,22
CUS105664,34700,0.914,0.203,17
CUS105665,148300,0.891,0.225,26
CUS105666,86000,0.948,0.096,13
CUS105667,135200,1.0,0.103,20
CUS105668,70500,0.843,0.222,18
CUS105669,198000,0.803,0.129,17
CUS105670,79800,0.885,0.036,11
CUS105671,113700,0.94,0.103,16
CUS105672,64800,0.833,0.167,15
CUS105673,60000,0.867,0.135,19
CUS105674,41700,0.866,0.043,23
CUS105675,134600,0.979,0.09,19
CUS105676,108200,0.892,0.035,12
CUS105677,96100,0.922,0.013,21
CUS105678,53500,0.908,0.313,17
CUS105679,135200,0.944,0.139,12
CUS105680,89200,0.907,0.035,17
CUS105681,131900,0.981,0.228,16
CUS105682,86600,1.0,0.077,21
CUS105683,53300,0.949,0.052,14
CUS105684,139800,0.903,0.302,10
CUS105685,109700,0.996,0.002,12
CUS105686,83100,0.953,0.19,18
CUS105687,118300,0.893,0.215,15
CUS105688,121500,0.949,0.385,14
CUS105689,126500,0.773,0.086,19
CUS105690,41700,0.991,0.158,17
CUS105691,46300,0.827,0.261,15
CUS105692,115600,0.987,0.24,11
CUS105693,71500,0.945,0.356,9
CUS105694,55400,0.851,0.055,29
CUS105695,93200,1.0,0.074,20
CUS105696,54100,1.0,0.025,17
CUS105697,68700,0.862,0.074,15
CUS105698,117600,0.867,0.015,17
CUS105699,46100,0.912,0.116,18
CUS105700,45000,1.0,0.09,18
CUS105701,38000,0.924,0.29,20
CUS105702,59700,0.893,0.328,10
CUS105703,91700,0.907,0.207,21
CUS105704,67700,0.886,0.149,15
CUS105705,158200,0.995,0.137,17
CUS105706,96100,0.818,0.051,12
CUS105707,82200,0.911,0.042,19
CUS105708,151600,0.95,0.14,12
CUS105709,42700,1.0,0.026,15
CUS105710,128400,1.0,0.056,14
CUS105711,76400,0.73,0.118,18
CUS105712,78200,1.0,0.088,18
CUS105713,101600,0.933,0.103,22
CUS105714,66900,0.799,0.05,26
CUS105715,82000,0.938,0.195,10
CUS105716,66500,0.92,0.102,15
CUS105717,102800,1.0,0.045,14
CUS105718,70400,0.922,0.196,16
CUS105719,121700,0.937,0.253,22
CUS105720,36200,0.889,0.472,16
CUS105721,117100,0.985,0.169,12
CUS105722,36900,0.871,0.053,12
CUS105723,57500,0.949,0.164,20
CUS105724,106800,0.88,0.15,12
CUS105725,32400,0.951,0.078,12
CUS105726,96700,0.917,0.009,19
CUS105727,44900,0.855,0.308,18
CUS105728,57400,0.939,0.067,12
CUS105729,61100,0.962,0.156,20
CUS105730,47400,0.906,0.056,16
CUS105731,41000,0.825,0.095,29
CUS105732,257300,1.0,0.152,17
CUS105733,70700,0.803,0.051,11
CUS105734,47200,0.837,0.22,25
CUS105735,74800,0.993,0.168,25
CUS105736,78300,0.96,0.131,16
CUS105737,73500,0.859,0.277,18
CUS105738,49200,1.0,0.269,22
CUS105739,53100,0.901,0.209,15
CUS105740,135700,0.946,0.042,11
CUS105741,48300,0.901,0.11,22
CUS105742,35900,0.957,0.212,22
CUS105743,74000,0.948,0.139,19
CUS105744,35100,0.893,0.039,29
CUS105745,62200,0.862,0.169,18
CUS105746,52300,0.845,0.06,12
CUS105747,48700,0.891,0.109,19
CUS105748,84300,0.888,0.17,18
CUS105749,101100,0.92,0.005,19
CUS105750,54500,1.0,0.051,17
CUS105751,89400,0.866,0.251,22
CUS105752,61100,0.896,0.05,28
CUS105753,101500,0.91,0.185,25
CUS105754,46000,0.944,0.282,19
CUS105755,88400,0.94,0.417,26
CUS105756,87800,0.938,0.194,23
CUS105757,237000,1.0,0.087,22
CUS105758,39400,0.964,0.248,12
CUS105759,263400,0.854,0.073,17
CUS105760,128200,0.911,0.074,11
CUS105761,187200,0.979,0.058,16
CUS105762,124300,0.81,0.355,13
CUS105763,62400,0.827,0.266,10
CUS105764,115300,0.911,0.139,18
CUS105765,64200,0.998,0.037,24
CUS105766,87400,0.82,0.015,22
CUS105767,51500,0.848,0.278,17
CUS105768,63300,0.974,0.046,23
CUS105769,137900,0.849,0.116,22
CUS105770,102700,0.873,0.245,26
CUS105771,139700,0.915,0.123,20
CUS105772,45200,0.901,0.13,14
CUS105773,34600,0.939,0.23,23
CUS105774,137100,0.948,0.044,18
CUS105775,148000,0.993,0.124,11
CUS105776,93700,0.848,0.136,24
CUS105777,106400,0.933,0.036,25
CUS105778,110100,0.974,0.293,10
CUS105779,105200,0.964,0.128,15
CUS105780,125400,0.681,0.236,15
CUS105781,132300,0.867,0.091,15
CUS105782,71200,0.919,0.087,11
CUS105783,69400,0.876,0.017,21
CUS105784,101200,0.945,0.031,14
CUS105785,258400,0.927,0.017,12
CUS105786,61200,0.795,0.066,14
CUS105787,60500,0.969,0.116,13
CUS105788,43200,0.869,0.202,25
CUS105789,106500,0.812,0.082,18
CUS105790,68100,0.902,0.088,18
CUS105791,48900,0.986,0.113,17
CUS105792,84400,0.934,0.162,13
CUS105793,149500,0.842,0.122,25
CUS105794,70400,0.996,0.196,14
CUS105795,68300,0.879,0.053,11
CUS105796,158200,0.876,0.049,13
CUS105797,92300,1.0,0.058,18
CUS105798,46700,1.0,0.111,20
CUS105799,127900,0.885,0.173,19
CUS105800,121100,0.847,0.155,12
CUS105801,77600,0.98,0.043,19
CUS105802,85300,0.904,0.107,16
CUS105803,49000,0.943,0.036,17
CUS105804,56600,0.953,0.207,19
CUS105805,76600,0.855,0.06,15
CUS105806,101400,0.896,0.054,15
CUS105807,69300,0.853,0.151,13
CUS105808,75400,0.905,0.037,10
CUS105809,79100,0.948,0.112,19
CUS105810,55500,0.855,0.154,23
CUS105811,84700,0.903,0.121,16
CUS105812,153700,0.985,0.149,16
CUS105813,70100,1.0,0.093,25
CUS105814,60500,0.775,0.527,21
CUS105815,216600,0.9,0.154,12
CUS105816,101400,1.0,0.051,19
CUS105817,54900,0.952,0.079,24
CUS105818,97300,0.851,0.2,17
CUS105819,96300,0.998,0.284,10
CUS105820,76700,0.912,0.111,22
CUS105821,79700,0.898,0.143,19
CUS105822,80800,1.0,0.421,17
CUS105823,139000,0.966,0.109,19
CUS105824,127600,0.93,0.026,27
CUS105825,30000,0.768,0.04,18
CUS105826,200600,1.0,0.03,19
CUS105827,70700,0.947,0.034,18
CUS105828,203200,0.882,0.082,24
CUS105829,131900,0.872,0.106,15
CUS105830,85800,0.899,0.14,21
CUS105831,86300,0.991,0.513,19
CUS105832,318500,0.922,0.117,26
CUS105833,74900,0.924,0.248,21
CUS105834,67900,0.919,0.053,23
CUS105835,63000,0.787,0.093,23
CUS105836,77400,0.955,0.011,13
CUS105837,81000,0.899,0.177,23
CUS105838,118000,0.847,0.129,8
CUS105839,122100,0.864,0.079,12
CUS105840,122100,0.967,0.171,12
CUS105841,76800,0.91,0.024,19
CUS105842,114700,0.949,0.333,18
CUS105843,132000,0.989,0.034,18
CUS105844,89100,0.979,0.192,24
CUS105845,105300,0.917,0.32,22
CUS105846,138300,0.893,0.13,15
CUS105847,101600,0.991,0.078,23
CUS105848,105100,1.0,0.113,21
CUS105849,162000,1.0,0.136,23
CUS105850,83300,1.0,0.22,21
CUS105851,52500,0.857,0.091,18
CUS105852,35100,0.91,0.108,19
CUS105853,91400,0.893,0.149,16
CUS105854,77300,0.972,0.209,18
CUS105855,150200,0.893,0.116,18
CUS105856,180900,0.961,0.013,18
CUS105857,60300,1.0,0.029,20
CUS105858,56100,0.957,0.12,17
CUS105859,76600,0.902,0.007,15
CUS105860,58700,0.866,0.105,21
CUS105861,78000,0.907,0.148,22
CUS105862,72900,0.883,0.105,8
CUS105863,59700,1.0,0.292,23
CUS105864,125300,0.87,0.056,18
CUS105865,100100,1.0,0.204,16
CUS105866,172800,0.818,0.05,29
CUS105867,99700,1.0,0.042,17
CUS105868,163000,0.94,0.126,21
CUS105869,62500,0.934,0.163,14
CUS105870,67000,1.0,0.105,16
CUS105871,224600,0.95,0.135,25
CUS105872,70500,0.912,0.251,12
CUS105873,51800,1.0,0.092,10
CUS105874,55100,0.88,0.197,22
CUS105875,205200,1.0,0.349,21
CUS105876,84900,0.886,0.064,24
CUS105877,103800,1.0,0.075,22
CUS105878,101300,0.985,0.021,19
CUS105879,66900,0.907,0.097,23
CUS105880,79600,0.891,0.013,10
CUS105881,135500,0.961,0.056,21
CUS105882,52800,1.0,0.188,17
CUS105883,120500,1.0,0.061,23
CUS105884,182400,0.892,0.099,17
CUS105885,92700,1.0,0.175,18
CUS105886,137000,0.943,0.073,16
CUS105887,49900,0.849,0.205,25
CUS105888,43600,0.866,0.039,22
CUS105889,91600,0.958,0.07,15
CUS105890,66900,0.933,0.08,16
CUS105891,135300,0.849,0.047,11
CUS105892,85000,0.999,0.144,18
CUS105893,90300,0.954,0.218,13
CUS105894,85900,0.854,0.149,18
CUS105895,92400,1.0,0.047,15
CUS105896,73800,1.0,0.066,17
CUS105897,52200,0.936,0.156,16
CUS105898,81100,0.961,0.156,17
CUS105899,170800,0.884,0.108,24
CUS105900,61000,0.94,0.283,24
CUS105901,65300,0.826,0.12,15
CUS105902,98800,1.0,0.001,23
CUS105903,50900,0.745,0.243,22
CUS105904,136800,0.845,0.174,18
CUS105905,59200,0.928,0.14,18
CUS105906,72000,0.977,0.242,16
CUS105907,314000,0.758,0.026,16
CUS105908,52100,0.88,0.124,10
CUS105909,152700,1.0,0.022,17
CUS105910,90700,1.0,0.15,11
CUS105911,98200,1.0,0.041,22
CUS105912,55700,0.947,0.232,12
CUS105913,128600,0.837,0.194,18
CUS105914,71700,0.87,0.172,11
CUS105915,50600,0.973,0.091,25
CUS105916,159700,0.903,0.104,25
CUS105917,79100,0.828,0.079,19
CUS105918,37800,0.894,0.162,22
CUS105919,80500,0.865,0.116,17
CUS105920,117100,0.998,0.011,25
CUS105921,110100,0.855,0.077,24
CUS105922,70800,0.968,0.042,13
CUS105923,52300,0.895,0.248,11
CUS105924,48700,0.975,0.078,19
CUS105925,89400,0.807,0.19,16
CUS105926,90900,1.0,0.125,18
CUS105927,117800,0.99,0.078,21
CUS105928,83500,0.723,0.207,29
CUS105929,80500,1.0,0.035,19
CUS105930,72200,0.925,0.283,18
CUS105931,101400,0.795,0.01,19
CUS105932,78900,0.893,0.314,9
CUS105933,137300,0.92,0.091,19
CUS105934,103500,1.0,0.043,27
CUS105935,94600,1.0,0.051,21
CUS105936,90700,0.904,0.224,22
CUS105937,53000,0.784,0.145,14
CUS105938,95200,0.936,0.112,24
CUS105939,65300,0.961,0.164,20
CUS105940,113200,0.984,0.254,17
CUS105941,84300,0.845,0.034,15
CUS105942,165400,0.801,0.109,22
CUS105943,49100,0.909,0.078,27
CUS105944,30800,0.809,0.127,12
CUS105945,98800,0.933,0.137,19
CUS105946,55200,0.828,0.025,15
CUS105947,98000,0.831,0.066,29
CUS105948,45600,0.997,0.067,18
CUS105949,222600,0.694,0.135,15
CUS105950,68400,1.0,0.202,20
CUS105951,61300,0.749,0.213,22
CUS105952,200700,0.892,0.089,18
CUS105953,147700,0.891,0.104,20
CUS105954,170000,0.96,0.19,19
CUS105955,76000,0.923,0.097,14
CUS105956,91100,0.882,0.052,21
CUS105957,63900,0.984,0.351,18
CUS105958,56600,1.0,0.06,24
CUS105959,109100,0.972,0.041,18
CUS105960,78200,1.0,0.041,12
CUS105961,247900,0.928,0.145,18
CUS105962,100300,0.968,0.09,19
CUS105963,172000,0.84,0.203,13
CUS105964,28800,0.903,0.081,17
CUS105965,244500,1.0,0.13,26
CUS105966,28400,0.776,0.125,21
CUS105967,48900,0.965,0.036,21
CUS105968,40900,0.92,0.138,17
CUS105969,89400,1.0,0.118,17
CUS105970,87600,0.929,0.134,23
CUS105971,118800,0.867,0.12,16
CUS105972,84700,1.0,0.144,11
CUS105973,132200,1.0,0.099,14
CUS105974,56900,0.98,0.087,20
CUS105975,158900,0.917,0.244,18
CUS105976,80400,0.894,0.189,19
CUS105977,255900,0.925,0.031,18
CUS105978,139800,0.884,0.29,23
CUS105979,82700,1.0,0.042,16
CUS105980,82400,0.911,0.279,24
CUS105981,52200,0.714,0.171,19
CUS105982,103600,0.957,0.046,12
CUS105983,75100,0.956,0.322,27
CUS105984,103200,0.974,0.071,20
CUS105985,47400,0.921,0.234,26
CUS105986,75200,0.982,0.089,11
CUS105987,48300,0.997,0.109,15
CUS105988,56000,0.996,0.156,17
CUS105989,128700,0.895,0.051,16
CUS105990,154900,1.0,0.079,11
CUS105991,26900,1.0,0.385,24
CUS105992,181900,1.0,0.224,17
CUS105993,168900,1.0,0.09,16
CUS105994,50900,0.909,0.16,16
CUS105995,131800,0.886,0.102,20
CUS105996,78800,0.729,0.152,20
CUS105997,78700,0.9,0.074,17
CUS105998,105600,0.818,0.023,16
CUS105999,99100,1.0,0.209,17
CUS106000,60600,0.952,0.061,17
CUS106001,61900,0.936,0.144,18
CUS106002,67100,0.928,0.265,18
CUS106003,137400,0.791,0.251,14
CUS106004,39800,0.84,0.187,18
CUS106005,69200,0.993,0.008,15
CUS106006,182400,1.0,0.109,19
CUS106007,118500,0.791,0.175,16
CUS106008,139400,0.891,0.204,16
CUS106009,73100,0.854,0.039,19
CUS106010,55900,0.933,0.065,21
CUS106011,91700,0.925,0.122,18
CUS106012,63000,1.0,0.06,23
CUS106013,241000,0.824,0.159,16
CUS106014,80200,0.929,0.013,13
CUS106015,133700,0.96,0.305,14
CUS106016,160000,0.855,0.419,15
CUS106017,58400,0.99,0.338,21
CUS106018,33100,0.996,0.122,19
CUS106019,123800,1.0,0.124,11
CUS106020,120600,1.0,0.069,18
CUS106021,68700,0.987,0.052,13
CUS106022,51500,0.825,0.044,18
CUS106023,104100,0.933,0.196,22
CUS106024,84600,0.787,0.043,18
CUS106025,105300,0.887,0.076,20
CUS106026,55400,0.937,0.039,15
CUS106027,107900,1.0,0.214,13
CUS106028,137900,1.0,0.104,25
CUS106029,42100,0.888,0.266,21
CUS106030,160500,0.947,0.119,24
CUS106031,99100,0.917,0.21,13
CUS106032,120700,0.946,0.168,15
CUS106033,49500,0.752,0.035,20
CUS106034,113300,0.908,0.216,15
CUS106035,36900,1.0,0.042,17
CUS106036,63200,0.957,0.082,19
CUS106037,98600,0.892,0.345,18
CUS106038,82300,0.956,0.6,12
CUS106039,73200,0.861,0.098,26
CUS106040,218200,0.934,0.227,25
CUS106041,83900,0.966,0.009,20
CUS106042,131800,0.878,0.024,22
CUS106043,77800,0.834,0.072,17
CUS106044,81700,0.82,0.34,15
CUS106045,56700,0.928,0.055,20
CUS106046,95700,1.0,0.192,22
CUS106047,223300,0.873,0.282,23
CUS106048,91000,0.924,0.191,20
CUS106049,74700,0.884,0.201,25
CUS106050,161700,0.884,0.069,21
CUS106051,143000,0.832,0.051,19
CUS106052,104300,0.837,0.058,25
CUS106053,85100,0.93,0.034,26
CUS106054,127500,0.896,0.221,19
CUS106055,88100,0.91,0.267,23
CUS106056,123900,0.97,0.251,18
CUS106057,57800,0.958,0.052,15
CUS106058,67100,0.836,0.425,19
CUS106059,89500,0.858,0.135,15
CUS106060,52600,0.907,0.02,23
CUS106061,68900,0.74,0.209,15
CUS106062,53000,1.0,0.195,21
CUS106063,41000,0.99,0.006,20
CUS106064,238700,1.0,0.222,18
CUS106065,72600,0.895,0.249,20
CUS106066,65600,1.0,0.078,24
CUS106067,72300,0.961,0.029,23
CUS106068,57400,1.0,0.038,23
CUS106069,72000,0.959,0.217,12
CUS106070,200900,0.956,0.016,22
CUS106071,112300,0.891,0.071,18
CUS106072,147100,0.943,0.181,22
CUS106073,191500,0.813,0.034,13
CUS106074,97400,0.876,0.076,27
CUS106075,76500,0.784,0.132,24
CUS106076,45600,1.0,0.054,19
CUS106077,74400,0.875,0.122,20
CUS106078,75100,0.843,0.185,28
CUS106079,60800,0.95,0.035,22
CUS106080,198900,0.816,0.153,20
CUS106081,123600,0.824,0.181,14
CUS106082,121700,1.0,0.098,11
CUS106083,84900,0.939,0.096,18
CUS106084,61500,0.843,0.024,16
CUS106085,160800,0.984,0.272,17
CUS106086,102300,0.909,0.456,14
CUS106087,113100,0.815,0.301,16
CUS106088,128600,0.97,0.228,14
CUS106089,108000,0.807,0.102,16
CUS106090,205400,0.813,0.051,15
CUS106091,63600,0.905,0.211,25
CUS106092,82500,0.819,0.159,15
CUS106093,162000,0.878,0.102,17
CUS106094,94300,0.905,0.015,16
CUS106095,81800,0.902,0.145,19
CUS106096,79300,0.895,0.062,18
CUS106097,111700,1.0,0.005,16
CUS106098,73400,1.0,0.247,14
CUS106099,71000,0.905,0.322,13
CUS106100,115600,0.956,0.189,17
CUS106101,98900,0.816,0.073,23
CUS106102,56300,0.937,0.096,19
CUS106103,92500,0.913,0.065,16
CUS106104,154800,0.834,0.053,12
CUS106105,134100,0.849,0.053,21
CUS106106,182700,0.995,0.057,27
CUS106107,70100,0.832,0.008,25
CUS106108,144300,0.901,0.078,13
CUS106109,57500,0.897,0.056,18
CUS106110,58100,0.951,0.241,21
CUS106111,66900,0.938,0.295,19
CUS106112,80500,0.845,0.163,14
CUS106113,133700,0.946,0.269,18
CUS106114,98400,0.94,0.207,16
CUS106115,74100,0.965,0.2,26
CUS106116,57100,0.994,0.285,20
CUS106117,118200,1.0,0.188,24
CUS106118,140600,0.994,0.099,17
CUS106119,96000,0.755,0.05,18
CUS106120,57900,0.913,0.204,20
CUS106121,124700,1.0,0.062,17
CUS106122,153400,0.984,0.094,25
CUS106123,181300,0.956,0.256,19
CUS106124,65500,0.879,0.251,15
CUS106125,108900,0.709,0.021,18
CUS106126,69900,0.903,0.367,22
CUS106127,58900,0.937,0.317,16
CUS106128,167600,1.0,0.194,20
CUS106129,132100,1.0,0.032,19
CUS106130,152900,0.886,0.061,15
CUS106131,52500,0.983,0.042,15
CUS106132,97200,1.0,0.163,11
CUS106133,112900,0.878,0.156,12
CUS106134,66500,0.904,0.06,17
CUS106135,177300,1.0,0.039,18
CUS106136,88700,0.91,0.127,22
CUS106137,105400,0.994,0.112,23
CUS106138,64400,1.0,0.109,12
CUS106139,50000,0.915,0.043,20
CUS106140,137000,0.924,0.103,11
CUS106141,102200,0.688,0.056,14
CUS106142,105700,0.978,0.416,16
CUS106143,77600,0.904,0.273,21
CUS106144,107600,1.0,0.013,21
CUS106145,166300,0.982,0.086,17
CUS106146,60400,0.98,0.027,23
CUS106147,105300,0.956,0.007,22
CUS106148,92400,0.802,0.149,18
CUS106149,73600,0.955,0.088,26
CUS106150,39100,0.884,0.141,21
CUS106151,85400,0.961,0.035,24
CUS106152,117000,0.887,0.101,14
CUS106153,96200,0.876,0.125,16
CUS106154,47000,0.916,0.513,18
CUS106155,132600,0.893,0.151,22
CUS106156,186500,0.757,0.075,24
CUS106157,82400,1.0,0.315,13
CUS106158,227600,0.979,0.186,17
CUS106159,57400,0.922,0.008,21
CUS106160,46400,0.909,0.085,9
CUS106161,50400,0.891,0.103,15
CUS106162,109400,0.955,0.052,19
CUS106163,36700,0.976,0.113,16
CUS106164,70700,0.915,0.05,12
CUS106165,321900,0.891,0.355,19
CUS106166,43800,0.869,0.064,21
CUS106167,62300,0.746,0.045,16
CUS106168,50700,1.0,0.441,17
CUS106169,73200,0.923,0.256,26
CUS106170,76100,0.925,0.253,16
CUS106171,63900,0.954,0.131,17
CUS106172,78400,0.812,0.182,21
CUS106173,108900,0.853,0.094,19
CUS106174,172100,1.0,0.014,15
CUS106175,73000,0.965,0.001,18
CUS106176,84000,0.981,0.063,21
CUS106177,113600,0.839,0.144,16
CUS106178,46300,0.93,0.477,20
CUS106179,93400,0.962,0.13,13
CUS106180,63000,0.894,0.207,22
CUS106181,133400,1.0,0.007,15
CUS106182,185900,0.891,0.085,18
CUS106183,59000,0.989,0.037,13
CUS106184,132500,0.918,0.096,16
CUS106185,46200,0.994,0.149,15
CUS106186,102800,0.942,0.144,18
CUS106187,111400,1.0,0.02,16
CUS106188,45400,0.978,0.15,11
CUS106189,65800,0.993,0.035,16
CUS106190,68300,0.952,0.047,9
CUS106191,45300,0.828,0.008,14
CUS106192,29700,0.901,0.266,22
CUS106193,85200,0.824,0.057,20
CUS106194,95000,1.0,0.108,25
CUS106195,70500,1.0,0.282,19
CUS106196,119100,0.862,0.032,13
CUS106197,39500,1.0,0.029,21
CUS106198,83100,0.955,0.041,19
CUS106199,259100,1.0,0.097,18
CUS106200,131000,0.946,0.054,16
CUS106201,110900,0.783,0.119,17
CUS106202,54500,0.909,0.093,19
CUS106203,76800,0.883,0.052,19
CUS106204,25800,0.897,0.121,19
CUS106205,115200,0.892,0.018,19
CUS106206,168000,0.865,0.184,18
CUS106207,50000,1.0,0.204,18
CUS106208,46300,0.996,0.145,18
CUS106209,80000,1.0,0.063,25
CUS106210,94200,0.822,0.167,18
CUS106211,61400,0.8,0.189,25
CUS106212,67800,0.829,0.151,17
CUS106213,64700,0.918,0.17,23
CUS106214,87000,1.0,0.195,13
CUS106215,111800,0.853,0.217,25
CUS106216,95900,1.0,0.24,20
CUS106217,78000,0.862,0.131,15
CUS106218,41000,1.0,0.11,15
CUS106219,135300,0.734,0.302,21
CUS106220,90000,0.994,0.067,18
CUS106221,81500,1.0,0.129,17
CUS106222,99600,0.856,0.092,22
CUS106223,46300,1.0,0.098,19
CUS106224,77200,0.914,0.083,26
CUS106225,83900,0.835,0.273,14
CUS106226,65900,0.955,0.22,21
CUS106227,39200,0.77,0.209,13
CUS106228,40000,0.856,0.028,20
CUS106229,115300,0.916,0.093,13
CUS106230,87800,0.85,0.105,20
CUS106231,79200,0.88,0.091,18
CUS106232,44000,0.89,0.217,21
CUS106233,91400,0.858,0.174,12
CUS106234,65100,0.893,0.245,17
CUS106235,72500,0.974,0.075,19
CUS106236,84700,0.967,0.079,20
CUS106237,99600,1.0,0.089,19
CUS106238,170100,0.979,0.07,17
CUS106239,107200,0.894,0.274,26
CUS106240,116600,0.809,0.017,16
CUS106241,150300,0.847,0.219,21
CUS106242,48600,1.0,0.155,10
CUS106243,81400,0.907,0.056,20
CUS106244,53600,0.866,0.374,19
CUS106245,69200,0.924,0.168,19
CUS106246,72800,1.0,0.364,21
CUS106247,64700,0.851,0.018,21
CUS106248,107000,0.833,0.405,20
CUS106249,109700,1.0,0.193,15
CUS106250,44100,1.0,0.037,21
CUS106251,69300,0.683,0.144,16
CUS106252,75800,0.991,0.319,21
CUS106253,41000,0.811,0.089,21
CUS106254,59300,0.935,0.237,17
CUS106255,133700,0.865,0.058,20
CUS106256,129400,0.971,0.067,18
CUS106257,41700,0.967,0.3,20
CUS106258,109100,0.881,0.375,12
CUS106259,43800,0.897,0.178,18
CUS106260,68000,0.98,0.226,16
CUS106261,79800,0.935,0.023,14
CUS106262,114900,0.958,0.398,22
CUS106263,89600,0.992,0.042,18
CUS106264,59200,0.942,0.06,15
CUS106265,52500,0.904,0.14,23
CUS106266,90100,0.904,0.06,24
CUS106267,65400,0.984,0.138,13
CUS106268,65900,0.96,0.06,13
CUS106269,126100,0.907,0.097,17
CUS106270,113100,0.941,0.226,14
CUS106271,186900,0.824,0.228,14
CUS106272,54000,0.99,0.104,11
CUS106273,62600,0.981,0.217,18
CUS106274,88300,0.828,0.052,20
CUS106275,217900,1.0,0.082,25
CUS106276,64700,1.0,0.434,19
CUS106277,88900,0.889,0.088,18
CUS106278,154800,1.0,0.172,18
CUS106279,95700,0.844,0.216,14
CUS106280,130300,0.955,0.201,16
CUS106281,221500,1.0,0.26,14
CUS106282,82900,0.886,0.277,25
CUS106283,119900,0.908,0.008,10
CUS106284,104600,1.0,0.212,25
CUS106285,55400,0.89,0.094,15
CUS106286,41400,1.0,0.128,14
CUS106287,101200,0.856,0.021,13
CUS106288,65500,0.983,0.004,18
CUS106289,138700,1.0,0.166,13
CUS106290,98400,0.917,0.16,17
CUS106291,135700,0.97,0.105,19
CUS106292,47500,0.776,0.435,21
CUS106293,152000,0.945,0.103,21
CUS106294,33000,1.0,0.202,19
CUS106295,50200,0.942,0.026,17
CUS106296,117000,1.0,0.119,15
CUS106297,70700,1.0,0.041,16
CUS106298,73900,0.964,0.076,18
CUS106299,75400,0.993,0.121,19
CUS106300,160200,0.862,0.055,21
CUS106301,34200,0.962,0.114,17
CUS106302,147200,0.944,0.04,16
CUS106303,135500,1.0,0.263,14
CUS106304,63100,0.958,0.197,26
CUS106305,55800,0.929,0.242,16
CUS106306,81000,0.847,0.165,19
CUS106307,61100,1.0,0.036,16
CUS106308,89500,0.897,0.102,11
CUS106309,112900,0.945,0.244,17
CUS106310,37700,0.917,0.251,14
CUS106311,56600,0.917,0.269,20
CUS106312,50300,0.947,0.08,20
CUS106313,85800,1.0,0.007,18
CUS106314,133000,0.934,0.366,15
CUS106315,50900,0.839,0.177,10
CUS106316,132800,0.798,0.044,16
CUS106317,56600,1.0,0.302,14
CUS106318,113500,0.961,0.156,11
CUS106319,76800,0.934,0.106,26
CUS106320,70800,0.791,0.011,10
CUS106321,141900,1.0,0.089,20
CUS106322,191000,0.917,0.032,17
CUS106323,37700,0.86,0.364,23
CUS106324,117500,1.0,0.029,18
CUS106325,82300,1.0,0.034,12
CUS106326,117100,0.874,0.068,18
CUS106327,44900,0.953,0.096,24
CUS106328,55400,0.789,0.098,21
CUS106329,70100,0.778,0.416,27
CUS106330,91200,0.712,0.075,25
CUS106331,66200,0.886,0.037,17
CUS106332,64800,0.816,0.062,16
CUS106333,137800,0.952,0.133,26
CUS106334,236500,0.819,0.037,17
CUS106335,120200,0.727,0.126,12
CUS106336,123900,0.971,0.26,12
CUS106337,81600,0.851,0.16,20
CUS106338,54700,0.975,0.498,13
CUS106339,79100,0.981,0.093,23
CUS106340,76900,0.91,0.175,13
CUS106341,55400,0.928,0.044,14
CUS106342,119200,0.893,0.109,17
CUS106343,172700,0.986,0.346,15
CUS106344,85700,0.811,0.149,13
CUS106345,142600,0.931,0.168,15
CUS106346,154700,1.0,0.183,10
CUS106347,53200,0.878,0.229,18
CUS106348,38200,0.842,0.139,18
CUS106349,68500,0.921,0.017,14
CUS106350,97800,0.926,0.03,17
CUS106351,55800,0.863,0.082,27
CUS106352,170600,1.0,0.036,23
CUS106353,206400,0.987,0.11,17
CUS106354,101100,0.936,0.093,10
CUS106355,57400,0.664,0.025,18
CUS106356,101400,0.852,0.135,22
CUS106357,51900,0.81,0.02,17
CUS106358,119700,0.991,0.095,17
CUS106359,90100,0.899,0.164,18
CUS106360,114600,0.777,0.05,15
CUS106361,140100,0.9,0.211,11
CUS106362,125200,0.995,0.024,24
CUS106363,195600,1.0,0.16,13
CUS106364,98600,0.979,0.1,16
CUS106365,66800,0.875,0.109,17
CUS106366,27700,0.79,0.116,26
CUS106367,32400,0.93,0.016,21
CUS106368,110200,0.856,0.041,12
CUS106369,84500,0.84,0.41,14
CUS106370,58600,0.887,0.136,15
CUS106371,52900,0.936,0.17,19
CUS106372,99100,0.824,0.122,24
CUS106373,51800,0.744,0.059,24
CUS106374,202400,0.8,0.058,23
CUS106375,224800,0.951,0.055,11
CUS106376,59800,0.941,0.239,23
CUS106377,107800,0.977,0.201,23
CUS106378,89400,0.835,0.196,20
CUS106379,62200,0.974,0.212,17
CUS106380,54500,0.976,0.162,23
CUS106381,81000,0.876,0.129,18
CUS106382,54500,0.948,0.14,14
CUS106383,128200,0.868,0.135,26
CUS106384,75000,1.0,0.132,15
CUS106385,53200,0.87,0.118,15
CUS106386,75200,0.784,0.125,14
CUS106387,100500,0.826,0.051,18
CUS106388,67500,0.851,0.141,18
CUS106389,35700,0.8,0.033,20
CUS106390,95000,0.81,0.042,13
CUS106391,59800,0.883,0.188,24
CUS106392,62400,0.939,0.261,18
CUS106393,115000,0.916,0.084,17
CUS106394,64000,0.78,0.089,18
CUS106395,79200,0.953,0.372,22
CUS106396,142300,0.9,0.288,15
CUS106397,80300,0.934,0.169,24
CUS106398,193400,0.835,0.014,11
CUS106399,136300,0.756,0.17,18
CUS106400,50600,0.962,0.026,10
CUS106401,75800,0.876,0.119,15
CUS106402,42300,0.836,0.122,16
CUS106403,112500,0.841,0.027,25
CUS106404,152600,0.84,0.088,18
CUS106405,63700,0.835,0.037,22
CUS106406,30700,0.845,0.018,20
CUS106407,105300,1.0,0.237,24
CUS106408,54500,0.92,0.14,19
CUS106409,56500,0.932,0.194,17
CUS106410,91800,0.896,0.193,13
CUS106411,179300,0.905,0.036,23
CUS106412,117500,0.987,0.15,12
CUS106413,113900,0.847,0.294,15
CUS106414,79900,1.0,0.093,16
CUS106415,52100,0.967,0.231,22
CUS106416,113100,0.853,0.079,18
CUS106417,132300,0.852,0.187,13
CUS106418,62500,1.0,0.037,10
CUS106419,71000,0.938,0.044,32
CUS106420,132600,0.897,0.194,22
CUS106421,64800,0.916,0.036,22
CUS106422,76100,0.867,0.109,23
CUS106423,90200,0.911,0.132,13
CUS106424,117800,0.867,0.042,22
CUS106425,108700,0.957,0.019,20
CUS106426,101200,0.844,0.136,17
CUS106427,170300,1.0,0.052,16
CUS106428,67300,0.895,0.065,14
CUS106429,51400,0.932,0.223,15
CUS106430,139100,0.945,0.192,17
CUS106431,82500,0.999,0.115,18
CUS106432,66500,0.873,0.028,21
CUS106433,67500,0.908,0.106,14
CUS106434,45300,0.923,0.066,8
CUS106435,96400,0.909,0.227,17
CUS106436,45100,0.823,0.207,22
CUS106437,135200,1.0,0.211,14
CUS106438,69200,1.0,0.038,16
CUS106439,46200,0.885,0.182,21
CUS106440,147800,0.938,0.036,31
CUS106441,209700,0.892,0.029,22
CUS106442,108000,0.946,0.304,24
CUS106443,74400,1.0,0.121,21
CUS106444,51400,0.835,0.119,25
CUS106445,93700,0.808,0.052,21
CUS106446,104200,0.973,0.054,18
CUS106447,96400,0.944,0.067,23
CUS106448,134700,0.984,0.136,26
CUS106449,157800,0.839,0.046,18
CUS106450,51400,0.897,0.405,10
CUS106451,111900,0.984,0.09,11
CUS106452,38200,0.976,0.124,23
CUS106453,53100,0.835,0.158,14
CUS106454,121900,0.857,0.176,21
CUS106455,82200,0.972,0.027,17
CUS106456,36400,0.961,0.013,18
CUS106457,142800,0.965,0.091,19
CUS106458,63500,1.0,0.149,11
CUS106459,127900,0.874,0.037,20
CUS106460,133500,0.984,0.03,15
CUS106461,61400,0.885,0.111,21
CUS106462,136900,0.82,0.195,25
CUS106463,97200,0.943,0.077,15
CUS106464,102300,0.805,0.009,22
CUS106465,73300,0.93,0.15,12
CUS106466,58000,0.778,0.183,22
CUS106467,74000,1.0,0.264,20
CUS106468,66100,0.857,0.433,25
CUS106469,130700,0.765,0.428,19
CUS106470,40700,1.0,0.246,8
CUS106471,170000,1.0,0.061,18
CUS106472,173800,0.97,0.079,16
CUS106473,58100,0.829,0.29,13
CUS106474,179700,0.989,0.006,15
CUS106475,60700,0.967,0.154,13
CUS106476,150700,0.819,0.035,23
CUS106477,61400,0.859,0.306,17
CUS106478,144800,0.963,0.126,21
CUS106479,41800,0.849,0.018,12
CUS106480,143700,1.0,0.07,19
CUS106481,161600,0.989,0.142,21
CUS106482,44000,0.951,0.442,17
CUS106483,184300,0.99,0.026,23
CUS106484,147100,0.898,0.104,17
CUS106485,37400,0.892,0.215,14
CUS106486,76000,0.94,0.112,16
CUS106487,148700,0.868,0.152,19
CUS106488,128200,0.818,0.057,16
CUS106489,103900,0.92,0.108,10
CUS106490,127800,1.0,0.198,16
CUS106491,61900,0.98,0.083,20
CUS106492,98000,0.911,0.085,16
CUS106493,63800,0.831,0.033,22
CUS106494,100600,0.9,0.035,17
CUS106495,144800,0.871,0.352,22
CUS106496,138800,1.0,0.114,15
CUS106497,105500,0.858,0.395,21
CUS106498,122200,1.0,0.05,23
CUS106499,143900,0.825,0.05,19
CUS106500,178700,0.927,0.204,14
CUS106501,135100,1.0,0.362,19
CUS106502,105400,0.989,0.292,18
CUS106503,137600,1.0,0.11,24
CUS106504,101400,0.849,0.101,20
CUS106505,88200,0.885,0.316,14
CUS106506,117000,0.783,0.115,19
CUS106507,127100,0.869,0.191,21
CUS106508,88700,0.918,0.052,14
CUS106509,85000,0.845,0.2,19
CUS106510,75400,0.768,0.065,15
CUS106511,62800,0.986,0.044,18
CUS106512,158000,0.92,0.048,27
CUS106513,152000,1.0,0.11,25
CUS106514,142600,0.775,0.134,8
CUS106515,53400,0.945,0.079,13
CUS106516,70200,0.917,0.136,23
CUS106517,81000,0.98,0.046,17
CUS106518,67700,0.963,0.118,16
CUS106519,227700,1.0,0.116,20
CUS106520,116700,0.807,0.057,15
CUS106521,96200,0.79,0.138,18
CUS106522,73900,0.959,0.122,14
CUS106523,125600,0.996,0.028,24
CUS106524,225600,0.868,0.027,22
CUS106525,97200,0.857,0.088,16
CUS106526,79100,1.0,0.235,15
CUS106527,79700,0.864,0.23,15
CUS106528,70000,0.907,0.191,9
CUS106529,98100,0.935,0.097,22
CUS106530,69500,0.833,0.07,20
CUS106531,51600,0.633,0.105,16
CUS106532,99900,0.995,0.078,20
CUS106533,82200,0.864,0.05,15
CUS106534,72900,0.979,0.03,12
CUS106535,155300,0.898,0.035,17
CUS106536,98000,0.829,0.564,14
CUS106537,131000,0.908,0.086,14
CUS106538,141700,0.988,0.106,9
CUS106539,88200,0.903,0.053,21
CUS106540,105100,0.814,0.19,10
CUS106541,58000,0.979,0.369,19
CUS106542,114200,1.0,0.197,20
CUS106543,61400,0.974,0.011,21
CUS106544,68700,0.876,0.173,14
CUS106545,177000,0.826,0.225,14
CUS106546,51300,1.0,0.332,17
CUS106547,163500,0.904,0.199,21
CUS106548,183200,0.985,0.258,16
CUS106549,77700,0.937,0.219,15
CUS106550,194300,0.971,0.02,24
CUS106551,53200,0.859,0.138,19
CUS106552,138200,0.967,0.222,21
CUS106553,86700,0.993,0.185,16
CUS106554,35900,0.932,0.165,23
CUS106555,55600,0.906,0.109,23
CUS106556,81500,0.922,0.038,19
CUS106557,122100,1.0,0.117,13
CUS106558,75100,0.939,0.06,21
CUS106559,73900,0.959,0.14,17
CUS106560,100500,1.0,0.113,16
CUS106561,108600,0.965,0.046,16
CUS106562,80000,0.875,0.116,19
CUS106563,71200,0.774,0.039,26
CUS106564,140000,0.995,0.199,24
CUS106565,77800,0.867,0.19,14
CUS106566,49900,0.882,0.38,8
CUS106567,69900,0.936,0.01,16
CUS106568,93500,0.879,0.152,18
CUS106569,89700,0.85,0.036,17
CUS106570,68600,1.0,0.118,18
CUS106571,48700,0.965,0.045,14
CUS106572,88000,0.861,0.363,25
CUS106573,105900,0.823,0.117,26
CUS106574,55000,0.877,0.171,16
CUS106575,79400,0.934,0.163,8
CUS106576,50600,0.923,0.319,24
CUS106577,85200,0.935,0.155,19
CUS106578,178500,0.851,0.063,13
CUS106579,91800,0.957,0.052,10
CUS106580,40700,1.0,0.24,15
CUS106581,84000,0.867,0.035,13
CUS106582,158000,0.929,0.044,19
CUS106583,37200,1.0,0.118,11
CUS106584,57500,0.987,0.059,16
CUS106585,90500,0.942,0.26,20
CUS106586,87600,0.805,0.018,21
CUS106587,139000,0.86,0.035,20
CUS106588,89700,0.972,0.096,24
CUS106589,120300,0.799,0.117,10
CUS106590,154900,0.975,0.073,22
CUS106591,58200,0.967,0.044,15
CUS106592,101900,0.931,0.148,13
CUS106593,74600,0.969,0.011,18
CUS106594,33700,0.852,0.075,18
CUS106595,106800,0.922,0.069,27
CUS106596,103700,0.988,0.052,23
CUS106597,46300,0.982,0.142,11
CUS106598,65700,0.91,0.126,14
CUS106599,60100,0.691,0.03,23
CUS106600,118400,0.905,0.068,14
CUS106601,46400,0.982,0.223,17
CUS106602,98300,0.87,0.015,18
CUS106603,27400,1.0,0.057,14
CUS106604,102100,0.971,0.068,12
CUS106605,80100,0.874,0.022,10
CUS106606,70300,0.726,0.211,23
CUS106607,154300,0.995,0.156,18
CUS106608,34300,0.892,0.164,20
CUS106609,87300,0.932,0.074,19
CUS106610,142300,1.0,0.153,22
CUS106611,87000,0.825,0.099,23
CUS106612,144900,0.991,0.157,18
CUS106613,66900,0.86,0.228,27
CUS106614,82100,0.962,0.15,16
CUS106615,144800,0.9,0.031,17
CUS106616,105300,0.895,0.063,14
CUS106617,266100,0.928,0.067,12
CUS106618,98100,0.819,0.189,23
CUS106619,103200,0.678,0.129,18
CUS106620,70600,0.975,0.121,15
CUS106621,81100,0.907,0.15,22
CUS106622,136800,0.895,0.071,22
CUS106623,94000,1.0,0.05,21
CUS106624,59200,0.805,0.052,22
CUS106625,72100,0.913,0.04,24
CUS106626,84200,0.895,0.036,20
CUS106627,60200,0.931,0.041,21
CUS106628,69600,0.944,0.155,32
CUS106629,58400,1.0,0.167,20
CUS106630,68100,1.0,0.047,16
CUS106631,159000,0.998,0.091,21
CUS106632,84600,0.963,0.075,25
CUS106633,250100,0.96,0.202,21
CUS106634,61500,0.891,0.169,17
CUS106635,122900,0.795,0.049,20
CUS106636,91700,1.0,0.115,27
CUS106637,108600,0.855,0.119,16
CUS106638,66200,0.9,0.134,18
CUS106639,72100,1.0,0.058,25
CUS106640,101100,0.964,0.003,18
CUS106641,69700,0.938,0.191,19
CUS106642,42800,0.977,0.006,16
CUS106643,151400,0.937,0.262,20
CUS106644,106200,1.0,0.117,18
CUS106645,78300,0.862,0.169,15
CUS106646,98800,0.981,0.114,23
CUS106647,131400,0.794,0.06,17
CUS106648,172800,0.883,0.036,16
CUS106649,102500,1.0,0.33,15
CUS106650,70500,0.874,0.082,24
CUS106651,168000,1.0,0.051,21
CUS106652,83600,1.0,0.143,20
CUS106653,80600,0.987,0.105,17
CUS106654,101000,0.839,0.102,16
CUS106655,156100,0.967,0.153,21
CUS106656,82100,0.898,0.146,20
CUS106657,131400,0.887,0.043,13
CUS106658,82300,0.865,0.207,20
CUS106659,121100,0.836,0.062,9
CUS106660,55000,0.931,0.109,18
CUS106661,153200,0.906,0.18,9
CUS106662,59900,1.0,0.101,15
CUS106663,128900,0.9,0.115,22
CUS106664,42500,0.884,0.021,18
CUS106665,89300,1.0,0.298,17
CUS106666,97400,0.762,0.169,21
CUS106667,63700,0.899,0.267,19
CUS106668,80400,0.788,0.195,17
CUS106669,97400,0.92,0.091,28
CUS106670,109300,1.0,0.129,22
CUS106671,85100,0.847,0.24,20
CUS106672,167500,0.906,0.204,10
CUS106673,147300,1.0,0.081,14
CUS106674,67900,1.0,0.051,20
CUS106675,45100,1.0,0.067,25
CUS106676,67600,1.0,0.065,14
CUS106677,30500,0.779,0.189,13
CUS106678,71400,0.911,0.15,12
CUS106679,166100,0.835,0.079,19
CUS106680,130500,1.0,0.056,20
CUS106681,80400,1.0,0.046,21
CUS106682,64000,1.0,0.021,16
CUS106683,79800,0.855,0.059,16
CUS106684,232900,0.982,0.285,21
CUS106685,174300,0.887,0.017,22
CUS106686,72900,0.85,0.066,19
CUS106687,41900,0.899,0.112,13
CUS106688,250700,0.985,0.126,15
CUS106689,68100,0.883,0.179,19
CUS106690,105500,1.0,0.143,20
CUS106691,39600,0.808,0.266,22
CUS106692,77800,0.943,0.118,14
CUS106693,48300,0.973,0.14,10
CUS106694,51800,0.958,0.029,18
CUS106695,50300,0.894,0.061,17
CUS106696,104400,0.907,0.135,14
CUS106697,91800,0.799,0.103,16
CUS106698,319800,0.84,0.15,19
CUS106699,139100,0.809,0.045,15
CUS106700,153900,0.865,0.185,18
CUS106701,119200,0.897,0.202,18
CUS106702,101400,0.893,0.041,23
CUS106703,157300,0.943,0.074,22
CUS106704,34300,0.86,0.255,18
CUS106705,66400,0.829,0.231,24
CUS106706,48200,0.807,0.08,16
CUS106707,41000,0.942,0.227,16
CUS106708,55700,0.777,0.049,21
CUS106709,55200,0.969,0.235,21
CUS106710,144500,0.849,0.091,20
CUS106711,90300,0.916,0.294,17
CUS106712,40200,0.951,0.067,20
CUS106713,99500,0.84,0.31,18
CUS106714,55300,0.854,0.108,35
CUS106715,94300,1.0,0.141,19
CUS106716,104500,0.956,0.052,14
CUS106717,58400,0.912,0.194,26
CUS106718,101300,1.0,0.056,16
CUS106719,90500,0.953,0.064,20
CUS106720,80100,0.848,0.162,15
CUS106721,58600,1.0,0.03,14
CUS106722,77900,0.989,0.032,21
CUS106723,81000,0.948,0.16,21
CUS106724,91900,1.0,0.131,17
CUS106725,85100,0.834,0.334,22
CUS106726,50000,0.933,0.178,14
CUS106727,87800,0.937,0.192,15
CUS106728,106700,0.943,0.196,7
CUS106729,89000,0.872,0.052,20
CUS106730,81600,1.0,0.126,18
CUS106731,64800,1.0,0.175,15
CUS106732,72800,0.987,0.348,18
CUS106733,72100,0.843,0.118,17
CUS106734,143500,0.83,0.06,21
CUS106735,53700,0.929,0.196,25
CUS106736,99400,0.899,0.029,18
CUS106737,43000,0.999,0.067,21
CUS106738,134400,0.894,0.124,17
CUS106739,70600,0.949,0.088,20
CUS106740,56800,0.898,0.13,20
CUS106741,91900,0.908,0.091,23
CUS106742,34500,0.867,0.054,18
CUS106743,52500,0.973,0.11,8
CUS106744,108200,0.971,0.105,20
CUS106745,129500,0.813,0.171,23
CUS106746,96100,0.92,0.252,24
CUS106747,86700,0.911,0.074,15
CUS106748,240100,0.935,0.057,17
CUS106749,135700,0.886,0.311,18
CUS106750,49300,1.0,0.128,13
CUS106751,141000,0.757,0.046,15
CUS106752,67100,0.93,0.069,21
CUS106753,64400,0.818,0.05,15
CUS106754,42800,0.946,0.401,11
CUS106755,71200,0.957,0.145,20
CUS106756,52100,0.948,0.257,16
CUS106757,118000,0.886,0.141,22
CUS106758,95300,0.855,0.014,17
CUS106759,40600,0.882,0.075,16
CUS106760,93300,1.0,0.063,21
CUS106761,138400,0.939,0.048,18
CUS106762,184600,0.747,0.005,22
CUS106763,39700,0.823,0.175,18
CUS106764,61800,1.0,0.216,20
CUS106765,41800,0.919,0.117,10
CUS106766,98800,0.968,0.225,20
CUS106767,42000,0.923,0.074,16
CUS106768,112600,1.0,0.099,18
CUS106769,138200,0.94,0.018,18
CUS106770,124300,0.942,0.144,16
CUS106771,70800,0.943,0.017,22
CUS106772,56800,0.884,0.135,18
CUS106773,71800,1.0,0.06,21
CUS106774,156600,0.96,0.157,16
CUS106775,38600,0.816,0.133,23
CUS106776,111700,0.93,0.408,21
CUS106777,54900,0.94,0.049,15
CUS106778,72900,0.983,0.101,22
CUS106779,99000,0.959,0.082,18
CUS106780,50500,0.88,0.123,13
CUS106781,73700,0.993,0.314,12
CUS106782,83700,0.93,0.127,16
CUS106783,89700,0.986,0.058,20
CUS106784,88200,0.884,0.037,11
CUS106785,119900,1.0,0.052,14
CUS106786,63500,0.852,0.082,13
CUS106787,96800,0.936,0.091,15
CUS106788,102100,0.804,0.046,13
CUS106789,102000,0.907,0.067,20
CUS106790,93500,0.791,0.228,12
CUS106791,97600,1.0,0.192,24
CUS106792,76400,0.939,0.118,21
CUS106793,48400,1.0,0.158,20
CUS106794,160400,0.839,0.101,23
CUS106795,169900,0.836,0.028,19
CUS106796,76300,1.0,0.023,16
CUS106797,116500,0.778,0.092,20
CUS106798,57100,0.957,0.087,16
CUS106799,63100,1.0,0.28,17
CUS106800,82200,0.877,0.107,23
CUS106801,316000,0.849,0.153,18
CUS106802,190300,0.98,0.138,17
CUS106803,143100,0.996,0.268,22
CUS106804,105100,0.882,0.24,21
CUS106805,63300,0.913,0.086,20
CUS106806,138700,0.906,0.016,13
CUS106807,29700,0.827,0.145,18
CUS106808,108900,0.982,0.311,16
CUS106809,138500,0.91,0.087,19
CUS106810,84500,0.849,0.239,18
CUS106811,191600,0.851,0.018,17
CUS106812,44900,0.93,0.121,12
CUS106813,150300,0.991,0.071,19
CUS106814,77300,0.91,0.018,25
CUS106815,158400,1.0,0.054,21
CUS106816,142800,0.814,0.197,15
CUS106817,168000,0.92,0.014,11
CUS106818,135300,0.844,0.092,13
CUS106819,114800,1.0,0.238,19
CUS106820,164400,0.97,0.129,19
CUS106821,91900,0.942,0.298,23
CUS106822,105800,0.906,0.23,15
CUS106823,87700,0.894,0.063,19
CUS106824,71100,0.992,0.018,22
CUS106825,109500,0.879,0.134,15
CUS106826,85300,1.0,0.295,14
CUS106827,149900,0.945,0.071,22
CUS106828,88900,0.999,0.13,13
CUS106829,70100,0.879,0.077,18
CUS106830,163800,0.936,0.207,17
CUS106831,85700,0.954,0.369,16
CUS106832,61000,0.823,0.33,11
CUS106833,191000,1.0,0.169,19
CUS106834,145400,0.875,0.038,19
CUS106835,209900,0.899,0.044,24
CUS106836,67100,0.798,0.149,14
CUS106837,67200,1.0,0.013,18
CUS106838,58800,0.977,0.074,22
CUS106839,69100,0.874,0.092,14
CUS106840,81800,0.652,0.099,14
CUS106841,109800,0.914,0.025,15
CUS106842,57200,1.0,0.13,16
CUS106843,71200,1.0,0.188,23
CUS106844,181700,0.95,0.229,15
CUS106845,31700,0.961,0.056,17
CUS106846,124000,0.951,0.159,18
CUS106847,45600,0.97,0.191,18
CUS106848,59000,1.0,0.238,26
CUS106849,143500,0.892,0.166,16
CUS106850,87700,1.0,0.065,23
CUS106851,286900,1.0,0.016,10
CUS106852,90500,0.833,0.035,11
CUS106853,71400,0.809,0.001,18
CUS106854,110100,0.912,0.245,11
CUS106855,128300,0.859,0.094,19
CUS106856,119400,0.937,0.039,21
CUS106857,70200,1.0,0.024,18
CUS106858,37600,0.819,0.014,20
CUS106859,74600,0.831,0.1,19
CUS106860,189100,0.979,0.032,18
CUS106861,68400,0.967,0.09,16
CUS106862,71500,0.909,0.017,14
CUS106863,119900,0.924,0.289,13
CUS106864,121100,1.0,0.146,14
CUS106865,49300,0.854,0.155,20
CUS106866,89800,0.779,0.063,19
CUS106867,174000,0.85,0.144,20
CUS106868,76400,0.969,0.112,15
CUS106869,166700,0.986,0.113,14
CUS106870,173200,0.985,0.131,22
CUS106871,53700,0.807,0.314,16
CUS106872,72100,0.724,0.221,16
CUS106873,122100,0.926,0.101,23
CUS106874,43900,0.875,0.187,21
CUS106875,74500,0.835,0.187,18
CUS106876,117500,0.922,0.157,18
CUS106877,61900,0.936,0.379,13
CUS106878,100300,0.847,0.039,18
CUS106879,58900,1.0,0.106,22
CUS106880,72200,0.925,0.223,13
CUS106881,119800,1.0,0.085,14
CUS106882,153700,0.812,0.169,17
CUS106883,63400,0.952,0.072,9
CUS106884,47200,0.797,0.046,19
CUS106885,90100,0.954,0.004,17
CUS106886,110000,0.769,0.156,15
CUS106887,66600,0.943,0.184,10
CUS106888,191300,1.0,0.009,16
CUS106889,73100,0.842,0.006,16
CUS106890,60500,0.912,0.107,17
CUS106891,193400,0.848,0.45,19
CUS106892,149000,0.87,0.3,14
CUS106893,58200,0.862,0.236,10
CUS106894,134300,0.996,0.15,28
CUS106895,68000,0.795,0.209,15
CUS106896,123700,0.934,0.319,23
CUS106897,195300,0.884,0.036,15
CUS106898,53700,0.954,0.125,14
CUS106899,75800,0.952,0.039,23
CUS106900,76100,0.826,0.122,17
CUS106901,103700,0.927,0.293,20
CUS106902,114700,0.864,0.415,24
CUS106903,89800,0.89,0.148,18
CUS106904,43000,1.0,0.212,14
CUS106905,45500,0.784,0.034,18
CUS106906,55800,0.976,0.249,14
CUS106907,110200,0.874,0.092,22
CUS106908,48400,0.974,0.097,21
CUS106909,56800,1.0,0.164,11
CUS106910,51800,0.889,0.108,20
CUS106911,110800,0.949,0.034,17
CUS106912,148200,1.0,0.078,14
CUS106913,96800,0.94,0.001,14
CUS106914,208000,0.925,0.073,23
CUS106915,86000,0.863,0.095,23
CUS106916,82900,0.952,0.051,20
CUS106917,62600,0.915,0.082,18
CUS106918,97400,0.86,0.017,20
CUS106919,54100,0.921,0.006,14
CUS106920,63600,0.848,0.138,21
CUS106921,53000,0.863,0.034,14
CUS106922,72000,0.842,0.09,22
CUS106923,72600,0.929,0.068,16
CUS106924,284900,0.851,0.029,15
CUS106925,98500,0.836,0.13,17
CUS106926,95200,0.812,0.117,12
CUS106927,67100,0.897,0.023,11
CUS106928,339100,0.992,0.034,20
CUS106929,59100,0.98,0.113,13
CUS106930,70200,0.839,0.074,24
CUS106931,112900,0.994,0.306,17
CUS106932,91500,1.0,0.072,14
CUS106933,52400,0.914,0.157,16
CUS106934,84700,1.0,0.271,14
CUS106935,118800,0.881,0.114,24
CUS106936,121800,0.973,0.028,12
CUS106937,107500,0.838,0.15,19
CUS106938,250900,0.888,0.238,15
CUS106939,95400,0.914,0.275,14
CUS106940,106200,0.898,0.361,14
CUS106941,29200,0.959,0.079,22
CUS106942,159100,0.892,0.113,22
CUS106943,87500,0.865,0.108,16
CUS106944,58900,0.944,0.203,20
CUS106945,77000,0.982,0.079,19
CUS106946,99100,0.963,0.174,15
CUS106947,128100,0.682,0.046,17
CUS106948,91700,1.0,0.048,19
CUS106949,123100,0.964,0.162,17
CUS106950,66700,0.988,0.038,16
CUS106951,93100,0.907,0.032,25
CUS106952,92700,1.0,0.014,14
CUS106953,109000,1.0,0.13,15
CUS106954,83500,1.0,0.111,19
CUS106955,117100,0.806,0.017,21
CUS106956,65000,0.722,0.121,15
CUS106957,81800,0.854,0.191,17
CUS106958,68200,0.955,0.025,17
CUS106959,53700,0.857,0.04,12
CUS106960,57400,0.759,0.063,18
CUS106961,75500,0.937,0.346,18
CUS106962,75100,0.91,0.101,11
CUS106963,105600,0.912,0.314,20
CUS106964,87200,0.863,0.162,15
CUS106965,122300,1.0,0.389,13
CUS106966,80000,0.944,0.189,19
CUS106967,106700,1.0,0.126,22
CUS106968,184600,0.969,0.083,15
CUS106969,68800,1.0,0.138,17
CUS106970,76500,0.846,0.032,23
CUS106971,151300,0.957,0.054,24
CUS106972,53600,0.893,0.399,18
CUS106973,155200,0.738,0.241,23
CUS106974,80000,0.929,0.076,19
CUS106975,61700,0.937,0.073,19
CUS106976,135300,0.852,0.216,21
CUS106977,78200,0.785,0.076,18
CUS106978,195000,0.944,0.101,15
CUS106979,95800,1.0,0.038,24
CUS106980,90500,0.879,0.017,19
CUS106981,68500,0.939,0.176,14
CUS106982,81800,0.857,0.114,19
CUS106983,69500,1.0,0.221,21
CUS106984,144900,0.888,0.21,23
CUS106985,97700,1.0,0.068,22
CUS106986,127700,1.0,0.194,15
CUS106987,87500,0.816,0.342,10
CUS106988,66100,0.912,0.27,19
CUS106989,78300,0.988,0.258,17
CUS106990,182300,0.998,0.067,18
CUS106991,55100,1.0,0.056,16
CUS106992,94600,0.944,0.156,21
CUS106993,192100,0.907,0.193,17
CUS106994,55800,0.892,0.307,20
CUS106995,119600,0.801,0.005,16
CUS106996,130700,0.9,0.054,16
CUS106997,46400,0.823,0.159,23
CUS106998,144100,0.983,0.233,21
CUS106999,57900,1.0,0.17,15
CUS107000,102900,0.826,0.128,16
CUS107001,143300,0.896,0.051,18
CUS107002,150100,0.913,0.149,22
CUS107003,39100,1.0,0.136,13
CUS107004,171800,0.946,0.068,29
CUS107005,155100,0.958,0.155,12
CUS107006,132600,0.969,0.078,14
CUS107007,96400,0.924,0.381,10
CUS107008,65200,0.838,0.114,17
CUS107009,62700,0.991,0.09,17
CUS107010,41300,1.0,0.126,20
CUS107011,118800,0.905,0.028,19
CUS107012,131100,0.859,0.051,18
CUS107013,82900,0.935,0.102,15
CUS107014,69500,0.708,0.103,29
CUS107015,89100,0.908,0.154,20
CUS107016,68600,0.809,0.11,14
CUS107017,80900,0.902,0.044,19
CUS107018,58900,0.911,0.237,18
CUS107019,106800,0.896,0.237,17
CUS107020,164300,0.815,0.185,23
CUS107021,106500,0.907,0.091,24
CUS107022,80400,0.87,0.038,21
CUS107023,132300,0.897,0.025,22
CUS107024,100400,0.891,0.212,16
CUS107025,138600,0.979,0.043,15
CUS107026,60500,0.921,0.085,17
CUS107027,71500,0.886,0.09,11
CUS107028,62000,0.883,0.388,31
CUS107029,69300,0.972,0.103,12
CUS107030,129700,0.88,0.103,16
CUS107031,56300,1.0,0.369,17
CUS107032,33000,0.911,0.106,20
CUS107033,76100,0.897,0.088,18
CUS107034,53600,0.946,0.015,21
CUS107035,58800,0.996,0.08,14
CUS107036,194800,0.836,0.431,23
CUS107037,60300,1.0,0.08,20
CUS107038,116800,0.814,0.101,12
CUS107039,90100,0.945,0.132,17
CUS107040,117100,0.965,0.172,24
CUS107041,67900,0.916,0.062,20
CUS107042,141900,0.903,0.099,16
CUS107043,108200,0.95,0.047,20
CUS107044,95000,0.948,0.172,19
CUS107045,95700,0.824,0.002,20
CUS107046,127400,0.897,0.167,20
CUS107047,117400,0.793,0.059,14
CUS107048,88200,0.826,0.065,13
CUS107049,108800,0.933,0.041,24
CUS107050,41000,0.876,0.328,26
CUS107051,90200,1.0,0.055,15
CUS107052,83800,0.991,0.02,17
CUS107053,142200,0.917,0.096,16
CUS107054,61500,0.891,0.074,23
CUS107055,106700,1.0,0.274,14
CUS107056,198800,0.969,0.242,12
CUS107057,89600,0.852,0.095,16
CUS107058,45900,0.916,0.278,15
CUS107059,224800,0.735,0.329,10
CUS107060,67700,1.0,0.413,20
CUS107061,42800,0.964,0.063,24
CUS107062,59900,0.904,0.014,24
CUS107063,126100,0.796,0.113,22
CUS107064,141100,1.0,0.184,18
CUS107065,192400,0.869,0.329,10
CUS107066,91800,0.941,0.376,18
CUS107067,53900,0.773,0.322,11
CUS107068,59400,0.942,0.003,13
CUS107069,83100,0.954,0.344,24
CUS107070,80600,1.0,0.16,21
CUS107071,143800,0.947,0.184,18
CUS107072,47700,1.0,0.176,14
CUS107073,47600,0.876,0.136,16
CUS107074,78700,0.931,0.063,16
CUS107075,103100,0.841,0.28,23
CUS107076,69100,1.0,0.046,17
CUS107077,66400,0.944,0.28,15
CUS107078,145600,0.772,0.185,19
CUS107079,91200,1.0,0.111,16
CUS107080,54800,0.921,0.224,25
CUS107081,67500,0.992,0.241,9
CUS107082,109000,0.866,0.433,15
CUS107083,46100,0.851,0.202,23
CUS107084,90300,0.808,0.275,19
CUS107085,75200,1.0,0.256,24
CUS107086,99700,0.962,0.047,15
CUS107087,90800,0.987,0.169,13
CUS107088,49800,0.855,0.103,20
CUS107089,67300,1.0,0.326,31
CUS107090,166200,0.803,0.094,20
CUS107091,260000,0.918,0.163,23
CUS107092,43700,0.915,0.128,19
CUS107093,112600,0.723,0.129,14
CUS107094,102600,1.0,0.109,19
CUS107095,253500,0.96,0.11,15
CUS107096,70800,1.0,0.068,22
CUS107097,138600,0.995,0.015,19
CUS107098,68800,0.829,0.057,15
CUS107099,165000,0.778,0.05,12
CUS107100,240000,0.854,0.1,19
CUS107101,98200,0.99,0.184,13
CUS107102,48800,0.851,0.254,15
CUS107103,160000,0.999,0.386,21
CUS107104,103900,0.827,0.268,21
CUS107105,101100,0.82,0.178,15
CUS107106,201300,0.96,0.066,23
CUS107107,47700,0.972,0.145,16
CUS107108,59400,0.958,0.153,14
CUS107109,117600,0.89,0.094,15
CUS107110,55900,1.0,0.041,16
CUS107111,78800,0.937,0.066,19
CUS107112,147900,0.979,0.027,15
CUS107113,101800,0.963,0.113,23
CUS107114,51400,1.0,0.001,18
CUS107115,96400,0.953,0.281,9
CUS107116,146900,0.904,0.145,20
CUS107117,88600,0.981,0.363,17
CUS107118,141300,0.873,0.02,6
CUS107119,72700,0.752,0.157,16
CUS107120,99700,0.912,0.007,13
CUS107121,43400,0.942,0.024,18
CUS107122,121000,0.854,0.029,18
CUS107123,104900,0.983,0.181,20
CUS107124,45600,0.821,0.118,24
CUS107125,192200,0.934,0.039,21
CUS107126,108900,0.904,0.085,15
CUS107127,65700,0.876,0.03,20
CUS107128,121200,0.999,0.11,27
CUS107129,50300,0.93,0.099,20
CUS107130,59000,1.0,0.105,13
CUS107131,62600,0.818,0.061,17
CUS107132,53900,1.0,0.235,20
CUS107133,117800,1.0,0.052,17
CUS107134,88100,1.0,0.142,18
CUS107135,102500,1.0,0.125,20
CUS107136,28800,0.91,0.115,24
CUS107137,75100,1.0,0.182,19
CUS107138,77600,0.99,0.383,21
CUS107139,85700,0.823,0.163,27
CUS107140,80500,0.79,0.019,14
CUS107141,99200,0.904,0.191,19
CUS107142,84900,1.0,0.16,18
CUS107143,67400,0.875,0.101,20
CUS107144,72200,0.984,0.166,17
CUS107145,82800,0.89,0.075,18
CUS107146,115200,0.925,0.2,24
CUS107147,101600,0.899,0.098,15
CUS107148,52700,1.0,0.085,13
CUS107149,51000,0.906,0.114,14
CUS107150,121900,0.866,0.088,13
CUS107151,120100,1.0,0.092,17
CUS107152,138300,0.85,0.047,18
CUS107153,68300,0.95,0.092,17
CUS107154,36500,0.895,0.099,22
CUS107155,96700,0.902,0.115,12
CUS107156,70100,0.994,0.014,18
CUS107157,78900,0.893,0.207,19
CUS107158,92100,0.962,0.195,27
CUS107159,85900,0.933,0.137,17
CUS107160,123100,0.88,0.136,15
CUS107161,151300,0.998,0.072,22
CUS107162,179300,0.958,0.244,15
CUS107163,87100,0.95,0.161,19
CUS107164,37100,0.875,0.111,13
CUS107165,54300,0.981,0.004,18
CUS107166,167500,0.881,0.07,21
CUS107167,78800,0.92,0.08,20
CUS107168,201200,0.836,0.087,20
CUS107169,80600,0.875,0.1,16
CUS107170,262900,1.0,0.208,16
CUS107171,92600,0.942,0.017,26
CUS107172,76800,1.0,0.034,22
CUS107173,65500,1.0,0.004,18
CUS107174,108500,1.0,0.083,18
CUS107175,45900,0.926,0.062,22
CUS107176,67200,0.847,0.348,19
CUS107177,84000,1.0,0.046,19
CUS107178,30100,0.954,0.124,14
CUS107179,93700,0.871,0.12,25
CUS107180,194000,0.966,0.079,16
CUS107181,110800,0.854,0.192,21
CUS107182,66400,0.833,0.045,13
CUS107183,65000,0.809,0.055,17
CUS107184,113000,0.865,0.6,14
CUS107185,78700,1.0,0.038,19
CUS107186,110700,0.91,0.019,18
CUS107187,74800,0.851,0.101,16
CUS107188,57400,0.929,0.049,25
CUS107189,145100,0.865,0.338,16
CUS107190,112000,0.936,0.126,20
CUS107191,37300,0.767,0.148,20
CUS107192,79100,0.823,0.111,14
CUS107193,138300,0.987,0.044,19
CUS107194,74300,1.0,0.343,20
CUS107195,65400,1.0,0.122,17
CUS107196,75900,0.859,0.066,12
CUS107197,87500,0.954,0.083,20
CUS107198,73700,0.869,0.146,23
CUS107199,83300,0.912,0.1,12
CUS107200,90900,0.948,0.115,14
CUS107201,60100,0.973,0.169,14
CUS107202,59400,1.0,0.036,16
CUS107203,49200,0.955,0.09,21
CUS107204,94700,0.859,0.067,17
CUS107205,108200,1.0,0.017,20
CUS107206,54800,0.911,0.126,9
CUS107207,47300,0.932,0.08,18
CUS107208,52800,1.0,0.212,13
CUS107209,167800,0.91,0.119,24
CUS107210,79900,1.0,0.16,20
CUS107211,67700,1.0,0.076,15
CUS107212,65000,0.924,0.22,20
CUS107213,108000,0.99,0.383,17
CUS107214,72500,0.812,0.138,19
CUS107215,65500,0.925,0.007,20
CUS107216,50900,0.929,0.108,24
CUS107217,97400,0.837,0.258,8
CUS107218,82600,0.936,0.123,23
CUS107219,50800,0.894,0.043,15
CUS107220,148400,0.803,0.004,15
CUS107221,68900,0.919,0.171,15
CUS107222,30900,0.837,0.119,17
CUS107223,175100,0.844,0.084,18
CUS107224,83800,0.836,0.101,19
CUS107225,101300,0.909,0.066,13
CUS107226,175900,0.969,0.171,19
CUS107227,51300,0.873,0.232,16
CUS107228,109100,0.803,0.093,20
CUS107229,147500,1.0,0.141,17
CUS107230,52200,0.736,0.035,15
CUS107231,161900,0.841,0.149,16
CUS107232,46000,0.939,0.175,20
CUS107233,92400,0.872,0.147,24
CUS107234,51400,0.944,0.022,16
CUS107235,134400,0.888,0.368,20
CUS107236,59300,0.868,0.11,22
CUS107237,64900,0.92,0.063,25
CUS107238,57200,0.881,0.092,28
CUS107239,48400,1.0,0.068,17
CUS107240,58600,0.857,0.094,20
CUS107241,77800,1.0,0.095,10
CUS107242,83200,1.0,0.298,19
CUS107243,76400,0.973,0.161,16
CUS107244,59200,0.712,0.09,17
CUS107245,74900,0.943,0.002,11
CUS107246,41800,0.88,0.28,22
CUS107247,61000,0.984,0.329,15
CUS107248,87600,1.0,0.064,19
CUS107249,94700,0.902,0.211,18
CUS107250,99300,0.88,0.121,13
CUS107251,48300,1.0,0.491,16
CUS107252,109600,0.877,0.022,21
CUS107253,82600,1.0,0.038,18
CUS107254,146900,0.934,0.092,22
CUS107255,42100,0.931,0.26,17
CUS107256,83000,0.934,0.138,19
CUS107257,130900,0.94,0.04,16
CUS107258,71100,0.792,0.141,17
CUS107259,58300,0.81,0.331,18
CUS107260,59800,1.0,0.324,15
CUS107261,106400,0.781,0.25,16
CUS107262,42200,0.931,0.089,21
CUS107263,75900,1.0,0.075,17
CUS107264,58100,0.905,0.074,13
CUS107265,64600,0.977,0.121,17
CUS107266,106700,0.886,0.043,18
CUS107267,64200,1.0,0.019,20
CUS107268,108200,0.793,0.075,24
CUS107269,50900,0.944,0.039,16
CUS107270,118400,0.924,0.2,9
CUS107271,82800,0.867,0.161,15
CUS107272,166200,0.924,0.145,19
CUS107273,75500,0.778,0.047,19
CUS107274,101700,0.917,0.143,16
CUS107275,104600,0.906,0.12,19
CUS107276,90000,0.857,0.046,23
CUS107277,163400,0.979,0.105,10
CUS107278,44300,0.875,0.119,16
CUS107279,95600,0.914,0.094,25
CUS107280,71200,0.863,0.342,19
CUS107281,62600,0.625,0.192,15
CUS107282,167900,1.0,0.215,19
CUS107283,66600,1.0,0.061,24
CUS107284,128500,0.948,0.113,20
CUS107285,55500,0.956,0.066,26
CUS107286,121600,0.799,0.155,20
CUS107287,92400,0.905,0.296,15
CUS107288,80400,0.863,0.005,12
CUS107289,48000,0.802,0.07,15
CUS107290,75000,0.855,0.152,17
CUS107291,57900,0.877,0.057,11
CUS107292,205500,0.898,0.063,26
CUS107293,89800,1.0,0.036,14
CUS107294,61600,1.0,0.156,16
CUS107295,67300,0.922,0.082,13
CUS107296,50900,0.834,0.112,19
CUS107297,155600,0.94,0.07,16
CUS107298,165000,0.923,0.116,18
CUS107299,88100,0.901,0.179,18
CUS107300,233800,0.895,0.237,24
CUS107301,96500,0.986,0.09,12
CUS107302,138200,1.0,0.039,21
CUS107303,108800,0.754,0.235,21
CUS107304,64300,0.884,0.157,14
CUS107305,91600,0.792,0.028,19
CUS107306,111900,1.0,0.182,18
CUS107307,50300,0.924,0.04,9
CUS107308,86400,0.913,0.134,15
CUS107309,128500,0.883,0.149,20
CUS107310,64200,1.0,0.213,15
CUS107311,79400,0.923,0.078,22
CUS107312,61000,0.872,0.076,17
CUS107313,58900,0.892,0.029,30
CUS107314,70800,0.94,0.024,7
CUS107315,197200,0.922,0.227,18
CUS107316,77200,0.952,0.19,17
CUS107317,58500,0.835,0.115,18
CUS107318,85300,0.925,0.113,12
CUS107319,38200,0.784,0.081,17
CUS107320,31800,0.966,0.071,15
CUS107321,42800,0.987,0.042,29
CUS107322,99900,0.974,0.084,18
CUS107323,89400,0.875,0.134,14
CUS107324,127500,0.913,0.058,17
CUS107325,44000,0.882,0.069,24
CUS107326,77500,0.816,0.03,11
CUS107327,46100,0.936,0.277,25
CUS107328,108800,0.799,0.001,15
CUS107329,49100,1.0,0.016,19
CUS107330,80600,0.961,0.179,14
CUS107331,99200,0.754,0.045,16
CUS107332,75200,0.837,0.067,17
CUS107333,31200,0.951,0.218,15
CUS107334,191100,0.919,0.063,17
CUS107335,74000,1.0,0.306,20
CUS107336,40900,0.934,0.201,17
CUS107337,131900,0.976,0.137,14
CUS107338,111700,0.909,0.246,20
CUS107339,70900,0.822,0.286,23
CUS107340,188000,0.878,0.041,15
CUS107341,66600,1.0,0.076,17
CUS107342,107800,0.933,0.24,12
CUS107343,88500,0.888,0.142,14
CUS107344,142600,0.88,0.334,24
CUS107345,37500,0.862,0.092,21
CUS107346,242100,0.996,0.048,25
CUS107347,143600,0.888,0.035,17
CUS107348,103200,0.955,0.082,18
CUS107349,61400,0.951,0.077,12
CUS107350,58200,0.963,0.103,17
CUS107351,101500,0.888,0.027,20
CUS107352,90200,0.894,0.298,17
CUS107353,111800,1.0,0.038,23
CUS107354,84400,1.0,0.274,22
CUS107355,95100,0.978,0.256,12
CUS107356,32300,0.879,0.036,15
CUS107357,79400,0.881,0.101,19
CUS107358,51100,0.981,0.275,14
CUS107359,84900,1.0,0.129,29
CUS107360,158800,0.876,0.146,11
CUS107361,55400,0.983,0.26,25
CUS107362,70300,0.878,0.135,17
CUS107363,64200,0.856,0.238,23
CUS107364,63000,1.0,0.049,17
CUS107365,109300,0.882,0.046,12
CUS107366,107200,0.903,0.163,20
CUS107367,167200,0.987,0.096,12
CUS107368,55000,0.875,0.104,26
CUS107369,139700,0.888,0.007,15
CUS107370,140100,0.861,0.097,17
CUS107371,206900,0.946,0.207,19
CUS107372,67100,0.802,0.004,22
CUS107373,36100,1.0,0.047,19
CUS107374,77400,0.869,0.261,22
CUS107375,295300,1.0,0.127,21
CUS107376,51200,0.965,0.034,14
CUS107377,108400,0.921,0.119,20
CUS107378,33500,0.855,0.21,21
CUS107379,163300,0.857,0.144,12
CUS107380,37900,0.952,0.16,11
CUS107381,32600,0.765,0.052,19
CUS107382,86700,0.777,0.067,16
CUS107383,88900,0.947,0.23,18
CUS107384,146000,0.929,0.059,27
CUS107385,126100,0.837,0.087,14
CUS107386,33700,0.948,0.241,28
CUS107387,83900,0.951,0.008,19
CUS107388,68000,0.831,0.145,17
CUS107389,44900,0.885,0.38,15
CUS107390,91200,0.98,0.168,21
CUS107391,148900,0.893,0.053,20
CUS107392,70700,0.809,0.085,19
CUS107393,74800,1.0,0.265,19
CUS107394,75000,1.0,0.022,19
CUS107395,64800,0.783,0.154,21
CUS107396,71800,0.818,0.028,17
CUS107397,66500,0.868,0.205,17
CUS107398,80800,0.787,0.393,19
CUS107399,57000,0.825,0.033,12
CUS107400,97000,0.924,0.055,20
CUS107401,69900,0.951,0.066,17
CUS107402,133500,0.952,0.198,18
CUS107403,71400,0.815,0.133,19
CUS107404,122800,0.936,0.131,15
CUS107405,59000,0.854,0.137,24
CUS107406,135600,1.0,0.171,20
CUS107407,37200,1.0,0.044,24
CUS107408,86000,0.928,0.061,14
CUS107409,63400,1.0,0.05,20
CUS107410,73100,1.0,0.118,26
CUS107411,43700,0.931,0.482,15
CUS107412,75100,0.878,0.129,20
CUS107413,52800,0.813,0.148,15
CUS107414,66900,0.834,0.084,13
CUS107415,73000,0.966,0.048,15
CUS107416,116900,0.871,0.33,21
CUS107417,92300,0.947,0.255,14
CUS107418,203100,0.921,0.057,17
CUS107419,67600,0.938,0.109,12
CUS107420,82100,1.0,0.06,18
CUS107421,359400,1.0,0.052,22
CUS107422,76300,0.927,0.147,15
CUS107423,125700,0.902,0.086,18
CUS107424,110500,0.852,0.107,20
CUS107425,245000,1.0,0.234,18
CUS107426,39900,0.912,0.026,17
CUS107427,43900,1.0,0.039,18
CUS107428,53900,0.961,0.126,20
CUS107429,78400,0.888,0.071,15
CUS107430,56000,0.859,0.133,19
CUS107431,33100,0.966,0.039,16
CUS107432,57200,0.875,0.039,19
CUS107433,95000,0.909,0.249,19
CUS107434,57400,0.951,0.145,17
CUS107435,147800,1.0,0.041,16
CUS107436,54000,1.0,0.15,26
CUS107437,97000,0.988,0.087,20
CUS107438,77300,0.857,0.092,21
CUS107439,103100,1.0,0.061,21
CUS107440,112700,0.961,0.155,16
CUS107441,208000,0.972,0.063,25
CUS107442,100100,0.97,0.24,20
CUS107443,71100,0.849,0.028,16
CUS107444,106500,0.819,0.138,11
CUS107445,129500,0.919,0.11,16
CUS107446,199400,0.971,0.293,17
CUS107447,82400,0.863,0.159,22
CUS107448,85600,0.901,0.059,21
CUS107449,154900,0.815,0.034,14
CUS107450,33500,0.854,0.559,25
CUS107451,84200,1.0,0.119,18
CUS107452,130700,0.921,0.137,19
CUS107453,160600,0.83,0.038,16
CUS107454,32300,0.745,0.043,18
CUS107455,47000,0.965,0.077,17
CUS107456,29900,1.0,0.081,12
CUS107457,127700,1.0,0.016,12
CUS107458,100300,0.793,0.035,18
CUS107459,164600,0.99,0.243,19
CUS107460,88500,0.921,0.018,17
CUS107461,221200,0.916,0.007,20
CUS107462,59200,1.0,0.351,21
CUS107463,72900,1.0,0.045,15
CUS107464,108600,0.964,0.243,17
CUS107465,61900,0.895,0.293,15
CUS107466,73700,1.0,0.003,14
CUS107467,85500,0.912,0.067,24
CUS107468,87600,0.989,0.021,19
CUS107469,89700,1.0,0.146,17
CUS107470,122200,0.795,0.026,14
CUS107471,70500,0.965,0.051,18
CUS107472,51100,0.932,0.164,14
CUS107473,83500,1.0,0.053,19
CUS107474,65200,0.888,0.063,15
CUS107475,53300,1.0,0.047,20
CUS107476,45600,1.0,0.156,20
CUS107477,130500,0.926,0.051,20
CUS107478,130000,0.887,0.119,18
CUS107479,175800,0.873,0.184,20
CUS107480,88700,0.947,0.055,17
CUS107481,144700,1.0,0.134,19
CUS107482,54500,0.945,0.154,13
CUS107483,39800,0.94,0.107,19
CUS107484,59500,1.0,0.108,12
CUS107485,77300,0.979,0.145,16
CUS107486,103500,0.877,0.383,25
CUS107487,149000,0.965,0.145,18
CUS107488,108000,0.83,0.01,15
CUS107489,233700,0.854,0.352,21
CUS107490,88100,1.0,0.169,16
CUS107491,90000,0.956,0.17,14
CUS107492,96300,0.915,0.057,18
CUS107493,107700,0.727,0.053,18
CUS107494,100700,0.97,0.098,18
CUS107495,52500,0.981,0.177,12
CUS107496,134800,1.0,0.107,23
CUS107497,261200,0.866,0.039,16
CUS107498,66600,0.985,0.121,16
CUS107499,89200,0.797,0.037,9
CUS107500,53300,0.815,0.107,21
CUS107501,133700,0.994,0.281,21
CUS107502,135600,0.869,0.188,18
CUS107503,43000,0.822,0.167,16
CUS107504,45700,0.885,0.042,11
CUS107505,31500,0.811,0.212,12
CUS107506,159200,0.897,0.036,28
CUS107507,61700,0.982,0.002,22
CUS107508,85100,0.902,0.364,14
CUS107509,70000,0.881,0.089,22
CUS107510,129500,0.915,0.048,19
CUS107511,105000,0.794,0.126,15
CUS107512,105100,0.937,0.164,21
CUS107513,63000,0.95,0.041,18
CUS107514,128900,0.803,0.165,9
CUS107515,136300,0.932,0.045,15
CUS107516,123500,0.958,0.043,13
CUS107517,47800,0.987,0.133,25
CUS107518,58400,0.925,0.14,15
CUS107519,183400,0.985,0.097,24
CUS107520,202100,0.951,0.138,23
CUS107521,77200,0.901,0.106,18
CUS107522,89000,0.998,0.198,32
CUS107523,96500,1.0,0.026,26
CUS107524,112800,0.897,0.058,22
CUS107525,41400,0.804,0.078,16
CUS107526,104200,0.884,0.128,22
CUS107527,50400,0.93,0.098,25
CUS107528,82100,0.821,0.125,19
CUS107529,52800,0.863,0.106,22
CUS107530,61100,1.0,0.084,14
CUS107531,87000,0.767,0.257,21
CUS107532,61900,0.9,0.16,23
CUS107533,54500,1.0,0.149,18
CUS107534,163400,0.954,0.089,14
CUS107535,51900,1.0,0.19,28
CUS107536,34100,0.973,0.034,13
CUS107537,109400,1.0,0.164,12
CUS107538,81800,0.807,0.006,16
CUS107539,86100,1.0,0.183,18
CUS107540,80200,1.0,0.07,18
CUS107541,131900,0.863,0.122,17
CUS107542,205900,0.929,0.01,15
CUS107543,92600,0.817,0.088,17
CUS107544,50000,0.816,0.314,19
CUS107545,98800,1.0,0.134,18
CUS107546,105900,0.814,0.166,9
CUS107547,118200,0.942,0.015,25
CUS107548,92900,0.992,0.43,18
CUS107549,73300,0.882,0.174,17
CUS107550,62100,0.777,0.006,14
CUS107551,85700,0.882,0.043,16
CUS107552,38900,0.856,0.131,15
CUS107553,100900,0.896,0.1,19
CUS107554,95500,0.896,0.116,16
CUS107555,99100,0.969,0.026,18
CUS107556,119000,0.876,0.078,19
CUS107557,166300,0.883,0.123,17
CUS107558,78800,0.914,0.056,15
CUS107559,93100,0.975,0.025,14
CUS107560,68600,0.878,0.076,25
CUS107561,120800,0.918,0.008,23
CUS107562,99500,1.0,0.165,16
CUS107563,139500,0.922,0.063,13
CUS107564,140600,0.98,0.214,16
CUS107565,94200,0.967,0.4,23
CUS107566,76700,1.0,0.037,15
CUS107567,77400,0.861,0.059,16
CUS107568,114900,0.863,0.111,17
CUS107569,98900,1.0,0.194,21
CUS107570,79300,0.899,0.073,10
CUS107571,105900,0.765,0.185,21
CUS107572,59300,0.987,0.024,11
CUS107573,98400,1.0,0.157,24
CUS107574,71600,0.973,0.14,23
CUS107575,128800,0.992,0.078,15
CUS107576,83400,0.997,0.097,27
CUS107577,179800,0.941,0.31,20
CUS107578,85100,0.895,0.108,21
CUS107579,112600,0.916,0.078,13
CUS107580,46000,0.864,0.107,13
CUS107581,153900,0.931,0.131,19
CUS107582,72500,0.884,0.089,18
CUS107583,223000,0.904,0.061,16
CUS107584,84500,0.888,0.196,13
CUS107585,82000,0.953,0.021,12
CUS107586,66500,0.935,0.284,19
CUS107587,125900,0.946,0.452,17
CUS107588,103300,0.945,0.035,11
CUS107589,57700,1.0,0.042,17
CUS107590,74700,0.933,0.27,23
CUS107591,122800,0.923,0.111,24
CUS107592,65900,0.933,0.193,18
CUS107593,62400,0.96,0.084,18
CUS107594,96700,0.959,0.063,14
CUS107595,92600,0.958,0.102,14
CUS107596,75600,0.873,0.134,14
CUS107597,149900,0.894,0.109,20
CUS107598,88700,0.908,0.083,22
CUS107599,46200,0.761,0.033,16
CUS107600,41300,1.0,0.056,18
CUS107601,120800,0.963,0.192,19
CUS107602,55900,1.0,0.147,20
CUS107603,85600,0.823,0.088,10
CUS107604,57900,0.868,0.299,21
CUS107605,65200,0.958,0.064,17
CUS107606,114800,0.841,0.22,18
CUS107607,48000,0.857,0.135,22
CUS107608,73500,0.864,0.177,27
CUS107609,62000,0.906,0.085,19
CUS107610,56400,0.819,0.186,20
CUS107611,66900,1.0,0.213,23
CUS107612,68900,0.765,0.061,25
CUS107613,130900,0.733,0.044,20
CUS107614,56300,0.968,0.05,24
CUS107615,104300,0.834,0.047,18
CUS107616,102400,0.987,0.041,15
CUS107617,42900,0.865,0.046,21
CUS107618,65600,0.847,0.065,13
CUS107619,87600,0.862,0.145,14
CUS107620,100400,0.993,0.143,10
CUS107621,71400,0.859,0.337,19
CUS107622,129100,0.926,0.095,24
CUS107623,91400,0.89,0.085,21
CUS107624,98100,0.97,0.28,18
CUS107625,66100,0.777,0.114,27
CUS107626,116700,0.883,0.028,19
CUS107627,209300,0.862,0.056,13
CUS107628,110100,0.912,0.123,20
CUS107629,146300,0.858,0.192,10
CUS107630,81500,0.922,0.307,19
CUS107631,141900,0.823,0.084,9
CUS107632,140800,0.786,0.04,14
CUS107633,85100,0.831,0.039,16
CUS107634,78900,0.786,0.048,16
CUS107635,50300,0.696,0.096,18
CUS107636,81900,0.961,0.213,16
CUS107637,116300,0.929,0.011,11
CUS107638,57600,1.0,0.035,23
CUS107639,48200,0.891,0.113,22
CUS107640,94200,0.958,0.049,20
CUS107641,104300,0.903,0.276,23
CUS107642,47600,0.935,0.158,26
CUS107643,88200,1.0,0.022,20
CUS107644,101900,0.89,0.131,15
CUS107645,158100,0.935,0.119,14
CUS107646,64700,0.97,0.287,24
CUS107647,223000,0.892,0.114,16
CUS107648,84200,1.0,0.079,19
CUS107649,38700,0.951,0.075,21
CUS107650,74300,0.837,0.052,19
CUS107651,50200,1.0,0.072,17
CUS107652,88500,1.0,0.207,12
CUS107653,112100,0.84,0.132,14
CUS107654,95600,0.888,0.104,23
CUS107655,52400,1.0,0.056,14
CUS107656,52400,0.931,0.307,23
CUS107657,92700,0.941,0.085,12
CUS107658,121300,0.945,0.255,19
CUS107659,66300,0.956,0.112,18
CUS107660,30600,0.872,0.115,16
CUS107661,47400,0.926,0.095,15
CUS107662,129700,1.0,0.132,16
CUS107663,62400,0.916,0.078,17
CUS107664,67200,0.968,0.176,23
CUS107665,114300,1.0,0.147,21
CUS107666,82200,0.84,0.015,11
CUS107667,183100,0.846,0.055,23
CUS107668,73300,0.972,0.07,15
CUS107669,55400,0.909,0.082,13
CUS107670,151900,0.917,0.108,14
CUS107671,106800,0.839,0.006,19
CUS107672,49100,0.881,0.094,24
CUS107673,103100,0.935,0.03,17
CUS107674,80900,1.0,0.021,12
CUS107675,42400,0.997,0.088,22
CUS107676,84100,0.903,0.413,20
CUS107677,69100,0.838,0.081,22
CUS107678,34200,0.9,0.178,14
CUS107679,51700,0.984,0.054,13
CUS107680,207400,0.994,0.063,15
CUS107681,98300,0.903,0.015,20
CUS107682,173200,0.99,0.106,12
CUS107683,98100,1.0,0.193,10
CUS107684,160400,0.972,0.053,17
CUS107685,128700,0.969,0.016,23
CUS107686,47500,0.922,0.13,19
CUS107687,102300,0.847,0.068,10
CUS107688,53100,0.872,0.086,14
CUS107689,121900,0.825,0.114,17
CUS107690,91100,0.816,0.058,23
CUS107691,93100,0.807,0.15,10
CUS107692,68500,1.0,0.026,14
CUS107693,129500,0.957,0.107,13
CUS107694,77800,0.887,0.023,17
CUS107695,38600,0.863,0.185,21
CUS107696,34900,0.916,0.259,21
CUS107697,50500,0.974,0.02,12
CUS107698,132900,1.0,0.091,26
CUS107699,125200,0.846,0.039,12
CUS107700,106400,0.923,0.217,16
CUS107701,94900,0.879,0.02,17
CUS107702,185800,0.804,0.153,17
CUS107703,87800,0.841,0.047,14
CUS107704,121600,0.878,0.076,16
CUS107705,80900,0.943,0.042,16
CUS107706,79200,0.968,0.203,19
CUS107707,72200,0.989,0.146,17
CUS107708,225000,0.968,0.112,12
CUS107709,58800,1.0,0.315,11
CUS107710,110800,0.859,0.092,15
CUS107711,43800,0.888,0.232,13
CUS107712,56200,0.946,0.242,20
CUS107713,108300,0.887,0.1,15
CUS107714,34900,0.968,0.173,14
CUS107715,120900,0.96,0.042,17
CUS107716,203900,0.802,0.178,19
CUS107717,99700,0.963,0.115,20
CUS107718,151700,0.841,0.031,22
CUS107719,91500,0.983,0.224,18
CUS107720,133300,0.933,0.151,16
CUS107721,92600,0.934,0.084,17
CUS107722,71300,0.821,0.004,28
CUS107723,71800,0.92,0.109,17
CUS107724,146500,0.859,0.333,13
CUS107725,75500,0.892,0.215,24
CUS107726,81200,0.963,0.429,28
CUS107727,73900,0.932,0.181,25
CUS107728,84200,1.0,0.093,16
CUS107729,47900,0.999,0.079,23
CUS107730,76500,0.808,0.081,24
CUS107731,91900,0.877,0.164,18
CUS107732,46500,0.973,0.275,17
CUS107733,97200,1.0,0.149,19
CUS107734,56700,1.0,0.219,18
CUS107735,102700,0.961,0.328,17
CUS107736,205800,0.901,0.228,14
CUS107737,77800,0.966,0.071,21
CUS107738,55100,0.804,0.079,23
CUS107739,99000,0.877,0.122,17
CUS107740,101900,0.837,0.029,18
CUS107741,55000,1.0,0.14,15
CUS107742,42400,0.964,0.12,12
CUS107743,55800,0.832,0.039,20
CUS107744,90900,0.968,0.133,22
CUS107745,70000,0.928,0.011,11
CUS107746,146000,0.846,0.079,22
CUS107747,106900,0.92,0.191,18
CUS107748,81500,0.769,0.26,16
CUS107749,37900,0.899,0.03,19
CUS107750,116300,0.936,0.03,19
CUS107751,183800,0.915,0.221,17
CUS107752,121500,0.932,0.171,19
CUS107753,65200,0.874,0.06,23
CUS107754,93000,0.87,0.033,15
CUS107755,101600,1.0,0.071,22
CUS107756,162900,0.785,0.115,17
CUS107757,60700,1.0,0.273,22
CUS107758,64900,1.0,0.421,15
CUS107759,90700,0.986,0.198,14
CUS107760,87400,0.928,0.121,19
CUS107761,130700,1.0,0.174,19
CUS107762,101900,0.875,0.3,19
CUS107763,47500,1.0,0.179,19
CUS107764,59400,0.868,0.114,18
CUS107765,59100,0.902,0.076,19
CUS107766,32100,1.0,0.033,22
CUS107767,139800,1.0,0.127,19
CUS107768,93300,0.979,0.22,17
CUS107769,70700,0.79,0.07,19
CUS107770,133700,0.963,0.018,15
CUS107771,98100,0.879,0.186,21
CUS107772,49600,0.941,0.31,28
CUS107773,107100,0.936,0.327,14
CUS107774,187600,0.847,0.065,15
CUS107775,80600,0.937,0.158,22
CUS107776,76000,0.924,0.222,15
CUS107777,89100,1.0,0.124,19
CUS107778,45700,0.92,0.095,17
CUS107779,97000,0.929,0.064,16
CUS107780,55400,0.904,0.214,14
CUS107781,86000,0.986,0.241,24
CUS107782,99100,0.977,0.046,19
CUS107783,112000,0.961,0.043,8
CUS107784,129400,0.907,0.071,21
CUS107785,65100,1.0,0.265,19
CUS107786,81200,0.857,0.115,14
CUS107787,122100,0.823,0.062,20
CUS107788,61700,1.0,0.276,18
CUS107789,191700,0.908,0.121,14
CUS107790,54200,0.971,0.078,19
CUS107791,201100,0.853,0.072,19
CUS107792,58000,0.876,0.159,15
CUS107793,91500,0.842,0.081,22
CUS107794,83100,1.0,0.01,21
CUS107795,49600,0.875,0.306,21
CUS107796,119100,0.94,0.041,16
CUS107797,131600,0.828,0.084,15
CUS107798,111200,0.881,0.179,17
CUS107799,79800,0.909,0.06,14
CUS107800,53400,0.84,0.073,17
CUS107801,126600,0.802,0.045,22
CUS107802,99000,0.805,0.188,13
CUS107803,65800,1.0,0.273,22
CUS107804,85900,0.986,0.221,12
CUS107805,44400,0.868,0.069,11
CUS107806,95600,0.858,0.054,15
CUS107807,95300,0.721,0.329,12
CUS107808,86100,0.851,0.092,24
CUS107809,135200,0.941,0.132,14
CUS107810,126800,0.797,0.15,20
CUS107811,91400,0.862,0.488,21
CUS107812,186200,1.0,0.253,14
CUS107813,155300,1.0,0.238,16
CUS107814,129200,0.868,0.077,21
CUS107815,92500,0.921,0.184,23
CUS107816,76700,0.907,0.23,21
CUS107817,66200,0.92,0.16,16
CUS107818,132200,0.839,0.095,15
CUS107819,73900,1.0,0.108,12
CUS107820,57900,0.898,0.13,16
CUS107821,57700,0.839,0.106,11
CUS107822,58200,0.728,0.035,28
CUS107823,207900,0.875,0.127,25
CUS107824,122400,1.0,0.119,17
CUS107825,92900,0.979,0.037,13
CUS107826,122600,0.717,0.101,15
CUS107827,115700,1.0,0.113,15
CUS107828,58100,0.921,0.084,20
CUS107829,46400,0.835,0.1,11
CUS107830,137400,0.848,0.117,8
CUS107831,47200,1.0,0.23,15
CUS107832,90300,1.0,0.208,21
CUS107833,59200,0.983,0.078,12
CUS107834,100700,0.842,0.116,19
CUS107835,91400,0.885,0.331,14
CUS107836,112600,1.0,0.144,21
CUS107837,29800,0.87,0.08,24
CUS107838,151600,0.907,0.125,19
CUS107839,114800,0.921,0.014,15
CUS107840,148900,0.802,0.07,22
CUS107841,131800,0.902,0.054,16
CUS107842,105600,0.918,0.069,25
CUS107843,71500,0.937,0.214,23
CUS107844,110600,0.876,0.185,16
CUS107845,103200,0.884,0.056,13
CUS107846,121600,0.876,0.058,19
CUS107847,115400,0.913,0.368,13
CUS107848,91300,0.898,0.232,10
CUS107849,109200,0.933,0.023,22
CUS107850,129500,0.892,0.025,17
CUS107851,130500,1.0,0.166,25
CUS107852,193800,0.899,0.173,17
CUS107853,101100,0.959,0.135,13
CUS107854,116000,1.0,0.182,23
CUS107855,73200,0.879,0.07,18
CUS107856,74100,0.937,0.098,13
CUS107857,62700,0.772,0.153,20
CUS107858,34000,0.985,0.121,20
CUS107859,63700,0.841,0.094,17
CUS107860,86700,0.914,0.06,16
CUS107861,73800,0.98,0.037,22
CUS107862,100800,0.861,0.289,24
CUS107863,56300,0.94,0.123,17
CUS107864,58200,1.0,0.118,22
CUS107865,36200,1.0,0.021,11
CUS107866,107800,0.984,0.14,16
CUS107867,64900,0.749,0.009,19
CUS107868,62600,0.828,0.216,16
CUS107869,110500,0.867,0.131,17
CUS107870,53500,0.77,0.179,25
CUS107871,93600,0.903,0.042,18
CUS107872,44000,0.874,0.059,22
CUS107873,79800,0.913,0.327,22
CUS107874,62400,0.866,0.067,24
CUS107875,77200,0.96,0.173,18
CUS107876,176800,0.87,0.202,18
CUS107877,47600,0.976,0.099,19
CUS107878,149900,0.986,0.038,19
CUS107879,52500,0.907,0.131,14
CUS107880,141800,0.913,0.147,25
CUS107881,145100,0.982,0.094,16
CUS107882,113000,1.0,0.008,17
CUS107883,51900,0.745,0.033,7
CUS107884,91800,0.809,0.175,18
CUS107885,301200,0.899,0.114,17
CUS107886,87400,0.875,0.217,16
CUS107887,80600,0.833,0.073,27
CUS107888,80600,1.0,0.15,11
CUS107889,103200,1.0,0.082,26
CUS107890,92300,0.83,0.206,22
CUS107891,106300,0.896,0.013,29
CUS107892,85100,0.927,0.334,20
CUS107893,48400,0.954,0.548,23
CUS107894,220300,0.777,0.206,23
CUS107895,86500,0.817,0.069,19
CUS107896,352900,1.0,0.148,20
CUS107897,95000,0.873,0.185,20
CUS107898,112900,0.993,0.164,21
CUS107899,81900,0.86,0.038,17
CUS107900,64100,0.842,0.235,19
CUS107901,84500,0.892,0.067,25
CUS107902,49400,0.933,0.063,21
CUS107903,59500,1.0,0.126,18
CUS107904,171100,0.922,0.217,20
CUS107905,118700,0.969,0.099,19
CUS107906,183200,1.0,0.058,19
CUS107907,162100,0.928,0.125,18
CUS107908,64400,0.977,0.098,19
CUS107909,46200,0.965,0.113,15
CUS107910,71900,0.961,0.086,15
CUS107911,87000,0.916,0.23,18
CUS107912,132100,1.0,0.188,19
CUS107913,85300,0.746,0.063,21
CUS107914,344200,0.808,0.149,17
CUS107915,65000,0.94,0.13,19
CUS107916,108600,1.0,0.071,21
CUS107917,66500,0.866,0.1,18
CUS107918,104600,0.774,0.362,10
CUS107919,74500,0.953,0.008,11
CUS107920,82000,1.0,0.131,20
CUS107921,71500,0.854,0.173,17
CUS107922,75900,0.94,0.387,17
CUS107923,125700,0.851,0.079,23
CUS107924,44300,0.955,0.032,21
CUS107925,78000,0.846,0.189,13
CUS107926,114600,0.966,0.048,16
CUS107927,109600,1.0,0.01,16
CUS107928,203000,1.0,0.175,14
CUS107929,121400,0.786,0.073,19
CUS107930,76600,1.0,0.136,19
CUS107931,63200,0.963,0.11,13
CUS107932,65300,0.976,0.023,13
CUS107933,69300,0.817,0.202,16
CUS107934,95700,0.922,0.153,18
CUS107935,99000,1.0,0.148,20
CUS107936,115800,1.0,0.308,15
CUS107937,108100,0.979,0.096,17
CUS107938,164000,0.922,0.189,6
CUS107939,69200,0.979,0.007,23
CUS107940,207800,0.854,0.124,17
CUS107941,67400,0.949,0.14,23
CUS107942,87900,0.944,0.073,20
CUS107943,76900,1.0,0.143,22
CUS107944,77400,0.953,0.174,18
CUS107945,124200,0.967,0.096,16
CUS107946,44400,1.0,0.017,22
CUS107947,67100,0.82,0.149,20
CUS107948,125200,0.921,0.05,14
CUS107949,91600,0.961,0.271,18
CUS107950,77000,1.0,0.057,18
CUS107951,48000,0.92,0.11,21
CUS107952,75100,0.839,0.077,25
CUS107953,108900,1.0,0.23,19
CUS107954,79500,0.948,0.436,23
CUS107955,150700,0.987,0.136,16
CUS107956,122900,0.896,0.126,20
CUS107957,76700,0.939,0.174,22
CUS107958,67500,1.0,0.118,16
CUS107959,28300,0.91,0.013,19
CUS107960,46100,0.841,0.058,15
CUS107961,49300,0.892,0.036,24
CUS107962,57800,0.906,0.429,24
CUS107963,95000,0.904,0.169,14
CUS107964,104200,0.804,0.082,17
CUS107965,205000,0.89,0.11,18
CUS107966,82700,0.995,0.059,18
CUS107967,35600,0.884,0.157,17
CUS107968,57500,0.778,0.063,26
CUS107969,120000,1.0,0.511,17
CUS107970,75300,1.0,0.117,13
CUS107971,120000,0.87,0.08,15
CUS107972,64100,1.0,0.073,16
CUS107973,139700,1.0,0.477,15
CUS107974,90300,0.805,0.021,21
CUS107975,101000,1.0,0.301,12
CUS107976,96400,0.969,0.118,14
CUS107977,64400,0.852,0.113,17
CUS107978,90000,0.888,0.285,21
CUS107979,104600,0.901,0.034,23
CUS107980,48200,0.946,0.113,21
CUS107981,93700,0.84,0.151,16
CUS107982,154100,0.948,0.009,12
CUS107983,102400,0.86,0.042,10
CUS107984,162200,0.917,0.197,10
CUS107985,95300,0.887,0.062,14
CUS107986,66800,0.785,0.13,24
CUS107987,130300,0.99,0.1,15
CUS107988,54200,1.0,0.115,12
CUS107989,93600,0.932,0.106,19
CUS107990,79800,0.974,0.065,23
CUS107991,70400,0.944,0.07,15
CUS107992,281900,0.952,0.169,17
CUS107993,72300,0.982,0.014,12
CUS107994,198300,0.942,0.138,23
CUS107995,100000,0.861,0.231,19
CUS107996,65500,0.931,0.027,24
CUS107997,73900,0.927,0.011,15
CUS107998,97400,0.849,0.084,14
CUS107999,73800,1.0,0.163,18
CUS108000,77200,0.904,0.146,22
CUS108001,109000,1.0,0.01,17
CUS108002,104000,0.997,0.144,18
CUS108003,108700,0.905,0.024,12
CUS108004,170400,0.826,0.078,16
CUS108005,63400,0.946,0.032,22
CUS108006,149000,0.935,0.18,20
CUS108007,164400,0.961,0.017,11
CUS108008,142100,0.791,0.071,18
CUS108009,33600,0.843,0.182,20
CUS108010,219400,0.922,0.028,20
CUS108011,63000,0.947,0.082,17
CUS108012,33500,0.907,0.148,15
CUS108013,191100,0.868,0.311,12
CUS108014,112400,0.884,0.049,22
CUS108015,100100,0.938,0.043,14
CUS108016,75800,1.0,0.275,23
CUS108017,79700,0.817,0.043,8
CUS108018,76200,0.962,0.162,18
CUS108019,66500,0.953,0.231,16
CUS108020,89900,1.0,0.07,19
CUS108021,88700,1.0,0.236,23
CUS108022,47400,0.963,0.042,23
CUS108023,74300,0.783,0.022,17
CUS108024,40000,0.892,0.19,15
CUS108025,182300,1.0,0.273,10
CUS108026,85800,0.901,0.409,21
CUS108027,49100,0.949,0.09,12
CUS108028,106300,0.96,0.059,16
CUS108029,64100,0.886,0.076,18
CUS108030,87200,1.0,0.032,20
CUS108031,101200,0.889,0.09,16
CUS108032,47600,0.96,0.089,22
CUS108033,209000,0.978,0.064,14
CUS108034,214000,0.815,0.142,16
CUS108035,57800,0.868,0.132,24
CUS108036,50100,1.0,0.07,16
CUS108037,61300,0.869,0.072,19
CUS108038,78900,1.0,0.055,17
CUS108039,117400,0.879,0.066,18
CUS108040,71200,0.914,0.1,22
CUS108041,46000,0.705,0.205,22
CUS108042,98200,0.889,0.043,17
CUS108043,41200,0.812,0.15,14
CUS108044,140900,0.952,0.119,21
CUS108045,110600,0.974,0.128,15
CUS108046,63600,0.81,0.112,19
CUS108047,68000,0.822,0.248,14
CUS108048,98700,0.943,0.345,13
CUS108049,46800,0.884,0.262,17
CUS108050,66300,1.0,0.052,14
CUS108051,79900,0.895,0.004,20
CUS108052,44300,0.892,0.338,11
CUS108053,69000,0.859,0.028,23
CUS108054,63500,0.987,0.004,24
CUS108055,178200,0.927,0.223,14
CUS108056,70600,0.986,0.103,15
CUS108057,57400,0.919,0.026,12
CUS108058,109700,0.934,0.145,27
CUS108059,59600,0.835,0.028,14
CUS108060,47300,0.856,0.09,19
CUS108061,142300,0.898,0.202,13
CUS108062,76300,0.919,0.05,11
CUS108063,130100,0.841,0.165,20
CUS108064,83300,0.816,0.039,9
CUS108065,88500,0.958,0.09,13
CUS108066,111500,0.956,0.11,11
CUS108067,66800,0.971,0.119,19
CUS108068,65300,0.793,0.123,14
CUS108069,169000,0.933,0.13,15
CUS108070,115200,0.825,0.139,13
CUS108071,88900,0.925,0.071,21
CUS108072,102400,0.984,0.155,14
CUS108073,105600,0.852,0.049,26
CUS108074,128000,0.856,0.084,23
CUS108075,57600,0.61,0.062,16
CUS108076,93300,0.839,0.111,20
CUS108077,138800,0.853,0.171,22
CUS108078,154900,0.826,0.116,18
CUS108079,67300,0.843,0.041,21
CUS108080,94700,1.0,0.024,17
CUS108081,97200,0.84,0.084,13
CUS108082,47200,0.905,0.006,15
CUS108083,73300,0.887,0.129,11
CUS108084,38700,0.947,0.156,16
CUS108085,80400,0.859,0.066,16
CUS108086,50300,1.0,0.306,14
CUS108087,99000,0.931,0.1,10
CUS108088,70500,0.983,0.039,16
CUS108089,75000,0.907,0.08,23
CUS108090,165700,0.946,0.366,14
CUS108091,87700,0.95,0.455,16
CUS108092,176400,0.816,0.092,14
CUS108093,110200,0.938,0.132,16
CUS108094,127800,0.93,0.04,16
CUS108095,52800,0.976,0.13,17
CUS108096,57400,0.945,0.156,8
CUS108097,90000,0.782,0.015,19
CUS108098,156600,1.0,0.159,25
CUS108099,82700,0.917,0.022,19
CUS108100,44900,0.882,0.093,23
CUS108101,105400,0.817,0.048,22
CUS108102,99900,0.846,0.013,20
CUS108103,64200,0.953,0.02,22
CUS108104,65200,0.917,0.165,15
CUS108105,47600,0.868,0.062,18
CUS108106,145600,1.0,0.446,20
CUS108107,99600,0.898,0.003,15
CUS108108,89100,0.93,0.146,13
CUS108109,67500,0.816,0.342,18
CUS108110,166100,0.912,0.138,13
CUS108111,105500,0.894,0.4,19
CUS108112,33000,1.0,0.098,17
CUS108113,101100,1.0,0.023,13
CUS108114,77200,0.833,0.126,22
CUS108115,81900,1.0,0.274,14
CUS108116,141300,0.992,0.166,19
CUS108117,94800,0.8,0.088,20
CUS108118,183400,0.962,0.019,15
CUS108119,95400,0.832,0.071,16
CUS108120,74100,1.0,0.121,15
CUS108121,37800,0.858,0.04,13
CUS108122,49000,0.872,0.116,25
CUS108123,79600,0.952,0.091,16
CUS108124,157100,0.893,0.059,27
CUS108125,68200,0.961,0.066,15
CUS108126,167900,0.855,0.138,16
CUS108127,51600,0.833,0.07,23
CUS108128,60300,0.988,0.284,25
CUS108129,158500,0.926,0.082,18
CUS108130,62100,0.953,0.088,25
CUS108131,147000,0.915,0.139,16
CUS108132,54200,0.931,0.012,21
CUS108133,71200,0.945,0.125,21
CUS108134,119200,0.983,0.126,15
CUS108135,57600,0.901,0.036,21
CUS108136,68200,0.966,0.135,14
CUS108137,83600,1.0,0.089,20
CUS108138,79600,0.9,0.262,20
CUS108139,66600,0.793,0.172,20
CUS108140,48500,0.883,0.15,16
CUS108141,180700,0.893,0.296,22
CUS108142,174400,0.911,0.036,25
CUS108143,107100,0.945,0.062,22
CUS108144,70200,1.0,0.007,18
CUS108145,73400,0.859,0.207,18
CUS108146,130300,0.892,0.089,13
CUS108147,148100,0.907,0.19,20
CUS108148,69400,0.907,0.017,24
CUS108149,136900,0.934,0.102,13
CUS108150,104800,0.968,0.026,13
CUS108151,134500,0.794,0.096,28
CUS108152,36600,0.852,0.413,16
CUS108153,67200,0.887,0.045,18
CUS108154,84900,0.845,0.27,11
CUS108155,69000,1.0,0.025,26
CUS108156,215200,0.81,0.107,22
CUS108157,66700,0.788,0.063,23
CUS108158,97600,1.0,0.038,8
CUS108159,104100,0.721,0.389,17
CUS108160,73900,0.832,0.002,15
CUS108161,47300,0.729,0.152,22
CUS108162,232700,0.895,0.036,17
CUS108163,77500,0.972,0.086,18
CUS108164,138300,1.0,0.172,26
CUS108165,94300,0.872,0.053,17
CUS108166,70100,0.922,0.017,20
CUS108167,102300,0.9,0.064,21
CUS108168,109400,1.0,0.067,17
CUS108169,66700,0.846,0.027,23
CUS108170,65000,0.71,0.367,5
CUS108171,102600,1.0,0.113,19
CUS108172,93300,0.956,0.018,18
CUS108173,65400,1.0,0.229,23
CUS108174,54400,0.864,0.075,21
CUS108175,106100,0.733,0.03,16
CUS108176,33500,0.882,0.028,18
CUS108177,70600,0.911,0.157,27
CUS108178,109200,0.882,0.186,21
CUS108179,205500,0.948,0.405,17
CUS108180,83800,0.892,0.061,19
CUS108181,86900,0.881,0.052,19
CUS108182,110000,0.939,0.394,10
CUS108183,69700,0.803,0.11,28
CUS108184,90100,0.892,0.192,21
CUS108185,91300,0.999,0.21,19
CUS108186,110400,0.923,0.153,27
CUS108187,66300,0.863,0.11,14
CUS108188,88300,0.876,0.166,20
CUS108189,39700,0.878,0.23,23
CUS108190,120900,1.0,0.144,28
CUS108191,90200,0.755,0.169,17
CUS108192,207200,1.0,0.03,19
CUS108193,90900,0.781,0.122,13
CUS108194,56500,0.755,0.072,17
CUS108195,53300,0.823,0.057,22
CUS108196,117800,0.854,0.138,8
CUS108197,194500,0.909,0.144,14
CUS108198,186900,0.862,0.116,17
CUS108199,60000,0.915,0.236,29
CUS108200,96800,0.917,0.109,19
CUS108201,165400,0.909,0.151,16
CUS108202,42400,0.94,0.126,20
CUS108203,155800,0.881,0.074,18
CUS108204,61900,0.922,0.211,21
CUS108205,83200,0.939,0.16,21
CUS108206,95000,0.852,0.119,14
CUS108207,134100,0.846,0.051,12
CUS108208,186100,0.92,0.089,16
CUS108209,72900,0.831,0.08,22
CUS108210,63500,0.943,0.105,16
CUS108211,63000,0.91,0.14,17
CUS108212,126300,1.0,0.137,30
CUS108213,130100,0.992,0.027,17
CUS108214,117300,0.914,0.115,25
CUS108215,96400,0.832,0.322,21
CUS108216,106400,1.0,0.031,24
CUS108217,83500,0.976,0.197,14
CUS108218,92700,0.94,0.074,14
CUS108219,108000,0.977,0.002,16
CUS108220,100500,0.87,0.221,15
CUS108221,59300,1.0,0.05,24
CUS108222,146000,0.92,0.062,20
CUS108223,77200,1.0,0.069,21
CUS108224,91900,0.79,0.066,20
CUS108225,52100,0.823,0.266,13
CUS108226,50100,0.861,0.069,18
CUS108227,82600,0.897,0.106,17
CUS108228,57900,0.978,0.065,18
CUS108229,85000,0.992,0.206,17
CUS108230,146300,0.822,0.099,19
CUS108231,93900,0.925,0.235,23
CUS108232,129800,0.933,0.179,20
CUS108233,62400,0.883,0.178,22
CUS108234,110800,0.892,0.075,14
CUS108235,57400,0.98,0.029,17
CUS108236,88100,1.0,0.106,31
CUS108237,100800,0.966,0.224,20
CUS108238,91300,1.0,0.333,15
CUS108239,133900,0.953,0.125,17
CUS108240,135200,0.849,0.01,19
CUS108241,71100,0.732,0.008,13
CUS108242,149300,0.936,0.058,25
CUS108243,109600,0.855,0.04,24
CUS108244,78200,0.814,0.018,11
CUS108245,100200,1.0,0.041,21
CUS108246,82300,1.0,0.011,15
CUS108247,98700,1.0,0.048,11
CUS108248,93600,0.978,0.179,14
CUS108249,104500,0.858,0.144,16
CUS108250,106300,1.0,0.112,22
CUS108251,111600,0.926,0.094,14
CUS108252,96200,1.0,0.194,14
CUS108253,85300,0.998,0.251,20
CUS108254,61300,0.877,0.057,16
CUS108255,48000,0.802,0.051,16
CUS108256,74700,1.0,0.271,16
CUS108257,64100,0.874,0.063,13
CUS108258,179800,0.823,0.55,19
CUS108259,133000,1.0,0.139,17
CUS108260,63000,0.933,0.241,24
CUS108261,99700,0.977,0.153,15
CUS108262,76400,0.824,0.033,16
CUS108263,94800,0.837,0.145,18
CUS108264,69300,0.988,0.143,15
CUS108265,230600,1.0,0.163,22
CUS108266,208100,0.893,0.204,18
CUS108267,75700,0.818,0.028,18
CUS108268,72100,0.841,0.056,25
CUS108269,117300,0.806,0.176,9
CUS108270,53000,0.983,0.061,19
CUS108271,117200,0.911,0.078,16
CUS108272,96500,0.968,0.056,15
CUS108273,46600,0.895,0.21,20
CUS108274,79600,0.796,0.096,24
CUS108275,59300,0.816,0.294,18
CUS108276,95400,0.841,0.05,16
CUS108277,84900,0.95,0.121,16
CUS108278,53200,0.973,0.186,18
CUS108279,68200,0.721,0.012,16
CUS108280,108600,1.0,0.094,13
CUS108281,133700,0.92,0.072,16
CUS108282,69700,0.796,0.048,21
CUS108283,98300,0.998,0.075,21
CUS108284,80800,0.992,0.244,18
CUS108285,94000,0.938,0.055,23
CUS108286,93500,0.839,0.086,13
CUS108287,66800,0.932,0.097,15
CUS108288,92500,0.804,0.017,15
CUS108289,37600,0.87,0.123,12
CUS108290,70900,0.832,0.103,23
CUS108291,161600,0.97,0.066,14
CUS108292,85100,0.921,0.064,12
CUS108293,146800,0.849,0.142,21
CUS108294,80000,0.852,0.042,12
CUS108295,58300,0.948,0.071,12
CUS108296,92900,0.979,0.115,15
CUS108297,105000,0.902,0.142,21
CUS108298,254300,0.973,0.246,20
CUS108299,56400,0.998,0.287,12
CUS108300,91000,0.891,0.077,16
CUS108301,94400,0.772,0.069,17
CUS108302,129700,0.87,0.224,12
CUS108303,118000,0.907,0.137,15
CUS108304,83800,0.958,0.082,18
CUS108305,54700,0.961,0.05,22
CUS108306,92300,0.801,0.092,12
CUS108307,88900,0.967,0.289,7
CUS108308,100000,0.847,0.176,19
CUS108309,76000,0.966,0.128,15
CUS108310,104100,0.985,0.089,20
CUS108311,43600,1.0,0.066,21
CUS108312,54200,0.878,0.001,15
CUS108313,122000,0.854,0.096,12
CUS108314,90900,0.911,0.168,17
CUS108315,110900,0.933,0.181,14
CUS108316,69000,0.953,0.152,18
CUS108317,69600,0.951,0.236,14
CUS108318,74300,0.898,0.091,19
CUS108319,92100,0.992,0.03,16
CUS108320,111400,0.83,0.08,25
CUS108321,70400,1.0,0.105,14
CUS108322,44800,1.0,0.054,15
CUS108323,83400,0.76,0.181,27
CUS108324,99600,0.813,0.04,20
CUS108325,98900,1.0,0.104,19
CUS108326,123900,0.942,0.132,24
CUS108327,144800,0.885,0.219,21
CUS108328,152500,0.958,0.008,12
CUS108329,82900,0.802,0.015,19
CUS108330,72700,0.902,0.38,14
CUS108331,130000,0.775,0.078,15
CUS108332,116900,1.0,0.127,11
CUS108333,76100,1.0,0.024,21
CUS108334,133700,1.0,0.275,21
CUS108335,96100,1.0,0.219,14
CUS108336,151600,0.827,0.069,33
CUS108337,206200,0.955,0.047,12
CUS108338,263700,0.845,0.189,21
CUS108339,80300,0.909,0.026,21
CUS108340,157500,0.829,0.22,21
CUS108341,121800,0.994,0.092,20
CUS108342,133200,0.919,0.085,15
CUS108343,94400,0.895,0.302,15
CUS108344,144700,0.875,0.048,15
CUS108345,47700,0.817,0.023,19
CUS108346,87700,0.922,0.011,27
CUS108347,72400,0.87,0.278,17
CUS108348,67200,1.0,0.011,19
CUS108349,44700,0.771,0.037,13
CUS108350,67900,0.779,0.274,21
CUS108351,77400,0.902,0.028,16
CUS108352,100900,0.853,0.058,22
CUS108353,89700,0.956,0.171,23
CUS108354,138900,0.898,0.097,16
CUS108355,59200,0.955,0.121,20
CUS108356,32100,0.99,0.027,15
CUS108357,107500,0.987,0.168,14
CUS108358,78600,0.926,0.183,19
CUS108359,85500,0.944,0.29,19
CUS108360,67500,0.985,0.197,22
CUS108361,141900,1.0,0.146,15
CUS108362,79500,0.969,0.074,17
CUS108363,61000,1.0,0.149,20
CUS108364,178100,0.896,0.191,17
CUS108365,121900,0.902,0.258,18
CUS108366,82900,0.891,0.021,21
CUS108367,31600,1.0,0.237,13
CUS108368,85200,0.891,0.18,21
CUS108369,93500,0.89,0.442,22
CUS108370,162400,1.0,0.259,22
CUS108371,43100,0.758,0.016,13
CUS108372,158200,0.929,0.054,18
CUS108373,103500,1.0,0.264,17
CUS108374,64000,0.905,0.06,16
CUS108375,129800,0.989,0.109,13
CUS108376,87700,0.835,0.19,25
CUS108377,38500,0.872,0.041,19
CUS108378,76200,1.0,0.125,19
CUS108379,109400,1.0,0.013,17
CUS108380,89200,0.963,0.191,17
CUS108381,115300,0.854,0.046,21
CUS108382,149400,0.79,0.024,18
CUS108383,55000,0.937,0.061,17
CUS108384,76300,0.926,0.121,16
CUS108385,63100,0.771,0.105,10
CUS108386,53500,0.786,0.088,11
CUS108387,82400,0.844,0.262,19
CUS108388,105700,0.88,0.223,12
CUS108389,106700,0.987,0.158,14
CUS108390,72900,1.0,0.062,17
CUS108391,47000,0.98,0.096,13
CUS108392,73800,0.987,0.047,23
CUS108393,32400,1.0,0.121,20
CUS108394,51800,1.0,0.116,12
CUS108395,44200,1.0,0.033,18
CUS108396,122800,0.817,0.358,15
CUS108397,143100,1.0,0.158,19
CUS108398,248400,0.912,0.027,18
CUS108399,111300,0.881,0.169,17
CUS108400,73900,0.902,0.018,19
CUS108401,91100,0.907,0.177,15
CUS108402,72400,0.994,0.088,24
CUS108403,65600,0.829,0.033,21
CUS108404,100400,1.0,0.109,19
CUS108405,92300,1.0,0.14,19
CUS108406,74700,0.959,0.076,12
CUS108407,71700,0.851,0.027,25
CUS108408,120100,0.911,0.219,15
CUS108409,63000,0.847,0.02,20
CUS108410,76100,0.855,0.035,14
CUS108411,105500,0.904,0.202,10
CUS108412,146000,0.924,0.186,20
CUS108413,147100,0.851,0.119,14
CUS108414,84100,0.869,0.134,18
CUS108415,51200,0.901,0.054,16
CUS108416,77000,0.974,0.018,24
CUS108417,96600,0.879,0.081,20
CUS108418,53600,0.893,0.253,9
CUS108419,69700,0.914,0.154,21
CUS108420,166800,1.0,0.052,18
CUS108421,79800,0.968,0.081,14
CUS108422,68200,0.849,0.086,26
CUS108423,87000,0.982,0.147,15
CUS108424,90100,0.963,0.05,14
CUS108425,79600,0.968,0.177,18
CUS108426,131500,0.963,0.177,22
CUS108427,33400,0.929,0.127,15
CUS108428,112000,0.805,0.048,14
CUS108429,63900,0.878,0.006,21
CUS108430,134800,0.772,0.224,24
CUS108431,52500,1.0,0.134,18
CUS108432,153000,0.915,0.125,21
CUS108433,58500,0.983,0.077,12
CUS108434,100700,0.965,0.352,21
CUS108435,65300,1.0,0.172,21
CUS108436,147400,1.0,0.184,16
CUS108437,74800,0.912,0.119,13
CUS108438,63500,0.902,0.083,14
CUS108439,179300,0.906,0.027,23
CUS108440,73400,0.925,0.028,20
CUS108441,110000,0.875,0.086,9
CUS108442,116600,0.902,0.07,20
CUS108443,61600,0.971,0.338,14
CUS108444,103300,0.923,0.011,17
CUS108445,112400,0.879,0.154,18
CUS108446,45800,0.962,0.14,12
CUS108447,97600,1.0,0.064,18
CUS108448,71600,0.89,0.097,19
CUS108449,183600,1.0,0.051,15
CUS108450,130200,0.898,0.014,14
CUS108451,121000,0.926,0.039,15
CUS108452,36400,0.988,0.108,20
CUS108453,93300,0.966,0.298,16
CUS108454,64100,0.978,0.097,22
CUS108455,133600,0.735,0.09,21
CUS108456,87800,0.888,0.13,21
CUS108457,76300,0.753,0.246,24
CUS108458,71600,0.842,0.023,16
CUS108459,75700,0.994,0.165,15
CUS108460,59100,1.0,0.134,23
CUS108461,53800,0.804,0.202,18
CUS108462,76800,0.94,0.358,24
CUS108463,209000,0.989,0.223,23
CUS108464,128800,0.835,0.211,16
CUS108465,129300,0.867,0.094,16
CUS108466,122200,0.928,0.039,18
CUS108467,97200,0.998,0.372,19
CUS108468,67700,0.901,0.209,12
CUS108469,73900,0.927,0.204,18
CUS108470,68600,0.972,0.045,17
CUS108471,125700,1.0,0.149,17
CUS108472,55300,0.872,0.011,15
CUS108473,242800,0.761,0.32,13
CUS108474,49000,0.912,0.078,14
CUS108475,133700,0.869,0.078,11
CUS108476,140700,0.808,0.134,17
CUS108477,113900,0.763,0.071,14
CUS108478,201100,0.966,0.106,18
CUS108479,72200,1.0,0.123,21
CUS108480,100000,1.0,0.109,19
CUS108481,115800,0.915,0.03,15
CUS108482,109200,0.958,0.215,19
CUS108483,37000,0.861,0.228,18
CUS108484,84800,0.839,0.086,16
CUS108485,123000,0.975,0.149,20
CUS108486,78100,1.0,0.087,20
CUS108487,215400,0.994,0.128,20
CUS108488,85900,1.0,0.167,14
CUS108489,122800,0.84,0.013,19
CUS108490,173400,0.948,0.126,15
CUS108491,77500,0.9,0.012,22
CUS108492,181900,0.969,0.03,15
CUS108493,112700,1.0,0.366,18
CUS108494,115600,0.914,0.155,18
CUS108495,58000,0.947,0.004,17
CUS108496,143900,0.994,0.103,17
CUS108497,59900,1.0,0.238,26
CUS108498,89300,0.992,0.114,19
CUS108499,141700,1.0,0.076,17
CUS108500,82500,0.884,0.149,14
CUS108501,106800,0.811,0.163,19
CUS108502,78400,0.88,0.169,14
CUS108503,87100,0.859,0.042,19
CUS108504,84300,0.987,0.038,13
CUS108505,62100,0.999,0.436,23
CUS108506,103500,1.0,0.127,17
CUS108507,126400,0.921,0.094,23
CUS108508,62400,0.904,0.044,13
CUS108509,56300,1.0,0.188,17
CUS108510,134000,0.787,0.308,18
CUS108511,80000,0.945,0.184,16
CUS108512,85600,0.88,0.478,18
CUS108513,63200,0.994,0.061,15
CUS108514,77000,0.978,0.016,16
CUS108515,58700,1.0,0.026,22
CUS108516,61400,0.932,0.155,21
CUS108517,73800,1.0,0.13,25
CUS108518,147900,0.949,0.135,17
CUS108519,40400,0.969,0.165,19
CUS108520,100500,0.834,0.104,17
CUS108521,85100,0.879,0.177,16
CUS108522,165600,0.896,0.067,25
CUS108523,137900,1.0,0.068,9
CUS108524,46900,0.976,0.307,13
CUS108525,71700,0.785,0.1,20
CUS108526,81100,1.0,0.261,14
CUS108527,64200,1.0,0.226,15
CUS108528,117300,0.92,0.336,14
CUS108529,87000,0.939,0.079,17
CUS108530,79200,0.937,0.217,20
CUS108531,133800,1.0,0.182,15
CUS108532,50700,0.953,0.062,16
CUS108533,90500,0.91,0.243,17
CUS108534,89900,0.941,0.022,29
CUS108535,90000,0.842,0.063,12
CUS108536,28100,0.897,0.369,12
CUS108537,94100,0.943,0.15,19
CUS108538,102900,1.0,0.292,17
CUS108539,63700,0.89,0.288,14
CUS108540,34100,1.0,0.061,16
CUS108541,61900,0.834,0.08,26
CUS108542,81900,0.87,0.157,22
CUS108543,76900,0.795,0.205,8
CUS108544,32500,0.87,0.081,17
CUS108545,96800,0.859,0.124,21
CUS108546,145400,0.983,0.017,20
CUS108547,134900,0.876,0.366,16
CUS108548,152700,0.862,0.028,13
CUS108549,47400,0.844,0.213,23
CUS108550,134200,0.911,0.079,12
CUS108551,64300,0.838,0.056,15
CUS108552,124200,0.903,0.115,18
CUS108553,60600,0.937,0.016,24
CUS108554,104300,0.94,0.184,14
CUS108555,186200,0.969,0.429,18
CUS108556,140600,0.881,0.167,27
CUS108557,51000,0.907,0.18,19
CUS108558,56100,0.868,0.054,18
CUS108559,125700,0.895,0.116,14
CUS108560,148500,1.0,0.075,24
CUS108561,110900,0.983,0.042,20
CUS108562,61900,0.942,0.25,20
CUS108563,89700,0.847,0.217,22
CUS108564,84500,0.979,0.078,16
CUS108565,79200,0.892,0.025,18
CUS108566,60200,0.902,0.224,13
CUS108567,126400,1.0,0.056,14
CUS108568,197000,0.914,0.134,24
CUS108569,150100,0.799,0.035,14
CUS108570,34300,1.0,0.101,16
CUS108571,152700,0.786,0.121,17
CUS108572,115400,0.812,0.135,15
CUS108573,64900,0.714,0.169,20
CUS108574,40800,0.972,0.055,18
CUS108575,81600,0.853,0.051,26
CUS108576,77800,0.894,0.234,26
CUS108577,50100,0.943,0.077,24
CUS108578,128300,1.0,0.136,19
CUS108579,135000,0.896,0.083,25
CUS108580,95000,1.0,0.016,13
CUS108581,41800,0.928,0.21,15
CUS108582,82800,0.998,0.092,20
CUS108583,121800,0.93,0.149,22
CUS108584,101900,0.889,0.007,24
CUS108585,69500,0.94,0.167,18
CUS108586,70400,0.884,0.06,16
CUS108587,59300,0.889,0.298,24
CUS108588,69600,0.918,0.188,20
CUS108589,65100,0.954,0.074,19
CUS108590,65800,0.97,0.018,23
CUS108591,82000,0.819,0.092,21
CUS108592,88200,0.872,0.062,18
CUS108593,135500,0.917,0.014,14
CUS108594,41000,0.986,0.066,28
CUS108595,152100,0.955,0.192,14
CUS108596,65300,1.0,0.205,12
CUS108597,214600,0.838,0.277,11
CUS108598,122700,0.811,0.205,21
CUS108599,120900,1.0,0.179,19
CUS108600,98900,0.869,0.21,16
CUS108601,223300,0.871,0.097,18
CUS108602,87800,0.982,0.265,13
CUS108603,177700,0.968,0.09,24
CUS108604,66400,0.856,0.062,16
CUS108605,121200,0.921,0.089,17
CUS108606,207500,1.0,0.246,18
CUS108607,56000,1.0,0.049,14
CUS108608,124900,0.968,0.194,24
CUS108609,61400,0.933,0.14,18
CUS108610,94200,0.874,0.049,20
CUS108611,199700,0.857,0.183,29
CUS108612,57600,0.823,0.208,16
CUS108613,95400,0.902,0.091,12
CUS108614,60600,1.0,0.076,18
CUS108615,84200,0.992,0.097,20
CUS108616,110700,0.99,0.035,12
CUS108617,82000,0.954,0.029,15
CUS108618,184100,0.995,0.064,19
CUS108619,102900,0.932,0.09,13
CUS108620,42400,1.0,0.07,17
CUS108621,106800,0.88,0.004,19
CUS108622,154900,0.901,0.04,15
CUS108623,109700,0.883,0.042,21
CUS108624,103700,0.97,0.384,11
CUS108625,86000,0.945,0.334,16
CUS108626,81200,0.913,0.283,17
CUS108627,65700,1.0,0.117,15
CUS108628,28400,0.861,0.064,15
CUS108629,99200,0.878,0.002,18
CUS108630,142500,0.94,0.195,18
CUS108631,62400,0.845,0.215,23
CUS108632,99800,0.804,0.084,12
CUS108633,93900,0.885,0.116,15
CUS108634,123400,1.0,0.303,19
CUS108635,87400,0.857,0.252,13
CUS108636,120200,0.769,0.055,17
CUS108637,49200,0.905,0.065,13
CUS108638,60800,0.978,0.073,12
CUS108639,102300,1.0,0.093,27
CUS108640,86000,0.977,0.29,11
CUS108641,40800,0.847,0.135,26
CUS108642,101900,0.978,0.174,16
CUS108643,49600,0.804,0.159,21
CUS108644,303300,0.885,0.244,19
CUS108645,32500,0.776,0.405,18
CUS108646,94600,0.91,0.063,20
CUS108647,43800,0.817,0.115,24
CUS108648,116800,0.962,0.244,18
CUS108649,68500,0.845,0.049,12
CUS108650,157400,1.0,0.111,19
CUS108651,138900,0.875,0.063,17
CUS108652,50900,0.899,0.048,14
CUS108653,69500,0.966,0.093,17
CUS108654,75700,0.862,0.168,16
CUS108655,87000,0.983,0.188,17
CUS108656,89900,0.92,0.031,19
CUS108657,125500,0.983,0.045,16
CUS108658,99500,0.944,0.203,21
CUS108659,64500,1.0,0.072,14
CUS108660,56900,1.0,0.035,22
CUS108661,67300,0.873,0.07,17
CUS108662,99500,1.0,0.143,20
CUS108663,82200,0.798,0.1,15
CUS108664,221800,0.882,0.133,15
CUS108665,98000,0.933,0.179,25
CUS108666,102500,0.996,0.19,9
CUS108667,38100,0.993,0.157,19
CUS108668,43700,0.954,0.066,12
CUS108669,43600,0.845,0.136,6
CUS108670,56300,1.0,0.059,24
CUS108671,47600,0.919,0.094,17
CUS108672,55500,0.959,0.374,14
CUS108673,98200,0.983,0.118,13
CUS108674,61700,0.967,0.146,19
CUS108675,78600,0.984,0.1,24
CUS108676,110600,0.885,0.035,24
CUS108677,126300,0.892,0.036,23
CUS108678,98500,0.996,0.285,20
CUS108679,97800,0.949,0.245,23
CUS108680,105300,0.827,0.06,12
CUS108681,106600,0.853,0.068,14
CUS108682,143800,0.91,0.052,18
CUS108683,35600,1.0,0.287,18
CUS108684,98200,1.0,0.303,18
CUS108685,89700,0.949,0.475,19
CUS108686,83000,0.987,0.262,31
CUS108687,79100,0.812,0.184,19
CUS108688,69300,0.931,0.339,24
CUS108689,119300,0.918,0.425,25
CUS108690,81100,0.813,0.242,12
CUS108691,77700,0.895,0.092,18
CUS108692,162600,0.987,0.04,18
CUS108693,176200,1.0,0.081,20
CUS108694,95400,0.907,0.087,22
CUS108695,64400,0.997,0.186,18
CUS108696,42900,0.909,0.036,17
CUS108697,79700,0.976,0.096,22
CUS108698,115100,0.998,0.007,25
CUS108699,69000,0.885,0.211,17
CUS108700,88000,0.902,0.018,23
CUS108701,77300,0.879,0.076,17
CUS108702,40800,0.818,0.007,21
CUS108703,93400,1.0,0.211,22
CUS108704,103300,0.987,0.344,19
CUS108705,103600,0.791,0.127,18
CUS108706,190900,0.974,0.069,18
CUS108707,68800,0.866,0.164,23
CUS108708,72000,1.0,0.015,17
CUS108709,227300,0.952,0.251,26
CUS108710,41600,0.945,0.296,21
CUS108711,60100,1.0,0.044,15
CUS108712,100600,0.988,0.141,23
CUS108713,140900,0.819,0.095,15
CUS108714,155000,0.942,0.021,20
CUS108715,51400,0.989,0.104,18
CUS108716,162400,0.88,0.2,16
CUS108717,114700,0.801,0.083,17
CUS108718,59000,0.866,0.25,17
CUS108719,62600,1.0,0.023,15
CUS108720,95900,0.882,0.242,21
CUS108721,192000,0.954,0.155,18
CUS108722,108500,0.804,0.128,25
CUS108723,247100,0.905,0.214,16
CUS108724,124200,0.944,0.069,19
CUS108725,43700,0.894,0.245,15
CUS108726,151400,1.0,0.094,9
CUS108727,54100,0.939,0.091,16
CUS108728,67200,0.921,0.163,20
CUS108729,95400,0.88,0.064,14
CUS108730,95900,0.917,0.01,18
CUS108731,142600,1.0,0.124,20
CUS108732,114000,1.0,0.124,17
CUS108733,73100,0.841,0.154,20
CUS108734,204300,0.877,0.186,11
CUS108735,69700,0.947,0.255,15
CUS108736,53200,0.962,0.164,27
CUS108737,100800,0.995,0.311,18
CUS108738,81900,0.974,0.128,12
CUS108739,94500,0.971,0.085,27
CUS108740,120800,0.824,0.156,9
CUS108741,71400,0.891,0.061,21
CUS108742,200400,1.0,0.062,17
CUS108743,98700,0.976,0.113,30
CUS108744,73800,0.972,0.038,16
CUS108745,125500,0.88,0.126,12
CUS108746,86500,1.0,0.193,19
CUS108747,83100,0.728,0.083,16
CUS108748,55200,0.808,0.181,16
CUS108749,54000,0.734,0.064,25
CUS108750,131500,0.95,0.235,17
CUS108751,50900,0.911,0.106,17
CUS108752,86800,0.934,0.022,24
CUS108753,92300,0.922,0.03,18
CUS108754,179400,0.888,0.233,14
CUS108755,76300,0.78,0.076,21
CUS108756,134800,0.949,0.141,21
CUS108757,84300,0.804,0.04,19
CUS108758,33800,0.868,0.145,19
CUS108759,89700,0.908,0.108,19
CUS108760,95100,0.823,0.373,15
CUS108761,99400,0.982,0.16,22
CUS108762,73700,0.914,0.107,20
CUS108763,76000,0.944,0.091,22
CUS108764,157200,0.937,0.049,15
CUS108765,81500,0.707,0.025,11
CUS108766,36600,0.847,0.046,13
CUS108767,109200,0.951,0.223,18
CUS108768,125100,0.856,0.225,23
CUS108769,117800,0.95,0.146,22
CUS108770,64500,0.902,0.247,18
CUS108771,87100,0.854,0.249,9
CUS108772,111000,0.887,0.032,12
CUS108773,113100,0.913,0.187,13
CUS108774,111100,0.87,0.004,20
CUS108775,125800,1.0,0.068,17
CUS108776,60000,0.854,0.135,23
CUS108777,29800,0.987,0.095,26
CUS108778,145500,0.956,0.172,19
CUS108779,53000,0.966,0.057,24
CUS108780,76600,0.825,0.262,27
CUS108781,114900,0.927,0.125,17
CUS108782,85100,0.917,0.056,14
CUS108783,115700,1.0,0.117,23
CUS108784,245700,0.883,0.077,22
CUS108785,111600,0.911,0.11,18
CUS108786,52800,0.86,0.125,15
CUS108787,46900,0.929,0.158,21
CUS108788,111600,0.973,0.002,9
CUS108789,92900,1.0,0.091,21
CUS108790,47800,0.85,0.183,17
CUS108791,182500,0.905,0.045,17
CUS108792,121100,1.0,0.04,16
CUS108793,78000,0.807,0.114,13
CUS108794,223700,1.0,0.197,20
CUS108795,141300,0.995,0.113,17
CUS108796,52400,0.908,0.053,26
CUS108797,158400,0.998,0.269,21
CUS108798,119400,0.902,0.062,19
CUS108799,228300,0.942,0.276,22
CUS108800,125900,0.762,0.114,22
CUS108801,108200,0.897,0.037,16
CUS108802,102300,0.834,0.012,14
CUS108803,53900,0.896,0.124,10
CUS108804,69200,0.893,0.035,12
CUS108805,90600,0.802,0.026,17
CUS108806,46600,1.0,0.267,13
CUS108807,109400,1.0,0.194,12
CUS108808,66400,0.815,0.108,24
CUS108809,64800,0.918,0.117,16
CUS108810,133700,1.0,0.157,19
CUS108811,64200,0.993,0.24,21
CUS108812,104900,1.0,0.177,16
CUS108813,82800,0.871,0.08,24
CUS108814,52700,0.953,0.089,19
CUS108815,118300,0.933,0.347,11
CUS108816,133200,0.877,0.037,20
CUS108817,139400,0.913,0.183,17
CUS108818,180800,0.987,0.033,15
CUS108819,71200,0.931,0.02,31
CUS108820,34100,0.88,0.094,18
CUS108821,66000,0.79,0.035,15
CUS108822,125800,0.832,0.049,22
CUS108823,82700,0.986,0.091,23
CUS108824,50800,0.912,0.153,19
CUS108825,47300,0.959,0.033,15
CUS108826,180200,1.0,0.077,15
CUS108827,112900,0.98,0.016,19
CUS108828,66600,0.841,0.092,21
CUS108829,216400,0.792,0.035,14
CUS108830,301100,1.0,0.107,20
CUS108831,120900,1.0,0.04,22
CUS108832,118600,0.944,0.097,23
CUS108833,96900,0.95,0.055,21
CUS108834,131700,0.864,0.023,13
CUS108835,205500,0.978,0.018,18
CUS108836,57100,0.867,0.035,18
CUS108837,82300,0.811,0.209,11
CUS108838,81300,0.96,0.044,15
CUS108839,110800,0.973,0.034,21
CUS108840,187800,0.957,0.289,15
CUS108841,116100,0.871,0.127,14
CUS108842,125300,0.843,0.105,20
CUS108843,118500,1.0,0.109,25
CUS108844,90300,0.892,0.463,21
CUS108845,77000,0.826,0.058,27
CUS108846,98400,0.924,0.125,9
CUS108847,56200,0.966,0.157,19
CUS108848,66200,1.0,0.135,26
CUS108849,112100,0.875,0.155,20
CUS108850,70600,1.0,0.141,27
CUS108851,192300,0.919,0.189,21
CUS108852,95400,0.903,0.046,18
CUS108853,157800,0.954,0.125,19
CUS108854,50600,0.95,0.096,22
CUS108855,45200,0.948,0.126,15
CUS108856,81300,0.896,0.084,17
CUS108857,145000,0.956,0.104,24
CUS108858,74200,1.0,0.094,17
CUS108859,84500,1.0,0.084,17
CUS108860,129500,0.817,0.043,19
CUS108861,72200,0.754,0.002,13
CUS108862,49400,0.818,0.024,19
CUS108863,117600,0.906,0.27,11
CUS108864,49600,0.917,0.083,21
CUS108865,70600,0.927,0.223,26
CUS108866,99400,1.0,0.174,10
CUS108867,99100,0.988,0.005,15
CUS108868,127500,0.928,0.196,20
CUS108869,122600,0.926,0.115,14
CUS108870,70700,0.833,0.01,14
CUS108871,118800,0.897,0.007,21
CUS108872,97100,0.893,0.157,19
CUS108873,126900,1.0,0.176,19
CUS108874,69800,0.804,0.144,17
CUS108875,113100,1.0,0.024,31
CUS108876,78100,0.971,0.091,16
CUS108877,81200,0.918,0.361,9
CUS108878,96400,0.955,0.211,16
CUS108879,212000,0.959,0.37,15
CUS108880,58900,0.987,0.148,15
CUS108881,141100,0.837,0.046,22
CUS108882,165400,0.836,0.144,26
CUS108883,115500,0.922,0.032,17
CUS108884,67900,0.911,0.199,23
CUS108885,194400,1.0,0.108,22
CUS108886,70500,0.954,0.049,36
CUS108887,120700,0.881,0.129,17
CUS108888,90900,0.862,0.173,12
CUS108889,75100,0.828,0.04,24
CUS108890,84700,0.815,0.124,27
CUS108891,192300,0.913,0.205,19
CUS108892,99700,0.951,0.027,19
CUS108893,221400,0.894,0.016,22
CUS108894,76600,0.882,0.186,20
CUS108895,104700,0.916,0.121,13
CUS108896,50400,0.836,0.058,21
CUS108897,69200,0.99,0.184,14
CUS108898,81900,0.941,0.052,19
CUS108899,76800,1.0,0.244,13
CUS108900,56500,0.903,0.162,13
CUS108901,60900,1.0,0.106,27
CUS108902,85700,0.9,0.116,20
CUS108903,143700,0.876,0.158,7
CUS108904,45700,1.0,0.035,20
CUS108905,33700,0.993,0.035,11
CUS108906,42600,1.0,0.186,13
CUS108907,61900,0.747,0.09,22
CUS108908,104300,0.956,0.24,17
CUS108909,71100,0.946,0.057,17
CUS108910,77500,0.965,0.342,11
CUS108911,73300,0.834,0.116,21
CUS108912,35000,0.935,0.116,23
CUS108913,142900,1.0,0.044,22
CUS108914,140600,1.0,0.089,18
CUS108915,77900,0.96,0.121,18
CUS108916,84200,0.948,0.036,13
CUS108917,80400,0.892,0.037,22
CUS108918,58900,1.0,0.05,17
CUS108919,65100,0.909,0.183,21
CUS108920,169000,0.971,0.089,23
CUS108921,85600,1.0,0.238,22
CUS108922,106300,0.949,0.316,24
CUS108923,65900,0.91,0.141,20
CUS108924,74900,0.808,0.234,23
CUS108925,112800,0.884,0.064,22
CUS108926,56900,0.957,0.07,24
CUS108927,187900,0.906,0.087,22
CUS108928,39200,0.815,0.269,19
CUS108929,69200,0.841,0.029,24
CUS108930,40700,0.833,0.338,18
CUS108931,145100,0.779,0.388,17
CUS108932,88100,0.957,0.158,16
CUS108933,75600,0.928,0.084,19
CUS108934,112100,1.0,0.02,12
CUS108935,156900,0.915,0.176,15
CUS108936,92300,0.961,0.171,22
CUS108937,151900,0.95,0.537,16
CUS108938,71000,1.0,0.277,19
CUS108939,56500,0.828,0.066,13
CUS108940,78700,0.829,0.016,20
CUS108941,63500,0.89,0.353,16
CUS108942,126800,0.805,0.379,18
CUS108943,66400,0.896,0.092,25
CUS108944,76700,0.866,0.013,21
CUS108945,33900,0.875,0.024,19
CUS108946,96000,0.836,0.034,22
CUS108947,78900,0.964,0.102,10
CUS108948,129500,0.927,0.089,14
CUS108949,137100,1.0,0.23,9
CUS108950,83500,0.865,0.152,18
CUS108951,43800,0.934,0.105,21
CUS108952,66200,0.924,0.245,19
CUS108953,159300,0.872,0.292,20
CUS108954,77000,0.947,0.111,9
CUS108955,59300,0.852,0.006,18
CUS108956,136000,0.889,0.047,23
CUS108957,43300,0.82,0.197,16
CUS108958,85500,0.89,0.094,16
CUS108959,112600,0.785,0.01,31
CUS108960,87300,0.879,0.081,14
CUS108961,53400,0.896,0.189,35
CUS108962,59000,0.941,0.19,19
CUS108963,69500,0.984,0.123,16
CUS108964,132400,0.818,0.158,23
CUS108965,90900,1.0,0.088,11
CUS108966,68500,0.874,0.046,24
CUS108967,112600,1.0,0.123,26
CUS108968,60900,0.804,0.223,17
CUS108969,115000,0.86,0.125,18
CUS108970,105200,1.0,0.154,16
CUS108971,72900,0.858,0.141,9
CUS108972,89800,0.994,0.235,21
CUS108973,78300,0.956,0.026,26
CUS108974,123800,1.0,0.126,19
CUS108975,91300,0.874,0.177,21
CUS108976,75400,0.915,0.006,22
CUS108977,56500,0.954,0.033,16
CUS108978,126900,1.0,0.116,29
CUS108979,108400,0.919,0.262,15
CUS108980,73300,0.862,0.069,23
CUS108981,72700,1.0,0.121,18
CUS108982,80100,0.989,0.049,15
CUS108983,51100,0.793,0.119,16
CUS108984,100000,0.925,0.105,18
CUS108985,45100,0.928,0.147,9
CUS108986,44100,0.874,0.049,17
CUS108987,70100,0.865,0.364,14
CUS108988,61500,0.857,0.096,17
CUS108989,106100,1.0,0.264,17
CUS108990,102400,0.901,0.048,27
CUS108991,119200,0.916,0.098,21
CUS108992,84300,0.891,0.048,18
CUS108993,97700,0.929,0.158,19
CUS108994,55900,0.846,0.175,17
CUS108995,56500,1.0,0.101,21
CUS108996,80800,0.952,0.245,13
CUS108997,86400,0.833,0.026,19
CUS108998,105000,0.972,0.068,18
CUS108999,145100,0.841,0.085,16
CUS109000,52300,0.963,0.091,19
CUS109001,167100,0.822,0.106,18
CUS109002,43100,0.928,0.164,14
CUS109003,102600,0.968,0.076,11
CUS109004,45800,1.0,0.216,17
CUS109005,106600,0.799,0.022,17
CUS109006,48800,1.0,0.043,25
CUS109007,31100,0.749,0.06,15
CUS109008,97600,0.898,0.046,18
CUS109009,84700,0.885,0.096,17
CUS109010,152700,0.881,0.197,20
CUS109011,82900,1.0,0.086,18
CUS109012,65400,0.848,0.143,16
CUS109013,65400,0.89,0.159,22
CUS109014,366800,0.818,0.066,23
CUS109015,62000,0.946,0.136,24
CUS109016,115100,1.0,0.221,25
CUS109017,105900,0.905,0.007,22
CUS109018,116700,0.803,0.062,22
CUS109019,120700,0.902,0.086,22
CUS109020,73300,0.956,0.076,16
CUS109021,43400,0.924,0.132,25
CUS109022,96300,0.876,0.086,18
CUS109023,90400,0.922,0.133,25
CUS109024,98000,0.913,0.075,21
CUS109025,110300,0.82,0.1,10
CUS109026,71500,0.915,0.1,17
CUS109027,76500,1.0,0.077,18
CUS109028,128000,0.812,0.182,20
CUS109029,76500,0.851,0.099,14
CUS109030,73400,0.918,0.036,23
CUS109031,69500,1.0,0.065,22
CUS109032,116800,0.863,0.112,17
CUS109033,75100,0.879,0.119,17
CUS109034,240900,0.849,0.093,22
CUS109035,94000,1.0,0.121,10
CUS109036,53000,1.0,0.053,14
CUS109037,72300,0.925,0.051,21
CUS109038,129000,1.0,0.202,19
CUS109039,68800,0.886,0.098,16
CUS109040,88100,0.812,0.023,19
CUS109041,152600,0.996,0.068,16
CUS109042,139200,0.903,0.302,26
CUS109043,67900,0.858,0.127,14
CUS109044,74800,0.977,0.018,20
CUS109045,95000,1.0,0.033,17
CUS109046,134600,0.928,0.021,21
CUS109047,49000,0.948,0.296,18
CUS109048,108900,1.0,0.192,16
CUS109049,87400,0.886,0.095,15
CUS109050,58100,0.913,0.127,15
CUS109051,134200,0.903,0.067,15
CUS109052,139600,0.895,0.025,16
CUS109053,155500,0.975,0.101,21
CUS109054,142500,0.912,0.187,22
CUS109055,86900,0.804,0.119,15
CUS109056,113500,0.953,0.199,31
CUS109057,104500,0.871,0.428,14
CUS109058,53600,1.0,0.239,14
CUS109059,49500,0.836,0.228,13
CUS109060,96900,0.915,0.319,15
CUS109061,106500,0.864,0.122,20
CUS109062,78500,0.858,0.11,15
CUS109063,81100,0.912,0.119,13
CUS109064,186900,0.807,0.15,14
CUS109065,29600,0.86,0.117,17
CUS109066,129500,0.922,0.159,14
CUS109067,132500,0.982,0.163,21
CUS109068,151000,0.911,0.129,21
CUS109069,48500,0.889,0.042,20
CUS109070,70800,0.942,0.128,15
CUS109071,82300,0.842,0.307,15
CUS109072,100100,0.895,0.049,15
CUS109073,51600,0.912,0.033,19
CUS109074,88400,0.82,0.155,15
CUS109075,54700,0.997,0.045,19
CUS109076,77100,0.996,0.113,20
CUS109077,164600,1.0,0.063,21
CUS109078,138800,0.959,0.006,23
CUS109079,89500,0.923,0.207,18
CUS109080,43700,0.968,0.188,17
CUS109081,85400,0.99,0.296,14
CUS109082,101200,0.979,0.069,15
CUS109083,35100,0.979,0.35,17
CUS109084,99800,1.0,0.227,17
CUS109085,54600,0.945,0.093,20
CUS109086,41900,0.849,0.131,26
CUS109087,48200,0.843,0.093,14
CUS109088,32200,0.796,0.075,17
CUS109089,78800,0.825,0.085,22
CUS109090,53300,0.709,0.235,27
CUS109091,127800,0.86,0.324,18
CUS109092,73500,0.85,0.117,17
CUS109093,60200,0.916,0.167,12
CUS109094,41900,0.917,0.116,16
CUS109095,70500,0.879,0.155,18
CUS109096,173500,0.802,0.025,29
CUS109097,176900,1.0,0.086,20
CUS109098,67600,0.858,0.159,16
CUS109099,92900,0.974,0.064,19
CUS109100,116700,1.0,0.05,19
CUS109101,51500,0.905,0.158,28
CUS109102,103100,0.919,0.176,18
CUS109103,262900,0.829,0.155,15
CUS109104,113100,0.881,0.247,22
CUS109105,121200,0.96,0.119,18
CUS109106,173500,0.902,0.119,19
CUS109107,129600,0.97,0.154,20
CUS109108,94300,0.854,0.054,21
CUS109109,47400,0.917,0.038,12
CUS109110,66500,0.875,0.295,14
CUS109111,59400,0.844,0.184,17
CUS109112,70600,0.842,0.053,18
CUS109113,54500,0.932,0.095,15
CUS109114,75000,0.935,0.304,19
CUS109115,45300,0.882,0.076,19
CUS109116,56000,0.958,0.105,13
CUS109117,106100,0.957,0.04,17
CUS109118,123000,0.965,0.042,19
CUS109119,105600,0.851,0.147,16
CUS109120,78900,0.77,0.017,15
CUS109121,102200,0.887,0.017,23
CUS109122,215100,0.927,0.025,20
CUS109123,57300,0.862,0.051,22
CUS109124,161900,0.969,0.409,20
CUS109125,41500,0.801,0.097,12
CUS109126,38400,0.972,0.125,23
CUS109127,77200,0.949,0.02,14
CUS109128,84100,0.866,0.007,14
CUS109129,55900,1.0,0.038,9
CUS109130,77600,1.0,0.339,21
CUS109131,96200,0.889,0.265,23
CUS109132,53900,1.0,0.026,23
CUS109133,139600,0.903,0.095,21
CUS109134,150000,0.982,0.096,26
CUS109135,146500,0.985,0.356,11
CUS109136,58700,0.996,0.151,21
CUS109137,59000,0.914,0.216,15
CUS109138,77000,0.87,0.013,16
CUS109139,70100,1.0,0.177,20
CUS109140,81100,0.932,0.154,19
CUS109141,119600,0.921,0.094,19
CUS109142,122500,0.911,0.055,20
CUS109143,53300,0.818,0.042,26
CUS109144,51100,1.0,0.032,23
CUS109145,48200,0.943,0.187,22
CUS109146,53400,0.965,0.149,21
CUS109147,132400,0.912,0.17,20
CUS109148,95100,0.904,0.376,22
CUS109149,128500,0.897,0.082,23
CUS109150,37700,0.97,0.043,26
CUS109151,90900,0.977,0.153,22
CUS109152,102600,0.851,0.03,25
CUS109153,163300,0.876,0.306,25
CUS109154,83400,1.0,0.343,13
CUS109155,84900,0.893,0.048,22
CUS109156,157800,0.913,0.085,12
CUS109157,79600,0.969,0.245,19
CUS109158,94500,0.76,0.212,25
CUS109159,109400,0.827,0.235,16
CUS109160,33700,1.0,0.023,22
CUS109161,74100,0.977,0.089,21
CUS109162,49300,0.985,0.161,14
CUS109163,76300,0.923,0.388,14
CUS109164,85500,0.87,0.431,22
CUS109165,62100,0.938,0.058,11
CUS109166,103300,0.961,0.095,12
CUS109167,85800,0.861,0.044,28
CUS109168,47600,0.861,0.049,28
CUS109169,55000,0.9,0.155,20
CUS109170,133300,1.0,0.146,18
CUS109171,86300,0.857,0.081,20
CUS109172,52000,0.976,0.083,15
CUS109173,71300,0.891,0.091,15
CUS109174,84500,0.983,0.139,18
CUS109175,51000,0.902,0.272,21
CUS109176,58800,0.924,0.107,23
CUS109177,129200,1.0,0.056,16
CUS109178,265000,0.802,0.059,19
CUS109179,88200,0.946,0.284,12
CUS109180,50600,0.967,0.267,21
CUS109181,77400,0.867,0.005,19
CUS109182,92900,0.811,0.106,14
CUS109183,112600,0.813,0.285,18
CUS109184,126600,1.0,0.104,17
CUS109185,140700,0.913,0.106,20
CUS109186,78700,1.0,0.061,14
CUS109187,81700,0.841,0.032,18
CUS109188,43600,0.771,0.038,20
CUS109189,48800,0.862,0.028,22
CUS109190,52800,0.892,0.049,16
CUS109191,58200,1.0,0.203,18
CUS109192,50300,0.866,0.041,19
CUS109193,59700,0.929,0.109,17
CUS109194,152000,0.935,0.01,17
CUS109195,35200,0.728,0.198,28
CUS109196,78700,0.955,0.026,18
CUS109197,139500,0.863,0.084,25
CUS109198,80700,0.975,0.213,16
CUS109199,160900,0.935,0.201,11
CUS109200,60800,1.0,0.29,19
CUS109201,175700,1.0,0.018,18
CUS109202,47300,0.956,0.174,20
CUS109203,159900,0.883,0.091,22
CUS109204,59200,1.0,0.063,15
CUS109205,149200,0.757,0.053,15
CUS109206,71500,1.0,0.312,19
CUS109207,136800,0.708,0.063,23
CUS109208,172900,0.924,0.019,29
CUS109209,68600,0.942,0.355,17
CUS109210,120900,0.889,0.042,26
CUS109211,94300,0.965,0.273,19
CUS109212,45400,0.916,0.115,14
CUS109213,111000,0.972,0.039,18
CUS109214,63800,0.867,0.031,20
CUS109215,68800,1.0,0.272,18
CUS109216,55300,0.922,0.085,24
CUS109217,108100,0.973,0.196,9
CUS109218,60300,0.896,0.073,17
CUS109219,34100,0.977,0.155,16
CUS109220,43700,0.92,0.097,16
CUS109221,62300,0.877,0.375,22
CUS109222,103300,0.94,0.129,14
CUS109223,119300,0.836,0.161,23
CUS109224,122700,0.83,0.352,24
CUS109225,89600,0.944,0.054,12
CUS109226,79200,0.951,0.018,11
CUS109227,70400,0.877,0.054,14
CUS109228,94900,0.892,0.042,10
CUS109229,147200,1.0,0.023,18
CUS109230,68900,1.0,0.127,15
CUS109231,123600,0.904,0.121,16
CUS109232,49400,0.949,0.023,13
CUS109233,132600,0.733,0.107,10
CUS109234,88000,0.89,0.112,12
CUS109235,51100,0.929,0.101,15
CUS109236,132500,0.972,0.122,16
CUS109237,43500,0.923,0.018,15
CUS109238,28800,0.945,0.139,20
CUS109239,119700,0.807,0.163,17
CUS109240,93400,1.0,0.239,11
CUS109241,49800,1.0,0.037,16
CUS109242,100200,0.918,0.02,19
CUS109243,141300,0.972,0.058,24
CUS109244,89600,0.964,0.226,15
CUS109245,273700,0.808,0.086,7
CUS109246,64800,0.887,0.146,19
CUS109247,35900,0.873,0.122,16
CUS109248,41100,0.852,0.11,10
CUS109249,32000,0.778,0.205,24
CUS109250,250200,1.0,0.185,15
CUS109251,77600,0.933,0.056,24
CUS109252,207100,0.875,0.102,18
CUS109253,74800,0.88,0.061,28
CUS109254,65000,0.889,0.047,18
CUS109255,39600,0.827,0.187,14
CUS109256,79300,1.0,0.145,19
CUS109257,127100,0.959,0.155,22
CUS109258,78600,0.94,0.201,18
CUS109259,47000,0.821,0.028,20
CUS109260,116400,0.915,0.154,15
CUS109261,117100,0.979,0.112,13
CUS109262,63700,0.924,0.055,22
CUS109263,62100,0.937,0.184,12
CUS109264,34800,0.833,0.021,16
CUS109265,103800,0.936,0.058,17
CUS109266,68100,0.956,0.021,13
CUS109267,31800,1.0,0.223,25
CUS109268,43400,1.0,0.085,17
CUS109269,110100,0.829,0.145,21
CUS109270,82500,0.844,0.072,17
CUS109271,55900,0.972,0.346,13
CUS109272,85900,0.876,0.182,16
CUS109273,62800,0.79,0.048,17
CUS109274,65300,0.989,0.023,20
CUS109275,75200,0.98,0.206,17
CUS109276,173700,0.968,0.01,21
CUS109277,174700,0.856,0.107,21
CUS109278,37700,0.785,0.037,15
CUS109279,85800,0.954,0.316,15
CUS109280,49400,0.808,0.062,19
CUS109281,49600,1.0,0.207,23
CUS109282,40900,0.947,0.207,11
CUS109283,58800,0.794,0.049,18
CUS109284,56100,0.911,0.185,13
CUS109285,126900,0.973,0.101,19
CUS109286,53500,1.0,0.078,21
CUS109287,32800,1.0,0.029,19
CUS109288,78800,0.842,0.015,21
CUS109289,76800,0.968,0.129,19
CUS109290,73800,0.892,0.048,17
CUS109291,117600,0.884,0.025,16
CUS109292,143100,0.948,0.161,20
CUS109293,75500,0.893,0.112,14
CUS109294,100200,0.898,0.025,13
CUS109295,83400,0.883,0.141,17
CUS109296,99500,0.778,0.03,13
CUS109297,47500,0.94,0.34,20
CUS109298,118000,0.845,0.141,15
CUS109299,86000,0.936,0.172,17
CUS109300,56800,0.861,0.278,17
CUS109301,253200,0.956,0.053,16
CUS109302,45400,0.922,0.069,8
CUS109303,123800,0.78,0.27,17
CUS109304,53800,0.875,0.498,19
CUS109305,115200,1.0,0.031,25
CUS109306,194300,0.882,0.186,15
CUS109307,111300,0.997,0.089,21
CUS109308,96300,0.872,0.044,15
CUS109309,126400,1.0,0.191,21
CUS109310,71900,0.831,0.029,21
CUS109311,130500,0.858,0.093,15
CUS109312,84000,0.825,0.16,16
CUS109313,50500,0.914,0.059,12
CUS109314,167600,0.915,0.048,18
CUS109315,154300,0.977,0.477,18
CUS109316,56900,1.0,0.191,21
CUS109317,127400,0.95,0.153,18
CUS109318,53700,0.975,0.328,29
CUS109319,100900,0.88,0.09,22
CUS109320,98200,0.759,0.097,9
CUS109321,173000,0.783,0.165,17
CUS109322,98400,0.815,0.046,12
CUS109323,37900,0.961,0.263,18
CUS109324,136700,0.868,0.047,23
CUS109325,69600,0.898,0.055,16
CUS109326,74200,0.937,0.132,16
CUS109327,82100,0.804,0.037,20
CUS109328,68700,0.907,0.095,23
CUS109329,176900,0.94,0.325,16
CUS109330,136000,1.0,0.346,23
CUS109331,57900,0.988,0.093,22
CUS109332,60800,0.925,0.128,20
CUS109333,53300,0.863,0.25,22
CUS109334,127200,0.985,0.08,24
CUS109335,79000,0.919,0.076,21
CUS109336,61200,0.961,0.217,18
CUS109337,198600,1.0,0.03,22
CUS109338,114100,0.848,0.125,11
CUS109339,97800,0.967,0.028,18
CUS109340,82600,0.832,0.057,12
CUS109341,44000,0.972,0.169,17
CUS109342,120500,0.899,0.279,19
CUS109343,74000,0.898,0.104,21
CUS109344,125200,0.869,0.107,18
CUS109345,117900,0.916,0.169,11
CUS109346,95500,0.909,0.03,21
CUS109347,80200,0.989,0.265,14
CUS109348,188900,0.963,0.067,24
CUS109349,45800,0.916,0.143,18
CUS109350,66500,1.0,0.102,19
CUS109351,145900,0.967,0.226,11
CUS109352,173200,1.0,0.013,20
CUS109353,91100,0.994,0.115,17
CUS109354,58900,0.937,0.173,16
CUS109355,67900,0.804,0.029,22
CUS109356,44400,0.833,0.037,22
CUS109357,236500,0.911,0.023,17
CUS109358,90800,0.896,0.075,16
CUS109359,115900,0.948,0.298,18
CUS109360,110700,0.846,0.225,17
CUS109361,145700,0.932,0.067,23
CUS109362,66200,0.881,0.254,28
CUS109363,71500,0.921,0.195,21
CUS109364,110500,0.865,0.106,19
CUS109365,45000,0.851,0.137,21
CUS109366,174800,0.934,0.096,14
CUS109367,202900,0.925,0.052,23
CUS109368,88000,0.895,0.077,14
CUS109369,55600,0.867,0.164,11
CUS109370,136300,0.858,0.065,25
CUS109371,85900,1.0,0.359,18
CUS109372,102600,0.863,0.123,19
CUS109373,88800,0.96,0.186,17
CUS109374,71300,0.826,0.011,10
CUS109375,113000,0.934,0.168,9
CUS109376,45300,0.8,0.168,17
CUS109377,32800,0.855,0.149,14
CUS109378,92700,0.917,0.16,25
CUS109379,134200,0.944,0.27,28
CUS109380,73300,0.942,0.168,12
CUS109381,62700,1.0,0.093,19
CUS109382,126300,0.858,0.13,23
CUS109383,88800,0.981,0.324,16
CUS109384,62100,1.0,0.028,16
CUS109385,96200,0.915,0.335,17
CUS109386,102800,1.0,0.112,14
CUS109387,44300,0.811,0.413,14
CUS109388,74700,1.0,0.259,19
CUS109389,106400,0.905,0.093,14
CUS109390,70600,1.0,0.198,16
CUS109391,140800,0.88,0.092,26
CUS109392,104800,0.901,0.235,22
CUS109393,75000,0.904,0.152,27
CUS109394,95900,0.866,0.287,22
CUS109395,66600,0.913,0.326,15
CUS109396,84000,0.972,0.338,13
CUS109397,68900,0.916,0.105,15
CUS109398,32800,0.869,0.163,15
CUS109399,93300,0.903,0.095,17
CUS109400,117800,0.998,0.252,30
CUS109401,273500,0.918,0.072,13
CUS109402,104200,0.93,0.108,24
CUS109403,61300,0.964,0.123,19
CUS109404,41600,0.853,0.018,16
CUS109405,51900,0.924,0.276,16
CUS109406,70400,0.845,0.039,24
CUS109407,64000,0.863,0.088,22
CUS109408,77800,1.0,0.075,18
CUS109409,67200,0.875,0.117,18
CUS109410,78600,0.741,0.202,26
CUS109411,70400,0.918,0.07,16
CUS109412,79700,0.979,0.177,26
CUS109413,54500,0.955,0.098,22
CUS109414,48200,1.0,0.06,13
CUS109415,74000,0.924,0.245,17
CUS109416,96700,0.851,0.076,11
CUS109417,56100,0.946,0.256,22
CUS109418,71800,0.668,0.139,15
CUS109419,91200,0.955,0.162,12
CUS109420,79000,0.924,0.095,13
CUS109421,126100,0.804,0.124,19
CUS109422,123700,0.899,0.095,19
CUS109423,91600,0.801,0.129,21
CUS109424,147500,0.924,0.28,14
CUS109425,72300,0.864,0.02,22
CUS109426,134100,0.986,0.207,22
CUS109427,64600,0.824,0.028,21
CUS109428,95600,0.825,0.054,12
CUS109429,126700,0.941,0.084,21
CUS109430,82300,0.957,0.154,16
CUS109431,48800,0.955,0.095,9
CUS109432,42500,0.926,0.06,25
CUS109433,112100,0.86,0.256,13
CUS109434,68100,0.919,0.049,23
CUS109435,85700,0.959,0.081,18
CUS109436,157700,0.89,0.39,16
CUS109437,56100,0.935,0.077,23
CUS109438,128800,0.939,0.01,20
CUS109439,54200,0.962,0.183,20
CUS109440,88800,1.0,0.126,10
CUS109441,52800,0.98,0.04,17
CUS109442,60800,0.939,0.019,18
CUS109443,103400,0.835,0.177,19
CUS109444,158800,0.871,0.127,22
CUS109445,96100,0.847,0.174,16
CUS109446,98700,0.974,0.05,17
CUS109447,315400,1.0,0.027,23
CUS109448,96100,0.946,0.058,18
CUS109449,61200,0.938,0.118,21
CUS109450,40600,0.923,0.123,16
CUS109451,94600,1.0,0.199,19
CUS109452,47200,0.895,0.17,14
CUS109453,59900,0.923,0.042,18
CUS109454,107500,0.979,0.049,13
CUS109455,135400,0.785,0.039,25
CUS109456,74400,0.821,0.152,24
CUS109457,55500,1.0,0.252,18
CUS109458,83000,0.812,0.124,13
CUS109459,87200,0.829,0.142,13
CUS109460,82900,0.913,0.099,20
CUS109461,39800,0.822,0.193,13
CUS109462,60200,0.906,0.272,22
CUS109463,151600,0.88,0.045,21
CUS109464,126700,0.99,0.024,12
CUS109465,148300,0.844,0.088,12
CUS109466,34300,1.0,0.124,21
CUS109467,61200,0.888,0.071,16
CUS109468,147000,0.869,0.273,21
CUS109469,105000,0.985,0.409,16
CUS109470,102800,0.867,0.07,19
CUS109471,69000,0.987,0.167,22
CUS109472,62000,0.911,0.031,16
CUS109473,100700,0.859,0.119,15
CUS109474,73600,1.0,0.165,20
CUS109475,92200,0.863,0.172,13
CUS109476,83500,0.868,0.025,10
CUS109477,54800,0.99,0.122,8
CUS109478,106200,0.922,0.162,19
CUS109479,131400,0.927,0.165,17
CUS109480,160900,1.0,0.323,18
CUS109481,125400,0.963,0.206,10
CUS109482,91000,0.863,0.007,16
CUS109483,51500,0.986,0.087,9
CUS109484,68300,0.964,0.006,15
CUS109485,74600,0.991,0.038,21
CUS109486,103200,0.84,0.061,25
CUS109487,66700,1.0,0.046,18
CUS109488,72200,0.805,0.14,23
CUS109489,99000,0.964,0.063,21
CUS109490,100100,0.732,0.097,14
CUS109491,109000,0.847,0.225,24
CUS109492,56700,0.975,0.043,14
CUS109493,71200,0.892,0.05,14
CUS109494,67400,0.905,0.159,21
CUS109495,95800,0.932,0.317,16
CUS109496,77200,0.861,0.447,23
CUS109497,71700,0.845,0.077,15
CUS109498,97800,0.937,0.218,20
CUS109499,223100,1.0,0.15,18
CUS109500,109000,0.992,0.102,17
CUS109501,37000,1.0,0.003,13
CUS109502,99500,0.987,0.133,14
CUS109503,71900,0.952,0.064,11
CUS109504,54900,0.924,0.174,12
CUS109505,105700,0.739,0.076,21
CUS109506,92800,0.9,0.039,16
CUS109507,261600,1.0,0.023,15
CUS109508,82800,0.88,0.064,19
CUS109509,70100,0.768,0.064,24
CUS109510,162200,0.878,0.014,24
CUS109511,85500,0.99,0.118,13
CUS109512,48500,0.941,0.062,14
CUS109513,54300,0.996,0.162,14
CUS109514,64600,0.957,0.166,23
CUS109515,94900,0.982,0.242,19
CUS109516,152800,0.96,0.212,22
CUS109517,120800,0.817,0.055,19
CUS109518,101300,0.922,0.089,16
CUS109519,151000,0.757,0.224,11
CUS109520,110000,1.0,0.044,18
CUS109521,53000,0.939,0.162,11
CUS109522,78000,1.0,0.185,23
CUS109523,72400,0.936,0.21,14
CUS109524,148300,0.944,0.258,13
CUS109525,59000,1.0,0.163,15
CUS109526,56000,1.0,0.081,17
CUS109527,77200,0.828,0.119,25
CUS109528,217400,0.936,0.211,26
CUS109529,129200,0.995,0.009,26
CUS109530,147800,0.995,0.135,24
CUS109531,54300,1.0,0.323,24
CUS109532,119800,0.887,0.101,17
CUS109533,51700,0.994,0.016,14
CUS109534,127500,0.971,0.083,16
CUS109535,37800,0.964,0.095,19
CUS109536,70500,0.796,0.059,12
CUS109537,36600,0.825,0.428,22
CUS109538,63000,0.926,0.139,17
CUS109539,46900,0.868,0.123,17
CUS109540,130700,0.916,0.016,15
CUS109541,82400,0.962,0.039,24
CUS109542,69800,0.861,0.107,16
CUS109543,96400,0.991,0.136,12
CUS109544,58300,0.767,0.242,18
CUS109545,120800,0.846,0.021,15
CUS109546,77700,0.961,0.03,23
CUS109547,232500,0.841,0.193,19
CUS109548,172400,1.0,0.121,11
CUS109549,157100,0.892,0.154,15
CUS109550,105000,0.992,0.117,12
CUS109551,118900,0.953,0.044,23
CUS109552,150700,0.894,0.101,25
CUS109553,85000,0.97,0.093,18
CUS109554,110500,0.907,0.035,27
CUS109555,64700,0.779,0.122,19
CUS109556,65900,0.908,0.018,18
CUS109557,88000,1.0,0.031,18
CUS109558,28600,1.0,0.046,15
CUS109559,100300,0.978,0.082,18
CUS109560,81000,0.993,0.054,19
CUS109561,117900,0.888,0.014,23
CUS109562,143400,0.854,0.225,17
CUS109563,246800,0.849,0.136,21
CUS109564,114700,0.914,0.3,17
CUS109565,86500,0.945,0.084,25
CUS109566,60600,1.0,0.262,19
CUS109567,54600,0.933,0.159,14
CUS109568,131500,1.0,0.048,16
CUS109569,79500,0.996,0.055,25
CUS109570,96300,0.912,0.004,10
CUS109571,97600,0.927,0.105,19
CUS109572,82100,1.0,0.336,19
CUS109573,101300,0.916,0.096,23
CUS109574,103400,0.891,0.522,25
CUS109575,128600,0.83,0.05,14
CUS109576,49000,0.865,0.046,20
CUS109577,125300,0.974,0.058,8
CUS109578,50500,1.0,0.337,21
CUS109579,111600,0.892,0.274,21
CUS109580,102700,0.978,0.039,14
CUS109581,77600,1.0,0.105,20
CUS109582,89100,0.846,0.006,21
CUS109583,97200,0.777,0.178,18
CUS109584,137100,0.796,0.039,16
CUS109585,140700,0.814,0.02,18
CUS109586,110000,0.963,0.127,11
CUS109587,48200,0.96,0.151,15
CUS109588,122400,0.888,0.1,19
CUS109589,28500,1.0,0.119,16
CUS109590,33800,1.0,0.038,11
CUS109591,138100,0.931,0.036,14
CUS109592,43100,0.909,0.088,21
CUS109593,85400,0.922,0.11,19
CUS109594,166100,0.999,0.158,26
CUS109595,102300,1.0,0.098,13
CUS109596,102000,0.856,0.048,19
CUS109597,90600,0.832,0.182,21
CUS109598,86800,0.936,0.06,15
CUS109599,72500,0.982,0.057,10
CUS109600,65000,0.942,0.122,15
CUS109601,93600,1.0,0.061,12
CUS109602,90200,0.932,0.055,18
CUS109603,86500,0.943,0.088,16
CUS109604,30000,0.91,0.131,13
CUS109605,183100,0.969,0.045,20
CUS109606,136000,0.891,0.081,17
CUS109607,74500,0.945,0.287,17
CUS109608,147300,0.784,0.229,10
CUS109609,69600,0.861,0.051,18
CUS109610,88400,0.953,0.101,16
CUS109611,36500,1.0,0.309,22
CUS109612,91800,0.95,0.037,15
CUS109613,81500,0.86,0.067,23
CUS109614,88700,0.664,0.239,16
CUS109615,167400,0.891,0.156,11
CUS109616,82900,0.884,0.085,9
CUS109617,62800,0.873,0.09,25
CUS109618,55700,1.0,0.058,17
CUS109619,42000,0.928,0.185,18
CUS109620,105900,0.749,0.17,15
CUS109621,97100,0.909,0.009,14
CUS109622,82500,0.897,0.261,25
CUS109623,113800,1.0,0.199,13
CUS109624,128800,0.929,0.059,15
CUS109625,100000,0.9,0.002,24
CUS109626,114500,0.903,0.038,14
CUS109627,236600,0.82,0.149,21
CUS109628,65700,0.903,0.05,22
CUS109629,133300,0.846,0.239,16
CUS109630,105100,1.0,0.108,20
CUS109631,142200,0.988,0.056,11
CUS109632,62500,0.995,0.062,21
CUS109633,83400,0.802,0.019,18
CUS109634,66900,0.927,0.217,21
CUS109635,37200,0.922,0.039,11
CUS109636,170600,0.838,0.016,19
CUS109637,71900,1.0,0.418,15
CUS109638,64100,1.0,0.063,24
CUS109639,62100,0.879,0.039,17
CUS109640,194300,0.783,0.028,15
CUS109641,154000,0.863,0.152,13
CUS109642,72500,0.979,0.054,23
CUS109643,129800,0.77,0.022,19
CUS109644,52600,0.85,0.053,18
CUS109645,115100,0.924,0.22,15
CUS109646,75000,0.979,0.075,14
CUS109647,100700,0.91,0.023,16
CUS109648,44500,0.858,0.174,16
CUS109649,68000,0.972,0.149,19
CUS109650,88500,1.0,0.081,18
CUS109651,106400,0.839,0.04,19
CUS109652,46500,1.0,0.099,10
CUS109653,46800,0.862,0.379,16
CUS109654,93800,0.882,0.074,18
CUS109655,104300,0.97,0.052,20
CUS109656,117900,0.924,0.147,20
CUS109657,92700,0.904,0.081,12
CUS109658,54600,0.993,0.059,21
CUS109659,78100,0.943,0.019,15
CUS109660,103400,0.848,0.058,16
CUS109661,62800,1.0,0.045,21
CUS109662,49800,0.795,0.052,22
CUS109663,71000,1.0,0.155,18
CUS109664,86700,0.878,0.445,18
CUS109665,34100,0.833,0.081,23
CUS109666,73900,0.73,0.192,14
CUS109667,108200,1.0,0.111,21
CUS109668,128800,0.966,0.143,11
CUS109669,50100,1.0,0.123,10
CUS109670,98800,0.904,0.154,19
CUS109671,141900,0.897,0.066,16
CUS109672,111800,0.858,0.0,7
CUS109673,87300,0.776,0.253,23
CUS109674,32200,0.935,0.087,14
CUS109675,90300,0.917,0.026,22
CUS109676,175800,0.908,0.125,13
CUS109677,119800,0.91,0.235,23
CUS109678,122900,0.88,0.047,25
CUS109679,97300,0.896,0.068,18
CUS109680,134200,0.964,0.124,13
CUS109681,84700,0.924,0.016,21
CUS109682,41900,0.829,0.153,15
CUS109683,127000,0.828,0.327,16
CUS109684,62900,0.862,0.091,19
CUS109685,92400,0.814,0.55,16
CUS109686,99500,0.876,0.231,22
CUS109687,59800,0.886,0.078,14
CUS109688,55100,0.838,0.112,26
CUS109689,121300,0.893,0.127,16
CUS109690,58300,0.987,0.11,14
CUS109691,79800,0.933,0.131,13
CUS109692,124900,0.906,0.017,24
CUS109693,167800,0.874,0.088,10
CUS109694,37000,0.89,0.016,18
CUS109695,83800,0.865,0.092,17
CUS109696,162300,1.0,0.176,19
CUS109697,64700,0.798,0.157,14
CUS109698,116900,0.926,0.168,16
CUS109699,126100,0.885,0.086,13
CUS109700,58500,0.835,0.028,13
CUS109701,115100,0.864,0.048,25
CUS109702,102900,0.929,0.142,23
CUS109703,133700,0.986,0.399,22
CUS109704,39000,0.97,0.065,18
CUS109705,151000,0.934,0.128,18
CUS109706,119400,0.947,0.054,15
CUS109707,57100,0.835,0.026,15
CUS109708,88700,0.848,0.147,21
CUS109709,121900,0.778,0.085,21
CUS109710,59400,0.986,0.15,18
CUS109711,48100,0.946,0.111,22
CUS109712,92300,0.921,0.071,21
CUS109713,67800,0.828,0.106,26
CUS109714,111800,0.859,0.124,14
CUS109715,136400,0.971,0.194,20
CUS109716,106600,0.866,0.11,17
CUS109717,80300,0.987,0.08,18
CUS109718,142500,0.843,0.255,14
CUS109719,82800,0.878,0.249,25
CUS109720,58600,0.85,0.081,16
CUS109721,149500,0.936,0.119,12
CUS109722,28500,0.959,0.072,15
CUS109723,91400,0.957,0.269,20
CUS109724,69800,0.853,0.065,5
CUS109725,63000,0.92,0.096,19
CUS109726,91600,0.961,0.15,17
CUS109727,96500,1.0,0.049,19
CUS109728,46800,0.937,0.091,13
CUS109729,46800,0.868,0.306,21
CUS109730,43800,0.966,0.383,19
CUS109731,198500,0.923,0.029,16
CUS109732,209400,0.837,0.071,17
CUS109733,80300,0.904,0.083,19
CUS109734,46600,0.961,0.025,19
CUS109735,77000,0.845,0.049,19
CUS109736,30000,0.851,0.056,21
CUS109737,103100,0.981,0.194,23
CUS109738,51900,0.822,0.095,20
CUS109739,51500,0.981,0.041,10
CUS109740,125600,0.81,0.087,22
CUS109741,83500,0.801,0.092,21
CUS109742,118000,0.806,0.105,27
CUS109743,139200,0.904,0.186,16
CUS109744,84500,0.999,0.1,18
CUS109745,89400,0.836,0.175,23
CUS109746,151600,0.935,0.191,12
CUS109747,65400,1.0,0.053,16
CUS109748,141400,0.825,0.023,24
CUS109749,32500,0.971,0.093,19
CUS109750,70000,0.796,0.203,18
CUS109751,90000,0.813,0.218,23
CUS109752,57400,0.807,0.063,13
CUS109753,119400,0.999,0.113,15
CUS109754,96600,0.858,0.38,13
CUS109755,53800,0.946,0.031,17
CUS109756,58100,0.949,0.189,16
CUS109757,61000,0.974,0.052,20
CUS109758,49700,0.9,0.109,11
CUS109759,168100,0.898,0.215,27
CUS109760,81300,0.928,0.321,19
CUS109761,41500,0.86,0.011,19
CUS109762,88500,0.852,0.141,22
CUS109763,95200,0.848,0.33,18
CUS109764,58700,0.961,0.258,15
CUS109765,69900,0.941,0.242,16
CUS109766,171000,0.944,0.082,22
CUS109767,57600,0.959,0.118,18
CUS109768,73300,1.0,0.056,19
CUS109769,36800,0.871,0.063,24
CUS109770,198800,0.875,0.158,12
CUS109771,112700,1.0,0.115,25
CUS109772,89900,1.0,0.078,16
CUS109773,65700,0.89,0.322,15
CUS109774,55900,0.816,0.209,17
CUS109775,79400,0.828,0.185,13
CUS109776,107500,0.962,0.275,18
CUS109777,54300,0.886,0.089,21
CUS109778,68500,0.938,0.086,17
CUS109779,130900,0.975,0.149,23
CUS109780,185100,0.911,0.055,21
CUS109781,105500,0.844,0.132,20
CUS109782,70300,1.0,0.062,13
CUS109783,82300,0.901,0.111,13
CUS109784,93100,0.912,0.147,22
CUS109785,80800,1.0,0.079,21
CUS109786,122400,0.906,0.055,20
CUS109787,69800,0.744,0.042,19
CUS109788,181500,1.0,0.081,26
CUS109789,86500,0.911,0.056,14
CUS109790,68300,0.846,0.103,18
CUS109791,113800,0.97,0.06,27
CUS109792,55100,0.918,0.043,20
CUS109793,91100,1.0,0.166,20
CUS109794,155500,0.978,0.247,13
CUS109795,48400,1.0,0.038,12
CUS109796,132800,0.866,0.064,9
CUS109797,48800,0.995,0.116,19
CUS109798,131800,0.859,0.061,19
CUS109799,49900,0.827,0.105,23
CUS109800,142600,0.757,0.215,18
CUS109801,58100,0.973,0.021,28
CUS109802,68900,0.978,0.196,18
CUS109803,52900,0.883,0.109,15
CUS109804,29500,0.841,0.302,22
CUS109805,48400,1.0,0.216,17
CUS109806,40800,1.0,0.154,11
CUS109807,38100,0.896,0.067,24
CUS109808,105400,1.0,0.122,20
CUS109809,155700,1.0,0.01,16
CUS109810,193900,0.846,0.015,9
CUS109811,53200,0.902,0.131,24
CUS109812,88700,0.899,0.1,17
CUS109813,151500,0.777,0.144,18
CUS109814,51200,0.786,0.113,21
CUS109815,141500,0.946,0.221,21
CUS109816,166300,0.927,0.008,19
CUS109817,33500,1.0,0.024,21
CUS109818,29100,0.958,0.033,19
CUS109819,72000,0.997,0.24,20
CUS109820,117100,0.88,0.384,16
CUS109821,43600,0.847,0.06,14
CUS109822,36100,0.786,0.018,16
CUS109823,88400,1.0,0.053,21
CUS109824,112100,0.862,0.039,16
CUS109825,63800,1.0,0.122,14
CUS109826,70000,1.0,0.153,17
CUS109827,123400,1.0,0.112,18
CUS109828,51800,0.981,0.11,15
CUS109829,55700,0.957,0.074,16
CUS109830,102000,0.942,0.002,16
CUS109831,116900,0.891,0.031,20
CUS109832,74900,0.904,0.031,15
CUS109833,178500,1.0,0.515,14
CUS109834,119200,0.956,0.096,22
CUS109835,69100,0.735,0.172,24
CUS109836,48600,0.857,0.089,8
CUS109837,137200,0.971,0.04,20
CUS109838,141100,1.0,0.058,15
CUS109839,83100,0.857,0.037,19
CUS109840,90800,0.984,0.039,10
CUS109841,112100,0.797,0.046,16
CUS109842,197300,0.884,0.183,12
CUS109843,129100,1.0,0.247,13
CUS109844,96100,0.957,0.064,10
CUS109845,124300,0.997,0.358,19
CUS109846,141100,0.958,0.096,24
CUS109847,112800,0.929,0.04,20
CUS109848,124100,0.993,0.006,22
CUS109849,51500,0.993,0.065,26
CUS109850,140700,0.999,0.101,14
CUS109851,59100,0.854,0.061,10
CUS109852,59600,0.896,0.076,11
CUS109853,85300,0.893,0.202,16
CUS109854,53800,0.958,0.093,11
CUS109855,68400,0.878,0.076,17
CUS109856,103000,0.972,0.145,16
CUS109857,94700,0.916,0.058,17
CUS109858,119400,1.0,0.122,18
CUS109859,117700,0.987,0.021,19
CUS109860,96000,0.987,0.143,22
CUS109861,50800,0.943,0.037,15
CUS109862,120000,0.863,0.251,17
CUS109863,77600,0.813,0.138,20
CUS109864,93600,0.92,0.033,16
CUS109865,110300,0.989,0.156,13
CUS109866,184000,0.99,0.126,20
CUS109867,52300,0.972,0.052,20
CUS109868,79700,0.917,0.176,15
CUS109869,104300,0.835,0.126,27
CUS109870,88900,0.848,0.17,18
CUS109871,66800,1.0,0.085,16
CUS109872,38300,1.0,0.042,14
CUS109873,73800,0.897,0.125,13
CUS109874,102900,0.947,0.034,16
CUS109875,118500,0.873,0.203,13
CUS109876,77900,0.827,0.141,18
CUS109877,84800,0.847,0.017,19
CUS109878,46100,0.861,0.075,13
CUS109879,106900,0.918,0.138,16
CUS109880,91800,0.835,0.1,22
CUS109881,98400,0.862,0.045,13
CUS109882,85700,0.965,0.276,11
CUS109883,84600,0.962,0.002,14
CUS109884,106400,0.836,0.019,16
CUS109885,95600,0.983,0.17,20
CUS109886,41700,0.868,0.019,17
CUS109887,108800,0.945,0.155,25
CUS109888,79800,0.861,0.397,19
CUS109889,62600,0.936,0.03,15
CUS109890,163800,0.858,0.169,20
CUS109891,63400,0.806,0.104,25
CUS109892,68100,0.707,0.295,24
CUS109893,33300,0.802,0.144,21
CUS109894,160800,0.891,0.147,22
CUS109895,119000,0.856,0.041,15
CUS109896,77800,0.946,0.278,14
CUS109897,109500,0.837,0.02,27
CUS109898,31900,0.944,0.115,15
CUS109899,95500,0.94,0.201,18
CUS109900,63300,0.962,0.104,16
CUS109901,166200,0.925,0.195,15
CUS109902,99500,0.887,0.013,12
CUS109903,99000,0.934,0.126,21
CUS109904,56400,0.922,0.159,22
CUS109905,66800,0.923,0.169,10
CUS109906,96800,0.91,0.091,26
CUS109907,55800,0.991,0.11,23
CUS109908,63900,0.943,0.084,16
CUS109909,132100,0.855,0.035,21
CUS109910,104100,1.0,0.114,17
CUS109911,57500,0.909,0.086,18
CUS109912,112800,0.898,0.039,16
CUS109913,66200,1.0,0.015,17
CUS109914,40500,1.0,0.195,23
CUS109915,69900,0.95,0.153,11
CUS109916,49000,1.0,0.218,11
CUS109917,97000,0.921,0.129,24
CUS109918,72900,1.0,0.193,27
CUS109919,91500,0.973,0.408,21
CUS109920,95200,0.88,0.018,20
CUS109921,255900,0.955,0.092,18
CUS109922,199100,0.836,0.056,19
CUS109923,99600,0.833,0.046,17
CUS109924,83100,0.947,0.149,17
CUS109925,58200,0.861,0.115,21
CUS109926,36200,1.0,0.354,19
CUS109927,26800,0.784,0.015,18
CUS109928,58500,0.922,0.048,17
CUS109929,149200,0.94,0.125,24
CUS109930,173000,0.848,0.012,20
CUS109931,86400,0.934,0.036,18
CUS109932,118300,0.965,0.172,22
CUS109933,67100,0.892,0.029,16
CUS109934,71900,0.958,0.113,19
CUS109935,62500,0.83,0.323,10
CUS109936,63300,0.821,0.154,15
CUS109937,112200,0.886,0.242,20
CUS109938,79500,0.786,0.176,19
CUS109939,119200,0.859,0.293,14
CUS109940,80600,0.868,0.046,21
CUS109941,136700,0.916,0.155,23
CUS109942,116500,0.856,0.329,11
CUS109943,106200,0.884,0.249,17
CUS109944,44500,1.0,0.23,23
CUS109945,68100,0.84,0.147,19
CUS109946,72200,0.826,0.17,21
CUS109947,92800,1.0,0.058,17
CUS109948,115300,0.971,0.02,13
CUS109949,93400,0.941,0.119,17
CUS109950,50200,1.0,0.09,19
CUS109951,108300,0.946,0.191,23
CUS109952,70700,0.983,0.255,16
CUS109953,71100,0.716,0.324,23
CUS109954,61600,0.876,0.215,15
CUS109955,67000,0.876,0.336,18
CUS109956,75000,0.914,0.116,19
CUS109957,151100,0.874,0.386,18
CUS109958,77300,0.908,0.224,22
CUS109959,110700,0.86,0.105,17
CUS109960,34800,0.844,0.008,18
CUS109961,110900,0.87,0.099,17
CUS109962,108100,0.838,0.073,21
CUS109963,46100,0.9,0.316,16
CUS109964,60800,1.0,0.2,21
CUS109965,63100,1.0,0.103,18
CUS109966,74400,0.93,0.15,22
CUS109967,59900,0.92,0.031,25
CUS109968,81900,0.842,0.006,24
CUS109969,105500,1.0,0.099,16
CUS109970,71400,0.775,0.012,23
CUS109971,107800,0.851,0.094,18
CUS109972,85900,0.88,0.161,21
CUS109973,31300,0.9,0.242,22
CUS109974,62700,0.933,0.047,19
CUS109975,123300,0.851,0.014,24
CUS109976,54500,0.845,0.186,19
CUS109977,56400,0.905,0.137,22
CUS109978,140100,0.981,0.186,18
CUS109979,95800,0.952,0.012,24
CUS109980,160400,0.822,0.073,26
CUS109981,71700,0.956,0.423,22
CUS109982,161100,0.989,0.123,14
CUS109983,51900,0.9,0.178,18
CUS109984,31000,0.902,0.053,24
CUS109985,111700,0.888,0.062,14
CUS109986,106900,0.932,0.075,22
CUS109987,114800,0.898,0.12,14
CUS109988,78200,0.931,0.207,11
CUS109989,151500,0.914,0.075,21
CUS109990,130300,0.924,0.179,15
CUS109991,124600,0.923,0.011,10
CUS109992,78900,0.802,0.012,15
CUS109993,47300,0.821,0.24,20
CUS109994,88400,0.964,0.135,14
CUS109995,111800,0.991,0.229,14
CUS109996,231900,0.891,0.032,19
CUS109997,100600,0.963,0.034,23
CUS109998,57000,0.84,0.072,17
CUS109999,106000,0.869,0.053,24
